time(s),cycle,voltage(V),current(A),j_current(mA/cm²),power(mW),power_density(mW/cm²),method
1.1716640999075025,0,0.7,-0.01628217,-3.2564339999999996,11.397518999999999,2.2795037999999996,fixed
1.188682199921459,0,0.7,-0.01645285,-3.29057,11.516995,2.303399,fixed
1.2000863999128342,0,0.7,-0.01620169,-3.2403380000000004,11.341183,2.2682366000000003,fixed
1.2117559999460354,0,0.7,-0.01587522,-3.1750439999999998,11.112653999999997,2.2225307999999995,fixed
1.2231206999858841,0,0.7,-0.01594786,-3.189572,11.163502000000001,2.2327003999999997,fixed
1.2344844000181183,0,0.7,-0.01651789,-3.3035780000000003,11.562523,2.3125046,fixed
1.2458276000106707,0,0.7,-0.01674004,-3.348008,11.718028,2.3436056,fixed
1.2572146999882534,0,0.7,-0.01665027,-3.3300539999999996,11.655188999999998,2.3310377999999994,fixed
1.2686190999811515,0,0.7,-0.01646417,-3.292834,11.524919,2.3049838,fixed
1.280059100012295,0,0.7,-0.01621464,-3.242928,11.350247999999999,2.2700495999999997,fixed
1.2914994999300689,0,0.7,-0.01593336,-3.186672,11.153352,2.2306704,fixed
1.3029798999195918,0,0.7,-0.01587777,-3.175554,11.114438999999999,2.2228877999999996,fixed
1.3143863999284804,0,0.7,-0.01646759,-3.293518,11.527313,2.3054626,fixed
1.3257679999805987,0,0.7,-0.0167327,-3.34654,11.712889999999998,2.342578,fixed
1.3372109999181703,0,0.7,-0.01665091,-3.3301819999999998,11.655637,2.3311273999999997,fixed
1.3487021999899298,0,0.7,-0.01646214,-3.292428,11.523498,2.3046995999999997,fixed
1.3602454999927431,0,0.7,-0.01619685,-3.2393699999999996,11.337794999999998,2.2675589999999994,fixed
1.3720093999290839,0,0.7,-0.01589453,-3.178906,11.126171,2.2252342,fixed
1.3838113999227062,0,0.7,-0.01613289,-3.226578,11.293023,2.2586046,fixed
1.3957257999572903,0,0.7,-0.01671149,-3.3422979999999995,11.698042999999998,2.3396085999999996,fixed
1.407664299942553,0,0.7,-0.0166518,-3.33036,11.65626,2.331252,fixed
1.4195505999960005,0,0.7,-0.01636562,-3.273124,11.455934,2.2911867999999997,fixed
1.4317346999887377,0,0.7,-0.01597126,-3.194252,11.179882000000001,2.2359763999999998,fixed
1.4436215999303386,0,0.7,-0.01602118,-3.2042360000000003,11.214825999999999,2.2429652,fixed
1.4555019999388605,0,0.7,-0.01668653,-3.3373060000000003,11.680571,2.3361142,fixed
1.4681228999979794,0,0.7,-0.01667487,-3.3349740000000003,11.672409,2.3344818000000003,fixed
1.480055599939078,0,0.7,-0.01627845,-3.25569,11.394915,2.2789829999999998,fixed
1.4920908999629319,0,0.7,-0.0159115,-3.1822999999999997,11.138049999999998,2.2276099999999994,fixed
1.504149799933657,0,0.7,-0.01619045,-3.2380899999999997,11.333314999999999,2.2666629999999994,fixed
1.5161206999327987,0,0.7,-0.01673312,-3.346624,11.713184,2.3426367999999997,fixed
1.5281221999321133,0,0.7,-0.01660858,-3.321716,11.626006,2.3252012,fixed
1.5400126000167802,0,0.7,-0.01627867,-3.2557339999999995,11.395069,2.2790137999999995,fixed
1.5518628999125212,0,0.7,-0.01592915,-3.18583,11.150405,2.2300809999999998,fixed
1.5638312000082806,0,0.7,-0.01607701,-3.2154019999999996,11.253906999999998,2.2507813999999997,fixed
1.5756537999259308,0,0.7,-0.01670673,-3.341346,11.694710999999998,2.3389422,fixed
1.5876129999523982,0,0.7,-0.01667022,-3.334044,11.669153999999999,2.3338308,fixed
1.5995030999183655,0,0.7,-0.01637699,-3.275398,11.463892999999999,2.2927785999999997,fixed
1.611391399987042,0,0.7,-0.01602391,-3.2047819999999994,11.216736999999998,2.2433473999999993,fixed
1.6235227999277413,0,0.7,-0.01592696,-3.1853920000000002,11.148871999999999,2.2297744,fixed
1.6353933999780566,0,0.7,-0.01665545,-3.3310899999999997,11.658814999999997,2.3317629999999996,fixed
1.6473563999170437,0,0.7,-0.01669633,-3.339266,11.687430999999998,2.3374862,fixed
1.6590484000043944,0,0.7,-0.01644295,-3.28859,11.510064999999999,2.302013,fixed
1.6709814999485388,0,0.7,-0.01611718,-3.2234359999999995,11.282025999999998,2.2564051999999997,fixed
1.682743199984543,0,0.7,-0.01581097,-3.1621940000000004,11.067679,2.2135358000000003,fixed
1.6944808999542147,0,0.7,-0.01637613,-3.275226,11.463290999999998,2.2926582,fixed
1.7062521999469027,0,0.7,-0.01673847,-3.3476939999999997,11.716928999999997,2.3433857999999996,fixed
1.7180527999298647,0,0.7,-0.01661275,-3.3225499999999997,11.628924999999999,2.3257849999999998,fixed
1.7298117999453098,0,0.7,-0.01633019,-3.2660380000000004,11.431132999999999,2.2862266,fixed
1.7418675000080839,0,0.7,-0.01599221,-3.198442,11.194547,2.2389094,fixed
1.7536273999139667,0,0.7,-0.01598471,-3.196942,11.189297,2.2378593999999996,fixed
1.7653469999786466,0,0.7,-0.01662777,-3.3255540000000003,11.639439,2.3278878,fixed
1.7771010999567807,0,0.7,-0.0166995,-3.3399,11.689649999999999,2.33793,fixed
1.7889906999189407,0,0.7,-0.0164814,-3.2962800000000003,11.536979999999998,2.3073960000000002,fixed
1.8006932999705896,0,0.7,-0.01615649,-3.231298,11.309542999999998,2.2619085999999995,fixed
1.812624300015159,0,0.7,-0.01581654,-3.163308,11.071578,2.2143155999999995,fixed
1.824725899961777,0,0.7,-0.01639765,-3.27953,11.478354999999999,2.2956709999999996,fixed
1.8366814999608323,0,0.7,-0.01673293,-3.346586,11.713050999999998,2.3426101999999998,fixed
1.8484852999681607,0,0.7,-0.01654627,-3.309254,11.582389,2.3164778,fixed
1.8600409999489784,0,0.7,-0.01626618,-3.2532360000000002,11.386326,2.2772652,fixed
1.8717198999365792,0,0.7,-0.01593368,-3.186736,11.153575999999997,2.2307151999999997,fixed
1.883180300006643,0,0.7,-0.01589596,-3.179192,11.127172,2.2254343999999997,fixed
1.8946435999823734,0,0.7,-0.0164779,-3.29558,11.53453,2.306906,fixed
1.9063013999257237,0,0.7,-0.01673574,-3.347148,11.715017999999999,2.3430036,fixed
1.917997399927117,0,0.7,-0.0166173,-3.32346,11.63211,2.3264219999999995,fixed
1.9297134999651462,0,0.7,-0.01635758,-3.2715159999999996,11.450306,2.2900612,fixed
1.941283299936913,0,0.7,-0.01602087,-3.2041739999999996,11.214609,2.2429217999999995,fixed
1.952953499974683,0,0.7,-0.01581921,-3.163842,11.073447,2.2146893999999997,fixed
1.9646323999622837,0,0.7,-0.01639461,-3.278922,11.476227,2.2952453999999998,fixed
1.9759713999228552,0,0.7,-0.01673168,-3.3463359999999995,11.712175999999998,2.3424351999999997,fixed
1.987522799987346,0,0.7,-0.01667026,-3.334052,11.669182,2.3338363999999996,fixed
1.9991204999387264,0,0.7,-0.0164355,-3.2870999999999997,11.50485,2.3009699999999995,fixed
2.0108868000097573,0,0.7,-0.01613503,-3.2270060000000003,11.294521,2.2589042,fixed
2.0248422999866307,1,0.75,-0.01609869,-3.2197379999999995,12.074017499999998,2.4148034999999997,fixed
2.036742699914612,1,0.75,-0.01637805,-3.2756100000000004,12.2835375,2.4567075000000003,fixed
2.0486911999760196,1,0.75,-0.01619458,-3.2389159999999997,12.145935,2.4291869999999998,fixed
2.060549599933438,1,0.75,-0.01585829,-3.171658,11.893717500000001,2.3787434999999997,fixed
2.0723737999796867,1,0.75,-0.01550257,-3.100514,11.6269275,2.3253855,fixed
2.0841705999337137,1,0.75,-0.01581462,-3.1629240000000003,11.860965,2.372193,fixed
2.0960947999265045,1,0.75,-0.01636863,-3.273726,12.2764725,2.4552945,fixed
2.1081696999026462,1,0.75,-0.01627551,-3.255102,12.2066325,2.4413264999999997,fixed
2.120027899974957,1,0.75,-0.01596055,-3.19211,11.9704125,2.3940825,fixed
2.1319400999927893,1,0.75,-0.01561317,-3.122634,11.709877500000001,2.3419755,fixed
2.143990899901837,1,0.75,-0.01563756,-3.127512,11.72817,2.345634,fixed
2.1559162999037653,1,0.75,-0.01635131,-3.2702620000000002,12.2634825,2.4526965,fixed
2.1676920999307185,1,0.75,-0.01631535,-3.26307,12.2365125,2.4473025,fixed
2.1793651999905705,1,0.75,-0.01607979,-3.2159579999999997,12.0598425,2.4119684999999995,fixed
2.191133299958892,1,0.75,-0.01574115,-3.14823,11.8058625,2.3611725,fixed
2.2026117999339476,1,0.75,-0.01546426,-3.092852,11.598195,2.319639,fixed
2.214200499933213,1,0.75,-0.01583751,-3.167502,11.8781325,2.3756265,fixed
2.2257357999915257,1,0.75,-0.01634314,-3.2686279999999996,12.257354999999999,2.4514709999999997,fixed
2.2372881999472156,1,0.75,-0.01634326,-3.2686519999999994,12.257444999999999,2.4514889999999996,fixed
2.249004799989052,1,0.75,-0.01614124,-3.228248,12.10593,2.4211859999999996,fixed
2.2605208999011666,1,0.75,-0.0158464,-3.16928,11.8848,2.37696,fixed
2.272228299989365,1,0.75,-0.01554908,-3.109816,11.66181,2.332362,fixed
2.2838521999074146,1,0.75,-0.01566028,-3.1320559999999995,11.745209999999998,2.349042,fixed
2.2953774000052363,1,0.75,-0.0162864,-3.25728,12.2148,2.4429600000000002,fixed
2.306906299898401,1,0.75,-0.01637362,-3.274724,12.280214999999998,2.456043,fixed
2.3184269999619573,1,0.75,-0.01621108,-3.242216,12.158309999999998,2.431662,fixed
2.330092699965462,1,0.75,-0.01595924,-3.191848,11.96943,2.3938859999999997,fixed
2.3415541999274865,1,0.75,-0.0156589,-3.13178,11.744174999999998,2.3488350000000002,fixed
2.3531683000037447,1,0.75,-0.01548875,-3.0977500000000004,11.6165625,2.3233125,fixed
2.3646509998943657,1,0.75,-0.01607629,-3.215258,12.0572175,2.4114435,fixed
2.3761977999238297,1,0.75,-0.01638427,-3.276854,12.288202499999999,2.4576405,fixed
2.3879108999390155,1,0.75,-0.01630186,-3.2603720000000003,12.226395,2.445279,fixed
2.39959349995479,1,0.75,-0.01603553,-3.2071059999999996,12.0266475,2.4053294999999997,fixed
2.411354699986987,1,0.75,-0.01574582,-3.149164,11.809365,2.361873,fixed
2.4230118999257684,1,0.75,-0.015466,-3.0932000000000004,11.5995,2.3199000000000005,fixed
2.434745999984443,1,0.75,-0.0160153,-3.20306,12.011475,2.4022949999999996,fixed
2.4464139000047,1,0.75,-0.01639026,-3.278052,12.292695,2.458539,fixed
2.4580922999884933,1,0.75,-0.01627662,-3.2553239999999994,12.207465,2.4414929999999995,fixed
2.4697824999457225,1,0.75,-0.0160271,-3.2054199999999993,12.020324999999998,2.4040649999999992,fixed
2.4815493999049067,1,0.75,-0.01571451,-3.1429020000000003,11.785882500000001,2.3571765000000005,fixed
2.4933578999480233,1,0.75,-0.01549391,-3.098782,11.6204325,2.3240865,fixed
2.5052251999732107,1,0.75,-0.01619956,-3.2399119999999995,12.149669999999999,2.4299339999999994,fixed
2.5174860999686643,1,0.75,-0.01637828,-3.275656,12.28371,2.456742,fixed
2.5294613000005484,1,0.75,-0.01609997,-3.2199940000000007,12.074977500000001,2.4149955000000007,fixed
2.5413473999360576,1,0.75,-0.01575163,-3.1503259999999997,11.813722499999999,2.3627445,fixed
2.5532514000078663,1,0.75,-0.01548323,-3.0966460000000002,11.612422500000001,2.3224845000000003,fixed
2.565078599960543,1,0.75,-0.01614274,-3.228548,12.107054999999999,2.421411,fixed
2.57686949998606,1,0.75,-0.01638174,-3.2763479999999996,12.286304999999999,2.457261,fixed
2.5886252999771386,1,0.75,-0.01620996,-3.2419919999999998,12.15747,2.431494,fixed
2.6005622999509797,1,0.75,-0.0159132,-3.1826399999999997,11.934899999999999,2.38698,fixed
2.612377999932505,1,0.75,-0.01553759,-3.107518,11.6531925,2.3306385,fixed
2.6243420999962837,1,0.75,-0.0157486,-3.1497200000000003,11.81145,2.3622900000000002,fixed
2.6361359999282286,1,0.75,-0.01636479,-3.272958,12.2735925,2.4547185000000002,fixed
2.647988499957137,1,0.75,-0.01630437,-3.260874,12.228277499999999,2.4456555,fixed
2.6597559999208897,1,0.75,-0.01603484,-3.2069680000000007,12.026130000000002,2.4052260000000008,fixed
2.67183769994881,1,0.75,-0.01566614,-3.133228,11.749604999999999,2.349921,fixed
2.683725099894218,1,0.75,-0.01554709,-3.109418,11.6603175,2.3320635,fixed
2.695583499968052,1,0.75,-0.0162682,-3.25364,12.20115,2.4402299999999997,fixed
2.707359299995005,1,0.75,-0.01636665,-3.27333,12.274987500000002,2.4549975,fixed
2.7198718999279663,1,0.75,-0.01612506,-3.2250120000000004,12.093795,2.4187590000000005,fixed
2.7318797999760136,1,0.75,-0.01564896,-3.129792,11.736719999999998,2.347344,fixed
2.7437315999995917,1,0.75,-0.01555623,-3.1112460000000004,11.6671725,2.3334345,fixed
2.755569199915044,1,0.75,-0.0162574,-3.25148,12.193050000000001,2.4386099999999997,fixed
2.7675923999631777,1,0.75,-0.01636049,-3.2720979999999997,12.270367499999999,2.4540735,fixed
2.779573699925095,1,0.75,-0.01609072,-3.218144,12.068039999999998,2.413608,fixed
2.7914273999631405,1,0.75,-0.01574186,-3.1483719999999997,11.806395,2.3612789999999997,fixed
2.803318899939768,1,0.75,-0.01546366,-3.0927320000000003,11.597745,2.3195490000000003,fixed
2.815169799956493,1,0.75,-0.01613293,-3.226586,12.0996975,2.4199395,fixed
2.827001699944958,1,0.75,-0.01638449,-3.2768980000000005,12.288367500000001,2.4576735000000003,fixed
2.838801799924113,1,0.75,-0.01621569,-3.2431380000000005,12.1617675,2.4323535000000005,fixed
2.850604699924588,1,0.75,-0.0159165,-3.1833,11.937375,2.3874750000000002,fixed
2.862350899958983,1,0.75,-0.01555074,-3.110148,11.663055,2.332611,fixed
2.8741238999646157,1,0.75,-0.01563679,-3.127358,11.727592500000002,2.3455185,fixed
2.885942399967462,1,0.75,-0.01630616,-3.2612319999999997,12.22962,2.4459239999999998,fixed
2.8976914999075234,1,0.75,-0.01633647,-3.2672939999999997,12.252352499999999,2.4504704999999998,fixed
2.90962920000311,1,0.75,-0.01609437,-3.2188740000000005,12.0707775,2.4141555000000006,fixed
2.9213103000074625,1,0.75,-0.0157659,-3.15318,11.824425,2.364885,fixed
2.9333085999824107,1,0.75,-0.01548013,-3.0960259999999997,11.6100975,2.3220194999999997,fixed
2.9450046999845654,1,0.75,-0.01607247,-3.2144939999999997,12.054352499999998,2.4108704999999997,fixed
2.9564872999908403,1,0.75,-0.01638062,-3.2761239999999994,12.285464999999999,2.4570929999999995,fixed
2.968110799905844,1,0.75,-0.01628787,-3.2575739999999995,12.2159025,2.4431804999999995,fixed
2.979667899897322,1,0.75,-0.01605461,-3.210922,12.040957500000001,2.4081915,fixed
2.9913707999512553,1,0.75,-0.01574379,-3.148758,11.8078425,2.3615684999999997,fixed
3.0029674998950213,1,0.75,-0.01544877,-3.089754,11.5865775,2.3173155000000003,fixed
3.0145846999948844,1,0.75,-0.01591831,-3.1836620000000004,11.9387325,2.3877465000000004,fixed
3.0263839999679476,1,0.75,-0.01636774,-3.2735479999999995,12.275804999999998,2.4551609999999995,fixed
3.0380289999302477,1,0.75,-0.01628579,-3.2571580000000004,12.2143425,2.4428685000000003,fixed
3.0496343999402598,1,0.75,-0.01605427,-3.210854,12.0407025,2.4081405,fixed
3.0614364999346435,1,0.75,-0.0157479,-3.14958,11.810925,2.3621849999999998,fixed
3.0729951999383047,1,0.75,-0.01545373,-3.090746,11.5902975,2.3180595000000004,fixed
3.0844933999469504,1,0.75,-0.01586537,-3.173074,11.899027499999999,2.3798055000000002,fixed
3.0961557999253273,1,0.75,-0.01634966,-3.269932,12.262244999999998,2.4524489999999997,fixed
3.1077320999465883,1,0.75,-0.01632412,-3.264824,12.243090000000002,2.4486179999999997,fixed
3.119480900000781,1,0.75,-0.01610436,-3.220872000000001,12.078270000000002,2.415654000000001,fixed
3.1311199999181554,1,0.75,-0.0158028,-3.16056,11.852099999999998,2.3704199999999997,fixed
3.142905499902554,1,0.75,-0.01546715,-3.09343,11.600362500000001,2.3200725,fixed
3.1545847998932004,1,0.75,-0.01586092,-3.172184,11.89569,2.379138,fixed
3.1661520999623463,1,0.75,-0.01635694,-3.2713880000000004,12.267705,2.4535410000000004,fixed
3.177812699927017,1,0.75,-0.01631494,-3.262988,12.236205,2.447241,fixed
3.1895003999816254,1,0.75,-0.01607502,-3.2150039999999995,12.056265,2.4112529999999994,fixed
3.2011228000046685,1,0.75,-0.01579505,-3.1590100000000003,11.8462875,2.3692575000000002,fixed
3.212747599929571,1,0.75,-0.01547078,-3.094156,11.603084999999998,2.320617,fixed
3.2243294999934733,1,0.75,-0.01576948,-3.153896,11.827109999999998,2.365422,fixed
3.236236899974756,1,0.75,-0.01636096,-3.2721920000000004,12.27072,2.4541440000000003,fixed
3.2478611998958513,1,0.75,-0.01632706,-3.265412,12.245295,2.449059,fixed
3.2593815999571234,1,0.75,-0.01609062,-3.2181240000000004,12.067965,2.4135930000000005,fixed
3.2710440999362618,1,0.75,-0.0158316,-3.1663200000000002,11.873700000000001,2.37474,fixed
3.2824891000054777,1,0.75,-0.01550669,-3.101338,11.6300175,2.3260035,fixed
3.293935199966654,1,0.75,-0.01561894,-3.1237880000000002,11.714205,2.342841,fixed
3.305629799957387,1,0.75,-0.01623267,-3.2465340000000005,12.1745025,2.4349005000000004,fixed
3.317177399992943,1,0.75,-0.01636229,-3.2724580000000003,12.271717500000001,2.4543435000000002,fixed
3.3287607999518514,1,0.75,-0.01619913,-3.239826,12.1493475,2.4298694999999997,fixed
3.3403185999486595,1,0.75,-0.01594424,-3.1888479999999997,11.958179999999999,2.3916359999999997,fixed
3.3519798999186605,1,0.75,-0.01563745,-3.1274900000000003,11.7280875,2.3456175000000004,fixed
3.363582499907352,1,0.75,-0.0154907,-3.09814,11.618025000000001,2.3236049999999997,fixed
3.3752543999580666,1,0.75,-0.01610928,-3.2218560000000003,12.081959999999999,2.416392,fixed
3.38676039990969,1,0.75,-0.01637834,-3.2756680000000005,12.283755000000001,2.4567510000000006,fixed
3.3982788999564946,1,0.75,-0.01626292,-3.252584,12.19719,2.439438,fixed
3.4098879999946803,1,0.75,-0.01603849,-3.2076979999999997,12.028867499999999,2.4057734999999996,fixed
3.421449799905531,1,0.75,-0.01572941,-3.145882,11.7970575,2.3594114999999998,fixed
3.4330791999818757,1,0.75,-0.01545764,-3.091528,11.59323,2.3186459999999998,fixed
3.444526999955997,1,0.75,-0.01586416,-3.1728319999999997,11.898119999999999,2.3796239999999997,fixed
3.45619810000062,1,0.75,-0.01632443,-3.2648859999999997,12.243322500000001,2.4486644999999996,fixed
3.46794709993992,1,0.75,-0.01633099,-3.266198,12.2482425,2.4496485000000003,fixed
3.4796330999815837,1,0.75,-0.01608578,-3.217156,12.064335,2.4128670000000003,fixed
3.4913553999504074,1,0.75,-0.0157821,-3.15642,11.836575,2.3673149999999996,fixed
3.503224499989301,1,0.75,-0.01546564,-3.0931279999999997,11.599229999999999,2.3198459999999996,fixed
3.5148968999274075,1,0.75,-0.01595354,-3.190708,11.965154999999998,2.3930309999999997,fixed
3.5270313998917118,1,0.75,-0.01636553,-3.273106,12.274147499999998,2.4548294999999998,fixed
3.538737899973057,1,0.75,-0.01620727,-3.2414539999999996,12.1554525,2.4310905,fixed
3.5506178999785334,1,0.75,-0.01595917,-3.1918340000000005,11.969377500000002,2.3938755000000005,fixed
3.5624087000032887,1,0.75,-0.0155883,-3.11766,11.691225,2.3382449999999997,fixed
3.5740274999989197,1,0.75,-0.01558857,-3.117714,11.6914275,2.3382855,fixed
3.585534999961965,1,0.75,-0.0162148,-3.24296,12.161100000000001,2.43222,fixed
3.5969602999975905,1,0.75,-0.0163663,-3.2732599999999996,12.274725,2.4549449999999995,fixed
3.608574499958195,1,0.75,-0.01625274,-3.2505480000000007,12.189555,2.4379110000000006,fixed
3.6201952999690548,1,0.75,-0.01600291,-3.200582,12.0021825,2.4004364999999996,fixed
3.631641099927947,1,0.75,-0.01570734,-3.141468,11.780505,2.3561010000000002,fixed
3.643083199975081,1,0.75,-0.01544996,-3.089992,11.587470000000001,2.317494,fixed
3.654603699920699,1,0.75,-0.01582077,-3.1641540000000004,11.865577500000002,2.3731155000000004,fixed
3.666159699903801,1,0.75,-0.01633199,-3.266398,12.2489925,2.4497985,fixed
3.677642499911599,1,0.75,-0.01633343,-3.266686,12.2500725,2.4500145,fixed
3.6891177999787033,1,0.75,-0.01616079,-3.2321580000000005,12.1205925,2.4241185000000005,fixed
3.700639999937266,1,0.75,-0.01591243,-3.1824860000000004,11.9343225,2.3868645,fixed
3.712332099908963,1,0.75,-0.01561907,-3.1238140000000003,11.7143025,2.3428605000000005,fixed
3.7239205999067053,1,0.75,-0.01553717,-3.107434,11.652877499999999,2.3305755,fixed
3.735536099993624,1,0.75,-0.01618044,-3.236088,12.13533,2.427066,fixed
3.747158099897206,1,0.75,-0.01637088,-3.2741759999999998,12.27816,2.4556319999999996,fixed
3.758684500004165,1,0.75,-0.01621765,-3.24353,12.1632375,2.4326475,fixed
3.77046079991851,1,0.75,-0.01597408,-3.1948160000000003,11.98056,2.3961120000000005,fixed
3.7821748999413103,1,0.75,-0.01563847,-3.1276940000000004,11.7288525,2.3457705000000004,fixed
3.7938913999823853,1,0.75,-0.01550402,-3.100804,11.628015,2.325603,fixed
3.8055200999369845,1,0.75,-0.01617405,-3.2348099999999995,12.1305375,2.4261074999999996,fixed
3.8170921999262646,1,0.75,-0.0163659,-3.27318,12.274424999999999,2.454885,fixed
3.8288092999719083,1,0.75,-0.01623443,-3.246886,12.1758225,2.4351645,fixed
3.8404073999263346,1,0.75,-0.01595703,-3.191406,11.9677725,2.3935545,fixed
3.8521271999925375,1,0.75,-0.01566627,-3.133254,11.7497025,2.3499404999999998,fixed
3.8636972999665886,1,0.75,-0.0154882,-3.09764,11.616150000000001,2.32323,fixed
3.8753118999302387,1,0.75,-0.01607184,-3.2143680000000003,12.05388,2.4107760000000003,fixed
3.8869954999536276,1,0.75,-0.01637229,-3.274458,12.279217500000001,2.4558435000000003,fixed
3.8985520999412984,1,0.75,-0.01624344,-3.248688,12.182580000000002,2.436516,fixed
3.9100384999765083,1,0.75,-0.0160218,-3.20436,12.01635,2.40327,fixed
3.9214459999930114,1,0.75,-0.01574761,-3.1495219999999997,11.8107075,2.3621415,fixed
3.9331032999325544,1,0.75,-0.01545367,-3.090734,11.590252499999998,2.3180505,fixed
3.9445704999379814,1,0.75,-0.01579191,-3.158382,11.8439325,2.3687865,fixed
3.9563097999198362,1,0.75,-0.01630184,-3.2603680000000006,12.226380000000002,2.4452760000000007,fixed
3.967936599976383,1,0.75,-0.01632301,-3.264602,12.2422575,2.4484515,fixed
3.979589800001122,1,0.75,-0.01611763,-3.2235260000000006,12.0882225,2.4176445000000006,fixed
3.9911794000072405,1,0.75,-0.0158171,-3.16342,11.862825,2.372565,fixed
4.002843499998562,1,0.75,-0.01551002,-3.102004,11.632515,2.3265029999999998,fixed
4.014666799921542,1,0.75,-0.01570296,-3.140592,11.777219999999998,2.355444,fixed
4.029598900000565,2,0.8,-0.01556666,-3.1133319999999998,12.453327999999999,2.4906656,fixed
4.041895899921656,2,0.8,-0.01516414,-3.032828,12.131312,2.4262624,fixed
4.0538410999579355,2,0.8,-0.01488448,-2.976896,11.907584,2.3815168,fixed
4.065643399953842,2,0.8,-0.01558595,-3.11719,12.468760000000001,2.493752,fixed
4.077306199935265,2,0.8,-0.01578022,-3.1560440000000005,12.624176,2.5248352000000005,fixed
4.089190499973483,2,0.8,-0.01560964,-3.1219279999999996,12.487712,2.4975424,fixed
4.1009061998920515,2,0.8,-0.01531237,-3.0624740000000004,12.249896000000001,2.4499792000000005,fixed
4.112565399962477,2,0.8,-0.01498897,-2.997794,11.991176000000001,2.3982352,fixed
4.124230599962175,2,0.8,-0.01499247,-2.998494,11.993976000000002,2.3987952,fixed
4.135818399954587,2,0.8,-0.01562103,-3.124206,12.496824,2.4993648000000004,fixed
4.147589699947275,2,0.8,-0.01577534,-3.1550679999999995,12.620272,2.5240544,fixed
4.159230699995533,2,0.8,-0.01558317,-3.1166340000000003,12.466536,2.4933072000000003,fixed
4.170990699902177,2,0.8,-0.01529871,-3.059742,12.238968000000002,2.4477936000000002,fixed
4.18272189993877,2,0.8,-0.01498443,-2.996886,11.987544000000002,2.3975088,fixed
4.194378099986352,2,0.8,-0.01504195,-3.00839,12.03356,2.406712,fixed
4.205946799949743,2,0.8,-0.01565016,-3.130032,12.520128,2.5040256000000003,fixed
4.2174733999418095,2,0.8,-0.01576839,-3.153678,12.614712,2.5229424000000003,fixed
4.22905829991214,2,0.8,-0.01560771,-3.1215420000000003,12.486168000000001,2.4972336000000004,fixed
4.240598200005479,2,0.8,-0.01534765,-3.06953,12.27812,2.4556240000000003,fixed
4.252067499910481,2,0.8,-0.01507161,-3.014322,12.057288,2.4114576000000003,fixed
4.2635279999813065,2,0.8,-0.01487324,-2.9746479999999997,11.898591999999999,2.3797184,fixed
4.275000499910675,2,0.8,-0.01532666,-3.065332,12.261328000000002,2.4522656000000005,fixed
4.286665199906565,2,0.8,-0.01575157,-3.150314,12.601256,2.5202512,fixed
4.298120399937034,2,0.8,-0.01571848,-3.143696,12.574784000000001,2.5149568,fixed
4.309821599978022,2,0.8,-0.01551402,-3.102804,12.411216000000001,2.4822432,fixed
4.321443399996497,2,0.8,-0.01520777,-3.041554,12.166216,2.4332432,fixed
4.332819699891843,2,0.8,-0.01491301,-2.9826020000000004,11.930408000000002,2.3860816000000002,fixed
4.344425499904901,2,0.8,-0.01502344,-3.0046880000000002,12.018752000000001,2.4037504000000003,fixed
4.356063099927269,2,0.8,-0.01564445,-3.12889,12.515560000000002,2.5031120000000002,fixed
4.36792579991743,2,0.8,-0.01576118,-3.152236,12.608944000000001,2.5217888,fixed
4.379746499937028,2,0.8,-0.0155374,-3.10748,12.429920000000001,2.485984,fixed
4.3916149999713525,2,0.8,-0.01522031,-3.0440620000000003,12.176248000000001,2.4352496000000006,fixed
4.40338419994805,2,0.8,-0.01487932,-2.975864,11.903456,2.3806912000000002,fixed
4.41515289992094,2,0.8,-0.01526956,-3.053912,12.215648000000002,2.4431296000000002,fixed
4.427097499952652,2,0.8,-0.01576413,-3.152826,12.611304000000002,2.5222608,fixed
4.439241399988532,2,0.8,-0.0156447,-3.12894,12.51576,2.503152,fixed
4.451118799974211,2,0.8,-0.01531562,-3.063124,12.252496,2.4504992000000003,fixed
4.462819099891931,2,0.8,-0.0149727,-2.9945399999999998,11.97816,2.395632,fixed
4.4745323999086395,2,0.8,-0.01502172,-3.004344,12.017376000000002,2.4034752000000004,fixed
4.486446799943224,2,0.8,-0.0156877,-3.13754,12.55016,2.5100320000000003,fixed
4.498208799981512,2,0.8,-0.01573431,-3.146862,12.587448000000002,2.5174896,fixed
4.510048399912193,2,0.8,-0.01551233,-3.102466,12.409863999999999,2.4819728000000003,fixed
4.521901799947955,2,0.8,-0.01518597,-3.037194,12.148776,2.4297552000000002,fixed
4.534033100004308,2,0.8,-0.01487655,-2.97531,11.90124,2.380248,fixed
4.5468478999100626,2,0.8,-0.01574815,-3.1496299999999997,12.59852,2.519704,fixed
4.558632200001739,2,0.8,-0.01569379,-3.138758,12.555032,2.5110064000000003,fixed
4.570600499981083,2,0.8,-0.01542925,-3.0858499999999998,12.3434,2.46868,fixed
4.582508699968457,2,0.8,-0.01508196,-3.016392,12.065568,2.4131136000000004,fixed
4.594664999982342,2,0.8,-0.01509383,-3.0187660000000003,12.075064000000001,2.4150128000000004,fixed
4.606201499933377,2,0.8,-0.01567543,-3.1350860000000003,12.540344000000001,2.5080688,fixed
4.617809799965471,2,0.8,-0.01575196,-3.1503919999999996,12.601568,2.5203135999999997,fixed
4.6294530999148265,2,0.8,-0.01557782,-3.115564,12.462256,2.4924512,fixed
4.641108799958602,2,0.8,-0.01528301,-3.056602,12.226408000000001,2.4452816,fixed
4.652705899905413,2,0.8,-0.01497886,-2.995772,11.983088,2.3966176000000003,fixed
4.664291299995966,2,0.8,-0.01497309,-2.994618,11.978472,2.3956944,fixed
4.6758761999662966,2,0.8,-0.01559649,-3.1192979999999997,12.477192,2.4954384,fixed
4.687481999979354,2,0.8,-0.01576942,-3.1538839999999997,12.615536,2.5231072,fixed
4.6991714999312535,2,0.8,-0.01562179,-3.124358,12.497432000000002,2.4994864000000003,fixed
4.710734899970703,2,0.8,-0.01535986,-3.0719719999999997,12.287888,2.4575776,fixed
4.7224696999182925,2,0.8,-0.01505427,-3.0108539999999997,12.043416,2.4086832,fixed
4.734177099890076,2,0.8,-0.01490807,-2.981614,11.926456000000002,2.3852912,fixed
4.745817399933003,2,0.8,-0.01553472,-3.106944,12.427776000000001,2.4855552000000003,fixed
4.757189699914306,2,0.8,-0.01576914,-3.153828,12.615312000000001,2.5230624,fixed
4.7686072998913005,2,0.8,-0.01567253,-3.134506,12.538024000000002,2.5076048,fixed
4.780309299938381,2,0.8,-0.01545293,-3.090586,12.362344,2.4724688,fixed
4.791839999961667,2,0.8,-0.01516482,-3.032964,12.131856,2.4263712,fixed
4.803489499958232,2,0.8,-0.01486471,-2.972942,11.891768,2.3783536,fixed
4.8149406999582425,2,0.8,-0.01523937,-3.047874,12.191496,2.4382992000000003,fixed
4.826627899892628,2,0.8,-0.01571586,-3.1431720000000003,12.572688000000001,2.5145376000000006,fixed
4.838148099952377,2,0.8,-0.0157271,-3.14542,12.581680000000002,2.5163360000000004,fixed
4.849766799947247,2,0.8,-0.01553123,-3.106246,12.424984,2.4849968000000002,fixed
4.861355199944228,2,0.8,-0.01525786,-3.0515719999999997,12.206288,2.4412576,fixed
4.872872999985702,2,0.8,-0.01496362,-2.992724,11.970896000000002,2.3941792,fixed
4.884473599959165,2,0.8,-0.01497281,-2.9945619999999997,11.978248,2.3956496,fixed
4.895990299992263,2,0.8,-0.0156069,-3.12138,12.48552,2.497104,fixed
4.907654199982062,2,0.8,-0.01577118,-3.154236,12.616944,2.5233888,fixed
4.919334199978039,2,0.8,-0.015617,-3.1234,12.4936,2.4987200000000005,fixed
4.9309473999310285,2,0.8,-0.01533976,-3.0679519999999996,12.271808,2.4543616,fixed
4.942395499907434,2,0.8,-0.01505358,-3.010716,12.042864,2.4085728,fixed
4.953772499924526,2,0.8,-0.01486791,-2.973582,11.894328000000002,2.3788656,fixed
4.965473899967037,2,0.8,-0.01535523,-3.071046,12.284184,2.4568368,fixed
4.977164899930358,2,0.8,-0.01576692,-3.153384,12.613536000000002,2.5227072,fixed
4.9888602999271825,2,0.8,-0.01567848,-3.1356960000000003,12.542784000000001,2.5085568000000005,fixed
5.000261099892668,2,0.8,-0.01543459,-3.086918,12.347672000000001,2.4695344,fixed
5.011966199963354,2,0.8,-0.01517422,-3.034844,12.139376,2.4278752000000003,fixed
5.023412499926053,2,0.8,-0.0148632,-2.97264,11.89056,2.3781120000000002,fixed
5.034976499970071,2,0.8,-0.01512372,-3.024744,12.098976,2.4197952000000003,fixed
5.046656599966809,2,0.8,-0.01569338,-3.138676,12.554704,2.5109408,fixed
5.058141099987552,2,0.8,-0.01573488,-3.146976,12.587904,2.5175808,fixed
5.069614599924535,2,0.8,-0.01555664,-3.111328,12.445312,2.4890624,fixed
5.081271499977447,2,0.8,-0.01530298,-3.0605960000000003,12.242384000000001,2.4484768000000003,fixed
5.092855399940163,2,0.8,-0.01498757,-2.997514,11.990056000000001,2.3980112,fixed
5.104323899955489,2,0.8,-0.01493064,-2.986128,11.944512000000001,2.3889024,fixed
5.115835399948992,2,0.8,-0.01555746,-3.111492,12.445968000000002,2.4891936,fixed
5.127337399986573,2,0.8,-0.0157696,-3.1539200000000003,12.615680000000003,2.5231360000000005,fixed
5.138824599911459,2,0.8,-0.01566081,-3.132162,12.528648000000002,2.5057296000000004,fixed
5.150616699946113,2,0.8,-0.01543291,-3.086582,12.346328,2.4692656,fixed
5.162149899988435,2,0.8,-0.01512326,-3.024652,12.098608,2.4197216000000004,fixed
5.173831099993549,2,0.8,-0.01485047,-2.970094,11.880376,2.3760752000000003,fixed
5.185325299971737,2,0.8,-0.01534255,-3.06851,12.27404,2.454808,fixed
5.196872899890877,2,0.8,-0.01572999,-3.1459979999999996,12.583992,2.5167984,fixed
5.208498399937525,2,0.8,-0.01570936,-3.1418719999999998,12.567487999999999,2.5134976,fixed
5.219934399938211,2,0.8,-0.01549909,-3.099818,12.399272000000002,2.4798544000000002,fixed
5.231473699910566,2,0.8,-0.0152456,-3.04912,12.196480000000001,2.439296,fixed
5.24306779995095,2,0.8,-0.01496537,-2.993074,11.972296,2.3944592,fixed
5.254762299940921,2,0.8,-0.01500884,-3.001768,12.007072,2.4014144,fixed
5.266305899946019,2,0.8,-0.01564899,-3.129798,12.519192000000002,2.5038384000000002,fixed
5.277865699958056,2,0.8,-0.01575193,-3.150386,12.601544,2.5203088000000005,fixed
5.289333499968052,2,0.8,-0.01559712,-3.119424,12.477696000000002,2.4955392,fixed
5.300822699908167,2,0.8,-0.01536178,-3.072356,12.289424,2.4578848000000004,fixed
5.312319799908437,2,0.8,-0.01508535,-3.01707,12.068280000000001,2.413656,fixed
5.323946499964222,2,0.8,-0.01484882,-2.969764,11.879056,2.3758112000000002,fixed
5.335433999891393,2,0.8,-0.01536353,-3.072706,12.290824,2.4581648000000005,fixed
5.346945700002834,2,0.8,-0.01573995,-3.1479899999999996,12.591959999999998,2.518392,fixed
5.35854169994127,2,0.8,-0.01570862,-3.141724,12.566896000000002,2.5133792,fixed
5.370064099901356,2,0.8,-0.01550753,-3.101506,12.406024000000002,2.4812048000000004,fixed
5.381733499933034,2,0.8,-0.01523559,-3.047118,12.188472,2.4376944000000003,fixed
5.3934122999198735,2,0.8,-0.01491514,-2.983028,11.932112000000002,2.3864224000000003,fixed
5.405180599889718,2,0.8,-0.01512552,-3.025104,12.100416000000001,2.4200832,fixed
5.416956399916671,2,0.8,-0.01571953,-3.143906,12.575624000000001,2.5151248,fixed
5.42861959990114,2,0.8,-0.01572048,-3.144096,12.576384,2.5152768,fixed
5.4402174999704584,2,0.8,-0.0155017,-3.10034,12.40136,2.4802720000000003,fixed
5.452022399986163,2,0.8,-0.01522003,-3.0440060000000004,12.176024,2.4352048000000006,fixed
5.4637285999488086,2,0.8,-0.01487493,-2.974986,11.899944000000001,2.3799888,fixed
5.4754959999118,2,0.8,-0.01523875,-3.04775,12.191,2.4382,fixed
5.487155599985272,2,0.8,-0.01575362,-3.150724,12.602896000000001,2.5205792000000002,fixed
5.4987991999369115,2,0.8,-0.01569372,-3.138744,12.554976000000002,2.5109952,fixed
5.510410899994895,2,0.8,-0.01547297,-3.094594,12.378376000000001,2.4756752,fixed
5.52202999999281,2,0.8,-0.01518729,-3.037458,12.149832000000002,2.4299664,fixed
5.533806099905632,2,0.8,-0.01485993,-2.9719860000000002,11.887944000000001,2.3775888000000003,fixed
5.545571199967526,2,0.8,-0.01528753,-3.057506,12.230024,2.4460048000000003,fixed
5.55734499997925,2,0.8,-0.01574832,-3.149664,12.598656,2.5197312000000003,fixed
5.569260499905795,2,0.8,-0.01566086,-3.1321719999999997,12.528687999999999,2.5057376,fixed
5.581155199906789,2,0.8,-0.01537684,-3.075368,12.301472,2.4602944000000004,fixed
5.5928894999669865,2,0.8,-0.0150266,-3.00532,12.02128,2.404256,fixed
5.60479559993837,2,0.8,-0.01494963,-2.989926,11.959704000000002,2.3919408,fixed
5.616691299946979,2,0.8,-0.01565605,-3.1312100000000003,12.524840000000003,2.5049680000000003,fixed
5.62844109989237,2,0.8,-0.01573698,-3.147396,12.589584,2.5179168,fixed
5.640125499921851,2,0.8,-0.01552094,-3.104188,12.416752,2.4833504000000004,fixed
5.651937099988572,2,0.8,-0.01524125,-3.04825,12.193000000000001,2.4386,fixed
5.663715899921954,2,0.8,-0.0148749,-2.97498,11.899920000000002,2.379984,fixed
5.675368999945931,2,0.8,-0.0152127,-3.04254,12.17016,2.434032,fixed
5.687151399906725,2,0.8,-0.01572479,-3.144958,12.579832,2.5159664,fixed
5.69900159991812,2,0.8,-0.01570326,-3.140652,12.562608,2.5125216000000004,fixed
5.710794999962673,2,0.8,-0.01544663,-3.089326,12.357304,2.4714608,fixed
5.7224917999701574,2,0.8,-0.01513494,-3.0269880000000002,12.107952,2.4215904000000004,fixed
5.734229199937545,2,0.8,-0.01486522,-2.9730440000000002,11.892176000000001,2.3784352,fixed
5.74583409994375,2,0.8,-0.01542679,-3.085358,12.341432,2.4682864,fixed
5.757582799997181,2,0.8,-0.01576822,-3.153644,12.614576000000001,2.5229152,fixed
5.7695201999740675,2,0.8,-0.01566312,-3.132624,12.530496000000001,2.5060992,fixed
5.78109039994888,2,0.8,-0.01536346,-3.072692,12.290768,2.4581536,fixed
5.792793000000529,2,0.8,-0.01506423,-3.012846,12.051384,2.4102768,fixed
5.804509199922904,2,0.8,-0.01489743,-2.979486,11.917944,2.3835888,fixed
5.816312699927948,2,0.8,-0.01557852,-3.115704,12.462816000000002,2.4925632,fixed
5.828034000005573,2,0.8,-0.01577712,-3.1554239999999996,12.621696,2.5243392,fixed
5.839662899961695,2,0.8,-0.01560677,-3.121354,12.485416,2.4970832000000005,fixed
5.851507299928926,2,0.8,-0.01534046,-3.068092,12.272368,2.4544736,fixed
5.863404699950479,2,0.8,-0.01497316,-2.994632,11.978528,2.3957056000000003,fixed
5.875281299930066,2,0.8,-0.01508537,-3.017074,12.068296,2.4136592,fixed
5.887149399961345,2,0.8,-0.01573551,-3.1471020000000003,12.588408000000003,2.5176816000000004,fixed
5.898854699917138,2,0.8,-0.01570923,-3.141846,12.567384,2.5134768000000003,fixed
5.9106109999120235,2,0.8,-0.01549408,-3.0988160000000002,12.395264000000001,2.4790528000000003,fixed
5.922227100003511,2,0.8,-0.01518803,-3.037606,12.150424,2.4300848,fixed
5.933999000000767,2,0.8,-0.01487982,-2.9759640000000003,11.903856000000001,2.3807712000000003,fixed
5.94558749999851,2,0.8,-0.0153112,-3.06224,12.248960000000002,2.4497920000000004,fixed
5.957293599960394,2,0.8,-0.01576571,-3.153142,12.612568,2.5225136,fixed
5.968831299920566,2,0.8,-0.01571001,-3.142002,12.568008,2.5136016000000003,fixed
5.9803266999078915,2,0.8,-0.01550685,-3.10137,12.405480000000003,2.4810960000000004,fixed
5.991883599897847,2,0.8,-0.01525008,-3.050016,12.200064,2.4400128,fixed
6.003345899982378,2,0.8,-0.01495623,-2.991246,11.964984,2.3929968,fixed
6.015001499908976,2,0.8,-0.01502433,-3.0048660000000003,12.019464000000001,2.4038928000000004,fixed
6.02664499997627,2,0.8,-0.01563583,-3.127166,12.508664000000001,2.5017328,fixed
6.039768300019205,3,0.8500000000000001,-0.01461047,-2.9220940000000004,12.418899500000002,2.4837799000000005,fixed
6.051406999933533,3,0.8500000000000001,-0.01435558,-2.871116,12.202243000000001,2.4404486,fixed
6.062815799959935,3,0.8500000000000001,-0.01406209,-2.812418,11.952776500000002,2.3905553000000004,fixed
6.07440309994854,3,0.8500000000000001,-0.01390362,-2.780724,11.818077,2.3636154000000005,fixed
6.086049999925308,3,0.8500000000000001,-0.01446395,-2.89279,12.2943575,2.4588715000000003,fixed
6.0976501000113785,3,0.8500000000000001,-0.01477554,-2.955108,12.559209000000001,2.5118418000000005,fixed
6.10943720000796,3,0.8500000000000001,-0.01467239,-2.934478,12.471531500000003,2.4943063000000003,fixed
6.121200299938209,3,0.8500000000000001,-0.01440413,-2.880826,12.243510500000001,2.4487021,fixed
6.132970999926329,3,0.8500000000000001,-0.01407658,-2.815316,11.965093000000001,2.3930186000000004,fixed
6.144714999943972,3,0.8500000000000001,-0.01395172,-2.790344,11.858962000000002,2.3717924000000004,fixed
6.1564459999790415,3,0.8500000000000001,-0.01458593,-2.917186,12.398040500000002,2.4796081,fixed
6.168339199968614,3,0.8500000000000001,-0.01477222,-2.954444,12.556387000000003,2.5112774000000004,fixed
6.180120299919508,3,0.8500000000000001,-0.01456551,-2.913102,12.380683500000002,2.4761367,fixed
6.191903099999763,3,0.8500000000000001,-0.01427829,-2.855658,12.136546500000001,2.4273093,fixed
6.203646400012076,3,0.8500000000000001,-0.01393491,-2.786982,11.8446735,2.3689347000000005,fixed
6.215398599975742,3,0.8500000000000001,-0.01417356,-2.834712,12.047526000000001,2.4095052000000003,fixed
6.227252100012265,3,0.8500000000000001,-0.01474543,-2.9490860000000003,12.533615500000002,2.5067231000000003,fixed
6.239031699951738,3,0.8500000000000001,-0.01471379,-2.942758,12.5067215,2.5013443000000004,fixed
6.250651799957268,3,0.8500000000000001,-0.01447549,-2.895098,12.304166500000001,2.4608333,fixed
6.262262800009921,3,0.8500000000000001,-0.01419333,-2.8386660000000004,12.0643305,2.4128661000000005,fixed
6.273895899998024,3,0.8500000000000001,-0.01390701,-2.781402,11.820958500000001,2.3641917,fixed
6.285439800005406,3,0.8500000000000001,-0.01423877,-2.8477539999999997,12.102954500000001,2.4205909,fixed
6.296984400018118,3,0.8500000000000001,-0.01472623,-2.945246,12.517295500000001,2.5034591,fixed
6.308634999906644,3,0.8500000000000001,-0.01475694,-2.951388,12.543399,2.5086798000000003,fixed
6.320071299909614,3,0.8500000000000001,-0.01455697,-2.9113940000000005,12.373424500000002,2.4746849000000006,fixed
6.331705400021747,3,0.8500000000000001,-0.01432612,-2.865224,12.177202000000001,2.4354404,fixed
6.343211299972609,3,0.8500000000000001,-0.01401877,-2.803754,11.915954500000002,2.3831909000000002,fixed
6.354652700014412,3,0.8500000000000001,-0.01396295,-2.7925899999999997,11.868507500000002,2.3737015,fixed
6.366043300018646,3,0.8500000000000001,-0.01451176,-2.902352,12.334996,2.4669992000000005,fixed
6.377551999990828,3,0.8500000000000001,-0.01476235,-2.95247,12.547997500000001,2.5095995,fixed
6.389027399942279,3,0.8500000000000001,-0.01470684,-2.9413679999999998,12.500814000000002,2.5001628,fixed
6.400629099924117,3,0.8500000000000001,-0.0144945,-2.8989000000000003,12.320325000000002,2.4640650000000006,fixed
6.412175399949774,3,0.8500000000000001,-0.01422613,-2.845226,12.0922105,2.4184421,fixed
6.4240491999080405,3,0.8500000000000001,-0.01390509,-2.781018,11.8193265,2.3638653,fixed
6.436127799912356,3,0.8500000000000001,-0.01439496,-2.8789919999999998,12.235716,2.4471432,fixed
6.448227799963206,3,0.8500000000000001,-0.01478346,-2.956692,12.565941,2.5131882,fixed
6.460861200001091,3,0.8500000000000001,-0.01450662,-2.901324,12.330627,2.4661254,fixed
6.472711500013247,3,0.8500000000000001,-0.01417962,-2.835924,12.052677000000001,2.4105354,fixed
6.484671099926345,3,0.8500000000000001,-0.01391089,-2.782178,11.8242565,2.3648513,fixed
6.496768099954352,3,0.8500000000000001,-0.01458192,-2.916384,12.394632000000001,2.4789264,fixed
6.508899700012989,3,0.8500000000000001,-0.01475569,-2.951138,12.542336500000001,2.5084673,fixed
6.520940799964592,3,0.8500000000000001,-0.01448584,-2.8971679999999997,12.312964000000001,2.4625928,fixed
6.532799099921249,3,0.8500000000000001,-0.01414984,-2.829968,12.027364000000002,2.4054728,fixed
6.54439649998676,3,0.8500000000000001,-0.01389915,-2.77983,11.814277500000001,2.3628555,fixed
6.556084599927999,3,0.8500000000000001,-0.01440359,-2.8807180000000003,12.243051500000004,2.4486103000000004,fixed
6.567635399987921,3,0.8500000000000001,-0.01477921,-2.9558419999999996,12.562328500000001,2.5124657,fixed
6.579171199933626,3,0.8500000000000001,-0.01469903,-2.939806,12.4941755,2.4988351,fixed
6.590658799977973,3,0.8500000000000001,-0.01448601,-2.897202,12.313108500000002,2.4626217,fixed
6.602264299988747,3,0.8500000000000001,-0.0142273,-2.84546,12.093205000000001,2.4186410000000005,fixed
6.61380759999156,3,0.8500000000000001,-0.0139213,-2.7842599999999997,11.833105,2.366621,fixed
6.625467399950139,3,0.8500000000000001,-0.01411272,-2.822544,11.995812,2.3991624000000003,fixed
6.637088699964806,3,0.8500000000000001,-0.01470898,-2.941796,12.502633000000001,2.5005266,fixed
6.6487772999098524,3,0.8500000000000001,-0.01475043,-2.9500859999999998,12.537865500000002,2.5075731,fixed
6.66041829995811,3,0.8500000000000001,-0.01456225,-2.91245,12.3779125,2.4755825000000002,fixed
6.672001699917018,3,0.8500000000000001,-0.01426842,-2.8536840000000003,12.128157000000002,2.4256314000000003,fixed
6.683749099960551,3,0.8500000000000001,-0.01396168,-2.792336,11.867428,2.3734856000000004,fixed
6.695466200006194,3,0.8500000000000001,-0.01411861,-2.823722,12.000818500000001,2.4001637000000002,fixed
6.706982799922116,3,0.8500000000000001,-0.01470095,-2.9401900000000003,12.495807500000003,2.4991615000000005,fixed
6.7185401999158785,3,0.8500000000000001,-0.01476328,-2.952656,12.548788000000002,2.5097576000000004,fixed
6.730065200012177,3,0.8500000000000001,-0.01459983,-2.9199659999999996,12.4098555,2.4819711,fixed
6.74166790000163,3,0.8500000000000001,-0.01433935,-2.8678700000000004,12.1884475,2.4376895000000007,fixed
6.753288900014013,3,0.8500000000000001,-0.01403349,-2.806698,11.9284665,2.3856933000000002,fixed
6.764903899980709,3,0.8500000000000001,-0.01394539,-2.789078,11.853581500000002,2.3707163,fixed
6.776269499910995,3,0.8500000000000001,-0.0145455,-2.9090999999999996,12.363675,2.4727349999999997,fixed
6.78770230000373,3,0.8500000000000001,-0.01478488,-2.956976,12.567148000000001,2.5134296000000003,fixed
6.799238199950196,3,0.8500000000000001,-0.01469478,-2.938956,12.490563000000002,2.4981126000000002,fixed
6.8108211000217125,3,0.8500000000000001,-0.01449578,-2.899156,12.321413000000002,2.4642826,fixed
6.8225027999142185,3,0.8500000000000001,-0.01420584,-2.841168,12.074964000000003,2.4149928000000003,fixed
6.834263199940324,3,0.8500000000000001,-0.0138942,-2.77884,11.810070000000003,2.3620140000000003,fixed
6.846173799945973,3,0.8500000000000001,-0.01438756,-2.8775120000000003,12.229426000000002,2.4458852000000006,fixed
6.85806009999942,3,0.8500000000000001,-0.01478359,-2.9567179999999995,12.566051500000002,2.5132103,fixed
6.870048600016162,3,0.8500000000000001,-0.01463959,-2.9279179999999996,12.4436515,2.4887303,fixed
6.881898199906573,3,0.8500000000000001,-0.014319,-2.8638000000000003,12.171150000000003,2.4342300000000003,fixed
6.8936848000157624,3,0.8500000000000001,-0.01397788,-2.7955759999999996,11.881198000000001,2.3762396,fixed
6.905429799924605,3,0.8500000000000001,-0.014137,-2.8274,12.01645,2.40329,fixed
6.917049099924043,3,0.8500000000000001,-0.01467931,-2.9358619999999997,12.4774135,2.4954827,fixed
6.92855569999665,3,0.8500000000000001,-0.01475752,-2.951504,12.543892000000001,2.5087784,fixed
6.939991499995813,3,0.8500000000000001,-0.01460201,-2.920402,12.411708500000001,2.4823417000000005,fixed
6.95156199997291,3,0.8500000000000001,-0.0143543,-2.87086,12.201155000000002,2.4402310000000003,fixed
6.9631811999715865,3,0.8500000000000001,-0.01408879,-2.817758,11.975471500000001,2.3950943000000002,fixed
6.974796399939805,3,0.8500000000000001,-0.01391931,-2.783862,11.831413500000002,2.3662827,fixed
6.986235599964857,3,0.8500000000000001,-0.01448549,-2.897098,12.3126665,2.4625333000000005,fixed
6.9978857999667525,3,0.8500000000000001,-0.01477531,-2.955062,12.5590135,2.5118027,fixed
7.0095256000058725,3,0.8500000000000001,-0.01468673,-2.9373460000000002,12.483720500000002,2.4967441000000004,fixed
7.021124699967913,3,0.8500000000000001,-0.01444548,-2.889096,12.278658000000002,2.4557316,fixed
7.032770099933259,3,0.8500000000000001,-0.01415967,-2.8319339999999995,12.0357195,2.4071439,fixed
7.044283899944276,3,0.8500000000000001,-0.01388315,-2.77663,11.800677500000003,2.3601355,fixed
7.055894499993883,3,0.8500000000000001,-0.01426027,-2.852054,12.121229500000002,2.4242459000000003,fixed
7.067361099994741,3,0.8500000000000001,-0.01474119,-2.948238,12.5300115,2.5060023,fixed
7.079084899974987,3,0.8500000000000001,-0.01473225,-2.94645,12.522412500000002,2.5044825000000004,fixed
7.090615299995989,3,0.8500000000000001,-0.0145201,-2.90402,12.342085,2.468417,fixed
7.102148499921896,3,0.8500000000000001,-0.01425602,-2.851204,12.117617000000001,2.4235234,fixed
7.113844799925573,3,0.8500000000000001,-0.01396672,-2.7933440000000003,11.871712,2.3743424000000006,fixed
7.125410899985582,3,0.8500000000000001,-0.01409262,-2.818524,11.978727000000001,2.3957454000000005,fixed
7.1369178999448195,3,0.8500000000000001,-0.01467504,-2.9350080000000003,12.473784000000002,2.4947568000000007,fixed
7.148468300001696,3,0.8500000000000001,-0.014762,-2.9524,12.547700000000003,2.5095400000000003,fixed
7.160052699968219,3,0.8500000000000001,-0.01461813,-2.923626,12.425410500000002,2.4850821000000005,fixed
7.171749999979511,3,0.8500000000000001,-0.0143528,-2.8705600000000002,12.199880000000002,2.4399760000000006,fixed
7.183395199943334,3,0.8500000000000001,-0.01404864,-2.809728,11.941344,2.3882688,fixed
7.194874599925242,3,0.8500000000000001,-0.01394491,-2.788982,11.8531735,2.3706347,fixed
7.206422699964605,3,0.8500000000000001,-0.01450951,-2.901902,12.3330835,2.4666167000000003,fixed
7.217922999989241,3,0.8500000000000001,-0.01477078,-2.9541560000000002,12.555163,2.5110326000000005,fixed
7.229572799988091,3,0.8500000000000001,-0.01468716,-2.937432,12.484086,2.4968172,fixed
7.241266999975778,3,0.8500000000000001,-0.01442715,-2.88543,12.2630775,2.4526155000000003,fixed
7.252845700015314,3,0.8500000000000001,-0.01414613,-2.829226,12.024210500000002,2.4048421,fixed
7.26444449997507,3,0.8500000000000001,-0.01388142,-2.776284,11.799207000000001,2.3598414,fixed
7.276135899941437,3,0.8500000000000001,-0.01429242,-2.858484,12.148557,2.4297114,fixed
7.287719500018284,3,0.8500000000000001,-0.01476334,-2.952668,12.548839000000001,2.5097678,fixed
7.299244099995121,3,0.8500000000000001,-0.01470438,-2.940876,12.498723000000002,2.4997446,fixed
7.310753099969588,3,0.8500000000000001,-0.01450951,-2.901902,12.3330835,2.4666167000000003,fixed
7.322338399942964,3,0.8500000000000001,-0.01425045,-2.85009,12.112882500000001,2.4225765,fixed
7.3339818000094965,3,0.8500000000000001,-0.01393619,-2.787238,11.845761500000002,2.3691523,fixed
7.345425399951637,3,0.8500000000000001,-0.0140843,-2.8168599999999997,11.971655000000002,2.394331,fixed
7.357011299929582,3,0.8500000000000001,-0.01462547,-2.925094,12.4316495,2.4863299000000003,fixed
7.368864299962297,3,0.8500000000000001,-0.01474765,-2.94953,12.5355025,2.5071005000000004,fixed
7.380303199985065,3,0.8500000000000001,-0.0145745,-2.9149000000000003,12.388325000000002,2.4776650000000005,fixed
7.3919221999822184,3,0.8500000000000001,-0.0143158,-2.8631599999999997,12.16843,2.433686,fixed
7.4034023999702185,3,0.8500000000000001,-0.01403532,-2.807064,11.930022000000003,2.3860044000000005,fixed
7.414824499981478,3,0.8500000000000001,-0.01392212,-2.784424,11.833802,2.3667604000000004,fixed
7.426272899960168,3,0.8500000000000001,-0.01441751,-2.883502,12.2548835,2.4509767000000005,fixed
7.437792200013064,3,0.8500000000000001,-0.01475228,-2.950456,12.539438000000002,2.5078876,fixed
7.449314199970104,3,0.8500000000000001,-0.01470216,-2.9404320000000004,12.496836000000002,2.4993672000000005,fixed
7.460969100007787,3,0.8500000000000001,-0.01449166,-2.898332,12.317911,2.4635822000000003,fixed
7.472540299990214,3,0.8500000000000001,-0.01420398,-2.840796,12.073383000000002,2.4146766000000004,fixed
7.484209000016563,3,0.8500000000000001,-0.01388687,-2.777374,11.803839500000002,2.3607679000000004,fixed
7.495893499930389,3,0.8500000000000001,-0.0141898,-2.83796,12.061330000000002,2.4122660000000002,fixed
7.507586999912746,3,0.8500000000000001,-0.01472939,-2.945878,12.5199815,2.5039963000000003,fixed
7.519187800004147,3,0.8500000000000001,-0.01472281,-2.944562,12.5143885,2.5028777,fixed
7.530642499914393,3,0.8500000000000001,-0.01452736,-2.905472,12.348256000000001,2.4696512000000004,fixed
7.542152600013651,3,0.8500000000000001,-0.01426971,-2.853942,12.1292535,2.4258507000000002,fixed
7.553760299924761,3,0.8500000000000001,-0.01397311,-2.794622,11.8771435,2.3754287,fixed
7.565398399950936,3,0.8500000000000001,-0.01400277,-2.800554,11.9023545,2.3804709,fixed
7.577010600012727,3,0.8500000000000001,-0.01461355,-2.92271,12.421517500000002,2.4843035,fixed
7.588387599913403,3,0.8500000000000001,-0.01476183,-2.952366,12.547555500000001,2.5095111,fixed
7.599828399950638,3,0.8500000000000001,-0.01463571,-2.927142,12.4403535,2.4880707,fixed
7.611495299963281,3,0.8500000000000001,-0.01439129,-2.8782579999999998,12.2325965,2.4465193,fixed
7.623067899956368,3,0.8500000000000001,-0.01412583,-2.8251660000000003,12.006955500000002,2.4013911000000006,fixed
7.6347389000002295,3,0.8500000000000001,-0.0138775,-2.7755,11.795875,2.3591750000000005,fixed
7.646497200010344,3,0.8500000000000001,-0.01441285,-2.88257,12.250922500000001,2.4501845,fixed
7.658321399940178,3,0.8500000000000001,-0.01477078,-2.9541560000000002,12.555163,2.5110326000000005,fixed
7.67008640000131,3,0.8500000000000001,-0.01462118,-2.9242359999999996,12.428003,2.4856005999999997,fixed
7.682105300016701,3,0.8500000000000001,-0.01433995,-2.86799,12.188957500000003,2.4377915,fixed
7.694203899940476,3,0.8500000000000001,-0.01397589,-2.795178,11.879506500000002,2.3759013,fixed
7.706167399999686,3,0.8500000000000001,-0.01424144,-2.8482879999999997,12.105224000000002,2.4210448,fixed
7.718111299909651,3,0.8500000000000001,-0.01475841,-2.951682,12.544648500000001,2.5089297000000004,fixed
7.729949299944565,3,0.8500000000000001,-0.01465549,-2.931098,12.457166500000001,2.4914333,fixed
7.741723299957812,3,0.8500000000000001,-0.01437041,-2.874082,12.214848500000002,2.4429697000000004,fixed
7.753532300004736,3,0.8500000000000001,-0.01403423,-2.8068459999999997,11.9290955,2.3858191,fixed
7.7653715999331325,3,0.8500000000000001,-0.01397794,-2.795588,11.881249,2.3762498,fixed
7.777182599995285,3,0.8500000000000001,-0.01463443,-2.926886,12.439265500000001,2.4878531,fixed
7.789107399992645,3,0.8500000000000001,-0.01474479,-2.948958,12.533071500000002,2.5066143000000003,fixed
7.800859899958596,3,0.8500000000000001,-0.01453102,-2.906204,12.351367000000002,2.4702734,fixed
7.8126789999660105,3,0.8500000000000001,-0.01421705,-2.84341,12.084492500000001,2.4168985000000003,fixed
7.8246521999826655,3,0.8500000000000001,-0.01388455,-2.77691,11.801867500000002,2.3603735,fixed
7.836574099957943,3,0.8500000000000001,-0.01438124,-2.876248,12.224054000000002,2.4448108000000004,fixed
7.848666499950923,3,0.8500000000000001,-0.01476729,-2.9534580000000004,12.5521965,2.5104393000000007,fixed
7.860574499936774,3,0.8500000000000001,-0.01459157,-2.9183139999999996,12.4028345,2.4805669,fixed
7.872333199949935,3,0.8500000000000001,-0.0142794,-2.85588,12.137490000000001,2.4274980000000004,fixed
7.883867399999872,3,0.8500000000000001,-0.01395237,-2.790474,11.859514500000001,2.3719029000000003,fixed
7.895321699907072,3,0.8500000000000001,-0.01398719,-2.797438,11.8891115,2.3778223000000005,fixed
7.908062999951653,3,0.8500000000000001,-0.01457953,-2.915906,12.392600500000002,2.4785201000000003,fixed
7.919624199974351,3,0.8500000000000001,-0.01468839,-2.937678,12.485131500000001,2.4970263000000004,fixed
7.931185099994764,3,0.8500000000000001,-0.01446114,-2.8922280000000002,12.291969000000002,2.4583938000000005,fixed
7.942622000002302,3,0.8500000000000001,-0.01421037,-2.8420739999999998,12.078814500000002,2.4157629000000003,fixed
7.954301099991426,3,0.8500000000000001,-0.01391979,-2.7839579999999997,11.8318215,2.3663643,fixed
7.965854399953969,3,0.8500000000000001,-0.01411342,-2.8226839999999997,11.996407000000001,2.3992814,fixed
7.977258099941537,3,0.8500000000000001,-0.01467723,-2.9354459999999998,12.4756455,2.4951291,fixed
7.988729399978183,3,0.8500000000000001,-0.01475894,-2.9517879999999996,12.545099,2.5090198,fixed
8.000222999951802,3,0.8500000000000001,-0.01460675,-2.92135,12.4157375,2.4831475000000003,fixed
8.011680600000545,3,0.8500000000000001,-0.01437227,-2.874454,12.2164295,2.4432859000000002,fixed
8.02334489999339,3,0.8500000000000001,-0.01410535,-2.8210699999999997,11.9895475,2.3979095,fixed
8.03483169991523,3,0.8500000000000001,-0.01388863,-2.7777260000000004,11.805335500000002,2.3610671000000005,fixed
8.048045799951069,4,0.8400000000000001,-0.01500184,-3.0003680000000004,12.601545600000001,2.5203091200000007,fixed
8.059702500002459,4,0.8400000000000001,-0.014927,-2.9854,12.53868,2.507736,fixed
8.071418199921027,4,0.8400000000000001,-0.01469346,-2.938692,12.342506400000001,2.4685012800000004,fixed
8.082924699992873,4,0.8400000000000001,-0.01440658,-2.881316,12.101527200000001,2.4203054400000004,fixed
8.09441059990786,4,0.8400000000000001,-0.01413019,-2.826038,11.869359600000003,2.3738719200000005,fixed
8.105955499922857,4,0.8400000000000001,-0.01442652,-2.885304,12.1182768,2.42365536,fixed
8.117442999966443,4,0.8400000000000001,-0.01493598,-2.987196,12.546223200000002,2.5092446400000004,fixed
8.129043399938382,4,0.8400000000000001,-0.01499904,-2.9998080000000003,12.599193600000001,2.5198387200000005,fixed
8.140512899961323,4,0.8400000000000001,-0.0148123,-2.96246,12.442332000000002,2.4884664000000005,fixed
8.15185229992494,4,0.8400000000000001,-0.01458949,-2.917898,12.255171600000002,2.45103432,fixed
8.163283000001684,4,0.8400000000000001,-0.0143286,-2.86572,12.036024000000001,2.4072048,fixed
8.174624999985099,4,0.8400000000000001,-0.01411839,-2.823678,11.859447600000001,2.3718895200000003,fixed
8.186100099934265,4,0.8400000000000001,-0.01451189,-2.9023779999999997,12.1899876,2.43799752,fixed
8.197803199989721,4,0.8400000000000001,-0.01496925,-2.99385,12.57417,2.5148340000000005,fixed
8.209303500014357,4,0.8400000000000001,-0.01496804,-2.993608,12.573153600000001,2.5146307200000004,fixed
8.22096349997446,4,0.8400000000000001,-0.01477962,-2.955924,12.414880800000002,2.48297616,fixed
8.23269039997831,4,0.8400000000000001,-0.0144987,-2.89974,12.178908,2.4357816000000003,fixed
8.244344800012186,4,0.8400000000000001,-0.01416087,-2.832174,11.895130800000002,2.3790261600000004,fixed
8.256034399964847,4,0.8400000000000001,-0.01441328,-2.882656,12.107155200000003,2.4214310400000003,fixed
8.26759329997003,4,0.8400000000000001,-0.01497014,-2.994028,12.574917600000001,2.5149835200000004,fixed
8.279114199918695,4,0.8400000000000001,-0.01498699,-2.997398,12.5890716,2.5178143200000003,fixed
8.290612199925818,4,0.8400000000000001,-0.01480475,-2.96095,12.43599,2.4871980000000002,fixed
8.30232159991283,4,0.8400000000000001,-0.01456792,-2.9135839999999997,12.2370528,2.44741056,fixed
8.314011699985713,4,0.8400000000000001,-0.01425063,-2.8501260000000004,11.970529200000001,2.3941058400000004,fixed
8.325733199948445,4,0.8400000000000001,-0.01423741,-2.8474820000000003,11.959424400000001,2.3918848800000005,fixed
8.337427599937655,4,0.8400000000000001,-0.01489877,-2.9797540000000002,12.514966800000002,2.5029933600000005,fixed
8.348995700012892,4,0.8400000000000001,-0.0150106,-3.00212,12.608904000000003,2.5217808,fixed
8.360527699929662,4,0.8400000000000001,-0.01484638,-2.969276,12.470959200000001,2.49419184,fixed
8.372141500003636,4,0.8400000000000001,-0.01458314,-2.916628,12.249837600000001,2.4499675200000004,fixed
8.38374359998852,4,0.8400000000000001,-0.0142808,-2.85616,11.995872,2.3991744,fixed
8.39551289996598,4,0.8400000000000001,-0.01419665,-2.83933,11.925186,2.3850372,fixed
8.40728369995486,4,0.8400000000000001,-0.01484853,-2.969706,12.472765200000001,2.49455304,fixed
8.419051299919374,4,0.8400000000000001,-0.01500825,-3.00165,12.606930000000002,2.5213860000000006,fixed
8.430921099963598,4,0.8400000000000001,-0.01480004,-2.960008,12.432033600000002,2.48640672,fixed
8.44259150000289,4,0.8400000000000001,-0.01451479,-2.902958,12.1924236,2.4384847200000004,fixed
8.454261799925007,4,0.8400000000000001,-0.01420607,-2.841214,11.9330988,2.3866197600000003,fixed
8.466342799947597,4,0.8400000000000001,-0.01433928,-2.8678559999999997,12.0449952,2.40899904,fixed
8.478034899919294,4,0.8400000000000001,-0.01499658,-2.999316,12.597127200000003,2.51942544,fixed
8.489668099908158,4,0.8400000000000001,-0.0149679,-2.9935799999999997,12.573036,2.5146072,fixed
8.501302000018768,4,0.8400000000000001,-0.01475054,-2.9501079999999997,12.3904536,2.47809072,fixed
8.512818499933928,4,0.8400000000000001,-0.01447525,-2.8950500000000003,12.159210000000002,2.4318420000000005,fixed
8.524461299995892,4,0.8400000000000001,-0.01415164,-2.830328,11.8873776,2.3774755200000004,fixed
8.536058999947272,4,0.8400000000000001,-0.01437151,-2.874302,12.072068400000003,2.4144136800000005,fixed
8.547676999936812,4,0.8400000000000001,-0.0149609,-2.99218,12.567156,2.5134312000000003,fixed
8.559329099953175,4,0.8400000000000001,-0.0149984,-2.99968,12.598656000000002,2.5197312000000003,fixed
8.57100110000465,4,0.8400000000000001,-0.01480249,-2.9604980000000003,12.4340916,2.4868183200000007,fixed
8.582482700003311,4,0.8400000000000001,-0.01453735,-2.90747,12.211374000000001,2.4422748000000003,fixed
8.593940299935639,4,0.8400000000000001,-0.01425965,-2.8519300000000003,11.978106000000002,2.3956212000000003,fixed
8.60558149998542,4,0.8400000000000001,-0.014207,-2.8413999999999997,11.93388,2.386776,fixed
8.617375899921171,4,0.8400000000000001,-0.01485866,-2.971732,12.4812744,2.49625488,fixed
8.629171199980192,4,0.8400000000000001,-0.01501397,-3.002794,12.6117348,2.5223469600000006,fixed
8.640757199958898,4,0.8400000000000001,-0.01482289,-2.964578,12.451227600000001,2.49024552,fixed
8.652529799961485,4,0.8400000000000001,-0.01455353,-2.9107060000000002,12.224965200000002,2.4449930400000004,fixed
8.664199099992402,4,0.8400000000000001,-0.01421422,-2.842844,11.939944800000001,2.3879889600000004,fixed
8.67599189991597,4,0.8400000000000001,-0.01432041,-2.8640820000000002,12.029144400000002,2.4058288800000005,fixed
8.687793100019917,4,0.8400000000000001,-0.01495082,-2.990164,12.5586888,2.5117377600000004,fixed
8.699508299934678,4,0.8400000000000001,-0.01498217,-2.996434,12.5850228,2.51700456,fixed
8.711187799926847,4,0.8400000000000001,-0.01477152,-2.954304,12.4080768,2.48161536,fixed
8.722929499926977,4,0.8400000000000001,-0.01448795,-2.89759,12.169878,2.4339756,fixed
8.734590400010347,4,0.8400000000000001,-0.01415578,-2.831156,11.8908552,2.3781710400000002,fixed
8.746286600013264,4,0.8400000000000001,-0.01445566,-2.891132,12.142754400000003,2.42855088,fixed
8.757907000021078,4,0.8400000000000001,-0.01498613,-2.9972260000000004,12.588349200000001,2.5176698400000004,fixed
8.769833999918774,4,0.8400000000000001,-0.01498488,-2.996976,12.587299200000002,2.5174598400000003,fixed
8.781539999996312,4,0.8400000000000001,-0.01473039,-2.946078,12.373527600000001,2.47470552,fixed
8.79330849996768,4,0.8400000000000001,-0.01442909,-2.885818,12.120435600000002,2.4240871200000003,fixed
8.805084699997678,4,0.8400000000000001,-0.0141323,-2.82646,11.871132000000001,2.3742264000000004,fixed
8.816839499981143,4,0.8400000000000001,-0.01465055,-2.93011,12.306462,2.4612924,fixed
8.828542099916376,4,0.8400000000000001,-0.01502672,-3.005344,12.622444800000002,2.5244889600000002,fixed
8.840265100006945,4,0.8400000000000001,-0.01491757,-2.983514,12.530758800000001,2.5061517600000003,fixed
8.85209559998475,4,0.8400000000000001,-0.014655,-2.931,12.3102,2.4620400000000005,fixed
8.863956999965012,4,0.8400000000000001,-0.01432186,-2.8643720000000004,12.030362400000001,2.4060724800000006,fixed
8.8756066999631,4,0.8400000000000001,-0.01419591,-2.839182,11.924564400000003,2.3849128800000003,fixed
8.887426299974322,4,0.8400000000000001,-0.01485087,-2.970174,12.474730800000001,2.4949461600000005,fixed
8.898971799993888,4,0.8400000000000001,-0.01501375,-3.00275,12.611550000000001,2.52231,fixed
8.910350399906747,4,0.8400000000000001,-0.01487359,-2.974718,12.493815600000001,2.4987631200000004,fixed
8.92174859996885,4,0.8400000000000001,-0.01465902,-2.931804,12.313576800000002,2.4627153600000002,fixed
8.933140799985267,4,0.8400000000000001,-0.01439948,-2.8798959999999996,12.0955632,2.41911264,fixed
8.944514299975708,4,0.8400000000000001,-0.01414745,-2.8294900000000003,11.883858000000002,2.3767716000000005,fixed
8.955892400001176,4,0.8400000000000001,-0.01434284,-2.8685680000000002,12.047985600000002,2.4095971200000004,fixed
8.967226599925198,4,0.8400000000000001,-0.01487398,-2.974796,12.494143200000002,2.49882864,fixed
8.978618399938568,4,0.8400000000000001,-0.01502028,-3.004056,12.617035200000002,2.52340704,fixed
8.990014499984682,4,0.8400000000000001,-0.01491399,-2.982798,12.527751600000002,2.50555032,fixed
9.00140989990905,4,0.8400000000000001,-0.01470785,-2.94157,12.354594000000002,2.4709188,fixed
9.012801899923943,4,0.8400000000000001,-0.01447858,-2.8957159999999997,12.162007200000001,2.43240144,fixed
9.024185299989767,4,0.8400000000000001,-0.01420834,-2.841668,11.935005600000002,2.3870011200000003,fixed
9.035538899945095,4,0.8400000000000001,-0.01423102,-2.846204,11.954056800000002,2.3908113600000003,fixed
9.046905099996366,4,0.8400000000000001,-0.0147617,-2.9523400000000004,12.399828000000001,2.4799656000000008,fixed
9.05832479998935,4,0.8400000000000001,-0.01501881,-3.003762,12.615800400000001,2.5231600800000002,fixed
9.069710699957795,4,0.8400000000000001,-0.01495611,-2.991222,12.5631324,2.51262648,fixed
9.081147899967618,4,0.8400000000000001,-0.01476777,-2.9535539999999996,12.4049268,2.48098536,fixed
9.092512400005944,4,0.8400000000000001,-0.01452916,-2.9058319999999997,12.2044944,2.44089888,fixed
9.103886600001715,4,0.8400000000000001,-0.01427086,-2.8541719999999997,11.987522400000001,2.39750448,fixed
9.115266499924473,4,0.8400000000000001,-0.01416128,-2.832256,11.895475200000002,2.37909504,fixed
9.126596899935976,4,0.8400000000000001,-0.01465197,-2.930394,12.307654800000002,2.46153096,fixed
9.137952799908817,4,0.8400000000000001,-0.01498933,-2.997866,12.591037200000002,2.5182074400000003,fixed
9.149307899991982,4,0.8400000000000001,-0.01499305,-2.99861,12.594162000000003,2.5188324000000004,fixed
9.16067359992303,4,0.8400000000000001,-0.01483937,-2.9678739999999997,12.4650708,2.49301416,fixed
9.172075800015591,4,0.8400000000000001,-0.01462441,-2.9248819999999998,12.2845044,2.45690088,fixed
9.18344779999461,4,0.8400000000000001,-0.01435313,-2.870626,12.056629200000001,2.4113258400000004,fixed
9.194802299956791,4,0.8400000000000001,-0.01412872,-2.8257440000000003,11.8681248,2.3736249600000003,fixed
9.206197099993005,4,0.8400000000000001,-0.01442466,-2.884932,12.116714400000003,2.4233428800000003,fixed
9.217538199969567,4,0.8400000000000001,-0.01492872,-2.985744,12.5401248,2.50802496,fixed
9.228889499907382,4,0.8400000000000001,-0.01501646,-3.003292,12.613826400000002,2.52276528,fixed
9.240265199914575,4,0.8400000000000001,-0.01489447,-2.978894,12.511354800000001,2.50227096,fixed
9.251660399953835,4,0.8400000000000001,-0.01468816,-2.937632,12.3380544,2.46761088,fixed
9.263027500011958,4,0.8400000000000001,-0.01444363,-2.888726,12.132649200000001,2.42652984,fixed
9.27436789998319,4,0.8400000000000001,-0.01418346,-2.836692,11.914106400000001,2.3828212800000004,fixed
9.285725699970499,4,0.8400000000000001,-0.01425848,-2.851696,11.977123200000001,2.3954246400000003,fixed
9.29706809995696,4,0.8400000000000001,-0.01479607,-2.9592140000000002,12.428698800000001,2.4857397600000004,fixed
9.308427299954928,4,0.8400000000000001,-0.0150231,-3.00462,12.619404000000001,2.5238808,fixed
9.319801999954507,4,0.8400000000000001,-0.01495117,-2.990234,12.558982800000003,2.51179656,fixed
9.33124470000621,4,0.8400000000000001,-0.01475794,-2.951588,12.396669600000003,2.47933392,fixed
9.34259919996839,4,0.8400000000000001,-0.01452749,-2.905498,12.203091600000002,2.4406183200000005,fixed
9.35396470001433,4,0.8400000000000001,-0.01427175,-2.8543499999999997,11.98827,2.397654,fixed
9.36532639991492,4,0.8400000000000001,-0.01417061,-2.834122,11.9033124,2.3806624800000002,fixed
9.377029999974184,4,0.8400000000000001,-0.01463767,-2.927534,12.295642800000001,2.4591285600000004,fixed
9.38881459995173,4,0.8400000000000001,-0.01502386,-3.004772,12.6200424,2.5240084800000004,fixed
9.400264799944125,4,0.8400000000000001,-0.01490917,-2.981834,12.5237028,2.50474056,fixed
9.411915099946782,4,0.8400000000000001,-0.0146911,-2.9382200000000003,12.340524000000002,2.4681048000000003,fixed
9.423573000007309,4,0.8400000000000001,-0.01439897,-2.879794,12.095134800000002,2.41902696,fixed
9.43505839991849,4,0.8400000000000001,-0.01412924,-2.8258479999999997,11.868561600000001,2.37371232,fixed
9.446685399976559,4,0.8400000000000001,-0.01453304,-2.906608,12.2077536,2.44155072,fixed
9.458169499994256,4,0.8400000000000001,-0.01499786,-2.9995719999999997,12.598202400000002,2.51964048,fixed
9.469837700016797,4,0.8400000000000001,-0.01497465,-2.99493,12.578706000000002,2.5157412000000003,fixed
9.48161659995094,4,0.8400000000000001,-0.01474758,-2.949516,12.3879672,2.47759344,fixed
9.493428500019945,4,0.8400000000000001,-0.01443937,-2.887874,12.129070800000001,2.4258141600000003,fixed
9.505103699979372,4,0.8400000000000001,-0.01413018,-2.826036,11.8693512,2.3738702400000005,fixed
9.516830499982461,4,0.8400000000000001,-0.0145623,-2.9124600000000003,12.232332000000001,2.4464664000000003,fixed
9.528642599936575,4,0.8400000000000001,-0.01502253,-3.004506,12.618925200000001,2.5237850400000004,fixed
9.540246399934404,4,0.8400000000000001,-0.01492901,-2.985802,12.540368400000002,2.5080736800000003,fixed
9.551907800021581,4,0.8400000000000001,-0.01469616,-2.9392319999999996,12.3447744,2.46895488,fixed
9.563554499996826,4,0.8400000000000001,-0.01438675,-2.8773500000000003,12.08487,2.4169740000000006,fixed
9.57514650002122,4,0.8400000000000001,-0.01413083,-2.826166,11.869897200000002,2.3739794400000003,fixed
9.586841100011952,4,0.8400000000000001,-0.01456167,-2.9123340000000004,12.231802800000002,2.4463605600000005,fixed
9.598452899954282,4,0.8400000000000001,-0.01500805,-3.0016100000000003,12.606762,2.5213524000000005,fixed
9.610085599939339,4,0.8400000000000001,-0.01496119,-2.9922379999999995,12.567399600000002,2.51347992,fixed
9.621701399912126,4,0.8400000000000001,-0.01473323,-2.9466460000000003,12.375913200000001,2.4751826400000003,fixed
9.633385099936277,4,0.8400000000000001,-0.01444775,-2.8895500000000003,12.136110000000002,2.4272220000000004,fixed
9.645181600004435,4,0.8400000000000001,-0.01412898,-2.8257959999999995,11.868343200000002,2.37366864,fixed
9.657013299991377,4,0.8400000000000001,-0.01462546,-2.9250920000000002,12.2853864,2.4570772800000005,fixed
9.6686936999904,4,0.8400000000000001,-0.01502718,-3.005436,12.6228312,2.5245662400000004,fixed
9.680297299986705,4,0.8400000000000001,-0.01492844,-2.985688,12.539889600000002,2.5079779200000005,fixed
9.691957799950615,4,0.8400000000000001,-0.01470071,-2.9401420000000003,12.348596400000002,2.4697192800000005,fixed
9.703628799994476,4,0.8400000000000001,-0.01439995,-2.8799900000000003,12.095958,2.4191916000000004,fixed
9.715413899975829,4,0.8400000000000001,-0.01413678,-2.827356,11.874895200000001,2.3749790400000004,fixed
9.727193199913017,4,0.8400000000000001,-0.01469222,-2.938444,12.341464800000002,2.4682929600000003,fixed
9.738935599918477,4,0.8400000000000001,-0.01502704,-3.005408,12.6227136,2.5245427200000004,fixed
9.750610599992797,4,0.8400000000000001,-0.01489592,-2.979184,12.512572800000001,2.5025145600000003,fixed
9.762337299995124,4,0.8400000000000001,-0.01464265,-2.92853,12.299826000000001,2.4599652,fixed
9.773845399962738,4,0.8400000000000001,-0.01433948,-2.867896,12.045163200000001,2.4090326400000004,fixed
9.785296499961987,4,0.8400000000000001,-0.01413989,-2.8279780000000003,11.877507600000001,2.3755015200000007,fixed
9.797009899979457,4,0.8400000000000001,-0.014609,-2.9218,12.271560000000001,2.4543120000000003,fixed
9.80847059993539,4,0.8400000000000001,-0.01501853,-3.003706,12.6155652,2.5231130400000006,fixed
9.820099900010973,4,0.8400000000000001,-0.01495906,-2.991812,12.5656104,2.51312208,fixed
9.831723999930546,4,0.8400000000000001,-0.01472817,-2.945634,12.371662800000003,2.47433256,fixed
9.843354400014505,4,0.8400000000000001,-0.01447446,-2.894892,12.1585464,2.43170928,fixed
9.854968799976632,4,0.8400000000000001,-0.01415473,-2.830946,11.889973200000002,2.3779946400000003,fixed
9.866686799912713,4,0.8400000000000001,-0.01445159,-2.8903179999999997,12.139335600000003,2.42786712,fixed
9.87885149999056,4,0.8400000000000001,-0.01501206,-3.002412,12.610130400000003,2.5220260800000003,fixed
9.890956099960022,4,0.8400000000000001,-0.01488205,-2.9764100000000004,12.500922000000001,2.5001844000000006,fixed
9.902902900008485,4,0.8400000000000001,-0.01455465,-2.91093,12.225906000000002,2.4451812000000004,fixed
9.91433409997262,4,0.8400000000000001,-0.01425061,-2.850122,11.9705124,2.39410248,fixed
9.925683600013144,4,0.8400000000000001,-0.01419159,-2.838318,11.920935600000002,2.3841871200000004,fixed
9.937328499974683,4,0.8400000000000001,-0.01474711,-2.949422,12.387572400000002,2.4775144800000004,fixed
9.94890590000432,4,0.8400000000000001,-0.01502859,-3.005718,12.624015600000002,2.52480312,fixed
9.960315499920398,4,0.8400000000000001,-0.0149289,-2.98578,12.540276,2.5080552000000003,fixed
9.972093099961057,4,0.8400000000000001,-0.01472288,-2.944576,12.367219200000001,2.4734438400000003,fixed
9.983668399974704,4,0.8400000000000001,-0.0144079,-2.88158,12.102636,2.4205272000000004,fixed
9.995157099911012,4,0.8400000000000001,-0.014131,-2.8262,11.87004,2.3740080000000003,fixed
10.00673809996806,4,0.8400000000000001,-0.01448999,-2.897998,12.1715916,2.43431832,fixed
10.018566299928352,4,0.8400000000000001,-0.01500414,-3.000828,12.603477600000002,2.5206955200000003,fixed
10.030204699956812,4,0.8400000000000001,-0.01495378,-2.990756,12.561175200000001,2.51223504,fixed
10.04181740002241,4,0.8400000000000001,-0.01472333,-2.944666,12.3675972,2.47351944,fixed
10.05639209994115,5,0.8300000000000001,-0.01458563,-2.917126,12.106072900000001,2.4212145800000004,fixed
10.068002499989234,5,0.8300000000000001,-0.01517476,-3.034952,12.595050800000003,2.51901016,fixed
10.079688099911436,5,0.8300000000000001,-0.01522384,-3.0447680000000004,12.635787200000001,2.5271574400000003,fixed
10.09129979996942,5,0.8300000000000001,-0.01503166,-3.006332,12.476277800000002,2.4952555600000004,fixed
10.102764599956572,5,0.8300000000000001,-0.01475708,-2.951416,12.248376400000001,2.44967528,fixed
10.114441299927421,5,0.8300000000000001,-0.01448858,-2.897716,12.0255214,2.40510428,fixed
10.125991699984297,5,0.8300000000000001,-0.0144524,-2.89048,11.995492000000002,2.3990984,fixed
10.137653599958867,5,0.8300000000000001,-0.01505312,-3.010624,12.4940896,2.49881792,fixed
10.149178099934943,5,0.8300000000000001,-0.01524894,-3.0497880000000004,12.6566202,2.5313240400000003,fixed
10.160683199996129,5,0.8300000000000001,-0.01512085,-3.0241700000000002,12.5503055,2.5100611000000006,fixed
10.17229379992932,5,0.8300000000000001,-0.0148907,-2.97814,12.359281000000001,2.4718562,fixed
10.184051399934106,5,0.8300000000000001,-0.01455143,-2.910286,12.077686900000002,2.4155373800000004,fixed
10.196098699932918,5,0.8300000000000001,-0.01440454,-2.8809080000000002,11.955768200000001,2.39115364,fixed
10.207932799938135,5,0.8300000000000001,-0.01510394,-3.020788,12.5362702,2.5072540400000003,fixed
10.219923099968582,5,0.8300000000000001,-0.01522019,-3.044038,12.6327577,2.5265515400000003,fixed
10.2318422999233,5,0.8300000000000001,-0.01498152,-2.996304,12.4346616,2.48693232,fixed
10.24359219998587,5,0.8300000000000001,-0.01465069,-2.930138,12.1600727,2.43201454,fixed
10.255246799904853,5,0.8300000000000001,-0.01435341,-2.870682,11.913330300000002,2.38266606,fixed
10.266770199988969,5,0.8300000000000001,-0.01475233,-2.9504659999999996,12.2444339,2.44888678,fixed
10.278393699903972,5,0.8300000000000001,-0.01521255,-3.04251,12.626416500000001,2.5252833000000003,fixed
10.290011999895796,5,0.8300000000000001,-0.01519942,-3.039884,12.6155186,2.52310372,fixed
10.301511999918148,5,0.8300000000000001,-0.01499061,-2.998122,12.4422063,2.48844126,fixed
10.312981999944896,5,0.8300000000000001,-0.01474426,-2.948852,12.237735800000001,2.44754716,fixed
10.324456899892539,5,0.8300000000000001,-0.01444163,-2.888326,11.986552900000001,2.3973105800000005,fixed
10.335962299956009,5,0.8300000000000001,-0.01443037,-2.886074,11.977207100000001,2.39544142,fixed
10.347442199941725,5,0.8300000000000001,-0.01503666,-3.007332,12.480427800000001,2.49608556,fixed
10.358877099934034,5,0.8300000000000001,-0.01524675,-3.04935,12.6548025,2.5309605000000004,fixed
10.370526399929076,5,0.8300000000000001,-0.01515023,-3.030046,12.5746909,2.51493818,fixed
10.382421399932355,5,0.8300000000000001,-0.0149061,-2.98122,12.372063,2.4744126000000004,fixed
10.395316799986176,5,0.8300000000000001,-0.01435315,-2.87063,11.9131145,2.3826229,fixed
10.407041999977082,5,0.8300000000000001,-0.0147726,-2.95452,12.261258,2.4522516000000003,fixed
10.418794699944556,5,0.8300000000000001,-0.01523221,-3.046442,12.6427343,2.52854686,fixed
10.430486099910922,5,0.8300000000000001,-0.01515418,-3.030836,12.5779694,2.51559388,fixed
10.441966299898922,5,0.8300000000000001,-0.01491834,-2.983668,12.382222200000001,2.4764444400000003,fixed
10.453446400002576,5,0.8300000000000001,-0.01465959,-2.931918,12.1674597,2.43349194,fixed
10.464983599958941,5,0.8300000000000001,-0.0143658,-2.87316,11.923614,2.3847228,fixed
10.476616799947806,5,0.8300000000000001,-0.01459041,-2.918082,12.110040300000001,2.4220080600000005,fixed
10.488297699950635,5,0.8300000000000001,-0.01518069,-3.0361380000000002,12.599972700000002,2.5199945400000003,fixed
10.499842999968678,5,0.8300000000000001,-0.01519403,-3.038806,12.611044900000001,2.5222089800000003,fixed
10.511400699964724,5,0.8300000000000001,-0.01501462,-3.0029239999999997,12.4621346,2.4924269199999998,fixed
10.523012999910861,5,0.8300000000000001,-0.01475899,-2.9517979999999997,12.2499617,2.44999234,fixed
10.534490599995479,5,0.8300000000000001,-0.0144548,-2.89096,11.997484000000002,2.3994968000000005,fixed
10.546140399994329,5,0.8300000000000001,-0.01443298,-2.886596,11.979373400000002,2.3958746800000004,fixed
10.557640299899504,5,0.8300000000000001,-0.01502153,-3.004306,12.467869900000002,2.4935739800000003,fixed
10.569188799941912,5,0.8300000000000001,-0.01523977,-3.047954,12.6490091,2.52980182,fixed
10.580720499972813,5,0.8300000000000001,-0.01511499,-3.0229980000000003,12.545441700000001,2.5090883400000004,fixed
10.592215899960138,5,0.8300000000000001,-0.01488482,-2.9769639999999997,12.3544006,2.47088012,fixed
10.6038596999133,5,0.8300000000000001,-0.01460372,-2.920744,12.121087600000003,2.42421752,fixed
10.61543859995436,5,0.8300000000000001,-0.01434611,-2.869222,11.907271300000001,2.3814542600000004,fixed
10.627057899953797,5,0.8300000000000001,-0.01475771,-2.951542,12.248899300000001,2.44977986,fixed
10.638674899935722,5,0.8300000000000001,-0.01522583,-3.0451659999999996,12.637438900000001,2.52748778,fixed
10.65040019992739,5,0.8300000000000001,-0.01517395,-3.03479,12.594378500000001,2.5188757,fixed
10.662148699979298,5,0.8300000000000001,-0.01492845,-2.98569,12.390613499999999,2.4781227,fixed
10.673865499906242,5,0.8300000000000001,-0.01462819,-2.925638,12.1413977,2.4282795400000006,fixed
10.68552869989071,5,0.8300000000000001,-0.01433377,-2.866754,11.8970291,2.37940582,fixed
10.697292599943466,5,0.8300000000000001,-0.01482626,-2.9652520000000004,12.305795800000002,2.4611591600000007,fixed
10.709018399938941,5,0.8300000000000001,-0.01523477,-3.046954,12.644859100000001,2.52897182,fixed
10.720782399992459,5,0.8300000000000001,-0.01512324,-3.024648,12.5522892,2.5104578400000004,fixed
10.732303699944168,5,0.8300000000000001,-0.014863,-2.9726,12.33629,2.467258,fixed
10.743798799929209,5,0.8300000000000001,-0.01460533,-2.921066,12.1224239,2.4244847800000002,fixed
10.755445799906738,5,0.8300000000000001,-0.01433795,-2.8675900000000003,11.900498500000003,2.3800997000000006,fixed
10.766820999910124,5,0.8300000000000001,-0.01473334,-2.946668,12.2286722,2.4457344400000003,fixed
10.778274999931455,5,0.8300000000000001,-0.01517795,-3.03559,12.597698500000002,2.5195397,fixed
10.789601699914783,5,0.8300000000000001,-0.015214,-3.0428,12.62762,2.5255240000000003,fixed
10.801041499944404,5,0.8300000000000001,-0.0150592,-3.0118400000000003,12.499136000000002,2.4998272000000004,fixed
10.812467699986883,5,0.8300000000000001,-0.01482847,-2.965694,12.3076301,2.4615260200000004,fixed
10.823923399904743,5,0.8300000000000001,-0.0145669,-2.91338,12.090527000000002,2.4181054000000004,fixed
10.8353480999358,5,0.8300000000000001,-0.01433434,-2.8668679999999997,11.8975022,2.37950044,fixed
10.846779299899936,5,0.8300000000000001,-0.01470385,-2.9407699999999997,12.2041955,2.4408391,fixed
10.85819659999106,5,0.8300000000000001,-0.01516586,-3.033172,12.587663800000001,2.5175327600000004,fixed
10.86959629994817,5,0.8300000000000001,-0.01521563,-3.043126,12.628972900000003,2.5257945800000003,fixed
10.8810864998959,5,0.8300000000000001,-0.0150604,-3.01208,12.500132,2.5000264000000003,fixed
10.892501699971035,5,0.8300000000000001,-0.01482464,-2.964928,12.304451200000003,2.4608902400000003,fixed
10.903938699979335,5,0.8300000000000001,-0.01456756,-2.913512,12.091074800000001,2.4182149600000002,fixed
10.91534219996538,5,0.8300000000000001,-0.01433425,-2.86685,11.897427500000001,2.3794855,fixed
10.926762499962933,5,0.8300000000000001,-0.01469466,-2.9389320000000003,12.1965678,2.4393135600000004,fixed
10.938154799980111,5,0.8300000000000001,-0.01516168,-3.032336,12.584194400000001,2.5168388800000003,fixed
10.9495353999082,5,0.8300000000000001,-0.01521669,-3.043338,12.6298527,2.5259705400000003,fixed
10.960931699955836,5,0.8300000000000001,-0.01507195,-3.01439,12.509718500000002,2.5019437000000004,fixed
10.972312400001101,5,0.8300000000000001,-0.01486257,-2.972514,12.335933100000002,2.46718662,fixed
10.983699399977922,5,0.8300000000000001,-0.01461041,-2.922082,12.126640300000002,2.4253280600000005,fixed
10.995786899933591,5,0.8300000000000001,-0.01434709,-2.869418,11.908084700000002,2.3816169400000002,fixed
11.008636399987154,5,0.8300000000000001,-0.01521528,-3.043056,12.6286824,2.5257364800000004,fixed
11.020021099946462,5,0.8300000000000001,-0.01518001,-3.0360020000000003,12.599408300000002,2.5198816600000007,fixed
11.031444399966858,5,0.8300000000000001,-0.0150091,-3.0018199999999995,12.457552999999999,2.4915106,fixed
11.042838399996981,5,0.8300000000000001,-0.01476905,-2.95381,12.258311500000003,2.4516623,fixed
11.054256399977021,5,0.8300000000000001,-0.01450869,-2.901738,12.0422127,2.4084425400000002,fixed
11.065759199904278,5,0.8300000000000001,-0.0143457,-2.86914,11.906931,2.3813862,fixed
11.077161099994555,5,0.8300000000000001,-0.01485424,-2.9708479999999997,12.329019200000001,2.46580384,fixed
11.088556899921969,5,0.8300000000000001,-0.01521135,-3.04227,12.625420500000002,2.5250841,fixed
11.099961199914105,5,0.8300000000000001,-0.0151854,-3.03708,12.603882,2.5207764000000004,fixed
11.111415799940005,5,0.8300000000000001,-0.01501281,-3.002562,12.460632300000002,2.49212646,fixed
11.122790099936537,5,0.8300000000000001,-0.01477601,-2.955202,12.2640883,2.45281766,fixed
11.134202899993397,5,0.8300000000000001,-0.01452793,-2.905586,12.058181900000001,2.41163638,fixed
11.145561099983752,5,0.8300000000000001,-0.01433175,-2.86635,11.895352500000001,2.3790705000000005,fixed
11.15695999993477,5,0.8300000000000001,-0.01474694,-2.949388,12.2399602,2.44799204,fixed
11.168353899964131,5,0.8300000000000001,-0.01518396,-3.0367919999999997,12.6026868,2.52053736,fixed
11.179745099972934,5,0.8300000000000001,-0.01520378,-3.040756,12.619137400000001,2.52382748,fixed
11.191229299991392,5,0.8300000000000001,-0.01505143,-3.010286,12.4926869,2.49853738,fixed
11.202771699987352,5,0.8300000000000001,-0.01479099,-2.9581980000000003,12.276521700000002,2.4553043400000005,fixed
11.214163700002246,5,0.8300000000000001,-0.01453622,-2.907244,12.065062600000003,2.41301252,fixed
11.225532699958421,5,0.8300000000000001,-0.0143362,-2.86724,11.899046000000002,2.3798092,fixed
11.236922599957325,5,0.8300000000000001,-0.01473804,-2.9476080000000002,12.232573200000001,2.44651464,fixed
11.248438199982047,5,0.8300000000000001,-0.0151746,-3.03492,12.594918000000002,2.5189836000000003,fixed
11.259742299909703,5,0.8300000000000001,-0.0152036,-3.04072,12.618988000000002,2.5237976,fixed
11.271330999908969,5,0.8300000000000001,-0.01502445,-3.00489,12.470293500000002,2.4940587,fixed
11.282712399959564,5,0.8300000000000001,-0.01480258,-2.9605159999999997,12.2861414,2.45722828,fixed
11.294158299919218,5,0.8300000000000001,-0.01454815,-2.90963,12.0749645,2.4149929,fixed
11.305617499980144,5,0.8300000000000001,-0.01434483,-2.868966,11.906208900000001,2.3812417800000003,fixed
11.326214400003664,5,0.8300000000000001,-0.01477527,-2.955054,12.263474100000002,2.45269482,fixed
11.340379699948244,5,0.8300000000000001,-0.01520262,-3.040524,12.6181746,2.52363492,fixed
11.353942299960181,5,0.8300000000000001,-0.01461841,-2.9236820000000003,12.133280300000001,2.4266560600000004,fixed
11.365387999918312,5,0.8300000000000001,-0.01433935,-2.8678700000000004,11.901660500000002,2.3803321000000004,fixed
11.376921999966726,5,0.8300000000000001,-0.01467867,-2.935734,12.183296100000002,2.43665922,fixed
11.388481999980286,5,0.8300000000000001,-0.01517326,-3.034652,12.5938058,2.51876116,fixed
11.400043100002222,5,0.8300000000000001,-0.01519141,-3.038282,12.608870300000001,2.5217740600000003,fixed
11.41160889994353,5,0.8300000000000001,-0.01499757,-2.999514,12.4479831,2.4895966200000004,fixed
11.423059599939734,5,0.8300000000000001,-0.01474567,-2.949134,12.238906100000001,2.44778122,fixed
11.43482589989435,5,0.8300000000000001,-0.01447543,-2.895086,12.0146069,2.4029213800000004,fixed
11.446425499976613,5,0.8300000000000001,-0.01446946,-2.893892,12.009651800000002,2.40193036,fixed
11.457815999980085,5,0.8300000000000001,-0.01503857,-3.007714,12.4820131,2.49640262,fixed
11.469417099957354,5,0.8300000000000001,-0.01521979,-3.043958,12.632425700000002,2.52648514,fixed
11.480919499997981,5,0.8300000000000001,-0.01508103,-3.016206,12.517254900000001,2.50345098,fixed
11.492311799898744,5,0.8300000000000001,-0.01487426,-2.974852,12.3456358,2.46912716,fixed
11.50373439991381,5,0.8300000000000001,-0.01461854,-2.923708,12.1333882,2.4266776400000003,fixed
11.51512959995307,5,0.8300000000000001,-0.01435291,-2.8705819999999997,11.9129153,2.38258306,fixed
11.526533499942161,5,0.8300000000000001,-0.01454191,-2.908382,12.069785300000001,2.4139570600000004,fixed
11.537917799898423,5,0.8300000000000001,-0.01508336,-3.0166720000000002,12.5191888,2.5038377600000006,fixed
11.549283899948932,5,0.8300000000000001,-0.0152307,-3.0461400000000003,12.641481,2.5282962000000007,fixed
11.560691599966958,5,0.8300000000000001,-0.0151217,-3.02434,12.551011,2.5102022,fixed
11.572181399911642,5,0.8300000000000001,-0.01491297,-2.9825939999999997,12.3777651,2.47555302,fixed
11.583723299903795,5,0.8300000000000001,-0.01463821,-2.927642,12.149714300000001,2.42994286,fixed
11.595245699980296,5,0.8300000000000001,-0.01434348,-2.8686960000000004,11.905088400000002,2.3810176800000007,fixed
11.606702699908055,5,0.8300000000000001,-0.01456685,-2.9133699999999996,12.090485500000002,2.4180970999999998,fixed
11.618213999900036,5,0.8300000000000001,-0.01512428,-3.024856,12.553152400000002,2.5106304800000006,fixed
11.629628199967556,5,0.8300000000000001,-0.01521474,-3.042948,12.6282342,2.5256468400000003,fixed
11.64102029998321,5,0.8300000000000001,-0.0150734,-3.0146800000000002,12.510922000000003,2.5021844000000004,fixed
11.652356599923223,5,0.8300000000000001,-0.01486858,-2.973716,12.3409214,2.4681842800000005,fixed
11.663701699930243,5,0.8300000000000001,-0.01462687,-2.925374,12.140302100000001,2.4280604200000004,fixed
11.675099499989301,5,0.8300000000000001,-0.0143511,-2.87022,11.911413000000001,2.3822826000000004,fixed
11.686452799942344,5,0.8300000000000001,-0.01451101,-2.902202,12.0441383,2.40882766,fixed
11.697801599977538,5,0.8300000000000001,-0.01504069,-3.008138,12.483772700000001,2.4967545400000004,fixed
11.7091519999085,5,0.8300000000000001,-0.01522622,-3.045244,12.637762600000002,2.52755252,fixed
11.720551099977456,5,0.8300000000000001,-0.01513402,-3.026804,12.5612366,2.51224732,fixed
11.73198839998804,5,0.8300000000000001,-0.01493471,-2.986942,12.395809300000002,2.47916186,fixed
11.743334400001913,5,0.8300000000000001,-0.01469236,-2.938472,12.194658800000001,2.43893176,fixed
11.754724799888209,5,0.8300000000000001,-0.0144409,-2.8881799999999997,11.985947,2.3971894,fixed
11.766149199916981,5,0.8300000000000001,-0.01439561,-2.8791219999999997,11.9483563,2.38967126,fixed
11.777535499888472,5,0.8300000000000001,-0.01495704,-2.991408,12.414343200000001,2.48286864,fixed
11.788924799999222,5,0.8300000000000001,-0.0152135,-3.0427,12.627205,2.5254410000000003,fixed
11.800309299957007,5,0.8300000000000001,-0.01515388,-3.030776,12.5777204,2.51554408,fixed
11.811714199953713,5,0.8300000000000001,-0.01497314,-2.9946279999999996,12.427706200000001,2.48554124,fixed
11.82309369998984,5,0.8300000000000001,-0.01474404,-2.948808,12.2375532,2.4475106400000004,fixed
11.834452799987048,5,0.8300000000000001,-0.01448566,-2.897132,12.0230978,2.4046195600000004,fixed
11.845875400002114,5,0.8300000000000001,-0.01434576,-2.869152,11.906980800000001,2.3813961600000004,fixed
11.857258399948478,5,0.8300000000000001,-0.01484069,-2.968138,12.317772700000003,2.4635545400000005,fixed
11.868640999891795,5,0.8300000000000001,-0.01519546,-3.0390919999999997,12.6122318,2.52244636,fixed
11.880039599956945,5,0.8300000000000001,-0.01518125,-3.03625,12.6004375,2.5200875000000003,fixed
11.893125299946405,5,0.8300000000000001,-0.01501771,-3.003542,12.464699300000001,2.4929398600000003,fixed
11.904529999941587,5,0.8300000000000001,-0.01447624,-2.8952479999999996,12.015279200000002,2.40305584,fixed
11.91598269995302,5,0.8300000000000001,-0.01435496,-2.870992,11.914616800000001,2.3829233600000004,fixed
11.927398199914023,5,0.8300000000000001,-0.01486308,-2.972616,12.336356400000001,2.4672712800000003,fixed
11.938788499915972,5,0.8300000000000001,-0.0152049,-3.0409800000000002,12.620067000000002,2.5240134000000003,fixed
11.950158899999224,5,0.8300000000000001,-0.01518098,-3.036196,12.600213400000001,2.52004268,fixed
11.961540799937211,5,0.8300000000000001,-0.01500484,-3.000968,12.454017200000001,2.49080344,fixed
11.972910299897194,5,0.8300000000000001,-0.01478461,-2.956922,12.271226300000002,2.4542452600000004,fixed
11.984280799981207,5,0.8300000000000001,-0.01453041,-2.906082,12.060240300000002,2.41204806,fixed
11.995646599913016,5,0.8300000000000001,-0.01432932,-2.8658639999999997,11.8933356,2.37866712,fixed
12.00703659991268,5,0.8300000000000001,-0.01470372,-2.940744,12.204087600000001,2.4408175200000004,fixed
12.018437799997628,5,0.8300000000000001,-0.01516168,-3.032336,12.584194400000001,2.5168388800000003,fixed
12.029848199919797,5,0.8300000000000001,-0.01520286,-3.040572,12.6183738,2.5236747600000005,fixed
12.041262999991886,5,0.8300000000000001,-0.01505062,-3.0101240000000002,12.492014600000003,2.4984029200000006,fixed
12.052638499997556,5,0.8300000000000001,-0.01483546,-2.967092,12.313431800000002,2.46268636,fixed
12.065864500007592,6,0.8200000000000001,-0.01454594,-2.909188,11.927670800000001,2.38553416,fixed
12.077331300009973,6,0.8200000000000001,-0.01501048,-3.002096,12.3085936,2.46171872,fixed
12.088707100017928,6,0.8200000000000001,-0.01539149,-3.078298,12.621021800000001,2.52420436,fixed
12.100062599987723,6,0.8200000000000001,-0.01537575,-3.07515,12.608115000000002,2.521623,fixed
12.111501800012775,6,0.8200000000000001,-0.0152185,-3.0437,12.479170000000002,2.495834,fixed
12.122850299929269,6,0.8200000000000001,-0.01498763,-2.9975259999999997,12.2898566,2.45797132,fixed
12.134224199922755,6,0.8200000000000001,-0.01473496,-2.9469920000000003,12.082667200000001,2.4165334400000003,fixed
12.14559799991548,6,0.8200000000000001,-0.01451007,-2.9020140000000003,11.8982574,2.3796514800000006,fixed
12.156949399970472,6,0.8200000000000001,-0.01485982,-2.971964,12.1850524,2.43701048,fixed
12.168384299962781,6,0.8200000000000001,-0.01533609,-3.067218,12.575593800000002,2.51511876,fixed
12.179745399975218,6,0.8200000000000001,-0.01539114,-3.078228,12.6207348,2.5241469600000004,fixed
12.191133699961938,6,0.8200000000000001,-0.0152661,-3.05322,12.518202,2.5036404,fixed
12.202506299945526,6,0.8200000000000001,-0.01505767,-3.011534,12.347289400000001,2.46945788,fixed
12.213818599935621,6,0.8200000000000001,-0.01481051,-2.9621020000000002,12.144618200000002,2.4289236400000003,fixed
12.225143100018613,6,0.8200000000000001,-0.01455596,-2.911192,11.9358872,2.38717744,fixed
12.23653190000914,6,0.8200000000000001,-0.01467653,-2.9353059999999997,12.034754600000001,2.40695092,fixed
12.267472599982284,6,0.8200000000000001,-0.01501666,-3.003332,12.3136612,2.4627322400000002,fixed
12.278907799976878,6,0.8200000000000001,-0.01540382,-3.080764,12.631132400000002,2.52622648,fixed
12.290334000019357,6,0.8200000000000001,-0.01537138,-3.0742760000000002,12.604531600000001,2.5209063200000004,fixed
12.301829500007443,6,0.8200000000000001,-0.01518653,-3.037306,12.452954600000002,2.4905909200000003,fixed
12.31324729998596,6,0.8200000000000001,-0.01493234,-2.986468,12.244518800000002,2.4489037600000003,fixed
12.324622199987061,6,0.8200000000000001,-0.01467211,-2.934422,12.031130200000002,2.4062260400000004,fixed
12.336063399910927,6,0.8200000000000001,-0.0145536,-2.91072,11.933952000000001,2.3867904,fixed
12.347502499935217,6,0.8200000000000001,-0.01507493,-3.014986,12.361442600000002,2.47228852,fixed
12.358958199969493,6,0.8200000000000001,-0.0154046,-3.08092,12.631772,2.5263544000000002,fixed
12.37037389993202,6,0.8200000000000001,-0.01536463,-3.072926,12.598996600000003,2.51979932,fixed
12.38179469993338,6,0.8200000000000001,-0.01517809,-3.035618,12.4460338,2.48920676,fixed
12.393224100000225,6,0.8200000000000001,-0.01495142,-2.990284,12.2601644,2.45203288,fixed
12.404624399961904,6,0.8200000000000001,-0.01467819,-2.935638,12.036115800000003,2.40722316,fixed
12.416024599922821,6,0.8200000000000001,-0.01455678,-2.911356,11.9365596,2.38731192,fixed
12.427448499947786,6,0.8200000000000001,-0.01502724,-3.0054480000000003,12.322336800000002,2.4644673600000004,fixed
12.438901199959219,6,0.8200000000000001,-0.01540184,-3.080368,12.629508800000002,2.52590176,fixed
12.450293399975635,6,0.8200000000000001,-0.0153773,-3.07546,12.609386,2.5218772,fixed
12.461705099907704,6,0.8200000000000001,-0.01519459,-3.038918,12.4595638,2.49191276,fixed
12.473104099975899,6,0.8200000000000001,-0.01496903,-2.993806,12.2746046,2.45492092,fixed
12.484634299995378,6,0.8200000000000001,-0.01470155,-2.94031,12.055271000000001,2.4110542,fixed
12.495972099946812,6,0.8200000000000001,-0.0145554,-2.9110799999999997,11.935428000000002,2.3870856,fixed
12.507530999951996,6,0.8200000000000001,-0.01504745,-3.00949,12.338909000000003,2.4677818,fixed
12.518994199926965,6,0.8200000000000001,-0.01540238,-3.080476,12.629951600000002,2.52599032,fixed
12.530432999948971,6,0.8200000000000001,-0.01536048,-3.0720959999999997,12.595593599999999,2.51911872,fixed
12.541854799957946,6,0.8200000000000001,-0.01517446,-3.034892,12.443057200000002,2.48861144,fixed
12.553274799953215,6,0.8200000000000001,-0.01493913,-2.987826,12.250086600000001,2.45001732,fixed
12.564682899974287,6,0.8200000000000001,-0.01466523,-2.933046,12.025488600000001,2.40509772,fixed
12.576083699939772,6,0.8200000000000001,-0.01455121,-2.9102419999999998,11.931992200000002,2.38639844,fixed
12.5874199999962,6,0.8200000000000001,-0.0150469,-3.00938,12.338458000000001,2.4676916,fixed
12.598839899990708,6,0.8200000000000001,-0.01538464,-3.0769279999999997,12.6154048,2.5230809599999997,fixed
12.610259699984454,6,0.8200000000000001,-0.0153762,-3.07524,12.608484,2.5216968,fixed
12.62169719999656,6,0.8200000000000001,-0.0151993,-3.03986,12.463426000000002,2.4926852000000004,fixed
12.633100499981083,6,0.8200000000000001,-0.01496942,-2.9938840000000004,12.274924400000002,2.4549848800000005,fixed
12.64478919992689,6,0.8200000000000001,-0.01470863,-2.941726,12.061076600000002,2.41221532,fixed
12.656474099960178,6,0.8200000000000001,-0.0146136,-2.92272,11.983152,2.3966304000000003,fixed
12.66810919996351,6,0.8200000000000001,-0.01522655,-3.0453099999999997,12.485771000000002,2.4971541999999998,fixed
12.679940599948168,6,0.8200000000000001,-0.01542662,-3.085324,12.649828400000002,2.52996568,fixed
12.691839799983427,6,0.8200000000000001,-0.01523447,-3.046894,12.4922654,2.49845308,fixed
12.703663899912499,6,0.8200000000000001,-0.0149228,-2.98456,12.236696,2.4473392,fixed
12.715547899948433,6,0.8200000000000001,-0.01460703,-2.921406,11.9777646,2.3955529200000005,fixed
12.727661499986425,6,0.8200000000000001,-0.01500286,-3.000572,12.3023452,2.46046904,fixed
12.739513700013049,6,0.8200000000000001,-0.01542852,-3.085704,12.651386400000002,2.53027728,fixed
12.751568399951793,6,0.8200000000000001,-0.01528138,-3.056276,12.530731600000001,2.50614632,fixed
12.7639517999487,6,0.8200000000000001,-0.01496357,-2.9927140000000003,12.270127400000002,2.4540254800000003,fixed
12.776042699930258,6,0.8200000000000001,-0.014529,-2.9058,11.913780000000001,2.382756,fixed
12.788192400010303,6,0.8200000000000001,-0.01515122,-3.030244,12.4240004,2.4848000800000003,fixed
12.800180799909867,6,0.8200000000000001,-0.01541221,-3.082442,12.638012200000002,2.52760244,fixed
12.812362700002268,6,0.8200000000000001,-0.01518414,-3.0368280000000003,12.450994800000002,2.4901989600000003,fixed
12.82447389990557,6,0.8200000000000001,-0.01480146,-2.960292,12.137197200000001,2.42743944,fixed
12.83666159992572,6,0.8200000000000001,-0.0145766,-2.9153200000000004,11.952812000000002,2.3905624000000003,fixed
12.848868899978697,6,0.8200000000000001,-0.01531991,-3.063982,12.562326200000001,2.5124652400000005,fixed
12.861106799915433,6,0.8200000000000001,-0.01534171,-3.068342,12.580202200000002,2.5160404400000003,fixed
12.873188899946399,6,0.8200000000000001,-0.01502886,-3.005772,12.3236652,2.46473304,fixed
12.885192699963227,6,0.8200000000000001,-0.01463319,-2.926638,11.9992158,2.39984316,fixed
12.897117499960586,6,0.8200000000000001,-0.0147678,-2.95356,12.109596,2.4219192,fixed
12.908984399982728,6,0.8200000000000001,-0.01538584,-3.077168,12.616388800000001,2.52327776,fixed
12.920723799965344,6,0.8200000000000001,-0.0153747,-3.0749400000000002,12.607254,2.5214508,fixed
12.932218099944293,6,0.8200000000000001,-0.01514407,-3.028814,12.4181374,2.4836274800000004,fixed
12.943840599968098,6,0.8200000000000001,-0.01489045,-2.97809,12.210169,2.4420338,fixed
12.95542979997117,6,0.8200000000000001,-0.01458946,-2.917892,11.963357200000003,2.3926714400000004,fixed
12.967014799942262,6,0.8200000000000001,-0.01473944,-2.947888,12.086340800000002,2.41726816,fixed
12.978612200007774,6,0.8200000000000001,-0.01532091,-3.0641819999999997,12.563146200000002,2.51262924,fixed
12.990121299983002,6,0.8200000000000001,-0.0154066,-3.08132,12.633412,2.5266824,fixed
13.001719599938951,6,0.8200000000000001,-0.01521589,-3.043178,12.4770298,2.4954059600000003,fixed
13.01332469994668,6,0.8200000000000001,-0.01498715,-2.99743,12.289463000000001,2.4578926,fixed
13.024950899998657,6,0.8200000000000001,-0.01464848,-2.9296960000000003,12.0117536,2.4023507200000003,fixed
13.036517799948342,6,0.8200000000000001,-0.01460497,-2.920994,11.976075400000001,2.3952150800000003,fixed
13.048370699980296,6,0.8200000000000001,-0.01521264,-3.042528,12.4743648,2.49487296,fixed
13.060140699963085,6,0.8200000000000001,-0.01540615,-3.08123,12.633043000000002,2.5266086000000003,fixed
13.071829799911939,6,0.8200000000000001,-0.01522192,-3.044384,12.481974400000002,2.49639488,fixed
13.083579799975269,6,0.8200000000000001,-0.0149424,-2.98848,12.252768000000001,2.4505536,fixed
13.095351599971764,6,0.8200000000000001,-0.01461448,-2.9228959999999997,11.9838736,2.39677472,fixed
13.107264699996449,6,0.8200000000000001,-0.01477548,-2.955096,12.115893600000001,2.42317872,fixed
13.119041199912317,6,0.8200000000000001,-0.01539545,-3.07909,12.624269,2.5248538000000003,fixed
13.130889999913052,6,0.8200000000000001,-0.01535765,-3.07153,12.593273000000002,2.5186546,fixed
13.142655299976468,6,0.8200000000000001,-0.01510296,-3.0205919999999997,12.384427200000001,2.4768854399999998,fixed
13.154389499919489,6,0.8200000000000001,-0.01479091,-2.958182,12.1285462,2.42570924,fixed
13.165978299919516,6,0.8200000000000001,-0.0145233,-2.90466,11.909106000000001,2.3818212,fixed
13.177662799949758,6,0.8200000000000001,-0.01497268,-2.994536,12.2775976,2.45551952,fixed
13.189105199999176,6,0.8200000000000001,-0.01541254,-3.082508,12.6382828,2.52765656,fixed
13.200764899956994,6,0.8200000000000001,-0.01535641,-3.0712819999999996,12.592256200000001,2.51845124,fixed
13.212350999936461,6,0.8200000000000001,-0.01515377,-3.030754,12.426091400000002,2.4852182800000002,fixed
13.223914099973626,6,0.8200000000000001,-0.01488092,-2.9761840000000004,12.202354400000003,2.4404708800000003,fixed
13.23585609998554,6,0.8200000000000001,-0.01454953,-2.909906,11.9306146,2.38612292,fixed
13.24767279997468,6,0.8200000000000001,-0.01498964,-2.997928,12.291504800000002,2.4583009600000003,fixed
13.259545999928378,6,0.8200000000000001,-0.01541051,-3.082102,12.636618200000001,2.52732364,fixed
13.271363199921325,6,0.8200000000000001,-0.01529704,-3.059408,12.543572800000002,2.50871456,fixed
13.283065299969167,6,0.8200000000000001,-0.01503013,-3.006026,12.3247066,2.46494132,fixed
13.294878299930133,6,0.8200000000000001,-0.01470048,-2.940096,12.054393600000001,2.4108787200000004,fixed
13.306816499913111,6,0.8200000000000001,-0.01460836,-2.921672,11.978855200000002,2.39577104,fixed
13.318721399991773,6,0.8200000000000001,-0.01530655,-3.0613099999999998,12.551371,2.5102742,fixed
13.330513799912296,6,0.8200000000000001,-0.01538776,-3.077552,12.617963200000002,2.52359264,fixed
13.34240680001676,6,0.8200000000000001,-0.01516127,-3.032254,12.4322414,2.4864482800000003,fixed
13.354258799925447,6,0.8200000000000001,-0.01482893,-2.965786,12.1597226,2.43194452,fixed
13.366076899925247,6,0.8200000000000001,-0.01452637,-2.905274,11.911623400000002,2.38232468,fixed
13.377871599979699,6,0.8200000000000001,-0.01506852,-3.0137039999999997,12.356186400000002,2.47123728,fixed
13.389639099943452,6,0.8200000000000001,-0.01542284,-3.084568,12.646728800000002,2.52934576,fixed
13.401388199999928,6,0.8200000000000001,-0.01527884,-3.055768,12.528648800000003,2.5057297600000004,fixed
13.412939699948765,6,0.8200000000000001,-0.01504421,-3.0088420000000005,12.336252200000002,2.4672504400000004,fixed
13.424468499957584,6,0.8200000000000001,-0.01476091,-2.952182,12.103946200000001,2.4207892400000004,fixed
13.436029999982566,6,0.8200000000000001,-0.01452788,-2.905576,11.912861600000001,2.38257232,fixed
13.447609399911016,6,0.8200000000000001,-0.01499711,-2.999422,12.2976302,2.45952604,fixed
13.459271600004286,6,0.8200000000000001,-0.01539965,-3.07993,12.627713000000002,2.5255426,fixed
13.471122699906118,6,0.8200000000000001,-0.0153557,-3.07114,12.591674000000001,2.5183348000000003,fixed
13.483220899943262,6,0.8200000000000001,-0.01502131,-3.0042619999999998,12.317474200000001,2.46349484,fixed
13.495216100011021,6,0.8200000000000001,-0.01467012,-2.934024,12.029498400000001,2.40589968,fixed
13.506974899908528,6,0.8200000000000001,-0.01473841,-2.947682,12.085496200000001,2.41709924,fixed
13.518792599905282,6,0.8200000000000001,-0.01533636,-3.067272,12.575815200000001,2.51516304,fixed
13.530485700001009,6,0.8200000000000001,-0.0153997,-3.07994,12.627754000000001,2.5255508000000004,fixed
13.54207480000332,6,0.8200000000000001,-0.01520547,-3.041094,12.468485400000002,2.4936970800000005,fixed
13.553507999982685,6,0.8200000000000001,-0.01494499,-2.988998,12.254891800000001,2.45097836,fixed
13.564997299923562,6,0.8200000000000001,-0.01466256,-2.932512,12.0232992,2.4046598400000003,fixed
13.576551500009373,6,0.8200000000000001,-0.01459761,-2.919522,11.9700402,2.39400804,fixed
13.588268099934794,6,0.8200000000000001,-0.01519693,-3.039386,12.461482600000002,2.49229652,fixed
13.600070199929178,6,0.8200000000000001,-0.01542756,-3.085512,12.650599200000002,2.5301198400000002,fixed
13.611930900020525,6,0.8200000000000001,-0.01524433,-3.048866,12.5003506,2.50007012,fixed
13.623800599947572,6,0.8200000000000001,-0.01493888,-2.9877759999999998,12.2498816,2.44997632,fixed
13.635515099973418,6,0.8200000000000001,-0.01458095,-2.91619,11.956379000000002,2.3912758,fixed
13.647177299950272,6,0.8200000000000001,-0.01479566,-2.959132,12.132441200000002,2.4264882400000003,fixed
13.658995399950072,6,0.8200000000000001,-0.01536823,-3.073646,12.601948600000002,2.5203897200000003,fixed
13.670696899993345,6,0.8200000000000001,-0.01538783,-3.077566,12.618020600000001,2.5236041200000003,fixed
13.682270199991763,6,0.8200000000000001,-0.01517441,-3.034882,12.4430162,2.48860324,fixed
13.693972299923189,6,0.8200000000000001,-0.01490166,-2.980332,12.219361200000002,2.44387224,fixed
13.705583599978127,6,0.8200000000000001,-0.0145743,-2.91486,11.950926,2.3901852000000003,fixed
13.717245999956504,6,0.8200000000000001,-0.01474596,-2.949192,12.0916872,2.41833744,fixed
13.728803299949504,6,0.8200000000000001,-0.0153427,-3.06854,12.581014000000001,2.5162028000000003,fixed
13.740379499970004,6,0.8200000000000001,-0.01540323,-3.080646,12.6306486,2.5261297200000006,fixed
13.752118399948813,6,0.8200000000000001,-0.01520273,-3.040546,12.4662386,2.4932477200000003,fixed
13.763755699968897,6,0.8200000000000001,-0.01491957,-2.983914,12.234047400000001,2.44680948,fixed
13.775461499928497,6,0.8200000000000001,-0.01461767,-2.9235339999999996,11.9864894,2.39729788,fixed
13.787157999933697,6,0.8200000000000001,-0.01472118,-2.944236,12.0713676,2.41427352,fixed
13.79879589995835,6,0.8200000000000001,-0.01533089,-3.066178,12.5713298,2.51426596,fixed
13.810769899981096,6,0.8200000000000001,-0.01539904,-3.079808,12.6272128,2.52544256,fixed
13.822508699959144,6,0.8200000000000001,-0.01513982,-3.027964,12.4146524,2.4829304800000003,fixed
13.83422660001088,6,0.8200000000000001,-0.01483917,-2.9678340000000003,12.168119400000002,2.4336238800000003,fixed
13.845995099982247,6,0.8200000000000001,-0.01452115,-2.90423,11.907343000000001,2.3814686000000003,fixed
13.857862200005911,6,0.8200000000000001,-0.01499996,-2.9999919999999998,12.299967200000001,2.45999344,fixed
13.869677599985152,6,0.8200000000000001,-0.01542202,-3.084404,12.6460564,2.52921128,fixed
13.881457999930717,6,0.8200000000000001,-0.01529026,-3.058052,12.538013200000002,2.50760264,fixed
13.893222599988803,6,0.8200000000000001,-0.01502822,-3.0056439999999998,12.323140400000002,2.4646280799999998,fixed
13.90500319993589,6,0.8200000000000001,-0.01469559,-2.9391179999999997,12.0503838,2.41007676,fixed
13.916598299983889,6,0.8200000000000001,-0.01458864,-2.917728,11.962684800000002,2.39253696,fixed
13.928067600005306,6,0.8200000000000001,-0.01519511,-3.039022,12.4599902,2.4919980400000004,fixed
13.939537199912593,6,0.8200000000000001,-0.01542001,-3.084002,12.6444082,2.5288816400000003,fixed
13.951075399992988,6,0.8200000000000001,-0.015333,-3.0666,12.57306,2.5146120000000005,fixed
13.962751499959268,6,0.8200000000000001,-0.01511072,-3.022144,12.3907904,2.47815808,fixed
13.97425500000827,6,0.8200000000000001,-0.01481262,-2.962524,12.1463484,2.4292696800000004,fixed
13.98590480000712,6,0.8200000000000001,-0.01452725,-2.90545,11.912345000000002,2.3824690000000004,fixed
13.997622999944724,6,0.8200000000000001,-0.01486475,-2.97295,12.189095,2.437819,fixed
14.009375599911436,6,0.8200000000000001,-0.0153972,-3.07944,12.625704,2.5251408,fixed
14.02087569993455,6,0.8200000000000001,-0.0153443,-3.06886,12.582326000000002,2.5164652000000003,fixed
14.032327199936844,6,0.8200000000000001,-0.01515383,-3.030766,12.426140600000002,2.48522812,fixed
14.043939499999397,6,0.8200000000000001,-0.01490959,-2.981918,12.225863800000003,2.44517276,fixed
14.055589299998246,6,0.8200000000000001,-0.01458586,-2.917172,11.960405200000002,2.39208104,fixed
14.068766799988225,7,0.81,-0.01550601,-3.101202,12.559868100000001,2.51197362,fixed
14.080383699969389,7,0.81,-0.01558218,-3.1164359999999998,12.621565799999999,2.52431316,fixed
14.091894999961369,7,0.81,-0.01540097,-3.0801939999999997,12.474785700000002,2.49495714,fixed
14.103336800006218,7,0.81,-0.01515557,-3.031114,12.2760117,2.45520234,fixed
14.114865600015037,7,0.81,-0.01489012,-2.978024,12.060997200000001,2.41219944,fixed
14.126273999921978,7,0.81,-0.01472122,-2.9442440000000003,11.924188200000001,2.38483764,fixed
14.137688499991782,7,0.81,-0.01519652,-3.039304,12.3091812,2.4618362400000002,fixed
14.149113899911754,7,0.81,-0.01557393,-3.1147859999999996,12.6148833,2.52297666,fixed
14.160679299966432,7,0.81,-0.01554908,-3.109816,12.5947548,2.51895096,fixed
14.172262799926102,7,0.81,-0.01536114,-3.072228,12.4425234,2.48850468,fixed
14.183824899955653,7,0.81,-0.01508423,-3.016846,12.218226300000001,2.4436452600000003,fixed
14.195442899945192,7,0.81,-0.01479237,-2.958474,11.981819700000003,2.39636394,fixed
14.207038900000043,7,0.81,-0.01484825,-2.96965,12.0270825,2.4054165000000003,fixed
14.218531899969094,7,0.81,-0.01546726,-3.093452,12.528480600000002,2.50569612,fixed
14.230095300008543,7,0.81,-0.01558974,-3.1179479999999997,12.627689400000001,2.52553788,fixed
14.241810399922542,7,0.81,-0.01543627,-3.087254,12.5033787,2.50067574,fixed
14.253458199906163,7,0.81,-0.0151821,-3.03642,12.297501,2.4595002000000004,fixed
14.265174699947238,7,0.81,-0.01485546,-2.9710919999999996,12.032922600000001,2.40658452,fixed
14.277060899999924,7,0.81,-0.01482951,-2.9659020000000003,12.0119031,2.40238062,fixed
14.288824699935503,7,0.81,-0.0155118,-3.10236,12.564558,2.5129116000000002,fixed
14.300264999968931,7,0.81,-0.01557839,-3.115678,12.618495900000001,2.52369918,fixed
14.311855099978857,7,0.81,-0.01542102,-3.084204,12.491026200000002,2.4982052400000003,fixed
14.323368799989112,7,0.81,-0.01516592,-3.033184,12.2843952,2.45687904,fixed
14.334968199953437,7,0.81,-0.014893,-2.9786,12.06333,2.412666,fixed
14.346644599922001,7,0.81,-0.01474468,-2.948936,11.9431908,2.38863816,fixed
14.358277699910104,7,0.81,-0.01536101,-3.072202,12.4424181,2.4884836200000002,fixed
14.369839999941178,7,0.81,-0.01559978,-3.119956,12.6358218,2.5271643600000004,fixed
14.381394499912858,7,0.81,-0.01547511,-3.095022,12.534839100000001,2.5069678200000003,fixed
14.393089799908921,7,0.81,-0.01523761,-3.047522,12.3424641,2.4684928200000003,fixed
14.404815799905919,7,0.81,-0.01493305,-2.9866099999999998,12.0957705,2.4191541,fixed
14.41659349994734,7,0.81,-0.01472433,-2.944866,11.926707300000002,2.3853414600000002,fixed
14.428271199925803,7,0.81,-0.01536277,-3.072554,12.4438437,2.48876874,fixed
14.440000799950212,7,0.81,-0.01560036,-3.120072,12.636291600000002,2.52725832,fixed
14.451656299992464,7,0.81,-0.01544848,-3.089696,12.5132688,2.5026537600000003,fixed
14.463281499920413,7,0.81,-0.01519533,-3.039066,12.3082173,2.4616434600000003,fixed
14.474967999965884,7,0.81,-0.01488986,-2.977972,12.0607866,2.41215732,fixed
14.48662310000509,7,0.81,-0.01472471,-2.944942,11.9270151,2.3854030200000005,fixed
14.498145899968222,7,0.81,-0.01532178,-3.064356,12.4106418,2.4821283600000004,fixed
14.509802699903958,7,0.81,-0.01559728,-3.119456,12.6337968,2.5267593600000002,fixed
14.521396399941295,7,0.81,-0.01547913,-3.095826,12.538095300000002,2.50761906,fixed
14.532977399998344,7,0.81,-0.01524284,-3.0485680000000004,12.346700400000001,2.4693400800000003,fixed
14.544763299985789,7,0.81,-0.0149522,-2.9904400000000004,12.111282000000001,2.4222564000000006,fixed
14.556242599966936,7,0.81,-0.01470664,-2.941328,11.912378400000001,2.38247568,fixed
14.567842399934307,7,0.81,-0.01517563,-3.035126,12.292260300000002,2.45845206,fixed
14.57937289995607,7,0.81,-0.0155809,-3.11618,12.620529,2.5241058,fixed
14.591025099973194,7,0.81,-0.01552724,-3.105448,12.577064400000001,2.51541288,fixed
14.602555999998003,7,0.81,-0.0153099,-3.0619799999999997,12.401019000000002,2.4802038,fixed
14.614220799994655,7,0.81,-0.01504562,-3.009124,12.1869522,2.43739044,fixed
14.62588860001415,7,0.81,-0.01471171,-2.942342,11.916485100000001,2.38329702,fixed
14.637502099969424,7,0.81,-0.01500764,-3.0015279999999995,12.1561884,2.4312376799999997,fixed
14.649022499914281,7,0.81,-0.01554744,-3.109488,12.5934264,2.51868528,fixed
14.66062489990145,7,0.81,-0.01555507,-3.111014,12.599606700000002,2.5199213400000002,fixed
14.672236199956387,7,0.81,-0.01537429,-3.074858,12.4531749,2.4906349800000003,fixed
14.683863100013696,7,0.81,-0.01511601,-3.023202,12.2439681,2.44879362,fixed
14.695418199989945,7,0.81,-0.01479717,-2.959434,11.9857077,2.3971415400000002,fixed
14.70711019996088,7,0.81,-0.01484382,-2.968764,12.023494200000002,2.4046988400000004,fixed
14.718783199903555,7,0.81,-0.0154694,-3.09388,12.530213999999999,2.5060428000000003,fixed
14.7304826999316,7,0.81,-0.01558547,-3.1170940000000003,12.6242307,2.52484614,fixed
14.742167999967933,7,0.81,-0.01538434,-3.076868,12.4613154,2.4922630800000003,fixed
14.753837199998088,7,0.81,-0.01512411,-3.024822,12.250529100000001,2.45010582,fixed
14.765525599941611,7,0.81,-0.01480466,-2.960932,11.991774600000001,2.39835492,fixed
14.777206699945964,7,0.81,-0.01486866,-2.973732,12.0436146,2.40872292,fixed
14.788746599922888,7,0.81,-0.01548203,-3.096406,12.540444300000003,2.50808886,fixed
14.800435599987395,7,0.81,-0.01557997,-3.1159939999999997,12.6197757,2.52395514,fixed
14.811955499928445,7,0.81,-0.01540649,-3.081298,12.479256900000001,2.49585138,fixed
14.823607199941762,7,0.81,-0.01515952,-3.031904,12.2792112,2.45584224,fixed
14.83525030000601,7,0.81,-0.01484597,-2.969194,12.025235700000001,2.40504714,fixed
14.846959299989976,7,0.81,-0.01480816,-2.9616320000000003,11.9946096,2.3989219200000003,fixed
14.858755099936388,7,0.81,-0.01544957,-3.089914,12.5141517,2.50283034,fixed
14.870534399989992,7,0.81,-0.01557422,-3.114844,12.615118200000001,2.5230236400000003,fixed
14.88223519991152,7,0.81,-0.01537822,-3.0756439999999996,12.4563582,2.49127164,fixed
14.89377969992347,7,0.81,-0.01510883,-3.021766,12.238152300000001,2.44763046,fixed
14.905322899925523,7,0.81,-0.01481255,-2.96251,11.9981655,2.3996331,fixed
14.916890099993907,7,0.81,-0.01479467,-2.958934,11.9836827,2.3967365400000005,fixed
14.928565499954857,7,0.81,-0.01541209,-3.0824179999999997,12.483792900000001,2.49675858,fixed
14.940123799955472,7,0.81,-0.01559009,-3.118018,12.6279729,2.5255945800000004,fixed
14.951868499978445,7,0.81,-0.0154408,-3.08816,12.507048,2.5014096,fixed
14.963454899960198,7,0.81,-0.01516639,-3.033278,12.284775900000001,2.4569551800000005,fixed
14.975000299979001,7,0.81,-0.01488015,-2.97603,12.0529215,2.4105843000000005,fixed
14.98661069991067,7,0.81,-0.01471408,-2.9428159999999997,11.918404800000001,2.38368096,fixed
14.998284499975853,7,0.81,-0.0153267,-3.06534,12.414627000000001,2.4829254,fixed
15.009818299906328,7,0.81,-0.01560013,-3.120026,12.6361053,2.5272210600000005,fixed
15.021450600004755,7,0.81,-0.01548001,-3.096002,12.538808100000002,2.50776162,fixed
15.03313779993914,7,0.81,-0.01524147,-3.048294,12.3455907,2.46911814,fixed
15.044714399962686,7,0.81,-0.01494348,-2.988696,12.1042188,2.4208437600000003,fixed
15.056174999917857,7,0.81,-0.01469671,-2.939342,11.9043351,2.38086702,fixed
15.06779669993557,7,0.81,-0.01513558,-3.027116,12.2598198,2.45196396,fixed
15.079440400004387,7,0.81,-0.01557369,-3.114738,12.6146889,2.5229377800000004,fixed
15.090937200002372,7,0.81,-0.01553556,-3.107112,12.5838036,2.51676072,fixed
15.10252189997118,7,0.81,-0.01534416,-3.068832,12.428769600000003,2.48575392,fixed
15.114135299925692,7,0.81,-0.01505557,-3.011114,12.1950117,2.43900234,fixed
15.125638999976218,7,0.81,-0.01475367,-2.9507339999999997,11.9504727,2.3900945399999998,fixed
15.137273299973458,7,0.81,-0.01489627,-2.979254,12.0659787,2.4131957400000004,fixed
15.148954499978572,7,0.81,-0.01550118,-3.1002359999999998,12.555955800000001,2.51119116,fixed
15.160553499939851,7,0.81,-0.01557189,-3.114378,12.613230900000001,2.52264618,fixed
15.172319500008598,7,0.81,-0.015383,-3.0766,12.460230000000001,2.492046,fixed
15.183893300010823,7,0.81,-0.01509347,-3.018694,12.2257107,2.44514214,fixed
15.195557200000621,7,0.81,-0.01480549,-2.961098,11.992446900000001,2.39848938,fixed
15.207208400010131,7,0.81,-0.01485423,-2.970846,12.0319263,2.40638526,fixed
15.219270400004461,7,0.81,-0.01547891,-3.0957820000000003,12.5379171,2.5075834200000005,fixed
15.230943499947898,7,0.81,-0.01554616,-3.109232,12.5923896,2.51847792,fixed
15.242641899967566,7,0.81,-0.01534055,-3.06811,12.425845500000001,2.4851691000000002,fixed
15.254267999902368,7,0.81,-0.0150502,-3.01004,12.190662000000001,2.4381324,fixed
15.265860999934375,7,0.81,-0.01473034,-2.946068,11.9315754,2.38631508,fixed
15.277493299916387,7,0.81,-0.0149756,-2.99512,12.130236,2.4260472,fixed
15.289068299927749,7,0.81,-0.01552992,-3.105984,12.579235200000001,2.51584704,fixed
15.300743900006637,7,0.81,-0.01556891,-3.113782,12.610817100000002,2.52216342,fixed
15.312412899918854,7,0.81,-0.01537545,-3.0750900000000003,12.454114500000003,2.4908229000000004,fixed
15.32394429994747,7,0.81,-0.01509108,-3.018216,12.2237748,2.44475496,fixed
15.335556800011545,7,0.81,-0.01478398,-2.9567959999999998,11.975023800000002,2.39500476,fixed
15.347073199925944,7,0.81,-0.01484244,-2.968488,12.0223764,2.4044752799999998,fixed
15.35871749999933,7,0.81,-0.01543931,-3.087862,12.5058411,2.5011682200000003,fixed
15.370408799964935,7,0.81,-0.01559292,-3.118584,12.6302652,2.52605304,fixed
15.38206239999272,7,0.81,-0.01540568,-3.081136,12.4786008,2.49572016,fixed
15.393744500004686,7,0.81,-0.01515102,-3.030204,12.2723262,2.45446524,fixed
15.40547479991801,7,0.81,-0.01482126,-2.9642519999999997,12.0052206,2.40104412,fixed
15.41729769995436,7,0.81,-0.01485689,-2.971378,12.034080900000001,2.4068161800000003,fixed
15.429326199926436,7,0.81,-0.01554368,-3.108736,12.590380800000002,2.51807616,fixed
15.441127999918535,7,0.81,-0.01554008,-3.108016,12.5874648,2.5174929600000002,fixed
15.452894399990328,7,0.81,-0.01531339,-3.062678,12.4038459,2.4807691800000002,fixed
15.464544499991462,7,0.81,-0.01499961,-2.999922,12.1496841,2.4299368200000004,fixed
15.476309499936178,7,0.81,-0.01469711,-2.9394219999999995,11.904659100000002,2.38093182,fixed
15.48794739996083,7,0.81,-0.01516,-3.032,12.2796,2.4559200000000003,fixed
15.499561099917628,7,0.81,-0.01558439,-3.1168780000000003,12.623355900000002,2.5246711800000003,fixed
15.511238000006415,7,0.81,-0.01553847,-3.107694,12.5861607,2.51723214,fixed
15.523684899904765,7,0.81,-0.01516442,-3.032884,12.2831802,2.4566360400000002,fixed
15.535344799980521,7,0.81,-0.01484609,-2.9692179999999997,12.0253329,2.4050665799999997,fixed
15.546987999929115,7,0.81,-0.01479502,-2.959004,11.983966200000001,2.3967932400000005,fixed
15.559399199904874,7,0.81,-0.01558229,-3.116458,12.621654900000001,2.5243309800000002,fixed
15.570915199932642,7,0.81,-0.01554257,-3.108514,12.5894817,2.51789634,fixed
15.58237109996844,7,0.81,-0.01534792,-3.069584,12.431815199999999,2.48636304,fixed
15.593824099982157,7,0.81,-0.01510678,-3.021356,12.236491800000001,2.44729836,fixed
15.605450399918482,7,0.81,-0.01482766,-2.965532,12.0104046,2.4020809200000004,fixed
15.61693459993694,7,0.81,-0.0148112,-2.96224,11.997072000000001,2.3994144,fixed
15.628308299928904,7,0.81,-0.01535491,-3.070982,12.4374771,2.48749542,fixed
15.63994509994518,7,0.81,-0.01560037,-3.120074,12.6362997,2.52725994,fixed
15.651899999938905,7,0.81,-0.01547792,-3.0955839999999997,12.5371152,2.50742304,fixed
15.663694299990311,7,0.81,-0.01516762,-3.033524,12.285772200000002,2.45715444,fixed
15.675452700001188,7,0.81,-0.01483011,-2.966022,12.012389100000002,2.40247782,fixed
15.687189199961722,7,0.81,-0.01484474,-2.968948,12.0242394,2.40484788,fixed
15.698953799903393,7,0.81,-0.01547132,-3.094264,12.531769200000001,2.50635384,fixed
15.71084559999872,7,0.81,-0.01556548,-3.1130959999999996,12.608038800000001,2.5216077599999998,fixed
15.722632199991494,7,0.81,-0.01536237,-3.072474,12.443519700000001,2.48870394,fixed
15.73502689995803,7,0.81,-0.01492051,-2.984102,12.0856131,2.41712262,fixed
15.746736799948849,7,0.81,-0.01473053,-2.946106,11.9317293,2.38634586,fixed
15.758690399932675,7,0.81,-0.01535723,-3.071446,12.4393563,2.48787126,fixed
15.7704628999345,7,0.81,-0.01559113,-3.118226,12.628815300000001,2.52576306,fixed
15.782098099938594,7,0.81,-0.01541837,-3.0836740000000002,12.488879700000002,2.4977759400000004,fixed
15.793850699905306,7,0.81,-0.01515609,-3.031218,12.276432900000001,2.45528658,fixed
15.805537799955346,7,0.81,-0.014809,-2.9617999999999998,11.99529,2.399058,fixed
15.81729809998069,7,0.81,-0.01486714,-2.9734279999999997,12.0423834,2.40847668,fixed
15.828963999985717,7,0.81,-0.01549396,-3.098792,12.5501076,2.51002152,fixed
15.840869399951771,7,0.81,-0.01558054,-3.116108,12.6202374,2.52404748,fixed
15.852554699988104,7,0.81,-0.01537066,-3.0741319999999996,12.4502346,2.4900469199999997,fixed
15.864212099928409,7,0.81,-0.01507499,-3.014998,12.2107419,2.44214838,fixed
15.875823999987915,7,0.81,-0.0147621,-2.95242,11.957301000000001,2.3914602,fixed
15.887514499947429,7,0.81,-0.01494214,-2.988428,12.1031334,2.4206266800000003,fixed
15.89916229993105,7,0.81,-0.01556839,-3.1136779999999997,12.6103959,2.52207918,fixed
15.910539699951187,7,0.81,-0.0155853,-3.11706,12.624093000000002,2.5248186,fixed
15.922065299935639,7,0.81,-0.01543104,-3.086208,12.499142400000002,2.49982848,fixed
15.933440399938263,7,0.81,-0.01519203,-3.038406,12.305544300000001,2.4611088600000004,fixed
15.945058799930848,7,0.81,-0.01493416,-2.986832,12.0966696,2.41933392,fixed
15.956511699943803,7,0.81,-0.01472887,-2.945774,11.930384700000001,2.38607694,fixed
15.968118699965999,7,0.81,-0.0152309,-3.04618,12.337029000000001,2.4674058000000003,fixed
15.979590200004168,7,0.81,-0.01559111,-3.1182220000000003,12.6287991,2.52575982,fixed
15.991132399998605,7,0.81,-0.01554235,-3.10847,12.589303500000002,2.5178607000000004,fixed
16.002840099972673,7,0.81,-0.01531491,-3.062982,12.4050771,2.48101542,fixed
16.014731099945493,7,0.81,-0.0150081,-3.00162,12.156561000000002,2.4313122000000003,fixed
16.02650979999453,7,0.81,-0.01470554,-2.941108,11.9114874,2.38229748,fixed
16.038618899998255,7,0.81,-0.01535672,-3.0713440000000003,12.438943200000002,2.48778864,fixed
16.05049529997632,7,0.81,-0.01560833,-3.1216660000000003,12.642747300000002,2.5285494600000002,fixed
16.06242360000033,7,0.81,-0.01541831,-3.083662,12.4888311,2.49776622,fixed
16.076571199926548,8,0.8200000000000001,-0.01454109,-2.9082179999999997,11.9236938,2.38473876,fixed
16.088495999923907,8,0.8200000000000001,-0.01513632,-3.0272639999999997,12.411782400000002,2.48235648,fixed
16.100264999899082,8,0.8200000000000001,-0.01543545,-3.08709,12.657069000000002,2.5314138,fixed
16.11219529993832,8,0.8200000000000001,-0.015266,-3.0532,12.518120000000001,2.5036240000000003,fixed
16.12420979992021,8,0.8200000000000001,-0.01491971,-2.983942,12.2341622,2.44683244,fixed
16.136117499903776,8,0.8200000000000001,-0.01456711,-2.9134219999999997,11.9450302,2.38900604,fixed
16.148125399951823,8,0.8200000000000001,-0.01499135,-2.99827,12.292907000000001,2.4585814000000004,fixed
16.15990929992404,8,0.8200000000000001,-0.01543145,-3.08629,12.653789,2.5307578000000004,fixed
16.171394199947827,8,0.8200000000000001,-0.01533782,-3.067564,12.577012400000001,2.51540248,fixed
16.1829225999536,8,0.8200000000000001,-0.01510857,-3.0217140000000002,12.3890274,2.4778054800000002,fixed
16.194643499911763,8,0.8200000000000001,-0.01484738,-2.9694760000000002,12.174851600000002,2.4349703200000006,fixed
16.206111699924804,8,0.8200000000000001,-0.01453248,-2.9064959999999997,11.9166336,2.38332672,fixed
16.217606099904515,8,0.8200000000000001,-0.01487266,-2.974532,12.1955812,2.43911624,fixed
16.229170299950056,8,0.8200000000000001,-0.01537413,-3.074826,12.606786600000001,2.52135732,fixed
16.24057719996199,8,0.8200000000000001,-0.01541323,-3.082646,12.638848600000001,2.52776972,fixed
16.25224589998834,8,0.8200000000000001,-0.01524564,-3.049128,12.5014248,2.50028496,fixed
16.26370089990087,8,0.8200000000000001,-0.0149924,-2.99848,12.293768,2.4587536,fixed
16.27530619991012,8,0.8200000000000001,-0.014712,-2.9424,12.06384,2.4127680000000002,fixed
16.28703799995128,8,0.8200000000000001,-0.01461994,-2.923988,11.988350800000001,2.39767016,fixed
16.2986950998893,8,0.8200000000000001,-0.01526507,-3.053014,12.517357400000002,2.5034714800000004,fixed
16.310166299925186,8,0.8200000000000001,-0.0154325,-3.0865,12.654650000000002,2.53093,fixed
16.321940299938433,8,0.8200000000000001,-0.0152949,-3.05898,12.541818000000001,2.5083636,fixed
16.333616499905474,8,0.8200000000000001,-0.01503678,-3.007356,12.330159600000002,2.4660319200000003,fixed
16.345037499908358,8,0.8200000000000001,-0.01471969,-2.943938,12.0701458,2.41402916,fixed
16.356451299972832,8,0.8200000000000001,-0.01455169,-2.9103380000000003,11.932385800000002,2.3864771600000005,fixed
16.367838199948892,8,0.8200000000000001,-0.01500704,-3.001408,12.3057728,2.46115456,fixed
16.379284099908546,8,0.8200000000000001,-0.0153934,-3.07868,12.622588,2.5245176000000003,fixed
16.390879399958067,8,0.8200000000000001,-0.01539574,-3.079148,12.6245068,2.5249013600000003,fixed
16.402616399922408,8,0.8200000000000001,-0.01520001,-3.0400020000000003,12.464008200000002,2.4928016400000006,fixed
16.41414269991219,8,0.8200000000000001,-0.0149042,-2.9808399999999997,12.221444,2.4442888,fixed
16.425832899985835,8,0.8200000000000001,-0.01461076,-2.922152,11.980823200000001,2.3961646400000003,fixed
16.43728679988999,8,0.8200000000000001,-0.01471532,-2.943064,12.0665624,2.41331248,fixed
16.448836299940012,8,0.8200000000000001,-0.01530579,-3.061158,12.550747800000002,2.51014956,fixed
16.460321999969892,8,0.8200000000000001,-0.015435,-3.087,12.656700000000003,2.53134,fixed
16.472071299911477,8,0.8200000000000001,-0.01527722,-3.055444,12.5273204,2.5054640800000003,fixed
16.483643799903803,8,0.8200000000000001,-0.01500317,-3.000634,12.302599400000002,2.46051988,fixed
16.4953591999365,8,0.8200000000000001,-0.01471635,-2.94327,12.067407000000001,2.4134814,fixed
16.5069728998933,8,0.8200000000000001,-0.01457932,-2.915864,11.955042400000002,2.39100848,fixed
16.518556299968623,8,0.8200000000000001,-0.01521269,-3.0425379999999995,12.4744058,2.49488116,fixed
16.530392999993637,8,0.8200000000000001,-0.01543079,-3.086158,12.6532478,2.5306495600000005,fixed
16.542137099895626,8,0.8200000000000001,-0.01526558,-3.053116,12.517775600000002,2.50355512,fixed
16.553889599977992,8,0.8200000000000001,-0.01498735,-2.99747,12.289627000000001,2.4579254,fixed
16.56557479989715,8,0.8200000000000001,-0.01465238,-2.9304759999999996,12.0149516,2.40299032,fixed
16.577173999976367,8,0.8200000000000001,-0.01467303,-2.934606,12.031884600000001,2.40637692,fixed
16.588969699922018,8,0.8200000000000001,-0.01530393,-3.0607860000000002,12.549222600000002,2.5098445200000006,fixed
16.600504099973477,8,0.8200000000000001,-0.0154197,-3.0839399999999997,12.644154,2.5288307999999997,fixed
16.612082699895836,8,0.8200000000000001,-0.01526551,-3.053102,12.5177182,2.50354364,fixed
16.623759199981578,8,0.8200000000000001,-0.01500363,-3.0007260000000002,12.302976600000001,2.4605953200000004,fixed
16.63529839995317,8,0.8200000000000001,-0.01468457,-2.936914,12.041347400000001,2.40826948,fixed
16.6469101998955,8,0.8200000000000001,-0.01457568,-2.915136,11.952057600000002,2.3904115200000002,fixed
16.65857029997278,8,0.8200000000000001,-0.01517604,-3.035208,12.4443528,2.48887056,fixed
16.67022289999295,8,0.8200000000000001,-0.01543332,-3.086664,12.655322400000003,2.53106448,fixed
16.6820806999458,8,0.8200000000000001,-0.01527775,-3.0555499999999998,12.527755,2.505551,fixed
16.69385499996133,8,0.8200000000000001,-0.01500465,-3.00093,12.303813,2.4607626000000002,fixed
16.70551619993057,8,0.8200000000000001,-0.01466197,-2.932394,12.0228154,2.40456308,fixed
16.71714959992096,8,0.8200000000000001,-0.01462668,-2.925336,11.993877600000001,2.3987755200000005,fixed
16.728998399921693,8,0.8200000000000001,-0.01525025,-3.0500499999999997,12.505205,2.501041,fixed
16.740738099906594,8,0.8200000000000001,-0.01540952,-3.0819039999999998,12.635806400000002,2.52716128,fixed
16.752358199912123,8,0.8200000000000001,-0.01523506,-3.047012,12.4927492,2.4985498400000004,fixed
16.7640138999559,8,0.8200000000000001,-0.014966,-2.9932,12.272120000000001,2.454424,fixed
16.775543299969286,8,0.8200000000000001,-0.01465656,-2.931312,12.018379200000002,2.4036758400000005,fixed
16.787203099927865,8,0.8200000000000001,-0.01463219,-2.926438,11.9983958,2.3996791600000003,fixed
16.79871879995335,8,0.8200000000000001,-0.01525844,-3.051688,12.511920800000002,2.50238416,fixed
16.810342699987814,8,0.8200000000000001,-0.015435,-3.087,12.656700000000003,2.53134,fixed
16.82192169991322,8,0.8200000000000001,-0.01528567,-3.057134,12.5342494,2.5068498800000003,fixed
16.833463999908417,8,0.8200000000000001,-0.01504915,-3.00983,12.340303000000002,2.4680606000000003,fixed
16.845142599893734,8,0.8200000000000001,-0.0147642,-2.95284,12.106644000000001,2.4213288000000004,fixed
16.85698429995682,8,0.8200000000000001,-0.01458948,-2.917896,11.9633736,2.39267472,fixed
16.86860859999433,8,0.8200000000000001,-0.01519616,-3.039232,12.4608512,2.4921702400000005,fixed
16.880335900001228,8,0.8200000000000001,-0.01543379,-3.086758,12.6557078,2.5311415600000005,fixed
16.891878199996427,8,0.8200000000000001,-0.01528874,-3.057748,12.536766800000002,2.50735336,fixed
16.90345439990051,8,0.8200000000000001,-0.01502508,-3.005016,12.320565600000002,2.46411312,fixed
16.915135799907148,8,0.8200000000000001,-0.01475073,-2.950146,12.0955986,2.4191197200000003,fixed
16.926774599938653,8,0.8200000000000001,-0.01454394,-2.908788,11.926030800000001,2.38520616,fixed
16.93845189991407,8,0.8200000000000001,-0.01511184,-3.0223679999999997,12.3917088,2.47834176,fixed
16.949987099971622,8,0.8200000000000001,-0.01543143,-3.086286,12.6537726,2.53075452,fixed
16.96173799992539,8,0.8200000000000001,-0.01531131,-3.062262,12.555274200000001,2.5110548400000003,fixed
16.973415899905376,8,0.8200000000000001,-0.01507922,-3.0158440000000004,12.364960400000001,2.4729920800000005,fixed
16.985149399959482,8,0.8200000000000001,-0.01474927,-2.9498539999999998,12.0944014,2.4188802799999998,fixed
16.997124499990605,8,0.8200000000000001,-0.01459199,-2.9183980000000003,11.965431800000003,2.3930863600000003,fixed
17.009129599900916,8,0.8200000000000001,-0.01529105,-3.05821,12.538661000000001,2.5077322,fixed
17.020896599977277,8,0.8200000000000001,-0.01540167,-3.0803339999999997,12.6293694,2.52587388,fixed
17.032694199937396,8,0.8200000000000001,-0.01518447,-3.036894,12.451265400000002,2.4902530800000005,fixed
17.044432999915443,8,0.8200000000000001,-0.01487416,-2.974832,12.1968112,2.4393622400000003,fixed
17.056411699973978,8,0.8200000000000001,-0.01453851,-2.9077019999999996,11.921578199999999,2.3843156399999996,fixed
17.06833189993631,8,0.8200000000000001,-0.01502565,-3.0051300000000003,12.321033,2.4642066000000002,fixed
17.080076599959284,8,0.8200000000000001,-0.01543226,-3.086452,12.6544532,2.53089064,fixed
17.092152099939995,8,0.8200000000000001,-0.01526875,-3.05375,12.520375,2.5040750000000003,fixed
17.104083199985325,8,0.8200000000000001,-0.01496919,-2.993838,12.2747358,2.4549471600000006,fixed
17.115868799970485,8,0.8200000000000001,-0.01460664,-2.921328,11.9774448,2.3954889600000002,fixed
17.127704399987124,8,0.8200000000000001,-0.01481137,-2.962274,12.1453234,2.42906468,fixed
17.139669799944386,8,0.8200000000000001,-0.01539992,-3.079984,12.627934400000001,2.52558688,fixed
17.15149229997769,8,0.8200000000000001,-0.01534783,-3.069566,12.585220600000001,2.51704412,fixed
17.163404599996284,8,0.8200000000000001,-0.01506555,-3.01311,12.353751,2.4707502000000003,fixed
17.175278599956073,8,0.8200000000000001,-0.01475386,-2.950772,12.098165200000002,2.4196330400000003,fixed
17.187210699892603,8,0.8200000000000001,-0.01459911,-2.919822,11.971270200000001,2.3942540400000003,fixed
17.198815399897285,8,0.8200000000000001,-0.01529987,-3.059974,12.5458934,2.50917868,fixed
17.21027649997268,8,0.8200000000000001,-0.01542854,-3.085708,12.651402800000001,2.53028056,fixed
17.221765799913555,8,0.8200000000000001,-0.0152948,-3.05896,12.541736000000002,2.5083472,fixed
17.23335309990216,8,0.8200000000000001,-0.01506646,-3.0132920000000003,12.3544972,2.4708994400000006,fixed
17.244753399980254,8,0.8200000000000001,-0.01479371,-2.958742,12.1308422,2.42616844,fixed
17.256450699991547,8,0.8200000000000001,-0.01453573,-2.907146,11.919298600000001,2.3838597200000002,fixed
17.268172799958847,8,0.8200000000000001,-0.01502335,-3.00467,12.319147000000001,2.4638294000000003,fixed
17.279958399944007,8,0.8200000000000001,-0.0154348,-3.0869600000000004,12.656536000000001,2.5313072000000005,fixed
17.291801299899817,8,0.8200000000000001,-0.01532957,-3.0659140000000003,12.570247400000001,2.5140494800000006,fixed
17.30374399991706,8,0.8200000000000001,-0.01503991,-3.007982,12.332726200000002,2.4665452400000003,fixed
17.31560929992702,8,0.8200000000000001,-0.01466378,-2.932756,12.024299599999999,2.4048599200000003,fixed
17.327398599940352,8,0.8200000000000001,-0.01469461,-2.9389220000000003,12.049580200000001,2.4099160400000006,fixed
17.339211399899796,8,0.8200000000000001,-0.01533725,-3.06745,12.576545000000001,2.5153090000000002,fixed
17.350990199949592,8,0.8200000000000001,-0.01540276,-3.080552,12.6302632,2.52605264,fixed
17.362773299915716,8,0.8200000000000001,-0.01518507,-3.037014,12.451757400000002,2.49035148,fixed
17.374550799955614,8,0.8200000000000001,-0.01486708,-2.973416,12.1910056,2.43820112,fixed
17.386456499923952,8,0.8200000000000001,-0.01453737,-2.907474,11.920643400000001,2.3841286800000003,fixed
17.398345199995674,8,0.8200000000000001,-0.01503967,-3.0079339999999997,12.3325294,2.4665058799999997,fixed
17.41006909997668,8,0.8200000000000001,-0.01543372,-3.086744,12.6556504,2.53113008,fixed
17.42204320000019,8,0.8200000000000001,-0.01529904,-3.059808,12.5452128,2.50904256,fixed
17.43391519994475,8,0.8200000000000001,-0.01499007,-2.998014,12.2918574,2.4583714800000003,fixed
17.446294299908914,8,0.8200000000000001,-0.01454823,-2.909646,11.9295486,2.3859097200000003,fixed
17.4581884999061,8,0.8200000000000001,-0.01496416,-2.9928320000000004,12.270611200000001,2.4541222400000007,fixed
17.470066199894063,8,0.8200000000000001,-0.01543785,-3.08757,12.659037,2.5318074,fixed
17.48203809990082,8,0.8200000000000001,-0.01530806,-3.061612,12.552609200000001,2.51052184,fixed
17.493845999939367,8,0.8200000000000001,-0.01500897,-3.001794,12.3073554,2.46147108,fixed
17.505898399977013,8,0.8200000000000001,-0.01465487,-2.930974,12.016993400000002,2.40339868,fixed
17.517721299896948,8,0.8200000000000001,-0.01479957,-2.959914,12.135647400000002,2.42712948,fixed
17.529561799950898,8,0.8200000000000001,-0.01540427,-3.0808539999999995,12.6315014,2.5263002799999996,fixed
17.54126389999874,8,0.8200000000000001,-0.01537463,-3.074926,12.6071966,2.5214393200000003,fixed
17.55309629999101,8,0.8200000000000001,-0.01513875,-3.02775,12.413775,2.4827550000000005,fixed
17.56493569992017,8,0.8200000000000001,-0.01478578,-2.9571560000000003,12.1243396,2.4248679200000005,fixed
17.576835199957713,8,0.8200000000000001,-0.0145487,-2.90974,11.929934,2.3859868000000004,fixed
17.58849100000225,8,0.8200000000000001,-0.01516086,-3.032172,12.431905200000001,2.4863810400000004,fixed
17.599837399902754,8,0.8200000000000001,-0.01543329,-3.0866580000000003,12.655297800000001,2.5310595600000005,fixed
17.611258099903353,8,0.8200000000000001,-0.01535926,-3.071852,12.5945932,2.51891864,fixed
17.622711699921638,8,0.8200000000000001,-0.01515863,-3.031726,12.430076600000001,2.48601532,fixed
17.63421649998054,8,0.8200000000000001,-0.01492452,-2.984904,12.238106400000001,2.44762128,fixed
17.645785699947737,8,0.8200000000000001,-0.01462473,-2.9249460000000003,11.9922786,2.3984557200000003,fixed
17.657409799983725,8,0.8200000000000001,-0.01468379,-2.936758,12.040707800000002,2.4081415600000002,fixed
17.668981299968436,8,0.8200000000000001,-0.01529669,-3.059338,12.543285800000001,2.5086571600000003,fixed
17.68057059997227,8,0.8200000000000001,-0.01543262,-3.086524,12.6547484,2.53094968,fixed
17.69217899988871,8,0.8200000000000001,-0.01526942,-3.053884,12.520924400000002,2.5041848800000004,fixed
17.703712499933317,8,0.8200000000000001,-0.01502536,-3.0050719999999997,12.3207952,2.46415904,fixed
17.715376999927685,8,0.8200000000000001,-0.01473845,-2.94769,12.085529000000001,2.4171058000000003,fixed
17.72712919989135,8,0.8200000000000001,-0.01460337,-2.920674,11.974763399999999,2.3949526800000003,fixed
17.739050999982283,8,0.8200000000000001,-0.01529253,-3.0585060000000004,12.539874600000001,2.5079749200000006,fixed
17.75102619989775,8,0.8200000000000001,-0.01541491,-3.0829820000000003,12.640226200000003,2.5280452400000004,fixed
17.76279959990643,8,0.8200000000000001,-0.01518712,-3.037424,12.453438400000001,2.49068768,fixed
17.774692299892195,8,0.8200000000000001,-0.01488326,-2.976652,12.204273200000001,2.4408546400000004,fixed
17.786519399960525,8,0.8200000000000001,-0.01453637,-2.907274,11.919823400000002,2.3839646800000005,fixed
17.79836339992471,8,0.8200000000000001,-0.01505572,-3.011144,12.3456904,2.46913808,fixed
17.810198499937542,8,0.8200000000000001,-0.01543628,-3.087256,12.6577496,2.5315499200000002,fixed
17.821974499966018,8,0.8200000000000001,-0.01529931,-3.059862,12.5454342,2.50908684,fixed
17.833916199975647,8,0.8200000000000001,-0.01503786,-3.007572,12.331045200000002,2.4662090400000003,fixed
17.845834699925035,8,0.8200000000000001,-0.01463253,-2.926506,11.9986746,2.39973492,fixed
17.857937299995683,8,0.8200000000000001,-0.01480683,-2.961366,12.141600600000002,2.42832012,fixed
17.86969239998143,8,0.8200000000000001,-0.01540482,-3.080964,12.6319524,2.52639048,fixed
17.881971099996008,8,0.8200000000000001,-0.01536863,-3.0737259999999997,12.6022766,2.52045532,fixed
17.894197699963115,8,0.8200000000000001,-0.01497351,-2.994702,12.2782782,2.4556556400000003,fixed
17.905732999905013,8,0.8200000000000001,-0.0146264,-2.92528,11.993648,2.3987296000000002,fixed
17.917316299979575,8,0.8200000000000001,-0.01466227,-2.932454,12.0230614,2.4046122800000003,fixed
17.929028899990954,8,0.8200000000000001,-0.01527747,-3.055494,12.527525400000002,2.5055050800000003,fixed
17.94076909997966,8,0.8200000000000001,-0.01542098,-3.084196,12.645203600000002,2.5290407200000002,fixed
17.952378199901432,8,0.8200000000000001,-0.01523552,-3.047104,12.493126400000001,2.49862528,fixed
17.96404409990646,8,0.8200000000000001,-0.01496162,-2.992324,12.268528400000001,2.45370568,fixed
17.975742399925366,8,0.8200000000000001,-0.01465797,-2.9315939999999996,12.0195354,2.4039070799999998,fixed
17.987205699901097,8,0.8200000000000001,-0.01466023,-2.932046,12.0213886,2.4042777200000005,fixed
17.998917799908668,8,0.8200000000000001,-0.01525482,-3.050964,12.508952400000002,2.5017904800000004,fixed
18.01061709993519,8,0.8200000000000001,-0.0154323,-3.0864599999999998,12.654486000000002,2.5308972,fixed
18.022310499916784,8,0.8200000000000001,-0.01525436,-3.050872,12.508575200000001,2.50171504,fixed
18.03395789989736,8,0.8200000000000001,-0.01497651,-2.9953019999999997,12.2807382,2.4561476399999997,fixed
18.0455290999962,8,0.8200000000000001,-0.01468006,-2.936012,12.0376492,2.40752984,fixed
18.057282999972813,8,0.8200000000000001,-0.01462173,-2.924346,11.9898186,2.39796372,fixed
18.069109999923967,8,0.8200000000000001,-0.01528216,-3.056432,12.5313712,2.50627424,fixed
18.082877999986522,9,0.8300000000000001,-0.01498571,-2.9971419999999998,12.4381393,2.48762786,fixed
18.094574499991722,9,0.8300000000000001,-0.01468175,-2.93635,12.185852500000001,2.4371705,fixed
18.106312899966724,9,0.8300000000000001,-0.01434634,-2.8692680000000004,11.907462200000001,2.3814924400000006,fixed
18.117860199999996,9,0.8300000000000001,-0.01469809,-2.9396180000000003,12.199414700000002,2.4398829400000004,fixed
18.129550599958748,9,0.8300000000000001,-0.01519752,-3.039504,12.6139416,2.52278832,fixed
18.141166399931535,9,0.8300000000000001,-0.01519174,-3.038348,12.609144200000001,2.5218288400000004,fixed
18.153118299902417,9,0.8300000000000001,-0.01493913,-2.987826,12.3994779,2.4798955800000004,fixed
18.165017599938437,9,0.8300000000000001,-0.01463801,-2.927602,12.1495483,2.42990966,fixed
18.17682299995795,9,0.8300000000000001,-0.0143471,-2.86942,11.908093000000001,2.3816186,fixed
18.188695399905555,9,0.8300000000000001,-0.01497014,-2.994028,12.4252162,2.4850432400000004,fixed
18.200403399998322,9,0.8300000000000001,-0.01523307,-3.046614,12.6434481,2.52868962,fixed
18.211995599907823,9,0.8300000000000001,-0.01508864,-3.017728,12.523571200000001,2.50471424,fixed
18.223419099929743,9,0.8300000000000001,-0.01485331,-2.970662,12.328247300000001,2.4656494600000003,fixed
18.235083399922587,9,0.8300000000000001,-0.01459964,-2.919928,12.1177012,2.4235402400000003,fixed
18.24673269991763,9,0.8300000000000001,-0.01433771,-2.867542,11.900299300000002,2.3800598600000002,fixed
18.258331199991517,9,0.8300000000000001,-0.01487982,-2.9759640000000003,12.3502506,2.4700501200000002,fixed
18.26985129993409,9,0.8300000000000001,-0.01523152,-3.046304,12.642161600000001,2.5284323200000003,fixed
18.28141890000552,9,0.8300000000000001,-0.01515783,-3.031566,12.5809989,2.5161997800000004,fixed
18.293056099908426,9,0.8300000000000001,-0.01494507,-2.989014,12.4044081,2.4808816200000003,fixed
18.304557899944484,9,0.8300000000000001,-0.0146558,-2.9311599999999998,12.164314000000001,2.4328628,fixed
18.316232499899343,9,0.8300000000000001,-0.01436855,-2.87371,11.925896500000002,2.3851793000000003,fixed
18.327729300013743,9,0.8300000000000001,-0.01464344,-2.928688,12.154055200000002,2.4308110400000005,fixed
18.339428999926895,9,0.8300000000000001,-0.01516599,-3.033198,12.587771700000001,2.5175543400000002,fixed
18.351104800007306,9,0.8300000000000001,-0.01520459,-3.040918,12.619809700000001,2.5239619400000004,fixed
18.362813799991272,9,0.8300000000000001,-0.01498751,-2.997502,12.439633300000002,2.4879266600000003,fixed
18.37433989997953,9,0.8300000000000001,-0.0147185,-2.9437,12.216355000000002,2.443271,fixed
18.386003899970092,9,0.8300000000000001,-0.01440845,-2.88169,11.959013500000001,2.3918027,fixed
18.397806099965237,9,0.8300000000000001,-0.01461325,-2.92265,12.1289975,2.4257995,fixed
18.409803699934855,9,0.8300000000000001,-0.01519443,-3.038886,12.6113769,2.5222753800000004,fixed
18.421823799959384,9,0.8300000000000001,-0.01515226,-3.030452,12.576375800000001,2.5152751600000003,fixed
18.43359429994598,9,0.8300000000000001,-0.01486088,-2.972176,12.334530400000002,2.4669060800000002,fixed
18.4453473999165,9,0.8300000000000001,-0.01454291,-2.908582,12.0706153,2.41412306,fixed
18.457211999921128,9,0.8300000000000001,-0.01439569,-2.8791379999999998,11.9484227,2.38968454,fixed
18.469182699918747,9,0.8300000000000001,-0.01508759,-3.017518,12.5226997,2.5045399400000004,fixed
18.48097529995721,9,0.8300000000000001,-0.01520529,-3.041058,12.620390700000002,2.5240781400000003,fixed
18.492820999934338,9,0.8300000000000001,-0.01499356,-2.998712,12.444654800000002,2.4889309600000002,fixed
18.504686699947342,9,0.8300000000000001,-0.01466727,-2.9334540000000002,12.1738341,2.4347668200000006,fixed
18.51664179994259,9,0.8300000000000001,-0.01433906,-2.867812,11.901419800000001,2.38028396,fixed
18.52846329996828,9,0.8300000000000001,-0.01488473,-2.9769460000000003,12.354325900000001,2.4708651800000005,fixed
18.540338299935684,9,0.8300000000000001,-0.01523629,-3.0472580000000002,12.6461207,2.5292241400000006,fixed
18.552290699910372,9,0.8300000000000001,-0.01507131,-3.0142619999999996,12.5091873,2.50183746,fixed
18.56412889994681,9,0.8300000000000001,-0.01476564,-2.953128,12.255481200000002,2.45109624,fixed
18.575912299915217,9,0.8300000000000001,-0.01442802,-2.885604,11.975256600000002,2.39505132,fixed
18.587672299938276,9,0.8300000000000001,-0.0145549,-2.91098,12.080567000000002,2.4161134,fixed
18.59949970000889,9,0.8300000000000001,-0.01517254,-3.0345079999999998,12.593208200000001,2.5186416400000002,fixed
18.611216499935836,9,0.8300000000000001,-0.01518724,-3.037448,12.6054092,2.5210818400000004,fixed
18.622776499949396,9,0.8300000000000001,-0.01496611,-2.993222,12.4218713,2.48437426,fixed
18.634268699912354,9,0.8300000000000001,-0.01471874,-2.943748,12.216554200000001,2.44331084,fixed
18.64592789998278,9,0.8300000000000001,-0.0144215,-2.8843,11.969845000000001,2.3939690000000002,fixed
18.657560399966314,9,0.8300000000000001,-0.01450043,-2.900086,12.0353569,2.40707138,fixed
18.669175699935295,9,0.8300000000000001,-0.01512069,-3.024138,12.550172700000003,2.5100345400000004,fixed
18.680792599916458,9,0.8300000000000001,-0.01521285,-3.04257,12.626665500000001,2.5253331,fixed
18.692266699974425,9,0.8300000000000001,-0.01504515,-3.00903,12.487474500000001,2.4974949000000004,fixed
18.703793999971822,9,0.8300000000000001,-0.01480556,-2.961112,12.288614800000001,2.4577229600000003,fixed
18.71528479992412,9,0.8300000000000001,-0.01453871,-2.907742,12.067129300000001,2.4134258600000003,fixed
18.726854100008495,9,0.8300000000000001,-0.01436145,-2.87229,11.9200035,2.3840007,fixed
18.738497599959373,9,0.8300000000000001,-0.01489616,-2.979232,12.363812800000002,2.4727625600000005,fixed
18.750114299939014,9,0.8300000000000001,-0.01523687,-3.047374,12.6466021,2.5293204200000003,fixed
18.76195179997012,9,0.8300000000000001,-0.01511859,-3.0237179999999997,12.5484297,2.50968594,fixed
18.77380510000512,9,0.8300000000000001,-0.01486178,-2.972356,12.3352774,2.4670554800000004,fixed
18.785430599935353,9,0.8300000000000001,-0.01454381,-2.9087620000000003,12.0713623,2.4142724600000003,fixed
18.79695999994874,9,0.8300000000000001,-0.01438634,-2.877268,11.9406622,2.38813244,fixed
18.80865579994861,9,0.8300000000000001,-0.0149322,-2.98644,12.393726000000001,2.4787452,fixed
18.82038539997302,9,0.8300000000000001,-0.01524688,-3.049376,12.654910400000002,2.5309820800000002,fixed
18.83214750001207,9,0.8300000000000001,-0.01509901,-3.019802,12.5321783,2.50643566,fixed
18.843693899922073,9,0.8300000000000001,-0.01484853,-2.969706,12.324279900000002,2.4648559800000003,fixed
18.85544299997855,9,0.8300000000000001,-0.01454568,-2.909136,12.0729144,2.41458288,fixed
18.867061899974942,9,0.8300000000000001,-0.01437645,-2.87529,11.932453500000003,2.3864907000000004,fixed
18.878750299918465,9,0.8300000000000001,-0.01496481,-2.992962,12.4207923,2.48415846,fixed
18.890332899987698,9,0.8300000000000001,-0.01524448,-3.048896,12.6529184,2.5305836800000003,fixed
18.90209310001228,9,0.8300000000000001,-0.01510397,-3.020794,12.5362951,2.5072590200000002,fixed
18.91360819991678,9,0.8300000000000001,-0.01486359,-2.972718,12.3367797,2.46735594,fixed
18.92503439995926,9,0.8300000000000001,-0.01458086,-2.916172,12.1021138,2.42042276,fixed
18.936580799985677,9,0.8300000000000001,-0.01434604,-2.8692079999999995,11.907213200000001,2.38144264,fixed
18.948152899974957,9,0.8300000000000001,-0.01478699,-2.957398,12.273201700000001,2.45464034,fixed
18.96000289998483,9,0.8300000000000001,-0.01522041,-3.044082,12.632940300000001,2.5265880600000004,fixed
18.97180609998759,9,0.8300000000000001,-0.01515588,-3.031176,12.579380400000002,2.51587608,fixed
18.983531399979256,9,0.8300000000000001,-0.0148979,-2.97958,12.365257000000001,2.4730514,fixed
18.995211699977517,9,0.8300000000000001,-0.01459229,-2.918458,12.111600700000002,2.4223201400000005,fixed
19.006896800012328,9,0.8300000000000001,-0.01437463,-2.874926,11.9309429,2.3861885800000002,fixed
19.018722599954344,9,0.8300000000000001,-0.01495423,-2.9908460000000003,12.4120109,2.4824021800000007,fixed
19.030494899954647,9,0.8300000000000001,-0.01524831,-3.049662,12.6560973,2.5312194600000004,fixed
19.042332699988037,9,0.8300000000000001,-0.01509434,-3.018868,12.5283022,2.50566044,fixed
19.05394119990524,9,0.8300000000000001,-0.01480677,-2.961354,12.289619100000001,2.4579238200000004,fixed
19.06558509997558,9,0.8300000000000001,-0.01450526,-2.9010520000000004,12.039365800000002,2.4078731600000007,fixed
19.077290099929087,9,0.8300000000000001,-0.01443117,-2.886234,11.9778711,2.3955742200000003,fixed
19.089280399959534,9,0.8300000000000001,-0.01507064,-3.014128,12.5086312,2.50172624,fixed
19.101036399952136,9,0.8300000000000001,-0.01522244,-3.0444880000000003,12.6346252,2.5269250400000005,fixed
19.112799900001846,9,0.8300000000000001,-0.015017,-3.0034,12.464110000000002,2.4928220000000003,fixed
19.124649500008672,9,0.8300000000000001,-0.01471345,-2.94269,12.2121635,2.4424327,fixed
19.136360400007106,9,0.8300000000000001,-0.01437065,-2.87413,11.927639500000002,2.3855279000000005,fixed
19.14832869998645,9,0.8300000000000001,-0.01469729,-2.939458,12.1987507,2.43975014,fixed
19.16012919996865,9,0.8300000000000001,-0.01524674,-3.0493479999999997,12.654794200000001,2.53095884,fixed
19.17186080000829,9,0.8300000000000001,-0.01513223,-3.026446,12.559750900000001,2.5119501800000004,fixed
19.183639299939387,9,0.8300000000000001,-0.01489466,-2.978932,12.3625678,2.4725135600000003,fixed
19.195299899904057,9,0.8300000000000001,-0.01458951,-2.917902,12.109293300000001,2.4218586600000003,fixed
19.207086699898355,9,0.8300000000000001,-0.01437714,-2.8754280000000003,11.9330262,2.3866052400000006,fixed
19.218722599907778,9,0.8300000000000001,-0.0150007,-3.00014,12.450581000000001,2.4901162,fixed
19.230514899943955,9,0.8300000000000001,-0.01525644,-3.051288,12.6628452,2.5325690400000003,fixed
19.242378899944015,9,0.8300000000000001,-0.01508916,-3.0178320000000003,12.524002800000002,2.5048005600000005,fixed
19.25406359997578,9,0.8300000000000001,-0.01481009,-2.9620179999999996,12.2923747,2.45847494,fixed
19.265847299946472,9,0.8300000000000001,-0.01447281,-2.8945619999999996,12.0124323,2.40248646,fixed
19.277443300001323,9,0.8300000000000001,-0.01449246,-2.898492,12.0287418,2.4057483600000005,fixed
19.28910850000102,9,0.8300000000000001,-0.01509348,-3.018696,12.5275884,2.50551768,fixed
19.300869699916802,9,0.8300000000000001,-0.01524036,-3.048072,12.6494988,2.52989976,fixed
19.312449599965475,9,0.8300000000000001,-0.01506113,-3.012226,12.5007379,2.50014758,fixed
19.324002699926496,9,0.8300000000000001,-0.0148073,-2.96146,12.290059000000001,2.4580118000000004,fixed
19.335516799939796,9,0.8300000000000001,-0.01452451,-2.904902,12.0553433,2.41106866,fixed
19.347292799968272,9,0.8300000000000001,-0.01440593,-2.8811860000000005,11.956921900000003,2.3913843800000008,fixed
19.358985499944538,9,0.8300000000000001,-0.01506328,-3.0126560000000002,12.5025224,2.5005044800000005,fixed
19.370503599988297,9,0.8300000000000001,-0.01524653,-3.049306,12.6546199,2.5309239800000003,fixed
19.38222859997768,9,0.8300000000000001,-0.01510261,-3.020522,12.5351663,2.5070332600000005,fixed
19.39378249994479,9,0.8300000000000001,-0.01485068,-2.970136,12.326064400000002,2.46521288,fixed
19.405393399996683,9,0.8300000000000001,-0.01455866,-2.9117319999999998,12.083687800000002,2.41673756,fixed
19.41697389993351,9,0.8300000000000001,-0.0143779,-2.8755800000000002,11.933657000000002,2.3867314000000004,fixed
19.428686799947172,9,0.8300000000000001,-0.014949,-2.9898,12.407670000000001,2.481534,fixed
19.440212899935432,9,0.8300000000000001,-0.01524309,-3.0486180000000003,12.651764700000001,2.5303529400000007,fixed
19.45198899996467,9,0.8300000000000001,-0.01513154,-3.026308,12.559178200000002,2.5118356400000006,fixed
19.463650799938478,9,0.8300000000000001,-0.01486667,-2.9733340000000004,12.3393361,2.4678672200000005,fixed
19.475345599930733,9,0.8300000000000001,-0.0145737,-2.91474,12.096171000000002,2.4192342000000004,fixed
19.486967999953777,9,0.8300000000000001,-0.01435814,-2.8716280000000003,11.9172562,2.3834512400000003,fixed
19.498653699993156,9,0.8300000000000001,-0.01491571,-2.983142,12.380039300000002,2.47600786,fixed
19.5104232999729,9,0.8300000000000001,-0.01525407,-3.050814,12.660878100000001,2.5321756200000003,fixed
19.52208999998402,9,0.8300000000000001,-0.0151162,-3.02324,12.546446000000001,2.5092892,fixed
19.533846199978143,9,0.8300000000000001,-0.01486509,-2.9730179999999997,12.3380247,2.46760494,fixed
19.545521099935286,9,0.8300000000000001,-0.01452897,-2.905794,12.059045100000002,2.41180902,fixed
19.55712239991408,9,0.8300000000000001,-0.01438967,-2.877934,11.943426100000002,2.38868522,fixed
19.568896399927326,9,0.8300000000000001,-0.01501461,-3.002922,12.462126300000001,2.49242526,fixed
19.580674099968746,9,0.8300000000000001,-0.01525363,-3.050726,12.660512900000002,2.53210258,fixed
19.592454199912027,9,0.8300000000000001,-0.01508724,-3.017448,12.5224092,2.50448184,fixed
19.60422079998534,9,0.8300000000000001,-0.0148005,-2.9600999999999997,12.284415,2.456883,fixed
19.616005399962887,9,0.8300000000000001,-0.0144725,-2.8945,12.012175,2.402435,fixed
19.627841499983333,9,0.8300000000000001,-0.01458958,-2.917916,12.109351400000001,2.4218702800000003,fixed
19.639438499929383,9,0.8300000000000001,-0.01519458,-3.0389159999999995,12.611501400000002,2.5223002799999996,fixed
19.650927799986675,9,0.8300000000000001,-0.01523512,-3.047024,12.6451496,2.52902992,fixed
19.662585599930026,9,0.8300000000000001,-0.01504751,-3.0095020000000003,12.489433300000002,2.4978866600000007,fixed
19.67413579998538,9,0.8300000000000001,-0.01480288,-2.960576,12.2863904,2.4572780800000005,fixed
19.68573709996417,9,0.8300000000000001,-0.01449362,-2.898724,12.029704600000002,2.4059409200000004,fixed
19.69736849993933,9,0.8300000000000001,-0.01444385,-2.88877,11.988395500000001,2.3976791000000004,fixed
19.708916099974886,9,0.8300000000000001,-0.01506526,-3.013052,12.5041658,2.5008331600000004,fixed
19.720604099915363,9,0.8300000000000001,-0.01525425,-3.05085,12.661027500000001,2.5322055000000003,fixed
19.732142799999565,9,0.8300000000000001,-0.01511114,-3.022228,12.542246200000001,2.5084492400000005,fixed
19.74361929995939,9,0.8300000000000001,-0.01487522,-2.975044,12.3464326,2.4692865200000003,fixed
19.755026299972087,9,0.8300000000000001,-0.0146111,-2.9222200000000003,12.127213000000001,2.4254426000000002,fixed
19.766501399921253,9,0.8300000000000001,-0.01435158,-2.870316,11.9118114,2.38236228,fixed
19.777935599908233,9,0.8300000000000001,-0.01469124,-2.9382479999999997,12.193729200000002,2.43874584,fixed
19.78929089999292,9,0.8300000000000001,-0.0151901,-3.03802,12.607783000000001,2.5215566000000003,fixed
19.80073099990841,9,0.8300000000000001,-0.01524415,-3.0488299999999997,12.652644500000001,2.5305289,fixed
19.812177199986763,9,0.8300000000000001,-0.0150929,-3.01858,12.527107,2.5054214000000004,fixed
19.823741699918173,9,0.8300000000000001,-0.01487672,-2.9753439999999998,12.3476776,2.46953552,fixed
19.83526109997183,9,0.8300000000000001,-0.01459046,-2.918092,12.1100818,2.42201636,fixed
19.84687499993015,9,0.8300000000000001,-0.01436463,-2.872926,11.922642900000001,2.3845285800000005,fixed
19.858662899932824,9,0.8300000000000001,-0.01493116,-2.986232,12.392862800000001,2.4785725600000004,fixed
19.870520199998282,9,0.8300000000000001,-0.01526455,-3.05291,12.669576500000002,2.5339153,fixed
19.88235450000502,9,0.8300000000000001,-0.01510415,-3.02083,12.5364445,2.5072889000000003,fixed
19.894004400004633,9,0.8300000000000001,-0.01483231,-2.966462,12.3108173,2.46216346,fixed
19.905654200003482,9,0.8300000000000001,-0.01451259,-2.902518,12.045449700000002,2.4090899400000003,fixed
19.917410099995323,9,0.8300000000000001,-0.01444543,-2.889086,11.989706900000002,2.3979413800000002,fixed
19.92919679998886,9,0.8300000000000001,-0.01511357,-3.0227139999999997,12.544263100000002,2.50885262,fixed
19.940904399962164,9,0.8300000000000001,-0.01524681,-3.049362,12.6548523,2.5309704600000003,fixed
19.952576599898748,9,0.8300000000000001,-0.01505653,-3.0113060000000003,12.496919900000002,2.4993839800000006,fixed
19.964302700012922,9,0.8300000000000001,-0.01477584,-2.955168,12.263947200000002,2.45278944,fixed
19.97596109996084,9,0.8300000000000001,-0.01444978,-2.889956,11.993317400000002,2.39866348,fixed
19.987885499955155,9,0.8300000000000001,-0.014574,-2.9148,12.096420000000002,2.419284,fixed
19.999636399908923,9,0.8300000000000001,-0.01520139,-3.040278,12.617153700000001,2.5234307400000002,fixed
20.011381199932657,9,0.8300000000000001,-0.01521704,-3.043408,12.630143200000001,2.5260286400000003,fixed
20.023005799972452,9,0.8300000000000001,-0.01500368,-3.0007360000000003,12.453054400000001,2.4906108800000006,fixed
20.034566499991342,9,0.8300000000000001,-0.01473989,-2.947978,12.234108700000002,2.4468217400000003,fixed
20.046237299917266,9,0.8300000000000001,-0.01442287,-2.884574,11.9709821,2.3941964200000005,fixed
20.057848799973726,9,0.8300000000000001,-0.01459538,-2.919076,12.114165400000001,2.42283308,fixed
20.06942600000184,9,0.8300000000000001,-0.0151782,-3.03564,12.597906,2.5195812,fixed
20.080993599956855,9,0.8300000000000001,-0.0152395,-3.0479,12.648785,2.529757,fixed
20.09465310012456,10,0.8200000000000001,-0.01492088,-2.9841759999999997,12.235121600000001,2.44702432,fixed
20.106374000082724,10,0.8200000000000001,-0.01458422,-2.916844,11.9590604,2.3918120800000002,fixed
20.117983300122432,10,0.8200000000000001,-0.01481935,-2.96387,12.151867000000001,2.4303734,fixed
20.12958760012407,10,0.8200000000000001,-0.01539295,-3.07859,12.622219000000003,2.5244438000000002,fixed
20.141200000070967,10,0.8200000000000001,-0.01541992,-3.083984,12.6443344,2.5288668800000003,fixed
20.152903700014576,10,0.8200000000000001,-0.0152181,-3.0436199999999998,12.478842,2.4957684,fixed
20.164593400084414,10,0.8200000000000001,-0.01492747,-2.985494,12.240525400000001,2.4481050800000004,fixed
20.176230400102213,10,0.8200000000000001,-0.01461205,-2.92241,11.981881000000001,2.3963762,fixed
20.188001200091094,10,0.8200000000000001,-0.01481282,-2.962564,12.146512400000002,2.42930248,fixed
20.19967140001245,10,0.8200000000000001,-0.0154073,-3.0814600000000003,12.633986000000002,2.5267972000000003,fixed
20.211409100098535,10,0.8200000000000001,-0.01542534,-3.0850679999999997,12.6487788,2.52975576,fixed
20.223231600015424,10,0.8200000000000001,-0.01518295,-3.03659,12.450019000000001,2.4900038,fixed
20.234995800070465,10,0.8200000000000001,-0.01487057,-2.9741139999999997,12.1938674,2.43877348,fixed
20.24652780010365,10,0.8200000000000001,-0.01455161,-2.910322,11.932320200000001,2.38646404,fixed
20.257927700062282,10,0.8200000000000001,-0.01489032,-2.9780640000000003,12.2100624,2.4420124800000003,fixed
20.26930580008775,10,0.8200000000000001,-0.01537642,-3.075284,12.6086644,2.52173288,fixed
20.280984800076112,10,0.8200000000000001,-0.01543644,-3.087288,12.657880800000001,2.53157616,fixed
20.292517400113866,10,0.8200000000000001,-0.01526379,-3.052758,12.516307800000002,2.50326156,fixed
20.304074400104582,10,0.8200000000000001,-0.01500241,-3.0004820000000003,12.301976200000002,2.4603952400000004,fixed
20.315702100051567,10,0.8200000000000001,-0.014716,-2.9432,12.067120000000001,2.413424,fixed
20.327249800087884,10,0.8200000000000001,-0.01464227,-2.928454,12.006661400000002,2.40133228,fixed
20.33877920010127,10,0.8200000000000001,-0.01523908,-3.047816,12.496045600000002,2.49920912,fixed
20.35047500010114,10,0.8200000000000001,-0.01547091,-3.094182,12.6861462,2.5372292400000003,fixed
20.362171200104058,10,0.8200000000000001,-0.01533811,-3.067622,12.577250200000002,2.51545004,fixed
20.37376550002955,10,0.8200000000000001,-0.01509512,-3.019024,12.377998400000001,2.47559968,fixed
20.385175800067373,10,0.8200000000000001,-0.01480009,-2.9600180000000003,12.1360738,2.4272147600000005,fixed
20.39680500002578,10,0.8200000000000001,-0.01456394,-2.912788,11.9424308,2.3884861600000002,fixed
20.40831110009458,10,0.8200000000000001,-0.01502985,-3.0059700000000005,12.324477000000002,2.4648954000000005,fixed
20.419785600039177,10,0.8200000000000001,-0.01544011,-3.088022,12.6608902,2.5321780400000002,fixed
20.431373000028543,10,0.8200000000000001,-0.0154234,-3.08468,12.647188000000002,2.5294376,fixed
20.44295530009549,10,0.8200000000000001,-0.01522025,-3.04405,12.480605,2.496121,fixed
20.454398600035347,10,0.8200000000000001,-0.01494771,-2.9895419999999997,12.2571222,2.45142444,fixed
20.46604060009122,10,0.8200000000000001,-0.01465761,-2.931522,12.019240200000002,2.40384804,fixed
20.47764100006316,10,0.8200000000000001,-0.01469786,-2.939572,12.0522452,2.41044904,fixed
20.48932830011472,10,0.8200000000000001,-0.01534099,-3.0681979999999998,12.579611800000002,2.51592236,fixed
20.500916400109418,10,0.8200000000000001,-0.01544562,-3.089124,12.665408400000002,2.53308168,fixed
20.512443700106815,10,0.8200000000000001,-0.01528012,-3.056024,12.529698400000001,2.50593968,fixed
20.524120000074618,10,0.8200000000000001,-0.01503194,-3.0063880000000003,12.326190800000001,2.4652381600000006,fixed
20.535739400074817,10,0.8200000000000001,-0.0147082,-2.94164,12.060724,2.4121448,fixed
20.54734350007493,10,0.8200000000000001,-0.01462575,-2.92515,11.993115,2.398623,fixed
20.559419200057164,10,0.8200000000000001,-0.01534935,-3.06987,12.586467,2.5172934000000002,fixed
20.571172600029968,10,0.8200000000000001,-0.01543301,-3.086602,12.6550682,2.5310136400000003,fixed
20.582698400015943,10,0.8200000000000001,-0.01523715,-3.04743,12.494463000000001,2.4988926,fixed
20.594199900049716,10,0.8200000000000001,-0.01499175,-2.99835,12.293235000000001,2.458647,fixed
20.60611830011476,10,0.8200000000000001,-0.01465092,-2.9301839999999997,12.0137544,2.4027508799999997,fixed
20.617722100112587,10,0.8200000000000001,-0.01474339,-2.948678,12.089579800000001,2.41791596,fixed
20.629366900073364,10,0.8200000000000001,-0.01534427,-3.068854,12.5823014,2.51646028,fixed
20.640922900056466,10,0.8200000000000001,-0.01544387,-3.088774,12.6639734,2.5327946800000003,fixed
20.652458600117825,10,0.8200000000000001,-0.0152814,-3.05628,12.530748,2.5061496,fixed
20.663847500109114,10,0.8200000000000001,-0.015027,-3.0054000000000003,12.322140000000001,2.4644280000000003,fixed
20.675219600088894,10,0.8200000000000001,-0.01477878,-2.955756,12.118599600000001,2.4237199200000004,fixed
20.686798500013538,10,0.8200000000000001,-0.0145526,-2.91052,11.933132,2.3866264000000004,fixed
20.698526500025764,10,0.8200000000000001,-0.01505717,-3.011434,12.346879400000002,2.4693758800000003,fixed
20.71009100007359,10,0.8200000000000001,-0.01545127,-3.090254,12.6700414,2.53400828,fixed
20.72173470002599,10,0.8200000000000001,-0.01537998,-3.075996,12.6115836,2.52231672,fixed
20.733173200045712,10,0.8200000000000001,-0.01515454,-3.0309079999999997,12.4267228,2.48534456,fixed
20.744636700022966,10,0.8200000000000001,-0.01490452,-2.9809039999999998,12.2217064,2.44434128,fixed
20.7562586000422,10,0.8200000000000001,-0.01460051,-2.920102,11.972418200000002,2.3944836400000002,fixed
20.767871900112368,10,0.8200000000000001,-0.01479147,-2.9582939999999995,12.1290054,2.42580108,fixed
20.779518100083806,10,0.8200000000000001,-0.01538364,-3.076728,12.614584800000001,2.5229169600000003,fixed
20.79118170007132,10,0.8200000000000001,-0.01543265,-3.0865299999999998,12.654773,2.5309546,fixed
20.802820500102825,10,0.8200000000000001,-0.01521483,-3.0429660000000003,12.476160600000002,2.4952321200000003,fixed
20.814441800117493,10,0.8200000000000001,-0.01495041,-2.990082,12.259336200000002,2.4518672400000003,fixed
20.82607910002116,10,0.8200000000000001,-0.01465564,-2.931128,12.0176248,2.4035249600000004,fixed
20.83749810012523,10,0.8200000000000001,-0.01470828,-2.941656,12.060789600000001,2.4121579200000003,fixed
20.848902300116606,10,0.8200000000000001,-0.01526477,-3.052954,12.517111400000001,2.50342228,fixed
20.860667600063607,10,0.8200000000000001,-0.01546034,-3.092068,12.677478800000001,2.53549576,fixed
20.872309500118718,10,0.8200000000000001,-0.01531306,-3.062612,12.5567092,2.5113418400000005,fixed
20.88371490011923,10,0.8200000000000001,-0.01505893,-3.011786,12.348322600000001,2.4696645200000003,fixed
20.895093000028282,10,0.8200000000000001,-0.01480845,-2.96169,12.142929000000002,2.4285858,fixed
20.906650600023568,10,0.8200000000000001,-0.0145586,-2.91172,11.938052,2.3876104000000002,fixed
20.91825090011116,10,0.8200000000000001,-0.01495373,-2.990746,12.2620586,2.45241172,fixed
20.929791000089608,10,0.8200000000000001,-0.01543936,-3.087872,12.6602752,2.5320550400000004,fixed
20.94149490003474,10,0.8200000000000001,-0.01540799,-3.081598,12.6345518,2.52691036,fixed
20.953260900103487,10,0.8200000000000001,-0.01519849,-3.039698,12.462761800000001,2.4925523600000004,fixed
20.965750400093384,10,0.8200000000000001,-0.01475926,-2.9518519999999997,12.102593200000001,2.42051864,fixed
20.977592200040817,10,0.8200000000000001,-0.01467617,-2.9352340000000003,12.034459400000001,2.4068918800000003,fixed
20.989422900020145,10,0.8200000000000001,-0.01532254,-3.064508,12.564482800000002,2.51289656,fixed
21.00122000009287,10,0.8200000000000001,-0.01543963,-3.087926,12.6604966,2.53209932,fixed
21.01312580006197,10,0.8200000000000001,-0.01521208,-3.042416,12.4739056,2.49478112,fixed
21.02497620007489,10,0.8200000000000001,-0.01487812,-2.975624,12.200058400000001,2.44001168,fixed
21.03685730008874,10,0.8200000000000001,-0.01455525,-2.9110500000000004,11.935305000000001,2.3870610000000005,fixed
21.048718300065957,10,0.8200000000000001,-0.01509823,-3.0196460000000003,12.380548600000001,2.4761097200000006,fixed
21.06073650007602,10,0.8200000000000001,-0.01545332,-3.090664,12.6717224,2.53434448,fixed
21.072581800050102,10,0.8200000000000001,-0.01528179,-3.056358,12.5310678,2.50621356,fixed
21.084518200019374,10,0.8200000000000001,-0.01496658,-2.993316,12.272595600000002,2.45451912,fixed
21.09640990011394,10,0.8200000000000001,-0.01458557,-2.917114,11.960167400000001,2.3920334800000003,fixed
21.10842380009126,10,0.8200000000000001,-0.01496175,-2.9923499999999996,12.268635,2.4537269999999998,fixed
21.12071150005795,10,0.8200000000000001,-0.01546132,-3.092264,12.6782824,2.53565648,fixed
21.13281080010347,10,0.8200000000000001,-0.01528241,-3.056482,12.5315762,2.50631524,fixed
21.14497330004815,10,0.8200000000000001,-0.01491958,-2.983916,12.234055600000001,2.44681112,fixed
21.15698210010305,10,0.8200000000000001,-0.01456439,-2.912878,11.942799800000001,2.3885599600000003,fixed
21.16893600008916,10,0.8200000000000001,-0.015215,-3.043,12.4763,2.4952600000000005,fixed
21.18062100012321,10,0.8200000000000001,-0.01546529,-3.093058,12.6815378,2.5363075600000005,fixed
21.192109300056472,10,0.8200000000000001,-0.01532426,-3.0648519999999997,12.565893200000001,2.51317864,fixed
21.203550100093707,10,0.8200000000000001,-0.01509156,-3.0183120000000003,12.375079200000002,2.4750158400000006,fixed
21.215144000016153,10,0.8200000000000001,-0.01484098,-2.968196,12.1696036,2.43392072,fixed
21.22654030006379,10,0.8200000000000001,-0.0145591,-2.91182,11.938462000000001,2.3876924,fixed
21.238137600012124,10,0.8200000000000001,-0.01489238,-2.978476,12.211751600000001,2.44235032,fixed
21.24974940007087,10,0.8200000000000001,-0.01541888,-3.083776,12.643481600000001,2.52869632,fixed
21.261452500126325,10,0.8200000000000001,-0.01540766,-3.081532,12.634281200000002,2.5268562400000003,fixed
21.27312820008956,10,0.8200000000000001,-0.01519383,-3.038766,12.458940600000002,2.4917881200000003,fixed
21.284695200040005,10,0.8200000000000001,-0.01490905,-2.9818100000000003,12.225421,2.4450842000000006,fixed
21.29641720012296,10,0.8200000000000001,-0.01458977,-2.917954,11.963611400000001,2.39272228,fixed
21.30812780011911,10,0.8200000000000001,-0.01492947,-2.985894,12.242165400000001,2.44843308,fixed
21.319663100061007,10,0.8200000000000001,-0.0154243,-3.08486,12.647926,2.5295852,fixed
21.33122320007533,10,0.8200000000000001,-0.01542772,-3.085544,12.6507304,2.53014608,fixed
21.34290620009415,10,0.8200000000000001,-0.01523316,-3.0466320000000002,12.491191200000001,2.4982382400000005,fixed
21.35448770003859,10,0.8200000000000001,-0.01494877,-2.989754,12.257991400000002,2.4515982800000002,fixed
21.36609300004784,10,0.8200000000000001,-0.01464353,-2.928706,12.0076946,2.40153892,fixed
21.377673000097275,10,0.8200000000000001,-0.01475194,-2.950388,12.096590800000001,2.41931816,fixed
21.389379400061443,10,0.8200000000000001,-0.01534362,-3.0687240000000005,12.581768400000001,2.5163536800000004,fixed
21.40107850008644,10,0.8200000000000001,-0.01545116,-3.090232,12.669951200000002,2.53399024,fixed
21.412752000032924,10,0.8200000000000001,-0.0152647,-3.0529400000000004,12.517054000000002,2.5034108000000006,fixed
21.42443680006545,10,0.8200000000000001,-0.01498222,-2.996444,12.2854204,2.45708408,fixed
21.436021100031212,10,0.8200000000000001,-0.01465998,-2.931996,12.0211836,2.40423672,fixed
21.447606600122526,10,0.8200000000000001,-0.01470505,-2.94101,12.058141,2.4116282,fixed
21.45911200006958,10,0.8200000000000001,-0.0153299,-3.06598,12.570518000000002,2.5141036000000003,fixed
21.470564200077206,10,0.8200000000000001,-0.01547208,-3.094416,12.6871056,2.53742112,fixed
21.48198170005344,10,0.8200000000000001,-0.01533713,-3.0674259999999998,12.5764466,2.51528932,fixed
21.4937122000847,10,0.8200000000000001,-0.01512004,-3.024008,12.398432800000002,2.47968656,fixed
21.505225100088865,10,0.8200000000000001,-0.01479793,-2.9595860000000003,12.134302600000002,2.4268605200000004,fixed
21.516763200052083,10,0.8200000000000001,-0.01456585,-2.91317,11.943997000000001,2.3887994000000004,fixed
21.52817520010285,10,0.8200000000000001,-0.01498681,-2.997362,12.289184200000001,2.45783684,fixed
21.539862900041044,10,0.8200000000000001,-0.01543355,-3.08671,12.655511,2.5311022000000003,fixed
21.551385400118306,10,0.8200000000000001,-0.01541352,-3.082704,12.6390864,2.5278172800000003,fixed
21.562806600122713,10,0.8200000000000001,-0.01523672,-3.047344,12.4941104,2.49882208,fixed
21.574368500034325,10,0.8200000000000001,-0.01498745,-2.99749,12.289709,2.4579418,fixed
21.5860149001237,10,0.8200000000000001,-0.01468156,-2.936312,12.038879200000002,2.4077758400000002,fixed
21.597635600017384,10,0.8200000000000001,-0.01469477,-2.938954,12.0497114,2.40994228,fixed
21.60913010011427,10,0.8200000000000001,-0.01532223,-3.064446,12.5642286,2.51284572,fixed
21.62082310009282,10,0.8200000000000001,-0.01547117,-3.0942339999999997,12.686359399999999,2.53727188,fixed
21.632488600094803,10,0.8200000000000001,-0.01530277,-3.060554,12.5482714,2.5096542800000003,fixed
21.644260900095105,10,0.8200000000000001,-0.01503286,-3.006572,12.3269452,2.46538904,fixed
21.655974400113337,10,0.8200000000000001,-0.01469432,-2.938864,12.0493424,2.40986848,fixed
21.667585500050336,10,0.8200000000000001,-0.0147209,-2.9441800000000002,12.071138,2.4142276000000003,fixed
21.679266200051643,10,0.8200000000000001,-0.01533932,-3.067864,12.578242400000002,2.5156484800000003,fixed
21.69081310008187,10,0.8200000000000001,-0.0154626,-3.09252,12.679332000000002,2.5358664,fixed
21.702472900040448,10,0.8200000000000001,-0.01531088,-3.062176,12.554921600000002,2.5109843200000004,fixed
21.713903800118715,10,0.8200000000000001,-0.01505695,-3.0113899999999996,12.346699000000001,2.4693397999999998,fixed
21.725466100033373,10,0.8200000000000001,-0.01478931,-2.957862,12.127234200000002,2.42544684,fixed
21.73708260001149,10,0.8200000000000001,-0.01459255,-2.91851,11.965891000000001,2.3931782,fixed
21.74852020002436,10,0.8200000000000001,-0.01514132,-3.028264,12.415882400000001,2.4831764800000005,fixed
21.760003400035203,10,0.8200000000000001,-0.01546895,-3.09379,12.684539000000001,2.5369078,fixed
21.77166330011096,10,0.8200000000000001,-0.01540672,-3.081344,12.6335104,2.52670208,fixed
21.78330350003671,10,0.8200000000000001,-0.01517923,-3.0358460000000003,12.4469686,2.4893937200000003,fixed
21.795126100070775,10,0.8200000000000001,-0.01486532,-2.973064,12.189562400000002,2.43791248,fixed
21.806765300105326,10,0.8200000000000001,-0.01457189,-2.914378,11.948949800000001,2.3897899600000003,fixed
21.818454700056463,10,0.8200000000000001,-0.01502514,-3.005028,12.320614800000001,2.46412296,fixed
21.830194600042887,10,0.8200000000000001,-0.01546688,-3.093376,12.682841600000001,2.53656832,fixed
21.841942900093272,10,0.8200000000000001,-0.01535915,-3.07183,12.594503000000001,2.5189006000000003,fixed
21.85352220002096,10,0.8200000000000001,-0.01513596,-3.0271920000000003,12.411487200000002,2.4822974400000004,fixed
21.865148200071417,10,0.8200000000000001,-0.01486324,-2.972648,12.1878568,2.43757136,fixed
21.876741800107993,10,0.8200000000000001,-0.01457697,-2.915394,11.9531154,2.39062308,fixed
21.888422200107016,10,0.8200000000000001,-0.01504398,-3.008796,12.336063600000001,2.46721272,fixed
21.900164100108668,10,0.8200000000000001,-0.01546388,-3.0927759999999997,12.6803816,2.53607632,fixed
21.911656800075434,10,0.8200000000000001,-0.01539231,-3.078462,12.6216942,2.5243388400000004,fixed
21.923060600063764,10,0.8200000000000001,-0.01518628,-3.037256,12.4527496,2.4905499200000003,fixed
21.93443440005649,10,0.8200000000000001,-0.01495187,-2.990374,12.260533400000002,2.4521066800000004,fixed
21.94602910010144,10,0.8200000000000001,-0.01468082,-2.936164,12.0382724,2.40765448,fixed
21.95752140006516,10,0.8200000000000001,-0.01472421,-2.944842,12.073852200000001,2.4147704400000003,fixed
21.9692354000872,10,0.8200000000000001,-0.01530787,-3.061574,12.5524534,2.51049068,fixed
21.980747700086795,10,0.8200000000000001,-0.01546651,-3.093302,12.682538200000002,2.5365076400000004,fixed
21.992274700081907,10,0.8200000000000001,-0.01532555,-3.06511,12.566951000000001,2.5133902,fixed
22.003747200011276,10,0.8200000000000001,-0.0150824,-3.01648,12.367568,2.4735136000000004,fixed
22.015258600120433,10,0.8200000000000001,-0.01481224,-2.962448,12.146036800000001,2.4292073600000004,fixed
22.02696410007775,10,0.8200000000000001,-0.01457633,-2.915266,11.952590600000002,2.3905181200000003,fixed
22.038611000054516,10,0.8200000000000001,-0.01510619,-3.021238,12.387075800000002,2.47741516,fixed
22.05044770007953,10,0.8200000000000001,-0.01547651,-3.095302,12.6907382,2.5381476400000005,fixed
22.062323600053787,10,0.8200000000000001,-0.01533136,-3.066272,12.571715200000002,2.5143430400000004,fixed
22.0741101000458,10,0.8200000000000001,-0.01505938,-3.011876,12.3486916,2.4697383200000003,fixed
22.085953100118786,10,0.8200000000000001,-0.01470309,-2.9406179999999997,12.056533800000002,2.41130676,fixed
22.099901799927466,11,0.81,-0.01560356,-3.120712,12.638883600000002,2.5277767200000003,fixed
22.11176279990468,11,0.81,-0.01557835,-3.11567,12.618463499999999,2.5236927000000002,fixed
22.123597999918275,11,0.81,-0.01532946,-3.065892,12.4168626,2.48337252,fixed
22.13546309992671,11,0.81,-0.01498008,-2.996016,12.133864800000001,2.42677296,fixed
22.14722659997642,11,0.81,-0.01478417,-2.9568339999999997,11.975177700000001,2.39503554,fixed
22.1589647999499,11,0.81,-0.01542382,-3.084764,12.493294200000001,2.49865884,fixed
22.170823799911886,11,0.81,-0.01565599,-3.1311980000000004,12.681351900000003,2.5362703800000004,fixed
22.182915199897252,11,0.81,-0.01544,-3.088,12.506400000000001,2.5012800000000004,fixed
22.19478469993919,11,0.81,-0.01511382,-3.022764,12.2421942,2.44843884,fixed
22.206737899919972,11,0.81,-0.01477032,-2.954064,11.963959200000001,2.39279184,fixed
22.218694699928164,11,0.81,-0.01525385,-3.05077,12.3556185,2.4711237,fixed
22.230435799923725,11,0.81,-0.01565724,-3.131448,12.682364399999999,2.53647288,fixed
22.242094499990344,11,0.81,-0.0155388,-3.10776,12.586428,2.5172856,fixed
22.25383849989157,11,0.81,-0.01528471,-3.0569420000000003,12.3806151,2.47612302,fixed
22.26582019997295,11,0.81,-0.0149603,-2.99206,12.117842999999999,2.4235686000000003,fixed
22.277646799921058,11,0.81,-0.01488696,-2.977392,12.058437600000001,2.41168752,fixed
22.28924149996601,11,0.81,-0.0155314,-3.1062800000000004,12.580434000000002,2.5160868000000005,fixed
22.300776099902578,11,0.81,-0.01564899,-3.129798,12.675681900000002,2.5351363800000004,fixed
22.312253499985673,11,0.81,-0.01549467,-3.0989340000000003,12.550682700000001,2.5101365400000004,fixed
22.323681699926965,11,0.81,-0.01527131,-3.054262,12.369761100000002,2.47395222,fixed
22.335272099939175,11,0.81,-0.01500304,-3.000608,12.152462400000001,2.4304924800000003,fixed
22.346715099993162,11,0.81,-0.01475166,-2.950332,11.948844600000001,2.3897689200000003,fixed
22.35833519999869,11,0.81,-0.01514952,-3.0299039999999997,12.2711112,2.45422224,fixed
22.369897799915634,11,0.81,-0.01563168,-3.126336,12.6616608,2.53233216,fixed
22.381499099894427,11,0.81,-0.01560607,-3.1212139999999997,12.640916700000002,2.52818334,fixed
22.393080799956806,11,0.81,-0.01540189,-3.080378,12.4755309,2.49510618,fixed
22.40454709995538,11,0.81,-0.01511783,-3.0235659999999998,12.2454423,2.44908846,fixed
22.416052599903196,11,0.81,-0.01484004,-2.968008,12.0204324,2.40408648,fixed
22.42775559995789,11,0.81,-0.01490239,-2.980478,12.070935900000002,2.4141871800000003,fixed
22.439513199962676,11,0.81,-0.01554333,-3.108666,12.5900973,2.51801946,fixed
22.45120799995493,11,0.81,-0.01562346,-3.124692,12.655002600000001,2.53100052,fixed
22.46297509991564,11,0.81,-0.01542179,-3.084358,12.4916499,2.4983299800000003,fixed
22.47460560000036,11,0.81,-0.01511371,-3.022742,12.242105100000002,2.44842102,fixed
22.486276499927044,11,0.81,-0.01480218,-2.960436,11.9897658,2.39795316,fixed
22.497965899994597,11,0.81,-0.0149677,-2.9935400000000003,12.123837000000002,2.4247674000000004,fixed
22.509628199972212,11,0.81,-0.01559658,-3.1193160000000004,12.6332298,2.5266459600000006,fixed
22.521408599917777,11,0.81,-0.01562084,-3.124168,12.652880400000003,2.5305760800000003,fixed
22.533131799893454,11,0.81,-0.01538806,-3.077612,12.464328600000002,2.49286572,fixed
22.544836799963377,11,0.81,-0.0150873,-3.01746,12.220713000000002,2.4441426,fixed
22.55643329990562,11,0.81,-0.01477072,-2.954144,11.9642832,2.39285664,fixed
22.5681528999703,11,0.81,-0.01506054,-3.0121080000000005,12.199037400000002,2.4398074800000007,fixed
22.579867099993862,11,0.81,-0.01562462,-3.124924,12.6559422,2.53118844,fixed
22.59142700000666,11,0.81,-0.01560696,-3.1213919999999997,12.6416376,2.52832752,fixed
22.603126399917528,11,0.81,-0.01539179,-3.078358,12.4673499,2.4934699800000004,fixed
22.61466019996442,11,0.81,-0.01511492,-3.022984,12.243085200000001,2.4486170400000002,fixed
22.62630329991225,11,0.81,-0.01480239,-2.960478,11.989935900000003,2.3979871800000003,fixed
22.637900299974717,11,0.81,-0.0149628,-2.99256,12.119868,2.4239736,fixed
22.64960149989929,11,0.81,-0.01556961,-3.1139219999999996,12.6113841,2.52227682,fixed
22.661307899979874,11,0.81,-0.01562003,-3.124006,12.6522243,2.5304448600000002,fixed
22.672927399980836,11,0.81,-0.01542563,-3.085126,12.4947603,2.49895206,fixed
22.6846632999368,11,0.81,-0.01512819,-3.025638,12.2538339,2.45076678,fixed
22.696357199922204,11,0.81,-0.01480004,-2.960008,11.988032400000002,2.3976064800000003,fixed
22.708016099990346,11,0.81,-0.01506404,-3.012808,12.201872400000001,2.4403744800000005,fixed
22.71962889994029,11,0.81,-0.01559345,-3.11869,12.6306945,2.5261389000000003,fixed
22.731291099917144,11,0.81,-0.01562555,-3.12511,12.6566955,2.5313391,fixed
22.742777499952354,11,0.81,-0.01542737,-3.085474,12.496169700000001,2.4992339400000003,fixed
22.75442569993902,11,0.81,-0.01517767,-3.035534,12.293912700000002,2.4587825400000005,fixed
22.76588819990866,11,0.81,-0.01485571,-2.971142,12.0331251,2.4066250200000003,fixed
22.777311599929817,11,0.81,-0.01485992,-2.971984,12.036535200000001,2.40730704,fixed
22.788782799965702,11,0.81,-0.01541621,-3.083242,12.4871301,2.49742602,fixed
22.800462699960917,11,0.81,-0.01566073,-3.132146,12.685191300000003,2.53703826,fixed
22.811892799916677,11,0.81,-0.0155411,-3.10822,12.588291000000002,2.5176582000000005,fixed
22.82332279998809,11,0.81,-0.01534148,-3.0682959999999997,12.4265988,2.48531976,fixed
22.83500169997569,11,0.81,-0.01507901,-3.015802,12.213998100000001,2.44279962,fixed
22.84669669996947,11,0.81,-0.01475351,-2.9507019999999997,11.9503431,2.39006862,fixed
22.858383999904618,11,0.81,-0.01517302,-3.0346040000000003,12.2901462,2.4580292400000006,fixed
22.870155299897306,11,0.81,-0.01564499,-3.128998,12.6724419,2.5344883800000004,fixed
22.88185679994058,11,0.81,-0.01557916,-3.115832,12.619119600000001,2.5238239200000003,fixed
22.893390899989754,11,0.81,-0.0153327,-3.06654,12.419487,2.4838974,fixed
22.90482489997521,11,0.81,-0.01506348,-3.012696,12.2014188,2.4402837600000002,fixed
22.91643230000045,11,0.81,-0.01479386,-2.958772,11.983026600000002,2.3966053200000004,fixed
22.927910799975507,11,0.81,-0.01506404,-3.012808,12.201872400000001,2.4403744800000005,fixed
22.939370599924587,11,0.81,-0.01557984,-3.1159679999999996,12.6196704,2.52393408,fixed
22.9509071999928,11,0.81,-0.01564775,-3.1295499999999996,12.6746775,2.5349355,fixed
22.962509299977683,11,0.81,-0.01549069,-3.0981379999999996,12.5474589,2.50949178,fixed
22.973940199939534,11,0.81,-0.0152357,-3.0471399999999997,12.340917,2.4681834,fixed
22.985373199917376,11,0.81,-0.01495742,-2.9914840000000003,12.115510200000003,2.4231020400000003,fixed
22.99686670000665,11,0.81,-0.0147713,-2.95426,11.964753,2.3929506000000003,fixed
23.008402499952354,11,0.81,-0.01526228,-3.052456,12.3624468,2.47248936,fixed
23.020133599988185,11,0.81,-0.01565544,-3.131088,12.680906400000001,2.53618128,fixed
23.031902199960314,11,0.81,-0.01557811,-3.1156219999999997,12.618269100000001,2.52365382,fixed
23.043635899899527,11,0.81,-0.01530659,-3.061318,12.398337900000001,2.47966758,fixed
23.05530969996471,11,0.81,-0.01501397,-3.002794,12.161315700000001,2.4322631400000003,fixed
23.066942499950528,11,0.81,-0.01476142,-2.952284,11.956750200000002,2.3913500400000003,fixed
23.078639999963343,11,0.81,-0.01530152,-3.060304,12.394231200000002,2.47884624,fixed
23.090243499958888,11,0.81,-0.01566643,-3.1332859999999996,12.6898083,2.5379616599999997,fixed
23.102035999996588,11,0.81,-0.01556621,-3.113242,12.608630100000001,2.52172602,fixed
23.113776199985296,11,0.81,-0.01531079,-3.0621579999999997,12.4017399,2.48034798,fixed
23.12541139998939,11,0.81,-0.014981,-2.9962,12.13461,2.4269220000000002,fixed
23.137162699946202,11,0.81,-0.01477978,-2.9559559999999996,11.9716218,2.3943243599999997,fixed
23.148973899893463,11,0.81,-0.01541394,-3.082788,12.485291400000001,2.49705828,fixed
23.16074729990214,11,0.81,-0.01566152,-3.1323040000000004,12.685831200000003,2.5371662400000004,fixed
23.17239969992079,11,0.81,-0.01550492,-3.100984,12.5589852,2.5117970400000003,fixed
23.184279899927787,11,0.81,-0.01521653,-3.0433060000000003,12.325389300000001,2.4650778600000005,fixed
23.19593619997613,11,0.81,-0.01488498,-2.976996,12.056833800000001,2.4113667600000004,fixed
23.20758389995899,11,0.81,-0.0148987,-2.9797400000000005,12.067947,2.4135894000000007,fixed
23.219137299922295,11,0.81,-0.0155139,-3.10278,12.566259000000002,2.5132518000000004,fixed
23.23087739991024,11,0.81,-0.01566236,-3.132472,12.686511600000001,2.53730232,fixed
23.242637099931017,11,0.81,-0.01548609,-3.097218,12.5437329,2.50874658,fixed
23.25434729992412,11,0.81,-0.01520843,-3.041686,12.318828300000002,2.46376566,fixed
23.266019899980165,11,0.81,-0.01487165,-2.97433,12.046036500000001,2.4092073000000003,fixed
23.277533299988136,11,0.81,-0.0148997,-2.97994,12.068757000000002,2.4137514,fixed
23.289292400004342,11,0.81,-0.01551835,-3.10367,12.5698635,2.5139727000000005,fixed
23.301098299911246,11,0.81,-0.01565248,-3.130496,12.6785088,2.5357017600000002,fixed
23.31284859997686,11,0.81,-0.0154488,-3.08976,12.513528,2.5027056,fixed
23.324461999931373,11,0.81,-0.0151504,-3.03008,12.271824,2.4543648,fixed
23.336152599891648,11,0.81,-0.01485807,-2.9716139999999998,12.0350367,2.40700734,fixed
23.34790829999838,11,0.81,-0.01497873,-2.995746,12.132771300000002,2.42655426,fixed
23.359590399893932,11,0.81,-0.01560338,-3.120676,12.638737800000001,2.5277475600000003,fixed
23.37138969998341,11,0.81,-0.01562859,-3.125718,12.659157900000002,2.53183158,fixed
23.383052599965595,11,0.81,-0.01539406,-3.078812,12.4691886,2.49383772,fixed
23.394595599966124,11,0.81,-0.01512958,-3.025916,12.254959800000002,2.45099196,fixed
23.406340199988335,11,0.81,-0.01480779,-2.9615579999999997,11.9943099,2.39886198,fixed
23.41816449991893,11,0.81,-0.01506613,-3.0132260000000004,12.203565300000001,2.4407130600000007,fixed
23.429839099990204,11,0.81,-0.01563621,-3.1272420000000003,12.665330100000002,2.5330660200000006,fixed
23.44160139991436,11,0.81,-0.0156069,-3.12138,12.641589,2.5283178,fixed
23.4533236999996,11,0.81,-0.01536317,-3.072634,12.444167700000001,2.48883354,fixed
23.465245299972594,11,0.81,-0.01502867,-3.005734,12.1732227,2.4346445400000003,fixed
23.476916799903847,11,0.81,-0.0147625,-2.9524999999999997,11.957625000000002,2.3915249999999997,fixed
23.48870959994383,11,0.81,-0.01530652,-3.0613040000000002,12.398281200000001,2.47965624,fixed
23.500393499969505,11,0.81,-0.01566084,-3.1321679999999996,12.6852804,2.5370560799999997,fixed
23.512043299968354,11,0.81,-0.01553751,-3.1075019999999998,12.5853831,2.51707662,fixed
23.523645299952477,11,0.81,-0.01529543,-3.0590859999999997,12.3892983,2.47785966,fixed
23.53534339996986,11,0.81,-0.01501188,-3.002376,12.159622800000001,2.43192456,fixed
23.547269199974835,11,0.81,-0.01478631,-2.957262,11.9769111,2.39538222,fixed
23.559086699970067,11,0.81,-0.01544272,-3.0885439999999997,12.508603200000001,2.50172064,fixed
23.570914899930358,11,0.81,-0.01565677,-3.131354,12.681983700000002,2.5363967400000003,fixed
23.582709299982525,11,0.81,-0.01546436,-3.092872,12.526131600000001,2.5052263200000002,fixed
23.59446489997208,11,0.81,-0.01517905,-3.03581,12.2950305,2.4590061000000003,fixed
23.606115599977784,11,0.81,-0.01485153,-2.970306,12.0297393,2.40594786,fixed
23.61776850000024,11,0.81,-0.01497788,-2.9955760000000002,12.132082800000001,2.4264165600000003,fixed
23.6293703999836,11,0.81,-0.01554983,-3.109966,12.595362300000001,2.5190724600000003,fixed
23.64102889993228,11,0.81,-0.01564051,-3.1281019999999997,12.668813100000001,2.53376262,fixed
23.652788599953055,11,0.81,-0.01545744,-3.091488,12.520526400000001,2.50410528,fixed
23.664454599958844,11,0.81,-0.01516186,-3.0323719999999996,12.281106600000001,2.45622132,fixed
23.67608779994771,11,0.81,-0.0148294,-2.96588,12.011814000000001,2.4023628,fixed
23.687722399947233,11,0.81,-0.01492821,-2.985642,12.0918501,2.4183700200000002,fixed
23.699385299929418,11,0.81,-0.01556692,-3.113384,12.609205200000002,2.52184104,fixed
23.711105299997143,11,0.81,-0.01564404,-3.1288080000000003,12.671672400000002,2.5343344800000005,fixed
23.722798399976455,11,0.81,-0.01543849,-3.087698,12.5051769,2.5010353800000003,fixed
23.734397299936973,11,0.81,-0.01515319,-3.030638,12.2740839,2.4548167800000003,fixed
23.745980999898165,11,0.81,-0.01484766,-2.969532,12.0266046,2.4053209200000003,fixed
23.757601299905218,11,0.81,-0.01492646,-2.9852920000000003,12.090432600000002,2.4180865200000006,fixed
23.769033399992622,11,0.81,-0.01550469,-3.100938,12.558798900000001,2.51175978,fixed
23.780685799894854,11,0.81,-0.01566282,-3.1325640000000003,12.686884200000001,2.5373768400000003,fixed
23.79229689994827,11,0.81,-0.01551546,-3.1030919999999997,12.5675226,2.51350452,fixed
23.803752399981022,11,0.81,-0.01526677,-3.053354,12.3660837,2.4732167400000002,fixed
23.8152054999955,11,0.81,-0.01500401,-3.0008019999999997,12.1532481,2.43064962,fixed
23.826653099968098,11,0.81,-0.01475216,-2.950432,11.949249600000002,2.38984992,fixed
23.838142299908213,11,0.81,-0.0151293,-3.02586,12.254733,2.4509466000000004,fixed
23.84981990000233,11,0.81,-0.01561381,-3.1227620000000003,12.6471861,2.5294372200000006,fixed
23.861461099935696,11,0.81,-0.01558559,-3.117118,12.6243279,2.52486558,fixed
23.873349600005895,11,0.81,-0.01535503,-3.071006,12.4375743,2.48751486,fixed
23.884998099994846,11,0.81,-0.01501076,-3.0021519999999997,12.158715599999999,2.43174312,fixed
23.89643049996812,11,0.81,-0.01474943,-2.949886,11.9470383,2.38940766,fixed
23.907839599996805,11,0.81,-0.01505374,-3.010748,12.1935294,2.43870588,fixed
23.919320599990897,11,0.81,-0.01555977,-3.111954,12.6034137,2.5206827400000003,fixed
23.930817499989644,11,0.81,-0.01564795,-3.1295900000000003,12.674839500000001,2.5349679000000003,fixed
23.942429999937303,11,0.81,-0.01548999,-3.097998,12.5468919,2.5093783800000002,fixed
23.954119799891487,11,0.81,-0.01523888,-3.047776,12.343492800000002,2.46869856,fixed
23.965749599970877,11,0.81,-0.01487492,-2.974984,12.048685200000001,2.40973704,fixed
23.97731849993579,11,0.81,-0.0148185,-2.9637000000000002,12.002985,2.4005970000000003,fixed
23.98886969999876,11,0.81,-0.01543214,-3.086428,12.500033400000001,2.5000066800000003,fixed
24.000561699969694,11,0.81,-0.01565146,-3.130292,12.6776826,2.53553652,fixed
24.012126299901865,11,0.81,-0.01552058,-3.1041160000000003,12.5716698,2.5143339600000005,fixed
24.023742499994114,11,0.81,-0.0152892,-3.0578399999999997,12.384252,2.4768504,fixed
24.035259699914604,11,0.81,-0.01498902,-2.997804,12.141106200000001,2.42822124,fixed
24.046827799989842,11,0.81,-0.01475217,-2.950434,11.9492577,2.38985154,fixed
24.05843539990019,11,0.81,-0.01528153,-3.056306,12.378039300000001,2.47560786,fixed
24.069938399945386,11,0.81,-0.01564463,-3.128926,12.6721503,2.53443006,fixed
24.081528099952266,11,0.81,-0.01559356,-3.118712,12.6307836,2.52615672,fixed
24.09321279998403,11,0.81,-0.01536247,-3.072494,12.4436007,2.48872014,fixed
24.107380699948408,12,0.8,-0.01499273,-2.998546,11.994184,2.3988368,fixed
24.119040999910794,12,0.8,-0.01563042,-3.1260839999999996,12.504336,2.5008672,fixed
24.130700699985027,12,0.8,-0.01581815,-3.16363,12.654520000000002,2.530904,fixed
24.142388799926266,12,0.8,-0.01565435,-3.1308700000000003,12.523480000000001,2.5046960000000005,fixed
24.154062299989164,12,0.8,-0.01538679,-3.077358,12.309432000000001,2.4618864,fixed
24.166112100007012,12,0.8,-0.0150082,-3.0016399999999996,12.00656,2.401312,fixed
24.17772179993335,12,0.8,-0.01513038,-3.026076,12.104304,2.4208608000000003,fixed
24.18935999996029,12,0.8,-0.01572376,-3.144752,12.579008000000002,2.5158016,fixed
24.201066899928264,12,0.8,-0.015806,-3.1612,12.644800000000002,2.52896,fixed
24.212872299947776,12,0.8,-0.01560289,-3.1205779999999996,12.482312,2.4964624,fixed
24.224532299907878,12,0.8,-0.01529625,-3.05925,12.237000000000002,2.4474,fixed
24.23613109998405,12,0.8,-0.01498456,-2.9969119999999996,11.987648,2.3975296,fixed
24.247654899954796,12,0.8,-0.01510177,-3.020354,12.081416,2.4162832000000005,fixed
24.259314099908806,12,0.8,-0.01569459,-3.1389180000000003,12.555672000000001,2.5111344000000004,fixed
24.270992899895646,12,0.8,-0.01581643,-3.163286,12.653144,2.5306288,fixed
24.28264369990211,12,0.8,-0.01562578,-3.1251559999999996,12.500624,2.5001248,fixed
24.294447099906392,12,0.8,-0.01532851,-3.065702,12.262808,2.4525616,fixed
24.306024399935268,12,0.8,-0.01502065,-3.00413,12.016520000000002,2.4033040000000003,fixed
24.317749099922366,12,0.8,-0.01511353,-3.0227060000000003,12.090824,2.4181648000000004,fixed
24.329159199958667,12,0.8,-0.01572079,-3.144158,12.576631999999998,2.5153264,fixed
24.34064569999464,12,0.8,-0.01582178,-3.164356,12.657424,2.5314848000000003,fixed
24.352108099963516,12,0.8,-0.01567427,-3.134854,12.539416000000001,2.5078832,fixed
24.363508899929002,12,0.8,-0.01545725,-3.09145,12.365800000000002,2.47316,fixed
24.375071799964644,12,0.8,-0.01520081,-3.040162,12.160648000000002,2.4321296,fixed
24.38648609991651,12,0.8,-0.01492278,-2.984556,11.938224,2.3876448,fixed
24.398066899972036,12,0.8,-0.01520994,-3.041988,12.167952000000001,2.4335904,fixed
24.40955729992129,12,0.8,-0.01578133,-3.156266,12.625064,2.5250128000000003,fixed
24.421007299912162,12,0.8,-0.01580082,-3.160164,12.640656,2.5281312000000002,fixed
24.432711699977517,12,0.8,-0.01562585,-3.12517,12.500680000000001,2.500136,fixed
24.4446107998956,12,0.8,-0.01533575,-3.0671500000000003,12.268600000000001,2.4537200000000006,fixed
24.4565600999631,12,0.8,-0.01493419,-2.9868379999999997,11.947352000000002,2.3894704,fixed
24.468515899963677,12,0.8,-0.01533947,-3.067894,12.271576,2.4543152,fixed
24.48051519994624,12,0.8,-0.01583016,-3.166032,12.664128,2.5328256000000002,fixed
24.492672899970785,12,0.8,-0.01564596,-3.129192,12.516768,2.5033536000000005,fixed
24.504698499920778,12,0.8,-0.01529457,-3.058914,12.235656,2.4471312000000003,fixed
24.516742300009355,12,0.8,-0.0149301,-2.98602,11.944080000000001,2.388816,fixed
24.52901989989914,12,0.8,-0.01551437,-3.102874,12.411496000000001,2.4822992,fixed
24.541048599989153,12,0.8,-0.01581946,-3.163892,12.655568,2.5311136000000003,fixed
24.553000699961558,12,0.8,-0.01558255,-3.1165100000000003,12.466040000000001,2.4932080000000005,fixed
24.565272399922833,12,0.8,-0.01522804,-3.045608,12.182432,2.4364864,fixed
24.577163200010546,12,0.8,-0.01499949,-2.9998980000000004,11.999592000000002,2.3999184000000002,fixed
24.58866919996217,12,0.8,-0.01556064,-3.1121280000000002,12.448512000000003,2.4897024000000005,fixed
24.60034199990332,12,0.8,-0.01582357,-3.1647139999999996,12.658856,2.5317711999999997,fixed
24.611971899983473,12,0.8,-0.01569528,-3.1390559999999996,12.556224,2.5112448,fixed
24.623647599946707,12,0.8,-0.01546216,-3.092432,12.369728000000002,2.4739456000000004,fixed
24.635119499987923,12,0.8,-0.01515266,-3.030532,12.122128000000002,2.4244256,fixed
24.64660959993489,12,0.8,-0.01491005,-2.98201,11.928040000000001,2.385608,fixed
24.65818169992417,12,0.8,-0.01534381,-3.068762,12.275048,2.4550096000000003,fixed
24.669885399984196,12,0.8,-0.01578182,-3.1563639999999995,12.625456,2.5250912,fixed
24.681872999994084,12,0.8,-0.01573232,-3.1464640000000004,12.585856000000001,2.5171712000000004,fixed
24.69376149994787,12,0.8,-0.01545876,-3.091752,12.367008,2.4734016000000003,fixed
24.705719299963675,12,0.8,-0.0151154,-3.0230799999999998,12.09232,2.418464,fixed
24.717548699933104,12,0.8,-0.01505035,-3.01007,12.040280000000001,2.408056,fixed
24.729337599943392,12,0.8,-0.01570436,-3.1408720000000003,12.563488000000001,2.5126976000000005,fixed
24.74120699998457,12,0.8,-0.01580025,-3.1600499999999996,12.640199999999998,2.52804,fixed
24.7531486999942,12,0.8,-0.01556487,-3.112974,12.451896,2.4903792,fixed
24.765086799976416,12,0.8,-0.01519116,-3.038232,12.152928000000001,2.4305856,fixed
24.776875099982135,12,0.8,-0.01492291,-2.984582,11.938328,2.3876656,fixed
24.788354599964805,12,0.8,-0.01544749,-3.089498,12.357992,2.4715984,fixed
24.799871600000188,12,0.8,-0.01581331,-3.162662,12.650648,2.5301296000000004,fixed
24.811454399954528,12,0.8,-0.01577558,-3.1551160000000005,12.620464000000002,2.5240928000000005,fixed
24.823037099908106,12,0.8,-0.01556078,-3.1121559999999997,12.448624,2.4897248,fixed
24.83454750000965,12,0.8,-0.01529112,-3.058224,12.232896,2.4465792000000004,fixed
24.846157099935226,12,0.8,-0.01498907,-2.997814,11.991256,2.3982512000000002,fixed
24.857881699921563,12,0.8,-0.01511248,-3.022496,12.089984,2.4179968,fixed
24.8695617999183,12,0.8,-0.01576481,-3.152962,12.611848000000002,2.5223696,fixed
24.88131629989948,12,0.8,-0.01577871,-3.1557420000000005,12.622968000000002,2.5245936000000007,fixed
24.893217799952254,12,0.8,-0.01554787,-3.109574,12.438296000000001,2.4876592,fixed
24.90479029994458,12,0.8,-0.01524198,-3.048396,12.193584,2.4387168,fixed
24.916451399913058,12,0.8,-0.01493216,-2.9864319999999998,11.945728,2.3891456,fixed
24.928081799997017,12,0.8,-0.01524969,-3.049938,12.199752000000002,2.4399504000000003,fixed
24.939723099931143,12,0.8,-0.01577733,-3.1554659999999997,12.621864,2.5243728,fixed
24.951395499985665,12,0.8,-0.01576983,-3.1539659999999996,12.615863999999998,2.5231727999999998,fixed
24.962921799975447,12,0.8,-0.01557268,-3.114536,12.458144,2.4916288000000004,fixed
24.97467989998404,12,0.8,-0.01528122,-3.056244,12.224976,2.4449952,fixed
24.98613499989733,12,0.8,-0.01495472,-2.990944,11.963776000000001,2.3927552,fixed
24.997673099976964,12,0.8,-0.01512174,-3.024348,12.097392000000001,2.4194784,fixed
25.00930919998791,12,0.8,-0.01571204,-3.142408,12.569632,2.5139264000000003,fixed
25.020928399986587,12,0.8,-0.01580456,-3.1609119999999997,12.643648,2.5287296,fixed
25.03259610000532,12,0.8,-0.01562103,-3.124206,12.496824,2.4993648000000004,fixed
25.044250199920498,12,0.8,-0.01535932,-3.0718639999999997,12.287456,2.4574911999999998,fixed
25.05602529994212,12,0.8,-0.01501124,-3.0022480000000002,12.008992000000001,2.4017984000000006,fixed
25.067656599916518,12,0.8,-0.01509898,-3.019796,12.079184,2.4158368,fixed
25.079401799943298,12,0.8,-0.01570605,-3.14121,12.56484,2.5129680000000003,fixed
25.091427699895576,12,0.8,-0.01579397,-3.1587940000000003,12.635176000000001,2.5270352000000003,fixed
25.103164999978617,12,0.8,-0.01552354,-3.104708,12.418832000000002,2.4837664000000004,fixed
25.11481699999422,12,0.8,-0.01523413,-3.0468260000000003,12.187304000000001,2.4374608,fixed
25.12659369991161,12,0.8,-0.01492157,-2.9843140000000004,11.937256,2.3874512000000006,fixed
25.138245799927972,12,0.8,-0.01536417,-3.072834,12.291336,2.4582672,fixed
25.14999429997988,12,0.8,-0.01581475,-3.1629499999999995,12.6518,2.53036,fixed
25.161873299977742,12,0.8,-0.01573747,-3.147494,12.589976000000002,2.5179952,fixed
25.173699599923566,12,0.8,-0.01546879,-3.0937580000000002,12.375032000000001,2.4750064000000003,fixed
25.18539909995161,12,0.8,-0.01511748,-3.023496,12.093984000000003,2.4187968000000004,fixed
25.1971853999421,12,0.8,-0.01495726,-2.9914519999999998,11.965808,2.3931616,fixed
25.209075499908067,12,0.8,-0.01559754,-3.119508,12.478032,2.4956064000000002,fixed
25.220778799965046,12,0.8,-0.0158153,-3.16306,12.652240000000003,2.5304480000000003,fixed
25.232555499998853,12,0.8,-0.01564048,-3.1280959999999998,12.512383999999999,2.5024768,fixed
25.244365999940783,12,0.8,-0.01534951,-3.069902,12.279608000000001,2.4559216,fixed
25.25605429999996,12,0.8,-0.01500182,-3.0003640000000003,12.001456000000001,2.4002912000000003,fixed
25.267854499979876,12,0.8,-0.01515271,-3.0305419999999996,12.122168,2.4244336,fixed
25.279581199982204,12,0.8,-0.01575901,-3.151802,12.607208000000002,2.5214416,fixed
25.291315499925986,12,0.8,-0.01578267,-3.1565339999999997,12.626135999999999,2.5252272,fixed
25.30293669993989,12,0.8,-0.01556831,-3.113662,12.454648,2.4909296000000003,fixed
25.314603099948727,12,0.8,-0.01527628,-3.055256,12.221024,2.4442048,fixed
25.326432499918155,12,0.8,-0.01494735,-2.98947,11.957880000000001,2.391576,fixed
25.338268199935555,12,0.8,-0.01528327,-3.056654,12.226616000000002,2.4453232000000003,fixed
25.350012699957006,12,0.8,-0.01581513,-3.163026,12.652104000000001,2.5304208,fixed
25.361760400002822,12,0.8,-0.01573636,-3.147272,12.589088000000002,2.5178176000000003,fixed
25.37347479991149,12,0.8,-0.01548861,-3.097722,12.390888,2.4781776000000004,fixed
25.385232999920845,12,0.8,-0.0151778,-3.03556,12.142240000000001,2.428448,fixed
25.397164199966937,12,0.8,-0.01493047,-2.986094,11.944376,2.3888752,fixed
25.408923399983905,12,0.8,-0.01558723,-3.117446,12.469784,2.4939568000000003,fixed
25.420648799976334,12,0.8,-0.01582257,-3.164514,12.658056,2.5316112000000004,fixed
25.43246239994187,12,0.8,-0.01565224,-3.1304480000000003,12.521792000000001,2.5043584000000005,fixed
25.44431569997687,12,0.8,-0.0153569,-3.07138,12.285520000000002,2.457104,fixed
25.45601490000263,12,0.8,-0.01500303,-3.0006060000000003,12.002424000000001,2.4004848000000005,fixed
25.46776879997924,12,0.8,-0.01509835,-3.01967,12.078680000000002,2.4157360000000003,fixed
25.479661499965005,12,0.8,-0.01574203,-3.148406,12.593624000000002,2.5187248,fixed
25.491339199943468,12,0.8,-0.01577516,-3.155032,12.620128000000001,2.5240256,fixed
25.5032068999717,12,0.8,-0.01555753,-3.111506,12.446024,2.4892048,fixed
25.5150073999539,12,0.8,-0.01522926,-3.045852,12.183408,2.4366816,fixed
25.526704099960625,12,0.8,-0.0149167,-2.98334,11.93336,2.3866720000000003,fixed
25.53843859990593,12,0.8,-0.01541314,-3.082628,12.330512000000002,2.4661024000000005,fixed
25.550275499932468,12,0.8,-0.0158182,-3.16364,12.654560000000002,2.5309120000000003,fixed
25.56199899991043,12,0.8,-0.01569327,-3.138654,12.554616,2.5109232,fixed
25.573673099977896,12,0.8,-0.01544692,-3.089384,12.357536000000001,2.4715072,fixed
25.585355999995954,12,0.8,-0.0151306,-3.0261199999999997,12.10448,2.420896,fixed
25.597171399975196,12,0.8,-0.01494784,-2.9895680000000002,11.958272000000001,2.3916544,fixed
25.60887619992718,12,0.8,-0.0155963,-3.11926,12.477040000000002,2.4954080000000003,fixed
25.620566199999303,12,0.8,-0.01581651,-3.163302,12.653208,2.5306416,fixed
25.6323340999661,12,0.8,-0.01564974,-3.1299479999999997,12.519792,2.5039584,fixed
25.644025999936275,12,0.8,-0.01537713,-3.0754259999999998,12.301704,2.4603408,fixed
25.65571409999393,12,0.8,-0.01506491,-3.012982,12.051928000000002,2.4103856,fixed
25.667427000007592,12,0.8,-0.01504433,-3.0088660000000003,12.035464000000001,2.4070928000000005,fixed
25.679176399949938,12,0.8,-0.01566225,-3.1324499999999995,12.5298,2.50596,fixed
25.69112889992539,12,0.8,-0.01580709,-3.161418,12.645672,2.5291344000000002,fixed
25.702806199900806,12,0.8,-0.01558233,-3.116466,12.465864,2.4931728,fixed
25.71462069998961,12,0.8,-0.01529781,-3.059562,12.238248,2.4476496,fixed
25.726401999942027,12,0.8,-0.01494454,-2.988908,11.955632000000001,2.3911264,fixed
25.738051199936308,12,0.8,-0.01525256,-3.0505120000000003,12.202048,2.4404096000000006,fixed
25.74981139996089,12,0.8,-0.01580027,-3.160054,12.640216000000002,2.5280432000000004,fixed
25.761577799916267,12,0.8,-0.01575452,-3.150904,12.603616000000002,2.5207232000000004,fixed
25.77330149989575,12,0.8,-0.01551786,-3.1035719999999998,12.414288,2.4828576,fixed
25.784816699917428,12,0.8,-0.01519626,-3.039252,12.157008000000001,2.4314016,fixed
25.796448899898678,12,0.8,-0.01493686,-2.9873719999999997,11.949488,2.3898976,fixed
25.808016299968585,12,0.8,-0.0152849,-3.0569800000000003,12.227920000000001,2.445584,fixed
25.81955069990363,12,0.8,-0.01577964,-3.1559280000000003,12.623712000000003,2.5247424000000005,fixed
25.831103699980304,12,0.8,-0.01578699,-3.157398,12.629592000000002,2.5259184,fixed
25.842801499995403,12,0.8,-0.01559136,-3.118272,12.473088,2.4946176,fixed
25.85431269998662,12,0.8,-0.01530986,-3.061972,12.247888,2.4495776,fixed
25.865877899923362,12,0.8,-0.01504024,-3.008048,12.032192,2.4064384000000003,fixed
25.877538200002164,12,0.8,-0.01504242,-3.008484,12.033936000000002,2.4067872,fixed
25.889363799942657,12,0.8,-0.01569945,-3.1398900000000003,12.559560000000001,2.5119120000000006,fixed
25.901059599942528,12,0.8,-0.01579629,-3.1592580000000003,12.637032000000001,2.5274064000000003,fixed
25.912857899907976,12,0.8,-0.01557781,-3.1155619999999997,12.462248,2.4924496,fixed
25.924548299983144,12,0.8,-0.0152749,-3.0549799999999996,12.21992,2.443984,fixed
25.93618369998876,12,0.8,-0.01495006,-2.9900119999999997,11.960048,2.3920095999999997,fixed
25.947749799932353,12,0.8,-0.0151954,-3.03908,12.15632,2.431264,fixed
25.95931649999693,12,0.8,-0.01571749,-3.143498,12.573992,2.5147984,fixed
25.970937500009313,12,0.8,-0.01580431,-3.160862,12.643448,2.5286896,fixed
25.98237539990805,12,0.8,-0.01563615,-3.12723,12.508920000000002,2.5017840000000002,fixed
25.99410769995302,12,0.8,-0.01537684,-3.075368,12.301472,2.4602944000000004,fixed
26.005850299960002,12,0.8,-0.01502377,-3.004754,12.019016,2.4038032000000005,fixed
26.017527999938466,12,0.8,-0.01506166,-3.012332,12.049328,2.4098656,fixed
26.029109800001606,12,0.8,-0.0157034,-3.1406799999999997,12.562719999999999,2.512544,fixed
26.040759499999695,12,0.8,-0.01581053,-3.162106,12.648424,2.5296848,fixed
26.052497899974696,12,0.8,-0.01562801,-3.125602,12.502408,2.5004816000000005,fixed
26.06416279997211,12,0.8,-0.01535721,-3.0714420000000002,12.285768000000001,2.4571536000000003,fixed
26.07580120000057,12,0.8,-0.01503467,-3.006934,12.027736,2.4055472000000004,fixed
26.087499199900776,12,0.8,-0.01504789,-3.009578,12.038312000000001,2.4076624,fixed
26.09911379998084,12,0.8,-0.01570551,-3.1411019999999996,12.564407999999998,2.5128816,fixed
26.112708100001328,13,0.81,-0.01544684,-3.089368,12.5119404,2.5023880800000002,fixed
26.124277299968526,13,0.81,-0.01515986,-3.031972,12.279486600000002,2.45589732,fixed
26.135865499963984,13,0.81,-0.0148591,-2.97182,12.035871,2.4071742,fixed
26.14748109993525,13,0.81,-0.01491756,-2.983512,12.0832236,2.4166447200000003,fixed
26.15909259999171,13,0.81,-0.01550913,-3.101826,12.5623953,2.51247906,fixed
26.170639699907042,13,0.81,-0.01566034,-3.1320679999999994,12.6848754,2.5369750799999995,fixed
26.18230260000564,13,0.81,-0.01549186,-3.098372,12.548406600000002,2.50968132,fixed
26.193923899903893,13,0.81,-0.01525115,-3.05023,12.353431500000001,2.4706863,fixed
26.205455499934033,13,0.81,-0.01494865,-2.98973,12.108406500000001,2.4216813000000004,fixed
26.216935099917464,13,0.81,-0.01479864,-2.959728,11.986898400000001,2.3973796800000002,fixed
26.228455399977975,13,0.81,-0.01533803,-3.0676060000000005,12.4238043,2.4847608600000006,fixed
26.24008119991049,13,0.81,-0.01566272,-3.132544,12.686803200000003,2.53736064,fixed
26.251746299909428,13,0.81,-0.01558797,-3.117594,12.6262557,2.52525114,fixed
26.2634935999522,13,0.81,-0.01532936,-3.0658719999999997,12.4167816,2.48335632,fixed
26.275274599902332,13,0.81,-0.0150074,-3.00148,12.155994000000002,2.4311988,fixed
26.286950399982743,13,0.81,-0.01477984,-2.955968,11.971670400000002,2.39433408,fixed
26.298790199914947,13,0.81,-0.01540261,-3.080522,12.476114100000002,2.4952228200000004,fixed
26.31075469998177,13,0.81,-0.01565781,-3.131562,12.682826100000003,2.5365652200000004,fixed
26.322440199903212,13,0.81,-0.01546955,-3.09391,12.530335500000001,2.5060671,fixed
26.33399999991525,13,0.81,-0.01522053,-3.044106,12.328629300000001,2.4657258600000005,fixed
26.345486199948937,13,0.81,-0.01491116,-2.9822319999999998,12.0780396,2.41560792,fixed
26.356982499943115,13,0.81,-0.01481863,-2.963726,12.0030903,2.40061806,fixed
26.368492499925196,13,0.81,-0.01539671,-3.0793419999999996,12.4713351,2.4942670199999997,fixed
26.37993870000355,13,0.81,-0.01566829,-3.133658,12.691314900000002,2.5382629800000003,fixed
26.39154919993598,13,0.81,-0.0155945,-3.1189,12.631545000000001,2.5263090000000004,fixed
26.402917700004764,13,0.81,-0.01537899,-3.075798,12.4569819,2.49139638,fixed
26.414320999989286,13,0.81,-0.01513597,-3.027194,12.260135700000001,2.45202714,fixed
26.42575079994276,13,0.81,-0.01486121,-2.972242,12.0375801,2.40751602,fixed
26.437171899946406,13,0.81,-0.01486567,-2.973134,12.0411927,2.40823854,fixed
26.44850779999979,13,0.81,-0.01542359,-3.0847179999999996,12.4931079,2.49862158,fixed
26.459917899919674,13,0.81,-0.01566585,-3.13317,12.6893385,2.5378677,fixed
26.47135199990589,13,0.81,-0.01558954,-3.1179080000000003,12.627527400000002,2.5255054800000005,fixed
26.482720599975437,13,0.81,-0.0153937,-3.07874,12.468897000000002,2.4937794,fixed
26.494097499991767,13,0.81,-0.01516645,-3.03329,12.284824500000001,2.4569649,fixed
26.50546909996774,13,0.81,-0.01490539,-2.9810779999999997,12.0733659,2.41467318,fixed
26.516900199931115,13,0.81,-0.01480462,-2.960924,11.991742200000001,2.39834844,fixed
26.528336399933323,13,0.81,-0.01531995,-3.06399,12.409159500000001,2.4818319,fixed
26.53987859992776,13,0.81,-0.01564848,-3.129696,12.6752688,2.5350537600000003,fixed
26.551374499918893,13,0.81,-0.01560078,-3.120156,12.636631800000002,2.5273263600000004,fixed
26.562964299926534,13,0.81,-0.01539904,-3.079808,12.473222400000001,2.4946444800000003,fixed
26.574529199977405,13,0.81,-0.01513208,-3.0264159999999998,12.2569848,2.45139696,fixed
26.586012699990533,13,0.81,-0.01480937,-2.9618740000000003,11.995589700000002,2.3991179400000004,fixed
26.597465300001204,13,0.81,-0.01492715,-2.98543,12.0909915,2.4181983000000002,fixed
26.60899569990579,13,0.81,-0.01551437,-3.102874,12.5666397,2.51332794,fixed
26.620698599959724,13,0.81,-0.01566143,-3.132286,12.6857583,2.53715166,fixed
26.6325974999927,13,0.81,-0.01545611,-3.091222,12.519449100000001,2.5038898200000004,fixed
26.644397599971853,13,0.81,-0.01514736,-3.029472,12.2693616,2.4538723200000003,fixed
26.65612569998484,13,0.81,-0.01480364,-2.960728,11.9909484,2.39818968,fixed
26.668161499896087,13,0.81,-0.01511603,-3.023206,12.243984300000001,2.4487968600000003,fixed
26.680088099907152,13,0.81,-0.01565794,-3.131588,12.6829314,2.53658628,fixed
26.692020599963143,13,0.81,-0.01554715,-3.1094299999999997,12.5931915,2.5186383,fixed
26.70382079994306,13,0.81,-0.01525104,-3.050208,12.353342400000002,2.47066848,fixed
26.715703299967572,13,0.81,-0.01493506,-2.987012,12.097398600000002,2.41947972,fixed
26.727583599975333,13,0.81,-0.0148969,-2.97938,12.066488999999999,2.4132978,fixed
26.739336099941283,13,0.81,-0.01557484,-3.114968,12.615620400000001,2.52312408,fixed
26.751163499895483,13,0.81,-0.01563597,-3.127194,12.6651357,2.53302714,fixed
26.763021699967794,13,0.81,-0.01538579,-3.077158,12.4624899,2.49249798,fixed
26.774959299946204,13,0.81,-0.01507737,-3.015474,12.212669700000001,2.44253394,fixed
26.786736299982294,13,0.81,-0.01475815,-2.9516299999999998,11.9541015,2.3908203,fixed
26.79871469992213,13,0.81,-0.01537429,-3.074858,12.4531749,2.4906349800000003,fixed
26.810395799926482,13,0.81,-0.01566225,-3.1324499999999995,12.6864225,2.5372844999999997,fixed
26.82202540000435,13,0.81,-0.01552576,-3.105152,12.5758656,2.51517312,fixed
26.833510299911723,13,0.81,-0.01527429,-3.054858,12.3721749,2.47443498,fixed
26.84499179990962,13,0.81,-0.01499432,-2.998864,12.1453992,2.4290798400000004,fixed
26.856702199904248,13,0.81,-0.0147624,-2.95248,11.957544,2.3915088,fixed
26.868187199928798,13,0.81,-0.01527141,-3.0542819999999997,12.3698421,2.47396842,fixed
26.879606199916452,13,0.81,-0.01563525,-3.1270499999999997,12.664552500000001,2.5329105,fixed
26.89117749989964,13,0.81,-0.01561843,-3.123686,12.6509283,2.5301856600000003,fixed
26.902923699934036,13,0.81,-0.01538671,-3.077342,12.4632351,2.49264702,fixed
26.91464009997435,13,0.81,-0.01508807,-3.017614,12.221336700000002,2.44426734,fixed
26.926163899945095,13,0.81,-0.0147716,-2.95432,11.964996000000001,2.3929992,fixed
26.937797299935482,13,0.81,-0.01502194,-3.0043879999999996,12.167771400000001,2.43355428,fixed
26.949541799956933,13,0.81,-0.01560356,-3.120712,12.638883600000002,2.5277767200000003,fixed
26.961162699968554,13,0.81,-0.01561764,-3.123528,12.6502884,2.53005768,fixed
26.972867899923585,13,0.81,-0.01541398,-3.082796,12.485323800000002,2.49706476,fixed
26.9846274999436,13,0.81,-0.01511709,-3.023418,12.2448429,2.4489685800000003,fixed
26.99636789993383,13,0.81,-0.01477591,-2.9551819999999998,11.9684871,2.39369742,fixed
27.00800979998894,13,0.81,-0.01513045,-3.02609,12.255664500000002,2.4511329,fixed
27.01959809998516,13,0.81,-0.01563288,-3.1265759999999996,12.6626328,2.53252656,fixed
27.03132349997759,13,0.81,-0.01561607,-3.123214,12.649016699999999,2.52980334,fixed
27.04299170000013,13,0.81,-0.01537643,-3.0752859999999997,12.454908300000001,2.49098166,fixed
27.05468139995355,13,0.81,-0.01509668,-3.019336,12.228310800000001,2.4456621600000004,fixed
27.06638509989716,13,0.81,-0.01476862,-2.9537240000000002,11.9625822,2.3925164400000005,fixed
27.07803239999339,13,0.81,-0.01514017,-3.028034,12.2635377,2.45270754,fixed
27.089601199957542,13,0.81,-0.01564028,-3.128056,12.6686268,2.53372536,fixed
27.101202299934812,13,0.81,-0.01561428,-3.1228559999999996,12.647566800000002,2.5295133599999997,fixed
27.11289249989204,13,0.81,-0.01540372,-3.080744,12.4770132,2.4954026400000004,fixed
27.12462619994767,13,0.81,-0.01509911,-3.0198220000000005,12.2302791,2.4460558200000007,fixed
27.136223399895243,13,0.81,-0.01477149,-2.954298,11.9649069,2.39298138,fixed
27.147743199951947,13,0.81,-0.01503361,-3.006722,12.1772241,2.4354448200000003,fixed
27.159435199922882,13,0.81,-0.01560193,-3.120386,12.637563300000002,2.52751266,fixed
27.171129299909808,13,0.81,-0.01562653,-3.1253059999999997,12.6574893,2.53149786,fixed
27.182616199948825,13,0.81,-0.01543293,-3.0865859999999996,12.5006733,2.50013466,fixed
27.194198999903165,13,0.81,-0.01515444,-3.030888,12.2750964,2.45501928,fixed
27.20602769998368,13,0.81,-0.01484539,-2.969078,12.024765900000002,2.40495318,fixed
27.21785179991275,13,0.81,-0.0150266,-3.00532,12.171546,2.4343092000000004,fixed
27.22962459991686,13,0.81,-0.0156304,-3.12608,12.660624,2.5321248,fixed
27.24137169995811,13,0.81,-0.01560618,-3.121236,12.6410058,2.52820116,fixed
27.252959199948236,13,0.81,-0.01538216,-3.076432,12.4595496,2.4919099200000003,fixed
27.264593299943954,13,0.81,-0.01508723,-3.017446,12.2206563,2.4441312600000002,fixed
27.276374799897894,13,0.81,-0.01477257,-2.954514,11.9657817,2.3931563400000004,fixed
27.288041699910536,13,0.81,-0.01517257,-3.034514,12.2897817,2.4579563400000004,fixed
27.299716799985617,13,0.81,-0.01563985,-3.1279700000000004,12.668278500000001,2.5336557000000006,fixed
27.311437399941497,13,0.81,-0.01560369,-3.1207380000000002,12.6389889,2.52779778,fixed
27.32309689989779,13,0.81,-0.01534839,-3.069678,12.4321959,2.48643918,fixed
27.334697999991477,13,0.81,-0.0150731,-3.01462,12.209211000000002,2.4418422,fixed
27.346331699984148,13,0.81,-0.0147624,-2.95248,11.957544,2.3915088,fixed
27.35802619997412,13,0.81,-0.0151376,-3.02752,12.261456,2.4522912000000003,fixed
27.369972099899314,13,0.81,-0.01566374,-3.132748,12.6876294,2.53752588,fixed
27.381569299963303,13,0.81,-0.01557163,-3.1143259999999997,12.613020299999999,2.52260406,fixed
27.393122699926607,13,0.81,-0.01534071,-3.068142,12.425975100000002,2.48519502,fixed
27.40483359992504,13,0.81,-0.01505949,-3.011898,12.198186900000001,2.43963738,fixed
27.41641899989918,13,0.81,-0.01475751,-2.951502,11.9535831,2.39071662,fixed
27.428022099891677,13,0.81,-0.01518155,-3.03631,12.2970555,2.4594111,fixed
27.43961749994196,13,0.81,-0.01563467,-3.126934,12.664082700000002,2.5328165400000002,fixed
27.451418799930252,13,0.81,-0.01560504,-3.1210080000000002,12.6400824,2.5280164800000002,fixed
27.463188299909234,13,0.81,-0.01536207,-3.072414,12.4432767,2.48865534,fixed
27.475099699920975,13,0.81,-0.01502874,-3.005748,12.1732794,2.43465588,fixed
27.486770699964836,13,0.81,-0.01478598,-2.957196,11.976643800000002,2.3953287600000004,fixed
27.49839439999778,13,0.81,-0.01534539,-3.069078,12.4297659,2.4859531800000005,fixed
27.51006639993284,13,0.81,-0.01567741,-3.135482,12.6987021,2.53974042,fixed
27.521842999965884,13,0.81,-0.01555635,-3.11127,12.600643500000002,2.5201287000000003,fixed
27.533728699898347,13,0.81,-0.01529454,-3.058908,12.3885774,2.4777154800000005,fixed
27.545365799916908,13,0.81,-0.01493557,-2.987114,12.097811700000001,2.41956234,fixed
27.557171399937943,13,0.81,-0.01483299,-2.9665980000000003,12.014721900000001,2.4029443800000005,fixed
27.569102599984035,13,0.81,-0.01553199,-3.106398,12.580911900000002,2.51618238,fixed
27.580958399921656,13,0.81,-0.01565602,-3.131204,12.6813762,2.53627524,fixed
27.592739399988204,13,0.81,-0.01543963,-3.087926,12.5061003,2.50122006,fixed
27.604444399941713,13,0.81,-0.01512139,-3.024278,12.248325900000001,2.44966518,fixed
27.6163196999114,13,0.81,-0.01478404,-2.9568079999999997,11.975072400000002,2.39501448,fixed
27.628007999970578,13,0.81,-0.01518055,-3.03611,12.296245500000001,2.4592491,fixed
27.63951869995799,13,0.81,-0.01565187,-3.1303739999999998,12.6780147,2.53560294,fixed
27.65119759994559,13,0.81,-0.01563323,-3.126646,12.662916300000003,2.53258326,fixed
27.662910499959253,13,0.81,-0.01541278,-3.082556,12.484351799999999,2.49687036,fixed
27.67438639991451,13,0.81,-0.01511011,-3.0220219999999998,12.2391891,2.44783782,fixed
27.68589520000387,13,0.81,-0.01483282,-2.966564,12.014584200000002,2.40291684,fixed
27.697616399964318,13,0.81,-0.01498404,-2.996808,12.137072400000001,2.4274144800000004,fixed
27.709093499928713,13,0.81,-0.01559357,-3.1187139999999998,12.6307917,2.52615834,fixed
27.72063769993838,13,0.81,-0.01566713,-3.1334260000000005,12.690375300000003,2.5380750600000006,fixed
27.732171199982986,13,0.81,-0.01549541,-3.099082,12.5512821,2.51025642,fixed
27.743856399902143,13,0.81,-0.01524377,-3.0487539999999997,12.3474537,2.46949074,fixed
27.75544859992806,13,0.81,-0.01493454,-2.986908,12.0969774,2.4193954800000004,fixed
27.767209699959494,13,0.81,-0.01485444,-2.970888,12.0320964,2.40641928,fixed
27.778912999900058,13,0.81,-0.01552657,-3.105314,12.5765217,2.51530434,fixed
27.790512699983083,13,0.81,-0.01567439,-3.134878,12.6962559,2.5392511800000004,fixed
27.80228059994988,13,0.81,-0.01550024,-3.100048,12.555194400000001,2.51103888,fixed
27.814037399948575,13,0.81,-0.01520274,-3.040548,12.314219399999999,2.46284388,fixed
27.825781199964695,13,0.81,-0.01488184,-2.976368,12.054290400000001,2.41085808,fixed
27.837370799970813,13,0.81,-0.01497133,-2.994266,12.1267773,2.42535546,fixed
27.848925399943255,13,0.81,-0.01552015,-3.10403,12.571321500000002,2.5142643000000002,fixed
27.860482499934733,13,0.81,-0.01567289,-3.134578,12.695040899999999,2.53900818,fixed
27.872189299901947,13,0.81,-0.01550686,-3.1013720000000005,12.560556600000002,2.5121113200000007,fixed
27.883890399942175,13,0.81,-0.01523157,-3.0463139999999997,12.337571700000002,2.46751434,fixed
27.895335499895737,13,0.81,-0.01491651,-2.9833019999999997,12.0823731,2.41647462,fixed
27.907042399980128,13,0.81,-0.01482278,-2.964556,12.006451800000002,2.40129036,fixed
27.91867199994158,13,0.81,-0.01546156,-3.0923119999999997,12.5238636,2.50477272,fixed
27.93014499999117,13,0.81,-0.01567888,-3.135776,12.699892799999999,2.53997856,fixed
27.941611199988984,13,0.81,-0.01556055,-3.11211,12.604045500000002,2.5208091,fixed
27.953202799893916,13,0.81,-0.01534429,-3.068858,12.4288749,2.4857749800000004,fixed
27.964619899983518,13,0.81,-0.01506019,-3.0120379999999995,12.1987539,2.43975078,fixed
27.976041699992493,13,0.81,-0.01478213,-2.9564259999999996,11.9735253,2.3947050599999997,fixed
27.98763639992103,13,0.81,-0.015023,-3.0046,12.168630000000002,2.433726,fixed
27.99917349999305,13,0.81,-0.015581,-3.1162,12.620610000000001,2.524122,fixed
28.010710099944845,13,0.81,-0.0156581,-3.1316200000000003,12.683061000000002,2.5366122000000004,fixed
28.022393799968995,13,0.81,-0.0154867,-3.09734,12.544227000000001,2.5088454000000002,fixed
28.034036599914543,13,0.81,-0.01520977,-3.0419539999999996,12.3199137,2.46398274,fixed
28.045764199923724,13,0.81,-0.01488191,-2.976382,12.054347100000001,2.41086942,fixed
28.057366799912415,13,0.81,-0.01493042,-2.986084,12.0936402,2.41872804,fixed
28.068987599923275,13,0.81,-0.0155449,-3.10898,12.591369000000002,2.5182738000000002,fixed
28.080827899975702,13,0.81,-0.0156586,-3.1317200000000005,12.683466000000003,2.5366932000000006,fixed
28.092528399894945,13,0.81,-0.01545366,-3.090732,12.5174646,2.5034929200000002,fixed
28.104423999902792,13,0.81,-0.01514573,-3.029146,12.2680413,2.45360826,fixed
28.11845159996301,14,0.8200000000000001,-0.01514302,-3.028604,12.417276400000002,2.4834552800000003,fixed
28.130352899897844,14,0.8200000000000001,-0.01550083,-3.100166,12.710680600000002,2.5421361200000003,fixed
28.142172399908304,14,0.8200000000000001,-0.0153431,-3.06862,12.581342000000001,2.5162684000000004,fixed
28.154233799898066,14,0.8200000000000001,-0.01503589,-3.007178,12.329429800000002,2.4658859600000005,fixed
28.165985199972056,14,0.8200000000000001,-0.01464189,-2.928378,12.0063498,2.40126996,fixed
28.177745099994354,14,0.8200000000000001,-0.01489393,-2.978786,12.2130226,2.44260452,fixed
28.189601699938066,14,0.8200000000000001,-0.01546803,-3.0936060000000003,12.683784600000001,2.5367569200000006,fixed
28.201546899974346,14,0.8200000000000001,-0.01542893,-3.085786,12.651722600000001,2.5303445200000003,fixed
28.21355119999498,14,0.8200000000000001,-0.0151384,-3.0276799999999997,12.413488000000001,2.4826976,fixed
28.226018099929206,14,0.8200000000000001,-0.01465353,-2.930706,12.015894600000001,2.40317892,fixed
28.237880799919367,14,0.8200000000000001,-0.01491929,-2.983858,12.2338178,2.4467635600000004,fixed
28.249641299946234,14,0.8200000000000001,-0.01547994,-3.0959879999999997,12.6935508,2.53871016,fixed
28.261450799996965,14,0.8200000000000001,-0.0154329,-3.08658,12.654978000000002,2.5309956000000002,fixed
28.273311599972658,14,0.8200000000000001,-0.01516993,-3.0339859999999996,12.4393426,2.4878685199999997,fixed
28.285207099979743,14,0.8200000000000001,-0.01483696,-2.967392,12.1663072,2.43326144,fixed
28.29700249992311,14,0.8200000000000001,-0.01465874,-2.931748,12.0201668,2.40403336,fixed
28.308800099999644,14,0.8200000000000001,-0.01533757,-3.067514,12.5768074,2.51536148,fixed
28.320487799937837,14,0.8200000000000001,-0.01550633,-3.101266,12.7151906,2.5430381200000003,fixed
28.332090299925767,14,0.8200000000000001,-0.01533454,-3.066908,12.574322800000001,2.5148645600000004,fixed
28.343580699991435,14,0.8200000000000001,-0.01507929,-3.015858,12.3650178,2.4730035600000004,fixed
28.355094600003213,14,0.8200000000000001,-0.01480272,-2.960544,12.138230400000001,2.42764608,fixed
28.366743399994448,14,0.8200000000000001,-0.01462103,-2.924206,11.989244600000001,2.39784892,fixed
28.37838439992629,14,0.8200000000000001,-0.01519935,-3.03987,12.463467000000001,2.4926934000000003,fixed
28.389851599931717,14,0.8200000000000001,-0.01551774,-3.103548,12.724546800000002,2.54490936,fixed
28.401327300001867,14,0.8200000000000001,-0.01543299,-3.086598,12.6550518,2.5310103600000002,fixed
28.412843799917027,14,0.8200000000000001,-0.01522578,-3.045156,12.4851396,2.4970279200000003,fixed
28.424302899977192,14,0.8200000000000001,-0.01496587,-2.993174,12.2720134,2.45440268,fixed
28.435735299950466,14,0.8200000000000001,-0.0146771,-2.9354199999999997,12.035222000000001,2.4070443999999998,fixed
28.447440899908543,14,0.8200000000000001,-0.01478409,-2.9568179999999997,12.122953800000001,2.42459076,fixed
28.458973299944773,14,0.8200000000000001,-0.01540475,-3.08095,12.631895,2.5263790000000004,fixed
28.47045659995638,14,0.8200000000000001,-0.0154992,-3.09984,12.709344000000002,2.5418688,fixed
28.482266899896786,14,0.8200000000000001,-0.01533555,-3.06711,12.575151000000002,2.5150302,fixed
28.49421029991936,14,0.8200000000000001,-0.01502146,-3.0042920000000004,12.3175972,2.4635194400000007,fixed
28.50610100000631,14,0.8200000000000001,-0.01464959,-2.929918,12.012663800000002,2.40253276,fixed
28.517980300006457,14,0.8200000000000001,-0.01497035,-2.99407,12.275687,2.4551374,fixed
28.53009089990519,14,0.8200000000000001,-0.01550663,-3.1013260000000002,12.7154366,2.5430873200000006,fixed
28.542051899945363,14,0.8200000000000001,-0.01536723,-3.073446,12.601128600000003,2.5202257200000004,fixed
28.55388799996581,14,0.8200000000000001,-0.01506734,-3.013468,12.355218800000001,2.47104376,fixed
28.56562229990959,14,0.8200000000000001,-0.01471779,-2.943558,12.068587800000001,2.4137175600000003,fixed
28.577631099964492,14,0.8200000000000001,-0.01478137,-2.956274,12.120723400000001,2.4241446800000004,fixed
28.589670899906196,14,0.8200000000000001,-0.01548651,-3.097302,12.6989382,2.53978764,fixed
28.601717099896632,14,0.8200000000000001,-0.01542121,-3.084242,12.645392200000002,2.52907844,fixed
28.61357789998874,14,0.8200000000000001,-0.01511277,-3.022554,12.3924714,2.47849428,fixed
28.6253810999915,14,0.8200000000000001,-0.01477548,-2.955096,12.115893600000001,2.42317872,fixed
28.637238599942066,14,0.8200000000000001,-0.01469692,-2.939384,12.051474400000002,2.4102948800000004,fixed
28.649043899960816,14,0.8200000000000001,-0.01538782,-3.0775639999999997,12.618012400000001,2.52360248,fixed
28.66081349994056,14,0.8200000000000001,-0.01548483,-3.096966,12.697560600000001,2.5395121200000004,fixed
28.672669799998403,14,0.8200000000000001,-0.01527262,-3.054524,12.523548400000001,2.50470968,fixed
28.684618099941872,14,0.8200000000000001,-0.01493579,-2.987158,12.2473478,2.4494695600000003,fixed
28.696598899899982,14,0.8200000000000001,-0.01460355,-2.92071,11.974911,2.3949822000000003,fixed
28.708325799903832,14,0.8200000000000001,-0.01523151,-3.046302,12.489838200000001,2.49796764,fixed
28.720085099921562,14,0.8200000000000001,-0.01551355,-3.1027099999999996,12.721111,2.5442222,fixed
28.731950899935327,14,0.8200000000000001,-0.01536432,-3.072864,12.5987424,2.51974848,fixed
28.74384969996754,14,0.8200000000000001,-0.0150824,-3.01648,12.367568,2.4735136000000004,fixed
28.755709999939427,14,0.8200000000000001,-0.01471808,-2.943616,12.0688256,2.4137651200000003,fixed
28.76762699999381,14,0.8200000000000001,-0.01483667,-2.967334,12.1660694,2.4332138800000003,fixed
28.779653599951416,14,0.8200000000000001,-0.01547924,-3.095848,12.6929768,2.5385953600000004,fixed
28.791610699961893,14,0.8200000000000001,-0.01541147,-3.082294,12.6374054,2.5274810800000003,fixed
28.80339059990365,14,0.8200000000000001,-0.01513599,-3.027198,12.4115118,2.4823023600000003,fixed
28.81528779992368,14,0.8200000000000001,-0.01480987,-2.961974,12.1440934,2.4288186800000005,fixed
28.82711279997602,14,0.8200000000000001,-0.01470617,-2.941234,12.0590594,2.41181188,fixed
28.838892999920063,14,0.8200000000000001,-0.01538196,-3.076392,12.6132072,2.52264144,fixed
28.850477500003763,14,0.8200000000000001,-0.01549717,-3.0994339999999996,12.7076794,2.5415358799999996,fixed
28.861914499895647,14,0.8200000000000001,-0.01533811,-3.067622,12.577250200000002,2.51545004,fixed
28.873320299899206,14,0.8200000000000001,-0.01511924,-3.023848,12.3977768,2.4795553600000004,fixed
28.88470860000234,14,0.8200000000000001,-0.01485446,-2.970892,12.1806572,2.43613144,fixed
28.896108699962497,14,0.8200000000000001,-0.01460968,-2.9219359999999996,11.979937600000001,2.39598752,fixed
28.907519500004128,14,0.8200000000000001,-0.01492778,-2.985556,12.240779600000002,2.44815592,fixed
28.918951499974355,14,0.8200000000000001,-0.01542057,-3.084114,12.6448674,2.5289734800000003,fixed
28.93034229998011,14,0.8200000000000001,-0.01549442,-3.098884,12.705424400000002,2.54108488,fixed
28.94172919995617,14,0.8200000000000001,-0.0153502,-3.0700399999999997,12.587164000000001,2.5174328,fixed
28.953059199964628,14,0.8200000000000001,-0.01514666,-3.0293319999999997,12.4202612,2.48405224,fixed
28.96443199994974,14,0.8200000000000001,-0.01489831,-2.9796620000000003,12.2166142,2.4433228400000004,fixed
28.97597929998301,14,0.8200000000000001,-0.01463663,-2.927326,12.0020366,2.4004073200000002,fixed
28.987454399932176,14,0.8200000000000001,-0.01487887,-2.9757740000000004,12.200673400000003,2.4401346800000003,fixed
28.998999699950218,14,0.8200000000000001,-0.01542086,-3.0841719999999997,12.645105200000001,2.52902104,fixed
29.01056179997977,14,0.8200000000000001,-0.01550517,-3.101034,12.7142394,2.54284788,fixed
29.022031600004993,14,0.8200000000000001,-0.01532915,-3.06583,12.569903,2.5139806000000005,fixed
29.033440699917264,14,0.8200000000000001,-0.01509551,-3.0191019999999997,12.3783182,2.47566364,fixed
29.04494789999444,14,0.8200000000000001,-0.01483417,-2.966834,12.164019400000003,2.4328038800000003,fixed
29.056613099994138,14,0.8200000000000001,-0.0146344,-2.92688,12.000208000000002,2.4000416,fixed
29.068298499914818,14,0.8200000000000001,-0.01521471,-3.042942,12.476062200000001,2.4952124400000004,fixed
29.080245799967088,14,0.8200000000000001,-0.01552675,-3.10535,12.731935000000002,2.546387,fixed
29.09212559997104,14,0.8200000000000001,-0.01535725,-3.0714499999999996,12.592945000000002,2.518589,fixed
29.10385249997489,14,0.8200000000000001,-0.01504585,-3.00917,12.337597,2.4675194000000005,fixed
29.115584099898115,14,0.8200000000000001,-0.01472362,-2.944724,12.073368400000001,2.41467368,fixed
29.127520199981518,14,0.8200000000000001,-0.01480817,-2.961634,12.142699400000001,2.42853988,fixed
29.13926789991092,14,0.8200000000000001,-0.01545896,-3.0917920000000003,12.676347200000002,2.5352694400000004,fixed
29.15113539993763,14,0.8200000000000001,-0.01547254,-3.0945080000000003,12.6874828,2.5374965600000006,fixed
29.163044199929573,14,0.8200000000000001,-0.01520448,-3.040896,12.4676736,2.4935347200000004,fixed
29.174943699967116,14,0.8200000000000001,-0.01487231,-2.974462,12.1952942,2.43905884,fixed
29.186946799978614,14,0.8200000000000001,-0.01465244,-2.9304879999999995,12.0150008,2.40300016,fixed
29.198825099971145,14,0.8200000000000001,-0.01535736,-3.071472,12.593035200000001,2.51860704,fixed
29.210723099997267,14,0.8200000000000001,-0.01550832,-3.1016640000000004,12.716822400000002,2.5433644800000006,fixed
29.222526300000027,14,0.8200000000000001,-0.01527943,-3.055886,12.5291326,2.5058265200000003,fixed
29.234507699962705,14,0.8200000000000001,-0.01496232,-2.992464,12.269102400000001,2.45382048,fixed
29.246458699926734,14,0.8200000000000001,-0.01461784,-2.923568,11.986628800000002,2.39732576,fixed
29.258282199967653,14,0.8200000000000001,-0.01521762,-3.043524,12.4784484,2.4956896800000004,fixed
29.270149199990556,14,0.8200000000000001,-0.01553199,-3.106398,12.7362318,2.5472463600000004,fixed
29.282221999950707,14,0.8200000000000001,-0.0153688,-3.07376,12.602416000000002,2.5204832,fixed
29.294264099909924,14,0.8200000000000001,-0.01501422,-3.002844,12.311660400000001,2.4623320800000004,fixed
29.30615570000373,14,0.8200000000000001,-0.01463082,-2.926164,11.9972724,2.39945448,fixed
29.31808060000185,14,0.8200000000000001,-0.01508457,-3.0169140000000003,12.3693474,2.4738694800000003,fixed
29.330011899932288,14,0.8200000000000001,-0.01553043,-3.106086,12.7349526,2.54699052,fixed
29.342038200004026,14,0.8200000000000001,-0.01537171,-3.074342,12.604802200000002,2.52096044,fixed
29.35385379998479,14,0.8200000000000001,-0.01506281,-3.012562,12.3515042,2.47030084,fixed
29.365678599919192,14,0.8200000000000001,-0.01470676,-2.9413519999999997,12.0595432,2.41190864,fixed
29.377453599940054,14,0.8200000000000001,-0.01486128,-2.972256,12.1862496,2.43724992,fixed
29.389275999972597,14,0.8200000000000001,-0.01547563,-3.095126,12.690016600000002,2.53800332,fixed
29.40104489994701,14,0.8200000000000001,-0.01546957,-3.0939140000000003,12.685047400000002,2.5370094800000005,fixed
29.41296479990706,14,0.8200000000000001,-0.01521999,-3.0439979999999998,12.480391800000001,2.49607836,fixed
29.42475539993029,14,0.8200000000000001,-0.01487245,-2.9744900000000003,12.195409000000001,2.4390818000000003,fixed
29.43652679992374,14,0.8200000000000001,-0.01463421,-2.9268419999999997,12.0000522,2.40001044,fixed
29.448267999920063,14,0.8200000000000001,-0.01524232,-3.048464,12.4987024,2.4997404800000003,fixed
29.46021429996472,14,0.8200000000000001,-0.01553203,-3.1064060000000002,12.736264600000002,2.5472529200000005,fixed
29.472009899909608,14,0.8200000000000001,-0.01535811,-3.071622,12.5936502,2.5187300400000003,fixed
29.483684099977836,14,0.8200000000000001,-0.01509702,-3.0194039999999998,12.3795564,2.47591128,fixed
29.495594599982724,14,0.8200000000000001,-0.01474611,-2.949222,12.091810200000001,2.41836204,fixed
29.507439599954523,14,0.8200000000000001,-0.01484818,-2.9696360000000004,12.175507600000001,2.4351015200000004,fixed
29.51923390000593,14,0.8200000000000001,-0.01547365,-3.09473,12.688393000000001,2.5376786000000005,fixed
29.530985899968073,14,0.8200000000000001,-0.01548012,-3.096024,12.693698400000002,2.53873968,fixed
29.542873799917288,14,0.8200000000000001,-0.01524216,-3.048432,12.4985712,2.4997142400000003,fixed
29.55469059990719,14,0.8200000000000001,-0.01489963,-2.979926,12.217696600000002,2.44353932,fixed
29.566462499904446,14,0.8200000000000001,-0.01462605,-2.92521,11.993361,2.3986722,fixed
29.578252999926917,14,0.8200000000000001,-0.01522558,-3.045116,12.484975600000002,2.4969951200000002,fixed
29.590285899932496,14,0.8200000000000001,-0.01553219,-3.106438,12.736395800000002,2.54727916,fixed
29.602154099964537,14,0.8200000000000001,-0.01534126,-3.068252,12.579833200000001,2.5159666400000003,fixed
29.61396549991332,14,0.8200000000000001,-0.01504566,-3.009132,12.337441200000002,2.46748824,fixed
29.62583219993394,14,0.8200000000000001,-0.01468682,-2.9373639999999996,12.0431924,2.40863848,fixed
29.637733399984427,14,0.8200000000000001,-0.01496145,-2.9922899999999997,12.268389,2.4536778,fixed
29.649673699983396,14,0.8200000000000001,-0.0155203,-3.10406,12.726646,2.5453292000000003,fixed
29.66148999996949,14,0.8200000000000001,-0.01542213,-3.0844259999999997,12.6461466,2.52922932,fixed
29.67328190000262,14,0.8200000000000001,-0.01514981,-3.0299620000000003,12.422844200000002,2.4845688400000006,fixed
29.685069700004533,14,0.8200000000000001,-0.01481653,-2.963306,12.149554600000002,2.42991092,fixed
29.69696460000705,14,0.8200000000000001,-0.01469459,-2.938918,12.049563800000001,2.40991276,fixed
29.708756499923766,14,0.8200000000000001,-0.01540017,-3.080034,12.6281394,2.52562788,fixed
29.72063060000073,14,0.8200000000000001,-0.01551332,-3.102664,12.720922400000001,2.54418448,fixed
29.732593899942003,14,0.8200000000000001,-0.01527839,-3.055678,12.5282798,2.50565596,fixed
29.744462199974805,14,0.8200000000000001,-0.01495385,-2.99077,12.262157,2.4524314,fixed
29.75628209998831,14,0.8200000000000001,-0.01462609,-2.925218,11.9933938,2.39867876,fixed
29.768053899984807,14,0.8200000000000001,-0.01517086,-3.034172,12.440105200000001,2.48802104,fixed
29.77985669998452,14,0.8200000000000001,-0.01553157,-3.1063140000000002,12.735887400000001,2.54717748,fixed
29.791532999952324,14,0.8200000000000001,-0.01541679,-3.0833579999999996,12.6417678,2.5283535599999998,fixed
29.803280299995095,14,0.8200000000000001,-0.01516642,-3.033284,12.436464400000002,2.4872928800000005,fixed
29.815227999933995,14,0.8200000000000001,-0.01484394,-2.968788,12.1720308,2.43440616,fixed
29.82707329990808,14,0.8200000000000001,-0.01476555,-2.95311,12.107751000000002,2.4215502000000004,fixed
29.83886169991456,14,0.8200000000000001,-0.01540811,-3.081622,12.6346502,2.52693004,fixed
29.85055609990377,14,0.8200000000000001,-0.01551203,-3.1024059999999998,12.719864600000001,2.54397292,fixed
29.862353699980304,14,0.8200000000000001,-0.01530419,-3.060838,12.549435800000001,2.5098871600000003,fixed
29.874094899976626,14,0.8200000000000001,-0.01497792,-2.995584,12.281894400000002,2.4563788800000004,fixed
29.885734100011177,14,0.8200000000000001,-0.01466276,-2.9325520000000003,12.0234632,2.4046926400000004,fixed
29.897180999978445,14,0.8200000000000001,-0.0148693,-2.97386,12.192826,2.4385652,fixed
29.908778599929065,14,0.8200000000000001,-0.01541382,-3.082764,12.6393324,2.52786648,fixed
29.920237299986184,14,0.8200000000000001,-0.01551755,-3.10351,12.724391,2.5448782000000003,fixed
29.931733199977316,14,0.8200000000000001,-0.01536591,-3.073182,12.600046200000001,2.5200092400000003,fixed
29.943293799995445,14,0.8200000000000001,-0.01512302,-3.0246039999999996,12.4008764,2.48017528,fixed
29.954778299899772,14,0.8200000000000001,-0.0148355,-2.9671,12.165110000000002,2.4330220000000002,fixed
29.966467599966563,14,0.8200000000000001,-0.01463349,-2.926698,11.9994618,2.3998923600000004,fixed
29.977949899970554,14,0.8200000000000001,-0.01518271,-3.036542,12.449822200000002,2.48996444,fixed
29.989495799993165,14,0.8200000000000001,-0.01553291,-3.1065820000000004,12.736986200000002,2.5473972400000005,fixed
30.00108979991637,14,0.8200000000000001,-0.01545512,-3.091024,12.6731984,2.53463968,fixed
30.012713499949314,14,0.8200000000000001,-0.01522425,-3.04485,12.483885,2.4967770000000002,fixed
30.02431849995628,14,0.8200000000000001,-0.01495454,-2.990908,12.262722800000002,2.45254456,fixed
30.035889399936423,14,0.8200000000000001,-0.01463388,-2.926776,11.9997816,2.3999563200000003,fixed
30.04756659991108,14,0.8200000000000001,-0.01496524,-2.993048,12.2714968,2.4542993600000003,fixed
30.059207499958575,14,0.8200000000000001,-0.01548563,-3.0971260000000003,12.6982166,2.5396433200000006,fixed
30.07076589995995,14,0.8200000000000001,-0.01548628,-3.0972560000000002,12.698749600000001,2.53974992,fixed
30.082390900002792,14,0.8200000000000001,-0.01527381,-3.054762,12.524524200000002,2.5049048400000005,fixed
30.093993099988438,14,0.8200000000000001,-0.01500641,-3.001282,12.3052562,2.46105124,fixed
30.10572379990481,14,0.8200000000000001,-0.01469093,-2.938186,12.046562600000001,2.4093125200000003,fixed
30.11912609997671,15,0.8300000000000001,-0.01528419,-3.056838,12.6858777,2.5371755400000002,fixed
30.130979200010188,15,0.8300000000000001,-0.01528509,-3.0570180000000002,12.686624700000001,2.5373249400000004,fixed
30.142636299948208,15,0.8300000000000001,-0.01503339,-3.006678,12.477713700000002,2.4955427400000003,fixed
30.154427199973725,15,0.8300000000000001,-0.01474287,-2.948574,12.236582100000001,2.44731642,fixed
30.16616709996015,15,0.8300000000000001,-0.01443459,-2.886918,11.980709700000002,2.39614194,fixed
30.177991800010204,15,0.8300000000000001,-0.01492451,-2.984902,12.387343300000001,2.47746866,fixed
30.189937399933115,15,0.8300000000000001,-0.01533419,-3.0668379999999997,12.7273777,2.54547554,fixed
30.201598799903877,15,0.8300000000000001,-0.01519177,-3.038354,12.6091691,2.5218338200000003,fixed
30.213232100009918,15,0.8300000000000001,-0.01494115,-2.98823,12.4011545,2.4802309000000005,fixed
30.225021099904552,15,0.8300000000000001,-0.01462877,-2.925754,12.1418791,2.4283758200000003,fixed
30.236812999937683,15,0.8300000000000001,-0.01449311,-2.898622,12.029281300000001,2.40585626,fixed
30.248668999993242,15,0.8300000000000001,-0.01517884,-3.035768,12.598437200000001,2.5196874400000002,fixed
30.260433799936436,15,0.8300000000000001,-0.01531376,-3.0627519999999997,12.7104208,2.54208416,fixed
30.272157699917443,15,0.8300000000000001,-0.01512189,-3.024378,12.551168700000002,2.5102337400000003,fixed
30.283830899978057,15,0.8300000000000001,-0.01483014,-2.966028,12.309016200000002,2.4618032400000005,fixed
30.295572599978186,15,0.8300000000000001,-0.01449485,-2.89897,12.0307255,2.4061451000000003,fixed
30.307348900008947,15,0.8300000000000001,-0.01465965,-2.93193,12.167509500000001,2.4335019,fixed
30.318972699926235,15,0.8300000000000001,-0.01527531,-3.0550620000000004,12.678507300000001,2.5357014600000007,fixed
30.330724600004032,15,0.8300000000000001,-0.01528532,-3.057064,12.686815600000001,2.53736312,fixed
30.34247339994181,15,0.8300000000000001,-0.01506471,-3.012942,12.5037093,2.50074186,fixed
30.354002199950628,15,0.8300000000000001,-0.01477194,-2.9543880000000002,12.260710200000002,2.4521420400000005,fixed
30.36567259998992,15,0.8300000000000001,-0.01447214,-2.894428,12.0118762,2.40237524,fixed
30.377353199990466,15,0.8300000000000001,-0.01467738,-2.935476,12.182225400000002,2.4364450800000004,fixed
30.38884789997246,15,0.8300000000000001,-0.01527604,-3.055208,12.6791132,2.53582264,fixed
30.40029839996714,15,0.8300000000000001,-0.01530253,-3.0605059999999997,12.7010999,2.54021998,fixed
30.41185699997004,15,0.8300000000000001,-0.01513213,-3.026426,12.5596679,2.51193358,fixed
30.423373400000855,15,0.8300000000000001,-0.01487901,-2.975802,12.349578300000001,2.4699156600000003,fixed
30.43480729998555,15,0.8300000000000001,-0.01460128,-2.9202559999999997,12.1190624,2.42381248,fixed
30.446199199999683,15,0.8300000000000001,-0.01443942,-2.887884,11.9847186,2.3969437200000003,fixed
30.45783339999616,15,0.8300000000000001,-0.01489912,-2.979824,12.366269600000003,2.47325392,fixed
30.469348199898377,15,0.8300000000000001,-0.01532281,-3.0645619999999996,12.7179323,2.5435864599999998,fixed
30.481031199917197,15,0.8300000000000001,-0.01524737,-3.049474,12.655317100000001,2.53106342,fixed
30.49253119993955,15,0.8300000000000001,-0.01501798,-3.003596,12.464923400000002,2.49298468,fixed
30.504082800005563,15,0.8300000000000001,-0.01475076,-2.950152,12.243130800000001,2.4486261600000003,fixed
30.515556199941784,15,0.8300000000000001,-0.01447011,-2.894022,12.0101913,2.4020382600000003,fixed
30.52737049991265,15,0.8300000000000001,-0.01469075,-2.9381500000000003,12.1933225,2.4386645000000002,fixed
30.53903220000211,15,0.8300000000000001,-0.01526458,-3.052916,12.669601400000001,2.5339202800000002,fixed
30.550515899900347,15,0.8300000000000001,-0.01529128,-3.058256,12.691762400000002,2.5383524800000004,fixed
30.562125799944624,15,0.8300000000000001,-0.01509682,-3.0193640000000004,12.530360600000002,2.5060721200000007,fixed
30.573827899992466,15,0.8300000000000001,-0.01483072,-2.9661440000000003,12.309497600000002,2.4618995200000007,fixed
30.585504699964076,15,0.8300000000000001,-0.01449477,-2.8989540000000003,12.030659100000003,2.4061318200000006,fixed
30.597194099915214,15,0.8300000000000001,-0.01462132,-2.924264,12.135695600000002,2.42713912,fixed
30.608704599901102,15,0.8300000000000001,-0.01523988,-3.0479760000000002,12.649100400000002,2.5298200800000004,fixed
30.620434999931604,15,0.8300000000000001,-0.01531029,-3.062058,12.707540700000003,2.5415081400000004,fixed
30.632020799908787,15,0.8300000000000001,-0.01511441,-3.022882,12.544960300000001,2.50899206,fixed
30.643680799985304,15,0.8300000000000001,-0.01484612,-2.969224,12.322279600000002,2.4644559200000002,fixed
30.655149500002153,15,0.8300000000000001,-0.01453572,-2.9071439999999997,12.0646476,2.41292952,fixed
30.666667699930258,15,0.8300000000000001,-0.01451353,-2.902706,12.046229900000002,2.40924598,fixed
30.6782830999,15,0.8300000000000001,-0.01511649,-3.023298,12.5466867,2.50933734,fixed
30.69006829999853,15,0.8300000000000001,-0.01532485,-3.0649699999999998,12.7196255,2.5439251,fixed
30.70164779992774,15,0.8300000000000001,-0.01515235,-3.03047,12.576450500000002,2.5152901000000005,fixed
30.71325509995222,15,0.8300000000000001,-0.01489587,-2.979174,12.3635721,2.4727144200000004,fixed
30.72491689992603,15,0.8300000000000001,-0.01459576,-2.9191519999999995,12.1144808,2.4228961599999996,fixed
30.736497099976987,15,0.8300000000000001,-0.01446524,-2.8930480000000003,12.006149200000001,2.4012298400000005,fixed
30.748114299960434,15,0.8300000000000001,-0.01507409,-3.014818,12.5114947,2.50229894,fixed
30.75994969997555,15,0.8300000000000001,-0.01532822,-3.065644,12.722422600000002,2.54448452,fixed
30.77158940001391,15,0.8300000000000001,-0.01517207,-3.034414,12.5928181,2.51856362,fixed
30.78328450000845,15,0.8300000000000001,-0.01491151,-2.982302,12.376553300000001,2.47531066,fixed
30.794970199931413,15,0.8300000000000001,-0.0145962,-2.91924,12.114846,2.4229692000000003,fixed
30.806574699934572,15,0.8300000000000001,-0.01449824,-2.899648,12.033539200000002,2.40670784,fixed
30.818267399910837,15,0.8300000000000001,-0.01511275,-3.02255,12.543582500000001,2.5087165000000002,fixed
30.83001889998559,15,0.8300000000000001,-0.01532747,-3.065494,12.7218001,2.5443600200000005,fixed
30.841640099999495,15,0.8300000000000001,-0.01515457,-3.030914,12.5782931,2.5156586200000004,fixed
30.853309199912474,15,0.8300000000000001,-0.01489947,-2.979894,12.3665601,2.4733120200000003,fixed
30.864994499948807,15,0.8300000000000001,-0.01458439,-2.9168779999999996,12.1050437,2.42100874,fixed
30.876577999908477,15,0.8300000000000001,-0.01450631,-2.901262,12.040237300000001,2.40804746,fixed
30.888188599958085,15,0.8300000000000001,-0.01513387,-3.026774,12.561112100000003,2.51222242,fixed
30.89969099999871,15,0.8300000000000001,-0.01532665,-3.0653300000000003,12.7211195,2.5442239000000004,fixed
30.911073999945074,15,0.8300000000000001,-0.01521676,-3.0433519999999996,12.6299108,2.52598216,fixed
30.922748699900694,15,0.8300000000000001,-0.01500553,-3.001106,12.4545899,2.4909179800000003,fixed
30.93424819991924,15,0.8300000000000001,-0.01470712,-2.941424,12.206909600000001,2.4413819200000004,fixed
30.945716599933803,15,0.8300000000000001,-0.01441948,-2.883896,11.968168400000001,2.39363368,fixed
30.95738589996472,15,0.8300000000000001,-0.01473368,-2.9467360000000005,12.228954400000003,2.4457908800000006,fixed
30.968820499954745,15,0.8300000000000001,-0.01528,-3.056,12.682400000000001,2.53648,fixed
30.98044969991315,15,0.8300000000000001,-0.01530345,-3.06069,12.7018635,2.5403727000000003,fixed
30.992141900002025,15,0.8300000000000001,-0.01509828,-3.0196560000000003,12.531572400000002,2.5063144800000003,fixed
31.003737999941222,15,0.8300000000000001,-0.01483155,-2.96631,12.310186500000002,2.4620373000000004,fixed
31.015440899995156,15,0.8300000000000001,-0.01452683,-2.905366,12.0572689,2.41145378,fixed
31.02742409997154,15,0.8300000000000001,-0.01473508,-2.947016,12.230116400000002,2.4460232800000004,fixed
31.039534599985927,15,0.8300000000000001,-0.01530706,-3.0614120000000002,12.704859800000001,2.5409719600000003,fixed
31.051455799955875,15,0.8300000000000001,-0.01519789,-3.039578,12.614248700000003,2.5228497400000003,fixed
31.063673099968582,15,0.8300000000000001,-0.01493806,-2.987612,12.3985898,2.4797179600000003,fixed
31.07563689991366,15,0.8300000000000001,-0.01446833,-2.893666,12.0087139,2.40174278,fixed
31.08751979994122,15,0.8300000000000001,-0.01477328,-2.954656,12.2618224,2.45236448,fixed
31.099479599972256,15,0.8300000000000001,-0.01530269,-3.060538,12.701232700000002,2.5402465400000005,fixed
31.11140759999398,15,0.8300000000000001,-0.01521602,-3.0432040000000002,12.629296600000002,2.5258593200000004,fixed
31.123170299921185,15,0.8300000000000001,-0.01493238,-2.986476,12.3938754,2.47877508,fixed
31.13580709998496,15,0.8300000000000001,-0.01457532,-2.915064,12.097515600000001,2.4195031200000003,fixed
31.147902900003828,15,0.8300000000000001,-0.01490104,-2.980208,12.367863200000002,2.4735726400000004,fixed
31.159761099959724,15,0.8300000000000001,-0.01532267,-3.064534,12.7178161,2.5435632200000002,fixed
31.171646800008602,15,0.8300000000000001,-0.01517282,-3.034564,12.593440600000003,2.51868812,fixed
31.18351449992042,15,0.8300000000000001,-0.01487534,-2.9750680000000003,12.3465322,2.4693064400000004,fixed
31.195372099988163,15,0.8300000000000001,-0.01451497,-2.902994,12.047425100000002,2.4094850200000004,fixed
31.207357199979015,15,0.8300000000000001,-0.01467896,-2.935792,12.1835368,2.43670736,fixed
31.219253899995238,15,0.8300000000000001,-0.0152881,-3.05762,12.689123000000002,2.5378246000000004,fixed
31.231036599958315,15,0.8300000000000001,-0.01524162,-3.048324,12.650544600000002,2.5301089200000004,fixed
31.242960899951868,15,0.8300000000000001,-0.01496572,-2.993144,12.4215476,2.48430952,fixed
31.254895599908195,15,0.8300000000000001,-0.01460482,-2.920964,12.1220006,2.4244001200000005,fixed
31.26688509993255,15,0.8300000000000001,-0.01454094,-2.908188,12.0689802,2.4137960400000003,fixed
31.278991699917242,15,0.8300000000000001,-0.01524971,-3.049942,12.657259300000002,2.53145186,fixed
31.29114019998815,15,0.8300000000000001,-0.01525325,-3.05065,12.6601975,2.5320395,fixed
31.30323540000245,15,0.8300000000000001,-0.01493844,-2.987688,12.398905200000002,2.47978104,fixed
31.315256899921224,15,0.8300000000000001,-0.01453757,-2.907514,12.0661831,2.41323662,fixed
31.32735259993933,15,0.8300000000000001,-0.01471136,-2.942272,12.2104288,2.4420857600000003,fixed
31.339375799987465,15,0.8300000000000001,-0.01530682,-3.061364,12.7046606,2.5409321200000003,fixed
31.351391999982297,15,0.8300000000000001,-0.01520606,-3.0412120000000002,12.6210298,2.5242059600000006,fixed
31.363453899975866,15,0.8300000000000001,-0.01486685,-2.97337,12.3394855,2.4678971,fixed
31.37495189998299,15,0.8300000000000001,-0.01454654,-2.9093080000000002,12.0736282,2.4147256400000003,fixed
31.38651849993039,15,0.8300000000000001,-0.01447252,-2.894504,12.0121916,2.4024383200000003,fixed
31.397936699911952,15,0.8300000000000001,-0.01506863,-3.0137259999999997,12.5069629,2.50139258,fixed
31.409299099934287,15,0.8300000000000001,-0.01531665,-3.0633299999999997,12.7128195,2.5425638999999998,fixed
31.420869799912907,15,0.8300000000000001,-0.01523057,-3.046114,12.641373100000003,2.5282746200000004,fixed
31.43248209997546,15,0.8300000000000001,-0.01501233,-3.002466,12.4602339,2.4920467800000003,fixed
31.444056799984537,15,0.8300000000000001,-0.01473973,-2.947946,12.2339759,2.44679518,fixed
31.45591269992292,15,0.8300000000000001,-0.01443097,-2.886194,11.977705100000001,2.3955410200000005,fixed
31.46789119997993,15,0.8300000000000001,-0.01499253,-2.998506,12.443799900000002,2.48875998,fixed
31.47957490000408,15,0.8300000000000001,-0.01531905,-3.06381,12.714811500000001,2.5429623,fixed
31.491275999927893,15,0.8300000000000001,-0.01520609,-3.0412179999999998,12.621054700000002,2.52421094,fixed
31.502896099933423,15,0.8300000000000001,-0.01496137,-2.992274,12.417937100000001,2.48358742,fixed
31.514572999905795,15,0.8300000000000001,-0.014664,-2.9328,12.17112,2.434224,fixed
31.526150599936955,15,0.8300000000000001,-0.01442565,-2.8851299999999998,11.973289500000002,2.3946579,fixed
31.53773579990957,15,0.8300000000000001,-0.01496505,-2.99301,12.420991500000001,2.4841983,fixed
31.549463899922557,15,0.8300000000000001,-0.01531443,-3.0628859999999998,12.710976900000002,2.54219538,fixed
31.561263300012797,15,0.8300000000000001,-0.015185,-3.037,12.603550000000002,2.5207100000000002,fixed
31.573068999918178,15,0.8300000000000001,-0.01493855,-2.98771,12.3989965,2.4797993000000003,fixed
31.584768799948506,15,0.8300000000000001,-0.01459278,-2.9185559999999997,12.112007400000001,2.42240148,fixed
31.596446399926208,15,0.8300000000000001,-0.01447799,-2.895598,12.0167317,2.40334634,fixed
31.608334199991077,15,0.8300000000000001,-0.01514316,-3.028632,12.568822800000001,2.5137645600000003,fixed
31.620128199923784,15,0.8300000000000001,-0.01530675,-3.06135,12.7046025,2.5409205000000004,fixed
31.631984299980104,15,0.8300000000000001,-0.01511258,-3.0225160000000004,12.5434414,2.5086882800000008,fixed
31.643763799918815,15,0.8300000000000001,-0.01479752,-2.959504,12.2819416,2.4563883200000003,fixed
31.655431399936788,15,0.8300000000000001,-0.01446076,-2.892152,12.0024308,2.4004861600000003,fixed
31.667133699986152,15,0.8300000000000001,-0.0146893,-2.93786,12.192119000000002,2.4384238000000003,fixed
31.678903199965134,15,0.8300000000000001,-0.0152583,-3.05166,12.664389000000002,2.5328778,fixed
31.690549599938095,15,0.8300000000000001,-0.01526976,-3.0539519999999998,12.673900800000002,2.53478016,fixed
31.702394099906087,15,0.8300000000000001,-0.0150367,-3.00734,12.480461000000002,2.4960922000000005,fixed
31.71415779995732,15,0.8300000000000001,-0.01473461,-2.946922,12.229726300000003,2.4459452600000002,fixed
31.725935599999502,15,0.8300000000000001,-0.01441802,-2.883604,11.966956600000001,2.39339132,fixed
31.73762919998262,15,0.8300000000000001,-0.01492295,-2.98459,12.386048500000001,2.4772097,fixed
31.749311999999918,15,0.8300000000000001,-0.01531758,-3.0635160000000003,12.713591400000002,2.5427182800000003,fixed
31.76103559997864,15,0.8300000000000001,-0.01521396,-3.042792,12.627586800000001,2.5255173600000003,fixed
31.772854599985294,15,0.8300000000000001,-0.01496745,-2.99349,12.422983500000003,2.4845967,fixed
31.78453860001173,15,0.8300000000000001,-0.01464138,-2.928276,12.152345400000002,2.43046908,fixed
31.796171299996786,15,0.8300000000000001,-0.01443972,-2.887944,11.984967600000001,2.39699352,fixed
31.80785689991899,15,0.8300000000000001,-0.01502799,-3.005598,12.4732317,2.49464634,fixed
31.819615899934433,15,0.8300000000000001,-0.0153181,-3.06362,12.714023000000001,2.5428046,fixed
31.831398500013165,15,0.8300000000000001,-0.0151884,-3.03768,12.606372,2.5212744000000002,fixed
31.84308069990948,15,0.8300000000000001,-0.01490282,-2.980564,12.369340600000003,2.4738681200000006,fixed
31.85484990000259,15,0.8300000000000001,-0.01459599,-2.919198,12.1146717,2.4229343400000003,fixed
31.86651510000229,15,0.8300000000000001,-0.01450206,-2.900412,12.036709800000002,2.4073419600000006,fixed
31.878130999975838,15,0.8300000000000001,-0.01513174,-3.0263479999999996,12.559344200000002,2.51186884,fixed
31.889818899915554,15,0.8300000000000001,-0.01531619,-3.063238,12.7124377,2.54248754,fixed
31.90155720000621,15,0.8300000000000001,-0.01515364,-3.030728,12.5775212,2.5155042400000003,fixed
31.913248399971053,15,0.8300000000000001,-0.01488098,-2.9761960000000003,12.351213400000002,2.4702426800000006,fixed
31.924738199915737,15,0.8300000000000001,-0.01456132,-2.912264,12.085895600000002,2.41717912,fixed
31.936125500011258,15,0.8300000000000001,-0.01446191,-2.892382,12.003385300000001,2.40067706,fixed
31.94757399999071,15,0.8300000000000001,-0.01496303,-2.992606,12.4193149,2.48386298,fixed
31.959021299961023,15,0.8300000000000001,-0.01530658,-3.061316,12.704461400000001,2.5408922800000004,fixed
31.970482099917717,15,0.8300000000000001,-0.01525022,-3.050044,12.657682600000001,2.5315365200000004,fixed
31.98199489992112,15,0.8300000000000001,-0.01504983,-3.009966,12.491358900000002,2.49827178,fixed
31.993628399912268,15,0.8300000000000001,-0.01481577,-2.9631540000000003,12.297089100000003,2.4594178200000005,fixed
32.005210699979216,15,0.8300000000000001,-0.01450427,-2.900854,12.038544100000001,2.40770882,fixed
32.01691040000878,15,0.8300000000000001,-0.01459143,-2.918286,12.1108869,2.4221773800000004,fixed
32.028584599960595,15,0.8300000000000001,-0.01520795,-3.0415900000000002,12.6225985,2.5245197000000004,fixed
32.040425499901175,15,0.8300000000000001,-0.01528001,-3.0560020000000003,12.682408300000002,2.5364816600000006,fixed
32.05218319990672,15,0.8300000000000001,-0.01506892,-3.0137840000000002,12.5072036,2.5014407200000006,fixed
32.06389369990211,15,0.8300000000000001,-0.0147587,-2.95174,12.249721,2.4499442,fixed
32.07547749998048,15,0.8300000000000001,-0.0144382,-2.88764,11.983706,2.3967412000000006,fixed
32.08696029998828,15,0.8300000000000001,-0.01466955,-2.93391,12.175726500000001,2.4351453000000003,fixed
32.098653199966066,15,0.8300000000000001,-0.01523184,-3.046368,12.6424272,2.5284854400000003,fixed
32.11046789993998,15,0.8300000000000001,-0.01527798,-3.055596,12.680723400000002,2.53614468,fixed
32.12466719991062,16,0.8200000000000001,-0.01480974,-2.961948,12.1439868,2.4287973600000003,fixed
32.13640039996244,16,0.8200000000000001,-0.01464872,-2.9297440000000003,12.0119504,2.4023900800000004,fixed
32.14836569991894,16,0.8200000000000001,-0.01530695,-3.0613900000000003,12.551699000000001,2.5103398000000006,fixed
32.16009249992203,16,0.8200000000000001,-0.01549923,-3.099846,12.7093686,2.54187372,fixed
32.171835999935865,16,0.8200000000000001,-0.01530797,-3.0615940000000004,12.552535400000002,2.5105070800000004,fixed
32.18360349989962,16,0.8200000000000001,-0.01501466,-3.0029320000000004,12.312021200000002,2.4624042400000006,fixed
32.19527129991911,16,0.8200000000000001,-0.01467499,-2.934998,12.0334918,2.4066983600000005,fixed
32.20713389990851,16,0.8200000000000001,-0.01486777,-2.973554,12.191571400000003,2.43831428,fixed
32.218794299988076,16,0.8200000000000001,-0.0154698,-3.09396,12.685236000000002,2.5370472000000004,fixed
32.23051449994091,16,0.8200000000000001,-0.01547567,-3.0951340000000003,12.690049400000001,2.5380098800000006,fixed
32.24226759991143,16,0.8200000000000001,-0.01525109,-3.050218,12.5058938,2.50117876,fixed
32.25408569991123,16,0.8200000000000001,-0.01491243,-2.982486,12.228192600000002,2.44563852,fixed
32.265887999907136,16,0.8200000000000001,-0.01459986,-2.919972,11.971885200000001,2.39437704,fixed
32.277666899957694,16,0.8200000000000001,-0.01515224,-3.0304480000000003,12.424836800000001,2.48496736,fixed
32.289572199922986,16,0.8200000000000001,-0.01551744,-3.103488,12.724300800000002,2.5448601600000003,fixed
32.30139759997837,16,0.8200000000000001,-0.01536189,-3.0723779999999996,12.596749800000001,2.51934996,fixed
32.31312629999593,16,0.8200000000000001,-0.01508131,-3.016262,12.366674200000002,2.4733348400000006,fixed
32.32504989998415,16,0.8200000000000001,-0.01472884,-2.945768,12.0776488,2.4155297600000005,fixed
32.33679749991279,16,0.8200000000000001,-0.01482249,-2.964498,12.154441800000003,2.43088836,fixed
32.3482525999425,16,0.8200000000000001,-0.01539777,-3.079554,12.6261714,2.5252342800000003,fixed
32.359744699904695,16,0.8200000000000001,-0.01550064,-3.1001279999999998,12.710524800000002,2.54210496,fixed
32.3714279999258,16,0.8200000000000001,-0.01535961,-3.071922,12.5948802,2.51897604,fixed
32.38302859989926,16,0.8200000000000001,-0.01509275,-3.0185500000000003,12.376055000000001,2.4752110000000003,fixed
32.39473259996157,16,0.8200000000000001,-0.01478792,-2.9575839999999998,12.126094400000001,2.42521888,fixed
32.40640699991491,16,0.8200000000000001,-0.01468123,-2.9362459999999997,12.0386086,2.40772172,fixed
32.418081799987704,16,0.8200000000000001,-0.01531409,-3.062818,12.5575538,2.51151076,fixed
32.42948869999964,16,0.8200000000000001,-0.01551599,-3.103198,12.723111800000002,2.54462236,fixed
32.44106179999653,16,0.8200000000000001,-0.01538294,-3.076588,12.6140108,2.5228021600000003,fixed
32.45257409999613,16,0.8200000000000001,-0.01514875,-3.0297500000000004,12.421975000000002,2.4843950000000006,fixed
32.46403419994749,16,0.8200000000000001,-0.01488307,-2.976614,12.204117400000001,2.44082348,fixed
32.47546180000063,16,0.8200000000000001,-0.01461674,-2.923348,11.9857268,2.39714536,fixed
32.48688929993659,16,0.8200000000000001,-0.01490609,-2.981218,12.222993800000001,2.4445987600000003,fixed
32.498331399983726,16,0.8200000000000001,-0.01541607,-3.0832140000000003,12.641177400000002,2.5282354800000006,fixed
32.50992699991912,16,0.8200000000000001,-0.01550745,-3.10149,12.716109000000001,2.5432218000000004,fixed
32.521605799905956,16,0.8200000000000001,-0.01533233,-3.066466,12.572510600000001,2.5145021200000004,fixed
32.533181899925694,16,0.8200000000000001,-0.01504807,-3.009614,12.3394174,2.4678834800000002,fixed
32.5446708999807,16,0.8200000000000001,-0.01474738,-2.9494759999999998,12.092851600000001,2.41857032,fixed
32.556096499902196,16,0.8200000000000001,-0.01466599,-2.933198,12.0261118,2.4052223600000002,fixed
32.567529699997976,16,0.8200000000000001,-0.01520907,-3.041814,12.471437400000001,2.49428748,fixed
32.579174599959515,16,0.8200000000000001,-0.01550326,-3.1006519999999997,12.7126732,2.54253464,fixed
32.590873199980706,16,0.8200000000000001,-0.01542397,-3.084794,12.647655400000001,2.5295310800000004,fixed
32.602377599920146,16,0.8200000000000001,-0.01517588,-3.035176,12.4442216,2.48884432,fixed
32.613877399940975,16,0.8200000000000001,-0.01491593,-2.9831860000000003,12.231062600000001,2.4462125200000004,fixed
32.625548299984075,16,0.8200000000000001,-0.01461533,-2.923066,11.984570600000001,2.39691412,fixed
32.636868799920194,16,0.8200000000000001,-0.01491301,-2.9826020000000004,12.228668200000001,2.4457336400000007,fixed
32.64839939994272,16,0.8200000000000001,-0.01543156,-3.0863120000000004,12.6538792,2.5307758400000004,fixed
32.660027999896556,16,0.8200000000000001,-0.01549349,-3.0986979999999997,12.7046618,2.54093236,fixed
32.67167479998898,16,0.8200000000000001,-0.01531927,-3.063854,12.5618014,2.5123602800000002,fixed
32.68337210000027,16,0.8200000000000001,-0.01503088,-3.006176,12.3253216,2.46506432,fixed
32.69533409993164,16,0.8200000000000001,-0.01468675,-2.93735,12.043135000000001,2.408627,fixed
32.707119099912234,16,0.8200000000000001,-0.01493545,-2.98709,12.247069000000002,2.4494138,fixed
32.71891389996745,16,0.8200000000000001,-0.01548755,-3.0975099999999998,12.699791,2.5399582,fixed
32.730813399888575,16,0.8200000000000001,-0.01542406,-3.084812,12.6477292,2.52954584,fixed
32.742653699941,16,0.8200000000000001,-0.01515976,-3.031952,12.431003200000001,2.4862006400000003,fixed
32.75445079989731,16,0.8200000000000001,-0.01482858,-2.9657159999999996,12.1594356,2.43188712,fixed
32.76625359989703,16,0.8200000000000001,-0.01465784,-2.931568,12.0194288,2.40388576,fixed
32.777935699908994,16,0.8200000000000001,-0.01532327,-3.064654,12.5650814,2.51301628,fixed
32.78937599994242,16,0.8200000000000001,-0.01551563,-3.1031260000000005,12.722816600000002,2.5445633200000004,fixed
32.800934899947606,16,0.8200000000000001,-0.01539563,-3.079126,12.6244166,2.5248833200000003,fixed
32.81247179990169,16,0.8200000000000001,-0.01516599,-3.033198,12.4361118,2.48722236,fixed
32.82406169991009,16,0.8200000000000001,-0.0148751,-2.9750199999999998,12.197582000000002,2.4395164,fixed
32.83574899996165,16,0.8200000000000001,-0.01461141,-2.922282,11.9813562,2.3962712400000004,fixed
32.847214499954134,16,0.8200000000000001,-0.01508223,-3.016446,12.3674286,2.47348572,fixed
32.858861699933186,16,0.8200000000000001,-0.01547948,-3.095896,12.693173600000001,2.5386347200000006,fixed
32.870339699904434,16,0.8200000000000001,-0.01544858,-3.089716,12.667835600000002,2.5335671200000003,fixed
32.88183929992374,16,0.8200000000000001,-0.01525194,-3.0503880000000003,12.506590800000001,2.5013181600000003,fixed
32.89330479991622,16,0.8200000000000001,-0.01501169,-3.002338,12.3095858,2.46191716,fixed
32.90481149998959,16,0.8200000000000001,-0.01470679,-2.941358,12.059567800000002,2.4119135600000003,fixed
32.91646729991771,16,0.8200000000000001,-0.01471418,-2.9428360000000002,12.065627600000001,2.4131255200000004,fixed
32.92812609998509,16,0.8200000000000001,-0.01534763,-3.0695259999999998,12.5850566,2.51701132,fixed
32.93994389998261,16,0.8200000000000001,-0.01550051,-3.100102,12.710418200000001,2.5420836400000004,fixed
32.95153759990353,16,0.8200000000000001,-0.01532711,-3.065422,12.5682302,2.5136460400000002,fixed
32.96303159999661,16,0.8200000000000001,-0.01505555,-3.0111099999999995,12.345551,2.4691102,fixed
32.97453239990864,16,0.8200000000000001,-0.01477827,-2.955654,12.118181400000001,2.42363628,fixed
32.98610449989792,16,0.8200000000000001,-0.01464225,-2.92845,12.006645,2.4013290000000005,fixed
32.997712199925445,16,0.8200000000000001,-0.01522549,-3.045098,12.4849018,2.4969803600000002,fixed
33.00925639993511,16,0.8200000000000001,-0.01550811,-3.101622,12.7166502,2.5433300400000003,fixed
33.02090559992939,16,0.8200000000000001,-0.01539763,-3.0795260000000004,12.626056600000002,2.5252113200000004,fixed
33.0325849999208,16,0.8200000000000001,-0.01515754,-3.031508,12.429182800000001,2.48583656,fixed
33.04426579992287,16,0.8200000000000001,-0.0148501,-2.97002,12.177082,2.4354164000000003,fixed
33.05579889996443,16,0.8200000000000001,-0.01460858,-2.921716,11.9790356,2.39580712,fixed
33.067399099934846,16,0.8200000000000001,-0.01511467,-3.0229340000000002,12.3940294,2.4788058800000004,fixed
33.079108999925666,16,0.8200000000000001,-0.0154912,-3.09824,12.702784000000001,2.5405568,fixed
33.09068299992941,16,0.8200000000000001,-0.01541225,-3.08245,12.638045000000002,2.5276090000000004,fixed
33.10239339992404,16,0.8200000000000001,-0.01517812,-3.035624,12.446058400000002,2.48921168,fixed
33.11419069999829,16,0.8200000000000001,-0.01488136,-2.976272,12.2027152,2.44054304,fixed
33.12597969989292,16,0.8200000000000001,-0.01460875,-2.9217500000000003,11.979175000000001,2.3958350000000004,fixed
33.13772119989153,16,0.8200000000000001,-0.01524213,-3.048426,12.498546600000001,2.4997093200000005,fixed
33.14948279992677,16,0.8200000000000001,-0.01550719,-3.1014380000000004,12.715895800000002,2.5431791600000007,fixed
33.161149099934846,16,0.8200000000000001,-0.01536061,-3.072122,12.595700200000001,2.51914004,fixed
33.1728535000002,16,0.8200000000000001,-0.01510798,-3.0215959999999997,12.388543600000002,2.47770872,fixed
33.184440099983476,16,0.8200000000000001,-0.014765,-2.9530000000000003,12.107300000000002,2.4214600000000006,fixed
33.19600879994687,16,0.8200000000000001,-0.01463462,-2.926924,12.0003884,2.4000776800000003,fixed
33.20744539995212,16,0.8200000000000001,-0.01519458,-3.0389159999999995,12.4595556,2.4919111199999997,fixed
33.21883859997615,16,0.8200000000000001,-0.01549482,-3.0989639999999996,12.705752400000002,2.5411504799999998,fixed
33.230507999891415,16,0.8200000000000001,-0.01544142,-3.0882840000000003,12.661964400000002,2.53239288,fixed
33.24248179991264,16,0.8200000000000001,-0.01518049,-3.036098,12.4480018,2.4896003600000003,fixed
33.254607099923305,16,0.8200000000000001,-0.01481548,-2.963096,12.148693600000001,2.4297387200000005,fixed
33.26679219992366,16,0.8200000000000001,-0.01472792,-2.945584,12.0768944,2.4153788800000004,fixed
33.278950799955055,16,0.8200000000000001,-0.01547197,-3.0943940000000003,12.687015400000002,2.5374030800000003,fixed
33.29106059996411,16,0.8200000000000001,-0.01540104,-3.080208,12.628852799999999,2.52577056,fixed
33.30325050000101,16,0.8200000000000001,-0.01506518,-3.013036,12.3534476,2.47068952,fixed
33.315341599984095,16,0.8200000000000001,-0.01465916,-2.931832,12.0205112,2.4041022400000003,fixed
33.327383999945596,16,0.8200000000000001,-0.01498965,-2.99793,12.291513,2.4583026000000006,fixed
33.339397899922915,16,0.8200000000000001,-0.01550154,-3.1003079999999996,12.711262800000002,2.5422525599999997,fixed
33.35154819989111,16,0.8200000000000001,-0.01533872,-3.0677440000000002,12.577750400000001,2.5155500800000006,fixed
33.36363709997386,16,0.8200000000000001,-0.01498499,-2.996998,12.287691800000001,2.45753836,fixed
33.375626099994406,16,0.8200000000000001,-0.01460033,-2.920066,11.972270600000002,2.3944541200000002,fixed
33.38766949996352,16,0.8200000000000001,-0.01513749,-3.027498,12.412741800000001,2.48254836,fixed
33.39972459990531,16,0.8200000000000001,-0.01549544,-3.0990879999999996,12.7062608,2.54125216,fixed
33.4116945998976,16,0.8200000000000001,-0.01527987,-3.055974,12.529493400000002,2.50589868,fixed
33.42345949995797,16,0.8200000000000001,-0.01500099,-3.000198,12.300811800000002,2.4601623600000004,fixed
33.434989299974404,16,0.8200000000000001,-0.01466727,-2.9334540000000002,12.0271614,2.4054322800000003,fixed
33.4466663999483,16,0.8200000000000001,-0.01478269,-2.9565379999999997,12.121805799999999,2.42436116,fixed
33.45837379992008,16,0.8200000000000001,-0.01540632,-3.081264,12.633182399999999,2.52663648,fixed
33.470085299923085,16,0.8200000000000001,-0.01547011,-3.094022,12.685490200000002,2.53709804,fixed
33.48169279994909,16,0.8200000000000001,-0.01526308,-3.052616,12.515725600000001,2.50314512,fixed
33.49340099992696,16,0.8200000000000001,-0.01499828,-2.999656,12.2985896,2.45971792,fixed
33.50511359993834,16,0.8200000000000001,-0.01466334,-2.932668,12.023938800000002,2.40478776,fixed
33.51669109996874,16,0.8200000000000001,-0.0148344,-2.9668799999999997,12.164208,2.4328416,fixed
33.52832499996293,16,0.8200000000000001,-0.01540271,-3.0805420000000003,12.6302222,2.5260444400000006,fixed
33.53997619997244,16,0.8200000000000001,-0.01547318,-3.094636,12.6880076,2.53760152,fixed
33.55143369990401,16,0.8200000000000001,-0.01529818,-3.0596360000000002,12.544507600000001,2.50890152,fixed
33.56291939993389,16,0.8200000000000001,-0.01504398,-3.008796,12.336063600000001,2.46721272,fixed
33.57447999995202,16,0.8200000000000001,-0.01475827,-2.951654,12.1017814,2.42035628,fixed
33.58608619996812,16,0.8200000000000001,-0.01465209,-2.930418,12.0147138,2.40294276,fixed
33.597613999969326,16,0.8200000000000001,-0.01522871,-3.0457419999999997,12.4875422,2.49750844,fixed
33.609292699955404,16,0.8200000000000001,-0.01549989,-3.099978,12.709909800000002,2.54198196,fixed
33.62102329998743,16,0.8200000000000001,-0.01536589,-3.073178,12.600029800000002,2.52000596,fixed
33.63269809994381,16,0.8200000000000001,-0.01510206,-3.020412,12.383689200000001,2.47673784,fixed
33.64425469993148,16,0.8200000000000001,-0.01481171,-2.962342,12.1456022,2.42912044,fixed
33.65641499997582,16,0.8200000000000001,-0.01461625,-2.9232500000000003,11.985325000000001,2.3970650000000004,fixed
33.66826529998798,16,0.8200000000000001,-0.01538893,-3.077786,12.618922600000001,2.5237845200000004,fixed
33.67989869997837,16,0.8200000000000001,-0.01547603,-3.095206,12.6903446,2.53806892,fixed
33.69162299996242,16,0.8200000000000001,-0.01528938,-3.057876,12.5372916,2.50745832,fixed
33.703211799962446,16,0.8200000000000001,-0.01500063,-3.000126,12.3005166,2.46010332,fixed
33.71471259999089,16,0.8200000000000001,-0.01470965,-2.94193,12.061913,2.4123826000000004,fixed
33.72636129998136,16,0.8200000000000001,-0.01471523,-2.943046,12.0664886,2.41329772,fixed
33.738046299899,16,0.8200000000000001,-0.01534774,-3.069548,12.5851468,2.5170293600000004,fixed
33.74965469993185,16,0.8200000000000001,-0.01548407,-3.096814,12.696937400000001,2.5393874800000003,fixed
33.761313999886625,16,0.8200000000000001,-0.01531373,-3.0627459999999997,12.5572586,2.51145172,fixed
33.773069599992596,16,0.8200000000000001,-0.01504345,-3.00869,12.335629,2.4671258000000003,fixed
33.78484399989247,16,0.8200000000000001,-0.01470964,-2.941928,12.0619048,2.41238096,fixed
33.79650349996518,16,0.8200000000000001,-0.01475514,-2.951028,12.0992148,2.41984296,fixed
33.80839639995247,16,0.8200000000000001,-0.01540717,-3.081434,12.633879400000001,2.52677588,fixed
33.81998179992661,16,0.8200000000000001,-0.01546876,-3.093752,12.684383200000001,2.53687664,fixed
33.831627999898046,16,0.8200000000000001,-0.01527056,-3.0541120000000004,12.521859200000002,2.5043718400000006,fixed
33.84320929995738,16,0.8200000000000001,-0.01500686,-3.001372,12.305625200000001,2.46112504,fixed
33.8548596999608,16,0.8200000000000001,-0.01468807,-2.937614,12.044217399999999,2.4088434800000003,fixed
33.866615999955684,16,0.8200000000000001,-0.01478095,-2.95619,12.120379,2.4240758000000002,fixed
33.87847089988645,16,0.8200000000000001,-0.0154131,-3.08262,12.638742,2.5277484,fixed
33.89013609988615,16,0.8200000000000001,-0.01545112,-3.090224,12.6699184,2.5339836800000004,fixed
33.90194299991708,16,0.8200000000000001,-0.01523476,-3.046952,12.492503200000002,2.4985006400000005,fixed
33.91342389991041,16,0.8200000000000001,-0.01494242,-2.988484,12.252784400000001,2.45055688,fixed
33.924911399954,16,0.8200000000000001,-0.01464422,-2.928844,12.0082604,2.40165208,fixed
33.93641209998168,16,0.8200000000000001,-0.01478192,-2.9563840000000003,12.121174400000003,2.4242348800000006,fixed
33.94783869991079,16,0.8200000000000001,-0.0153326,-3.0665199999999997,12.572732000000002,2.5145464,fixed
33.95953649992589,16,0.8200000000000001,-0.01548778,-3.097556,12.6999796,2.53999592,fixed
33.97122739988845,16,0.8200000000000001,-0.01534327,-3.068654,12.581481400000001,2.51629628,fixed
33.982770199887455,16,0.8200000000000001,-0.01507119,-3.0142379999999998,12.358375800000001,2.47167516,fixed
33.99425709992647,16,0.8200000000000001,-0.01477875,-2.95575,12.118575000000002,2.423715,fixed
34.00592049991246,16,0.8200000000000001,-0.01460798,-2.921596,11.9785436,2.3957087200000005,fixed
34.017467199941166,16,0.8200000000000001,-0.01519673,-3.039346,12.461318600000002,2.4922637200000004,fixed
34.02917739993427,16,0.8200000000000001,-0.01549703,-3.099406,12.7075646,2.54151292,fixed
34.04089519998524,16,0.8200000000000001,-0.0153731,-3.0746200000000004,12.605942000000002,2.5211884000000007,fixed
34.05241959996056,16,0.8200000000000001,-0.01511525,-3.02305,12.394505000000002,2.478901,fixed
34.063999499892816,16,0.8200000000000001,-0.01483114,-2.966228,12.1615348,2.4323069600000005,fixed
34.07564979989547,16,0.8200000000000001,-0.0145901,-2.91802,11.963882,2.3927764000000002,fixed
34.087426299927756,16,0.8200000000000001,-0.01511596,-3.023192,12.3950872,2.4790174400000002,fixed
34.09914729988668,16,0.8200000000000001,-0.01549463,-3.098926,12.7055966,2.5411193200000004,fixed
34.11088959989138,16,0.8200000000000001,-0.01538263,-3.076526,12.613756600000002,2.5227513200000002,fixed
34.12266639992595,16,0.8200000000000001,-0.01511167,-3.022334,12.391569400000002,2.47831388,fixed
34.136914400034584,17,0.8300000000000001,-0.01469575,-2.93915,12.1974725,2.4394945000000003,fixed
34.14891740004532,17,0.8300000000000001,-0.01526808,-3.053616,12.6725064,2.53450128,fixed
34.16124320006929,17,0.8300000000000001,-0.01519202,-3.0384040000000003,12.609376600000001,2.5218753200000004,fixed
34.17292200005613,17,0.8300000000000001,-0.01485336,-2.970672,12.3282888,2.46565776,fixed
34.18491820001509,17,0.8300000000000001,-0.01452682,-2.9053639999999996,12.057260600000001,2.41145212,fixed
34.196868600090966,17,0.8300000000000001,-0.01464668,-2.929336,12.156744400000001,2.4313488800000003,fixed
34.20895990007557,17,0.8300000000000001,-0.01527932,-3.055864,12.681835600000001,2.5363671200000004,fixed
34.2210043000523,17,0.8300000000000001,-0.01517767,-3.035534,12.597466100000002,2.51949322,fixed
34.233053200063296,17,0.8300000000000001,-0.0148582,-2.97164,12.332306,2.4664612,fixed
34.24504420009907,17,0.8300000000000001,-0.01446717,-2.893434,12.0077511,2.4015502200000003,fixed
34.25718000007328,17,0.8300000000000001,-0.01476254,-2.952508,12.2529082,2.4505816400000002,fixed
34.26908020011615,17,0.8300000000000001,-0.01529233,-3.058466,12.692633900000002,2.53852678,fixed
34.28101420006715,17,0.8300000000000001,-0.01516703,-3.0334060000000003,12.5886349,2.5177269800000004,fixed
34.29314340010751,17,0.8300000000000001,-0.01485201,-2.970402,12.327168300000002,2.4654336600000004,fixed
34.305237500113435,17,0.8300000000000001,-0.01445547,-2.891094,11.9980401,2.39960802,fixed
34.317225600010715,17,0.8300000000000001,-0.01484742,-2.969484,12.3233586,2.46467172,fixed
34.32916540000588,17,0.8300000000000001,-0.01529973,-3.0599459999999996,12.698775900000001,2.53975518,fixed
34.34105780010577,17,0.8300000000000001,-0.01513573,-3.027146,12.562655900000001,2.5125311800000003,fixed
34.352844200097024,17,0.8300000000000001,-0.01484706,-2.969412,12.323059800000001,2.4646119600000005,fixed
34.36432070005685,17,0.8300000000000001,-0.01456394,-2.912788,12.0880702,2.41761404,fixed
34.37582700001076,17,0.8300000000000001,-0.01444365,-2.88873,11.988229500000001,2.3976459,fixed
34.38751560007222,17,0.8300000000000001,-0.01500025,-3.00005,12.450207500000001,2.4900415000000002,fixed
34.39921410009265,17,0.8300000000000001,-0.01529595,-3.05919,12.695638500000001,2.5391277000000003,fixed
34.41075580008328,17,0.8300000000000001,-0.01516348,-3.032696,12.5856884,2.5171376800000003,fixed
34.42244400002528,17,0.8300000000000001,-0.01492371,-2.984742,12.3866793,2.47733586,fixed
34.434169800020754,17,0.8300000000000001,-0.01460958,-2.9219160000000004,12.125951400000002,2.4251902800000007,fixed
34.44586660002824,17,0.8300000000000001,-0.0144165,-2.8833,11.965695000000002,2.3931390000000006,fixed
34.457487100036815,17,0.8300000000000001,-0.01501153,-3.002306,12.459569900000002,2.49191398,fixed
34.46910770004615,17,0.8300000000000001,-0.01529287,-3.058574,12.693082100000002,2.5386164200000003,fixed
34.48083220003173,17,0.8300000000000001,-0.01517207,-3.034414,12.5928181,2.51856362,fixed
34.49250650010072,17,0.8300000000000001,-0.01490644,-2.981288,12.372345200000002,2.4744690400000002,fixed
34.50405230000615,17,0.8300000000000001,-0.014603,-2.9206,12.120490000000002,2.4240980000000003,fixed
34.515403100056574,17,0.8300000000000001,-0.01439475,-2.87895,11.9476425,2.3895285000000004,fixed
34.52686250011902,17,0.8300000000000001,-0.01480002,-2.960004,12.284016600000001,2.45680332,fixed
34.538406100007705,17,0.8300000000000001,-0.01524733,-3.049466,12.6552839,2.53105678,fixed
34.549773600068875,17,0.8300000000000001,-0.01524854,-3.049708,12.6562882,2.53125764,fixed
34.561394400079735,17,0.8300000000000001,-0.01508229,-3.016458,12.518300700000001,2.5036601400000005,fixed
34.57307450007647,17,0.8300000000000001,-0.01480558,-2.961116,12.288631400000002,2.45772628,fixed
34.584540700074285,17,0.8300000000000001,-0.0145027,-2.9005400000000003,12.037241,2.4074482000000006,fixed
34.59644640004262,17,0.8300000000000001,-0.01450805,-2.90161,12.0416815,2.4083363,fixed
34.60851350007579,17,0.8300000000000001,-0.015229,-3.0458,12.640070000000001,2.528014,fixed
34.62049540004227,17,0.8300000000000001,-0.01521336,-3.042672,12.627088800000001,2.5254177600000003,fixed
34.6322886000853,17,0.8300000000000001,-0.01495484,-2.990968,12.412517200000002,2.4825034400000003,fixed
34.64420610002708,17,0.8300000000000001,-0.01462489,-2.9249780000000003,12.1386587,2.4277317400000005,fixed
34.6560208001174,17,0.8300000000000001,-0.01444805,-2.8896100000000002,11.991881500000002,2.3983763000000002,fixed
34.66781090002041,17,0.8300000000000001,-0.01511818,-3.023636,12.548089400000002,2.5096178800000004,fixed
34.6797781001078,17,0.8300000000000001,-0.01528308,-3.056616,12.6849564,2.53699128,fixed
34.691594000090845,17,0.8300000000000001,-0.01505462,-3.010924,12.495334600000001,2.49906692,fixed
34.70350730011705,17,0.8300000000000001,-0.01475364,-2.9507280000000002,12.2455212,2.4491042400000005,fixed
34.71535850001965,17,0.8300000000000001,-0.01439571,-2.8791420000000003,11.948439300000002,2.3896878600000004,fixed
34.72743880003691,17,0.8300000000000001,-0.01496222,-2.992444,12.418642600000002,2.48372852,fixed
34.739314800011925,17,0.8300000000000001,-0.01530294,-3.060588,12.7014402,2.54028804,fixed
34.75124690006487,17,0.8300000000000001,-0.01513509,-3.027018,12.562124700000002,2.5124249400000003,fixed
34.76314730010927,17,0.8300000000000001,-0.01481712,-2.963424,12.2982096,2.45964192,fixed
34.77505740011111,17,0.8300000000000001,-0.01444003,-2.888006,11.9852249,2.39704498,fixed
34.78696550009772,17,0.8300000000000001,-0.01474354,-2.948708,12.2371382,2.44742764,fixed
34.79880810005125,17,0.8300000000000001,-0.01528409,-3.0568180000000003,12.6857947,2.5371589400000003,fixed
34.81055840011686,17,0.8300000000000001,-0.01519831,-3.039662,12.6145973,2.5229194600000002,fixed
34.82239850005135,17,0.8300000000000001,-0.01492743,-2.9854860000000003,12.389766900000001,2.4779533800000006,fixed
34.83415600005537,17,0.8300000000000001,-0.01460464,-2.920928,12.121851200000002,2.42437024,fixed
34.84591040003579,17,0.8300000000000001,-0.01445561,-2.891122,11.998156300000002,2.3996312600000005,fixed
34.85776280006394,17,0.8300000000000001,-0.01511739,-3.023478,12.547433700000001,2.5094867400000003,fixed
34.86953630007338,17,0.8300000000000001,-0.01529198,-3.058396,12.692343400000002,2.5384686800000003,fixed
34.88146080006845,17,0.8300000000000001,-0.01509776,-3.019552,12.531140800000001,2.50622816,fixed
34.89331250009127,17,0.8300000000000001,-0.01476956,-2.953912,12.258734800000001,2.45174696,fixed
34.90494740009308,17,0.8300000000000001,-0.01441333,-2.882666,11.963063900000002,2.3926127800000003,fixed
34.91639370005578,17,0.8300000000000001,-0.01465664,-2.9313279999999997,12.1650112,2.43300224,fixed
34.92779350001365,17,0.8300000000000001,-0.01517609,-3.035218,12.596154700000001,2.5192309400000004,fixed
34.939362800098024,17,0.8300000000000001,-0.01529349,-3.058698,12.6935967,2.5387193400000005,fixed
34.95084910001606,17,0.8300000000000001,-0.01514544,-3.029088,12.5707152,2.51414304,fixed
34.96260930004064,17,0.8300000000000001,-0.01489587,-2.979174,12.3635721,2.4727144200000004,fixed
34.97416080010589,17,0.8300000000000001,-0.01458951,-2.917902,12.109293300000001,2.4218586600000003,fixed
34.98576100007631,17,0.8300000000000001,-0.01442808,-2.8856159999999997,11.9753064,2.39506128,fixed
34.99733750009909,17,0.8300000000000001,-0.0150147,-3.00294,12.462201,2.4924402000000003,fixed
35.00884630007204,17,0.8300000000000001,-0.01529798,-3.059596,12.6973234,2.53946468,fixed
35.02031810011249,17,0.8300000000000001,-0.01520074,-3.0401480000000003,12.6166142,2.5233228400000005,fixed
35.03189750004094,17,0.8300000000000001,-0.0150113,-3.00226,12.459379000000002,2.4918758000000003,fixed
35.0435170000419,17,0.8300000000000001,-0.01471801,-2.943602,12.2159483,2.4431896600000003,fixed
35.05497700010892,17,0.8300000000000001,-0.01441553,-2.8831059999999997,11.964889900000001,2.39297798,fixed
35.0665059001185,17,0.8300000000000001,-0.01467076,-2.934152,12.1767308,2.4353461600000004,fixed
35.07814880006481,17,0.8300000000000001,-0.01522028,-3.044056,12.6328324,2.52656648,fixed
35.089823200018145,17,0.8300000000000001,-0.01526997,-3.0539940000000003,12.674075100000001,2.5348150200000004,fixed
35.10162410000339,17,0.8300000000000001,-0.01507375,-3.0147500000000003,12.511212500000003,2.5022425000000004,fixed
35.11342860001605,17,0.8300000000000001,-0.01475898,-2.951796,12.2499534,2.44999068,fixed
35.12536100007128,17,0.8300000000000001,-0.0144047,-2.88094,11.955901,2.3911802,fixed
35.13715340010822,17,0.8300000000000001,-0.01489911,-2.979822,12.3662613,2.47325226,fixed
35.148996200063266,17,0.8300000000000001,-0.01529749,-3.059498,12.696916700000001,2.53938334,fixed
35.16074170009233,17,0.8300000000000001,-0.01517749,-3.035498,12.597316700000002,2.51946334,fixed
35.17264340003021,17,0.8300000000000001,-0.01491062,-2.9821239999999998,12.3758146,2.47516292,fixed
35.18456610001158,17,0.8300000000000001,-0.01455683,-2.911366,12.082168900000001,2.41643378,fixed
35.196336800116114,17,0.8300000000000001,-0.01455375,-2.91075,12.079612500000001,2.4159225,fixed
35.20862700010184,17,0.8300000000000001,-0.01528263,-3.0565260000000003,12.6845829,2.5369165800000006,fixed
35.220581100089476,17,0.8300000000000001,-0.01521538,-3.043076,12.628765400000002,2.5257530800000003,fixed
35.232388200005516,17,0.8300000000000001,-0.01494819,-2.9896380000000002,12.406997700000002,2.4813995400000004,fixed
35.244536100071855,17,0.8300000000000001,-0.01459916,-2.919832,12.117302800000001,2.42346056,fixed
35.25666490010917,17,0.8300000000000001,-0.01461894,-2.923788,12.1337202,2.4267440400000004,fixed
35.26884230005089,17,0.8300000000000001,-0.01529867,-3.0597339999999997,12.697896100000001,2.53957922,fixed
35.280679500079714,17,0.8300000000000001,-0.01519236,-3.038472,12.609658800000002,2.52193176,fixed
35.29266910010483,17,0.8300000000000001,-0.01489329,-2.9786580000000002,12.3614307,2.4722861400000005,fixed
35.304788800072856,17,0.8300000000000001,-0.01451013,-2.902026,12.0434079,2.4086815800000005,fixed
35.31680570007302,17,0.8300000000000001,-0.01473233,-2.946466,12.2278339,2.44556678,fixed
35.32890620001126,17,0.8300000000000001,-0.01529826,-3.059652,12.697555800000002,2.53951116,fixed
35.34101400000509,17,0.8300000000000001,-0.01515928,-3.0318560000000003,12.582202400000002,2.5164404800000004,fixed
35.353143400046974,17,0.8300000000000001,-0.01482886,-2.965772,12.3079538,2.46159076,fixed
35.365165100083686,17,0.8300000000000001,-0.01443523,-2.8870460000000002,11.981240900000001,2.39624818,fixed
35.37727750011254,17,0.8300000000000001,-0.01492967,-2.9859340000000003,12.391626100000002,2.4783252200000003,fixed
35.38935500010848,17,0.8300000000000001,-0.01530373,-3.060746,12.702095900000002,2.54041918,fixed
35.40142470004503,17,0.8300000000000001,-0.0150798,-3.01596,12.516234,2.5032468000000003,fixed
35.4134196001105,17,0.8300000000000001,-0.01474879,-2.949758,12.2414957,2.4482991400000005,fixed
35.42558840010315,17,0.8300000000000001,-0.01439673,-2.879346,11.9492859,2.3898571800000004,fixed
35.437572200084105,17,0.8300000000000001,-0.01506903,-3.013806,12.507294900000002,2.50145898,fixed
35.449684900115244,17,0.8300000000000001,-0.01529127,-3.058254,12.6917541,2.5383508200000002,fixed
35.46168150007725,17,0.8300000000000001,-0.01505052,-3.0101039999999997,12.491931600000001,2.49838632,fixed
35.47389550006483,17,0.8300000000000001,-0.01467221,-2.9344419999999998,12.1779343,2.43558686,fixed
35.4859807001194,17,0.8300000000000001,-0.01443843,-2.887686,11.983896900000001,2.3967793800000003,fixed
35.497940900037065,17,0.8300000000000001,-0.01517824,-3.035648,12.5979392,2.5195878400000002,fixed
35.509761100052856,17,0.8300000000000001,-0.01527123,-3.054246,12.675120900000001,2.53502418,fixed
35.52196870010812,17,0.8300000000000001,-0.0149913,-2.99826,12.442779000000002,2.4885558000000003,fixed
35.53416650008876,17,0.8300000000000001,-0.01462855,-2.92571,12.141696500000002,2.4283393,fixed
35.546213300083764,17,0.8300000000000001,-0.01452502,-2.905004,12.0557666,2.41115332,fixed
35.558278100099415,17,0.8300000000000001,-0.01522303,-3.044606,12.635114900000001,2.5270229800000004,fixed
35.57032280007843,17,0.8300000000000001,-0.01522495,-3.04499,12.6367085,2.5273417,fixed
35.58240190008655,17,0.8300000000000001,-0.0149215,-2.9843,12.384845000000002,2.4769690000000004,fixed
35.59408000006806,17,0.8300000000000001,-0.01459038,-2.918076,12.110015400000002,2.42200308,fixed
35.60573850001674,17,0.8300000000000001,-0.01445321,-2.8906419999999997,11.9961643,2.39923286,fixed
35.617456900072284,17,0.8300000000000001,-0.01507554,-3.015108,12.512698200000003,2.50253964,fixed
35.62920180009678,17,0.8300000000000001,-0.01530337,-3.060674,12.7017971,2.54035942,fixed
35.64095090003684,17,0.8300000000000001,-0.01513135,-3.02627,12.5590205,2.5118041,fixed
35.65261560003273,17,0.8300000000000001,-0.0148626,-2.9725200000000003,12.335958000000002,2.4671916000000005,fixed
35.66437360004056,17,0.8300000000000001,-0.01455091,-2.910182,12.077255300000001,2.41545106,fixed
35.676120200078,17,0.8300000000000001,-0.01452398,-2.904796,12.054903400000002,2.41098068,fixed
35.687857300043106,17,0.8300000000000001,-0.01517213,-3.0344260000000003,12.592867900000002,2.5185735800000004,fixed
35.6995238000527,17,0.8300000000000001,-0.01527984,-3.055968,12.6822672,2.5364534400000003,fixed
35.71119230007753,17,0.8300000000000001,-0.01509557,-3.019114,12.529323100000001,2.50586462,fixed
35.72285840008408,17,0.8300000000000001,-0.01481559,-2.963118,12.296939700000001,2.4593879400000005,fixed
35.73460080008954,17,0.8300000000000001,-0.01449286,-2.898572,12.0290738,2.40581476,fixed
35.74627960007638,17,0.8300000000000001,-0.01460579,-2.921158,12.1228057,2.4245611400000002,fixed
35.758042200119235,17,0.8300000000000001,-0.01521528,-3.043056,12.6286824,2.5257364800000004,fixed
35.76966290001292,17,0.8300000000000001,-0.01526872,-3.053744,12.6730376,2.5346075200000002,fixed
35.78151820006315,17,0.8300000000000001,-0.01505536,-3.011072,12.495948800000003,2.49918976,fixed
35.79307350004092,17,0.8300000000000001,-0.01476942,-2.953884,12.258618600000002,2.4517237200000004,fixed
35.80454360006843,17,0.8300000000000001,-0.01446553,-2.8931060000000004,12.0063899,2.4012779800000006,fixed
35.816098600043915,17,0.8300000000000001,-0.01457586,-2.9151719999999997,12.0979638,2.41959276,fixed
35.82778460008558,17,0.8300000000000001,-0.01517254,-3.0345079999999998,12.593208200000001,2.5186416400000002,fixed
35.83946440008003,17,0.8300000000000001,-0.01528077,-3.0561540000000003,12.683039100000002,2.5366078200000004,fixed
35.851136600016616,17,0.8300000000000001,-0.01511008,-3.022016,12.5413664,2.50827328,fixed
35.86263280001003,17,0.8300000000000001,-0.01482833,-2.965666,12.307513900000002,2.4615027800000004,fixed
35.874238900025375,17,0.8300000000000001,-0.01456091,-2.912182,12.0855553,2.4171110600000003,fixed
35.8856210000813,17,0.8300000000000001,-0.01446775,-2.8935500000000003,12.0082325,2.4016465000000005,fixed
35.89709270000458,17,0.8300000000000001,-0.01503302,-3.006604,12.4774066,2.49548132,fixed
35.908625500043854,17,0.8300000000000001,-0.01529762,-3.059524,12.6970246,2.5394049200000004,fixed
35.92004100000486,17,0.8300000000000001,-0.01522133,-3.044266,12.6337039,2.5267407800000004,fixed
35.93149320001248,17,0.8300000000000001,-0.01502674,-3.005348,12.472194200000002,2.4944388400000004,fixed
35.94292400008999,17,0.8300000000000001,-0.01476688,-2.953376,12.2565104,2.45130208,fixed
35.95447500003502,17,0.8300000000000001,-0.0145019,-2.9003799999999997,12.036577000000001,2.4073154,fixed
35.96589580003638,17,0.8300000000000001,-0.01455876,-2.9117520000000003,12.083770800000002,2.4167541600000004,fixed
35.97731450002175,17,0.8300000000000001,-0.01510113,-3.020226,12.533937900000002,2.50678758,fixed
35.98875920008868,17,0.8300000000000001,-0.01530302,-3.060604,12.701506600000002,2.54030132,fixed
36.00017720006872,17,0.8300000000000001,-0.01520373,-3.040746,12.619095900000001,2.5238191800000003,fixed
36.011618000105955,17,0.8300000000000001,-0.01499397,-2.998794,12.444995100000002,2.4889990200000005,fixed
36.023068500100635,17,0.8300000000000001,-0.01474345,-2.94869,12.237063500000001,2.4474127,fixed
36.034510000026785,17,0.8300000000000001,-0.01445705,-2.89141,11.999351500000001,2.3998703000000003,fixed
36.04596150002908,17,0.8300000000000001,-0.01456492,-2.9129840000000002,12.0888836,2.4177767200000004,fixed
36.05740870011505,17,0.8300000000000001,-0.01512532,-3.0250639999999995,12.554015600000001,2.51080312,fixed
36.06880330003332,17,0.8300000000000001,-0.01529491,-3.058982,12.6947753,2.53895506,fixed
36.080227600061335,17,0.8300000000000001,-0.01518416,-3.036832,12.6028528,2.5205705600000003,fixed
36.09166410006583,17,0.8300000000000001,-0.01497424,-2.994848,12.428619200000002,2.4857238400000004,fixed
36.10304640000686,17,0.8300000000000001,-0.01472902,-2.945804,12.225086600000003,2.4450173200000003,fixed
36.11447340005543,17,0.8300000000000001,-0.01445961,-2.891922,12.0014763,2.4002952600000005,fixed
36.12590670003556,17,0.8300000000000001,-0.01456213,-2.912426,12.0865679,2.41731358,fixed
36.139185399981216,18,0.8200000000000001,-0.0154806,-3.09612,12.694092000000003,2.5388184000000003,fixed
36.15062729991041,18,0.8200000000000001,-0.01533774,-3.067548,12.576946800000002,2.5153893600000004,fixed
36.16205829998944,18,0.8200000000000001,-0.01509956,-3.019912,12.3816392,2.47632784,fixed
36.17348240001593,18,0.8200000000000001,-0.01485045,-2.97009,12.177369,2.4354738,fixed
36.18491999991238,18,0.8200000000000001,-0.01459648,-2.919296,11.969113600000002,2.39382272,fixed
36.196345099946484,18,0.8200000000000001,-0.01492154,-2.984308,12.235662800000002,2.44713256,fixed
36.207763899932615,18,0.8200000000000001,-0.0154218,-3.0843599999999998,12.645876000000001,2.5291752,fixed
36.219217099947855,18,0.8200000000000001,-0.01548257,-3.096514,12.6957074,2.53914148,fixed
36.230688699986786,18,0.8200000000000001,-0.01532764,-3.065528,12.5686648,2.51373296,fixed
36.242139099980704,18,0.8200000000000001,-0.01508709,-3.017418,12.3714138,2.4742827600000004,fixed
36.25357729999814,18,0.8200000000000001,-0.01483062,-2.9661239999999998,12.1611084,2.43222168,fixed
36.26500849996228,18,0.8200000000000001,-0.01460446,-2.920892,11.9756572,2.39513144,fixed
36.27641789999325,18,0.8200000000000001,-0.01495437,-2.990874,12.2625834,2.45251668,fixed
36.287808799999766,18,0.8200000000000001,-0.01542986,-3.085972,12.652485200000001,2.53049704,fixed
36.299214600003324,18,0.8200000000000001,-0.01547202,-3.094404,12.687056400000001,2.53741128,fixed
36.31060419999994,18,0.8200000000000001,-0.01533037,-3.066074,12.570903399999999,2.51418068,fixed
36.32204429991543,18,0.8200000000000001,-0.0151023,-3.0204600000000004,12.383886000000002,2.4767772000000003,fixed
36.333436099928804,18,0.8200000000000001,-0.01485289,-2.970578,12.179369800000002,2.4358739600000003,fixed
36.344979899935424,18,0.8200000000000001,-0.01460076,-2.9201520000000003,11.972623200000001,2.3945246400000006,fixed
36.35659679991659,18,0.8200000000000001,-0.01502943,-3.005886,12.3241326,2.46482652,fixed
36.367988399928436,18,0.8200000000000001,-0.01546817,-3.093634,12.6838994,2.5367798800000005,fixed
36.379513199906796,18,0.8200000000000001,-0.01546372,-3.092744,12.6802504,2.5360500800000003,fixed
36.390996799920686,18,0.8200000000000001,-0.0152781,-3.05562,12.528042,2.5056084,fixed
36.40243969997391,18,0.8200000000000001,-0.01503817,-3.007634,12.3312994,2.46625988,fixed
36.41387169994414,18,0.8200000000000001,-0.01477705,-2.9554099999999996,12.117181,2.4234362,fixed
36.42536549991928,18,0.8200000000000001,-0.01463382,-2.926764,11.999732400000001,2.39994648,fixed
36.43683199991938,18,0.8200000000000001,-0.01516696,-3.033392,12.436907200000002,2.48738144,fixed
36.448310300009325,18,0.8200000000000001,-0.01548947,-3.097894,12.7013654,2.5402730800000004,fixed
36.45970959996339,18,0.8200000000000001,-0.01543593,-3.087186,12.6574626,2.53149252,fixed
36.471132799983025,18,0.8200000000000001,-0.01525725,-3.05145,12.510945000000001,2.502189,fixed
36.48258489998989,18,0.8200000000000001,-0.01501141,-3.002282,12.3093562,2.4618712400000002,fixed
36.49402499990538,18,0.8200000000000001,-0.01473845,-2.94769,12.085529000000001,2.4171058000000003,fixed
36.50549659994431,18,0.8200000000000001,-0.01465808,-2.931616,12.019625600000001,2.4039251200000002,fixed
36.516947499942034,18,0.8200000000000001,-0.01521166,-3.042332,12.4735612,2.49471224,fixed
36.528364799916744,18,0.8200000000000001,-0.01549429,-3.0988580000000003,12.705317800000001,2.5410635600000004,fixed
36.5397946999874,18,0.8200000000000001,-0.01542945,-3.08589,12.652149000000001,2.5304298000000003,fixed
36.551211899961345,18,0.8200000000000001,-0.01523703,-3.047406,12.494364600000003,2.49887292,fixed
36.5626727999188,18,0.8200000000000001,-0.01499445,-2.99889,12.295449,2.4590898,fixed
36.57409359992016,18,0.8200000000000001,-0.01471442,-2.9428840000000003,12.0658244,2.4131648800000005,fixed
36.58550849999301,18,0.8200000000000001,-0.014663,-2.9326,12.023660000000001,2.404732,fixed
36.596948799910024,18,0.8200000000000001,-0.01522617,-3.045234,12.485459400000002,2.49709188,fixed
36.60839539999142,18,0.8200000000000001,-0.01549641,-3.099282,12.7070562,2.5414112400000004,fixed
36.61983129999135,18,0.8200000000000001,-0.01542811,-3.085622,12.651050200000002,2.53021004,fixed
36.631312799989246,18,0.8200000000000001,-0.01523353,-3.046706,12.491494600000001,2.4982989200000003,fixed
36.64277199993376,18,0.8200000000000001,-0.01497325,-2.99465,12.278065000000002,2.455613,fixed
36.654234100016765,18,0.8200000000000001,-0.01469783,-2.939566,12.052220600000002,2.41044412,fixed
36.665659299935214,18,0.8200000000000001,-0.01470641,-2.941282,12.0592562,2.4118512400000003,fixed
36.677105300012045,18,0.8200000000000001,-0.01526683,-3.053366,12.5188006,2.5037601200000004,fixed
36.688564399955794,18,0.8200000000000001,-0.01549977,-3.099954,12.7098114,2.54196228,fixed
36.69997690001037,18,0.8200000000000001,-0.01540494,-3.080988,12.6320508,2.52641016,fixed
36.71142659999896,18,0.8200000000000001,-0.0151992,-3.03984,12.463344000000001,2.4926688,fixed
36.72315719991457,18,0.8200000000000001,-0.01490738,-2.981476,12.224051600000001,2.44481032,fixed
36.73460999992676,18,0.8200000000000001,-0.01461057,-2.9221139999999997,11.9806674,2.39613348,fixed
36.74603469995782,18,0.8200000000000001,-0.01482124,-2.964248,12.1534168,2.43068336,fixed
36.75745079992339,18,0.8200000000000001,-0.0153737,-3.0747400000000003,12.606434000000002,2.5212868000000004,fixed
36.76886790001299,18,0.8200000000000001,-0.01549371,-3.098742,12.704842200000002,2.5409684400000003,fixed
36.78028860001359,18,0.8200000000000001,-0.01536072,-3.0721439999999998,12.5957904,2.51915808,fixed
36.79176649998408,18,0.8200000000000001,-0.01514428,-3.028856,12.4183096,2.4836619200000003,fixed
36.80318930000067,18,0.8200000000000001,-0.01488092,-2.9761840000000004,12.202354400000003,2.4404708800000003,fixed
36.81459520000499,18,0.8200000000000001,-0.01461135,-2.92227,11.981307000000001,2.3962614,fixed
36.82600769994315,18,0.8200000000000001,-0.01483998,-2.967996,12.1687836,2.43375672,fixed
36.83745649992488,18,0.8200000000000001,-0.01537294,-3.074588,12.6058108,2.5211621600000003,fixed
36.84893480001483,18,0.8200000000000001,-0.01548837,-3.097674,12.7004634,2.5400926800000003,fixed
36.86053559998982,18,0.8200000000000001,-0.01535614,-3.071228,12.592034800000002,2.51840696,fixed
36.872200099984184,18,0.8200000000000001,-0.01509592,-3.019184,12.378654400000002,2.4757308800000004,fixed
36.883826199918985,18,0.8200000000000001,-0.01479182,-2.9583640000000004,12.129292400000002,2.4258584800000005,fixed
36.89531299995724,18,0.8200000000000001,-0.01463018,-2.926036,11.9967476,2.39934952,fixed
36.9069676999934,18,0.8200000000000001,-0.01516825,-3.0336499999999997,12.437965,2.487593,fixed
36.9185029999353,18,0.8200000000000001,-0.01549337,-3.098674,12.7045634,2.54091268,fixed
36.93010469991714,18,0.8200000000000001,-0.015414,-3.0828,12.63948,2.527896,fixed
36.9418998999754,18,0.8200000000000001,-0.01515989,-3.031978,12.431109800000002,2.4862219600000004,fixed
36.95360160002019,18,0.8200000000000001,-0.01484404,-2.968808,12.1721128,2.4344225600000002,fixed
36.965342800016515,18,0.8200000000000001,-0.01461959,-2.923918,11.9880638,2.3976127600000003,fixed
36.97710309992544,18,0.8200000000000001,-0.01523873,-3.047746,12.495758600000002,2.4991517200000004,fixed
36.989102399908006,18,0.8200000000000001,-0.01549128,-3.098256,12.702849600000002,2.5405699200000003,fixed
37.00078689993825,18,0.8200000000000001,-0.01530793,-3.061586,12.5525026,2.5105005200000003,fixed
37.012426399975084,18,0.8200000000000001,-0.01503956,-3.007912,12.332439200000001,2.46648784,fixed
37.02402369992342,18,0.8200000000000001,-0.01472449,-2.944898,12.0740818,2.41481636,fixed
37.03566089994274,18,0.8200000000000001,-0.01467039,-2.934078,12.029719800000002,2.40594396,fixed
37.047527999966405,18,0.8200000000000001,-0.01534602,-3.069204,12.583736400000001,2.51674728,fixed
37.05918179999571,18,0.8200000000000001,-0.01548801,-3.0976019999999997,12.7001682,2.54003364,fixed
37.07075790001545,18,0.8200000000000001,-0.01531398,-3.0627959999999996,12.5574636,2.5114927199999997,fixed
37.08235019992571,18,0.8200000000000001,-0.01503496,-3.006992,12.3286672,2.46573344,fixed
37.09401889995206,18,0.8200000000000001,-0.01476364,-2.952728,12.106184800000001,2.4212369600000003,fixed
37.105623799958266,18,0.8200000000000001,-0.014666,-2.9332000000000003,12.02612,2.4052240000000005,fixed
37.11709479999263,18,0.8200000000000001,-0.01530412,-3.0608239999999998,12.5493784,2.50987568,fixed
37.12850130000152,18,0.8200000000000001,-0.01549704,-3.099408,12.707572800000001,2.54151456,fixed
37.14012699993327,18,0.8200000000000001,-0.01540405,-3.0808100000000005,12.631321000000002,2.5262642000000004,fixed
37.151678299997,18,0.8200000000000001,-0.01515847,-3.031694,12.429945400000001,2.48598908,fixed
37.16325839993078,18,0.8200000000000001,-0.01489768,-2.979536,12.216097600000001,2.44321952,fixed
37.17483729997184,18,0.8200000000000001,-0.01459787,-2.919574,11.970253400000002,2.39405068,fixed
37.186396199977025,18,0.8200000000000001,-0.01498767,-2.997534,12.2898894,2.45797788,fixed
37.198079900001176,18,0.8200000000000001,-0.01546958,-3.093916,12.685055600000002,2.5370111200000003,fixed
37.20975649997126,18,0.8200000000000001,-0.01544148,-3.088296,12.662013600000002,2.5324027200000003,fixed
37.221457300009206,18,0.8200000000000001,-0.01522564,-3.045128,12.485024800000001,2.4970049600000004,fixed
37.23317399993539,18,0.8200000000000001,-0.0149182,-2.98364,12.232924,2.4465848,fixed
37.24480469990522,18,0.8200000000000001,-0.0146073,-2.92146,11.977986000000001,2.3955972000000005,fixed
37.25668260001112,18,0.8200000000000001,-0.01501747,-3.003494,12.314325400000001,2.4628650800000003,fixed
37.2684111999115,18,0.8200000000000001,-0.01550255,-3.1005100000000003,12.712091000000001,2.5424182000000006,fixed
37.28008239995688,18,0.8200000000000001,-0.01540618,-3.081236,12.6330676,2.52661352,fixed
37.29166659992188,18,0.8200000000000001,-0.01518564,-3.037128,12.452224800000002,2.49044496,fixed
37.303349099936895,18,0.8200000000000001,-0.0148687,-2.9737400000000003,12.192334,2.4384668000000005,fixed
37.3149165000068,18,0.8200000000000001,-0.01460109,-2.920218,11.972893800000001,2.3945787600000004,fixed
37.326629799907096,18,0.8200000000000001,-0.01506396,-3.012792,12.3524472,2.47048944,fixed
37.33820679993369,18,0.8200000000000001,-0.01548506,-3.0970120000000003,12.6977492,2.5395498400000003,fixed
37.349862699978985,18,0.8200000000000001,-0.01542955,-3.08591,12.652231000000002,2.5304462000000005,fixed
37.361451699980535,18,0.8200000000000001,-0.01521238,-3.0424759999999997,12.4741516,2.49483032,fixed
37.373136800015345,18,0.8200000000000001,-0.01491726,-2.983452,12.2321532,2.4464306400000004,fixed
37.38482679997105,18,0.8200000000000001,-0.01460325,-2.9206499999999997,11.974665,2.394933,fixed
37.39659030002076,18,0.8200000000000001,-0.0150528,-3.01056,12.343296,2.4686592000000003,fixed
37.40840089996345,18,0.8200000000000001,-0.0154975,-3.0995,12.70795,2.5415900000000002,fixed
37.42017119994853,18,0.8200000000000001,-0.01539722,-3.0794439999999996,12.6257204,2.52514408,fixed
37.43201649992261,18,0.8200000000000001,-0.0151443,-3.02886,12.418326,2.4836652,fixed
37.44389469991438,18,0.8200000000000001,-0.01480735,-2.96147,12.142027,2.4284054,fixed
37.45582379994448,18,0.8200000000000001,-0.01474793,-2.949586,12.0933026,2.4186605200000004,fixed
37.46753649995662,18,0.8200000000000001,-0.01538168,-3.076336,12.6129776,2.5225955200000003,fixed
37.479382399935275,18,0.8200000000000001,-0.01547735,-3.09547,12.691427000000001,2.5382854000000004,fixed
37.491094399942085,18,0.8200000000000001,-0.01526674,-3.053348,12.518726800000001,2.5037453600000004,fixed
37.50273189996369,18,0.8200000000000001,-0.01498978,-2.997956,12.2916196,2.45832392,fixed
37.514407599926926,18,0.8200000000000001,-0.0146625,-2.9325,12.02325,2.40465,fixed
37.52623099996708,18,0.8200000000000001,-0.0148568,-2.97136,12.182576000000001,2.4365152,fixed
37.53800980001688,18,0.8200000000000001,-0.01546174,-3.0923480000000003,12.6786268,2.5357253600000003,fixed
37.549833499942906,18,0.8200000000000001,-0.01544557,-3.089114,12.665367400000003,2.53307348,fixed
37.56155470001977,18,0.8200000000000001,-0.01519865,-3.0397299999999996,12.462893000000001,2.4925786,fixed
37.57327059993986,18,0.8200000000000001,-0.0148954,-2.97908,12.214228,2.4428456000000005,fixed
37.584944600006565,18,0.8200000000000001,-0.0145998,-2.91996,11.971836000000001,2.3943672000000005,fixed
37.59664010000415,18,0.8200000000000001,-0.01509137,-3.018274,12.374923400000002,2.47498468,fixed
37.608458500006236,18,0.8200000000000001,-0.01550796,-3.1015919999999997,12.716527200000002,2.54330544,fixed
37.62029489991255,18,0.8200000000000001,-0.01539636,-3.079272,12.6250152,2.52500304,fixed
37.63217499991879,18,0.8200000000000001,-0.0151079,-3.02158,12.388478000000001,2.4776956,fixed
37.643853300018236,18,0.8200000000000001,-0.01476386,-2.952772,12.106365200000003,2.42127304,fixed
37.6557213999331,18,0.8200000000000001,-0.01469396,-2.9387920000000003,12.0490472,2.4098094400000005,fixed
37.66746739996597,18,0.8200000000000001,-0.01538382,-3.076764,12.6147324,2.52294648,fixed
37.679228399996646,18,0.8200000000000001,-0.01548929,-3.0978579999999996,12.7012178,2.54024356,fixed
37.69106360001024,18,0.8200000000000001,-0.01528775,-3.05755,12.535955,2.507191,fixed
37.70289750001393,18,0.8200000000000001,-0.01498401,-2.996802,12.286888200000002,2.4573776400000003,fixed
37.714636699995026,18,0.8200000000000001,-0.01462646,-2.9252920000000002,11.993697200000002,2.3987394400000004,fixed
37.72626509994734,18,0.8200000000000001,-0.0149433,-2.98866,12.253506000000002,2.4507012,fixed
37.73797899996862,18,0.8200000000000001,-0.01547004,-3.0940079999999996,12.685432800000001,2.53708656,fixed
37.74966540001333,18,0.8200000000000001,-0.01543662,-3.0873239999999997,12.658028400000001,2.53160568,fixed
37.76139050000347,18,0.8200000000000001,-0.01521615,-3.04323,12.477243000000001,2.4954486,fixed
37.77318799996283,18,0.8200000000000001,-0.014917,-2.9834,12.23194,2.4463880000000002,fixed
37.78490289999172,18,0.8200000000000001,-0.01460208,-2.920416,11.9737056,2.39474112,fixed
37.79669759992976,18,0.8200000000000001,-0.01509432,-3.0188639999999998,12.377342400000002,2.47546848,fixed
37.808414899976924,18,0.8200000000000001,-0.01550524,-3.101048,12.7142968,2.54285936,fixed
37.82013479992747,18,0.8200000000000001,-0.01539642,-3.079284,12.6250644,2.5250128800000002,fixed
37.831851699971594,18,0.8200000000000001,-0.01514093,-3.0281860000000003,12.415562600000001,2.4831125200000006,fixed
37.84359599999152,18,0.8200000000000001,-0.01481905,-2.96381,12.151621000000002,2.4303242000000003,fixed
37.855403199908324,18,0.8200000000000001,-0.01465698,-2.9313960000000003,12.018723600000001,2.4037447200000006,fixed
37.867252499912865,18,0.8200000000000001,-0.01531593,-3.063186,12.5590626,2.5118125200000003,fixed
37.879100199905224,18,0.8200000000000001,-0.01549871,-3.099742,12.708942200000001,2.5417884400000004,fixed
37.89091219997499,18,0.8200000000000001,-0.01529594,-3.059188,12.542670800000002,2.50853416,fixed
37.90267009998206,18,0.8200000000000001,-0.0149918,-2.99836,12.293276,2.4586552,fixed
37.91426519991364,18,0.8200000000000001,-0.01469115,-2.93823,12.046743000000001,2.4093486,fixed
37.92587419995107,18,0.8200000000000001,-0.01478345,-2.95669,12.122429,2.4244858000000002,fixed
37.937296099960804,18,0.8200000000000001,-0.015382,-3.0764,12.613240000000001,2.5226480000000002,fixed
37.94873709999956,18,0.8200000000000001,-0.01550106,-3.100212,12.710869200000001,2.5421738400000002,fixed
37.96019379992504,18,0.8200000000000001,-0.01536115,-3.0722300000000002,12.596143000000001,2.5192286000000004,fixed
37.971712499973364,18,0.8200000000000001,-0.01514056,-3.028112,12.415259200000003,2.4830518400000003,fixed
37.983216999913566,18,0.8200000000000001,-0.01487127,-2.974254,12.194441400000002,2.4388882800000005,fixed
37.99482529994566,18,0.8200000000000001,-0.01460413,-2.920826,11.9753866,2.39507732,fixed
38.006575000006706,18,0.8200000000000001,-0.01503794,-3.0075879999999997,12.331110800000001,2.46622216,fixed
38.0182533999905,18,0.8200000000000001,-0.0154953,-3.09906,12.706146000000002,2.5412292000000005,fixed
38.02999039995484,18,0.8200000000000001,-0.01542122,-3.084244,12.645400400000002,2.5290800800000004,fixed
38.04198009998072,18,0.8200000000000001,-0.0151583,-3.0316599999999996,12.429806,2.4859611999999998,fixed
38.053849799907766,18,0.8200000000000001,-0.0147675,-2.9535,12.10935,2.42187,fixed
38.065627999952994,18,0.8200000000000001,-0.01470652,-2.941304,12.059346400000003,2.4118692800000003,fixed
38.07748229999561,18,0.8200000000000001,-0.01537812,-3.0756240000000004,12.6100584,2.5220116800000003,fixed
38.08926879998762,18,0.8200000000000001,-0.01548773,-3.097546,12.6999386,2.53998772,fixed
38.1012840999756,18,0.8200000000000001,-0.01520301,-3.040602,12.466468200000001,2.49329364,fixed
38.1127492999658,18,0.8200000000000001,-0.01494812,-2.989624,12.2574584,2.45149168,fixed
38.12432609999087,18,0.8200000000000001,-0.01466698,-2.9333959999999997,12.026923600000002,2.40538472,fixed
38.135919399908744,18,0.8200000000000001,-0.01479764,-2.959528,12.134064800000003,2.4268129600000004,fixed
38.149007199914195,19,0.81,-0.01567366,-3.1347319999999996,12.6956646,2.5391329199999997,fixed
38.16043519997038,19,0.81,-0.01550991,-3.101982,12.563027100000001,2.5126054200000003,fixed
38.17207769991364,19,0.81,-0.01528237,-3.056474,12.378719700000001,2.47574394,fixed
38.18354339990765,19,0.81,-0.01496264,-2.9925279999999996,12.1197384,2.42394768,fixed
38.1952045999933,19,0.81,-0.01479562,-2.959124,11.9844522,2.3968904400000004,fixed
38.206893599941395,19,0.81,-0.01538828,-3.077656,12.464506800000002,2.4929013600000003,fixed
38.21842369996011,19,0.81,-0.01568032,-3.136064,12.701059200000001,2.5402118400000004,fixed
38.23004920000676,19,0.81,-0.01556274,-3.112548,12.605819400000001,2.52116388,fixed
38.241674899938516,19,0.81,-0.01532513,-3.065026,12.4133553,2.4826710600000004,fixed
38.253362699993886,19,0.81,-0.01503556,-3.0071120000000002,12.178803600000002,2.43576072,fixed
38.264996899990365,19,0.81,-0.0147853,-2.95706,11.976093,2.3952186,fixed
38.27657089999411,19,0.81,-0.01530152,-3.060304,12.394231200000002,2.47884624,fixed
38.288535699946806,19,0.81,-0.01569077,-3.138154,12.709523700000002,2.54190474,fixed
38.300049699959345,19,0.81,-0.01555768,-3.111536,12.601720800000002,2.52034416,fixed
38.31191609997768,19,0.81,-0.01530651,-3.0613020000000004,12.3982731,2.4796546200000007,fixed
38.32345779996831,19,0.81,-0.01500635,-3.00127,12.1551435,2.4310287,fixed
38.334996499936096,19,0.81,-0.01479066,-2.958132,11.9804346,2.39608692,fixed
38.34665429999586,19,0.81,-0.01532223,-3.064446,12.4110063,2.48220126,fixed
38.3584828999592,19,0.81,-0.01569084,-3.1381680000000003,12.709580400000002,2.5419160800000005,fixed
38.36993679997977,19,0.81,-0.01556868,-3.1137360000000003,12.610630800000001,2.5221261600000004,fixed
38.381541099981405,19,0.81,-0.01535741,-3.071482,12.4395021,2.4879004200000003,fixed
38.39300049992744,19,0.81,-0.01506254,-3.0125079999999995,12.2006574,2.44013148,fixed
38.404522600001656,19,0.81,-0.01479437,-2.958874,11.983439700000002,2.39668794,fixed
38.416204900015146,19,0.81,-0.01510532,-3.021064,12.235309200000001,2.44706184,fixed
38.427843599929474,19,0.81,-0.01564906,-3.129812,12.6757386,2.53514772,fixed
38.43954239995219,19,0.81,-0.01564316,-3.128632,12.6709596,2.53419192,fixed
38.45125339995138,19,0.81,-0.01542476,-3.084952,12.4940556,2.49881112,fixed
38.462797899963334,19,0.81,-0.01510659,-3.021318,12.2363379,2.44726758,fixed
38.47435619996395,19,0.81,-0.01483828,-2.9676560000000003,12.019006800000001,2.4038013600000006,fixed
38.48599620000459,19,0.81,-0.01501868,-3.003736,12.1651308,2.4330261600000003,fixed
38.49773830000777,19,0.81,-0.01562851,-3.1257020000000004,12.659093100000003,2.5318186200000006,fixed
38.509427699958906,19,0.81,-0.01564054,-3.128108,12.668837400000003,2.5337674800000003,fixed
38.52121149993036,19,0.81,-0.01542568,-3.085136,12.4948008,2.49896016,fixed
38.53290809993632,19,0.81,-0.01512155,-3.02431,12.2484555,2.4496911,fixed
38.54445399995893,19,0.81,-0.01479776,-2.959552,11.9861856,2.39723712,fixed
38.55611060000956,19,0.81,-0.01511624,-3.0232479999999997,12.244154400000001,2.44883088,fixed
38.56783059996087,19,0.81,-0.01565027,-3.1300540000000003,12.6767187,2.5353437400000005,fixed
38.57945009996183,19,0.81,-0.01564421,-3.1288419999999997,12.6718101,2.53436202,fixed
38.591056199977174,19,0.81,-0.01543121,-3.086242,12.499280100000002,2.49985602,fixed
38.60252869990654,19,0.81,-0.01516387,-3.032774,12.2827347,2.45654694,fixed
38.61423900001682,19,0.81,-0.01487056,-2.974112,12.0451536,2.40903072,fixed
38.62589979998302,19,0.81,-0.01499601,-2.999202,12.146768100000001,2.42935362,fixed
38.63742419995833,19,0.81,-0.01560625,-3.1212500000000003,12.641062500000002,2.5282125000000004,fixed
38.649105299962685,19,0.81,-0.01567955,-3.13591,12.700435500000001,2.5400871,fixed
38.660611199913546,19,0.81,-0.01548879,-3.097758,12.545919900000001,2.50918398,fixed
38.67226039990783,19,0.81,-0.01523204,-3.0464080000000004,12.3379524,2.4675904800000006,fixed
38.68387539999094,19,0.81,-0.01493209,-2.986418,12.094992900000001,2.4189985800000002,fixed
38.69556569994893,19,0.81,-0.01489871,-2.9797420000000003,12.0679551,2.4135910200000006,fixed
38.70754069997929,19,0.81,-0.0155913,-3.1182600000000003,12.628953000000001,2.5257906000000006,fixed
38.71939199999906,19,0.81,-0.01566703,-3.133406,12.6902943,2.53805886,fixed
38.731271900003776,19,0.81,-0.01542231,-3.084462,12.4920711,2.49841422,fixed
38.7431170999771,19,0.81,-0.01508957,-3.017914,12.2225517,2.4445103400000003,fixed
38.75500829995144,19,0.81,-0.01480521,-2.961042,11.9922201,2.39844402,fixed
38.76681209995877,19,0.81,-0.01542236,-3.084472,12.492111600000001,2.49842232,fixed
38.77870519994758,19,0.81,-0.01569917,-3.1398339999999996,12.7163277,2.5432655399999997,fixed
38.7906176999677,19,0.81,-0.01551399,-3.102798,12.566331900000002,2.51326638,fixed
38.802579700015485,19,0.81,-0.01521098,-3.042196,12.320893800000002,2.4641787600000002,fixed
38.81437619996723,19,0.81,-0.01486019,-2.9720380000000004,12.0367539,2.4073507800000007,fixed
38.826188599923626,19,0.81,-0.0151455,-3.0290999999999997,12.267854999999999,2.4535709999999997,fixed
38.83812390000094,19,0.81,-0.01568641,-3.1372820000000003,12.705992100000003,2.5411984200000006,fixed
38.85003939992748,19,0.81,-0.01559879,-3.119758,12.635019900000001,2.5270039800000004,fixed
38.86196419992484,19,0.81,-0.01532857,-3.065714,12.4161417,2.48322834,fixed
38.87388819991611,19,0.81,-0.014955,-2.991,12.11355,2.4227100000000004,fixed
38.88560759997927,19,0.81,-0.01493709,-2.987418,12.0990429,2.41980858,fixed
38.897726799943484,19,0.81,-0.0156431,-3.12862,12.670911000000002,2.5341822000000005,fixed
38.90937169990502,19,0.81,-0.01564618,-3.1292359999999997,12.673405800000001,2.53468116,fixed
38.92108889995143,19,0.81,-0.01543842,-3.087684,12.5051202,2.50102404,fixed
38.932608200004324,19,0.81,-0.01515249,-3.030498,12.2735169,2.45470338,fixed
38.94426589994691,19,0.81,-0.01485037,-2.970074,12.0287997,2.4057599400000003,fixed
38.95584629999939,19,0.81,-0.01501966,-3.003932,12.1659246,2.43318492,fixed
38.967513200012036,19,0.81,-0.01560997,-3.121994,12.644075700000002,2.5288151400000003,fixed
38.979083199985325,19,0.81,-0.01567492,-3.1349839999999998,12.696685200000001,2.53933704,fixed
38.99068599997554,19,0.81,-0.0154873,-3.0974600000000003,12.544713000000002,2.5089426000000006,fixed
39.00249420001637,19,0.81,-0.0152244,-3.04488,12.331764000000002,2.4663528,fixed
39.01428090000991,19,0.81,-0.01486214,-2.972428,12.0383334,2.40766668,fixed
39.02591470000334,19,0.81,-0.01506282,-3.012564,12.200884199999999,2.44017684,fixed
39.03766219993122,19,0.81,-0.01564839,-3.129678,12.675195900000002,2.5350391800000005,fixed
39.04939409997314,19,0.81,-0.01565421,-3.1308420000000003,12.679910100000003,2.5359820200000005,fixed
39.06119589996524,19,0.81,-0.01542301,-3.084602,12.4926381,2.49852762,fixed
39.07317529991269,19,0.81,-0.01510457,-3.020914,12.234701699999999,2.4469403400000003,fixed
39.084977000020444,19,0.81,-0.01480317,-2.9606339999999998,11.9905677,2.3981135399999998,fixed
39.097196299931966,19,0.81,-0.01539211,-3.078422,12.4676091,2.49352182,fixed
39.108906199922785,19,0.81,-0.01568091,-3.136182,12.7015371,2.54030742,fixed
39.12065179995261,19,0.81,-0.0154907,-3.09814,12.547467,2.5094934,fixed
39.13218549999874,19,0.81,-0.01520691,-3.041382,12.3175971,2.4635194200000003,fixed
39.14374540001154,19,0.81,-0.01494977,-2.989954,12.109313700000001,2.4218627400000003,fixed
39.1551635999931,19,0.81,-0.01487587,-2.975174,12.0494547,2.40989094,fixed
39.166749399970286,19,0.81,-0.01542492,-3.084984,12.4941852,2.49883704,fixed
39.1783521999605,19,0.81,-0.01569924,-3.1398479999999998,12.7163844,2.54327688,fixed
39.18981409992557,19,0.81,-0.01558957,-3.117914,12.627551700000001,2.52551034,fixed
39.20138420001604,19,0.81,-0.01537675,-3.07535,12.455167500000002,2.4910335,fixed
39.21296859998256,19,0.81,-0.01508659,-3.0173180000000004,12.220137900000001,2.4440275800000006,fixed
39.22465109999757,19,0.81,-0.01478596,-2.957192,11.9766276,2.39532552,fixed
39.23633380001411,19,0.81,-0.01524552,-3.0491040000000003,12.348871200000001,2.4697742400000005,fixed
39.24807269999292,19,0.81,-0.0156784,-3.13568,12.699504000000001,2.5399008,fixed
39.25986639992334,19,0.81,-0.01560888,-3.121776,12.643192800000001,2.52863856,fixed
39.27164910000283,19,0.81,-0.01534723,-3.069446,12.431256300000001,2.4862512600000004,fixed
39.28329479997046,19,0.81,-0.01503577,-3.0071540000000003,12.178973700000002,2.4357947400000004,fixed
39.29501130001154,19,0.81,-0.01481537,-2.9630739999999998,12.0004497,2.40008994,fixed
39.30686929996591,19,0.81,-0.01546175,-3.09235,12.5240175,2.5048035000000004,fixed
39.31877639994491,19,0.81,-0.01569936,-3.1398719999999996,12.7164816,2.5432963199999996,fixed
39.33076299994718,19,0.81,-0.01550284,-3.100568,12.5573004,2.51146008,fixed
39.34264739998616,19,0.81,-0.01516169,-3.032338,12.280968900000001,2.4561937800000004,fixed
39.35455029993318,19,0.81,-0.01481055,-2.96211,11.9965455,2.3993091,fixed
39.366464099963196,19,0.81,-0.01525692,-3.051384,12.3581052,2.47162104,fixed
39.37828329997137,19,0.81,-0.01569776,-3.1395520000000006,12.715185600000002,2.5430371200000006,fixed
39.39029629994184,19,0.81,-0.01556867,-3.113734,12.6106227,2.52212454,fixed
39.40239219996147,19,0.81,-0.0152173,-3.04346,12.326013,2.4652026,fixed
39.4142585999798,19,0.81,-0.01484481,-2.9689620000000003,12.024296099999999,2.4048592200000005,fixed
39.42608369991649,19,0.81,-0.01514044,-3.028088,12.2637564,2.45275128,fixed
39.43793769995682,19,0.81,-0.01568167,-3.1363340000000006,12.702152700000003,2.5404305400000005,fixed
39.44966039992869,19,0.81,-0.0156152,-3.12304,12.648312,2.5296624000000003,fixed
39.46157619997393,19,0.81,-0.01536304,-3.072608,12.4440624,2.48881248,fixed
39.473461699904874,19,0.81,-0.01501857,-3.003714,12.1650417,2.43300834,fixed
39.485386200016364,19,0.81,-0.01485966,-2.971932,12.0363246,2.40726492,fixed
39.49726079998072,19,0.81,-0.01557833,-3.115666,12.6184473,2.5236894600000004,fixed
39.50892049993854,19,0.81,-0.0156876,-3.13752,12.706956,2.5413912,fixed
39.520810000016354,19,0.81,-0.01546942,-3.093884,12.5302302,2.50604604,fixed
39.53275469993241,19,0.81,-0.0151587,-3.03174,12.278547000000001,2.4557094000000004,fixed
39.544568600016646,19,0.81,-0.01479964,-2.959928,11.9877084,2.3975416800000002,fixed
39.556437699939124,19,0.81,-0.01527669,-3.055338,12.374118900000001,2.47482378,fixed
39.56829189998098,19,0.81,-0.01570539,-3.141078,12.7213659,2.54427318,fixed
39.58023399999365,19,0.81,-0.01556438,-3.112876,12.6071478,2.52142956,fixed
39.59233419992961,19,0.81,-0.015261,-3.0522,12.361410000000001,2.4722820000000003,fixed
39.60415479994845,19,0.81,-0.0148534,-2.9706799999999998,12.031254,2.4062508,fixed
39.61608339997474,19,0.81,-0.015092,-3.0183999999999997,12.22452,2.4449039999999997,fixed
39.627886299975216,19,0.81,-0.01568341,-3.1366819999999995,12.7035621,2.5407124199999997,fixed
39.63970399997197,19,0.81,-0.01562066,-3.124132,12.6527346,2.53054692,fixed
39.651524399989285,19,0.81,-0.01536253,-3.0725059999999997,12.4436493,2.48872986,fixed
39.66307509993203,19,0.81,-0.01502881,-3.005762,12.173336100000002,2.43466722,fixed
39.674692099913955,19,0.81,-0.01480066,-2.960132,11.988534600000001,2.3977069200000005,fixed
39.68632300000172,19,0.81,-0.01529169,-3.058338,12.386268900000001,2.4772537800000003,fixed
39.69801309995819,19,0.81,-0.0156897,-3.13794,12.708657000000002,2.5417314,fixed
39.70950019999873,19,0.81,-0.01561938,-3.123876,12.651697800000003,2.5303395600000003,fixed
39.72102689999156,19,0.81,-0.01540892,-3.081784,12.4812252,2.4962450400000002,fixed
39.732666199910454,19,0.81,-0.01514813,-3.029626,12.2699853,2.4539970600000003,fixed
39.744530899915844,19,0.81,-0.01481986,-2.963972,12.0040866,2.4008173200000003,fixed
39.7568784999894,19,0.81,-0.01538475,-3.07695,12.461647500000002,2.4923295000000003,fixed
39.7688965999987,19,0.81,-0.01569002,-3.1380039999999996,12.708916199999999,2.54178324,fixed
39.78094849991612,19,0.81,-0.01546755,-3.0935099999999998,12.5287155,2.5057431,fixed
39.792927799979225,19,0.81,-0.01510714,-3.021428,12.236783400000002,2.44735668,fixed
39.80486579996068,19,0.81,-0.01479655,-2.95931,11.985205500000001,2.3970411,fixed
39.81702389998827,19,0.81,-0.01545887,-3.091774,12.5216847,2.5043369400000004,fixed
39.82913510000799,19,0.81,-0.0156751,-3.13502,12.696831000000001,2.5393662,fixed
39.84104879992083,19,0.81,-0.01543813,-3.0876259999999998,12.504885300000002,2.50097706,fixed
39.8530286999885,19,0.81,-0.01509322,-3.0186439999999997,12.2255082,2.44510164,fixed
39.86485399992671,19,0.81,-0.01480694,-2.961388,11.9936214,2.39872428,fixed
39.876792099908926,19,0.81,-0.0154521,-3.09042,12.516201,2.5032402,fixed
39.88883379998151,19,0.81,-0.01569865,-3.13973,12.715906500000003,2.5431813,fixed
39.90061299991794,19,0.81,-0.01547913,-3.095826,12.538095300000002,2.50761906,fixed
39.912260700017214,19,0.81,-0.01521432,-3.0428640000000002,12.3235992,2.4647198400000003,fixed
39.92388659995049,19,0.81,-0.01490445,-2.9808899999999996,12.0726045,2.4145209,fixed
39.93528799992055,19,0.81,-0.014929,-2.9858000000000002,12.092490000000002,2.4184980000000005,fixed
39.94684819993563,19,0.81,-0.01552646,-3.105292,12.576432600000002,2.51528652,fixed
39.95832299999893,19,0.81,-0.01569817,-3.139634,12.715517700000001,2.54310354,fixed
39.969948899932206,19,0.81,-0.01557032,-3.114064,12.611959200000001,2.52239184,fixed
39.981589399976656,19,0.81,-0.01532792,-3.0655840000000003,12.415615200000001,2.4831230400000006,fixed
39.993241299991496,19,0.81,-0.01501559,-3.003118,12.1626279,2.4325255800000005,fixed
40.00484139996115,19,0.81,-0.01481684,-2.963368,12.001640400000001,2.40032808,fixed
40.01657109998632,19,0.81,-0.01539778,-3.0795559999999997,12.4722018,2.49444036,fixed
40.0283048999263,19,0.81,-0.01570131,-3.140262,12.7180611,2.54361222,fixed
40.04019799991511,19,0.81,-0.01556524,-3.113048,12.6078444,2.5215688800000002,fixed
40.0519234999083,19,0.81,-0.01526465,-3.05293,12.3643665,2.4728733000000003,fixed
40.06367089995183,19,0.81,-0.01494947,-2.989894,12.1090707,2.4218141400000004,fixed
40.07543749990873,19,0.81,-0.0149272,-2.9854399999999996,12.091032,2.4182064,fixed
40.08722989994567,19,0.81,-0.01559142,-3.118284,12.6290502,2.52581004,fixed
40.09907719993498,19,0.81,-0.0156779,-3.13558,12.699099000000002,2.5398198,fixed
40.110815099906176,19,0.81,-0.01545968,-3.091936,12.5223408,2.50446816,fixed
40.12269719992764,19,0.81,-0.01514538,-3.029076,12.267757800000002,2.45355156,fixed
40.134516699938104,19,0.81,-0.01480938,-2.961876,11.9955978,2.3991195600000004,fixed
40.146244399948046,19,0.81,-0.01528814,-3.0576280000000002,12.383393400000001,2.4766786800000005,fixed
40.16015609994065,20,0.8,-0.01569155,-3.1383099999999997,12.55324,2.5106479999999998,fixed
40.17189779994078,20,0.8,-0.01544347,-3.0886940000000003,12.354776000000001,2.4709552000000006,fixed
40.18335849989671,20,0.8,-0.01513034,-3.026068,12.104272000000002,2.4208544,fixed
40.19488669990096,20,0.8,-0.01498686,-2.997372,11.989488,2.3978976,fixed
40.206511099939235,20,0.8,-0.01554389,-3.108778,12.435112,2.4870224000000003,fixed
40.21798459999263,20,0.8,-0.01586421,-3.172842,12.691368,2.5382736,fixed
40.22963219997473,20,0.8,-0.01578482,-3.1569640000000003,12.627856000000001,2.5255712000000003,fixed
40.24109009990934,20,0.8,-0.01555028,-3.1100559999999997,12.440224,2.4880448,fixed
40.25277749996167,20,0.8,-0.01528178,-3.056356,12.225424,2.4450848,fixed
40.264466999913566,20,0.8,-0.01495756,-2.9915119999999997,11.966048,2.3932096,fixed
40.276353399967775,20,0.8,-0.01543003,-3.0860060000000002,12.344024000000003,2.4688048000000005,fixed
40.28831249999348,20,0.8,-0.01587158,-3.174316,12.697264,2.5394528000000003,fixed
40.30012709996663,20,0.8,-0.0157321,-3.14642,12.58568,2.5171360000000003,fixed
40.31187169998884,20,0.8,-0.01545238,-3.090476,12.361904,2.4723808,fixed
40.323731199954636,20,0.8,-0.01513027,-3.026054,12.104216000000001,2.4208432,fixed
40.335718099959195,20,0.8,-0.01509963,-3.019926,12.079704,2.4159408,fixed
40.34767219994683,20,0.8,-0.01582971,-3.1659420000000003,12.663768000000001,2.5327536000000004,fixed
40.35958920000121,20,0.8,-0.01580443,-3.1608860000000005,12.643544000000002,2.5287088000000004,fixed
40.3715441999957,20,0.8,-0.01548772,-3.097544,12.390176,2.4780352000000003,fixed
40.383170799934305,20,0.8,-0.0151837,-3.03674,12.14696,2.429392,fixed
40.39470840001013,20,0.8,-0.01498671,-2.997342,11.989368,2.3978736,fixed
40.40632229996845,20,0.8,-0.01547331,-3.094662,12.378648,2.4757296,fixed
40.417765399906784,20,0.8,-0.01585276,-3.170552,12.682208000000001,2.5364416,fixed
40.429281599936076,20,0.8,-0.01580164,-3.160328,12.641312,2.5282624,fixed
40.44086819991935,20,0.8,-0.01560532,-3.121064,12.484256,2.4968512,fixed
40.45254229998682,20,0.8,-0.01530887,-3.061774,12.247096,2.4494192000000004,fixed
40.46418079989962,20,0.8,-0.01499897,-2.999794,11.999176,2.3998352,fixed
40.475684999953955,20,0.8,-0.01523267,-3.0465340000000003,12.186136,2.4372272000000006,fixed
40.48730259994045,20,0.8,-0.01579545,-3.15909,12.63636,2.527272,fixed
40.49890999996569,20,0.8,-0.01583896,-3.1677919999999995,12.671168,2.5342336,fixed
40.51052659994457,20,0.8,-0.01564432,-3.128864,12.515456,2.5030912,fixed
40.522211999981664,20,0.8,-0.01534891,-3.069782,12.279128,2.4558256000000003,fixed
40.53395690000616,20,0.8,-0.01505234,-3.0104680000000004,12.041872000000001,2.4083744000000005,fixed
40.54571849992499,20,0.8,-0.01518142,-3.0362839999999998,12.145136,2.4290272,fixed
40.5574591999175,20,0.8,-0.01579605,-3.15921,12.63684,2.527368,fixed
40.56905029993504,20,0.8,-0.015821,-3.1642,12.656800000000002,2.5313600000000003,fixed
40.58076479996089,20,0.8,-0.01562313,-3.124626,12.498504,2.4997008000000003,fixed
40.592427099938504,20,0.8,-0.01532344,-3.0646880000000003,12.258752000000001,2.4517504000000003,fixed
40.60398279991932,20,0.8,-0.0150021,-3.00042,12.00168,2.4003360000000002,fixed
40.615657399990596,20,0.8,-0.01520463,-3.040926,12.163704000000001,2.4327408,fixed
40.62728229991626,20,0.8,-0.01579727,-3.1594539999999998,12.637815999999999,2.5275632,fixed
40.638831999967806,20,0.8,-0.01583961,-3.167922,12.671688,2.5343376,fixed
40.65028129995335,20,0.8,-0.01566764,-3.133528,12.534112,2.5068224000000003,fixed
40.661778199952096,20,0.8,-0.01542301,-3.084602,12.338408000000001,2.4676816,fixed
40.67346399999224,20,0.8,-0.01513504,-3.027008,12.108032000000001,2.4216064,fixed
40.68515089992434,20,0.8,-0.01502682,-3.0053639999999997,12.021456,2.4042912,fixed
40.696825099992566,20,0.8,-0.01567212,-3.134424,12.537696,2.5075392,fixed
40.70835649990477,20,0.8,-0.01586479,-3.172958,12.691832,2.5383664,fixed
40.72007479995955,20,0.8,-0.01571841,-3.1436819999999996,12.574728,2.5149456,fixed
40.73172289994545,20,0.8,-0.01546784,-3.0935680000000003,12.374272000000001,2.4748544000000003,fixed
40.743613999919035,20,0.8,-0.01512975,-3.0259500000000004,12.103800000000001,2.4207600000000005,fixed
40.75553059997037,20,0.8,-0.01513951,-3.027902,12.111608,2.4223216,fixed
40.76757819997147,20,0.8,-0.01581732,-3.163464,12.653856,2.5307712,fixed
40.779654799960554,20,0.8,-0.01578512,-3.157024,12.628096,2.5256192,fixed
40.79169409989845,20,0.8,-0.01548983,-3.097966,12.391864,2.4783728000000003,fixed
40.80369059997611,20,0.8,-0.01509896,-3.019792,12.079168000000001,2.4158336,fixed
40.81564509996679,20,0.8,-0.01517504,-3.0350080000000004,12.140032000000001,2.4280064000000006,fixed
40.827694099978544,20,0.8,-0.01582501,-3.1650020000000003,12.660008000000001,2.5320016000000005,fixed
40.8397818999365,20,0.8,-0.01578041,-3.1560820000000005,12.624328000000002,2.5248656000000005,fixed
40.85206239996478,20,0.8,-0.01547099,-3.094198,12.376792000000002,2.4753584,fixed
40.86395389994141,20,0.8,-0.01503368,-3.006736,12.026944000000002,2.4053888000000003,fixed
40.87602009996772,20,0.8,-0.01530886,-3.0617720000000004,12.247088000000002,2.4494176000000003,fixed
40.888198699918576,20,0.8,-0.01586733,-3.173466,12.693864,2.5387728000000003,fixed
40.90016849990934,20,0.8,-0.01571167,-3.142334,12.569336,2.5138672,fixed
40.9121227998985,20,0.8,-0.01539764,-3.0795280000000003,12.318112000000001,2.4636224,fixed
40.92378949990962,20,0.8,-0.01506949,-3.013898,12.055592,2.4111184000000003,fixed
40.93535189994145,20,0.8,-0.01510736,-3.021472,12.085888,2.4171776000000005,fixed
40.94695569993928,20,0.8,-0.01572585,-3.14517,12.580680000000001,2.516136,fixed
40.958496399922296,20,0.8,-0.01586372,-3.1727440000000002,12.690976000000001,2.5381952000000005,fixed
40.96995189995505,20,0.8,-0.015715,-3.143,12.572,2.5144,fixed
40.981477099936455,20,0.8,-0.01548691,-3.097382,12.389528,2.4779056,fixed
40.993192599969916,20,0.8,-0.01519663,-3.039326,12.157304,2.4314608,fixed
41.0049457999412,20,0.8,-0.01500419,-3.0008380000000003,12.003352000000001,2.4006704000000005,fixed
41.016791399917565,20,0.8,-0.01565999,-3.131998,12.527992,2.5055984000000002,fixed
41.02871250000317,20,0.8,-0.01586648,-3.1732959999999997,12.693184,2.5386368,fixed
41.04068749991711,20,0.8,-0.01565249,-3.1304980000000002,12.521992000000003,2.5043984000000004,fixed
41.05260819999967,20,0.8,-0.0153227,-3.06454,12.25816,2.451632,fixed
41.064540199935436,20,0.8,-0.0149711,-2.99422,11.976880000000001,2.395376,fixed
41.07622849999461,20,0.8,-0.01549754,-3.099508,12.398032000000002,2.4796064,fixed
41.08778830000665,20,0.8,-0.01587681,-3.1753620000000002,12.701448000000003,2.5402896000000004,fixed
41.09924109990243,20,0.8,-0.01580174,-3.1603480000000004,12.641392000000002,2.5282784000000005,fixed
41.11090410000179,20,0.8,-0.01560322,-3.1206439999999995,12.482576,2.4965151999999997,fixed
41.12264249997679,20,0.8,-0.0152945,-3.0589000000000004,12.235600000000002,2.4471200000000004,fixed
41.133947099908255,20,0.8,-0.01499,-2.998,11.992,2.3984,fixed
41.14542969991453,20,0.8,-0.01521128,-3.042256,12.169024,2.4338048000000003,fixed
41.15713579999283,20,0.8,-0.0157686,-3.1537200000000003,12.614880000000001,2.5229760000000003,fixed
41.16874769993592,20,0.8,-0.01585496,-3.1709920000000005,12.683968000000002,2.5367936000000006,fixed
41.18025249999482,20,0.8,-0.01567096,-3.134192,12.536768000000002,2.5073536,fixed
41.19177359994501,20,0.8,-0.01542836,-3.0856719999999997,12.342688,2.4685376,fixed
41.2035223999992,20,0.8,-0.01512317,-3.024634,12.098536,2.4197072,fixed
41.2151981999632,20,0.8,-0.01508124,-3.016248,12.064992,2.4129984,fixed
41.226888999924995,20,0.8,-0.01572912,-3.145824,12.583296,2.5166592000000003,fixed
41.238676699926145,20,0.8,-0.01585399,-3.1707979999999996,12.683192,2.5366383999999997,fixed
41.25030279997736,20,0.8,-0.01567691,-3.135382,12.541528,2.5083056,fixed
41.261995299952105,20,0.8,-0.01539379,-3.0787579999999997,12.315032,2.4630064,fixed
41.27369719999842,20,0.8,-0.01507594,-3.0151879999999998,12.060752,2.4121504,fixed
41.28533179999795,20,0.8,-0.01510985,-3.02197,12.08788,2.4175760000000004,fixed
41.29694589995779,20,0.8,-0.0157352,-3.14704,12.58816,2.5176320000000003,fixed
41.30861919990275,20,0.8,-0.01586108,-3.1722159999999997,12.688864,2.5377728,fixed
41.32028429990169,20,0.8,-0.01567891,-3.135782,12.543128000000001,2.5086256000000002,fixed
41.331926799961366,20,0.8,-0.01540984,-3.081968,12.327872,2.4655744,fixed
41.34354499995243,20,0.8,-0.0151113,-3.02226,12.08904,2.4178080000000004,fixed
41.355116199934855,20,0.8,-0.01509334,-3.018668,12.074672000000001,2.4149344,fixed
41.366927099996246,20,0.8,-0.015676,-3.1351999999999998,12.540799999999999,2.50816,fixed
41.378721299930476,20,0.8,-0.01585378,-3.1707560000000004,12.683024000000001,2.5366048000000005,fixed
41.39032010000665,20,0.8,-0.01567545,-3.13509,12.54036,2.5080720000000003,fixed
41.40202279994264,20,0.8,-0.01540904,-3.081808,12.327232,2.4654464000000003,fixed
41.41365559992846,20,0.8,-0.01509008,-3.0180160000000003,12.072064000000001,2.4144128000000005,fixed
41.42524239991326,20,0.8,-0.01511067,-3.022134,12.088536000000001,2.4177072,fixed
41.43693440000061,20,0.8,-0.01574098,-3.1481960000000004,12.592784000000004,2.5185568000000007,fixed
41.448650699923746,20,0.8,-0.01586187,-3.172374,12.689496000000002,2.5378992,fixed
41.4604956000112,20,0.8,-0.01567257,-3.1345140000000002,12.538056000000001,2.5076112000000004,fixed
41.47221949999221,20,0.8,-0.01535038,-3.070076,12.280304000000001,2.4560608,fixed
41.48400549998041,20,0.8,-0.01502291,-3.004582,12.018328000000002,2.4036656,fixed
41.495787899941206,20,0.8,-0.01527304,-3.054608,12.218432000000002,2.4436864000000003,fixed
41.50739479996264,20,0.8,-0.01584593,-3.1691860000000003,12.676744000000001,2.5353488000000004,fixed
41.51907159993425,20,0.8,-0.01582949,-3.1658980000000003,12.663592000000001,2.5327184000000003,fixed
41.530756899970584,20,0.8,-0.01561327,-3.122654,12.490616000000001,2.4981232,fixed
41.54229749995284,20,0.8,-0.01532364,-3.0647279999999997,12.258912,2.4517824,fixed
41.55371969996486,20,0.8,-0.01504426,-3.008852,12.035408,2.4070816,fixed
41.56544649996795,20,0.8,-0.01515796,-3.031592,12.126368,2.4252736,fixed
41.57699559989851,20,0.8,-0.01576127,-3.152254,12.609016,2.5218032000000004,fixed
41.58869189990219,20,0.8,-0.01586008,-3.1720159999999997,12.688063999999999,2.5376128,fixed
41.600314699928276,20,0.8,-0.01568298,-3.136596,12.546384000000002,2.5092768000000003,fixed
41.61198469996452,20,0.8,-0.01540765,-3.08153,12.326120000000001,2.465224,fixed
41.62354459997732,20,0.8,-0.01506326,-3.012652,12.050608,2.4101216,fixed
41.635253999964334,20,0.8,-0.01508809,-3.0176179999999997,12.070472,2.4140943999999998,fixed
41.64676379994489,20,0.8,-0.01574058,-3.1481160000000004,12.592464000000001,2.5184928000000006,fixed
41.658381299930625,20,0.8,-0.01587943,-3.1758859999999998,12.703544,2.5407088,fixed
41.66995979996864,20,0.8,-0.01572959,-3.1459180000000004,12.583672000000002,2.5167344000000007,fixed
41.681663999916054,20,0.8,-0.01546039,-3.092078,12.368312,2.4736624000000003,fixed
41.69358979992103,20,0.8,-0.01511978,-3.0239559999999996,12.095824,2.4191648,fixed
41.705466399900615,20,0.8,-0.01516097,-3.0321939999999996,12.128776,2.4257552,fixed
41.717346699908376,20,0.8,-0.01581025,-3.1620500000000002,12.648200000000001,2.5296400000000006,fixed
41.72914879990276,20,0.8,-0.0158264,-3.16528,12.661120000000002,2.5322240000000003,fixed
41.740955099929124,20,0.8,-0.01558536,-3.117072,12.468288000000001,2.4936576,fixed
41.75286409992259,20,0.8,-0.01526384,-3.052768,12.211072000000001,2.4422144,fixed
41.76467889989726,20,0.8,-0.01498635,-2.99727,11.989080000000001,2.397816,fixed
41.77656019991264,20,0.8,-0.01562694,-3.125388,12.501551999999998,2.5003104,fixed
41.78838039992843,20,0.8,-0.0158809,-3.17618,12.704720000000002,2.540944,fixed
41.80046900000889,20,0.8,-0.01565722,-3.1314439999999997,12.525776,2.5051552,fixed
41.81231389997993,20,0.8,-0.01535094,-3.070188,12.280752000000001,2.4561504000000003,fixed
41.82390189997386,20,0.8,-0.01500529,-3.0010579999999996,12.004232,2.4008464,fixed
41.83562539995182,20,0.8,-0.01521708,-3.0434159999999997,12.173664,2.4347328,fixed
41.847269199904986,20,0.8,-0.01583269,-3.166538,12.666152,2.5332304000000003,fixed
41.858697599964216,20,0.8,-0.01585047,-3.1700939999999997,12.680376,2.5360752,fixed
41.870287199970335,20,0.8,-0.01568887,-3.1377740000000003,12.551096000000001,2.5102192000000003,fixed
41.88176629994996,20,0.8,-0.01542223,-3.0844460000000002,12.337784000000001,2.4675568000000005,fixed
41.893338899943046,20,0.8,-0.01512023,-3.024046,12.096184000000001,2.4192368,fixed
41.904886799980886,20,0.8,-0.015049,-3.0098,12.0392,2.40784,fixed
41.91632859990932,20,0.8,-0.01562926,-3.1258519999999996,12.503408,2.5006816,fixed
41.92784739995841,20,0.8,-0.01587843,-3.175686,12.702744000000001,2.5405488,fixed
41.939249599934556,20,0.8,-0.01578482,-3.1569640000000003,12.627856000000001,2.5255712000000003,fixed
41.950656899949536,20,0.8,-0.0155915,-3.1183,12.4732,2.4946400000000004,fixed
41.96210569993127,20,0.8,-0.01533996,-3.067992,12.271968000000001,2.4543936,fixed
41.97349409991875,20,0.8,-0.01507206,-3.014412,12.057648,2.4115296,fixed
41.98490409995429,20,0.8,-0.01507763,-3.015526,12.062104,2.4124208,fixed
41.996279099956155,20,0.8,-0.01563061,-3.1261219999999996,12.504488,2.5008976,fixed
42.007685799966566,20,0.8,-0.01588118,-3.1762360000000003,12.704944000000003,2.5409888000000005,fixed
42.01906829990912,20,0.8,-0.01580872,-3.1617439999999997,12.646975999999999,2.5293951999999997,fixed
42.030491999932565,20,0.8,-0.0156184,-3.12368,12.494720000000001,2.498944,fixed
42.042032299912535,20,0.8,-0.01536518,-3.073036,12.292144000000002,2.4584288,fixed
42.05342010001186,20,0.8,-0.01507829,-3.0156579999999997,12.062632,2.4125264,fixed
42.064817199949175,20,0.8,-0.01505892,-3.011784,12.047136,2.4094272,fixed
42.07627469999716,20,0.8,-0.01560959,-3.121918,12.487672,2.4975344,fixed
42.08790939999744,20,0.8,-0.01587803,-3.175606,12.702424000000002,2.5404848,fixed
42.09941969998181,20,0.8,-0.01577676,-3.155352,12.621408,2.5242816,fixed
42.11098180001136,20,0.8,-0.01557124,-3.114248,12.456992,2.4913984,fixed
42.12276169995312,20,0.8,-0.01525069,-3.050138,12.200552000000002,2.4401104,fixed
42.134461499983445,20,0.8,-0.01497539,-2.995078,11.980312,2.3960624,fixed
42.14642209990416,20,0.8,-0.01558623,-3.1172459999999997,12.468984,2.4937968,fixed
42.15838719997555,20,0.8,-0.01588188,-3.1763760000000003,12.705504000000001,2.5411008000000006,fixed
42.17274399998132,21,0.81,-0.0151134,-3.0226800000000003,12.241854000000002,2.4483708,fixed
42.18491789989639,21,0.81,-0.01485452,-2.970904,12.032161200000001,2.40643224,fixed
42.197037099977024,21,0.81,-0.01558103,-3.1162059999999996,12.6206343,2.52412686,fixed
42.20901709992904,21,0.81,-0.0156911,-3.1382199999999996,12.709791,2.5419582,fixed
42.220611899974756,21,0.81,-0.01543541,-3.087082,12.502682100000001,2.5005364200000004,fixed
42.23224499996286,21,0.81,-0.015205,-3.041,12.31605,2.46321,fixed
42.24394969991408,21,0.81,-0.01486695,-2.97339,12.042229500000001,2.4084459000000003,fixed
42.25562399998307,21,0.81,-0.01510643,-3.0212860000000004,12.236208300000001,2.4472416600000004,fixed
42.26709129998926,21,0.81,-0.01567753,-3.135506,12.6987993,2.53975986,fixed
42.27865729993209,21,0.81,-0.01570247,-3.140494,12.7190007,2.54380014,fixed
42.29015059990343,21,0.81,-0.01553128,-3.1062559999999997,12.580336800000001,2.51606736,fixed
42.301769899902865,21,0.81,-0.01527471,-3.054942,12.372515100000001,2.47450302,fixed
42.313520499970764,21,0.81,-0.01496527,-2.993054,12.1218687,2.42437374,fixed
42.32542169990484,21,0.81,-0.01496774,-2.993548,12.1238694,2.42477388,fixed
42.337175799999386,21,0.81,-0.01564009,-3.128018,12.6684729,2.53369458,fixed
42.34890159999486,21,0.81,-0.01569475,-3.1389500000000004,12.7127475,2.5425495000000002,fixed
42.36068739998154,21,0.81,-0.01548034,-3.096068,12.5390754,2.50781508,fixed
42.37260569992941,21,0.81,-0.01515027,-3.0300540000000002,12.271718700000001,2.4543437400000006,fixed
42.384630399988964,21,0.81,-0.01484967,-2.969934,12.0282327,2.40564654,fixed
42.396134899929166,21,0.81,-0.01541845,-3.08369,12.488944500000002,2.4977889,fixed
42.407661599921994,21,0.81,-0.0157303,-3.14606,12.741543000000002,2.5483086,fixed
42.41923209989909,21,0.81,-0.01566161,-3.132322,12.6859041,2.53718082,fixed
42.43074769992381,21,0.81,-0.01543273,-3.0865460000000002,12.500511300000001,2.5001022600000002,fixed
42.442355199949816,21,0.81,-0.01516931,-3.033862,12.287141100000001,2.45742822,fixed
42.45391629997175,21,0.81,-0.01485888,-2.9717759999999998,12.035692800000001,2.40713856,fixed
42.465580499963835,21,0.81,-0.01510554,-3.0211080000000003,12.235487400000002,2.4470974800000005,fixed
42.477241099928506,21,0.81,-0.01567844,-3.1356879999999996,12.6995364,2.53990728,fixed
42.48883819999173,21,0.81,-0.01570258,-3.1405160000000003,12.7190898,2.5438179600000006,fixed
42.50069039990194,21,0.81,-0.01549857,-3.0997139999999996,12.5538417,2.51076834,fixed
42.5128785999259,21,0.81,-0.01509679,-3.019358,12.228399900000001,2.44567998,fixed
42.52483389992267,21,0.81,-0.01485992,-2.971984,12.036535200000001,2.40730704,fixed
42.536920099984854,21,0.81,-0.01556064,-3.1121280000000002,12.6041184,2.5208236800000003,fixed
42.54884599999059,21,0.81,-0.01570154,-3.140308,12.718247400000001,2.5436494800000005,fixed
42.56080629990902,21,0.81,-0.01545121,-3.090242,12.5154801,2.50309602,fixed
42.572499799891375,21,0.81,-0.01514598,-3.0291959999999998,12.2682438,2.45364876,fixed
42.584119999897666,21,0.81,-0.0148301,-2.96602,12.012381000000001,2.4024762,fixed
42.59580829995684,21,0.81,-0.01523332,-3.046664,12.3389892,2.46779784,fixed
42.60753339994699,21,0.81,-0.01571387,-3.142774,12.728234700000002,2.54564694,fixed
42.619407899910584,21,0.81,-0.01566038,-3.1320760000000005,12.684907800000003,2.5369815600000005,fixed
42.63120609999169,21,0.81,-0.01539327,-3.0786540000000002,12.468548700000001,2.4937097400000003,fixed
42.64286569994874,21,0.81,-0.01506204,-3.0124079999999998,12.200252400000002,2.44005048,fixed
42.6547239999054,21,0.81,-0.01484538,-2.9690760000000003,12.024757800000001,2.40495156,fixed
42.66635829990264,21,0.81,-0.01547702,-3.095404,12.5363862,2.50727724,fixed
42.67792379995808,21,0.81,-0.01573047,-3.146094,12.7416807,2.5483361400000004,fixed
42.68938149989117,21,0.81,-0.01563404,-3.1268079999999996,12.6635724,2.5327144799999997,fixed
42.70077009999659,21,0.81,-0.01541789,-3.083578,12.4884909,2.4976981800000004,fixed
42.71244359994307,21,0.81,-0.01516162,-3.032324,12.280912200000001,2.45618244,fixed
42.72401429992169,21,0.81,-0.01485209,-2.970418,12.0301929,2.40603858,fixed
42.73577169992495,21,0.81,-0.01517906,-3.035812,12.2950386,2.4590077200000002,fixed
42.74747709999792,21,0.81,-0.01570624,-3.141248,12.7220544,2.54441088,fixed
42.75894279999193,21,0.81,-0.01566937,-3.1338739999999996,12.6921897,2.5384379399999997,fixed
42.77062759990804,21,0.81,-0.01547318,-3.094636,12.5332758,2.50665516,fixed
42.78232759993989,21,0.81,-0.01518098,-3.036196,12.296593800000002,2.45931876,fixed
42.793948699953035,21,0.81,-0.01484747,-2.969494,12.0264507,2.4052901400000004,fixed
42.8057831999613,21,0.81,-0.01510886,-3.021772,12.238176600000001,2.4476353200000003,fixed
42.8179797999328,21,0.81,-0.0157326,-3.1465199999999998,12.743406,2.5486812,fixed
42.829967099940404,21,0.81,-0.0155925,-3.1185,12.629925000000002,2.5259850000000004,fixed
42.8419494999107,21,0.81,-0.01526408,-3.052816,12.3639048,2.47278096,fixed
42.854042499908246,21,0.81,-0.01489271,-2.978542,12.0630951,2.41261902,fixed
42.866107899928465,21,0.81,-0.01529823,-3.059646,12.391566300000001,2.47831326,fixed
42.87818979995791,21,0.81,-0.01573423,-3.1468459999999996,12.7447263,2.54894526,fixed
42.8901677998947,21,0.81,-0.015556,-3.1112,12.600360000000002,2.5200720000000003,fixed
42.90204289997928,21,0.81,-0.01522562,-3.0451240000000004,12.332752200000002,2.4665504400000007,fixed
42.9137514999602,21,0.81,-0.01491029,-2.982058,12.0773349,2.41546698,fixed
42.925615999964066,21,0.81,-0.01509078,-3.0181560000000003,12.223531800000002,2.4447063600000005,fixed
42.93705479998607,21,0.81,-0.0156865,-3.1372999999999998,12.706065,2.541213,fixed
42.948755899909884,21,0.81,-0.01570992,-3.141984,12.7250352,2.54500704,fixed
42.96036549995188,21,0.81,-0.01551607,-3.103214,12.5680167,2.51360334,fixed
42.97226809989661,21,0.81,-0.01519673,-3.039346,12.309351300000001,2.4618702600000004,fixed
42.98391049995553,21,0.81,-0.0148509,-2.97018,12.029229,2.4058458000000003,fixed
42.99576349998824,21,0.81,-0.01513928,-3.027856,12.262816800000001,2.45256336,fixed
43.007737599895336,21,0.81,-0.01573278,-3.1465559999999995,12.743551799999999,2.54871036,fixed
43.0196103999624,21,0.81,-0.01562573,-3.125146,12.6568413,2.5313682600000003,fixed
43.03133169992361,21,0.81,-0.01535114,-3.0702279999999997,12.4344234,2.4868846799999997,fixed
43.043178899912164,21,0.81,-0.01502242,-3.004484,12.168160199999999,2.4336320400000004,fixed
43.055072699906304,21,0.81,-0.01494133,-2.988266,12.1024773,2.42049546,fixed
43.066943699959666,21,0.81,-0.01562467,-3.124934,12.655982700000001,2.5311965400000003,fixed
43.07871729996987,21,0.81,-0.01570532,-3.1410639999999996,12.721309199999999,2.54426184,fixed
43.09051609993912,21,0.81,-0.01548784,-3.097568,12.5451504,2.50903008,fixed
43.10231200000271,21,0.81,-0.01518038,-3.036076,12.296107800000001,2.45922156,fixed
43.11414339998737,21,0.81,-0.01483328,-2.966656,12.014956800000002,2.40299136,fixed
43.126290699932724,21,0.81,-0.01530994,-3.061988,12.4010514,2.48021028,fixed
43.13815579994116,21,0.81,-0.01573695,-3.14739,12.7469295,2.5493859000000003,fixed
43.15006779995747,21,0.81,-0.01556111,-3.112222,12.604499100000002,2.5208998200000003,fixed
43.16211099992506,21,0.81,-0.01523518,-3.047036,12.3404958,2.46809916,fixed
43.17384409997612,21,0.81,-0.01487021,-2.974042,12.0448701,2.40897402,fixed
43.18582009989768,21,0.81,-0.01514409,-3.0288180000000002,12.2667129,2.45334258,fixed
43.19776499993168,21,0.81,-0.01572238,-3.144476,12.7351278,2.5470255600000002,fixed
43.20972449996043,21,0.81,-0.01561722,-3.123444,12.6499482,2.52998964,fixed
43.22161179990508,21,0.81,-0.01531955,-3.06391,12.4088355,2.4817671,fixed
43.233444699901156,21,0.81,-0.01494781,-2.9895620000000003,12.1077261,2.4215452200000005,fixed
43.24504239996895,21,0.81,-0.01501675,-3.00335,12.163567500000001,2.4327135,fixed
43.25668849993963,21,0.81,-0.01555134,-3.110268,12.5965854,2.51931708,fixed
43.268180499901064,21,0.81,-0.01572311,-3.1446219999999996,12.735719099999999,2.5471438199999996,fixed
43.27986649994273,21,0.81,-0.01558012,-3.116024,12.6198972,2.52397944,fixed
43.29158809990622,21,0.81,-0.01531197,-3.062394,12.4026957,2.48053914,fixed
43.303190000006,21,0.81,-0.01497558,-2.9951160000000003,12.1302198,2.4260439600000003,fixed
43.31484579993412,21,0.81,-0.01488177,-2.976354,12.054233700000001,2.41084674,fixed
43.32656289997976,21,0.81,-0.01551377,-3.102754,12.566153700000001,2.51323074,fixed
43.33826579991728,21,0.81,-0.01571834,-3.1436680000000004,12.731855400000002,2.5463710800000006,fixed
43.3500486999983,21,0.81,-0.01555058,-3.110116,12.5959698,2.5191939600000004,fixed
43.36187429993879,21,0.81,-0.01526466,-3.0529319999999998,12.3643746,2.4728749199999998,fixed
43.37359779991675,21,0.81,-0.01492352,-2.984704,12.0880512,2.41761024,fixed
43.38529889995698,21,0.81,-0.01499425,-2.99885,12.145342500000002,2.4290685,fixed
43.39719739998691,21,0.81,-0.01567899,-3.1357980000000003,12.699981900000001,2.5399963800000003,fixed
43.408972499892116,21,0.81,-0.01568677,-3.1373539999999998,12.7062837,2.54125674,fixed
43.42105329991318,21,0.81,-0.01535889,-3.071778,12.440700900000001,2.4881401800000003,fixed
43.432748599909246,21,0.81,-0.01507098,-3.0141959999999997,12.2074938,2.44149876,fixed
43.44440769997891,21,0.81,-0.0148185,-2.9637000000000002,12.002985,2.4005970000000003,fixed
43.45588289992884,21,0.81,-0.01534338,-3.068676,12.4281378,2.48562756,fixed
43.467411599936895,21,0.81,-0.01571508,-3.143016,12.729214800000001,2.54584296,fixed
43.47888710000552,21,0.81,-0.01567507,-3.135014,12.6968067,2.53936134,fixed
43.490402999916114,21,0.81,-0.01548534,-3.097068,12.543125400000001,2.5086250800000003,fixed
43.50198539998382,21,0.81,-0.01519808,-3.0396159999999997,12.3104448,2.46208896,fixed
43.51367749995552,21,0.81,-0.01489185,-2.97837,12.0623985,2.4124797,fixed
43.525351199903525,21,0.81,-0.01505868,-3.011736,12.197530800000001,2.43950616,fixed
43.53714249993209,21,0.81,-0.01565094,-3.1301879999999995,12.6772614,2.53545228,fixed
43.54876119992696,21,0.81,-0.01570377,-3.140754,12.7200537,2.54401074,fixed
43.56052810000256,21,0.81,-0.01548402,-3.0968039999999997,12.542056200000001,2.50841124,fixed
43.5724329999648,21,0.81,-0.01518117,-3.0362340000000003,12.296747700000001,2.4593495400000003,fixed
43.58411299996078,21,0.81,-0.0148252,-2.96504,12.008412000000002,2.4016824000000003,fixed
43.5958717999747,21,0.81,-0.01524674,-3.0493479999999997,12.349859400000001,2.46997188,fixed
43.60761129995808,21,0.81,-0.01572053,-3.144106,12.7336293,2.54672586,fixed
43.619274999946356,21,0.81,-0.01563933,-3.127866,12.6678573,2.53357146,fixed
43.630925399949774,21,0.81,-0.01542328,-3.084656,12.4928568,2.49857136,fixed
43.642959899967536,21,0.81,-0.01504723,-3.009446,12.1882563,2.4376512600000004,fixed
43.65463329991326,21,0.81,-0.01485747,-2.971494,12.0345507,2.40691014,fixed
43.666393199935555,21,0.81,-0.01546605,-3.09321,12.527500500000002,2.5055001000000003,fixed
43.678250700002536,21,0.81,-0.01573225,-3.14645,12.7431225,2.5486245000000003,fixed
43.68984329991508,21,0.81,-0.01556874,-3.113748,12.6106794,2.5221358800000004,fixed
43.70149989996571,21,0.81,-0.01531889,-3.063778,12.4083009,2.4816601800000004,fixed
43.713149299961515,21,0.81,-0.01501409,-3.0028180000000004,12.161412900000002,2.4322825800000003,fixed
43.724816099973395,21,0.81,-0.01490465,-2.98093,12.0727665,2.4145533,fixed
43.736385999945924,21,0.81,-0.01550033,-3.100066,12.5552673,2.5110534600000003,fixed
43.74804719991516,21,0.81,-0.01572864,-3.1457279999999996,12.740198399999999,2.54803968,fixed
43.75957719993312,21,0.81,-0.01558832,-3.117664,12.6265392,2.52530784,fixed
43.77131039998494,21,0.81,-0.01535457,-3.0709139999999997,12.437201700000001,2.48744034,fixed
43.78296209999826,21,0.81,-0.01501769,-3.003538,12.164328900000001,2.43286578,fixed
43.794534699991345,21,0.81,-0.01484763,-2.969526,12.026580300000001,2.40531606,fixed
43.80624229996465,21,0.81,-0.01543806,-3.087612,12.5048286,2.5009657200000004,fixed
43.81796289992053,21,0.81,-0.01573282,-3.1465640000000006,12.7435842,2.5487168400000004,fixed
43.82981799996924,21,0.81,-0.01558936,-3.1178719999999998,12.627381600000001,2.52547632,fixed
43.84182799991686,21,0.81,-0.01529431,-3.058862,12.388391100000002,2.47767822,fixed
43.85359809990041,21,0.81,-0.01490667,-2.981334,12.0744027,2.41488054,fixed
43.8654860999668,21,0.81,-0.01506117,-3.0122340000000003,12.1995477,2.4399095400000004,fixed
43.877271299948916,21,0.81,-0.01568387,-3.136774,12.703934700000001,2.5407869400000003,fixed
43.888981099938974,21,0.81,-0.01567587,-3.135174,12.697454700000003,2.5394909400000003,fixed
43.900689099915326,21,0.81,-0.01543427,-3.0868539999999998,12.5017587,2.50035174,fixed
43.91228119994048,21,0.81,-0.01515107,-3.030214,12.272366700000003,2.4544733400000003,fixed
43.9237734999042,21,0.81,-0.01485387,-2.970774,12.0316347,2.40632694,fixed
43.935577799915336,21,0.81,-0.01505013,-3.010026,12.190605300000001,2.43812106,fixed
43.94720900000539,21,0.81,-0.0156831,-3.1366199999999997,12.703311,2.5406622,fixed
43.95887839992065,21,0.81,-0.0156866,-3.13732,12.706146,2.5412292,fixed
43.97041700000409,21,0.81,-0.0154939,-3.09878,12.550059000000001,2.5100118000000005,fixed
43.98213489993941,21,0.81,-0.01520109,-3.0402180000000003,12.3128829,2.4625765800000003,fixed
43.99374499998521,21,0.81,-0.01489713,-2.9794259999999997,12.066675300000002,2.41333506,fixed
44.00542459997814,21,0.81,-0.01505374,-3.010748,12.1935294,2.43870588,fixed
44.01735059998464,21,0.81,-0.01568471,-3.1369420000000003,12.704615100000002,2.5409230200000006,fixed
44.02914219989907,21,0.81,-0.01566804,-3.133608,12.691112400000002,2.5382224800000004,fixed
44.041071499930695,21,0.81,-0.01540032,-3.080064,12.4742592,2.4948518400000004,fixed
44.05261919996701,21,0.81,-0.01508049,-3.0160980000000004,12.2151969,2.4430393800000005,fixed
44.06422869989183,21,0.81,-0.01482219,-2.9644380000000004,12.0059739,2.4011947800000004,fixed
44.07580939994659,21,0.81,-0.01525449,-3.050898,12.356136900000001,2.47122738,fixed
44.08740149997175,21,0.81,-0.01571317,-3.1426339999999997,12.727667700000001,2.54553354,fixed
44.09898319991771,21,0.81,-0.01567757,-3.1355139999999997,12.6988317,2.53976634,fixed
44.11072989995591,21,0.81,-0.01546235,-3.0924699999999996,12.524503500000002,2.5049007,fixed
44.122533899964765,21,0.81,-0.01512923,-3.025846,12.254676300000002,2.45093526,fixed
44.13446099997964,21,0.81,-0.01482723,-2.965446,12.0100563,2.40201126,fixed
44.146309999981895,21,0.81,-0.01545643,-3.091286,12.519708300000001,2.50394166,fixed
44.15821599995252,21,0.81,-0.01573627,-3.1472539999999998,12.746378700000001,2.54927574,fixed
44.17024209990632,21,0.81,-0.01555756,-3.1115120000000003,12.6016236,2.5203247200000005,fixed
44.18551550002303,22,0.8200000000000001,-0.01495838,-2.991676,12.2658716,2.45317432,fixed
44.197258900036104,22,0.8200000000000001,-0.01550749,-3.1014980000000003,12.7161418,2.5432283600000005,fixed
44.20922850002535,22,0.8200000000000001,-0.01548243,-3.096486,12.695592600000001,2.53911852,fixed
44.22089360002428,22,0.8200000000000001,-0.01523017,-3.0460339999999997,12.4887394,2.49774788,fixed
44.23250810010359,22,0.8200000000000001,-0.01494174,-2.988348,12.252226800000003,2.45044536,fixed
44.244288800051436,22,0.8200000000000001,-0.01465783,-2.931566,12.0194206,2.4038841200000003,fixed
44.25594380008988,22,0.8200000000000001,-0.01515878,-3.031756,12.4301996,2.48603992,fixed
44.26748550008051,22,0.8200000000000001,-0.01554472,-3.108944,12.7466704,2.5493340800000004,fixed
44.27893800009042,22,0.8200000000000001,-0.01549214,-3.0984279999999997,12.703554800000001,2.54071096,fixed
44.29052280005999,22,0.8200000000000001,-0.01528438,-3.056876,12.533191600000002,2.50663832,fixed
44.30198840005323,22,0.8200000000000001,-0.01501989,-3.0039779999999996,12.316309799999999,2.4632619599999996,fixed
44.31351010000799,22,0.8200000000000001,-0.01474328,-2.9486559999999997,12.0894896,2.41789792,fixed
44.32513490004931,22,0.8200000000000001,-0.01480473,-2.9609460000000003,12.139878600000001,2.4279757200000005,fixed
44.33671980001964,22,0.8200000000000001,-0.01541183,-3.082366,12.6377006,2.5275401200000003,fixed
44.3483053999953,22,0.8200000000000001,-0.01555077,-3.110154,12.7516314,2.55032628,fixed
44.35992650000844,22,0.8200000000000001,-0.01538754,-3.077508,12.6177828,2.5235565600000003,fixed
44.371681899996474,22,0.8200000000000001,-0.01512103,-3.0242060000000004,12.399244600000001,2.4798489200000007,fixed
44.383593300008215,22,0.8200000000000001,-0.01478254,-2.9565080000000004,12.121682800000002,2.4243365600000004,fixed
44.39544760005083,22,0.8200000000000001,-0.01492977,-2.985954,12.242411400000002,2.4484822800000003,fixed
44.407053900067694,22,0.8200000000000001,-0.01549197,-3.098394,12.7034154,2.54068308,fixed
44.41854240000248,22,0.8200000000000001,-0.01552872,-3.105744,12.7335504,2.5467100800000004,fixed
44.429918200010434,22,0.8200000000000001,-0.01535985,-3.07197,12.595077000000002,2.5190154000000002,fixed
44.44135780003853,22,0.8200000000000001,-0.01513015,-3.02603,12.406723000000001,2.4813446000000003,fixed
44.4530399000505,22,0.8200000000000001,-0.01485515,-2.97103,12.181223,2.4362446,fixed
44.46450790006202,22,0.8200000000000001,-0.01468622,-2.937244,12.0427004,2.4085400800000003,fixed
44.476215700036846,22,0.8200000000000001,-0.015246,-3.0492,12.50172,2.500344,fixed
44.48775120009668,22,0.8200000000000001,-0.01555896,-3.1117920000000003,12.758347200000001,2.5516694400000004,fixed
44.49931710003875,22,0.8200000000000001,-0.01546289,-3.092578,12.6795698,2.5359139600000002,fixed
44.51091610000003,22,0.8200000000000001,-0.01524801,-3.0496019999999997,12.5033682,2.50067364,fixed
44.52258200000506,22,0.8200000000000001,-0.01494226,-2.988452,12.252653200000001,2.45053064,fixed
44.53419370006304,22,0.8200000000000001,-0.01465156,-2.930312,12.0142792,2.40285584,fixed
44.545745000010356,22,0.8200000000000001,-0.01510957,-3.0219139999999998,12.3898474,2.47796948,fixed
44.55733580002561,22,0.8200000000000001,-0.01552039,-3.1040780000000003,12.726719800000001,2.5453439600000003,fixed
44.56901020009536,22,0.8200000000000001,-0.01548432,-3.0968639999999996,12.6971424,2.5394284799999998,fixed
44.58066930004861,22,0.8200000000000001,-0.01526734,-3.053468,12.519218800000003,2.50384376,fixed
44.59248089999892,22,0.8200000000000001,-0.01497115,-2.9942300000000004,12.276343000000002,2.4552686000000006,fixed
44.60413370002061,22,0.8200000000000001,-0.01464671,-2.929342,12.010302200000002,2.40206044,fixed
44.61609640007373,22,0.8200000000000001,-0.01516197,-3.032394,12.4328154,2.4865630800000003,fixed
44.627841300098225,22,0.8200000000000001,-0.01555271,-3.110542,12.753222200000003,2.55064444,fixed
44.63965440005995,22,0.8200000000000001,-0.01542335,-3.08467,12.647147,2.5294294,fixed
44.651418299996294,22,0.8200000000000001,-0.01515066,-3.030132,12.4235412,2.4847082400000002,fixed
44.663184600067325,22,0.8200000000000001,-0.01482502,-2.965004,12.156516400000001,2.4313032800000003,fixed
44.67500940000173,22,0.8200000000000001,-0.01473095,-2.94619,12.079379000000001,2.4158758000000002,fixed
44.68660910008475,22,0.8200000000000001,-0.01539468,-3.078936,12.6236376,2.5247275200000003,fixed
44.69838750001509,22,0.8200000000000001,-0.01554453,-3.108906,12.746514600000001,2.54930292,fixed
44.710035099997185,22,0.8200000000000001,-0.01536002,-3.072004,12.595216400000002,2.5190432800000004,fixed
44.721782400039956,22,0.8200000000000001,-0.01509008,-3.0180160000000003,12.3738656,2.4747731200000005,fixed
44.73327070008963,22,0.8200000000000001,-0.01477109,-2.954218,12.112293800000002,2.42245876,fixed
44.74476160004269,22,0.8200000000000001,-0.01472907,-2.945814,12.077837400000002,2.41556748,fixed
44.75625180010684,22,0.8200000000000001,-0.01532209,-3.064418,12.5641138,2.51282276,fixed
44.76794560009148,22,0.8200000000000001,-0.01555507,-3.111014,12.755157400000002,2.5510314800000002,fixed
44.77962879999541,22,0.8200000000000001,-0.01543191,-3.086382,12.6541662,2.53083324,fixed
44.79133080004249,22,0.8200000000000001,-0.01516517,-3.033034,12.435439400000002,2.48708788,fixed
44.802847500075586,22,0.8200000000000001,-0.014841,-2.9682,12.16962,2.433924,fixed
44.8143243000377,22,0.8200000000000001,-0.01465614,-2.931228,12.0180348,2.4036069600000003,fixed
44.825997200096026,22,0.8200000000000001,-0.01516046,-3.032092,12.431577200000001,2.4863154400000003,fixed
44.83747880009469,22,0.8200000000000001,-0.01554198,-3.108396,12.744423600000001,2.54888472,fixed
44.84926970000379,22,0.8200000000000001,-0.0154758,-3.09516,12.690156000000002,2.5380312000000003,fixed
44.86102980002761,22,0.8200000000000001,-0.01520708,-3.041416,12.469805599999999,2.4939611200000003,fixed
44.872846900019795,22,0.8200000000000001,-0.01488742,-2.977484,12.207684400000002,2.44153688,fixed
44.884673900087364,22,0.8200000000000001,-0.01468011,-2.936022,12.037690200000002,2.40753804,fixed
44.89643040008377,22,0.8200000000000001,-0.01531683,-3.063366,12.5598006,2.51196012,fixed
44.908301900024526,22,0.8200000000000001,-0.01554245,-3.1084899999999998,12.744809000000002,2.5489618,fixed
44.9200223000953,22,0.8200000000000001,-0.01536963,-3.073926,12.6030966,2.52061932,fixed
44.93155390000902,22,0.8200000000000001,-0.01509091,-3.0181820000000004,12.374546200000001,2.4749092400000006,fixed
44.943017000099644,22,0.8200000000000001,-0.01479932,-2.959864,12.1354424,2.42708848,fixed
44.9544453000417,22,0.8200000000000001,-0.01466586,-2.933172,12.0260052,2.40520104,fixed
44.96613509999588,22,0.8200000000000001,-0.01519265,-3.03853,12.457973,2.4915946000000004,fixed
44.97759600006975,22,0.8200000000000001,-0.01554457,-3.108914,12.746547400000003,2.5493094800000002,fixed
44.98917750001419,22,0.8200000000000001,-0.01546144,-3.092288,12.678380800000001,2.53567616,fixed
45.000770100043155,22,0.8200000000000001,-0.01523273,-3.046546,12.490838600000002,2.4981677200000005,fixed
45.012298200046644,22,0.8200000000000001,-0.0149614,-2.99228,12.268348,2.4536696,fixed
45.02435500000138,22,0.8200000000000001,-0.01465567,-2.931134,12.017649400000002,2.4035298800000002,fixed
45.03640770004131,22,0.8200000000000001,-0.01529214,-3.058428,12.5395548,2.5079109600000002,fixed
45.048310800106265,22,0.8200000000000001,-0.0155407,-3.1081399999999997,12.743374,2.5486748,fixed
45.06019440002274,22,0.8200000000000001,-0.01534541,-3.0690820000000003,12.583236200000002,2.5166472400000006,fixed
45.071754900040105,22,0.8200000000000001,-0.01503995,-3.00799,12.332759000000001,2.4665518,fixed
45.083469000062905,22,0.8200000000000001,-0.01475232,-2.9504639999999998,12.0969024,2.41938048,fixed
45.09490210004151,22,0.8200000000000001,-0.0147924,-2.95848,12.129768,2.4259536,fixed
45.10657320008613,22,0.8200000000000001,-0.01535334,-3.070668,12.589738800000001,2.51794776,fixed
45.11808640009258,22,0.8200000000000001,-0.01554185,-3.10837,12.744317,2.5488634,fixed
45.12979900010396,22,0.8200000000000001,-0.01540306,-3.080612,12.6305092,2.52610184,fixed
45.141353200073354,22,0.8200000000000001,-0.01514771,-3.029542,12.421122200000001,2.48422444,fixed
45.15287690004334,22,0.8200000000000001,-0.01486335,-2.97267,12.187947000000001,2.4375894000000002,fixed
45.164397000102326,22,0.8200000000000001,-0.01465429,-2.9308579999999997,12.0165178,2.40330356,fixed
45.176134700072,22,0.8200000000000001,-0.0151988,-3.0397600000000002,12.463016,2.4926032000000005,fixed
45.18762520002201,22,0.8200000000000001,-0.01555266,-3.110532,12.7531812,2.55063624,fixed
45.19920190004632,22,0.8200000000000001,-0.01546231,-3.0924620000000003,12.679094200000002,2.5358188400000006,fixed
45.21081140008755,22,0.8200000000000001,-0.01525301,-3.050602,12.5074682,2.50149364,fixed
45.2222788000945,22,0.8200000000000001,-0.01496109,-2.9922180000000003,12.2680938,2.4536187600000003,fixed
45.23370700003579,22,0.8200000000000001,-0.0146771,-2.9354199999999997,12.035222000000001,2.4070443999999998,fixed
45.24528260005172,22,0.8200000000000001,-0.01485602,-2.9712039999999997,12.181936400000001,2.43638728,fixed
45.2569233000977,22,0.8200000000000001,-0.01545411,-3.090822,12.672370200000001,2.5344740400000005,fixed
45.26840810000431,22,0.8200000000000001,-0.01553516,-3.107032,12.7388312,2.54776624,fixed
45.27998300001491,22,0.8200000000000001,-0.01535555,-3.07111,12.591551,2.5183102,fixed
45.291608300060034,22,0.8200000000000001,-0.01509627,-3.019254,12.3789414,2.47578828,fixed
45.302968300064094,22,0.8200000000000001,-0.01478896,-2.957792,12.126947200000002,2.42538944,fixed
45.31456349999644,22,0.8200000000000001,-0.01466296,-2.932592,12.0236272,2.4047254400000004,fixed
45.326030700001866,22,0.8200000000000001,-0.01526581,-3.053162,12.5179642,2.50359284,fixed
45.33753310004249,22,0.8200000000000001,-0.01555012,-3.110024,12.7510984,2.55021968,fixed
45.349178900010884,22,0.8200000000000001,-0.01547779,-3.095558,12.691787800000002,2.53835756,fixed
45.360801800037734,22,0.8200000000000001,-0.01525186,-3.0503720000000003,12.506525200000002,2.5013050400000005,fixed
45.37252510001417,22,0.8200000000000001,-0.01494646,-2.989292,12.256097200000001,2.45121944,fixed
45.384196900064126,22,0.8200000000000001,-0.01464871,-2.929742,12.011942200000002,2.40238844,fixed
45.39604290004354,22,0.8200000000000001,-0.0151673,-3.03346,12.437186,2.4874372,fixed
45.40776860003825,22,0.8200000000000001,-0.01554856,-3.109712,12.7498192,2.54996384,fixed
45.41957710008137,22,0.8200000000000001,-0.01542476,-3.084952,12.6483032,2.52966064,fixed
45.4314960000338,22,0.8200000000000001,-0.01513504,-3.027008,12.410732800000002,2.4821465600000003,fixed
45.44393110007513,22,0.8200000000000001,-0.01470419,-2.9408380000000003,12.057435800000002,2.4114871600000005,fixed
45.4559860000154,22,0.8200000000000001,-0.01511775,-3.0235499999999997,12.396555,2.479311,fixed
45.46759940008633,22,0.8200000000000001,-0.01554375,-3.10875,12.745875000000002,2.5491750000000004,fixed
45.47937489999458,22,0.8200000000000001,-0.01545982,-3.091964,12.6770524,2.5354104800000004,fixed
45.49109630007297,22,0.8200000000000001,-0.01518638,-3.037276,12.4528316,2.49056632,fixed
45.502899300074205,22,0.8200000000000001,-0.01488226,-2.9764519999999997,12.2034532,2.4406906399999997,fixed
45.51456020004116,22,0.8200000000000001,-0.01466575,-2.93315,12.025915000000001,2.405183,fixed
45.52643160009757,22,0.8200000000000001,-0.01526715,-3.05343,12.519063000000001,2.5038126000000003,fixed
45.538381900056265,22,0.8200000000000001,-0.01553473,-3.1069459999999998,12.7384786,2.54769572,fixed
45.550094500067644,22,0.8200000000000001,-0.01534588,-3.0691759999999997,12.5836216,2.51672432,fixed
45.561920600011945,22,0.8200000000000001,-0.01506852,-3.0137039999999997,12.356186400000002,2.47123728,fixed
45.57392260001507,22,0.8200000000000001,-0.01472163,-2.9443259999999998,12.071736600000001,2.41434732,fixed
45.58562570007052,22,0.8200000000000001,-0.01500088,-3.0001759999999997,12.3007216,2.46014432,fixed
45.59727760008536,22,0.8200000000000001,-0.01551046,-3.102092,12.7185772,2.54371544,fixed
45.60906140005682,22,0.8200000000000001,-0.01547929,-3.0958579999999998,12.693017800000002,2.53860356,fixed
45.62087030010298,22,0.8200000000000001,-0.0152454,-3.04908,12.501228,2.5002456000000004,fixed
45.632710200035945,22,0.8200000000000001,-0.01491913,-2.9838259999999996,12.2336866,2.44673732,fixed
45.64487930003088,22,0.8200000000000001,-0.01465557,-2.931114,12.0175674,2.40351348,fixed
45.65686520002782,22,0.8200000000000001,-0.01542543,-3.085086,12.648852600000001,2.52977052,fixed
45.668789400020614,22,0.8200000000000001,-0.01551757,-3.1035139999999997,12.7244074,2.54488148,fixed
45.680704900063574,22,0.8200000000000001,-0.01527498,-3.054996,12.525483600000001,2.50509672,fixed
45.69267420005053,22,0.8200000000000001,-0.01492419,-2.9848380000000003,12.237835800000001,2.4475671600000006,fixed
45.70451090007555,22,0.8200000000000001,-0.01465331,-2.930662,12.0157142,2.40314284,fixed
45.716360000078566,22,0.8200000000000001,-0.01530204,-3.060408,12.5476728,2.50953456,fixed
45.72817160002887,22,0.8200000000000001,-0.01553901,-3.1078020000000004,12.741988200000002,2.5483976400000006,fixed
45.73984520009253,22,0.8200000000000001,-0.01538113,-3.076226,12.6125266,2.5225053200000005,fixed
45.751548500033095,22,0.8200000000000001,-0.01511735,-3.02347,12.396227000000001,2.4792454000000004,fixed
45.76319800002966,22,0.8200000000000001,-0.01479351,-2.9587019999999997,12.1306782,2.42613564,fixed
45.77471390005667,22,0.8200000000000001,-0.01472477,-2.944954,12.074311400000001,2.4148622800000004,fixed
45.786268900032155,22,0.8200000000000001,-0.01532628,-3.0652559999999998,12.5675496,2.51350992,fixed
45.797658600029536,22,0.8200000000000001,-0.01554779,-3.1095580000000003,12.749187800000001,2.5498375600000003,fixed
45.80905350006651,22,0.8200000000000001,-0.01546045,-3.09209,12.677569000000002,2.5355138,fixed
45.82044850010425,22,0.8200000000000001,-0.01526052,-3.052104,12.5136264,2.50272528,fixed
45.832029000041075,22,0.8200000000000001,-0.01500297,-3.000594,12.3024354,2.46048708,fixed
45.84361920005176,22,0.8200000000000001,-0.0147057,-2.94114,12.058674000000002,2.4117348,fixed
45.85500390001107,22,0.8200000000000001,-0.0148252,-2.96504,12.156664000000001,2.4313328000000003,fixed
45.86658360005822,22,0.8200000000000001,-0.01537345,-3.07469,12.606229000000003,2.5212458,fixed
45.8782098001102,22,0.8200000000000001,-0.01553113,-3.1062260000000004,12.735526600000002,2.5471053200000005,fixed
45.88989720004611,22,0.8200000000000001,-0.01537165,-3.0743300000000002,12.604753000000002,2.5209506000000004,fixed
45.90175710001495,22,0.8200000000000001,-0.0150549,-3.01098,12.345018000000001,2.4690036,fixed
45.9133924000198,22,0.8200000000000001,-0.01473769,-2.9475379999999998,12.0849058,2.41698116,fixed
45.92523150006309,22,0.8200000000000001,-0.01481082,-2.9621640000000005,12.1448724,2.4289744800000004,fixed
45.936726100044325,22,0.8200000000000001,-0.01545161,-3.0903219999999996,12.670320199999999,2.5340640399999996,fixed
45.94822480005678,22,0.8200000000000001,-0.01553416,-3.106832,12.7380112,2.5476022400000002,fixed
45.95994720002636,22,0.8200000000000001,-0.01537037,-3.074074,12.6037034,2.5207406800000003,fixed
45.97164550004527,22,0.8200000000000001,-0.01509785,-3.01957,12.380237000000001,2.4760474,fixed
45.98312990006525,22,0.8200000000000001,-0.01477482,-2.954964,12.115352399999999,2.4230704800000002,fixed
45.994642800069414,22,0.8200000000000001,-0.01471705,-2.94341,12.067981000000001,2.4135962,fixed
46.00621590006631,22,0.8200000000000001,-0.0152647,-3.0529400000000004,12.517054000000002,2.5034108000000006,fixed
46.01779680000618,22,0.8200000000000001,-0.0155441,-3.10882,12.746162,2.5492324,fixed
46.02951280004345,22,0.8200000000000001,-0.01543542,-3.087084,12.657044400000002,2.5314088800000003,fixed
46.04139800008852,22,0.8200000000000001,-0.01514914,-3.029828,12.422294800000001,2.4844589600000004,fixed
46.05331720004324,22,0.8200000000000001,-0.01477315,-2.9546300000000003,12.113983000000001,2.4227966000000003,fixed
46.06535980000626,22,0.8200000000000001,-0.01480496,-2.960992,12.140067200000003,2.4280134400000004,fixed
46.07745560002513,22,0.8200000000000001,-0.0155057,-3.10114,12.714674000000002,2.5429348000000003,fixed
46.089445500052534,22,0.8200000000000001,-0.01543884,-3.087768,12.659848800000002,2.5319697600000004,fixed
46.101538700051606,22,0.8200000000000001,-0.01513734,-3.027468,12.412618800000002,2.48252376,fixed
46.11357550008688,22,0.8200000000000001,-0.01474925,-2.94985,12.094385,2.418877,fixed
46.12554420006927,22,0.8200000000000001,-0.0149528,-2.99056,12.261296000000002,2.4522592000000003,fixed
46.13737270003185,22,0.8200000000000001,-0.01553325,-3.10665,12.737265,2.5474530000000004,fixed
46.14898040005937,22,0.8200000000000001,-0.0154847,-3.09694,12.697454000000002,2.5394908000000003,fixed
46.16058560006786,22,0.8200000000000001,-0.01527023,-3.054046,12.5215886,2.5043177200000004,fixed
46.1721816000063,22,0.8200000000000001,-0.01498571,-2.9971419999999998,12.288282200000001,2.45765644,fixed
46.18362410005648,22,0.8200000000000001,-0.01467756,-2.935512,12.0355992,2.4071198400000005,fixed
46.19681320001837,23,0.8300000000000001,-0.01524682,-3.0493639999999997,12.654860600000001,2.53097212,fixed
46.20842419995461,23,0.8300000000000001,-0.01533699,-3.067398,12.729701700000001,2.54594034,fixed
46.219959900015965,23,0.8300000000000001,-0.01515529,-3.0310580000000003,12.5788907,2.5157781400000006,fixed
46.23177949991077,23,0.8300000000000001,-0.01488313,-2.976626,12.3529979,2.47059958,fixed
46.24338649993297,23,0.8300000000000001,-0.01453646,-2.907292,12.065261800000002,2.41305236,fixed
46.25508269993588,23,0.8300000000000001,-0.01459678,-2.919356,12.1153274,2.4230654800000004,fixed
46.26667559996713,23,0.8300000000000001,-0.0152321,-3.0464200000000003,12.642643000000001,2.5285286000000005,fixed
46.27827719994821,23,0.8300000000000001,-0.01533268,-3.066536,12.7261244,2.54522488,fixed
46.28986029990483,23,0.8300000000000001,-0.01516579,-3.033158,12.587605700000001,2.51752114,fixed
46.301488899975084,23,0.8300000000000001,-0.01491614,-2.983228,12.380396200000002,2.4760792400000002,fixed
46.31304639996961,23,0.8300000000000001,-0.01460455,-2.92091,12.121776500000003,2.4243553,fixed
46.32448139996268,23,0.8300000000000001,-0.01448535,-2.89707,12.0228405,2.4045681,fixed
46.33618679991923,23,0.8300000000000001,-0.0150507,-3.0101400000000003,12.492081,2.4984162000000003,fixed
46.34795029996894,23,0.8300000000000001,-0.01535128,-3.070256,12.741562400000001,2.5483124800000003,fixed
46.359590300009586,23,0.8300000000000001,-0.01520748,-3.041496,12.622208400000002,2.5244416800000002,fixed
46.3711821999168,23,0.8300000000000001,-0.01495488,-2.9909760000000003,12.4125504,2.4825100800000004,fixed
46.382837099954486,23,0.8300000000000001,-0.01465877,-2.931754,12.166779100000001,2.4333558200000005,fixed
46.39446799992584,23,0.8300000000000001,-0.01448015,-2.89603,12.018524500000002,2.4037049,fixed
46.406076499959454,23,0.8300000000000001,-0.01506741,-3.013482,12.5059503,2.5011900600000003,fixed
46.4174473999301,23,0.8300000000000001,-0.01534328,-3.068656,12.7349224,2.54698448,fixed
46.42886169999838,23,0.8300000000000001,-0.015269,-3.0538,12.67327,2.534654,fixed
46.440443499945104,23,0.8300000000000001,-0.01507119,-3.0142379999999998,12.5090877,2.5018175400000002,fixed
46.452203499968164,23,0.8300000000000001,-0.01480164,-2.9603279999999996,12.2853612,2.45707224,fixed
46.46366110001691,23,0.8300000000000001,-0.01446355,-2.89271,12.004746500000001,2.4009493,fixed
46.47525559994392,23,0.8300000000000001,-0.01469116,-2.938232,12.193662800000002,2.4387325600000005,fixed
46.48685879993718,23,0.8300000000000001,-0.01526831,-3.053662,12.672697300000001,2.5345394600000004,fixed
46.49851329997182,23,0.8300000000000001,-0.01532943,-3.065886,12.723426900000002,2.54468538,fixed
46.50997849996202,23,0.8300000000000001,-0.01514679,-3.029358,12.571835700000001,2.5143671400000005,fixed
46.521467899903655,23,0.8300000000000001,-0.01489097,-2.978194,12.359505100000002,2.4719010200000002,fixed
46.533034199965186,23,0.8300000000000001,-0.0146079,-2.92158,12.124557000000001,2.4249114,fixed
46.54442809999455,23,0.8300000000000001,-0.01450205,-2.90041,12.036701500000001,2.4073403,fixed
46.5557766999118,23,0.8300000000000001,-0.01501951,-3.003902,12.4661933,2.4932386600000003,fixed
46.567094199941494,23,0.8300000000000001,-0.0153316,-3.06632,12.725228000000001,2.5450456000000004,fixed
46.57855579990428,23,0.8300000000000001,-0.01531408,-3.062816,12.710686400000002,2.5421372800000004,fixed
46.59024719998706,23,0.8300000000000001,-0.01512952,-3.025904,12.557501600000002,2.51150032,fixed
46.60191450000275,23,0.8300000000000001,-0.01485246,-2.9704919999999997,12.3275418,2.46550836,fixed
46.6137440999737,23,0.8300000000000001,-0.01449601,-2.899202,12.0316883,2.40633766,fixed
46.62561210000422,23,0.8300000000000001,-0.01475648,-2.951296,12.247878400000003,2.44957568,fixed
46.637604799936526,23,0.8300000000000001,-0.01535451,-3.070902,12.7442433,2.54884866,fixed
46.64943210000638,23,0.8300000000000001,-0.01524917,-3.0498339999999997,12.6568111,2.53136222,fixed
46.661117299925536,23,0.8300000000000001,-0.01498785,-2.99757,12.439915500000001,2.4879831,fixed
46.673115900019184,23,0.8300000000000001,-0.01464303,-2.928606,12.1537149,2.43074298,fixed
46.68508899991866,23,0.8300000000000001,-0.01458678,-2.9173560000000003,12.107027400000002,2.42140548,fixed
46.69691990001593,23,0.8300000000000001,-0.01528903,-3.0578060000000002,12.689894900000002,2.5379789800000006,fixed
46.70851719996426,23,0.8300000000000001,-0.01532391,-3.064782,12.7188453,2.5437690600000002,fixed
46.72002439992502,23,0.8300000000000001,-0.01513467,-3.026934,12.5617761,2.51235522,fixed
46.73152059991844,23,0.8300000000000001,-0.01487177,-2.974354,12.3435691,2.46871382,fixed
46.74304899992421,23,0.8300000000000001,-0.01460463,-2.920926,12.1218429,2.4243685800000003,fixed
46.75469600001816,23,0.8300000000000001,-0.01451375,-2.90275,12.0464125,2.4092825,fixed
46.76615789998323,23,0.8300000000000001,-0.01514287,-3.028574,12.5685821,2.51371642,fixed
46.77762149996124,23,0.8300000000000001,-0.01535172,-3.0703439999999995,12.7419276,2.5483855199999996,fixed
46.78920499992091,23,0.8300000000000001,-0.01525254,-3.0505079999999998,12.659608200000003,2.53192164,fixed
46.80061909998767,23,0.8300000000000001,-0.01502717,-3.005434,12.4725511,2.4945102200000004,fixed
46.81202610000037,23,0.8300000000000001,-0.01478212,-2.9564239999999997,12.269159600000002,2.45383192,fixed
46.823616400011815,23,0.8300000000000001,-0.01449379,-2.898758,12.0298457,2.4059691400000003,fixed
46.83520879992284,23,0.8300000000000001,-0.0146622,-2.93244,12.169626000000001,2.4339252000000005,fixed
46.846796199912205,23,0.8300000000000001,-0.01526163,-3.052326,12.667152900000001,2.53343058,fixed
46.858288099989295,23,0.8300000000000001,-0.015337,-3.0674,12.729710000000003,2.545942,fixed
46.86983529990539,23,0.8300000000000001,-0.01517248,-3.034496,12.593158400000002,2.51863168,fixed
46.88153729995247,23,0.8300000000000001,-0.01491766,-2.983532,12.381657800000001,2.47633156,fixed
46.893261799938045,23,0.8300000000000001,-0.01459346,-2.918692,12.112571800000001,2.42251436,fixed
46.90494909998961,23,0.8300000000000001,-0.01458486,-2.916972,12.1054338,2.42108676,fixed
46.91660160000902,23,0.8300000000000001,-0.01520253,-3.040506,12.618099900000002,2.5236199800000003,fixed
46.928333599935286,23,0.8300000000000001,-0.01534119,-3.068238,12.7331877,2.5466375400000003,fixed
46.93995799997356,23,0.8300000000000001,-0.01517446,-3.034892,12.5948018,2.5189603600000003,fixed
46.95151599997189,23,0.8300000000000001,-0.01490235,-2.98047,12.368950500000002,2.4737901,fixed
46.96342459996231,23,0.8300000000000001,-0.01457602,-2.915204,12.098096600000002,2.4196193200000002,fixed
46.97520230000373,23,0.8300000000000001,-0.01467576,-2.935152,12.1808808,2.43617616,fixed
46.986836199997924,23,0.8300000000000001,-0.01528699,-3.057398,12.688201700000002,2.5376403400000003,fixed
46.99859959993046,23,0.8300000000000001,-0.01532891,-3.0657819999999996,12.722995300000001,2.54459906,fixed
47.01038449991029,23,0.8300000000000001,-0.01511405,-3.02281,12.544661500000002,2.5089323000000006,fixed
47.02223499992397,23,0.8300000000000001,-0.0147928,-2.95856,12.278024,2.4556048,fixed
47.03398039995227,23,0.8300000000000001,-0.01445849,-2.891698,12.0005467,2.40010934,fixed
47.045556899975054,23,0.8300000000000001,-0.01485865,-2.97173,12.332679500000001,2.4665359000000002,fixed
47.05726289993618,23,0.8300000000000001,-0.01533321,-3.066642,12.726564300000001,2.54531286,fixed
47.06892320001498,23,0.8300000000000001,-0.0152844,-3.05688,12.686052000000002,2.5372104,fixed
47.08053739997558,23,0.8300000000000001,-0.01506036,-3.012072,12.500098800000002,2.5000197600000003,fixed
47.0921146000037,23,0.8300000000000001,-0.01477897,-2.955794,12.266545100000002,2.4533090200000003,fixed
47.10380729997996,23,0.8300000000000001,-0.01446968,-2.893936,12.0098344,2.4019668800000002,fixed
47.11558869993314,23,0.8300000000000001,-0.01479874,-2.959748,12.2829542,2.45659084,fixed
47.12722149991896,23,0.8300000000000001,-0.01533437,-3.066874,12.7275271,2.54550542,fixed
47.13893089990597,23,0.8300000000000001,-0.01529583,-3.0591660000000003,12.6955389,2.5391077800000006,fixed
47.15070019999985,23,0.8300000000000001,-0.01506241,-3.012482,12.501800300000001,2.50036006,fixed
47.16252289991826,23,0.8300000000000001,-0.0147359,-2.94718,12.230797,2.4461594,fixed
47.174263099906966,23,0.8300000000000001,-0.01445506,-2.8910120000000004,11.997699800000001,2.3995399600000007,fixed
47.18594569992274,23,0.8300000000000001,-0.0150035,-3.0006999999999997,12.452905,2.490581,fixed
47.19755519996397,23,0.8300000000000001,-0.01535146,-3.0702920000000002,12.741711800000001,2.5483423600000004,fixed
47.2092844999861,23,0.8300000000000001,-0.01525815,-3.0516300000000003,12.664264500000002,2.5328529000000004,fixed
47.22103939997032,23,0.8300000000000001,-0.0149882,-2.99764,12.440206,2.4880412,fixed
47.23278429999482,23,0.8300000000000001,-0.01468553,-2.937106,12.188989900000001,2.43779798,fixed
47.24439189990517,23,0.8300000000000001,-0.01448228,-2.8964559999999997,12.020292400000002,2.4040584799999998,fixed
47.25605359999463,23,0.8300000000000001,-0.01505945,-3.01189,12.4993435,2.4998687000000004,fixed
47.26782589999493,23,0.8300000000000001,-0.01536345,-3.07269,12.751663500000001,2.5503327000000002,fixed
47.27941680001095,23,0.8300000000000001,-0.01523035,-3.04607,12.641190500000002,2.5282381000000003,fixed
47.291115499916486,23,0.8300000000000001,-0.01497169,-2.994338,12.4265027,2.4853005400000003,fixed
47.30277529999148,23,0.8300000000000001,-0.01465583,-2.931166,12.1643389,2.4328677800000005,fixed
47.31454059993848,23,0.8300000000000001,-0.0144767,-2.89534,12.015661000000001,2.4031322000000004,fixed
47.326220999937505,23,0.8300000000000001,-0.01513749,-3.027498,12.564116700000001,2.51282334,fixed
47.3377050999552,23,0.8300000000000001,-0.01535696,-3.071392,12.7462768,2.54925536,fixed
47.34916119999252,23,0.8300000000000001,-0.01524696,-3.049392,12.654976800000002,2.5309953600000004,fixed
47.360763899981976,23,0.8300000000000001,-0.01504309,-3.008618,12.4857647,2.49715294,fixed
47.37235959991813,23,0.8300000000000001,-0.01472157,-2.944314,12.2189031,2.44378062,fixed
47.383951199939474,23,0.8300000000000001,-0.01445832,-2.891664,12.000405600000002,2.4000811200000003,fixed
47.39542469999287,23,0.8300000000000001,-0.01480601,-2.9612019999999997,12.288988300000002,2.4577976599999998,fixed
47.40685619995929,23,0.8300000000000001,-0.01529742,-3.0594840000000003,12.6968586,2.5393717200000006,fixed
47.41827139991801,23,0.8300000000000001,-0.01533007,-3.066014,12.7239581,2.5447916200000003,fixed
47.42976239998825,23,0.8300000000000001,-0.01517401,-3.034802,12.594428300000002,2.51888566,fixed
47.44139259995427,23,0.8300000000000001,-0.01491074,-2.982148,12.3759142,2.4751828400000004,fixed
47.45308629993815,23,0.8300000000000001,-0.01461293,-2.922586,12.1287319,2.42574638,fixed
47.4649078999646,23,0.8300000000000001,-0.01453852,-2.907704,12.0669716,2.41339432,fixed
47.47647729993332,23,0.8300000000000001,-0.01518956,-3.037912,12.6073348,2.52146696,fixed
47.48815899994224,23,0.8300000000000001,-0.01534602,-3.069204,12.737196600000003,2.54743932,fixed
47.49989310000092,23,0.8300000000000001,-0.01518275,-3.03655,12.6016825,2.5203365000000004,fixed
47.51153459993657,23,0.8300000000000001,-0.01489155,-2.97831,12.359986500000002,2.4719973000000004,fixed
47.52319939993322,23,0.8300000000000001,-0.014577,-2.9154,12.09891,2.419782,fixed
47.5348635999253,23,0.8300000000000001,-0.01455159,-2.9103179999999997,12.077819700000001,2.41556394,fixed
47.54649589990731,23,0.8300000000000001,-0.01519721,-3.0394419999999998,12.613684300000001,2.52273686,fixed
47.55801809998229,23,0.8300000000000001,-0.01534413,-3.068826,12.7356279,2.5471255800000003,fixed
47.56951719999779,23,0.8300000000000001,-0.01520015,-3.0400300000000002,12.616124500000003,2.5232249,fixed
47.58117299992591,23,0.8300000000000001,-0.01496419,-2.992838,12.420277700000002,2.48405554,fixed
47.5930636000121,23,0.8300000000000001,-0.01463232,-2.926464,12.1448256,2.4289651200000004,fixed
47.60493879998103,23,0.8300000000000001,-0.01455503,-2.911006,12.080674900000002,2.4161349800000003,fixed
47.61658789997455,23,0.8300000000000001,-0.01521032,-3.042064,12.6245656,2.52491312,fixed
47.6282148999162,23,0.8300000000000001,-0.01534763,-3.0695259999999998,12.738532900000001,2.54770658,fixed
47.639885299955495,23,0.8300000000000001,-0.01517841,-3.035682,12.598080300000001,2.51961606,fixed
47.651503999950364,23,0.8300000000000001,-0.01490997,-2.981994,12.375275100000001,2.47505502,fixed
47.66309889999684,23,0.8300000000000001,-0.01459457,-2.918914,12.113493100000001,2.4226986200000002,fixed
47.674865299952216,23,0.8300000000000001,-0.01456867,-2.9137340000000003,12.091996100000003,2.4183992200000004,fixed
47.6864122999832,23,0.8300000000000001,-0.01518887,-3.0377739999999998,12.606762100000001,2.52135242,fixed
47.69795529998373,23,0.8300000000000001,-0.01534573,-3.069146,12.736955900000002,2.54739118,fixed
47.70950250001624,23,0.8300000000000001,-0.01521498,-3.0429959999999996,12.6284334,2.5256866799999997,fixed
47.72103689995129,23,0.8300000000000001,-0.01497692,-2.995384,12.4308436,2.48616872,fixed
47.732584699988365,23,0.8300000000000001,-0.01469431,-2.938862,12.1962773,2.43925546,fixed
47.744209299911745,23,0.8300000000000001,-0.01445268,-2.890536,11.9957244,2.39914488,fixed
47.75582239998039,23,0.8300000000000001,-0.01499157,-2.9983139999999997,12.4430031,2.48860062,fixed
47.767434599925764,23,0.8300000000000001,-0.01534961,-3.069922,12.740176300000002,2.5480352600000002,fixed
47.779135299962945,23,0.8300000000000001,-0.01527633,-3.055266,12.6793539,2.53587078,fixed
47.79084499995224,23,0.8300000000000001,-0.01503547,-3.007094,12.479440100000001,2.49588802,fixed
47.802540399949066,23,0.8300000000000001,-0.01471179,-2.942358,12.2107857,2.4421571400000004,fixed
47.814161699963734,23,0.8300000000000001,-0.01445983,-2.891966,12.001658900000002,2.40033178,fixed
47.82594659994356,23,0.8300000000000001,-0.01496883,-2.993766,12.424128900000001,2.48482578,fixed
47.83745089999866,23,0.8300000000000001,-0.0153546,-3.07092,12.744318000000002,2.5488636000000002,fixed
47.84894679998979,23,0.8300000000000001,-0.01527489,-3.0549779999999997,12.678158700000001,2.53563174,fixed
47.86050269997213,23,0.8300000000000001,-0.01505974,-3.011948,12.499584200000003,2.49991684,fixed
47.87220979994163,23,0.8300000000000001,-0.01478833,-2.957666,12.274313900000001,2.4548627800000005,fixed
47.88390779995825,23,0.8300000000000001,-0.01446239,-2.892478,12.003783700000001,2.4007567400000003,fixed
47.8955601999769,23,0.8300000000000001,-0.01484887,-2.969774,12.3245621,2.46491242,fixed
47.907404199941084,23,0.8300000000000001,-0.01533199,-3.066398,12.7255517,2.5451103400000004,fixed
47.91908159991726,23,0.8300000000000001,-0.01524947,-3.0498939999999997,12.6570601,2.53141202,fixed
47.93065829994157,23,0.8300000000000001,-0.01503334,-3.006668,12.477672199999999,2.49553444,fixed
47.942241100012325,23,0.8300000000000001,-0.01473111,-2.946222,12.226821300000001,2.4453642600000003,fixed
47.953859900007956,23,0.8300000000000001,-0.0144474,-2.88948,11.991342000000001,2.3982684,fixed
47.96547339996323,23,0.8300000000000001,-0.01483817,-2.967634,12.315681099999999,2.46313622,fixed
47.9772542999126,23,0.8300000000000001,-0.01532372,-3.064744,12.718687600000003,2.5437375200000005,fixed
47.9890291999327,23,0.8300000000000001,-0.01529023,-3.058046,12.690890900000001,2.53817818,fixed
48.000619199941866,23,0.8300000000000001,-0.01505087,-3.010174,12.492222100000001,2.49844442,fixed
48.0124599999981,23,0.8300000000000001,-0.01474617,-2.9492339999999997,12.2393211,2.44786422,fixed
48.024095700006,23,0.8300000000000001,-0.01444762,-2.8895239999999998,11.991524600000002,2.39830492,fixed
48.035719999927096,23,0.8300000000000001,-0.01494248,-2.988496,12.402258400000001,2.4804516800000003,fixed
48.04743569996208,23,0.8300000000000001,-0.01534728,-3.0694559999999997,12.7382424,2.54764848,fixed
48.05922429997008,23,0.8300000000000001,-0.01526099,-3.0521979999999997,12.666621700000002,2.53332434,fixed
48.071018300019205,23,0.8300000000000001,-0.01500319,-3.000638,12.452647700000002,2.4905295400000003,fixed
48.08292369998526,23,0.8300000000000001,-0.01462633,-2.9252659999999997,12.1398539,2.42797078,fixed
48.09461009991355,23,0.8300000000000001,-0.01450025,-2.90005,12.0352075,2.4070415,fixed
48.10636059998069,23,0.8300000000000001,-0.01514025,-3.02805,12.5664075,2.5132815,fixed
48.11800539994147,23,0.8300000000000001,-0.01535118,-3.0702360000000004,12.741479400000001,2.5482958800000004,fixed
48.129849699907936,23,0.8300000000000001,-0.01518719,-3.037438,12.605367700000002,2.52107354,fixed
48.141623199917376,23,0.8300000000000001,-0.01489276,-2.9785519999999996,12.360990800000001,2.47219816,fixed
48.15337469999213,23,0.8300000000000001,-0.01454997,-2.909994,12.076475100000001,2.4152950200000003,fixed
48.165020199958235,23,0.8300000000000001,-0.01463583,-2.927166,12.147738900000002,2.4295477800000005,fixed
48.17676009994466,23,0.8300000000000001,-0.01525604,-3.051208,12.662513200000001,2.53250264,fixed
48.18857250001747,23,0.8300000000000001,-0.01533346,-3.066692,12.726771800000002,2.5453543600000006,fixed
48.202105900039896,24,0.8200000000000001,-0.01499217,-2.9984340000000005,12.2935794,2.4587158800000006,fixed
48.21384940005373,24,0.8200000000000001,-0.01466789,-2.933578,12.0276698,2.40553396,fixed
48.22555240010843,24,0.8200000000000001,-0.01504099,-3.008198,12.333611800000002,2.4667223600000003,fixed
48.237251900020055,24,0.8200000000000001,-0.01553535,-3.1070699999999998,12.738987,2.5477974,fixed
48.24900790001266,24,0.8200000000000001,-0.01548923,-3.0978459999999997,12.701168599999999,2.54023372,fixed
48.26068770000711,24,0.8200000000000001,-0.01522895,-3.0457899999999998,12.487739000000001,2.4975478,fixed
48.27238400001079,24,0.8200000000000001,-0.01492599,-2.985198,12.239311800000001,2.4478623600000002,fixed
48.284150600084104,24,0.8200000000000001,-0.01463468,-2.9269360000000004,12.000437600000001,2.4000875200000005,fixed
48.295855200034566,24,0.8200000000000001,-0.01518575,-3.0371499999999996,12.452315,2.4904629999999996,fixed
48.307596900034696,24,0.8200000000000001,-0.01555297,-3.110594,12.7534354,2.55068708,fixed
48.31934260006528,24,0.8200000000000001,-0.01544427,-3.088854,12.664301400000001,2.53286028,fixed
48.33117370004766,24,0.8200000000000001,-0.01518341,-3.036682,12.4503962,2.49007924,fixed
48.34303860005457,24,0.8200000000000001,-0.01482252,-2.9645040000000003,12.1544664,2.4308932800000003,fixed
48.35461130004842,24,0.8200000000000001,-0.01473665,-2.94733,12.084053,2.4168106000000003,fixed
48.36617440008558,24,0.8200000000000001,-0.01534199,-3.0683979999999997,12.580431800000001,2.51608636,fixed
48.37784460000694,24,0.8200000000000001,-0.01555514,-3.111028,12.755214800000001,2.55104296,fixed
48.38949380000122,24,0.8200000000000001,-0.01542358,-3.084716,12.6473356,2.52946712,fixed
48.4010178000899,24,0.8200000000000001,-0.01515201,-3.030402,12.4246482,2.4849296400000003,fixed
48.41255190002266,24,0.8200000000000001,-0.01489008,-2.9780159999999998,12.2098656,2.44197312,fixed
48.423976900056005,24,0.8200000000000001,-0.01464003,-2.928006,12.004824600000001,2.4009649200000003,fixed
48.435638900031336,24,0.8200000000000001,-0.01507255,-3.01451,12.359491000000002,2.4718982,fixed
48.447198900044896,24,0.8200000000000001,-0.01553203,-3.1064060000000002,12.736264600000002,2.5472529200000005,fixed
48.45886650006287,24,0.8200000000000001,-0.01548731,-3.097462,12.6995942,2.5399188400000003,fixed
48.470306700095534,24,0.8200000000000001,-0.01526981,-3.053962,12.521244200000002,2.5042488400000003,fixed
48.48192810011096,24,0.8200000000000001,-0.01502408,-3.004816,12.319745600000001,2.46394912,fixed
48.49349230004009,24,0.8200000000000001,-0.01470448,-2.940896,12.057673600000001,2.41153472,fixed
48.50494540005457,24,0.8200000000000001,-0.01481489,-2.962978,12.148209800000002,2.42964196,fixed
48.51652600010857,24,0.8200000000000001,-0.01541125,-3.0822499999999997,12.637225,2.527445,fixed
48.52809540007729,24,0.8200000000000001,-0.01553988,-3.107976,12.742701600000002,2.54854032,fixed
48.5397911000764,24,0.8200000000000001,-0.01537159,-3.074318,12.604703800000001,2.5209407600000002,fixed
48.55160620005336,24,0.8200000000000001,-0.01508537,-3.017074,12.370003400000002,2.47400068,fixed
48.56350520008709,24,0.8200000000000001,-0.01472169,-2.944338,12.071785800000002,2.4143571600000002,fixed
48.57514390000142,24,0.8200000000000001,-0.01485916,-2.971832,12.184511200000001,2.43690224,fixed
48.586831900058314,24,0.8200000000000001,-0.01545666,-3.0913320000000004,12.674461200000001,2.5348922400000005,fixed
48.59864170011133,24,0.8200000000000001,-0.01551684,-3.103368,12.723808800000002,2.54476176,fixed
48.61057990009431,24,0.8200000000000001,-0.01527803,-3.055606,12.5279846,2.5055969200000003,fixed
48.622505900100805,24,0.8200000000000001,-0.01492236,-2.9844720000000002,12.236335200000003,2.4472670400000003,fixed
48.634272600058466,24,0.8200000000000001,-0.01464161,-2.928322,12.0061202,2.4012240400000002,fixed
48.64611070009414,24,0.8200000000000001,-0.01528298,-3.056596,12.532043600000002,2.50640872,fixed
48.65788560011424,24,0.8200000000000001,-0.01554022,-3.108044,12.7429804,2.5485960800000003,fixed
48.66967310011387,24,0.8200000000000001,-0.01538595,-3.0771900000000003,12.616479000000002,2.5232958000000005,fixed
48.68138830002863,24,0.8200000000000001,-0.01509649,-3.019298,12.379121800000002,2.4758243600000003,fixed
48.69327640009578,24,0.8200000000000001,-0.0147692,-2.95384,12.110744000000002,2.4221488,fixed
48.70508510002401,24,0.8200000000000001,-0.01479013,-2.958026,12.127906600000001,2.42558132,fixed
48.717023300006986,24,0.8200000000000001,-0.0154734,-3.09468,12.688188000000002,2.5376376,fixed
48.7290450000437,24,0.8200000000000001,-0.01547608,-3.0952159999999997,12.6903856,2.53807712,fixed
48.74086390004959,24,0.8200000000000001,-0.01519965,-3.03993,12.463713000000002,2.4927426,fixed
48.75266170001123,24,0.8200000000000001,-0.01487206,-2.974412,12.1950892,2.4390178400000004,fixed
48.76442870008759,24,0.8200000000000001,-0.01465055,-2.93011,12.013451000000002,2.4026902000000003,fixed
48.777169800014235,24,0.8200000000000001,-0.01543396,-3.086792,12.6558472,2.53116944,fixed
48.78903920005541,24,0.8200000000000001,-0.01547382,-3.094764,12.688532400000001,2.53770648,fixed
48.80081640009303,24,0.8200000000000001,-0.01521009,-3.042018,12.472273800000002,2.4944547600000004,fixed
48.81245490000583,24,0.8200000000000001,-0.01487812,-2.975624,12.200058400000001,2.44001168,fixed
48.82389610004611,24,0.8200000000000001,-0.01463459,-2.9269179999999997,12.0003638,2.40007276,fixed
48.83535000006668,24,0.8200000000000001,-0.01501604,-3.003208,12.313152800000001,2.46263056,fixed
48.84685310011264,24,0.8200000000000001,-0.01549487,-3.098974,12.705793400000001,2.54115868,fixed
48.85866210004315,24,0.8200000000000001,-0.01548276,-3.096552,12.695863200000002,2.5391726400000003,fixed
48.870130700059235,24,0.8200000000000001,-0.01528611,-3.0572220000000003,12.534610200000001,2.5069220400000005,fixed
48.88183240010403,24,0.8200000000000001,-0.01503241,-3.0064819999999997,12.3265762,2.46531524,fixed
48.89333470002748,24,0.8200000000000001,-0.01470985,-2.94197,12.062077,2.4124154,fixed
48.90480760007631,24,0.8200000000000001,-0.01479432,-2.9588639999999997,12.1313424,2.42626848,fixed
48.91626480000559,24,0.8200000000000001,-0.0153553,-3.07106,12.591346000000001,2.5182692,fixed
48.92783430009149,24,0.8200000000000001,-0.01554413,-3.1088259999999996,12.746186600000001,2.54923732,fixed
48.93964940006845,24,0.8200000000000001,-0.01540231,-3.080462,12.629894200000003,2.52597884,fixed
48.951650800067,24,0.8200000000000001,-0.01508195,-3.0163900000000003,12.367199000000001,2.4734398000000004,fixed
48.96406770008616,24,0.8200000000000001,-0.0146736,-2.93472,12.032352000000001,2.4064704000000003,fixed
48.975948800100014,24,0.8200000000000001,-0.01515388,-3.030776,12.426181600000001,2.4852363200000003,fixed
48.98791910009459,24,0.8200000000000001,-0.0155458,-3.10916,12.747556000000001,2.5495112000000004,fixed
48.999865300022066,24,0.8200000000000001,-0.01535595,-3.07119,12.591879,2.5183758000000003,fixed
49.01211080001667,24,0.8200000000000001,-0.01502669,-3.005338,12.321885800000002,2.46437716,fixed
49.02420050010551,24,0.8200000000000001,-0.01463174,-2.926348,11.998026800000002,2.3996053600000002,fixed
49.036167900078,24,0.8200000000000001,-0.0152486,-3.0497199999999998,12.503852,2.5007704,fixed
49.048147000023164,24,0.8200000000000001,-0.01554151,-3.1083019999999997,12.7440382,2.5488076399999997,fixed
49.060098500107415,24,0.8200000000000001,-0.01532769,-3.065538,12.568705800000002,2.5137411600000004,fixed
49.07224940008018,24,0.8200000000000001,-0.01497727,-2.995454,12.281361400000002,2.4562722800000003,fixed
49.0842351000756,24,0.8200000000000001,-0.0146129,-2.92258,11.982578,2.3965156000000003,fixed
49.0963189000031,24,0.8200000000000001,-0.01529169,-3.058338,12.539185800000002,2.5078371600000002,fixed
49.10860640008468,24,0.8200000000000001,-0.01552523,-3.1050459999999998,12.7306886,2.54613772,fixed
49.12058120011352,24,0.8200000000000001,-0.01525693,-3.051386,12.5106826,2.50213652,fixed
49.13272400002461,24,0.8200000000000001,-0.01490325,-2.98065,12.220665,2.444133,fixed
49.14473710011225,24,0.8200000000000001,-0.01469108,-2.938216,12.0466856,2.4093371200000004,fixed
49.15676160005387,24,0.8200000000000001,-0.01542556,-3.0851119999999996,12.6489592,2.5297918399999997,fixed
49.168667800026014,24,0.8200000000000001,-0.01550488,-3.100976,12.714001600000001,2.5428003200000004,fixed
49.180822400026955,24,0.8200000000000001,-0.0152426,-3.04852,12.498932,2.4997864,fixed
49.19288340001367,24,0.8200000000000001,-0.01485869,-2.971738,12.1841258,2.43682516,fixed
49.20500240009278,24,0.8200000000000001,-0.01471843,-2.943686,12.0691126,2.41382252,fixed
49.217140400083736,24,0.8200000000000001,-0.01546768,-3.093536,12.683497599999999,2.53669952,fixed
49.229217800078914,24,0.8200000000000001,-0.01545254,-3.0905080000000003,12.671082800000002,2.5342165600000004,fixed
49.24124230002053,24,0.8200000000000001,-0.01515556,-3.031112,12.427559200000001,2.48551184,fixed
49.25344760005828,24,0.8200000000000001,-0.01476977,-2.953954,12.1112114,2.4222422800000003,fixed
49.265403800061904,24,0.8200000000000001,-0.01493285,-2.9865699999999995,12.244937,2.4489873999999996,fixed
49.27744520001579,24,0.8200000000000001,-0.01551872,-3.103744,12.7253504,2.54507008,fixed
49.28944470011629,24,0.8200000000000001,-0.0154241,-3.0848199999999997,12.647762,2.5295524,fixed
49.30110720009543,24,0.8200000000000001,-0.01514183,-3.028366,12.416300600000001,2.48326012,fixed
49.31277990003582,24,0.8200000000000001,-0.0148402,-2.96804,12.168964,2.4337928,fixed
49.324588900082745,24,0.8200000000000001,-0.01467069,-2.934138,12.029965800000001,2.40599316,fixed
49.336336500011384,24,0.8200000000000001,-0.01532844,-3.065688,12.569320800000002,2.5138641600000002,fixed
49.34806080011185,24,0.8200000000000001,-0.01554199,-3.108398,12.744431800000001,2.5488863600000005,fixed
49.3597600000212,24,0.8200000000000001,-0.01536447,-3.0728940000000002,12.598865400000001,2.51977308,fixed
49.37136210000608,24,0.8200000000000001,-0.01510706,-3.021412,12.3877892,2.4775578400000002,fixed
49.38298900006339,24,0.8200000000000001,-0.01478589,-2.957178,12.124429800000001,2.42488596,fixed
49.39459350006655,24,0.8200000000000001,-0.01470645,-2.94129,12.059289000000001,2.4118578,fixed
49.406139700091444,24,0.8200000000000001,-0.01532151,-3.064302,12.563638200000002,2.51272764,fixed
49.41764680005144,24,0.8200000000000001,-0.0155354,-3.10708,12.739028000000001,2.5478056000000002,fixed
49.42922850011382,24,0.8200000000000001,-0.01543941,-3.087882,12.660316200000002,2.5320632400000003,fixed
49.44076390005648,24,0.8200000000000001,-0.01521086,-3.042172,12.4729052,2.49458104,fixed
49.45236710004974,24,0.8200000000000001,-0.0149222,-2.98444,12.236204,2.4472408000000003,fixed
49.463959900080226,24,0.8200000000000001,-0.01463131,-2.926262,11.9976742,2.3995348400000003,fixed
49.47553030005656,24,0.8200000000000001,-0.01508014,-3.016028,12.365714800000001,2.47314296,fixed
49.48708940006327,24,0.8200000000000001,-0.01551285,-3.10257,12.720537,2.5441074,fixed
49.498701000004075,24,0.8200000000000001,-0.01548667,-3.0973339999999996,12.6990694,2.5398138799999996,fixed
49.51047670003027,24,0.8200000000000001,-0.01528482,-3.056964,12.5335524,2.50671048,fixed
49.52223350002896,24,0.8200000000000001,-0.01497018,-2.994036,12.275547600000001,2.45510952,fixed
49.53404430008959,24,0.8200000000000001,-0.01463145,-2.9262900000000003,11.997789000000001,2.3995578000000006,fixed
49.54589880001731,24,0.8200000000000001,-0.01516904,-3.033808,12.4386128,2.4877225600000004,fixed
49.55777630000375,24,0.8200000000000001,-0.01554059,-3.108118,12.743283800000002,2.5486567600000005,fixed
49.56965180009138,24,0.8200000000000001,-0.01539956,-3.0799119999999998,12.6276392,2.52552784,fixed
49.58168790000491,24,0.8200000000000001,-0.01506269,-3.012538,12.351405800000002,2.4702811600000003,fixed
49.593578900094144,24,0.8200000000000001,-0.01469732,-2.939464,12.0518024,2.41036048,fixed
49.605336200096644,24,0.8200000000000001,-0.01486684,-2.973368,12.1908088,2.43816176,fixed
49.61701990000438,24,0.8200000000000001,-0.01548003,-3.096006,12.693624600000001,2.5387249200000004,fixed
49.62905140011571,24,0.8200000000000001,-0.01547,-3.094,12.685400000000001,2.53708,fixed
49.64099800004624,24,0.8200000000000001,-0.01518668,-3.037336,12.4530776,2.49061552,fixed
49.65294210007414,24,0.8200000000000001,-0.0148152,-2.9630400000000003,12.148464,2.4296928000000007,fixed
49.66497240005992,24,0.8200000000000001,-0.01471074,-2.942148,12.0628068,2.41256136,fixed
49.67696900002193,24,0.8200000000000001,-0.0154516,-3.0903199999999997,12.670312000000001,2.5340624,fixed
49.68887350009754,24,0.8200000000000001,-0.01547869,-3.095738,12.692525800000002,2.53850516,fixed
49.70081770000979,24,0.8200000000000001,-0.01521555,-3.04311,12.476751000000002,2.4953502000000003,fixed
49.712729900027625,24,0.8200000000000001,-0.01485647,-2.971294,12.1823054,2.43646108,fixed
49.724571100086905,24,0.8200000000000001,-0.01464865,-2.92973,12.011893,2.4023786000000005,fixed
49.73639700002968,24,0.8200000000000001,-0.01535002,-3.070004,12.587016400000001,2.5174032800000004,fixed
49.74848110007588,24,0.8200000000000001,-0.01551155,-3.10231,12.719471,2.5438942000000004,fixed
49.76068970002234,24,0.8200000000000001,-0.01524564,-3.049128,12.5014248,2.50028496,fixed
49.77280920010526,24,0.8200000000000001,-0.01486364,-2.9727279999999996,12.1881848,2.43763696,fixed
49.78466430003755,24,0.8200000000000001,-0.01468603,-2.9372059999999998,12.0425446,2.40850892,fixed
49.796895000035875,24,0.8200000000000001,-0.01544713,-3.089426,12.666646600000002,2.53332932,fixed
49.80858400010038,24,0.8200000000000001,-0.01548318,-3.0966359999999997,12.696207600000001,2.53924152,fixed
49.82021190004889,24,0.8200000000000001,-0.01528053,-3.056106,12.530034600000002,2.5060069200000004,fixed
49.831900900113396,24,0.8200000000000001,-0.01500337,-3.000674,12.302763400000002,2.46055268,fixed
49.843586300034076,24,0.8200000000000001,-0.01468522,-2.937044,12.041880400000002,2.4083760800000005,fixed
49.85523430001922,24,0.8200000000000001,-0.0148839,-2.97678,12.204798,2.4409596000000002,fixed
49.86673560005147,24,0.8200000000000001,-0.01547382,-3.094764,12.688532400000001,2.53770648,fixed
49.87835070001893,24,0.8200000000000001,-0.01551304,-3.102608,12.7206928,2.5441385600000004,fixed
49.889961400069296,24,0.8200000000000001,-0.01532798,-3.065596,12.5689436,2.5137887200000004,fixed
49.901451600017026,24,0.8200000000000001,-0.0150698,-3.01396,12.357236,2.4714472,fixed
49.91318760009017,24,0.8200000000000001,-0.01476299,-2.952598,12.1056518,2.4211303600000003,fixed
49.924803800066,24,0.8200000000000001,-0.01471848,-2.943696,12.069153600000002,2.4138307200000004,fixed
49.93631560006179,24,0.8200000000000001,-0.01535553,-3.071106,12.591534600000001,2.51830692,fixed
49.947776600020006,24,0.8200000000000001,-0.01553981,-3.1079619999999997,12.7426442,2.54852884,fixed
49.95943230006378,24,0.8200000000000001,-0.01541504,-3.083008,12.640332800000001,2.52806656,fixed
49.97117600007914,24,0.8200000000000001,-0.01514995,-3.02999,12.422959,2.4845918000000005,fixed
49.98282980010845,24,0.8200000000000001,-0.01481206,-2.962412,12.145889200000001,2.4291778400000004,fixed
49.99457410001196,24,0.8200000000000001,-0.01466069,-2.932138,12.0217658,2.4043531600000003,fixed
50.00623140006792,24,0.8200000000000001,-0.01532698,-3.0653960000000002,12.568123600000002,2.5136247200000006,fixed
50.0179766000947,24,0.8200000000000001,-0.01553276,-3.1065519999999998,12.7368632,2.54737264,fixed
50.02957770007197,24,0.8200000000000001,-0.01537681,-3.0753619999999997,12.608984200000002,2.52179684,fixed
50.041122700087726,24,0.8200000000000001,-0.01511225,-3.02245,12.392045000000001,2.478409,fixed
50.05262360011693,24,0.8200000000000001,-0.01483525,-2.96705,12.164905000000001,2.4329810000000003,fixed
50.064024900086224,24,0.8200000000000001,-0.01462306,-2.924612,11.990909200000003,2.3981818400000003,fixed
50.075665800017305,24,0.8200000000000001,-0.01506065,-3.01213,12.349733000000002,2.4699466,fixed
50.087116900016554,24,0.8200000000000001,-0.01552116,-3.104232,12.727351200000003,2.54547024,fixed
50.09877740009688,24,0.8200000000000001,-0.01547357,-3.094714,12.6883274,2.5376654800000003,fixed
50.11044590000529,24,0.8200000000000001,-0.01525795,-3.05159,12.511519,2.5023038000000004,fixed
50.12206230009906,24,0.8200000000000001,-0.01498285,-2.99657,12.285937000000002,2.4571874000000005,fixed
50.13372700009495,24,0.8200000000000001,-0.01465052,-2.930104,12.0134264,2.40268528,fixed
50.14566990011372,24,0.8200000000000001,-0.01498699,-2.997398,12.289331800000001,2.45786636,fixed
50.15759270009585,24,0.8200000000000001,-0.01553064,-3.106128,12.735124800000001,2.5470249600000003,fixed
50.16966150002554,24,0.8200000000000001,-0.01539834,-3.079668,12.6266388,2.52532776,fixed
50.18188560009003,24,0.8200000000000001,-0.01504206,-3.008412,12.3344892,2.46689784,fixed
50.19402290007565,24,0.8200000000000001,-0.01464132,-2.9282639999999995,12.0058824,2.4011764799999997,fixed
50.2084047999233,25,0.8300000000000001,-0.01532189,-3.064378,12.7171687,2.54343374,fixed
50.220362499938346,25,0.8300000000000001,-0.0150788,-3.0157599999999998,12.515404,2.5030808,fixed
50.232720399973914,25,0.8300000000000001,-0.0147275,-2.9455,12.223825000000001,2.4447650000000003,fixed
50.24476449994836,25,0.8300000000000001,-0.01449298,-2.8985960000000004,12.029173400000003,2.4058346800000003,fixed
50.25675409997348,25,0.8300000000000001,-0.0152287,-3.04574,12.639821000000001,2.5279642,fixed
50.26864579995163,25,0.8300000000000001,-0.01529442,-3.058884,12.6943686,2.5388737200000002,fixed
50.280829899944365,25,0.8300000000000001,-0.01506339,-3.012678,12.5026137,2.5005227400000005,fixed
50.29300899989903,25,0.8300000000000001,-0.0146511,-2.93022,12.160413000000002,2.4320826,fixed
50.30504179990385,25,0.8300000000000001,-0.01458586,-2.917172,12.1062638,2.4212527600000002,fixed
50.3170690999832,25,0.8300000000000001,-0.01526419,-3.0528380000000004,12.669277700000002,2.5338555400000007,fixed
50.32901259989012,25,0.8300000000000001,-0.01527535,-3.0550699999999997,12.678540500000002,2.5357081,fixed
50.341295299935155,25,0.8300000000000001,-0.01497942,-2.995884,12.4329186,2.4865837200000005,fixed
50.35330109996721,25,0.8300000000000001,-0.01455043,-2.910086,12.076856900000001,2.4153713800000003,fixed
50.36521819990594,25,0.8300000000000001,-0.01465034,-2.930068,12.1597822,2.43195644,fixed
50.37693579995539,25,0.8300000000000001,-0.01528427,-3.0568540000000004,12.685944100000002,2.5371888200000003,fixed
50.38862240000162,25,0.8300000000000001,-0.0152962,-3.05924,12.695846,2.5391692000000003,fixed
50.400413399911486,25,0.8300000000000001,-0.01507426,-3.0148520000000003,12.511635800000002,2.5023271600000005,fixed
50.41206129989587,25,0.8300000000000001,-0.01476875,-2.9537500000000003,12.258062500000001,2.4516125000000004,fixed
50.42368099989835,25,0.8300000000000001,-0.01444824,-2.889648,11.9920392,2.3984078400000004,fixed
50.43513089988846,25,0.8300000000000001,-0.01469062,-2.9381239999999997,12.193214600000001,2.43864292,fixed
50.446596699999645,25,0.8300000000000001,-0.01525318,-3.050636,12.6601394,2.5320278800000002,fixed
50.458101099939086,25,0.8300000000000001,-0.01532686,-3.065372,12.7212938,2.5442587600000004,fixed
50.46965539990924,25,0.8300000000000001,-0.01517549,-3.035098,12.595656700000001,2.5191313400000004,fixed
50.48108549998142,25,0.8300000000000001,-0.01491557,-2.9831139999999996,12.379923100000001,2.4759846199999997,fixed
50.49271899997257,25,0.8300000000000001,-0.01465395,-2.93079,12.162778500000002,2.4325557000000004,fixed
50.50439389992971,25,0.8300000000000001,-0.0144649,-2.89298,12.005867,2.4011734000000002,fixed
50.51584699994419,25,0.8300000000000001,-0.01503018,-3.0060360000000004,12.475049400000001,2.4950098800000005,fixed
50.52739389997441,25,0.8300000000000001,-0.01533408,-3.066816,12.7272864,2.5454572800000004,fixed
50.53897739993408,25,0.8300000000000001,-0.01526103,-3.052206,12.666654900000001,2.53333098,fixed
50.550627999939024,25,0.8300000000000001,-0.01502561,-3.005122,12.4712563,2.4942512600000004,fixed
50.562289199908264,25,0.8300000000000001,-0.01471454,-2.942908,12.213068200000002,2.4426136400000003,fixed
50.573989199940115,25,0.8300000000000001,-0.0144171,-2.88342,11.966193000000002,2.3932386,fixed
50.58567339996807,25,0.8300000000000001,-0.01487883,-2.9757659999999997,12.349428900000001,2.46988578,fixed
50.5973974999506,25,0.8300000000000001,-0.01532603,-3.065206,12.7206049,2.54412098,fixed
50.60933899995871,25,0.8300000000000001,-0.01525401,-3.050802,12.6608283,2.5321656600000004,fixed
50.62116699991748,25,0.8300000000000001,-0.01494399,-2.988798,12.403511700000001,2.48070234,fixed
50.63304179999977,25,0.8300000000000001,-0.01460603,-2.921206,12.123004900000002,2.4246009800000006,fixed
50.644940899917856,25,0.8300000000000001,-0.01454619,-2.909238,12.073337700000002,2.4146675400000004,fixed
50.65685649996158,25,0.8300000000000001,-0.01524169,-3.048338,12.6506027,2.5301205400000004,fixed
50.668846199987456,25,0.8300000000000001,-0.01528679,-3.057358,12.6880357,2.53760714,fixed
50.68082799995318,25,0.8300000000000001,-0.01503559,-3.0071179999999997,12.4795397,2.49590794,fixed
50.69260579999536,25,0.8300000000000001,-0.01470309,-2.9406179999999997,12.203564700000001,2.44071294,fixed
50.704417799948715,25,0.8300000000000001,-0.01445188,-2.8903760000000003,11.995060400000002,2.3990120800000003,fixed
50.71623419993557,25,0.8300000000000001,-0.0151035,-3.0207,12.535905000000001,2.5071810000000005,fixed
50.72810389997903,25,0.8300000000000001,-0.01533791,-3.067582,12.7304653,2.54609306,fixed
50.73997909994796,25,0.8300000000000001,-0.01515142,-3.030284,12.575678600000002,2.5151357200000004,fixed
50.75183369999286,25,0.8300000000000001,-0.0148385,-2.9677,12.315955,2.463191,fixed
50.76371929992456,25,0.8300000000000001,-0.01447787,-2.8955740000000003,12.0166321,2.4033264200000004,fixed
50.775646599940956,25,0.8300000000000001,-0.01482939,-2.965878,12.308393700000002,2.4616787400000004,fixed
50.78754009993281,25,0.8300000000000001,-0.01533472,-3.066944,12.7278176,2.54556352,fixed
50.799375299946405,25,0.8300000000000001,-0.01522663,-3.045326,12.638102900000002,2.5276205800000002,fixed
50.81123029999435,25,0.8300000000000001,-0.01493963,-2.9879260000000003,12.399892900000001,2.4799785800000005,fixed
50.82312399998773,25,0.8300000000000001,-0.01459502,-2.919004,12.113866600000001,2.42277332,fixed
50.83491179998964,25,0.8300000000000001,-0.01456632,-2.9132640000000003,12.090045600000002,2.4180091200000002,fixed
50.84663249994628,25,0.8300000000000001,-0.01524965,-3.0499300000000003,12.6572095,2.5314419000000004,fixed
50.85802279994823,25,0.8300000000000001,-0.01533036,-3.0660719999999997,12.724198800000002,2.54483976,fixed
50.86961709999014,25,0.8300000000000001,-0.01518032,-3.036064,12.599665600000002,2.51993312,fixed
50.881167999934405,25,0.8300000000000001,-0.01492207,-2.984414,12.385318100000003,2.4770636200000005,fixed
50.89264669991098,25,0.8300000000000001,-0.01463039,-2.926078,12.1432237,2.42864474,fixed
50.9042820999166,25,0.8300000000000001,-0.01442977,-2.885954,11.9767091,2.39534182,fixed
50.915647199959494,25,0.8300000000000001,-0.01494951,-2.989902,12.4080933,2.48161866,fixed
50.927243599900976,25,0.8300000000000001,-0.01532212,-3.064424,12.7173596,2.54347192,fixed
50.93891959998291,25,0.8300000000000001,-0.01526279,-3.0525580000000003,12.668115700000001,2.5336231400000004,fixed
50.950519099947996,25,0.8300000000000001,-0.01506095,-3.01219,12.500588500000001,2.5001177,fixed
50.96222599991597,25,0.8300000000000001,-0.01476391,-2.952782,12.2540453,2.45080906,fixed
50.973752299905755,25,0.8300000000000001,-0.01443999,-2.887998,11.985191700000001,2.3970383400000004,fixed
50.985512999934144,25,0.8300000000000001,-0.01475204,-2.950408,12.2441932,2.44883864,fixed
50.99725979997311,25,0.8300000000000001,-0.01530772,-3.061544,12.705407600000001,2.54108152,fixed
51.00891509989742,25,0.8300000000000001,-0.01527251,-3.054502,12.676183300000002,2.5352366600000003,fixed
51.020613899920136,25,0.8300000000000001,-0.0150392,-3.0078400000000003,12.482536000000003,2.4965072000000004,fixed
51.0320848999545,25,0.8300000000000001,-0.01474914,-2.949828,12.241786200000002,2.4483572400000004,fixed
51.04374609992374,25,0.8300000000000001,-0.01445609,-2.891218,11.9985547,2.3997109400000003,fixed
51.05541739996988,25,0.8300000000000001,-0.01474681,-2.949362,12.2398523,2.44797046,fixed
51.06709069991484,25,0.8300000000000001,-0.01529501,-3.059002,12.6948583,2.53897166,fixed
51.07869359990582,25,0.8300000000000001,-0.01528449,-3.056898,12.6861267,2.53722534,fixed
51.09045969997533,25,0.8300000000000001,-0.01507468,-3.014936,12.511984400000001,2.50239688,fixed
51.102105799946,25,0.8300000000000001,-0.01475758,-2.951516,12.2487914,2.44975828,fixed
51.11366139992606,25,0.8300000000000001,-0.01445852,-2.891704,12.0005716,2.40011432,fixed
51.12525209994055,25,0.8300000000000001,-0.0147061,-2.94122,12.206063000000002,2.4412126,fixed
51.13687539997045,25,0.8300000000000001,-0.0152814,-3.05628,12.683562000000002,2.5367124000000003,fixed
51.148446499952115,25,0.8300000000000001,-0.0153014,-3.0602799999999997,12.700162,2.5400324,fixed
51.16013359988574,25,0.8300000000000001,-0.01510375,-3.0207500000000005,12.536112500000002,2.5072225000000006,fixed
51.17173369997181,25,0.8300000000000001,-0.01482315,-2.96463,12.303214500000001,2.4606429000000003,fixed
51.183598799980246,25,0.8300000000000001,-0.01448477,-2.896954,12.022359100000001,2.4044718200000004,fixed
51.195329499896616,25,0.8300000000000001,-0.01471062,-2.942124,12.209814600000001,2.4419629200000004,fixed
51.206983399926685,25,0.8300000000000001,-0.01529041,-3.058082,12.691040300000001,2.5382080600000005,fixed
51.21877269994002,25,0.8300000000000001,-0.01528446,-3.056892,12.6861018,2.53722036,fixed
51.23067849990912,25,0.8300000000000001,-0.01505251,-3.010502,12.493583300000001,2.49871666,fixed
51.24245679995511,25,0.8300000000000001,-0.01470762,-2.941524,12.207324600000002,2.44146492,fixed
51.25422339991201,25,0.8300000000000001,-0.0144256,-2.88512,11.973248,2.3946496,fixed
51.26592679996975,25,0.8300000000000001,-0.01500039,-3.0000780000000002,12.450323700000002,2.49006474,fixed
51.27767649991438,25,0.8300000000000001,-0.01533279,-3.066558,12.726215700000001,2.54524314,fixed
51.28950149996672,25,0.8300000000000001,-0.01520848,-3.041696,12.623038400000002,2.5246076800000004,fixed
51.30116469995119,25,0.8300000000000001,-0.01492968,-2.985936,12.391634400000003,2.4783268800000005,fixed
51.31281519995537,25,0.8300000000000001,-0.01461229,-2.922458,12.1282007,2.42564014,fixed
51.32460639998317,25,0.8300000000000001,-0.01447005,-2.89401,12.010141500000001,2.4020283000000004,fixed
51.33622409997042,25,0.8300000000000001,-0.01512305,-3.02461,12.552131500000002,2.5104263,fixed
51.34794089989737,25,0.8300000000000001,-0.01533798,-3.067596,12.730523400000001,2.54610468,fixed
51.3596380999079,25,0.8300000000000001,-0.015172,-3.0344,12.592760000000002,2.5185520000000006,fixed
51.3712592999218,25,0.8300000000000001,-0.01491394,-2.982788,12.3785702,2.47571404,fixed
51.38295849994756,25,0.8300000000000001,-0.01459268,-2.918536,12.111924400000001,2.42238488,fixed
51.39472619991284,25,0.8300000000000001,-0.01449339,-2.898678,12.0295137,2.40590274,fixed
51.40641689999029,25,0.8300000000000001,-0.01517032,-3.034064,12.591365600000001,2.51827312,fixed
51.41822759993374,25,0.8300000000000001,-0.01532571,-3.065142,12.720339300000001,2.54406786,fixed
51.43000179994851,25,0.8300000000000001,-0.01514439,-3.028878,12.569843700000002,2.51396874,fixed
51.44159919989761,25,0.8300000000000001,-0.01485823,-2.9716460000000002,12.3323309,2.4664661800000003,fixed
51.453202099888586,25,0.8300000000000001,-0.01452604,-2.905208,12.056613200000001,2.4113226400000003,fixed
51.46475179994013,25,0.8300000000000001,-0.01452512,-2.905024,12.055849600000002,2.4111699200000003,fixed
51.47635579993948,25,0.8300000000000001,-0.01513579,-3.027158,12.5627057,2.51254114,fixed
51.48802229994908,25,0.8300000000000001,-0.01533401,-3.066802,12.7272283,2.5454456600000004,fixed
51.49956819997169,25,0.8300000000000001,-0.01517046,-3.0340920000000002,12.591481800000002,2.5182963600000003,fixed
51.51119909994304,25,0.8300000000000001,-0.01494016,-2.9880319999999996,12.400332800000001,2.48006656,fixed
51.52273769991007,25,0.8300000000000001,-0.01462782,-2.925564,12.141090600000002,2.4282181200000004,fixed
51.534243599977344,25,0.8300000000000001,-0.01443527,-2.887054,11.981274100000002,2.3962548200000002,fixed
51.545856899931096,25,0.8300000000000001,-0.0149288,-2.98576,12.390904,2.4781808,fixed
51.557570299948566,25,0.8300000000000001,-0.0153224,-3.06448,12.717592000000002,2.5435184000000004,fixed
51.56912209989969,25,0.8300000000000001,-0.01522335,-3.04467,12.635380500000002,2.5270761000000004,fixed
51.58082559995819,25,0.8300000000000001,-0.0149996,-2.9999200000000004,12.449668,2.4899336000000005,fixed
51.592483799904585,25,0.8300000000000001,-0.01469202,-2.938404,12.194376600000002,2.43887532,fixed
51.604016199940816,25,0.8300000000000001,-0.01441435,-2.8828699999999996,11.9639105,2.3927821,fixed
51.61546759994235,25,0.8300000000000001,-0.01484939,-2.969878,12.324993700000002,2.4649987400000004,fixed
51.62711519992445,25,0.8300000000000001,-0.01529611,-3.059222,12.6957713,2.53915426,fixed
51.638773099984974,25,0.8300000000000001,-0.01526785,-3.0535699999999997,12.672315500000002,2.5344631,fixed
51.65046189993154,25,0.8300000000000001,-0.01506635,-3.01327,12.5050705,2.5010141,fixed
51.661909699905664,25,0.8300000000000001,-0.01476673,-2.9533460000000002,12.256385900000001,2.4512771800000004,fixed
51.673349199933,25,0.8300000000000001,-0.01448722,-2.897444,12.0243926,2.4048785200000005,fixed
51.68497639999259,25,0.8300000000000001,-0.01456369,-2.912738,12.087862700000002,2.41757254,fixed
51.696448499918915,25,0.8300000000000001,-0.01519366,-3.038732,12.6107378,2.52214756,fixed
51.70800409989897,25,0.8300000000000001,-0.01532941,-3.0658819999999998,12.723410300000001,2.54468206,fixed
51.719419899978675,25,0.8300000000000001,-0.01518335,-3.03667,12.602180500000001,2.5204361000000004,fixed
51.73089019989129,25,0.8300000000000001,-0.01496389,-2.9927780000000004,12.420028700000001,2.4840057400000006,fixed
51.742530299932696,25,0.8300000000000001,-0.01467703,-2.935406,12.181934900000002,2.43638698,fixed
51.75423339998815,25,0.8300000000000001,-0.01442266,-2.884532,11.970807800000001,2.39416156,fixed
51.76597969990689,25,0.8300000000000001,-0.01500401,-3.0008019999999997,12.4533283,2.49066566,fixed
51.77780049992725,25,0.8300000000000001,-0.01533121,-3.066242,12.7249043,2.5449808600000003,fixed
51.78975149989128,25,0.8300000000000001,-0.01517678,-3.035356,12.596727400000002,2.51934548,fixed
51.80177899997216,25,0.8300000000000001,-0.01482423,-2.964846,12.304110900000001,2.46082218,fixed
51.813552999985404,25,0.8300000000000001,-0.01448431,-2.896862,12.021977300000001,2.4043954600000004,fixed
51.82534809992649,25,0.8300000000000001,-0.01469946,-2.9398919999999995,12.200551800000001,2.44011036,fixed
51.837145299999975,25,0.8300000000000001,-0.01527761,-3.0555220000000003,12.680416300000003,2.5360832600000003,fixed
51.84893449989613,25,0.8300000000000001,-0.01525394,-3.050788,12.660770200000002,2.53215404,fixed
51.860722499899566,25,0.8300000000000001,-0.01500597,-3.001194,12.454955100000001,2.49099102,fixed
51.872563699958846,25,0.8300000000000001,-0.01470157,-2.940314,12.2023031,2.44046062,fixed
51.884454599930905,25,0.8300000000000001,-0.0144342,-2.88684,11.980386000000001,2.3960772,fixed
51.89651559991762,25,0.8300000000000001,-0.01517523,-3.035046,12.595440900000002,2.5190881800000002,fixed
51.908302899915725,25,0.8300000000000001,-0.01532436,-3.0648720000000003,12.719218800000002,2.5438437600000006,fixed
51.919998699915595,25,0.8300000000000001,-0.01513547,-3.027094,12.5624401,2.51248802,fixed
51.931509899906814,25,0.8300000000000001,-0.01486089,-2.972178,12.334538700000001,2.4669077400000003,fixed
51.94318029994611,25,0.8300000000000001,-0.01456205,-2.91241,12.0865015,2.4173003,fixed
51.95467129989993,25,0.8300000000000001,-0.01451804,-2.9036079999999997,12.049973200000002,2.40999464,fixed
51.96628889988642,25,0.8300000000000001,-0.01510415,-3.02083,12.5364445,2.5072889000000003,fixed
51.97790389996953,25,0.8300000000000001,-0.01533483,-3.066966,12.727908900000001,2.54558178,fixed
51.9895005999133,25,0.8300000000000001,-0.01519538,-3.039076,12.6121654,2.5224330800000003,fixed
52.00096340000164,25,0.8300000000000001,-0.01494201,-2.988402,12.401868300000002,2.48037366,fixed
52.012652699952014,25,0.8300000000000001,-0.01468679,-2.937358,12.190035700000001,2.4380071400000003,fixed
52.024267999920994,25,0.8300000000000001,-0.01442837,-2.885674,11.975547100000002,2.3951094200000003,fixed
52.0357944999123,25,0.8300000000000001,-0.01497446,-2.994892,12.428801800000002,2.4857603600000004,fixed
52.04730459989514,25,0.8300000000000001,-0.01531651,-3.063302,12.712703300000001,2.5425406600000002,fixed
52.05894629994873,25,0.8300000000000001,-0.01525331,-3.050662,12.660247300000002,2.53204946,fixed
52.070554699981585,25,0.8300000000000001,-0.01504949,-3.009898,12.4910767,2.4982153400000002,fixed
52.08221289992798,25,0.8300000000000001,-0.01475495,-2.95099,12.2466085,2.4493217,fixed
52.09373849991243,25,0.8300000000000001,-0.01443647,-2.887294,11.982270100000001,2.39645402,fixed
52.10538859991357,25,0.8300000000000001,-0.01472387,-2.944774,12.2208121,2.44416242,fixed
52.11722709995229,25,0.8300000000000001,-0.01530328,-3.0606560000000003,12.701722400000003,2.5403444800000003,fixed
52.128825899912044,25,0.8300000000000001,-0.01526785,-3.0535699999999997,12.672315500000002,2.5344631,fixed
52.14036679989658,25,0.8300000000000001,-0.01506181,-3.012362,12.5013023,2.5002604600000002,fixed
52.15201339998748,25,0.8300000000000001,-0.01479444,-2.9588880000000004,12.279385200000002,2.4558770400000007,fixed
52.16382359992713,25,0.8300000000000001,-0.01444006,-2.888012,11.9852498,2.39704996,fixed
52.17555119993631,25,0.8300000000000001,-0.01478183,-2.956366,12.2689189,2.45378378,fixed
52.18728289997671,25,0.8300000000000001,-0.01529692,-3.059384,12.6964436,2.5392887200000005,fixed
52.19899489998352,25,0.8300000000000001,-0.01524777,-3.049554,12.655649100000002,2.5311298200000003,fixed
52.212748200050555,26,0.8200000000000001,-0.01486281,-2.9725620000000004,12.187504200000001,2.4375008400000007,fixed
52.224421100108884,26,0.8200000000000001,-0.01462944,-2.925888,11.996140800000001,2.3992281600000003,fixed
52.23611580010038,26,0.8200000000000001,-0.01521069,-3.0421380000000005,12.472765800000003,2.4945531600000006,fixed
52.247751300106756,26,0.8200000000000001,-0.01553204,-3.106408,12.736272800000002,2.5472545600000003,fixed
52.25956640008371,26,0.8200000000000001,-0.01540218,-3.0804359999999997,12.6297876,2.52595752,fixed
52.27127390005626,26,0.8200000000000001,-0.01511962,-3.023924,12.398088400000002,2.47961768,fixed
52.28310160001274,26,0.8200000000000001,-0.01478911,-2.9578219999999997,12.1270702,2.42541404,fixed
52.29474760009907,26,0.8200000000000001,-0.01470949,-2.941898,12.0617818,2.4123563600000004,fixed
52.306440100073814,26,0.8200000000000001,-0.01535342,-3.070684,12.589804400000002,2.51796088,fixed
52.31816750008147,26,0.8200000000000001,-0.01550783,-3.101566,12.716420600000001,2.54328412,fixed
52.32990270003211,26,0.8200000000000001,-0.0153421,-3.0684199999999997,12.580522,2.5161044,fixed
52.341678800061345,26,0.8200000000000001,-0.01505246,-3.010492,12.3430172,2.4686034400000003,fixed
52.35351600009017,26,0.8200000000000001,-0.01470372,-2.940744,12.057050400000001,2.41141008,fixed
52.36525930010248,26,0.8200000000000001,-0.01484845,-2.96969,12.175729,2.4351458,fixed
52.37710230005905,26,0.8200000000000001,-0.01545876,-3.091752,12.676183200000002,2.5352366400000004,fixed
52.3889886001125,26,0.8200000000000001,-0.01546795,-3.09359,12.683719000000002,2.5367438,fixed
52.40080690011382,26,0.8200000000000001,-0.01521444,-3.042888,12.4758408,2.4951681600000004,fixed
52.412416900042444,26,0.8200000000000001,-0.0148949,-2.9789800000000004,12.213818000000002,2.4427636000000006,fixed
52.42400440003257,26,0.8200000000000001,-0.01461783,-2.923566,11.9866206,2.3973241200000004,fixed
52.43551270000171,26,0.8200000000000001,-0.01501024,-3.002048,12.3083968,2.46167936,fixed
52.447010900010355,26,0.8200000000000001,-0.0154916,-3.09832,12.703112,2.5406224,fixed
52.458570200018585,26,0.8200000000000001,-0.01549399,-3.0987979999999995,12.7050718,2.5410143599999997,fixed
52.47002980008256,26,0.8200000000000001,-0.01530116,-3.060232,12.5469512,2.50939024,fixed
52.48143170005642,26,0.8200000000000001,-0.01504849,-3.0096979999999998,12.3397618,2.46795236,fixed
52.49289140000474,26,0.8200000000000001,-0.01478098,-2.9561960000000003,12.120403600000001,2.4240807200000005,fixed
52.50437050010078,26,0.8200000000000001,-0.01464893,-2.929786,12.012122600000001,2.4024245200000003,fixed
52.516078300075606,26,0.8200000000000001,-0.01518696,-3.0373919999999996,12.453307200000001,2.49066144,fixed
52.52778350003064,26,0.8200000000000001,-0.01552912,-3.105824,12.7338784,2.54677568,fixed
52.53946680005174,26,0.8200000000000001,-0.01539925,-3.07985,12.627385000000002,2.525477,fixed
52.550945800030604,26,0.8200000000000001,-0.01513702,-3.0274039999999998,12.4123564,2.48247128,fixed
52.56254820001777,26,0.8200000000000001,-0.01488148,-2.9762960000000005,12.2028136,2.4405627200000004,fixed
52.5743466001004,26,0.8200000000000001,-0.0146109,-2.92218,11.980938,2.3961876,fixed
52.58635150000919,26,0.8200000000000001,-0.01528363,-3.056726,12.5325766,2.50651532,fixed
52.598292500013486,26,0.8200000000000001,-0.01552284,-3.104568,12.7287288,2.54574576,fixed
52.61018590000458,26,0.8200000000000001,-0.01531911,-3.063822,12.561670200000002,2.5123340400000003,fixed
52.62201940000523,26,0.8200000000000001,-0.01500181,-3.000362,12.301484200000003,2.4602968400000003,fixed
52.6339302000124,26,0.8200000000000001,-0.01463746,-2.927492,12.002717200000001,2.4005434400000003,fixed
52.6456782000605,26,0.8200000000000001,-0.01498464,-2.996928,12.287404800000003,2.4574809600000003,fixed
52.65752110001631,26,0.8200000000000001,-0.0155038,-3.10076,12.713116,2.5426232000000004,fixed
52.669272000086494,26,0.8200000000000001,-0.01543653,-3.0873060000000003,12.657954600000002,2.5315909200000006,fixed
52.68106520001311,26,0.8200000000000001,-0.01518916,-3.037832,12.455111200000001,2.49102224,fixed
52.69308750005439,26,0.8200000000000001,-0.01479342,-2.958684,12.130604400000001,2.42612088,fixed
52.70475990010891,26,0.8200000000000001,-0.01468161,-2.9363219999999997,12.038920200000002,2.4077840399999997,fixed
52.7165687000379,26,0.8200000000000001,-0.01535803,-3.071606,12.593584600000002,2.51871692,fixed
52.72872640006244,26,0.8200000000000001,-0.01550197,-3.100394,12.711615400000001,2.54232308,fixed
52.7407878000522,26,0.8200000000000001,-0.01524215,-3.0484299999999998,12.498563,2.4997126,fixed
52.752805400057696,26,0.8200000000000001,-0.01488035,-2.97607,12.201887000000001,2.4403774,fixed
52.764940900029615,26,0.8200000000000001,-0.01466982,-2.933964,12.0292524,2.4058504800000002,fixed
52.77696360007394,26,0.8200000000000001,-0.01542307,-3.084614,12.646917400000001,2.5293834800000004,fixed
52.78904900001362,26,0.8200000000000001,-0.01547247,-3.094494,12.6874254,2.53748508,fixed
52.80134540004656,26,0.8200000000000001,-0.01517497,-3.034994,12.4434754,2.4886950800000003,fixed
52.81367900001351,26,0.8200000000000001,-0.01476221,-2.952442,12.1050122,2.42100244,fixed
52.82571920007467,26,0.8200000000000001,-0.01501931,-3.003862,12.315834200000001,2.46316684,fixed
52.83803199999966,26,0.8200000000000001,-0.0155269,-3.10538,12.732058,2.5464116,fixed
52.8501354000764,26,0.8200000000000001,-0.01534349,-3.068698,12.581661800000001,2.5163323600000003,fixed
52.862366900080815,26,0.8200000000000001,-0.01498628,-2.9972559999999997,12.288749600000001,2.45774992,fixed
52.87465070001781,26,0.8200000000000001,-0.01461626,-2.923252,11.985333200000001,2.3970666400000002,fixed
52.88656130002346,26,0.8200000000000001,-0.01538985,-3.07797,12.619677000000001,2.5239354,fixed
52.89806680008769,26,0.8200000000000001,-0.01552011,-3.104022,12.7264902,2.54529804,fixed
52.9095110000344,26,0.8200000000000001,-0.01537659,-3.075318,12.608803800000002,2.5217607600000003,fixed
52.92119470005855,26,0.8200000000000001,-0.01514888,-3.029776,12.4220816,2.4844163200000002,fixed
52.932949500042014,26,0.8200000000000001,-0.01482785,-2.96557,12.158837,2.4317674,fixed
52.9446137000341,26,0.8200000000000001,-0.01465281,-2.930562,12.015304200000003,2.40306084,fixed
52.95613750000484,26,0.8200000000000001,-0.01527354,-3.054708,12.524302800000001,2.5048605600000005,fixed
52.967610500054434,26,0.8200000000000001,-0.0155262,-3.1052400000000002,12.731484000000002,2.5462968000000004,fixed
52.979206500109285,26,0.8200000000000001,-0.01543432,-3.086864,12.6561424,2.5312284800000002,fixed
52.99095050001051,26,0.8200000000000001,-0.01519678,-3.039356,12.461359600000002,2.4922719200000003,fixed
53.002784200012684,26,0.8200000000000001,-0.01487126,-2.9742520000000003,12.194433200000002,2.4388866400000007,fixed
53.014617300010286,26,0.8200000000000001,-0.01464147,-2.928294,12.006005400000001,2.4012010800000003,fixed
53.02644120005425,26,0.8200000000000001,-0.01529092,-3.058184,12.5385544,2.50771088,fixed
53.03836890007369,26,0.8200000000000001,-0.01552151,-3.104302,12.727638200000001,2.5455276400000004,fixed
53.0501228000503,26,0.8200000000000001,-0.01532366,-3.064732,12.565401200000002,2.51308024,fixed
53.06185760011431,26,0.8200000000000001,-0.01504308,-3.008616,12.335325600000001,2.46706512,fixed
53.073763900087215,26,0.8200000000000001,-0.01468255,-2.93651,12.039691000000001,2.4079382000000003,fixed
53.085417200112715,26,0.8200000000000001,-0.01489719,-2.979438,12.2156958,2.4431391600000003,fixed
53.097056000027806,26,0.8200000000000001,-0.01546427,-3.092854,12.6807014,2.53614028,fixed
53.108730300096795,26,0.8200000000000001,-0.0154808,-3.09616,12.694256000000001,2.5388512,fixed
53.120318600093015,26,0.8200000000000001,-0.01527843,-3.055686,12.528312600000001,2.5056625200000004,fixed
53.131830600090325,26,0.8200000000000001,-0.01501483,-3.002966,12.3121606,2.46243212,fixed
53.143545700004324,26,0.8200000000000001,-0.01470198,-2.9403960000000002,12.0556236,2.4111247200000006,fixed
53.155165100004524,26,0.8200000000000001,-0.01479316,-2.958632,12.1303912,2.4260782400000003,fixed
53.1668710000813,26,0.8200000000000001,-0.0154276,-3.08552,12.650632,2.5301264,fixed
53.178482400020584,26,0.8200000000000001,-0.0154962,-3.09924,12.706884000000002,2.5413768,fixed
53.19013260002248,26,0.8200000000000001,-0.01531467,-3.0629340000000003,12.558029400000002,2.5116058800000003,fixed
53.20159850001801,26,0.8200000000000001,-0.01504532,-3.0090639999999995,12.3371624,2.46743248,fixed
53.2132565000793,26,0.8200000000000001,-0.01477396,-2.954792,12.1146472,2.42292944,fixed
53.22467890009284,26,0.8200000000000001,-0.01469768,-2.939536,12.0520976,2.41041952,fixed
53.236125600058585,26,0.8200000000000001,-0.01525853,-3.051706,12.5119946,2.50239892,fixed
53.24774970009457,26,0.8200000000000001,-0.01552697,-3.1053939999999995,12.732115400000001,2.54642308,fixed
53.25948580005206,26,0.8200000000000001,-0.01541607,-3.0832140000000003,12.641177400000002,2.5282354800000006,fixed
53.271463100099936,26,0.8200000000000001,-0.01512417,-3.024834,12.401819399999999,2.48036388,fixed
53.28344290005043,26,0.8200000000000001,-0.01474134,-2.948268,12.087898800000001,2.41757976,fixed
53.2953925000038,26,0.8200000000000001,-0.01481781,-2.9635620000000005,12.150604200000002,2.4301208400000007,fixed
53.30733840004541,26,0.8200000000000001,-0.0154929,-3.09858,12.704178000000002,2.5408356000000003,fixed
53.319260800024495,26,0.8200000000000001,-0.01545318,-3.090636,12.671607600000002,2.53432152,fixed
53.33104020007886,26,0.8200000000000001,-0.01516742,-3.033484,12.4372844,2.4874568800000003,fixed
53.3427961000707,26,0.8200000000000001,-0.01486794,-2.973588,12.1917108,2.43834216,fixed
53.35445880005136,26,0.8200000000000001,-0.01463308,-2.926616,11.999125600000001,2.3998251200000005,fixed
53.36625450011343,26,0.8200000000000001,-0.01522004,-3.0440080000000003,12.4804328,2.4960865600000006,fixed
53.3780667000683,26,0.8200000000000001,-0.01553308,-3.106616,12.7371256,2.54742512,fixed
53.3898817000445,26,0.8200000000000001,-0.01537482,-3.0749640000000005,12.607352400000002,2.5214704800000005,fixed
53.4014809000073,26,0.8200000000000001,-0.01507867,-3.015734,12.364509400000001,2.47290188,fixed
53.41322270000819,26,0.8200000000000001,-0.0147787,-2.95574,12.118534000000002,2.4237068,fixed
53.42497170006391,26,0.8200000000000001,-0.01471743,-2.943486,12.068292600000001,2.4136585200000003,fixed
53.43677650007885,26,0.8200000000000001,-0.01537768,-3.075536,12.6096976,2.52193952,fixed
53.44858770002611,26,0.8200000000000001,-0.01550732,-3.101464,12.7160024,2.5432004800000003,fixed
53.46025510004256,26,0.8200000000000001,-0.01529784,-3.059568,12.5442288,2.5088457600000003,fixed
53.471978300018236,26,0.8200000000000001,-0.01501749,-3.003498,12.314341800000001,2.4628683600000003,fixed
53.48383530008141,26,0.8200000000000001,-0.0146803,-2.9360600000000003,12.037846000000002,2.4075692000000006,fixed
53.4955313000828,26,0.8200000000000001,-0.01492615,-2.98523,12.239443000000001,2.4478886,fixed
53.507142500020564,26,0.8200000000000001,-0.01547109,-3.094218,12.686293800000001,2.5372587600000003,fixed
53.51873760006856,26,0.8200000000000001,-0.01548038,-3.096076,12.693911600000002,2.53878232,fixed
53.53040280006826,26,0.8200000000000001,-0.015279,-3.0558,12.52878,2.5057560000000003,fixed
53.54185130004771,26,0.8200000000000001,-0.01501169,-3.002338,12.3095858,2.46191716,fixed
53.553340100101195,26,0.8200000000000001,-0.01473217,-2.946434,12.0803794,2.41607588,fixed
53.56487470003776,26,0.8200000000000001,-0.01471144,-2.942288,12.063380800000001,2.41267616,fixed
53.57659360009711,26,0.8200000000000001,-0.01531471,-3.062942,12.5580622,2.5116124400000004,fixed
53.58836480008904,26,0.8200000000000001,-0.01551446,-3.102892,12.721857200000002,2.5443714400000004,fixed
53.60005010000896,26,0.8200000000000001,-0.01533926,-3.0678520000000002,12.578193200000001,2.5156386400000006,fixed
53.61167410004418,26,0.8200000000000001,-0.01505168,-3.0103359999999997,12.3423776,2.46847552,fixed
53.6232689000899,26,0.8200000000000001,-0.01475065,-2.95013,12.095533000000001,2.4191066,fixed
53.63487580011133,26,0.8200000000000001,-0.01470167,-2.940334,12.055369400000002,2.41107388,fixed
53.64650590007659,26,0.8200000000000001,-0.01529623,-3.059246,12.542908599999999,2.50858172,fixed
53.65810400003102,26,0.8200000000000001,-0.01551744,-3.103488,12.724300800000002,2.5448601600000003,fixed
53.66974450007547,26,0.8200000000000001,-0.01536886,-3.073772,12.602465200000001,2.5204930400000003,fixed
53.68137490004301,26,0.8200000000000001,-0.01510829,-3.021658,12.3887978,2.47775956,fixed
53.69307200005278,26,0.8200000000000001,-0.01480652,-2.961304,12.141346400000002,2.4282692800000003,fixed
53.704802100081,26,0.8200000000000001,-0.01464745,-2.92949,12.010909,2.4021818,fixed
53.71658950007986,26,0.8200000000000001,-0.01531898,-3.063796,12.561563600000001,2.51231272,fixed
53.72839540010318,26,0.8200000000000001,-0.01551802,-3.103604,12.724776400000001,2.54495528,fixed
53.74008260003757,26,0.8200000000000001,-0.01532613,-3.065226,12.567426600000001,2.51348532,fixed
53.751944400020875,26,0.8200000000000001,-0.01505722,-3.011444,12.3469204,2.46938408,fixed
53.76398390007671,26,0.8200000000000001,-0.01463703,-2.9274060000000004,12.0023646,2.4004729200000003,fixed
53.77589610009454,26,0.8200000000000001,-0.01500374,-3.000748,12.3030668,2.4606133600000004,fixed
53.787822500104085,26,0.8200000000000001,-0.01551649,-3.103298,12.723521800000002,2.5447043600000003,fixed
53.79959790001158,26,0.8200000000000001,-0.01540144,-3.0802880000000004,12.629180800000002,2.5258361600000003,fixed
53.81146160000935,26,0.8200000000000001,-0.01512814,-3.025628,12.405074800000001,2.4810149600000004,fixed
53.82317540002987,26,0.8200000000000001,-0.01478165,-2.9563300000000003,12.120953000000002,2.4241906000000006,fixed
53.83505040011369,26,0.8200000000000001,-0.01469274,-2.938548,12.0480468,2.40960936,fixed
53.84689960000105,26,0.8200000000000001,-0.01538969,-3.077938,12.6195458,2.52390916,fixed
53.858628000016324,26,0.8200000000000001,-0.01549537,-3.099074,12.706203400000001,2.54124068,fixed
53.870436200057156,26,0.8200000000000001,-0.01528281,-3.0565620000000004,12.531904200000001,2.5063808400000007,fixed
53.88231960008852,26,0.8200000000000001,-0.01496716,-2.993432,12.2730712,2.45461424,fixed
53.89411460002884,26,0.8200000000000001,-0.01461382,-2.922764,11.983332400000002,2.39666648,fixed
53.90584130003117,26,0.8200000000000001,-0.01504654,-3.009308,12.338162800000001,2.46763256,fixed
53.91743050003424,26,0.8200000000000001,-0.01549134,-3.098268,12.702898800000002,2.5405797600000004,fixed
53.928951600100845,26,0.8200000000000001,-0.01545799,-3.091598,12.675551800000001,2.53511036,fixed
53.940424800035544,26,0.8200000000000001,-0.0152632,-3.05264,12.515824,2.5031648,fixed
53.951926200068556,26,0.8200000000000001,-0.01500714,-3.0014279999999998,12.305854800000002,2.46117096,fixed
53.96341300010681,26,0.8200000000000001,-0.01471215,-2.94243,12.063963000000001,2.4127926,fixed
53.97505810006987,26,0.8200000000000001,-0.01470309,-2.9406179999999997,12.056533800000002,2.41130676,fixed
53.98681320005562,26,0.8200000000000001,-0.0153359,-3.0671799999999996,12.575438000000002,2.5150875999999998,fixed
53.99849180004094,26,0.8200000000000001,-0.01549861,-3.099722,12.7088602,2.54177204,fixed
54.01015200000256,26,0.8200000000000001,-0.0153143,-3.0628599999999997,12.557726,2.5115452,fixed
54.02202390006278,26,0.8200000000000001,-0.01499256,-2.9985120000000003,12.293899200000002,2.4587798400000005,fixed
54.03377200011164,26,0.8200000000000001,-0.01466953,-2.933906,12.0290146,2.40580292,fixed
54.04543580010068,26,0.8200000000000001,-0.01484554,-2.9691080000000003,12.173342800000002,2.4346685600000004,fixed
54.05718480003998,26,0.8200000000000001,-0.01545023,-3.090046,12.6691886,2.53383772,fixed
54.068985900026746,26,0.8200000000000001,-0.01547104,-3.094208,12.6862528,2.5372505600000004,fixed
54.080706100095995,26,0.8200000000000001,-0.01522134,-3.0442679999999998,12.4814988,2.49629976,fixed
54.09252400009427,26,0.8200000000000001,-0.01492004,-2.984008,12.234432800000002,2.4468865600000003,fixed
54.10420660011005,26,0.8200000000000001,-0.01459399,-2.918798,11.967071800000001,2.39341436,fixed
54.11603080003988,26,0.8200000000000001,-0.01507437,-3.014874,12.3609834,2.47219668,fixed
54.127778300084174,26,0.8200000000000001,-0.01550097,-3.1001939999999997,12.7107954,2.54215908,fixed
54.139496300020255,26,0.8200000000000001,-0.01539461,-3.078922,12.6235802,2.52471604,fixed
54.151267100009136,26,0.8200000000000001,-0.01513864,-3.027728,12.413684800000002,2.4827369600000004,fixed
54.16294170008041,26,0.8200000000000001,-0.01482647,-2.9652939999999997,12.157705400000001,2.4315410799999997,fixed
54.17466050002258,26,0.8200000000000001,-0.01462625,-2.92525,11.993525000000002,2.398705,fixed
54.186510600033216,26,0.8200000000000001,-0.01532552,-3.0651040000000003,12.566926400000002,2.5133852800000005,fixed
54.1979655000614,26,0.8200000000000001,-0.01549678,-3.0993559999999998,12.7073596,2.54147192,fixed
54.209619200089946,26,0.8200000000000001,-0.01538808,-3.077616,12.6182256,2.5236451200000003,fixed
54.22248270001728,27,0.81,-0.01505007,-3.010014,12.1905567,2.4381113400000003,fixed
54.23410909995437,27,0.81,-0.01477861,-2.9557219999999997,11.9706741,2.39413482,fixed
54.24560569995083,27,0.81,-0.01512507,-3.0250139999999996,12.2513067,2.45026134,fixed
54.257089599967,27,0.81,-0.01559844,-3.119688,12.634736400000001,2.5269472800000004,fixed
54.26853769994341,27,0.81,-0.01565937,-3.131874,12.6840897,2.53681794,fixed
54.280170399928465,27,0.81,-0.01549374,-3.098748,12.549929400000002,2.5099858800000003,fixed
54.29159899998922,27,0.81,-0.01524453,-3.0489059999999997,12.3480693,2.46961386,fixed
54.30327519995626,27,0.81,-0.01493999,-2.987998,12.101391900000001,2.42027838,fixed
54.314988199970685,27,0.81,-0.01483125,-2.96625,12.013312500000001,2.4026625000000004,fixed
54.32667169999331,27,0.81,-0.01550053,-3.100106,12.5554293,2.51108586,fixed
54.33828759996686,27,0.81,-0.015681,-3.1362,12.701610000000002,2.540322,fixed
54.349917299929075,27,0.81,-0.01552801,-3.105602,12.577688100000001,2.5155376200000004,fixed
54.36157279997133,27,0.81,-0.01526186,-3.052372,12.3621066,2.47242132,fixed
54.37332729995251,27,0.81,-0.01495284,-2.990568,12.111800400000002,2.4223600800000002,fixed
54.38514469994698,27,0.81,-0.01485526,-2.971052,12.032760600000001,2.40655212,fixed
54.39676269993652,27,0.81,-0.0155378,-3.10756,12.585618,2.5171236,fixed
54.408456999924965,27,0.81,-0.01567665,-3.13533,12.6980865,2.5396173,fixed
54.42013819993008,27,0.81,-0.01550261,-3.1005220000000002,12.557114100000001,2.5114228200000004,fixed
54.4318282000022,27,0.81,-0.01521579,-3.043158,12.3247899,2.4649579800000003,fixed
54.44335899990983,27,0.81,-0.01490724,-2.981448,12.074864400000001,2.41497288,fixed
54.45501739997417,27,0.81,-0.01483711,-2.967422,12.0180591,2.40361182,fixed
54.46665189997293,27,0.81,-0.0154823,-3.0964599999999995,12.540663,2.5081325999999997,fixed
54.47832949995063,27,0.81,-0.01567852,-3.135704,12.699601200000002,2.5399202400000003,fixed
54.489803300006315,27,0.81,-0.01552854,-3.105708,12.578117400000002,2.51562348,fixed
54.501459699939005,27,0.81,-0.01529847,-3.059694,12.3917607,2.47835214,fixed
54.513022399973124,27,0.81,-0.01498385,-2.99677,12.136918500000002,2.4273837000000005,fixed
54.52454349992331,27,0.81,-0.01478391,-2.956782,11.9749671,2.39499342,fixed
54.5358622999629,27,0.81,-0.01525593,-3.051186,12.3573033,2.47146066,fixed
54.5474164999323,27,0.81,-0.01565886,-3.1317720000000002,12.6836766,2.5367353200000005,fixed
54.55891569994856,27,0.81,-0.01564089,-3.128178,12.669120900000003,2.5338241800000003,fixed
54.57045619993005,27,0.81,-0.01544887,-3.089774,12.513584700000001,2.50271694,fixed
54.58195519994479,27,0.81,-0.01517491,-3.0349820000000003,12.291677100000001,2.4583354200000005,fixed
54.59365379996598,27,0.81,-0.01487985,-2.97597,12.0526785,2.4105357,fixed
54.60517799993977,27,0.81,-0.01490822,-2.981644,12.075658200000001,2.4151316400000002,fixed
54.616870799916796,27,0.81,-0.0155262,-3.1052400000000002,12.576222000000001,2.5152444000000003,fixed
54.62853589991573,27,0.81,-0.01567336,-3.134672,12.695421600000001,2.53908432,fixed
54.64022990001831,27,0.81,-0.01548108,-3.0962159999999996,12.5396748,2.50793496,fixed
54.65174469992053,27,0.81,-0.01522384,-3.0447680000000004,12.331310400000001,2.4662620800000004,fixed
54.663367399945855,27,0.81,-0.01490558,-2.981116,12.0735198,2.41470396,fixed
54.67504050000571,27,0.81,-0.01485537,-2.9710739999999998,12.0328497,2.40656994,fixed
54.68663549993653,27,0.81,-0.01548557,-3.0971140000000004,12.543311700000002,2.5086623400000003,fixed
54.69827009993605,27,0.81,-0.01568159,-3.1363179999999997,12.7020879,2.5404175799999997,fixed
54.70979889994487,27,0.81,-0.01554743,-3.1094859999999995,12.593418300000002,2.5186836599999998,fixed
54.721301699988544,27,0.81,-0.01530605,-3.06121,12.397900500000002,2.4795801,fixed
54.73303409991786,27,0.81,-0.01500204,-3.0004079999999997,12.151652400000001,2.43033048,fixed
54.74459839996416,27,0.81,-0.01476797,-2.953594,11.962055700000002,2.39241114,fixed
54.75639200001024,27,0.81,-0.0153283,-3.06566,12.415923000000001,2.4831846,fixed
54.76818279991858,27,0.81,-0.01568718,-3.1374359999999997,12.7066158,2.5413231599999997,fixed
54.7797578999307,27,0.81,-0.01553971,-3.107942,12.5871651,2.5174330200000004,fixed
54.79151080001611,27,0.81,-0.0153115,-3.0623,12.402315,2.4804630000000003,fixed
54.80331619991921,27,0.81,-0.01496411,-2.992822,12.1209291,2.42418582,fixed
54.81502239999827,27,0.81,-0.01483711,-2.967422,12.0180591,2.40361182,fixed
54.82680189993698,27,0.81,-0.01548586,-3.097172,12.543546600000003,2.5087093200000004,fixed
54.83874899998773,27,0.81,-0.01564974,-3.1299479999999997,12.6762894,2.53525788,fixed
54.85045129992068,27,0.81,-0.01547446,-3.094892,12.534312600000002,2.5068625200000003,fixed
54.86220510001294,27,0.81,-0.01517337,-3.034674,12.2904297,2.45808594,fixed
54.87406549998559,27,0.81,-0.01480076,-2.960152,11.988615600000001,2.39772312,fixed
54.88582789991051,27,0.81,-0.01507415,-3.01483,12.2100615,2.4420123,fixed
54.89734769996721,27,0.81,-0.01563141,-3.126282,12.6614421,2.53228842,fixed
54.908842099946924,27,0.81,-0.01564187,-3.128374,12.6699147,2.53398294,fixed
54.92079559992999,27,0.81,-0.01541559,-3.083118,12.4866279,2.49732558,fixed
54.932358199963346,27,0.81,-0.0151182,-3.02364,12.245742,2.4491484,fixed
54.94386120000854,27,0.81,-0.01481613,-2.963226,12.0010653,2.4002130600000005,fixed
54.955588300013915,27,0.81,-0.01497023,-2.994046,12.1258863,2.4251772600000003,fixed
54.96707609994337,27,0.81,-0.01557777,-3.115554,12.6179937,2.52359874,fixed
54.978606099961326,27,0.81,-0.01566111,-3.1322219999999996,12.685499100000001,2.53709982,fixed
54.99007449997589,27,0.81,-0.01550544,-3.101088,12.5594064,2.51188128,fixed
55.00156739994418,27,0.81,-0.0152657,-3.05314,12.365217000000001,2.4730434000000003,fixed
55.0132411000086,27,0.81,-0.01498708,-2.9974160000000003,12.1395348,2.4279069600000005,fixed
55.02506559994072,27,0.81,-0.0148051,-2.96102,11.992131,2.3984262000000003,fixed
55.036772300023586,27,0.81,-0.01549062,-3.098124,12.5474022,2.50948044,fixed
55.048462499980815,27,0.81,-0.01566504,-3.1330080000000002,12.688682400000001,2.5377364800000004,fixed
55.06030159990769,27,0.81,-0.01549935,-3.09987,12.554473500000002,2.5108947,fixed
55.07205519999843,27,0.81,-0.01520035,-3.04007,12.3122835,2.4624567,fixed
55.083778999978676,27,0.81,-0.01485422,-2.970844,12.0319182,2.40638364,fixed
55.095572100020945,27,0.81,-0.0149651,-2.99302,12.121731,2.4243462,fixed
55.107353599974886,27,0.81,-0.01560921,-3.121842,12.6434601,2.5286920200000003,fixed
55.119095999980345,27,0.81,-0.01562721,-3.125442,12.658040100000001,2.53160802,fixed
55.13080829998944,27,0.81,-0.01540589,-3.081178,12.478770900000002,2.49575418,fixed
55.142644300009124,27,0.81,-0.01509687,-3.019374,12.2284647,2.4456929400000003,fixed
55.15433970000595,27,0.81,-0.01477727,-2.955454,11.969588700000001,2.39391774,fixed
55.16621809999924,27,0.81,-0.01520731,-3.041462,12.3179211,2.4635842200000004,fixed
55.17808220000006,27,0.81,-0.01567443,-3.134886,12.6962883,2.53925766,fixed
55.190189699991606,27,0.81,-0.01554835,-3.1096700000000004,12.594163500000002,2.5188327000000004,fixed
55.20196119998582,27,0.81,-0.01522888,-3.045776,12.335392800000001,2.46707856,fixed
55.213755299919285,27,0.81,-0.01490684,-2.981368,12.0745404,2.41490808,fixed
55.22532590001356,27,0.81,-0.01493226,-2.986452,12.095130600000001,2.4190261200000003,fixed
55.236928900005296,27,0.81,-0.01551505,-3.1030100000000003,12.567190500000002,2.5134381000000006,fixed
55.24853629991412,27,0.81,-0.01567985,-3.1359699999999995,12.7006785,2.5401356999999996,fixed
55.26014069991652,27,0.81,-0.01552343,-3.104686,12.5739783,2.5147956600000003,fixed
55.271756700007245,27,0.81,-0.01526971,-3.053942,12.368465100000002,2.4736930200000002,fixed
55.28351959993597,27,0.81,-0.01494021,-2.988042,12.101570100000002,2.42031402,fixed
55.29501649993472,27,0.81,-0.01483234,-2.966468,12.0141954,2.40283908,fixed
55.30670810001902,27,0.81,-0.01543359,-3.0867180000000003,12.501207900000002,2.5002415800000004,fixed
55.31838599999901,27,0.81,-0.01567752,-3.135504,12.698791200000002,2.5397582400000003,fixed
55.330188299994916,27,0.81,-0.01553266,-3.106532,12.581454600000002,2.5162909200000003,fixed
55.342184599954635,27,0.81,-0.01517797,-3.035594,12.294155700000001,2.4588311400000005,fixed
55.35393089998979,27,0.81,-0.0148566,-2.9713199999999995,12.033846,2.4067692,fixed
55.36566749995109,27,0.81,-0.01502367,-3.004734,12.169172699999999,2.4338345400000003,fixed
55.37730059993919,27,0.81,-0.01561356,-3.122712,12.646983600000002,2.5293967200000003,fixed
55.3890839999076,27,0.81,-0.01565235,-3.13047,12.6784035,2.5356807,fixed
55.40089519997127,27,0.81,-0.01541614,-3.083228,12.487073400000002,2.4974146800000003,fixed
55.41256899992004,27,0.81,-0.0151095,-3.0218999999999996,12.238695000000002,2.447739,fixed
55.42445829999633,27,0.81,-0.01476325,-2.95265,11.958232500000001,2.3916465000000002,fixed
55.436252199928276,27,0.81,-0.01519752,-3.039504,12.309991200000002,2.4619982400000002,fixed
55.44786660000682,27,0.81,-0.01566979,-3.133958,12.6925299,2.53850598,fixed
55.45940469997004,27,0.81,-0.01559619,-3.119238,12.6329139,2.5265827800000005,fixed
55.47120279993396,27,0.81,-0.01537089,-3.074178,12.4504209,2.49008418,fixed
55.48299109993968,27,0.81,-0.01504342,-3.0086839999999997,12.185170200000002,2.43703404,fixed
55.49484209995717,27,0.81,-0.01476053,-2.9521059999999997,11.9560293,2.39120586,fixed
55.5066569999326,27,0.81,-0.01540206,-3.080412,12.475668600000002,2.49513372,fixed
55.51846429996658,27,0.81,-0.01567353,-3.1347060000000004,12.695559300000003,2.5391118600000007,fixed
55.53022509999573,27,0.81,-0.01551231,-3.102462,12.564971100000001,2.5129942200000004,fixed
55.541975699947216,27,0.81,-0.01523582,-3.047164,12.341014200000002,2.46820284,fixed
55.5535579000134,27,0.81,-0.01489899,-2.979798,12.0681819,2.4136363800000002,fixed
55.56501819996629,27,0.81,-0.01482664,-2.9653280000000004,12.009578400000002,2.4019156800000006,fixed
55.576604199944995,27,0.81,-0.01538387,-3.076774,12.460934700000001,2.4921869400000003,fixed
55.58813539997209,27,0.81,-0.01567209,-3.1344179999999997,12.6943929,2.53887858,fixed
55.59970409993548,27,0.81,-0.01556833,-3.113666,12.6103473,2.52206946,fixed
55.611211900017224,27,0.81,-0.01534003,-3.0680059999999996,12.4254243,2.4850848599999997,fixed
55.62289919995237,27,0.81,-0.01505585,-3.0111700000000003,12.195238500000002,2.4390477000000006,fixed
55.63434899994172,27,0.81,-0.01475548,-2.951096,11.9519388,2.3903877600000003,fixed
55.645953099941835,27,0.81,-0.01510149,-3.020298,12.232206900000001,2.44644138,fixed
55.657674800022505,27,0.81,-0.0156215,-3.1243,12.653415,2.5306830000000002,fixed
55.66952350002248,27,0.81,-0.01560686,-3.121372,12.641556600000001,2.5283113200000003,fixed
55.681339300004765,27,0.81,-0.01535617,-3.071234,12.438497700000003,2.4876995400000004,fixed
55.693197699962184,27,0.81,-0.01502485,-3.0049699999999997,12.1701285,2.4340257,fixed
55.705419400008395,27,0.81,-0.01479996,-2.9599919999999997,11.9879676,2.39759352,fixed
55.717487299931236,27,0.81,-0.01557557,-3.115114,12.616211700000001,2.5232423400000004,fixed
55.72923559998162,27,0.81,-0.01563589,-3.127178,12.6650709,2.53301418,fixed
55.74095779994968,27,0.81,-0.01537916,-3.0758319999999997,12.4571196,2.49142392,fixed
55.75257719994988,27,0.81,-0.01511101,-3.0222019999999996,12.2399181,2.44798362,fixed
55.76427359995432,27,0.81,-0.01475746,-2.951492,11.9535426,2.39070852,fixed
55.77571369998623,27,0.81,-0.01505455,-3.01091,12.194185500000001,2.4388371,fixed
55.787248999928124,27,0.81,-0.01557364,-3.114728,12.614648400000002,2.5229296800000003,fixed
55.79891949996818,27,0.81,-0.01564992,-3.1299840000000003,12.676435200000002,2.5352870400000005,fixed
55.81047949998174,27,0.81,-0.01546206,-3.092412,12.524268600000001,2.5048537200000003,fixed
55.82199650001712,27,0.81,-0.01520487,-3.040974,12.315944700000001,2.46318894,fixed
55.83345469995402,27,0.81,-0.01490929,-2.981858,12.0765249,2.41530498,fixed
55.84504949999973,27,0.81,-0.01480043,-2.960086,11.9883483,2.39766966,fixed
55.85679679992609,27,0.81,-0.01543184,-3.0863680000000002,12.499790400000002,2.4999580800000003,fixed
55.868464099941775,27,0.81,-0.01567478,-3.134956,12.696571800000001,2.53931436,fixed
55.88024219998624,27,0.81,-0.0155048,-3.1009599999999997,12.558888000000001,2.5117776,fixed
55.89200659992639,27,0.81,-0.01523078,-3.046156,12.3369318,2.46738636,fixed
55.90358369995374,27,0.81,-0.01491079,-2.982158,12.077739900000001,2.4155479800000004,fixed
55.915824799914844,27,0.81,-0.01485397,-2.9707939999999997,12.031715700000001,2.4063431399999997,fixed
55.927796999923885,27,0.81,-0.01563774,-3.127548,12.6665694,2.53331388,fixed
55.93968599999789,27,0.81,-0.01558511,-3.1170219999999995,12.6239391,2.52478782,fixed
55.951567800017074,27,0.81,-0.01531727,-3.0634539999999997,12.4069887,2.48139774,fixed
55.96341989992652,27,0.81,-0.01496121,-2.992242,12.1185801,2.42371602,fixed
55.97522699995898,27,0.81,-0.01482436,-2.964872,12.0077316,2.4015463200000005,fixed
55.987116399919614,27,0.81,-0.01548896,-3.0977919999999997,12.546057600000001,2.50921152,fixed
55.99899499991443,27,0.81,-0.01564616,-3.129232,12.6733896,2.53467792,fixed
56.01089819998015,27,0.81,-0.01542583,-3.085166,12.4949223,2.4989844600000004,fixed
56.02294069994241,27,0.81,-0.01505478,-3.010956,12.1943718,2.4388743600000002,fixed
56.03463439992629,27,0.81,-0.01475349,-2.950698,11.9503269,2.3900653800000002,fixed
56.04641619999893,27,0.81,-0.0152783,-3.05566,12.375423,2.4750846,fixed
56.05821879999712,27,0.81,-0.01567039,-3.1340779999999997,12.6930159,2.53860318,fixed
56.07014879991766,27,0.81,-0.01554738,-3.109476,12.593377799999999,2.51867556,fixed
56.08224869996775,27,0.81,-0.01524802,-3.0496039999999995,12.350896200000001,2.4701792399999998,fixed
56.09415249992162,27,0.81,-0.01482327,-2.964654,12.0068487,2.4013697400000003,fixed
56.10600949998479,27,0.81,-0.01506288,-3.012576,12.200932800000002,2.4401865600000003,fixed
56.1177884999197,27,0.81,-0.01564317,-3.1286340000000004,12.670967700000002,2.5341935400000004,fixed
56.129664100008085,27,0.81,-0.01559606,-3.119212,12.632808600000002,2.52656172,fixed
56.14153759996407,27,0.81,-0.01530851,-3.061702,12.399893100000002,2.4799786200000002,fixed
56.15332279994618,27,0.81,-0.01499013,-2.9980260000000003,12.142005300000001,2.4284010600000006,fixed
56.16531159996521,27,0.81,-0.01478905,-2.95781,11.9791305,2.3958261,fixed
56.177417999948375,27,0.81,-0.01551632,-3.1032640000000002,12.568219200000001,2.5136438400000003,fixed
56.18931849999353,27,0.81,-0.01562316,-3.124632,12.6547596,2.53095192,fixed
56.201084599946626,27,0.81,-0.01538858,-3.077716,12.464749800000002,2.4929499600000002,fixed
56.21303210000042,27,0.81,-0.01506624,-3.013248,12.203654400000001,2.4407308800000003,fixed
56.226799199939705,28,0.8200000000000001,-0.01524559,-3.049118,12.501383800000001,2.50027676,fixed
56.238648999948055,28,0.8200000000000001,-0.01548678,-3.097356,12.699159600000002,2.53983192,fixed
56.250428700004704,28,0.8200000000000001,-0.01531275,-3.06255,12.556455000000001,2.511291,fixed
56.2622027999023,28,0.8200000000000001,-0.01501749,-3.003498,12.314341800000001,2.4628683600000003,fixed
56.27398179995362,28,0.8200000000000001,-0.01468762,-2.9375240000000002,12.043848400000002,2.4087696800000002,fixed
56.28563659999054,28,0.8200000000000001,-0.01474173,-2.948346,12.088218600000001,2.41764372,fixed
56.29726879997179,28,0.8200000000000001,-0.01537587,-3.0751739999999996,12.6082134,2.52164268,fixed
56.30892819992732,28,0.8200000000000001,-0.01546998,-3.0939959999999997,12.685383600000002,2.53707672,fixed
56.320676299976185,28,0.8200000000000001,-0.01528652,-3.057304,12.5349464,2.50698928,fixed
56.33249379997142,28,0.8200000000000001,-0.01498085,-2.99617,12.284297,2.4568594000000004,fixed
56.34425339999143,28,0.8200000000000001,-0.01463911,-2.927822,12.004070200000001,2.40081404,fixed
56.3560734000057,28,0.8200000000000001,-0.01489441,-2.978882,12.213416200000001,2.44268324,fixed
56.36775819992181,28,0.8200000000000001,-0.01546404,-3.0928080000000002,12.680512800000002,2.5361025600000002,fixed
56.379527999903075,28,0.8200000000000001,-0.01542944,-3.085888,12.652140800000002,2.5304281600000005,fixed
56.39133069990203,28,0.8200000000000001,-0.01519968,-3.039936,12.463737600000002,2.49274752,fixed
56.40315599995665,28,0.8200000000000001,-0.01484939,-2.969878,12.1764998,2.43529996,fixed
56.415290399920195,28,0.8200000000000001,-0.0145716,-2.91432,11.948712000000002,2.3897424000000003,fixed
56.42718779994175,28,0.8200000000000001,-0.01534125,-3.06825,12.579825000000001,2.515965,fixed
56.43892979994416,28,0.8200000000000001,-0.01546606,-3.0932120000000003,12.6821692,2.5364338400000004,fixed
56.450416999985464,28,0.8200000000000001,-0.01530105,-3.06021,12.546861000000002,2.5093722,fixed
56.46188719989732,28,0.8200000000000001,-0.01505158,-3.010316,12.3422956,2.4684591200000003,fixed
56.473379499977455,28,0.8200000000000001,-0.01477978,-2.9559559999999996,12.1194196,2.4238839199999997,fixed
56.48481709999032,28,0.8200000000000001,-0.01459736,-2.919472,11.9698352,2.39396704,fixed
56.49631119996775,28,0.8200000000000001,-0.01509898,-3.019796,12.3811636,2.47623272,fixed
56.507889100001194,28,0.8200000000000001,-0.01547516,-3.0950320000000002,12.6896312,2.5379262400000004,fixed
56.51928149990272,28,0.8200000000000001,-0.01542951,-3.085902,12.6521982,2.53043964,fixed
56.53060399997048,28,0.8200000000000001,-0.01526263,-3.052526,12.5153566,2.50307132,fixed
56.54202069994062,28,0.8200000000000001,-0.0150228,-3.00456,12.318696000000001,2.4637392000000005,fixed
56.55356349993963,28,0.8200000000000001,-0.01476543,-2.953086,12.107652600000002,2.42153052,fixed
56.56525509990752,28,0.8200000000000001,-0.01462585,-2.92517,11.993197,2.3986394000000004,fixed
56.57674029993359,28,0.8200000000000001,-0.01525937,-3.0518739999999998,12.5126834,2.50253668,fixed
56.58817859995179,28,0.8200000000000001,-0.01549133,-3.0982659999999997,12.7028906,2.54057812,fixed
56.59984809998423,28,0.8200000000000001,-0.01540341,-3.080682,12.6307962,2.52615924,fixed
56.61137229995802,28,0.8200000000000001,-0.015165,-3.033,12.4353,2.48706,fixed
56.623079199925996,28,0.8200000000000001,-0.01488358,-2.976716,12.204535600000002,2.4409071200000003,fixed
56.63471989997197,28,0.8200000000000001,-0.01458387,-2.916774,11.9587734,2.3917546800000005,fixed
56.646288299933076,28,0.8200000000000001,-0.01501319,-3.002638,12.3108158,2.4621631600000002,fixed
56.65793099999428,28,0.8200000000000001,-0.01546427,-3.092854,12.6807014,2.53614028,fixed
56.669476999901235,28,0.8200000000000001,-0.01543947,-3.087894,12.660365400000002,2.53207308,fixed
56.68093619996216,28,0.8200000000000001,-0.01521779,-3.043558,12.478587800000001,2.49571756,fixed
56.69264039990958,28,0.8200000000000001,-0.01496478,-2.9929560000000004,12.271119600000002,2.4542239200000004,fixed
56.70416099997237,28,0.8200000000000001,-0.01463964,-2.927928,12.004504800000001,2.4009009600000004,fixed
56.71576519997325,28,0.8200000000000001,-0.01475491,-2.9509819999999998,12.099026199999999,2.41980524,fixed
56.72725969995372,28,0.8200000000000001,-0.01537484,-3.074968,12.607368800000001,2.52147376,fixed
56.7387207999127,28,0.8200000000000001,-0.01546987,-3.0939740000000002,12.6852934,2.5370586800000003,fixed
56.75022089993581,28,0.8200000000000001,-0.01534099,-3.0681979999999998,12.579611800000002,2.51592236,fixed
56.76167969999369,28,0.8200000000000001,-0.01510997,-3.0219940000000003,12.390175400000002,2.4780350800000006,fixed
56.7734185999725,28,0.8200000000000001,-0.01482513,-2.9650260000000004,12.156606600000002,2.4313213200000003,fixed
56.78521409991663,28,0.8200000000000001,-0.01460745,-2.92149,11.978109,2.3956218000000002,fixed
56.79689429991413,28,0.8200000000000001,-0.01524406,-3.0488120000000003,12.500129200000002,2.5000258400000006,fixed
56.80867999990005,28,0.8200000000000001,-0.01548516,-3.0970319999999996,12.697831200000001,2.5395662399999996,fixed
56.82030949997716,28,0.8200000000000001,-0.01530326,-3.060652,12.548673200000003,2.5097346400000005,fixed
56.83172079990618,28,0.8200000000000001,-0.01509966,-3.019932,12.381721200000001,2.47634424,fixed
56.84319119993597,28,0.8200000000000001,-0.01482455,-2.96491,12.156131,2.4312262000000002,fixed
56.85471459990367,28,0.8200000000000001,-0.01458176,-2.916352,11.9570432,2.39140864,fixed
56.866126899956726,28,0.8200000000000001,-0.01497228,-2.994456,12.2772696,2.45545392,fixed
56.8775839000009,28,0.8200000000000001,-0.01543347,-3.086694,12.6554454,2.53108908,fixed
56.88898029993288,28,0.8200000000000001,-0.0154636,-3.09272,12.680152,2.5360304,fixed
56.90034439996816,28,0.8200000000000001,-0.01530443,-3.060886,12.5496326,2.50992652,fixed
56.911868599941954,28,0.8200000000000001,-0.01508996,-3.017992,12.3737672,2.47475344,fixed
56.92340420000255,28,0.8200000000000001,-0.01477157,-2.9543139999999997,12.1126874,2.42253748,fixed
56.93483859999105,28,0.8200000000000001,-0.01458342,-2.916684,11.958404400000001,2.39168088,fixed
56.94622659997549,28,0.8200000000000001,-0.01501822,-3.0036440000000004,12.314940400000001,2.4629880800000006,fixed
56.95765279990155,28,0.8200000000000001,-0.0154398,-3.08796,12.660636000000002,2.5321272,fixed
56.969105599913746,28,0.8200000000000001,-0.01546097,-3.092194,12.6779954,2.5355990800000003,fixed
56.98054719995707,28,0.8200000000000001,-0.01528163,-3.056326,12.5309366,2.50618732,fixed
56.992020200006664,28,0.8200000000000001,-0.01505661,-3.011322,12.3464202,2.4692840400000002,fixed
57.00359199999366,28,0.8200000000000001,-0.01477384,-2.954768,12.114548800000001,2.42290976,fixed
57.01528789999429,28,0.8200000000000001,-0.01460857,-2.921714,11.9790274,2.3958054800000004,fixed
57.026859499979764,28,0.8200000000000001,-0.01523361,-3.046722,12.491560200000002,2.49831204,fixed
57.03857049997896,28,0.8200000000000001,-0.01548789,-3.097578,12.700069800000001,2.54001396,fixed
57.050138099933974,28,0.8200000000000001,-0.01537455,-3.07491,12.607131000000003,2.5214262,fixed
57.061795599991456,28,0.8200000000000001,-0.01511244,-3.022488,12.392200800000001,2.4784401600000003,fixed
57.07358199998271,28,0.8200000000000001,-0.01481101,-2.962202,12.1450282,2.42900564,fixed
57.08520539989695,28,0.8200000000000001,-0.01460066,-2.9201319999999997,11.9725412,2.39450824,fixed
57.0971674999455,28,0.8200000000000001,-0.01528093,-3.056186,12.5303626,2.50607252,fixed
57.10896859993227,28,0.8200000000000001,-0.01548464,-3.0969279999999997,12.697404800000001,2.53948096,fixed
57.12082859990187,28,0.8200000000000001,-0.01528787,-3.057574,12.536053400000002,2.50721068,fixed
57.13258669991046,28,0.8200000000000001,-0.0149751,-2.99502,12.279582000000001,2.4559164,fixed
57.14436969999224,28,0.8200000000000001,-0.01462872,-2.925744,11.9955504,2.3991100800000003,fixed
57.15621899999678,28,0.8200000000000001,-0.01485316,-2.970632,12.1795912,2.4359182400000003,fixed
57.16815019992646,28,0.8200000000000001,-0.01547062,-3.094124,12.6859084,2.53718168,fixed
57.18016029999126,28,0.8200000000000001,-0.01540548,-3.0810959999999996,12.6324936,2.5264987199999998,fixed
57.191976899979636,28,0.8200000000000001,-0.01511363,-3.0227259999999996,12.3931766,2.47863532,fixed
57.20377919997554,28,0.8200000000000001,-0.01476459,-2.952918,12.1069638,2.4213927600000003,fixed
57.21555629989598,28,0.8200000000000001,-0.0146583,-2.93166,12.019806,2.4039612,fixed
57.227418199996464,28,0.8200000000000001,-0.01534945,-3.06989,12.586549000000002,2.5173098,fixed
57.23927309992723,28,0.8200000000000001,-0.01546481,-3.092962,12.6811442,2.53622884,fixed
57.25111789989751,28,0.8200000000000001,-0.01525349,-3.0506979999999997,12.5078618,2.50157236,fixed
57.26266309991479,28,0.8200000000000001,-0.01495931,-2.9918620000000002,12.2666342,2.4533268400000003,fixed
57.27424900000915,28,0.8200000000000001,-0.0146608,-2.93216,12.021856000000001,2.4043712000000004,fixed
57.28570269991178,28,0.8200000000000001,-0.01473877,-2.947754,12.0857914,2.41715828,fixed
57.29714939999394,28,0.8200000000000001,-0.01534135,-3.06827,12.579907000000002,2.5159814000000003,fixed
57.308531799935736,28,0.8200000000000001,-0.01549883,-3.099766,12.7090406,2.5418081200000002,fixed
57.31995709997136,28,0.8200000000000001,-0.01538892,-3.0777840000000003,12.618914400000001,2.5237828800000006,fixed
57.331522599910386,28,0.8200000000000001,-0.01517696,-3.035392,12.4451072,2.48902144,fixed
57.34317599993665,28,0.8200000000000001,-0.01488757,-2.9775139999999998,12.2078074,2.44156148,fixed
57.35483809991274,28,0.8200000000000001,-0.01459691,-2.9193819999999997,11.969466200000001,2.39389324,fixed
57.3665142999962,28,0.8200000000000001,-0.01501842,-3.003684,12.315104400000001,2.46302088,fixed
57.37819419999141,28,0.8200000000000001,-0.01548118,-3.096236,12.694567600000001,2.5389135200000004,fixed
57.38969839992933,28,0.8200000000000001,-0.01542963,-3.0859259999999997,12.652296600000001,2.53045932,fixed
57.40121739997994,28,0.8200000000000001,-0.01521184,-3.042368,12.473708800000002,2.49474176,fixed
57.4127364999149,28,0.8200000000000001,-0.01496046,-2.992092,12.267577200000002,2.4535154400000003,fixed
57.42434729996603,28,0.8200000000000001,-0.01465355,-2.93071,12.015911000000001,2.4031822000000003,fixed
57.43643899995368,28,0.8200000000000001,-0.01487032,-2.974064,12.193662400000001,2.43873248,fixed
57.44830029993318,28,0.8200000000000001,-0.01549451,-3.098902,12.7054982,2.54109964,fixed
57.459911399986595,28,0.8200000000000001,-0.01540641,-3.0812820000000003,12.633256200000002,2.5266512400000005,fixed
57.471297699958086,28,0.8200000000000001,-0.01519842,-3.0396840000000003,12.462704400000002,2.4925408800000004,fixed
57.48278979992028,28,0.8200000000000001,-0.01493105,-2.98621,12.243461,2.4486922,fixed
57.494374500005506,28,0.8200000000000001,-0.01465317,-2.930634,12.015599400000001,2.40311988,fixed
57.505867499974556,28,0.8200000000000001,-0.01477837,-2.955674,12.1182634,2.4236526800000004,fixed
57.51755529991351,28,0.8200000000000001,-0.01537735,-3.07547,12.609427000000002,2.5218854000000004,fixed
57.529027799959294,28,0.8200000000000001,-0.01547801,-3.0956020000000004,12.6919682,2.5383936400000007,fixed
57.540453499997966,28,0.8200000000000001,-0.01532827,-3.065654,12.5691814,2.51383628,fixed
57.551856599980965,28,0.8200000000000001,-0.01510357,-3.020714,12.3849274,2.47698548,fixed
57.56342759996187,28,0.8200000000000001,-0.01483026,-2.966052,12.1608132,2.43216264,fixed
57.574827599921264,28,0.8200000000000001,-0.01459242,-2.9184840000000003,11.9657844,2.3931568800000003,fixed
57.58654569997452,28,0.8200000000000001,-0.01498222,-2.996444,12.2854204,2.45708408,fixed
57.59822909999639,28,0.8200000000000001,-0.01547432,-3.0948640000000003,12.6889424,2.5377884800000006,fixed
57.60970619996078,28,0.8200000000000001,-0.0154266,-3.0853200000000003,12.649812,2.5299624000000005,fixed
57.62135189992841,28,0.8200000000000001,-0.015229,-3.0458,12.48778,2.497556,fixed
57.63288609997835,28,0.8200000000000001,-0.01492702,-2.985404,12.2401564,2.44803128,fixed
57.64454169990495,28,0.8200000000000001,-0.01463109,-2.9262179999999995,11.997493799999999,2.3994987599999997,fixed
57.65621129993815,28,0.8200000000000001,-0.01485712,-2.971424,12.182838400000001,2.43656768,fixed
57.66787199990358,28,0.8200000000000001,-0.0154362,-3.0872400000000004,12.657684000000001,2.5315368000000005,fixed
57.67937639995944,28,0.8200000000000001,-0.01546295,-3.09259,12.679619,2.5359238,fixed
57.691022599930875,28,0.8200000000000001,-0.01527942,-3.055884,12.5291244,2.50582488,fixed
57.70281749998685,28,0.8200000000000001,-0.01496167,-2.992334,12.2685694,2.45371388,fixed
57.714536499930546,28,0.8200000000000001,-0.01465142,-2.930284,12.0141644,2.40283288,fixed
57.726382199907675,28,0.8200000000000001,-0.01488643,-2.9772860000000003,12.206872600000002,2.4413745200000005,fixed
57.73821879993193,28,0.8200000000000001,-0.01547986,-3.095972,12.6934852,2.53869704,fixed
57.74999719997868,28,0.8200000000000001,-0.0154165,-3.0833,12.641530000000001,2.528306,fixed
57.761641799937934,28,0.8200000000000001,-0.01518138,-3.036276,12.4487316,2.48974632,fixed
57.773454499896616,28,0.8200000000000001,-0.01487474,-2.974948,12.1972868,2.43945736,fixed
57.78499329998158,28,0.8200000000000001,-0.01458829,-2.9176580000000003,11.962397800000002,2.3924795600000004,fixed
57.79642409994267,28,0.8200000000000001,-0.01501448,-3.0028960000000002,12.3118736,2.4623747200000006,fixed
57.80785330000799,28,0.8200000000000001,-0.01545335,-3.09067,12.671747,2.5343494,fixed
57.819450599956326,28,0.8200000000000001,-0.01546595,-3.09319,12.682079,2.5364158,fixed
57.830876099993475,28,0.8200000000000001,-0.01527565,-3.05513,12.526033,2.5052066,fixed
57.84258860000409,28,0.8200000000000001,-0.01503129,-3.006258,12.3256578,2.46513156,fixed
57.85420840000734,28,0.8200000000000001,-0.01471558,-2.9431160000000003,12.066775600000001,2.4133551200000003,fixed
57.865950000006706,28,0.8200000000000001,-0.01475938,-2.951876,12.102691600000002,2.4205383200000004,fixed
57.877573799923994,28,0.8200000000000001,-0.01537543,-3.075086,12.607852600000003,2.5215705200000005,fixed
57.889415799989365,28,0.8200000000000001,-0.0154847,-3.09694,12.697454000000002,2.5394908000000003,fixed
57.9011390999658,28,0.8200000000000001,-0.01528785,-3.05757,12.536037000000002,2.5072074000000004,fixed
57.91299199999776,28,0.8200000000000001,-0.01495018,-2.990036,12.2591476,2.45182952,fixed
57.92455090000294,28,0.8200000000000001,-0.01462371,-2.9247419999999997,11.9914422,2.39828844,fixed
57.93617419991642,28,0.8200000000000001,-0.01484538,-2.9690760000000003,12.1732116,2.4346423200000005,fixed
57.94747719995212,28,0.8200000000000001,-0.01538822,-3.077644,12.618340400000001,2.52366808,fixed
57.95898539992049,28,0.8200000000000001,-0.01548208,-3.096416,12.695305600000001,2.5390611200000004,fixed
57.97039519995451,28,0.8200000000000001,-0.01534263,-3.068526,12.5809566,2.51619132,fixed
57.981799499946646,28,0.8200000000000001,-0.01512138,-3.024276,12.399531600000001,2.47990632,fixed
57.99322869989555,28,0.8200000000000001,-0.01486886,-2.973772,12.192465200000001,2.43849304,fixed
58.00488949997816,28,0.8200000000000001,-0.01459759,-2.919518,11.970023800000002,2.39400476,fixed
58.01662609993946,28,0.8200000000000001,-0.01496785,-2.99357,12.273637,2.4547274000000003,fixed
58.02831069997046,28,0.8200000000000001,-0.01547567,-3.0951340000000003,12.690049400000001,2.5380098800000006,fixed
58.03991029993631,28,0.8200000000000001,-0.0154255,-3.0850999999999997,12.64891,2.529782,fixed
58.0515868999064,28,0.8200000000000001,-0.01520523,-3.041046,12.468288600000001,2.4936577200000003,fixed
58.06327749998309,28,0.8200000000000001,-0.01489965,-2.9799300000000004,12.217713000000002,2.4435426000000007,fixed
58.074760899995454,28,0.8200000000000001,-0.014589,-2.9178,11.96298,2.392596,fixed
58.08638799993787,28,0.8200000000000001,-0.0148788,-2.97576,12.200616,2.4401232000000004,fixed
58.098077999893576,28,0.8200000000000001,-0.0154446,-3.08892,12.664572000000001,2.5329144,fixed
58.109958199900575,28,0.8200000000000001,-0.01544113,-3.088226,12.661726600000001,2.53234532,fixed
58.121863699983805,28,0.8200000000000001,-0.01517205,-3.03441,12.441081,2.4882162,fixed
58.13394229998812,28,0.8200000000000001,-0.01482971,-2.9659419999999996,12.1603622,2.43207244,fixed
58.145816699950956,28,0.8200000000000001,-0.01467092,-2.934184,12.0301544,2.4060308800000003,fixed
58.15764140000101,28,0.8200000000000001,-0.01535758,-3.071516,12.5932156,2.51864312,fixed
58.169501599972136,28,0.8200000000000001,-0.01547794,-3.0955880000000002,12.6919108,2.5383821600000003,fixed
58.18129149999004,28,0.8200000000000001,-0.01525327,-3.0506539999999998,12.5076814,2.50153628,fixed
58.19313259993214,28,0.8200000000000001,-0.01494143,-2.988286,12.2519726,2.45039452,fixed
58.20485139999073,28,0.8200000000000001,-0.01460601,-2.921202,11.9769282,2.39538564,fixed
58.21663639997132,28,0.8200000000000001,-0.01497196,-2.994392,12.2770072,2.45540144,fixed
58.23023609991651,29,0.8300000000000001,-0.01517833,-3.035666,12.598013900000002,2.51960278,fixed
58.24172569997609,29,0.8300000000000001,-0.0149715,-2.9943,12.426345000000001,2.485269,fixed
58.25316279998515,29,0.8300000000000001,-0.01468656,-2.937312,12.1898448,2.43796896,fixed
58.26463170000352,29,0.8300000000000001,-0.01441922,-2.883844,11.967952600000002,2.39359052,fixed
58.27606059995014,29,0.8300000000000001,-0.01461475,-2.9229499999999997,12.130242500000001,2.4260485,fixed
58.28763959999196,29,0.8300000000000001,-0.01517811,-3.035622,12.597831300000001,2.5195662600000004,fixed
58.29904589999933,29,0.8300000000000001,-0.01528785,-3.05757,12.688915500000002,2.5377831000000004,fixed
58.31046119995881,29,0.8300000000000001,-0.01515393,-3.030786,12.577761900000002,2.5155523800000004,fixed
58.32184469990898,29,0.8300000000000001,-0.01493413,-2.9868259999999998,12.395327900000002,2.47906558,fixed
58.33336719998624,29,0.8300000000000001,-0.01468407,-2.936814,12.187778100000001,2.4375556200000004,fixed
58.34493239992298,29,0.8300000000000001,-0.01438777,-2.877554,11.9418491,2.3883698200000003,fixed
58.35649479995482,29,0.8300000000000001,-0.0147615,-2.9523,12.252045,2.4504090000000005,fixed
58.36799629998859,29,0.8300000000000001,-0.01524459,-3.048918,12.653009700000002,2.5306019400000004,fixed
58.37978759990074,29,0.8300000000000001,-0.01526488,-3.052976,12.669850400000001,2.5339700800000005,fixed
58.39175179996528,29,0.8300000000000001,-0.01500942,-3.001884,12.457818600000001,2.4915637200000003,fixed
58.403854799922556,29,0.8300000000000001,-0.01461719,-2.923438,12.132267700000002,2.4264535400000002,fixed
58.41594159998931,29,0.8300000000000001,-0.01447542,-2.8950839999999998,12.014598600000001,2.40291972,fixed
58.427926199976355,29,0.8300000000000001,-0.01520782,-3.041564,12.6224906,2.5244981200000005,fixed
58.44006219995208,29,0.8300000000000001,-0.01523786,-3.047572,12.647423800000002,2.5294847600000003,fixed
58.451918500009924,29,0.8300000000000001,-0.01494191,-2.988382,12.4017853,2.4803570600000002,fixed
58.463562099961564,29,0.8300000000000001,-0.01465268,-2.930536,12.1617244,2.43234488,fixed
58.47514339990448,29,0.8300000000000001,-0.01439738,-2.879476,11.949825400000002,2.38996508,fixed
58.486707799951546,29,0.8300000000000001,-0.01489935,-2.97987,12.3664605,2.4732921,fixed
58.49808779999148,29,0.8300000000000001,-0.0152717,-3.05434,12.675511,2.5351022,fixed
58.50952199997846,29,0.8300000000000001,-0.01526523,-3.0530459999999997,12.6701409,2.53402818,fixed
58.520926899975166,29,0.8300000000000001,-0.01509084,-3.018168,12.5253972,2.5050794400000003,fixed
58.532392799970694,29,0.8300000000000001,-0.01485067,-2.970134,12.3260561,2.46521122,fixed
58.54399409994949,29,0.8300000000000001,-0.01457405,-2.91481,12.0964615,2.4192923000000004,fixed
58.55552199995145,29,0.8300000000000001,-0.01443011,-2.8860219999999996,11.9769913,2.39539826,fixed
58.56693470000755,29,0.8300000000000001,-0.0149989,-2.9997800000000003,12.449087,2.4898174000000006,fixed
58.57837839995045,29,0.8300000000000001,-0.0152953,-3.0590599999999997,12.695099,2.5390198,fixed
58.59007219993509,29,0.8300000000000001,-0.01523719,-3.047438,12.6468677,2.5293735400000004,fixed
58.60158189991489,29,0.8300000000000001,-0.01500028,-3.000056,12.4502324,2.49004648,fixed
58.61312499991618,29,0.8300000000000001,-0.01472669,-2.9453380000000005,12.223152700000002,2.444630540000001,fixed
58.62464019993786,29,0.8300000000000001,-0.01444135,-2.88827,11.986320500000001,2.3972641,fixed
58.636020299978554,29,0.8300000000000001,-0.0145919,-2.91838,12.111277,2.4222554,fixed
58.647894499939866,29,0.8300000000000001,-0.0151927,-3.0385400000000002,12.609941000000001,2.5219882000000005,fixed
58.659315199940465,29,0.8300000000000001,-0.01527573,-3.0551459999999997,12.6788559,2.53577118,fixed
58.67097109998576,29,0.8300000000000001,-0.01511763,-3.023526,12.547632900000002,2.50952658,fixed
58.68248580000363,29,0.8300000000000001,-0.01486218,-2.9724359999999996,12.335609400000001,2.46712188,fixed
58.693928099935874,29,0.8300000000000001,-0.01457015,-2.91403,12.093224500000002,2.4186449000000003,fixed
58.70553159993142,29,0.8300000000000001,-0.01440458,-2.880916,11.9558014,2.3911602800000002,fixed
58.71706199995242,29,0.8300000000000001,-0.01498916,-2.997832,12.441002800000001,2.48820056,fixed
58.72845219995361,29,0.8300000000000001,-0.01530163,-3.060326,12.700352900000002,2.54007058,fixed
58.73985149990767,29,0.8300000000000001,-0.01523395,-3.04679,12.6441785,2.5288357,fixed
58.751353599946015,29,0.8300000000000001,-0.01505594,-3.0111879999999998,12.496430200000002,2.49928604,fixed
58.76276979991235,29,0.8300000000000001,-0.01478205,-2.95641,12.269101500000001,2.4538203000000003,fixed
58.77434659993742,29,0.8300000000000001,-0.01451823,-2.903646,12.050130900000001,2.4100261800000005,fixed
58.78577099996619,29,0.8300000000000001,-0.01449227,-2.898454,12.028584100000002,2.4057168200000003,fixed
58.79733219998889,29,0.8300000000000001,-0.01507948,-3.0158959999999997,12.5159684,2.50319368,fixed
58.808862300007604,29,0.8300000000000001,-0.01530443,-3.060886,12.702676900000002,2.54053538,fixed
58.820607899921015,29,0.8300000000000001,-0.01518916,-3.037832,12.607002800000002,2.52140056,fixed
58.8320438999217,29,0.8300000000000001,-0.01493096,-2.986192,12.392696800000001,2.47853936,fixed
58.843520499998704,29,0.8300000000000001,-0.01464917,-2.929834,12.1588111,2.4317622200000004,fixed
58.85508059989661,29,0.8300000000000001,-0.01439831,-2.8796619999999997,11.9505973,2.39011946,fixed
58.866739799967036,29,0.8300000000000001,-0.01480129,-2.960258,12.2850707,2.45701414,fixed
58.878321199910715,29,0.8300000000000001,-0.01527111,-3.0542219999999998,12.675021300000001,2.53500426,fixed
58.88993579999078,29,0.8300000000000001,-0.0152532,-3.05064,12.660156,2.5320312,fixed
58.90132849989459,29,0.8300000000000001,-0.01503239,-3.006478,12.4768837,2.49537674,fixed
58.91283129993826,29,0.8300000000000001,-0.01479605,-2.9592099999999997,12.2807215,2.4561443,fixed
58.9243382998975,29,0.8300000000000001,-0.01449879,-2.899758,12.033995700000002,2.40679914,fixed
58.93585879995953,29,0.8300000000000001,-0.01447425,-2.89485,12.0136275,2.4027255000000003,fixed
58.947408499894664,29,0.8300000000000001,-0.01509834,-3.0196680000000002,12.531622200000001,2.50632444,fixed
58.95892070000991,29,0.8300000000000001,-0.01530167,-3.060334,12.700386100000001,2.54007722,fixed
58.97054289991502,29,0.8300000000000001,-0.01517674,-3.035348,12.596694200000002,2.51933884,fixed
58.9821558999829,29,0.8300000000000001,-0.01492481,-2.9849620000000003,12.387592300000001,2.4775184600000006,fixed
58.993880999973044,29,0.8300000000000001,-0.01463283,-2.9265660000000002,12.1452489,2.4290497800000006,fixed
59.00545229995623,29,0.8300000000000001,-0.01440317,-2.8806339999999997,11.954631100000002,2.39092622,fixed
59.01701630000025,29,0.8300000000000001,-0.01494841,-2.989682,12.4071803,2.4814360600000005,fixed
59.02849159995094,29,0.8300000000000001,-0.01529342,-3.0586840000000004,12.693538600000002,2.5387077200000006,fixed
59.03994479996618,29,0.8300000000000001,-0.0152223,-3.04446,12.634509,2.5269018,fixed
59.051400500000454,29,0.8300000000000001,-0.01503749,-3.007498,12.481116700000001,2.4962233400000002,fixed
59.063078099978156,29,0.8300000000000001,-0.01476931,-2.953862,12.258527300000003,2.4517054600000003,fixed
59.074496799963526,29,0.8300000000000001,-0.01446132,-2.892264,12.0028956,2.40057912,fixed
59.08618819992989,29,0.8300000000000001,-0.01454289,-2.908578,12.070598700000001,2.4141197400000003,fixed
59.09784379997291,29,0.8300000000000001,-0.01517235,-3.03447,12.5930505,2.5186101,fixed
59.10927319992334,29,0.8300000000000001,-0.01528551,-3.057102,12.686973300000002,2.5373946600000004,fixed
59.12091929989401,29,0.8300000000000001,-0.01514137,-3.028274,12.567337100000001,2.5134674200000005,fixed
59.132608699961565,29,0.8300000000000001,-0.01486858,-2.973716,12.3409214,2.4681842800000005,fixed
59.14431919995695,29,0.8300000000000001,-0.01454411,-2.908822,12.071611300000002,2.41432226,fixed
59.156044699950144,29,0.8300000000000001,-0.01447349,-2.894698,12.012996700000002,2.40259934,fixed
59.167718099895865,29,0.8300000000000001,-0.01514534,-3.029068,12.5706322,2.51412644,fixed
59.17922869999893,29,0.8300000000000001,-0.01528256,-3.056512,12.684524800000002,2.53690496,fixed
59.19092219998129,29,0.8300000000000001,-0.01514735,-3.0294700000000003,12.5723005,2.5144601000000004,fixed
59.20269359997474,29,0.8300000000000001,-0.01485625,-2.97125,12.330687500000002,2.4661375000000003,fixed
59.21464359993115,29,0.8300000000000001,-0.01448664,-2.897328,12.0239112,2.4047822400000003,fixed
59.22668550000526,29,0.8300000000000001,-0.01468443,-2.9368860000000003,12.1880769,2.4376153800000004,fixed
59.23868469998706,29,0.8300000000000001,-0.01527423,-3.054846,12.677610900000001,2.53552218,fixed
59.25089709996246,29,0.8300000000000001,-0.0151702,-3.03404,12.591266000000001,2.5182532,fixed
59.263132599997334,29,0.8300000000000001,-0.01481246,-2.962492,12.2943418,2.4588683600000003,fixed
59.275078199920245,29,0.8300000000000001,-0.01441152,-2.8823040000000004,11.961561600000001,2.3923123200000007,fixed
59.2873377999058,29,0.8300000000000001,-0.01494254,-2.9885080000000004,12.402308200000002,2.4804616400000006,fixed
59.29935739992652,29,0.8300000000000001,-0.01529309,-3.058618,12.693264700000002,2.5386529400000004,fixed
59.31197119993158,29,0.8300000000000001,-0.01506234,-3.012468,12.5017422,2.5003484400000002,fixed
59.32415619993117,29,0.8300000000000001,-0.01460293,-2.920586,12.120431900000002,2.4240863800000003,fixed
59.336307899910025,29,0.8300000000000001,-0.01450839,-2.901678,12.0419637,2.40839274,fixed
59.34829080000054,29,0.8300000000000001,-0.01523591,-3.0471820000000003,12.645805300000001,2.5291610600000003,fixed
59.360749599989504,29,0.8300000000000001,-0.01521026,-3.042052,12.624515800000001,2.52490316,fixed
59.372813699999824,29,0.8300000000000001,-0.01484183,-2.968366,12.3187189,2.46374378,fixed
59.384772199904546,29,0.8300000000000001,-0.01446507,-2.893014,12.006008100000003,2.40120162,fixed
59.39674329990521,29,0.8300000000000001,-0.01470883,-2.9417660000000003,12.208328900000003,2.4416657800000006,fixed
59.408779999939725,29,0.8300000000000001,-0.01528336,-3.056672,12.6851888,2.53703776,fixed
59.421119099948555,29,0.8300000000000001,-0.01515457,-3.030914,12.5782931,2.5156586200000004,fixed
59.43317529989872,29,0.8300000000000001,-0.01479083,-2.958166,12.2763889,2.4552777800000003,fixed
59.44516569992993,29,0.8300000000000001,-0.0144029,-2.8805799999999997,11.954407,2.3908814,fixed
59.456998899928294,29,0.8300000000000001,-0.01491888,-2.983776,12.382670400000002,2.4765340800000004,fixed
59.46858349989634,29,0.8300000000000001,-0.01528069,-3.056138,12.6829727,2.53659454,fixed
59.48018169996794,29,0.8300000000000001,-0.01521813,-3.043626,12.6310479,2.52620958,fixed
59.491761899902485,29,0.8300000000000001,-0.0149982,-2.99964,12.448506000000002,2.4897012000000003,fixed
59.5033038998954,29,0.8300000000000001,-0.01470483,-2.9409660000000004,12.205008900000001,2.4410017800000006,fixed
59.51468899997417,29,0.8300000000000001,-0.01442756,-2.8855120000000003,11.974874800000002,2.3949749600000003,fixed
59.52628819993697,29,0.8300000000000001,-0.01456983,-2.9139660000000003,12.092958900000001,2.4185917800000003,fixed
59.53786319994833,29,0.8300000000000001,-0.01517103,-3.034206,12.591954900000001,2.5183909800000004,fixed
59.54960069991648,29,0.8300000000000001,-0.01528244,-3.056488,12.6844252,2.53688504,fixed
59.5612162000034,29,0.8300000000000001,-0.01508967,-3.017934,12.524426100000001,2.5048852200000002,fixed
59.5728166999761,29,0.8300000000000001,-0.01482142,-2.964284,12.3017786,2.4603557200000004,fixed
59.58427849994041,29,0.8300000000000001,-0.01451658,-2.903316,12.0487614,2.40975228,fixed
59.59591469995212,29,0.8300000000000001,-0.01444629,-2.8892580000000003,11.990420700000003,2.3980841400000004,fixed
59.60749500000384,29,0.8300000000000001,-0.01506179,-3.012358,12.501285700000002,2.50025714,fixed
59.61920249997638,29,0.8300000000000001,-0.01529175,-3.05835,12.6921525,2.5384305,fixed
59.630792399984784,29,0.8300000000000001,-0.01515253,-3.030506,12.576599900000003,2.51531998,fixed
59.64216009993106,29,0.8300000000000001,-0.01490986,-2.981972,12.375183800000002,2.47503676,fixed
59.65351039997768,29,0.8300000000000001,-0.01465922,-2.9318440000000003,12.167152600000001,2.4334305200000004,fixed
59.66509779996704,29,0.8300000000000001,-0.01440308,-2.8806160000000003,11.954556400000001,2.3909112800000005,fixed
59.676691100001335,29,0.8300000000000001,-0.01470173,-2.940346,12.202435900000001,2.4404871800000003,fixed
59.68809589999728,29,0.8300000000000001,-0.01524773,-3.049546,12.6556159,2.5311231800000003,fixed
59.69965779990889,29,0.8300000000000001,-0.01526517,-3.053034,12.6700911,2.53401822,fixed
59.711147199966945,29,0.8300000000000001,-0.01508797,-3.017594,12.5230151,2.5046030200000002,fixed
59.72272899991367,29,0.8300000000000001,-0.01484385,-2.96877,12.320395500000002,2.4640791,fixed
59.734488699934445,29,0.8300000000000001,-0.01452601,-2.905202,12.056588300000003,2.4113176600000004,fixed
59.74647139990702,29,0.8300000000000001,-0.01450343,-2.900686,12.037846900000002,2.40756938,fixed
59.75844589993358,29,0.8300000000000001,-0.01525039,-3.050078,12.657823700000002,2.5315647400000003,fixed
59.77058119990397,29,0.8300000000000001,-0.01519651,-3.039302,12.6131033,2.5226206600000003,fixed
59.78234979999252,29,0.8300000000000001,-0.01491842,-2.983684,12.3822886,2.47645772,fixed
59.79420599993318,29,0.8300000000000001,-0.01460376,-2.9207520000000002,12.121120800000002,2.4242241600000005,fixed
59.80624770000577,29,0.8300000000000001,-0.01448587,-2.897174,12.023272100000002,2.4046544200000004,fixed
59.81814479990862,29,0.8300000000000001,-0.01518719,-3.037438,12.605367700000002,2.52107354,fixed
59.830009599914774,29,0.8300000000000001,-0.01526395,-3.05279,12.669078500000001,2.5338157000000003,fixed
59.841862299945205,29,0.8300000000000001,-0.01502748,-3.005496,12.4728084,2.4945616800000003,fixed
59.85393099999055,29,0.8300000000000001,-0.01467251,-2.9345019999999997,12.1781833,2.43563666,fixed
59.86589629994705,29,0.8300000000000001,-0.01442751,-2.885502,11.974833300000002,2.39496666,fixed
59.87781289999839,29,0.8300000000000001,-0.01511852,-3.023704,12.5483716,2.5096743200000002,fixed
59.88969829992857,29,0.8300000000000001,-0.0152882,-3.05764,12.689206000000002,2.5378412000000004,fixed
59.90167910000309,29,0.8300000000000001,-0.01501808,-3.003616,12.4650064,2.49300128,fixed
59.91329129994847,29,0.8300000000000001,-0.01475982,-2.951964,12.250650600000002,2.45013012,fixed
59.924753599916585,29,0.8300000000000001,-0.0144408,-2.88816,11.985864000000001,2.3971728000000003,fixed
59.93631829996593,29,0.8300000000000001,-0.01456027,-2.9120540000000004,12.085024100000002,2.4170048200000007,fixed
59.947662899969146,29,0.8300000000000001,-0.01516767,-3.033534,12.5891661,2.51783322,fixed
59.959234999958426,29,0.8300000000000001,-0.01529434,-3.058868,12.694302200000001,2.53886044,fixed
59.97062299994286,29,0.8300000000000001,-0.01516492,-3.032984,12.586883600000002,2.51737672,fixed
59.9821030999301,29,0.8300000000000001,-0.01495408,-2.9908159999999997,12.4118864,2.48237728,fixed
59.993679699953645,29,0.8300000000000001,-0.01466163,-2.932326,12.1691529,2.4338305800000004,fixed
60.00520769995637,29,0.8300000000000001,-0.01438627,-2.8772539999999998,11.9406041,2.38812082,fixed
60.01713739999104,29,0.8300000000000001,-0.01481293,-2.962586,12.294731900000002,2.45894638,fixed
60.028952199965715,29,0.8300000000000001,-0.01530523,-3.061046,12.7033409,2.5406681800000004,fixed
60.04056249989662,29,0.8300000000000001,-0.01516869,-3.033738,12.590012700000003,2.5180025400000003,fixed
60.052125999936834,29,0.8300000000000001,-0.01496081,-2.992162,12.417472300000002,2.48349446,fixed
60.063621899927966,29,0.8300000000000001,-0.01467295,-2.93459,12.178548500000002,2.4357097000000003,fixed
60.07505379989743,29,0.8300000000000001,-0.01439767,-2.879534,11.9500661,2.39001322,fixed
60.0867089999374,29,0.8300000000000001,-0.01470581,-2.941162,12.205822300000001,2.44116446,fixed
60.09839219995774,29,0.8300000000000001,-0.01525952,-3.051904,12.665401600000001,2.5330803200000003,fixed
60.110094900010154,29,0.8300000000000001,-0.01524871,-3.049742,12.656429300000001,2.5312858600000006,fixed
60.12179769994691,29,0.8300000000000001,-0.01502588,-3.005176,12.471480400000003,2.4942960800000002,fixed
60.133383699925616,29,0.8300000000000001,-0.01472489,-2.944978,12.2216587,2.44433174,fixed
60.14486829994712,29,0.8300000000000001,-0.01443798,-2.887596,11.983523400000001,2.39670468,fixed
60.15648639993742,29,0.8300000000000001,-0.01462401,-2.924802,12.137928300000002,2.42758566,fixed
60.168203599983826,29,0.8300000000000001,-0.01522988,-3.045976,12.640800400000002,2.52816008,fixed
60.17985439999029,29,0.8300000000000001,-0.01525513,-3.0510260000000002,12.661757900000001,2.5323515800000003,fixed
60.191513199941255,29,0.8300000000000001,-0.01506339,-3.012678,12.5026137,2.5005227400000005,fixed
60.20322909997776,29,0.8300000000000001,-0.01478321,-2.956642,12.270064300000001,2.45401286,fixed
60.21511669992469,29,0.8300000000000001,-0.01444948,-2.8898960000000002,11.9930684,2.3986136800000004,fixed
60.226848599966615,29,0.8300000000000001,-0.01475227,-2.9504539999999997,12.2443841,2.4488768199999997,fixed
60.2405129999388,30,0.8200000000000001,-0.01541382,-3.082764,12.6393324,2.52786648,fixed
60.252193499938585,30,0.8200000000000001,-0.01514607,-3.029214,12.4197774,2.48395548,fixed
60.26401099993382,30,0.8200000000000001,-0.01483724,-2.967448,12.166536800000001,2.43330736,fixed
60.27569679997396,30,0.8200000000000001,-0.01461231,-2.922462,11.9820942,2.39641884,fixed
60.2875121999532,30,0.8200000000000001,-0.01523114,-3.046228,12.489534800000001,2.4979069600000003,fixed
60.299286799971014,30,0.8200000000000001,-0.01550166,-3.1003320000000003,12.711361200000002,2.5422722400000004,fixed
60.310894900001585,30,0.8200000000000001,-0.01534873,-3.069746,12.585958600000001,2.51719172,fixed
60.32252349995542,30,0.8200000000000001,-0.01509712,-3.019424,12.379638400000003,2.4759276800000003,fixed
60.3342885999009,30,0.8200000000000001,-0.01478524,-2.957048,12.1238968,2.42477936,fixed
60.34602619998623,30,0.8200000000000001,-0.01465069,-2.930138,12.0135658,2.4027131600000002,fixed
60.35781859990675,30,0.8200000000000001,-0.01532368,-3.064736,12.5654176,2.51308352,fixed
60.36944169993512,30,0.8200000000000001,-0.01549351,-3.0987020000000003,12.704678200000002,2.5409356400000003,fixed
60.381193200009875,30,0.8200000000000001,-0.01531396,-3.062792,12.5574472,2.51148944,fixed
60.39274459995795,30,0.8200000000000001,-0.01504786,-3.009572,12.3392452,2.46784904,fixed
60.40437179990113,30,0.8200000000000001,-0.01473809,-2.947618,12.085233800000001,2.41704676,fixed
60.41597589990124,30,0.8200000000000001,-0.01467553,-2.935106,12.033934600000002,2.4067869200000005,fixed
60.42776469991077,30,0.8200000000000001,-0.01530768,-3.0615360000000003,12.552297600000001,2.5104595200000004,fixed
60.43948589998763,30,0.8200000000000001,-0.01549006,-3.0980119999999998,12.7018492,2.54036984,fixed
60.45111679995898,30,0.8200000000000001,-0.01531821,-3.063642,12.560932200000002,2.5121864400000002,fixed
60.46264679997694,30,0.8200000000000001,-0.01504286,-3.008572,12.335145200000001,2.4670290400000003,fixed
60.47417439997662,30,0.8200000000000001,-0.01477728,-2.9554560000000003,12.1173696,2.4234739200000006,fixed
60.48555459990166,30,0.8200000000000001,-0.01460351,-2.920702,11.974878200000001,2.39497564,fixed
60.497158699901775,30,0.8200000000000001,-0.01510542,-3.0210839999999997,12.3864444,2.4772888799999997,fixed
60.50875789998099,30,0.8200000000000001,-0.01549105,-3.09821,12.702661,2.5405322,fixed
60.52012120001018,30,0.8200000000000001,-0.01541968,-3.083936,12.6441376,2.52882752,fixed
60.531806199927814,30,0.8200000000000001,-0.01522376,-3.044752,12.4834832,2.49669664,fixed
60.543525099987164,30,0.8200000000000001,-0.01492077,-2.9841539999999998,12.2350314,2.44700628,fixed
60.55507849995047,30,0.8200000000000001,-0.01460579,-2.921158,11.976747800000002,2.39534956,fixed
60.56683189992327,30,0.8200000000000001,-0.01490555,-2.98111,12.222551000000001,2.4445102000000003,fixed
60.57861470000353,30,0.8200000000000001,-0.01546708,-3.093416,12.6830056,2.5366011200000003,fixed
60.59018339996692,30,0.8200000000000001,-0.01543454,-3.086908,12.656322800000002,2.5312645600000003,fixed
60.601994999917224,30,0.8200000000000001,-0.01517509,-3.035018,12.443573800000001,2.48871476,fixed
60.61359859991353,30,0.8200000000000001,-0.01489731,-2.9794620000000003,12.215794200000001,2.4431588400000006,fixed
60.625259899999946,30,0.8200000000000001,-0.01459159,-2.918318,11.965103800000001,2.39302076,fixed
60.63689359999262,30,0.8200000000000001,-0.01498693,-2.997386,12.289282600000002,2.4578565200000004,fixed
60.64860969991423,30,0.8200000000000001,-0.01547727,-3.0954539999999997,12.6913614,2.53827228,fixed
60.66026919998694,30,0.8200000000000001,-0.01542437,-3.084874,12.6479834,2.5295966800000005,fixed
60.671917799976654,30,0.8200000000000001,-0.01519231,-3.038462,12.4576942,2.49153884,fixed
60.683620099909604,30,0.8200000000000001,-0.01485852,-2.971704,12.1839864,2.43679728,fixed
60.69530279992614,30,0.8200000000000001,-0.01458735,-2.9174700000000002,11.961627,2.3923254000000003,fixed
60.70690220000688,30,0.8200000000000001,-0.01498595,-2.99719,12.288479,2.4576958,fixed
60.71858579991385,30,0.8200000000000001,-0.01546062,-3.0921239999999997,12.677708400000002,2.5355416799999997,fixed
60.7301623999374,30,0.8200000000000001,-0.01543636,-3.087272,12.6578152,2.53156304,fixed
60.74176889995579,30,0.8200000000000001,-0.01522597,-3.045194,12.4852954,2.49705908,fixed
60.75340189994313,30,0.8200000000000001,-0.01494004,-2.9880079999999998,12.250832800000001,2.45016656,fixed
60.76498189999256,30,0.8200000000000001,-0.01461586,-2.923172,11.985005200000002,2.39700104,fixed
60.77647819998674,30,0.8200000000000001,-0.01481091,-2.962182,12.144946200000001,2.42898924,fixed
60.787984899943694,30,0.8200000000000001,-0.01538008,-3.076016,12.611665600000002,2.5223331200000003,fixed
60.79959690000396,30,0.8200000000000001,-0.01547936,-3.095872,12.693075200000001,2.5386150400000003,fixed
60.811114999931306,30,0.8200000000000001,-0.01530301,-3.0606020000000003,12.5484682,2.5096936400000005,fixed
60.82276949996594,30,0.8200000000000001,-0.01506139,-3.012278,12.3503398,2.47006796,fixed
60.83431649999693,30,0.8200000000000001,-0.01475909,-2.9518180000000003,12.102453800000001,2.4204907600000003,fixed
60.8459796999814,30,0.8200000000000001,-0.0146268,-2.9253600000000004,11.993976000000002,2.3987952000000003,fixed
60.85747980000451,30,0.8200000000000001,-0.01523937,-3.047874,12.496283400000001,2.4992566800000002,fixed
60.869078399962746,30,0.8200000000000001,-0.0154972,-3.09944,12.707704,2.5415408000000004,fixed
60.880637599970214,30,0.8200000000000001,-0.01538206,-3.076412,12.6132892,2.52265784,fixed
60.89221789990552,30,0.8200000000000001,-0.0151556,-3.03112,12.427592,2.4855184,fixed
60.90391639992595,30,0.8200000000000001,-0.01486306,-2.9726120000000003,12.187709200000002,2.43754184,fixed
60.91564819996711,30,0.8200000000000001,-0.01459071,-2.918142,11.9643822,2.39287644,fixed
60.92742859991267,30,0.8200000000000001,-0.01515555,-3.03111,12.427551000000001,2.4855102000000002,fixed
60.93913640000392,30,0.8200000000000001,-0.01549308,-3.098616,12.7043256,2.54086512,fixed
60.95099729998037,30,0.8200000000000001,-0.01536799,-3.0735979999999996,12.601751800000002,2.5203503599999997,fixed
60.962828299961984,30,0.8200000000000001,-0.01505442,-3.010884,12.344624400000002,2.4689248800000003,fixed
60.974567299941555,30,0.8200000000000001,-0.0147264,-2.94528,12.075648000000001,2.4151296,fixed
60.986244099913165,30,0.8200000000000001,-0.01469884,-2.939768,12.053048800000001,2.4106097600000003,fixed
60.99794729996938,30,0.8200000000000001,-0.01535217,-3.0704339999999997,12.588779400000002,2.5177558799999997,fixed
61.00977819995023,30,0.8200000000000001,-0.01547776,-3.095552,12.6917632,2.5383526400000003,fixed
61.021469199913554,30,0.8200000000000001,-0.01527135,-3.05427,12.522507000000001,2.5045014,fixed
61.03322009998374,30,0.8200000000000001,-0.01499697,-2.9993939999999997,12.2975154,2.4595030799999997,fixed
61.04534809989855,30,0.8200000000000001,-0.01464637,-2.9292740000000004,12.010023400000001,2.4020046800000006,fixed
61.05709399993066,30,0.8200000000000001,-0.01506345,-3.01269,12.352029000000002,2.4704058000000004,fixed
61.06857779994607,30,0.8200000000000001,-0.01547975,-3.09595,12.693395,2.5386790000000006,fixed
61.08005889994092,30,0.8200000000000001,-0.01543777,-3.087554,12.658971400000002,2.53179428,fixed
61.09152979997452,30,0.8200000000000001,-0.01525347,-3.050694,12.5078454,2.5015690800000003,fixed
61.10305919998791,30,0.8200000000000001,-0.01498414,-2.996828,12.2869948,2.45739896,fixed
61.11458099994343,30,0.8200000000000001,-0.01470394,-2.9407880000000004,12.057230800000001,2.4114461600000006,fixed
61.12634509999771,30,0.8200000000000001,-0.01470987,-2.941974,12.062093400000002,2.41241868,fixed
61.13799879990984,30,0.8200000000000001,-0.01536107,-3.072214,12.5960774,2.51921548,fixed
61.14955229999032,30,0.8200000000000001,-0.01548654,-3.097308,12.698962800000002,2.53979256,fixed
61.16135849989951,30,0.8200000000000001,-0.01532151,-3.064302,12.563638200000002,2.51272764,fixed
61.17316559993196,30,0.8200000000000001,-0.01501128,-3.002256,12.309249600000001,2.46184992,fixed
61.184631799929775,30,0.8200000000000001,-0.01470394,-2.9407880000000004,12.057230800000001,2.4114461600000006,fixed
61.196201099897735,30,0.8200000000000001,-0.01471994,-2.943988,12.0703508,2.41407016,fixed
61.207923399982974,30,0.8200000000000001,-0.01534835,-3.06967,12.585647000000002,2.5171294,fixed
61.21979119989555,30,0.8200000000000001,-0.01548894,-3.097788,12.700930800000002,2.54018616,fixed
61.23168430000078,30,0.8200000000000001,-0.01527506,-3.055012,12.525549200000002,2.5051098400000003,fixed
61.243492999929,30,0.8200000000000001,-0.0149437,-2.9887400000000004,12.253834000000001,2.4507668000000007,fixed
61.25528309994843,30,0.8200000000000001,-0.01461328,-2.922656,11.982889600000002,2.39657792,fixed
61.2670603999868,30,0.8200000000000001,-0.01496943,-2.9938860000000003,12.274932600000001,2.4549865200000003,fixed
61.27897220000159,30,0.8200000000000001,-0.01548406,-3.096812,12.6969292,2.53938584,fixed
61.29075349995401,30,0.8200000000000001,-0.01538972,-3.077944,12.619570400000002,2.5239140800000004,fixed
61.30241499992553,30,0.8200000000000001,-0.01513528,-3.027056,12.410929600000001,2.48218592,fixed
61.314094699919224,30,0.8200000000000001,-0.01483501,-2.967002,12.164708200000002,2.43294164,fixed
61.325800899998285,30,0.8200000000000001,-0.0145973,-2.91946,11.969786000000001,2.3939572,fixed
61.33763550000731,30,0.8200000000000001,-0.01521997,-3.043994,12.4803754,2.4960750800000002,fixed
61.34927639993839,30,0.8200000000000001,-0.01550521,-3.101042,12.714272200000002,2.54285444,fixed
61.36097239993978,30,0.8200000000000001,-0.01535251,-3.0705020000000003,12.589058200000002,2.5178116400000006,fixed
61.37825429998338,30,0.8200000000000001,-0.01511734,-3.0234680000000003,12.396218800000002,2.4792437600000006,fixed
61.389649399905466,30,0.8200000000000001,-0.0154757,-3.09514,12.690074000000001,2.5380148,fixed
61.401342800003476,30,0.8200000000000001,-0.01530596,-3.061192,12.550887200000002,2.51017744,fixed
61.413055699900724,30,0.8200000000000001,-0.01503582,-3.007164,12.329372400000002,2.46587448,fixed
61.424611800001,30,0.8200000000000001,-0.01471161,-2.942322,12.063520200000001,2.41270404,fixed
61.43610869999975,30,0.8200000000000001,-0.01469559,-2.9391179999999997,12.0503838,2.41007676,fixed
61.44766259996686,30,0.8200000000000001,-0.01529739,-3.059478,12.5438598,2.5087719600000002,fixed
61.45915089990012,30,0.8200000000000001,-0.01549913,-3.0998259999999997,12.7092866,2.54185732,fixed
61.470853699953295,30,0.8200000000000001,-0.01538173,-3.076346,12.613018600000002,2.52260372,fixed
61.48241049994249,30,0.8200000000000001,-0.01512548,-3.025096,12.4028936,2.48057872,fixed
61.49404419993516,30,0.8200000000000001,-0.01483444,-2.966888,12.164240800000002,2.4328481600000003,fixed
61.505714699975215,30,0.8200000000000001,-0.0145937,-2.91874,11.966834,2.3933668000000003,fixed
61.517542099929415,30,0.8200000000000001,-0.01518129,-3.036258,12.448657800000001,2.4897315600000005,fixed
61.52938229998108,30,0.8200000000000001,-0.01549602,-3.099204,12.7067364,2.54134728,fixed
61.54114939994179,30,0.8200000000000001,-0.01533902,-3.0678039999999998,12.577996400000002,2.51559928,fixed
61.55284129991196,30,0.8200000000000001,-0.01506907,-3.013814,12.356637400000002,2.4713274800000002,fixed
61.56445499998517,30,0.8200000000000001,-0.01474697,-2.949394,12.0925154,2.4185030800000002,fixed
61.57612149999477,30,0.8200000000000001,-0.01463883,-2.927766,12.0038406,2.4007681200000004,fixed
61.587810099939816,30,0.8200000000000001,-0.01528106,-3.056212,12.530469200000002,2.50609384,fixed
61.59937909990549,30,0.8200000000000001,-0.01547906,-3.0958119999999996,12.6928292,2.53856584,fixed
61.61095529992599,30,0.8200000000000001,-0.01533445,-3.06689,12.574249,2.5148498,fixed
61.6226311000064,30,0.8200000000000001,-0.01508826,-3.017652,12.3723732,2.4744746400000004,fixed
61.634374799905345,30,0.8200000000000001,-0.01477628,-2.955256,12.1165496,2.42330992,fixed
61.64608509989921,30,0.8200000000000001,-0.0146401,-2.92802,12.004882000000002,2.4009764000000002,fixed
61.657859599916264,30,0.8200000000000001,-0.01528752,-3.057504,12.535766400000002,2.5071532800000003,fixed
61.669654199969955,30,0.8200000000000001,-0.01549585,-3.09917,12.706597000000002,2.5413194000000003,fixed
61.68155559990555,30,0.8200000000000001,-0.01530309,-3.0606180000000003,12.548533800000001,2.5097067600000003,fixed
61.69336729997303,30,0.8200000000000001,-0.01499977,-2.9999540000000002,12.299811400000001,2.4599622800000005,fixed
61.704984099953435,30,0.8200000000000001,-0.01465208,-2.930416,12.0147056,2.4029411200000004,fixed
61.71640509995632,30,0.8200000000000001,-0.01479298,-2.958596,12.130243600000002,2.4260487200000003,fixed
61.72802829998545,30,0.8200000000000001,-0.01533593,-3.067186,12.5754626,2.51509252,fixed
61.7395331999287,30,0.8200000000000001,-0.01548561,-3.097122,12.6982002,2.53964004,fixed
61.750995999900624,30,0.8200000000000001,-0.0153509,-3.07018,12.587738000000002,2.5175476000000003,fixed
61.762698699953035,30,0.8200000000000001,-0.01511052,-3.022104,12.390626400000002,2.4781252800000004,fixed
61.774227599962614,30,0.8200000000000001,-0.01481165,-2.96233,12.145553000000001,2.4291106000000005,fixed
61.78569829999469,30,0.8200000000000001,-0.01458939,-2.917878,11.963299800000001,2.39265996,fixed
61.797450299956836,30,0.8200000000000001,-0.0151036,-3.02072,12.384952000000002,2.4769904,fixed
61.80923269991763,30,0.8200000000000001,-0.01549765,-3.09953,12.708073,2.5416146000000004,fixed
61.821011499967426,30,0.8200000000000001,-0.01535826,-3.071652,12.593773200000001,2.51875464,fixed
61.83272840001155,30,0.8200000000000001,-0.01508851,-3.017702,12.372578200000001,2.47451564,fixed
61.84417890000623,30,0.8200000000000001,-0.0147911,-2.95822,12.128702,2.4257404,fixed
61.85575859993696,30,0.8200000000000001,-0.01458589,-2.9171780000000003,11.960429800000002,2.3920859600000006,fixed
61.86746259999927,30,0.8200000000000001,-0.01511949,-3.023898,12.3979818,2.4795963600000004,fixed
61.87911459989846,30,0.8200000000000001,-0.01548824,-3.0976480000000004,12.700356800000002,2.5400713600000007,fixed
61.89057099993806,30,0.8200000000000001,-0.01539642,-3.079284,12.6250644,2.5250128800000002,fixed
61.902188499923795,30,0.8200000000000001,-0.01518271,-3.036542,12.449822200000002,2.48996444,fixed
61.913806499913335,30,0.8200000000000001,-0.0149019,-2.98038,12.219558000000001,2.4439116,fixed
61.92544879997149,30,0.8200000000000001,-0.01459509,-2.919018,11.9679738,2.39359476,fixed
61.9368766999105,30,0.8200000000000001,-0.01493783,-2.987566,12.2490206,2.4498041200000005,fixed
61.94829390000086,30,0.8200000000000001,-0.01543347,-3.086694,12.6554454,2.53108908,fixed
61.95996769994963,30,0.8200000000000001,-0.01547516,-3.0950320000000002,12.6896312,2.5379262400000004,fixed
61.97164299990982,30,0.8200000000000001,-0.01527586,-3.0551719999999998,12.526205200000001,2.50524104,fixed
61.98376079997979,30,0.8200000000000001,-0.01498139,-2.996278,12.2847398,2.4569479600000004,fixed
61.99554269993678,30,0.8200000000000001,-0.01459655,-2.9193100000000003,11.969171000000001,2.3938342000000006,fixed
62.007135599968024,30,0.8200000000000001,-0.01501214,-3.002428,12.309954800000002,2.46199096,fixed
62.01879169989843,30,0.8200000000000001,-0.01547101,-3.094202,12.686228200000002,2.53724564,fixed
62.0306702000089,30,0.8200000000000001,-0.01541566,-3.083132,12.6408412,2.5281682400000003,fixed
62.042319800006226,30,0.8200000000000001,-0.01517505,-3.03501,12.443541000000002,2.4887082000000005,fixed
62.054157099919394,30,0.8200000000000001,-0.01486293,-2.972586,12.187602600000002,2.4375205200000005,fixed
62.06586959993001,30,0.8200000000000001,-0.01460033,-2.920066,11.972270600000002,2.3944541200000002,fixed
62.07760189997498,30,0.8200000000000001,-0.01516539,-3.033078,12.435619800000001,2.4871239600000004,fixed
62.08923019992653,30,0.8200000000000001,-0.01548877,-3.097754,12.700791400000002,2.5401582800000004,fixed
62.10094469995238,30,0.8200000000000001,-0.01537275,-3.07455,12.605655,2.521131,fixed
62.11252709990367,30,0.8200000000000001,-0.01512462,-3.024924,12.402188400000002,2.48043768,fixed
62.124230699962936,30,0.8200000000000001,-0.01482472,-2.964944,12.1562704,2.43125408,fixed
62.13579229998868,30,0.8200000000000001,-0.01459701,-2.9194020000000003,11.9695482,2.3939096400000004,fixed
62.14734049991239,30,0.8200000000000001,-0.01512746,-3.0254920000000003,12.4045172,2.4809034400000005,fixed
62.15911050001159,30,0.8200000000000001,-0.0154816,-3.09632,12.694912,2.5389824,fixed
62.17072299995925,30,0.8200000000000001,-0.01539298,-3.078596,12.622243600000001,2.52444872,fixed
62.182432399946265,30,0.8200000000000001,-0.01515463,-3.030926,12.426796600000001,2.48535932,fixed
62.19415539992042,30,0.8200000000000001,-0.01485173,-2.970346,12.1784186,2.43568372,fixed
62.20569519989658,30,0.8200000000000001,-0.01459038,-2.918076,11.9641116,2.39282232,fixed
62.21741589996964,30,0.8200000000000001,-0.01507548,-3.015096,12.361893600000002,2.4723787200000005,fixed
62.229134299908765,30,0.8200000000000001,-0.01549165,-3.09833,12.703153,2.5406306,fixed
62.24239619995933,31,0.81,-0.01531553,-3.0631060000000003,12.405579300000003,2.4811158600000005,fixed
62.25392659998033,31,0.81,-0.01503865,-3.00773,12.181306500000002,2.4362613,fixed
62.26564219989814,31,0.81,-0.01475658,-2.951316,11.9528298,2.39056596,fixed
62.2772955999244,31,0.81,-0.01524887,-3.049774,12.351584700000002,2.4703169400000005,fixed
62.28887269995175,31,0.81,-0.01565957,-3.131914,12.6842517,2.5368503400000004,fixed
62.30035139992833,31,0.81,-0.0155975,-3.1195,12.633975000000001,2.526795,fixed
62.311904400005005,31,0.81,-0.01539805,-3.0796099999999997,12.472420500000002,2.4944840999999998,fixed
62.32352979993448,31,0.81,-0.01512403,-3.024806,12.2504643,2.4500928600000003,fixed
62.3351749998983,31,0.81,-0.01480298,-2.960596,11.9904138,2.39808276,fixed
62.34701219992712,31,0.81,-0.01503687,-3.007374,12.179864700000001,2.43597294,fixed
62.35871079994831,31,0.81,-0.01562515,-3.12503,12.6563715,2.5312743,fixed
62.37041099998169,31,0.81,-0.01560214,-3.120428,12.637733400000002,2.52754668,fixed
62.3822164000012,31,0.81,-0.01537367,-3.0747340000000003,12.452672700000003,2.4905345400000005,fixed
62.39386209996883,31,0.81,-0.01505816,-3.0116319999999996,12.197109600000001,2.43942192,fixed
62.40546339994762,31,0.81,-0.01475995,-2.9519900000000003,11.955559500000001,2.3911119000000003,fixed
62.41711439995561,31,0.81,-0.01515876,-3.031752,12.278595600000001,2.4557191200000004,fixed
62.42888579994906,31,0.81,-0.01564374,-3.128748,12.6714294,2.53428588,fixed
62.44056699995417,31,0.81,-0.0155978,-3.11956,12.634218,2.5268436,fixed
62.452148300013505,31,0.81,-0.01536578,-3.073156,12.446281800000001,2.48925636,fixed
62.46365239995066,31,0.81,-0.01507596,-3.015192,12.2115276,2.44230552,fixed
62.47508429992013,31,0.81,-0.01480146,-2.960292,11.989182600000001,2.3978365200000002,fixed
62.48661049990915,31,0.81,-0.01494441,-2.988882,12.104972100000001,2.42099442,fixed
62.49820859997999,31,0.81,-0.01553964,-3.1079280000000002,12.587108400000002,2.5174216800000004,fixed
62.50984770001378,31,0.81,-0.01565896,-3.131792,12.6837576,2.53675152,fixed
62.521512000006624,31,0.81,-0.01546469,-3.0929379999999997,12.5263989,2.50527978,fixed
62.53309569996782,31,0.81,-0.01519761,-3.0395220000000003,12.3100641,2.4620128200000004,fixed
62.54477949999273,31,0.81,-0.01490213,-2.980426,12.0707253,2.41414506,fixed
62.556287099956535,31,0.81,-0.01485113,-2.9702260000000003,12.0294153,2.4058830600000003,fixed
62.56789069995284,31,0.81,-0.0154543,-3.09086,12.517983000000001,2.5035966000000003,fixed
62.57995959999971,31,0.81,-0.01565838,-3.1316759999999997,12.6832878,2.53665756,fixed
62.59193100000266,31,0.81,-0.01542085,-3.08417,12.4908885,2.4981777,fixed
62.60402769991197,31,0.81,-0.0150864,-3.01728,12.219984000000002,2.4439968000000003,fixed
62.61615139991045,31,0.81,-0.01476031,-2.952062,11.955851100000002,2.3911702200000002,fixed
62.62824869994074,31,0.81,-0.01549528,-3.099056,12.5511768,2.5102353600000002,fixed
62.64020509994589,31,0.81,-0.01563216,-3.126432,12.662049600000001,2.53240992,fixed
62.65212459990289,31,0.81,-0.01539927,-3.079854,12.4734087,2.4946817400000003,fixed
62.66417309991084,31,0.81,-0.01505105,-3.01021,12.1913505,2.4382701,fixed
62.676250899909064,31,0.81,-0.01478927,-2.957854,11.979308700000002,2.3958617400000004,fixed
62.68830189993605,31,0.81,-0.0155218,-3.1043600000000002,12.572658,2.5145316,fixed
62.7004530999111,31,0.81,-0.01562298,-3.124596,12.6546138,2.53092276,fixed
62.712423399905674,31,0.81,-0.01534823,-3.0696459999999997,12.4320663,2.48641326,fixed
62.72433120000642,31,0.81,-0.01498186,-2.996372,12.135306600000002,2.42706132,fixed
62.73586009989958,31,0.81,-0.0147746,-2.9549200000000004,11.967426000000001,2.3934852000000006,fixed
62.74754079990089,31,0.81,-0.01531094,-3.062188,12.4018614,2.48037228,fixed
62.758912899997085,31,0.81,-0.01564507,-3.129014,12.672506700000001,2.5345013400000003,fixed
62.77049069991335,31,0.81,-0.01559239,-3.118478,12.6298359,2.5259671800000003,fixed
62.78216429997701,31,0.81,-0.01536082,-3.072164,12.4422642,2.48845284,fixed
62.79360109998379,31,0.81,-0.01509281,-3.018562,12.2251761,2.4450352200000003,fixed
62.80498649994843,31,0.81,-0.01481064,-2.962128,11.996618400000001,2.39932368,fixed
62.81651089992374,31,0.81,-0.0149063,-2.9812600000000002,12.074103000000001,2.4148206000000005,fixed
62.828384199994616,31,0.81,-0.01552187,-3.104374,12.5727147,2.51454294,fixed
62.84026189998258,31,0.81,-0.01562619,-3.1252380000000004,12.657213900000002,2.5314427800000003,fixed
62.85207799996715,31,0.81,-0.01538776,-3.077552,12.4640856,2.49281712,fixed
62.86383599997498,31,0.81,-0.01509297,-3.018594,12.225305700000002,2.4450611400000004,fixed
62.875525199924596,31,0.81,-0.01476809,-2.9536179999999996,11.9621529,2.3924305799999996,fixed
62.88739489996806,31,0.81,-0.01519039,-3.0380779999999996,12.3042159,2.46084318,fixed
62.8991049999604,31,0.81,-0.01565565,-3.1311299999999997,12.681076500000001,2.5362153,fixed
62.91084659995977,31,0.81,-0.01556728,-3.113456,12.6094968,2.52189936,fixed
62.92233149998356,31,0.81,-0.01531401,-3.062802,12.4043481,2.48086962,fixed
62.93385239993222,31,0.81,-0.01504998,-3.009996,12.1904838,2.43809676,fixed
62.94545499992091,31,0.81,-0.01476679,-2.953358,11.9610999,2.39221998,fixed
62.95709309994709,31,0.81,-0.01508687,-3.0173740000000002,12.220364700000001,2.4440729400000003,fixed
62.96860859997105,31,0.81,-0.01562478,-3.124956,12.6560718,2.5312143600000003,fixed
62.98027349996846,31,0.81,-0.0156208,-3.1241600000000003,12.652848,2.5305696,fixed
62.99201319995336,31,0.81,-0.01540799,-3.081598,12.480471900000001,2.49609438,fixed
63.0036540000001,31,0.81,-0.01511211,-3.0224219999999997,12.240809100000002,2.44816182,fixed
63.01530400000047,31,0.81,-0.01478345,-2.95669,11.974594500000002,2.3949189000000004,fixed
63.027035799925216,31,0.81,-0.01505175,-3.01035,12.1919175,2.4383835,fixed
63.03865629993379,31,0.81,-0.01562263,-3.1245260000000004,12.6543303,2.5308660600000006,fixed
63.05041779996827,31,0.81,-0.01561128,-3.122256,12.645136800000001,2.52902736,fixed
63.062008399982005,31,0.81,-0.01538671,-3.077342,12.4632351,2.49264702,fixed
63.07381319999695,31,0.81,-0.0150938,-3.01876,12.225978,2.4451956,fixed
63.08548999996856,31,0.81,-0.01476677,-2.953354,11.961083700000001,2.3922167400000003,fixed
63.09708129998762,31,0.81,-0.01512042,-3.024084,12.247540200000001,2.4495080400000004,fixed
63.108732699998654,31,0.81,-0.01562019,-3.124038,12.652353900000001,2.5304707800000004,fixed
63.12017999996897,31,0.81,-0.01560158,-3.120316,12.637279800000002,2.52745596,fixed
63.13161939999554,31,0.81,-0.01542829,-3.085658,12.496914900000002,2.49938298,fixed
63.14337039995007,31,0.81,-0.01517044,-3.034088,12.2880564,2.45761128,fixed
63.15490309998859,31,0.81,-0.01483451,-2.966902,12.0159531,2.40319062,fixed
63.16635819990188,31,0.81,-0.01487927,-2.975854,12.052208700000001,2.41044174,fixed
63.17780169995967,31,0.81,-0.01543783,-3.087566,12.5046423,2.50092846,fixed
63.18937429995276,31,0.81,-0.01566249,-3.1324980000000004,12.6866169,2.5373233800000006,fixed
63.201103499974124,31,0.81,-0.01553165,-3.10633,12.5806365,2.5161273,fixed
63.2127024999354,31,0.81,-0.01527006,-3.054012,12.368748600000002,2.4737497200000003,fixed
63.22440279996954,31,0.81,-0.01494992,-2.989984,12.1094352,2.42188704,fixed
63.2363073999295,31,0.81,-0.01479351,-2.9587019999999997,11.9827431,2.39654862,fixed
63.24807729991153,31,0.81,-0.01546991,-3.093982,12.5306271,2.50612542,fixed
63.25984819990117,31,0.81,-0.01565303,-3.1306059999999993,12.6789543,2.5357908599999996,fixed
63.27151369990315,31,0.81,-0.01547055,-3.0941099999999997,12.531145500000001,2.5062291,fixed
63.28315589996055,31,0.81,-0.01519336,-3.038672,12.3066216,2.46132432,fixed
63.294877099920996,31,0.81,-0.01489027,-2.978054,12.061118700000002,2.4122237400000004,fixed
63.306470299954526,31,0.81,-0.01487765,-2.97553,12.0508965,2.4101793000000002,fixed
63.3181391999824,31,0.81,-0.01551371,-3.102742,12.566105100000001,2.5132210200000005,fixed
63.329911899985746,31,0.81,-0.01564998,-3.1299960000000002,12.676483800000002,2.5352967600000005,fixed
63.34168349998072,31,0.81,-0.01545457,-3.090914,12.518201700000002,2.5036403400000005,fixed
63.35343689995352,31,0.81,-0.0151612,-3.03224,12.280572,2.4561144,fixed
63.36518969992176,31,0.81,-0.01482289,-2.964578,12.006540900000001,2.40130818,fixed
63.376949599944055,31,0.81,-0.01498596,-2.997192,12.1386276,2.42772552,fixed
63.3886164999567,31,0.81,-0.01560279,-3.120558,12.638259900000001,2.52765198,fixed
63.400351799908094,31,0.81,-0.01561308,-3.122616,12.6465948,2.52931896,fixed
63.41214149992447,31,0.81,-0.01539134,-3.078268,12.4669854,2.4933970800000003,fixed
63.423928499920294,31,0.81,-0.01506368,-3.012736,12.2015808,2.44031616,fixed
63.43553059990518,31,0.81,-0.0147519,-2.95038,11.949039,2.3898078000000003,fixed
63.44714929990005,31,0.81,-0.01514496,-3.028992,12.267417600000002,2.4534835200000003,fixed
63.458932299981825,31,0.81,-0.01562286,-3.124572,12.654516600000003,2.53090332,fixed
63.47054769995157,31,0.81,-0.01558389,-3.116778,12.622950900000001,2.52459018,fixed
63.48241629998665,31,0.81,-0.01535561,-3.071122,12.438044100000003,2.48760882,fixed
63.49411719990894,31,0.81,-0.01502885,-3.00577,12.1733685,2.4346737000000003,fixed
63.50574599998072,31,0.81,-0.01474384,-2.948768,11.9425104,2.38850208,fixed
63.51754569995683,31,0.81,-0.0152238,-3.0447599999999997,12.331278,2.4662555999999998,fixed
63.52915129996836,31,0.81,-0.01564553,-3.129106,12.672879300000002,2.5345758600000003,fixed
63.5408666000003,31,0.81,-0.01554866,-3.109732,12.5944146,2.5188829200000002,fixed
63.55264459992759,31,0.81,-0.01530981,-3.0619620000000003,12.4009461,2.48018922,fixed
63.564424399985,31,0.81,-0.01498035,-2.99607,12.134083500000001,2.4268167000000003,fixed
63.57616529997904,31,0.81,-0.01477286,-2.9545719999999998,11.9660166,2.39320332,fixed
63.587850100011565,31,0.81,-0.01541665,-3.08333,12.487486500000001,2.4974973000000005,fixed
63.59953329991549,31,0.81,-0.01565136,-3.130272,12.677601600000001,2.5355203200000003,fixed
63.61116550001316,31,0.81,-0.01551116,-3.102232,12.564039600000001,2.51280792,fixed
63.622953299898654,31,0.81,-0.01524564,-3.049128,12.3489684,2.46979368,fixed
63.634694700012915,31,0.81,-0.01491624,-2.983248,12.082154400000002,2.41643088,fixed
63.6464007999748,31,0.81,-0.01483681,-2.967362,12.017816100000003,2.40356322,fixed
63.658137499936856,31,0.81,-0.01547858,-3.0957160000000004,12.537649800000002,2.5075299600000003,fixed
63.66993609990459,31,0.81,-0.01564694,-3.129388,12.674021400000003,2.5348042800000004,fixed
63.68153929989785,31,0.81,-0.01545225,-3.09045,12.516322500000001,2.5032645000000002,fixed
63.693269999930635,31,0.81,-0.01518567,-3.037134,12.300392700000002,2.46007854,fixed
63.70497419999447,31,0.81,-0.01484911,-2.9698219999999997,12.027779100000002,2.40555582,fixed
63.716584499925375,31,0.81,-0.01489472,-2.978944,12.0647232,2.41294464,fixed
63.72839820000809,31,0.81,-0.01553332,-3.106664,12.5819892,2.51639784,fixed
63.740162599948235,31,0.81,-0.01562932,-3.1258639999999995,12.6597492,2.53194984,fixed
63.75182159990072,31,0.81,-0.01542271,-3.084542,12.4923951,2.49847902,fixed
63.7633319000015,31,0.81,-0.01514409,-3.0288180000000002,12.2667129,2.45334258,fixed
63.77485429996159,31,0.81,-0.01486566,-2.973132,12.041184600000001,2.4082369200000002,fixed
63.7864609999815,31,0.81,-0.01484345,-2.9686899999999996,12.0231945,2.4046388999999997,fixed
63.798047499964014,31,0.81,-0.01546724,-3.093448,12.5284644,2.5056928800000002,fixed
63.80968700000085,31,0.81,-0.01565345,-3.13069,12.679294500000001,2.5358589,fixed
63.82117989996914,31,0.81,-0.01550927,-3.1018540000000003,12.5625087,2.5125017400000003,fixed
63.83281589997932,31,0.81,-0.01527452,-3.0549039999999996,12.3723612,2.47447224,fixed
63.84432709997054,31,0.81,-0.01497167,-2.994334,12.1270527,2.42541054,fixed
63.85603959998116,31,0.81,-0.01475427,-2.950854,11.9509587,2.39019174,fixed
63.86782649997622,31,0.81,-0.01537024,-3.0740480000000003,12.449894400000002,2.4899788800000002,fixed
63.87963799992576,31,0.81,-0.01565789,-3.131578,12.682890900000002,2.5365781800000002,fixed
63.89125799993053,31,0.81,-0.01548766,-3.097532,12.545004600000002,2.5090009200000005,fixed
63.90290109999478,31,0.81,-0.01524127,-3.048254,12.345428700000001,2.46908574,fixed
63.91452909994405,31,0.81,-0.01494342,-2.988684,12.104170200000002,2.4208340400000004,fixed
63.92626829992514,31,0.81,-0.01477368,-2.954736,11.9666808,2.39333616,fixed
63.937849599984474,31,0.81,-0.01541318,-3.082636,12.484675800000002,2.49693516,fixed
63.94943189993501,31,0.81,-0.01565966,-3.131932,12.6843246,2.53686492,fixed
63.960965499980375,31,0.81,-0.0155375,-3.1075,12.585374999999999,2.517075,fixed
63.97254719992634,31,0.81,-0.01530792,-3.061584,12.3994152,2.4798830400000003,fixed
63.98415789997671,31,0.81,-0.01502681,-3.005362,12.171716100000001,2.43434322,fixed
63.995718999998644,31,0.81,-0.01474751,-2.949502,11.9454831,2.38909662,fixed
64.00735540001187,31,0.81,-0.01521987,-3.043974,12.3280947,2.46561894,fixed
64.0189547999762,31,0.81,-0.01563643,-3.127286,12.6655083,2.53310166,fixed
64.03050879994407,31,0.81,-0.01559244,-3.118488,12.629876400000002,2.5259752800000004,fixed
64.04220699996222,31,0.81,-0.01538101,-3.076202,12.4586181,2.49172362,fixed
64.05394159990828,31,0.81,-0.01507216,-3.0144320000000002,12.208449600000002,2.4416899200000004,fixed
64.0656350000063,31,0.81,-0.01474744,-2.949488,11.9454264,2.38908528,fixed
64.07724679994863,31,0.81,-0.01511025,-3.02205,12.239302500000003,2.4478605000000004,fixed
64.08881899993867,31,0.81,-0.01562949,-3.125898,12.6598869,2.53197738,fixed
64.10074599995278,31,0.81,-0.01560001,-3.120002,12.6360081,2.52720162,fixed
64.11250379995909,31,0.81,-0.01532478,-3.064956,12.413071799999999,2.4826143600000004,fixed
64.12406999990344,31,0.81,-0.01502667,-3.0053340000000004,12.171602700000001,2.4343205400000003,fixed
64.13572669995483,31,0.81,-0.0147429,-2.94858,11.941749,2.3883498000000003,fixed
64.14739910000935,31,0.81,-0.01518537,-3.037074,12.3001497,2.46002994,fixed
64.15898609999567,31,0.81,-0.01563583,-3.127166,12.6650223,2.53300446,fixed
64.17054809990805,31,0.81,-0.01558872,-3.117744,12.6268632,2.52537264,fixed
64.18211729999166,31,0.81,-0.01537449,-3.074898,12.4533369,2.49066738,fixed
64.19383020000532,31,0.81,-0.01510071,-3.020142,12.2315751,2.44631502,fixed
64.20544599997811,31,0.81,-0.01475135,-2.95027,11.9485935,2.3897187000000004,fixed
64.21741179993842,31,0.81,-0.0150738,-3.01476,12.209778000000002,2.4419556,fixed
64.22909759997856,31,0.81,-0.01564373,-3.1287460000000005,12.671421300000002,2.5342842600000006,fixed
64.24088369996753,31,0.81,-0.01556215,-3.1124300000000003,12.6053415,2.5210683000000005,fixed
64.25451509992126,32,0.8200000000000001,-0.01477876,-2.955752,12.118583200000002,2.4237166400000003,fixed
64.26623569999356,32,0.8200000000000001,-0.01461005,-2.9220099999999998,11.980241000000001,2.3960482,fixed
64.27809189993422,32,0.8200000000000001,-0.01524898,-3.049796,12.504163600000002,2.5008327200000005,fixed
64.28973019996192,32,0.8200000000000001,-0.01546154,-3.092308,12.6784628,2.53569256,fixed
64.30144469998777,32,0.8200000000000001,-0.01528826,-3.057652,12.536373200000002,2.5072746400000003,fixed
64.31359799997881,32,0.8200000000000001,-0.01495157,-2.990314,12.260287400000001,2.45205748,fixed
64.32528319989797,32,0.8200000000000001,-0.0146112,-2.92224,11.981184,2.3962368,fixed
64.33695849997457,32,0.8200000000000001,-0.01483731,-2.967462,12.1665942,2.43331884,fixed
64.34867899992969,32,0.8200000000000001,-0.01542828,-3.085656,12.651189600000002,2.5302379200000003,fixed
64.36051249993034,32,0.8200000000000001,-0.01542146,-3.084292,12.645597200000001,2.52911944,fixed
64.37236389995087,32,0.8200000000000001,-0.01517869,-3.035738,12.4465258,2.4893051600000002,fixed
64.38419759995304,32,0.8200000000000001,-0.01485106,-2.9702119999999996,12.1778692,2.43557384,fixed
64.3958778999513,32,0.8200000000000001,-0.01456989,-2.913978,11.947309800000001,2.38946196,fixed
64.40767479990609,32,0.8200000000000001,-0.01511248,-3.022496,12.3922336,2.47844672,fixed
64.41941309999675,32,0.8200000000000001,-0.01546916,-3.093832,12.6847112,2.53694224,fixed
64.43106649990659,32,0.8200000000000001,-0.01535212,-3.070424,12.5887384,2.5177476800000003,fixed
64.44274189998396,32,0.8200000000000001,-0.01508397,-3.016794,12.368855400000001,2.47377108,fixed
64.45449729997199,32,0.8200000000000001,-0.01479088,-2.958176,12.128521600000001,2.42570432,fixed
64.46618549991399,32,0.8200000000000001,-0.01461548,-2.923096,11.9846936,2.39693872,fixed
64.47772319999058,32,0.8200000000000001,-0.01520986,-3.0419720000000003,12.472085200000002,2.4944170400000005,fixed
64.48923459998332,32,0.8200000000000001,-0.01547423,-3.094846,12.688868600000001,2.53777372,fixed
64.50090519990772,32,0.8200000000000001,-0.01537259,-3.0745180000000003,12.6055238,2.5211047600000005,fixed
64.5123789999634,32,0.8200000000000001,-0.01513519,-3.027038,12.4108558,2.4821711600000005,fixed
64.52383419999387,32,0.8200000000000001,-0.01486409,-2.9728179999999997,12.188553800000001,2.43771076,fixed
64.53546849999111,32,0.8200000000000001,-0.01457745,-2.91549,11.953509,2.3907018000000004,fixed
64.54715229989961,32,0.8200000000000001,-0.01487881,-2.975762,12.200624200000002,2.44012484,fixed
64.5587089000037,32,0.8200000000000001,-0.01541265,-3.0825299999999998,12.638373000000001,2.5276746,fixed
64.57027489994653,32,0.8200000000000001,-0.01542562,-3.0851239999999995,12.6490084,2.52980168,fixed
64.5818861000007,32,0.8200000000000001,-0.01523155,-3.04631,12.489871,2.4979742000000003,fixed
64.59370699990541,32,0.8200000000000001,-0.01494829,-2.989658,12.257597800000001,2.45151956,fixed
64.60547700000461,32,0.8200000000000001,-0.01458224,-2.916448,11.9574368,2.39148736,fixed
64.61731140001211,32,0.8200000000000001,-0.01495511,-2.991022,12.2631902,2.45263804,fixed
64.6291206999449,32,0.8200000000000001,-0.01546347,-3.092694,12.680045400000001,2.53600908,fixed
64.64614809991326,32,0.8200000000000001,-0.0153695,-3.0738999999999996,12.60299,2.5205979999999997,fixed
64.65794369997457,32,0.8200000000000001,-0.0152179,-3.04358,12.478678,2.4957356,fixed
64.66991179995239,32,0.8200000000000001,-0.01546615,-3.0932299999999997,12.682243000000001,2.5364486,fixed
64.68210919992998,32,0.8200000000000001,-0.01521823,-3.043646,12.4789486,2.49578972,fixed
64.69396299996879,32,0.8200000000000001,-0.0149034,-2.9806800000000004,12.220788,2.4441576000000005,fixed
64.70582939998712,32,0.8200000000000001,-0.01455624,-2.9112479999999996,11.9361168,2.3872233599999997,fixed
64.71769039996434,32,0.8200000000000001,-0.0151177,-3.0235399999999997,12.396514000000002,2.4793028,fixed
64.72946880001109,32,0.8200000000000001,-0.01547032,-3.094064,12.6856624,2.53713248,fixed
64.74120789999142,32,0.8200000000000001,-0.01532372,-3.064744,12.565450400000001,2.5130900800000004,fixed
64.75289859995246,32,0.8200000000000001,-0.01507693,-3.0153860000000003,12.363082600000002,2.4726165200000003,fixed
64.76468389993533,32,0.8200000000000001,-0.01472535,-2.9450700000000003,12.074787,2.4149574000000005,fixed
64.77629619999789,32,0.8200000000000001,-0.0146202,-2.92404,11.988564,2.3977128000000003,fixed
64.78801239992026,32,0.8200000000000001,-0.01526772,-3.053544,12.5195304,2.50390608,fixed
64.80007739993744,32,0.8200000000000001,-0.01544629,-3.089258,12.665957800000001,2.53319156,fixed
64.81166489992756,32,0.8200000000000001,-0.01527149,-3.054298,12.522621800000001,2.5045243600000004,fixed
64.82328479993157,32,0.8200000000000001,-0.0150006,-3.00012,12.300492,2.4600984,fixed
64.83481369994115,32,0.8200000000000001,-0.01469499,-2.938998,12.049891800000001,2.40997836,fixed
64.84642580000218,32,0.8200000000000001,-0.01464463,-2.928926,12.0085966,2.40171932,fixed
64.85789330000989,32,0.8200000000000001,-0.01527115,-3.05423,12.522343000000001,2.5044686,fixed
64.86946099996567,32,0.8200000000000001,-0.01547508,-3.095016,12.689565600000002,2.5379131200000002,fixed
64.88105759990867,32,0.8200000000000001,-0.01535095,-3.07019,12.587779000000003,2.5175558000000002,fixed
64.89276819990482,32,0.8200000000000001,-0.01509715,-3.0194300000000003,12.379663,2.4759326000000006,fixed
64.90441169997212,32,0.8200000000000001,-0.01480025,-2.96005,12.136205,2.427241,fixed
64.91589579998981,32,0.8200000000000001,-0.01457292,-2.914584,11.9497944,2.3899588800000005,fixed
64.92748819990084,32,0.8200000000000001,-0.01505611,-3.0112219999999996,12.3460102,2.46920204,fixed
64.93912110000383,32,0.8200000000000001,-0.01545934,-3.0918680000000003,12.6766588,2.5353317600000005,fixed
64.95081229996867,32,0.8200000000000001,-0.0153927,-3.07854,12.622014,2.5244028,fixed
64.9624998999061,32,0.8200000000000001,-0.01513607,-3.027214,12.4115774,2.48231548,fixed
64.97407339990605,32,0.8200000000000001,-0.01484589,-2.9691780000000003,12.173629800000002,2.4347259600000006,fixed
64.98563089990057,32,0.8200000000000001,-0.0145532,-2.91064,11.933624000000002,2.3867248,fixed
64.99721049994696,32,0.8200000000000001,-0.01496547,-2.993094,12.2716854,2.45433708,fixed
65.00896149990149,32,0.8200000000000001,-0.0154412,-3.08824,12.661784,2.5323568,fixed
65.02052019990515,32,0.8200000000000001,-0.01541217,-3.082434,12.6379794,2.5275958800000002,fixed
65.03219039994292,32,0.8200000000000001,-0.01519929,-3.039858,12.463417800000002,2.49268356,fixed
65.04378309997264,32,0.8200000000000001,-0.01490549,-2.9810980000000002,12.2225018,2.4445003600000006,fixed
65.05550669995137,32,0.8200000000000001,-0.01458817,-2.917634,11.962299400000001,2.39245988,fixed
65.067073199898,32,0.8200000000000001,-0.01485625,-2.97125,12.182125000000001,2.4364250000000003,fixed
65.07865729997866,32,0.8200000000000001,-0.01541782,-3.083564,12.6426124,2.5285224800000003,fixed
65.09019469993655,32,0.8200000000000001,-0.01544468,-3.088936,12.664637600000002,2.5329275200000003,fixed
65.10204199992586,32,0.8200000000000001,-0.01520499,-3.040998,12.468091800000002,2.49361836,fixed
65.11380499997176,32,0.8200000000000001,-0.01492307,-2.984614,12.236917400000001,2.44738348,fixed
65.12541420001071,32,0.8200000000000001,-0.01460649,-2.9212979999999997,11.9773218,2.39546436,fixed
65.1370803999016,32,0.8200000000000001,-0.01483379,-2.9667579999999996,12.163707800000001,2.4327415599999997,fixed
65.14880759990774,32,0.8200000000000001,-0.01543671,-3.087342,12.6581022,2.53162044,fixed
65.1603921999922,32,0.8200000000000001,-0.01541718,-3.083436,12.6420876,2.52841752,fixed
65.17191959999036,32,0.8200000000000001,-0.01521498,-3.0429959999999996,12.4762836,2.49525672,fixed
65.18359509995207,32,0.8200000000000001,-0.01495004,-2.990008,12.2590328,2.45180656,fixed
65.1951864999719,32,0.8200000000000001,-0.01465159,-2.930318,12.0143038,2.4028607600000003,fixed
65.20663049991708,32,0.8200000000000001,-0.01475802,-2.951604,12.1015764,2.42031528,fixed
65.21824899991043,32,0.8200000000000001,-0.01531024,-3.062048,12.554396800000001,2.51087936,fixed
65.2300169999944,32,0.8200000000000001,-0.0154656,-3.09312,12.681792000000002,2.5363584,fixed
65.24156259989832,32,0.8200000000000001,-0.01528213,-3.056426,12.5313466,2.5062693200000004,fixed
65.25316719990224,32,0.8200000000000001,-0.01501097,-3.0021940000000003,12.308995400000002,2.4617990800000005,fixed
65.26495439989958,32,0.8200000000000001,-0.01469592,-2.939184,12.0506544,2.41013088,fixed
65.27678449999075,32,0.8200000000000001,-0.01472661,-2.945322,12.0758202,2.41516404,fixed
65.28877149999607,32,0.8200000000000001,-0.01539254,-3.0785080000000002,12.621882800000002,2.5243765600000003,fixed
65.3006867999211,32,0.8200000000000001,-0.01540931,-3.081862,12.6356342,2.52712684,fixed
65.31256939994637,32,0.8200000000000001,-0.01514404,-3.0288079999999997,12.418112800000001,2.48362256,fixed
65.32447240001056,32,0.8200000000000001,-0.01482885,-2.96577,12.159657000000001,2.4319314000000003,fixed
65.33633789990563,32,0.8200000000000001,-0.01460893,-2.921786,11.9793226,2.3958645200000004,fixed
65.3483120999299,32,0.8200000000000001,-0.01530715,-3.06143,12.551863,2.5103726,fixed
65.3602908999892,32,0.8200000000000001,-0.01545811,-3.091622,12.675650200000002,2.5351300400000003,fixed
65.37224679999053,32,0.8200000000000001,-0.01522574,-3.045148,12.4851068,2.49702136,fixed
65.38412539998535,32,0.8200000000000001,-0.01487578,-2.975156,12.198139600000001,2.4396279200000004,fixed
65.39586379996035,32,0.8200000000000001,-0.01457134,-2.9142680000000003,11.948498800000001,2.3896997600000005,fixed
65.40771059994586,32,0.8200000000000001,-0.01508775,-3.01755,12.371955000000002,2.4743910000000002,fixed
65.41957379993983,32,0.8200000000000001,-0.01547381,-3.094762,12.6885242,2.53770484,fixed
65.43154499994125,32,0.8200000000000001,-0.01531688,-3.063376,12.559841600000002,2.5119683200000003,fixed
65.44346579990815,32,0.8200000000000001,-0.01500249,-3.000498,12.302041800000001,2.46040836,fixed
65.45531230000779,32,0.8200000000000001,-0.01463202,-2.9264040000000002,11.998256400000002,2.3996512800000005,fixed
65.46706399996765,32,0.8200000000000001,-0.01484456,-2.968912,12.172539200000001,2.43450784,fixed
65.47874039993621,32,0.8200000000000001,-0.01542716,-3.085432,12.650271200000002,2.53005424,fixed
65.49056889989879,32,0.8200000000000001,-0.01542078,-3.084156,12.6450396,2.52900792,fixed
65.50255400000606,32,0.8200000000000001,-0.01517747,-3.035494,12.445525400000001,2.4891050800000003,fixed
65.51449579990003,32,0.8200000000000001,-0.01480415,-2.96083,12.139403000000001,2.4278806000000004,fixed
65.52643049997278,32,0.8200000000000001,-0.01460933,-2.921866,11.979650600000001,2.39593012,fixed
65.53830989997368,32,0.8200000000000001,-0.01529976,-3.059952,12.545803200000002,2.50916064,fixed
65.55018289992586,32,0.8200000000000001,-0.01545141,-3.090282,12.670156200000001,2.5340312400000005,fixed
65.56193779991008,32,0.8200000000000001,-0.01524354,-3.048708,12.499702800000001,2.49994056,fixed
65.57374089991208,32,0.8200000000000001,-0.01493264,-2.9865280000000003,12.244764800000002,2.4489529600000006,fixed
65.5855322999414,32,0.8200000000000001,-0.014591,-2.9181999999999997,11.96462,2.392924,fixed
65.59741569997277,32,0.8200000000000001,-0.01496184,-2.992368,12.268708800000002,2.45374176,fixed
65.6090097000124,32,0.8200000000000001,-0.01545619,-3.0912379999999997,12.6740758,2.53481516,fixed
65.62077959999442,32,0.8200000000000001,-0.01540356,-3.080712,12.630919200000001,2.5261838400000003,fixed
65.63247879990377,32,0.8200000000000001,-0.01515607,-3.0312140000000003,12.427977400000001,2.4855954800000006,fixed
65.64410599996336,32,0.8200000000000001,-0.01484792,-2.9695840000000002,12.175294400000002,2.43505888,fixed
65.65568919992074,32,0.8200000000000001,-0.01456689,-2.9133780000000002,11.9448498,2.3889699600000003,fixed
65.66737199993804,32,0.8200000000000001,-0.01494637,-2.989274,12.256023400000002,2.45120468,fixed
65.67918679991271,32,0.8200000000000001,-0.01545045,-3.09009,12.669369,2.5338738000000003,fixed
65.69082889996935,32,0.8200000000000001,-0.0153855,-3.0771,12.61611,2.5232220000000005,fixed
65.702479199972,32,0.8200000000000001,-0.01514316,-3.028632,12.4173912,2.48347824,fixed
65.71413929993287,32,0.8200000000000001,-0.01484658,-2.969316,12.174195600000001,2.4348391200000004,fixed
65.72570099995937,32,0.8200000000000001,-0.01455861,-2.911722,11.9380602,2.3876120400000005,fixed
65.73728619993199,32,0.8200000000000001,-0.01492246,-2.9844920000000004,12.2364172,2.4472834400000005,fixed
65.74906529998407,32,0.8200000000000001,-0.01543277,-3.086554,12.654871400000001,2.53097428,fixed
65.76065139996354,32,0.8200000000000001,-0.01539508,-3.079016,12.623965600000002,2.5247931200000004,fixed
65.77230859990232,32,0.8200000000000001,-0.01517626,-3.0352520000000003,12.444533200000002,2.4889066400000006,fixed
65.78406909992918,32,0.8200000000000001,-0.01487631,-2.975262,12.198574200000001,2.43971484,fixed
65.79596819996368,32,0.8200000000000001,-0.01456647,-2.9132939999999996,11.9445054,2.3889010799999997,fixed
65.80775669997092,32,0.8200000000000001,-0.01512876,-3.0257519999999998,12.4055832,2.48111664,fixed
65.81948830001056,32,0.8200000000000001,-0.01546167,-3.092334,12.6785694,2.5357138800000003,fixed
65.83125119993929,32,0.8200000000000001,-0.01534792,-3.069584,12.5852944,2.51705888,fixed
65.84292009996716,32,0.8200000000000001,-0.01508468,-3.016936,12.3694376,2.47388752,fixed
65.8546040999936,32,0.8200000000000001,-0.01477886,-2.955772,12.1186652,2.42373304,fixed
65.86621629993897,32,0.8200000000000001,-0.01459498,-2.918996,11.967883600000002,2.39357672,fixed
65.87804679991677,32,0.8200000000000001,-0.01522648,-3.045296,12.485713600000002,2.4971427200000003,fixed
65.889720999985,32,0.8200000000000001,-0.01546433,-3.092866,12.6807506,2.5361501200000003,fixed
65.90130019991193,32,0.8200000000000001,-0.01531424,-3.062848,12.557676800000001,2.51153536,fixed
65.91292779997457,32,0.8200000000000001,-0.01507868,-3.015736,12.364517600000001,2.47290352,fixed
65.92458260001149,32,0.8200000000000001,-0.01476366,-2.952732,12.106201200000001,2.4212402400000004,fixed
65.93609919992741,32,0.8200000000000001,-0.01458625,-2.91725,11.960725000000002,2.392145,fixed
65.94782199990004,32,0.8200000000000001,-0.01516893,-3.033786,12.438522600000002,2.4877045200000003,fixed
65.95949259994086,32,0.8200000000000001,-0.0154647,-3.0929399999999996,12.681054000000001,2.5362107999999997,fixed
65.97107329999562,32,0.8200000000000001,-0.01535262,-3.0705240000000003,12.589148400000001,2.51782968,fixed
65.98272339999676,32,0.8200000000000001,-0.01510917,-3.021834,12.3895194,2.4779038800000004,fixed
65.99429219996091,32,0.8200000000000001,-0.01480564,-2.961128,12.140624800000001,2.4281249600000003,fixed
66.00581529992633,32,0.8200000000000001,-0.01454915,-2.9098300000000004,11.930303000000002,2.3860606000000004,fixed
66.01758849993348,32,0.8200000000000001,-0.0150146,-3.00292,12.311972,2.4623944000000004,fixed
66.02953249996062,32,0.8200000000000001,-0.01546259,-3.092518,12.6793238,2.5358647600000004,fixed
66.04127829999197,32,0.8200000000000001,-0.01534326,-3.0686519999999997,12.5814732,2.51629464,fixed
66.05294540000614,32,0.8200000000000001,-0.01507961,-3.015922,12.365280200000003,2.4730560400000003,fixed
66.06474679999519,32,0.8200000000000001,-0.01473518,-2.9470359999999998,12.082847600000001,2.41656952,fixed
66.07654759997968,32,0.8200000000000001,-0.01462241,-2.9244820000000002,11.990376200000002,2.3980752400000003,fixed
66.08856800000649,32,0.8200000000000001,-0.01538066,-3.0761320000000003,12.612141200000002,2.5224282400000004,fixed
66.10038379998878,32,0.8200000000000001,-0.01544091,-3.088182,12.661546200000002,2.5323092400000005,fixed
66.11224309995305,32,0.8200000000000001,-0.01520558,-3.0411159999999997,12.4685756,2.49371512,fixed
66.12406850000843,32,0.8200000000000001,-0.01488387,-2.976774,12.2047734,2.44095468,fixed
66.13585719990078,32,0.8200000000000001,-0.01456163,-2.912326,11.940536600000001,2.3881073200000005,fixed
66.14771319995634,32,0.8200000000000001,-0.01511578,-3.023156,12.394939600000002,2.4789879200000002,fixed
66.1594123999821,32,0.8200000000000001,-0.01546916,-3.093832,12.6847112,2.53694224,fixed
66.17108699993696,32,0.8200000000000001,-0.01536152,-3.072304,12.596446400000001,2.51928928,fixed
66.18269839999266,32,0.8200000000000001,-0.01512845,-3.02569,12.405329000000002,2.4810658,fixed
66.19410159997642,32,0.8200000000000001,-0.01483997,-2.967994,12.1687754,2.43375508,fixed
66.20563809992746,32,0.8200000000000001,-0.01456196,-2.912392,11.940807200000002,2.38816144,fixed
66.21720869990531,32,0.8200000000000001,-0.01487275,-2.97455,12.195655000000002,2.439131,fixed
66.22882129997015,32,0.8200000000000001,-0.01541711,-3.0834219999999997,12.6420302,2.52840604,fixed
66.24029819993302,32,0.8200000000000001,-0.01542938,-3.085876,12.6520916,2.53041832,fixed
66.25176309992094,32,0.8200000000000001,-0.01525744,-3.051488,12.511100800000001,2.5022201600000002,fixed
66.2652792999288,33,0.8300000000000001,-0.01444046,-2.888092,11.9855818,2.39711636,fixed
66.27686240000185,33,0.8300000000000001,-0.01456099,-2.9121979999999996,12.0856217,2.41712434,fixed
66.28855940001085,33,0.8300000000000001,-0.01516928,-3.033856,12.590502400000002,2.51810048,fixed
66.30014690000098,33,0.8300000000000001,-0.01524662,-3.049324,12.654694600000003,2.53093892,fixed
66.3118158999132,33,0.8300000000000001,-0.01506275,-3.01255,12.5020825,2.5004165000000005,fixed
66.32370660000015,33,0.8300000000000001,-0.01476333,-2.952666,12.2535639,2.45071278,fixed
66.33551359991543,33,0.8300000000000001,-0.01439607,-2.879214,11.948738100000002,2.3897476200000005,fixed
66.34728819993325,33,0.8300000000000001,-0.0147304,-2.94608,12.226232,2.4452464000000003,fixed
66.35902420000639,33,0.8300000000000001,-0.01524755,-3.04951,12.655466500000003,2.5310933,fixed
66.37067519989796,33,0.8300000000000001,-0.01520806,-3.041612,12.622689800000002,2.5245379600000004,fixed
66.38249549991451,33,0.8300000000000001,-0.01497683,-2.9953659999999998,12.430768900000002,2.48615378,fixed
66.39435489999596,33,0.8300000000000001,-0.01465494,-2.930988,12.163600200000001,2.4327200400000004,fixed
66.40614450001158,33,0.8300000000000001,-0.01436788,-2.873576,11.925340400000001,2.38506808,fixed
66.41813899995759,33,0.8300000000000001,-0.01499418,-2.998836,12.445169400000001,2.48903388,fixed
66.43018089991529,33,0.8300000000000001,-0.01526627,-3.053254,12.671004100000001,2.53420082,fixed
66.4420100999996,33,0.8300000000000001,-0.01506121,-3.012242,12.500804300000002,2.5001608600000003,fixed
66.45379129995126,33,0.8300000000000001,-0.01474664,-2.949328,12.239711200000002,2.44794224,fixed
66.46558399999049,33,0.8300000000000001,-0.01440179,-2.880358,11.9534857,2.3906971400000003,fixed
66.47734270000365,33,0.8300000000000001,-0.014761,-2.9522,12.25163,2.450326,fixed
66.48894059995655,33,0.8300000000000001,-0.01523057,-3.046114,12.641373100000003,2.5282746200000004,fixed
66.5008674999699,33,0.8300000000000001,-0.01521249,-3.042498,12.6263667,2.5252733400000005,fixed
66.51257439993788,33,0.8300000000000001,-0.01495626,-2.9912520000000002,12.413695800000001,2.4827391600000004,fixed
66.52421539998613,33,0.8300000000000001,-0.01465027,-2.930054,12.159724100000002,2.4319448200000005,fixed
66.53572139993776,33,0.8300000000000001,-0.01436957,-2.873914,11.926743100000001,2.3853486200000003,fixed
66.5473724999465,33,0.8300000000000001,-0.01475389,-2.950778,12.2457287,2.4491457400000005,fixed
66.55920049990527,33,0.8300000000000001,-0.01525447,-3.050894,12.6612101,2.5322420200000004,fixed
66.5709041999653,33,0.8300000000000001,-0.01518904,-3.0378079999999996,12.6069032,2.52138064,fixed
66.58242999995127,33,0.8300000000000001,-0.01496615,-2.9932299999999996,12.4219045,2.4843808999999997,fixed
66.59411519998685,33,0.8300000000000001,-0.01468017,-2.936034,12.1845411,2.43690822,fixed
66.60582820000127,33,0.8300000000000001,-0.01437144,-2.874288,11.9282952,2.38565904,fixed
66.6175113999052,33,0.8300000000000001,-0.01479327,-2.958654,12.2784141,2.4556828200000003,fixed
66.62906349997502,33,0.8300000000000001,-0.01525808,-3.051616,12.664206400000001,2.5328412800000004,fixed
66.64066499995533,33,0.8300000000000001,-0.01520901,-3.041802,12.6234783,2.5246956600000003,fixed
66.65222489996813,33,0.8300000000000001,-0.01499803,-2.999606,12.448364900000001,2.4896729800000004,fixed
66.66375269996934,33,0.8300000000000001,-0.01471989,-2.943978,12.217508700000002,2.4435017400000003,fixed
66.67529589997139,33,0.8300000000000001,-0.01442833,-2.8856659999999996,11.9755139,2.3951027799999998,fixed
66.68682369997259,33,0.8300000000000001,-0.0145582,-2.9116400000000002,12.083306000000002,2.4166612000000005,fixed
66.69852320000064,33,0.8300000000000001,-0.01514656,-3.029312,12.5716448,2.5143289600000003,fixed
66.71010399993975,33,0.8300000000000001,-0.01525394,-3.050788,12.660770200000002,2.53215404,fixed
66.72170160000678,33,0.8300000000000001,-0.01507361,-3.014722,12.5110963,2.50221926,fixed
66.733551699901,33,0.8300000000000001,-0.01478398,-2.9567959999999998,12.2707034,2.45414068,fixed
66.74514539993834,33,0.8300000000000001,-0.01444329,-2.888658,11.9879307,2.39758614,fixed
66.75671459990554,33,0.8300000000000001,-0.01449691,-2.899382,12.032435300000001,2.4064870600000003,fixed
66.76837659999728,33,0.8300000000000001,-0.01511984,-3.023968,12.5494672,2.5098934400000004,fixed
66.78003699996043,33,0.8300000000000001,-0.01525429,-3.0508580000000003,12.6610607,2.5322121400000004,fixed
66.79160789994057,33,0.8300000000000001,-0.01508421,-3.016842,12.519894300000002,2.50397886,fixed
66.80314669990912,33,0.8300000000000001,-0.01482338,-2.964676,12.303405400000003,2.46068108,fixed
66.81467939994764,33,0.8300000000000001,-0.01455428,-2.910856,12.080052400000001,2.41601048,fixed
66.82619559997693,33,0.8300000000000001,-0.01439907,-2.879814,11.951228100000002,2.3902456200000004,fixed
66.8378209999064,33,0.8300000000000001,-0.01491817,-2.983634,12.3820811,2.47641622,fixed
66.84939149999991,33,0.8300000000000001,-0.01527058,-3.054116,12.674581400000001,2.5349162800000005,fixed
66.86082820000593,33,0.8300000000000001,-0.01517992,-3.035984,12.5993336,2.5198667200000004,fixed
66.87247369997203,33,0.8300000000000001,-0.0149839,-2.99678,12.436637000000001,2.4873274000000003,fixed
66.8841663999483,33,0.8300000000000001,-0.01467661,-2.935322,12.1815863,2.4363172600000005,fixed
66.89568680000957,33,0.8300000000000001,-0.01436586,-2.873172,11.923663800000002,2.38473276,fixed
66.90727809991222,33,0.8300000000000001,-0.01469307,-2.9386140000000003,12.195248100000002,2.4390496200000005,fixed
66.91871339990757,33,0.8300000000000001,-0.01520929,-3.0418580000000004,12.623710700000002,2.5247421400000007,fixed
66.930349299917,33,0.8300000000000001,-0.01524284,-3.0485680000000004,12.651557200000001,2.5303114400000006,fixed
66.94178819993977,33,0.8300000000000001,-0.01504523,-3.009046,12.4875409,2.4975081800000005,fixed
66.95327389996964,33,0.8300000000000001,-0.0148014,-2.96028,12.285162,2.4570324,fixed
66.96482200000901,33,0.8300000000000001,-0.01452594,-2.905188,12.056530200000001,2.41130604,fixed
66.97643089992926,33,0.8300000000000001,-0.01442546,-2.8850919999999998,11.973131799999999,2.39462636,fixed
66.9882858999772,33,0.8300000000000001,-0.01501296,-3.0025920000000004,12.460756800000002,2.4921513600000007,fixed
67.00016950001009,33,0.8300000000000001,-0.01525402,-3.0508040000000003,12.660836600000001,2.5321673200000006,fixed
67.01189159997739,33,0.8300000000000001,-0.01505774,-3.0115480000000003,12.497924200000002,2.4995848400000007,fixed
67.02390289993491,33,0.8300000000000001,-0.01476658,-2.953316,12.256261400000001,2.4512522800000003,fixed
67.03578439995181,33,0.8300000000000001,-0.01437724,-2.8754479999999996,11.9331092,2.3866218399999997,fixed
67.04758989997208,33,0.8300000000000001,-0.01481147,-2.962294,12.293520100000002,2.4587040200000003,fixed
67.05949079990387,33,0.8300000000000001,-0.01526713,-3.053426,12.6717179,2.5343435800000003,fixed
67.07125329994597,33,0.8300000000000001,-0.01515217,-3.030434,12.576301100000002,2.5152602200000005,fixed
67.08305939997081,33,0.8300000000000001,-0.01487967,-2.9759339999999996,12.3501261,2.4700252199999997,fixed
67.09489879989997,33,0.8300000000000001,-0.01455932,-2.9118640000000005,12.084235600000001,2.416847120000001,fixed
67.10675309994258,33,0.8300000000000001,-0.01446269,-2.892538,12.004032700000002,2.40080654,fixed
67.11856969993096,33,0.8300000000000001,-0.01515619,-3.031238,12.579637700000001,2.5159275400000003,fixed
67.13033549999818,33,0.8300000000000001,-0.01524459,-3.048918,12.653009700000002,2.5306019400000004,fixed
67.14203809993342,33,0.8300000000000001,-0.0150163,-3.00326,12.463529000000001,2.4927058000000004,fixed
67.15358869999181,33,0.8300000000000001,-0.01475751,-2.951502,12.2487333,2.44974666,fixed
67.16503119992558,33,0.8300000000000001,-0.01447066,-2.894132,12.010647800000001,2.40212956,fixed
67.17653579998296,33,0.8300000000000001,-0.01445953,-2.8919059999999996,12.0014099,2.40028198,fixed
67.18799979996402,33,0.8300000000000001,-0.0150639,-3.0127800000000002,12.503037,2.5006074000000003,fixed
67.19942349998746,33,0.8300000000000001,-0.01526285,-3.0525700000000002,12.6681655,2.5336331000000003,fixed
67.21084069996141,33,0.8300000000000001,-0.0151794,-3.0358799999999997,12.598902,2.5197804,fixed
67.22250809997786,33,0.8300000000000001,-0.0149797,-2.99594,12.433151000000002,2.4866302000000005,fixed
67.233987399959,33,0.8300000000000001,-0.01467855,-2.93571,12.183196500000001,2.4366393,fixed
67.24550199997611,33,0.8300000000000001,-0.01438725,-2.87745,11.9414175,2.3882835000000004,fixed
67.25696269993205,33,0.8300000000000001,-0.01462039,-2.924078,12.134923700000002,2.4269847400000004,fixed
67.26847599993926,33,0.8300000000000001,-0.01516318,-3.032636,12.5854394,2.5170878800000005,fixed
67.28012059989851,33,0.8300000000000001,-0.01525561,-3.051122,12.662156300000001,2.53243126,fixed
67.29175719991326,33,0.8300000000000001,-0.01509223,-3.018446,12.5265509,2.5053101800000004,fixed
67.30350629996974,33,0.8300000000000001,-0.01480808,-2.9616160000000002,12.2907064,2.4581412800000004,fixed
67.31570669997018,33,0.8300000000000001,-0.01440306,-2.880612,11.954539800000003,2.3909079600000003,fixed
67.32770709996112,33,0.8300000000000001,-0.0148011,-2.96022,12.284913,2.4569826000000003,fixed
67.33964829996694,33,0.8300000000000001,-0.01526587,-3.0531740000000003,12.670672100000003,2.5341344200000004,fixed
67.35180579998996,33,0.8300000000000001,-0.0151006,-3.02012,12.533498000000002,2.5066996,fixed
67.36380849999841,33,0.8300000000000001,-0.01475274,-2.9505480000000004,12.2447742,2.4489548400000007,fixed
67.37600579997525,33,0.8300000000000001,-0.01436522,-2.8730439999999997,11.9231326,2.38462652,fixed
67.38806309993379,33,0.8300000000000001,-0.01494196,-2.988392,12.401826800000002,2.4803653600000004,fixed
67.40014369995333,33,0.8300000000000001,-0.01525842,-3.051684,12.6644886,2.5328977200000002,fixed
67.41240599995945,33,0.8300000000000001,-0.01502402,-3.004804,12.469936600000002,2.4939873200000005,fixed
67.42453069996554,33,0.8300000000000001,-0.01463895,-2.92779,12.1503285,2.4300657,fixed
67.4365325999679,33,0.8300000000000001,-0.01440608,-2.8812159999999998,11.957046400000001,2.39140928,fixed
67.44853399996646,33,0.8300000000000001,-0.01512392,-3.024784,12.552853600000002,2.51057072,fixed
67.46067029994447,33,0.8300000000000001,-0.01523651,-3.0473019999999997,12.646303300000001,2.52926066,fixed
67.47271919995546,33,0.8300000000000001,-0.01497917,-2.995834,12.4327111,2.48654222,fixed
67.48471089999657,33,0.8300000000000001,-0.01459014,-2.918028,12.109816200000001,2.42196324,fixed
67.49694549990818,33,0.8300000000000001,-0.01447995,-2.8959900000000003,12.018358500000001,2.4036717000000003,fixed
67.5090416999301,33,0.8300000000000001,-0.01521283,-3.042566,12.626648900000001,2.5253297800000003,fixed
67.52120149997063,33,0.8300000000000001,-0.0151742,-3.03484,12.594586000000001,2.5189172,fixed
67.53352119994815,33,0.8300000000000001,-0.01482407,-2.964814,12.303978100000002,2.4607956200000003,fixed
67.54551939992234,33,0.8300000000000001,-0.01441164,-2.8823280000000002,11.961661200000002,2.3923322400000004,fixed
67.55757659999654,33,0.8300000000000001,-0.01469439,-2.938878,12.1963437,2.43926874,fixed
67.56945359997917,33,0.8300000000000001,-0.01526125,-3.05225,12.666837500000002,2.5333675,fixed
67.58142489998136,33,0.8300000000000001,-0.01514001,-3.028002,12.566208300000001,2.5132416600000003,fixed
67.59358829993289,33,0.8300000000000001,-0.01483592,-2.9671840000000005,12.313813600000001,2.4627627200000006,fixed
67.60567459999584,33,0.8300000000000001,-0.01441387,-2.8827740000000004,11.963512100000003,2.3927024200000004,fixed
67.61771369993221,33,0.8300000000000001,-0.01479523,-2.959046,12.280040900000001,2.45600818,fixed
67.62972389999777,33,0.8300000000000001,-0.01527288,-3.054576,12.676490400000002,2.53529808,fixed
67.64213789999485,33,0.8300000000000001,-0.0150525,-3.0105,12.493575000000002,2.4987150000000002,fixed
67.65416889998596,33,0.8300000000000001,-0.0147041,-2.9408199999999995,12.204403000000001,2.4408806,fixed
67.6662248999346,33,0.8300000000000001,-0.01436938,-2.873876,11.9265854,2.38531708,fixed
67.6784535999177,33,0.8300000000000001,-0.01502359,-3.004718,12.4695797,2.4939159400000004,fixed
67.69068509992212,33,0.8300000000000001,-0.01524346,-3.048692,12.652071800000002,2.53041436,fixed
67.70263879990671,33,0.8300000000000001,-0.01496869,-2.993738,12.4240127,2.48480254,fixed
67.71462489990517,33,0.8300000000000001,-0.01461788,-2.9235759999999997,12.132840400000001,2.42656808,fixed
67.7266405998962,33,0.8300000000000001,-0.01442894,-2.885788,11.9760202,2.39520404,fixed
67.73861769994255,33,0.8300000000000001,-0.01514428,-3.028856,12.5697524,2.5139504800000005,fixed
67.75063589995261,33,0.8300000000000001,-0.0152426,-3.04852,12.651358000000002,2.5302716000000003,fixed
67.76273259997834,33,0.8300000000000001,-0.01497602,-2.995204,12.4300966,2.4860193200000005,fixed
67.77486549993046,33,0.8300000000000001,-0.01459821,-2.919642,12.1165143,2.42330286,fixed
67.78707479999866,33,0.8300000000000001,-0.01447459,-2.894918,12.013909700000003,2.40278194,fixed
67.79921969992574,33,0.8300000000000001,-0.01523859,-3.047718,12.6480297,2.52960594,fixed
67.81123029999435,33,0.8300000000000001,-0.01518112,-3.036224,12.6003296,2.52006592,fixed
67.8232202999061,33,0.8300000000000001,-0.01488264,-2.976528,12.352591200000003,2.47051824,fixed
67.83519479993265,33,0.8300000000000001,-0.01451623,-2.903246,12.0484709,2.4096941800000002,fixed
67.84728799993172,33,0.8300000000000001,-0.01460344,-2.920688,12.120855200000001,2.4241710400000005,fixed
67.85938719997648,33,0.8300000000000001,-0.01525766,-3.051532,12.6638578,2.53277156,fixed
67.87123259995133,33,0.8300000000000001,-0.01516439,-3.0328779999999997,12.586443700000002,2.51728874,fixed
67.8826895999955,33,0.8300000000000001,-0.01492422,-2.984844,12.387102600000002,2.47742052,fixed
67.89415750000626,33,0.8300000000000001,-0.014669,-2.9338,12.17527,2.4350540000000005,fixed
67.90573189989664,33,0.8300000000000001,-0.01438918,-2.877836,11.9430194,2.3886038800000002,fixed
67.91728870000225,33,0.8300000000000001,-0.01471686,-2.943372,12.2149938,2.4429987600000005,fixed
67.92889529990498,33,0.8300000000000001,-0.01522261,-3.0445219999999997,12.6347663,2.52695326,fixed
67.94047919998411,33,0.8300000000000001,-0.01524412,-3.048824,12.652619600000001,2.5305239200000003,fixed
67.95192089991178,33,0.8300000000000001,-0.01505315,-3.01063,12.4941145,2.4988229,fixed
67.96355729992501,33,0.8300000000000001,-0.01479483,-2.9589659999999998,12.279708900000001,2.45594178,fixed
67.97522299992852,33,0.8300000000000001,-0.01448786,-2.897572,12.024923800000002,2.40498476,fixed
67.98694149998482,33,0.8300000000000001,-0.01451373,-2.902746,12.046395900000002,2.4092791800000004,fixed
67.9986183999572,33,0.8300000000000001,-0.01516876,-3.0337520000000002,12.590070800000001,2.5180141600000003,fixed
68.01006789994426,33,0.8300000000000001,-0.0152636,-3.05272,12.668788000000003,2.5337576,fixed
68.02161469997372,33,0.8300000000000001,-0.01509874,-3.019748,12.531954200000001,2.50639084,fixed
68.0332351999823,33,0.8300000000000001,-0.01486147,-2.972294,12.335020100000001,2.4670040200000005,fixed
68.04457009991165,33,0.8300000000000001,-0.01458914,-2.917828,12.108986200000002,2.42179724,fixed
68.05618079996202,33,0.8300000000000001,-0.01438149,-2.876298,11.936636700000001,2.38732734,fixed
68.06771929992829,33,0.8300000000000001,-0.01489651,-2.9793019999999997,12.364103300000002,2.47282066,fixed
68.07937499997206,33,0.8300000000000001,-0.01526772,-3.053544,12.6722076,2.53444152,fixed
68.09120989998337,33,0.8300000000000001,-0.015191,-3.0382,12.608530000000002,2.521706,fixed
68.10333019995596,33,0.8300000000000001,-0.01488782,-2.977564,12.3568906,2.4713781200000002,fixed
68.11519169993699,33,0.8300000000000001,-0.01450797,-2.9015940000000002,12.041615100000001,2.4083230200000005,fixed
68.12727699999232,33,0.8300000000000001,-0.01459172,-2.9183440000000003,12.111127600000001,2.4222255200000005,fixed
68.13936459994875,33,0.8300000000000001,-0.01526435,-3.05287,12.6694105,2.5338821,fixed
68.15124169993214,33,0.8300000000000001,-0.01517021,-3.034042,12.591274300000002,2.5182548600000003,fixed
68.16288799990434,33,0.8300000000000001,-0.01490449,-2.980898,12.3707267,2.47414534,fixed
68.17463289992884,33,0.8300000000000001,-0.01460223,-2.920446,12.119850900000001,2.4239701800000004,fixed
68.1862668999238,33,0.8300000000000001,-0.01438451,-2.876902,11.939143300000001,2.3878286600000003,fixed
68.19771969993599,33,0.8300000000000001,-0.01494139,-2.988278,12.401353700000001,2.4802707400000004,fixed
68.20913599990308,33,0.8300000000000001,-0.01526413,-3.0528260000000005,12.669227900000001,2.533845580000001,fixed
68.22056229994632,33,0.8300000000000001,-0.01522367,-3.044734,12.635646100000002,2.5271292200000004,fixed
68.23201389994938,33,0.8300000000000001,-0.01503805,-3.00761,12.481581500000003,2.4963163,fixed
68.24345099995844,33,0.8300000000000001,-0.01478734,-2.957468,12.273492200000002,2.45469844,fixed
68.25484959990717,33,0.8300000000000001,-0.0145253,-2.9050599999999998,12.055999000000002,2.4111998,fixed
68.26785490009934,34,0.8200000000000001,-0.01518029,-3.036058,12.447837800000002,2.4895675600000002,fixed
68.27931290003471,34,0.8200000000000001,-0.0154673,-3.09346,12.683186000000001,2.5366372,fixed
68.2907639000332,34,0.8200000000000001,-0.01539292,-3.0785839999999998,12.6221944,2.52443888,fixed
68.30219830013812,34,0.8200000000000001,-0.01519764,-3.039528,12.4620648,2.4924129600000002,fixed
68.31367020006292,34,0.8200000000000001,-0.01494726,-2.989452,12.256753200000002,2.4513506400000002,fixed
68.32516430004034,34,0.8200000000000001,-0.01466411,-2.932822,12.024570200000001,2.40491404,fixed
68.33684800006449,34,0.8200000000000001,-0.01467776,-2.935552,12.0357632,2.40715264,fixed
68.34844060009345,34,0.8200000000000001,-0.01529404,-3.058808,12.5411128,2.50822256,fixed
68.3601036000764,34,0.8200000000000001,-0.01546631,-3.093262,12.6823742,2.5364748400000003,fixed
68.37155580008402,34,0.8200000000000001,-0.01531241,-3.062482,12.556176200000001,2.5112352400000004,fixed
68.38311890012119,34,0.8200000000000001,-0.01507867,-3.015734,12.364509400000001,2.47290188,fixed
68.39488370006438,34,0.8200000000000001,-0.01475964,-2.9519279999999997,12.1029048,2.42058096,fixed
68.40653560007922,34,0.8200000000000001,-0.01462362,-2.9247240000000003,11.9913684,2.3982736800000004,fixed
68.41822110011708,34,0.8200000000000001,-0.0152508,-3.05016,12.505656,2.5011312,fixed
68.42997410008684,34,0.8200000000000001,-0.0154769,-3.09538,12.691058000000002,2.5382116000000003,fixed
68.44158690003678,34,0.8200000000000001,-0.01530924,-3.0618480000000003,12.5535768,2.5107153600000003,fixed
68.45315050007775,34,0.8200000000000001,-0.01506106,-3.012212,12.3500692,2.47001384,fixed
68.46483100007754,34,0.8200000000000001,-0.01476714,-2.9534279999999997,12.109054800000001,2.4218109599999997,fixed
68.47650510002859,34,0.8200000000000001,-0.01462102,-2.924204,11.989236400000001,2.39784728,fixed
68.4879563000286,34,0.8200000000000001,-0.01520753,-3.041506,12.470174600000002,2.4940349200000003,fixed
68.49945370003115,34,0.8200000000000001,-0.01547269,-3.094538,12.687605800000002,2.5375211600000003,fixed
68.51113520003855,34,0.8200000000000001,-0.01538508,-3.077016,12.615765600000001,2.5231531200000004,fixed
68.52250150009058,34,0.8200000000000001,-0.01516222,-3.0324440000000004,12.433020400000002,2.4866040800000007,fixed
68.53397110011429,34,0.8200000000000001,-0.014909,-2.9818000000000002,12.225380000000001,2.4450760000000002,fixed
68.54566120007075,34,0.8200000000000001,-0.0145988,-2.91976,11.971016,2.3942032,fixed
68.5572241001064,34,0.8200000000000001,-0.01484829,-2.969658,12.175597800000002,2.43511956,fixed
68.56877050013281,34,0.8200000000000001,-0.01540115,-3.0802300000000002,12.628943000000001,2.5257886000000003,fixed
68.58024470007513,34,0.8200000000000001,-0.01545207,-3.090414,12.670697400000002,2.5341394800000003,fixed
68.59189450007398,34,0.8200000000000001,-0.01528825,-3.0576499999999998,12.536365,2.507273,fixed
68.60387550003361,34,0.8200000000000001,-0.01497248,-2.994496,12.2774336,2.45548672,fixed
68.6159793001134,34,0.8200000000000001,-0.01458944,-2.917888,11.963340800000001,2.3926681600000004,fixed
68.6283195001306,34,0.8200000000000001,-0.01519638,-3.039276,12.461031600000002,2.49220632,fixed
68.64027750003152,34,0.8200000000000001,-0.01546446,-3.092892,12.680857200000002,2.5361714400000004,fixed
68.65222120005637,34,0.8200000000000001,-0.01525358,-3.050716,12.507935600000001,2.5015871200000004,fixed
68.66421660012566,34,0.8200000000000001,-0.01491866,-2.9837320000000003,12.233301200000001,2.4466602400000004,fixed
68.67630460008513,34,0.8200000000000001,-0.01457258,-2.914516,11.9495156,2.38990312,fixed
68.68858730013017,34,0.8200000000000001,-0.0152326,-3.04652,12.490732000000001,2.4981464000000004,fixed
68.70069010008592,34,0.8200000000000001,-0.01544636,-3.089272,12.6660152,2.53320304,fixed
68.71288930007722,34,0.8200000000000001,-0.01517921,-3.0358419999999997,12.446952200000002,2.4893904399999998,fixed
68.72498400008772,34,0.8200000000000001,-0.01476321,-2.952642,12.105832200000002,2.4211664400000004,fixed
68.73710260004736,34,0.8200000000000001,-0.01469344,-2.938688,12.048620800000002,2.40972416,fixed
68.74923410010524,34,0.8200000000000001,-0.01544659,-3.089318,12.666203800000002,2.53324076,fixed
68.76122320012655,34,0.8200000000000001,-0.01538042,-3.0760840000000003,12.611944400000002,2.5223888800000003,fixed
68.77299930003937,34,0.8200000000000001,-0.01513211,-3.026422,12.408330200000002,2.4816660400000004,fixed
68.78505910013337,34,0.8200000000000001,-0.01475261,-2.950522,12.0971402,2.41942804,fixed
68.79732950008474,34,0.8200000000000001,-0.0147065,-2.9413,12.059330000000001,2.4118660000000003,fixed
68.80943020002451,34,0.8200000000000001,-0.01544957,-3.089914,12.6686474,2.53372948,fixed
68.8215420000488,34,0.8200000000000001,-0.01536223,-3.072446,12.597028600000002,2.51940572,fixed
68.8335117000388,34,0.8200000000000001,-0.01504397,-3.008794,12.336055400000001,2.4672110800000002,fixed
68.8457567000296,34,0.8200000000000001,-0.01465074,-2.930148,12.013606800000002,2.40272136,fixed
68.85772860003635,34,0.8200000000000001,-0.0149975,-2.9995000000000003,12.297950000000002,2.4595900000000004,fixed
68.86988930008374,34,0.8200000000000001,-0.01547702,-3.095404,12.6911564,2.53823128,fixed
68.88195690012071,34,0.8200000000000001,-0.01528883,-3.057766,12.536840600000001,2.50736812,fixed
68.89393960009329,34,0.8200000000000001,-0.01496377,-2.992754,12.270291400000001,2.4540582800000004,fixed
68.90559270011727,34,0.8200000000000001,-0.01458501,-2.917002,11.959708200000001,2.39194164,fixed
68.91697040002327,34,0.8200000000000001,-0.01479371,-2.958742,12.1308422,2.42616844,fixed
68.92843640013598,34,0.8200000000000001,-0.01534345,-3.0686899999999997,12.581629000000001,2.5163257999999997,fixed
68.94013310002629,34,0.8200000000000001,-0.01546494,-3.092988,12.6812508,2.5362501600000003,fixed
68.95180860010441,34,0.8200000000000001,-0.01530036,-3.0600720000000003,12.546295200000001,2.5092590400000003,fixed
68.96357770008035,34,0.8200000000000001,-0.01503099,-3.006198,12.3254118,2.4650823600000003,fixed
68.97506080009043,34,0.8200000000000001,-0.01470428,-2.940856,12.0575096,2.41150192,fixed
68.98674280010164,34,0.8200000000000001,-0.01464584,-2.9291679999999998,12.009588800000001,2.40191776,fixed
68.99834740010556,34,0.8200000000000001,-0.01526484,-3.052968,12.5171688,2.50343376,fixed
69.01023770007305,34,0.8200000000000001,-0.01547566,-3.0951320000000004,12.690041200000001,2.5380082400000004,fixed
69.02258860005531,34,0.8200000000000001,-0.0152196,-3.04392,12.480072,2.4960144,fixed
69.034516200074,34,0.8200000000000001,-0.01484664,-2.969328,12.1742448,2.43484896,fixed
69.04662530007772,34,0.8200000000000001,-0.01458164,-2.916328,11.9569448,2.39138896,fixed
69.05869560013525,34,0.8200000000000001,-0.01532082,-3.0641640000000003,12.563072400000001,2.5126144800000003,fixed
69.07054330012761,34,0.8200000000000001,-0.01545481,-3.090962,12.672944200000002,2.5345888400000005,fixed
69.08236860006582,34,0.8200000000000001,-0.01524027,-3.048054,12.497021400000001,2.4994042800000003,fixed
69.09439750004094,34,0.8200000000000001,-0.01486928,-2.973856,12.192809600000002,2.43856192,fixed
69.10618660005275,34,0.8200000000000001,-0.01456618,-2.913236,11.944267600000002,2.38885352,fixed
69.11799530009739,34,0.8200000000000001,-0.01508158,-3.016316,12.366895600000001,2.47337912,fixed
69.12997270002961,34,0.8200000000000001,-0.0154759,-3.09518,12.690238,2.5380476,fixed
69.14178420009557,34,0.8200000000000001,-0.01531593,-3.063186,12.5590626,2.5118125200000003,fixed
69.1537559001008,34,0.8200000000000001,-0.01498685,-2.9973699999999996,12.289217,2.4578434,fixed
69.16554460010957,34,0.8200000000000001,-0.01465109,-2.930218,12.013893800000002,2.4027787600000003,fixed
69.17755000013858,34,0.8200000000000001,-0.01486392,-2.972784,12.1884144,2.43768288,fixed
69.18955050013028,34,0.8200000000000001,-0.01544706,-3.0894120000000003,12.666589200000002,2.5333178400000005,fixed
69.20151790010277,34,0.8200000000000001,-0.01533653,-3.067306,12.5759546,2.51519092,fixed
69.21357570006512,34,0.8200000000000001,-0.01505455,-3.01091,12.344731000000001,2.4689462,fixed
69.22589440003503,34,0.8200000000000001,-0.01460863,-2.921726,11.9790766,2.39581532,fixed
69.23759400006384,34,0.8200000000000001,-0.0150397,-3.00794,12.332554,2.4665108000000004,fixed
69.2490355001064,34,0.8200000000000001,-0.01544426,-3.088852,12.664293200000001,2.53285864,fixed
69.26075670006685,34,0.8200000000000001,-0.01542519,-3.085038,12.6486558,2.5297311600000003,fixed
69.2724849000806,34,0.8200000000000001,-0.0152097,-3.04194,12.471954,2.4943908,fixed
69.28415540012065,34,0.8200000000000001,-0.01491147,-2.982294,12.2274054,2.44548108,fixed
69.29584680008702,34,0.8200000000000001,-0.01458102,-2.916204,11.956436400000001,2.3912872800000002,fixed
69.30730290012434,34,0.8200000000000001,-0.01490905,-2.9818100000000003,12.225421,2.4450842000000006,fixed
69.31898900005035,34,0.8200000000000001,-0.01540926,-3.081852,12.635593199999999,2.5271186400000003,fixed
69.33053140004631,34,0.8200000000000001,-0.01544596,-3.0891919999999997,12.6656872,2.53313744,fixed
69.34235570009332,34,0.8200000000000001,-0.01524394,-3.0487879999999996,12.500030800000001,2.50000616,fixed
69.35429110005498,34,0.8200000000000001,-0.01492311,-2.984622,12.2369502,2.44739004,fixed
69.36622450011782,34,0.8200000000000001,-0.01457645,-2.9152899999999997,11.952689000000001,2.3905378,fixed
69.37808780011255,34,0.8200000000000001,-0.01517363,-3.034726,12.442376600000001,2.48847532,fixed
69.38984590012114,34,0.8200000000000001,-0.01547696,-3.095392,12.691107200000001,2.53822144,fixed
69.40160480013583,34,0.8200000000000001,-0.01533025,-3.0660499999999997,12.570805,2.514161,fixed
69.41342800005805,34,0.8200000000000001,-0.01504657,-3.0093140000000003,12.3381874,2.4676374800000005,fixed
69.42531310010236,34,0.8200000000000001,-0.01471227,-2.942454,12.064061400000002,2.4128122800000003,fixed
69.43709970009513,34,0.8200000000000001,-0.01473941,-2.947882,12.0863162,2.41726324,fixed
69.44893430010416,34,0.8200000000000001,-0.01538932,-3.077864,12.619242400000001,2.5238484800000003,fixed
69.46081090008374,34,0.8200000000000001,-0.01543671,-3.087342,12.6581022,2.53162044,fixed
69.47279640007764,34,0.8200000000000001,-0.01518713,-3.037426,12.453446600000001,2.49068932,fixed
69.48463810002431,34,0.8200000000000001,-0.01483437,-2.966874,12.1641834,2.43283668,fixed
69.49646340007894,34,0.8200000000000001,-0.01459207,-2.918414,11.9654974,2.39309948,fixed
69.50826520007104,34,0.8200000000000001,-0.01520207,-3.0404139999999997,12.465697400000002,2.49313948,fixed
69.5200834000716,34,0.8200000000000001,-0.01547644,-3.0952879999999996,12.690680799999999,2.5381361599999996,fixed
69.53200260002632,34,0.8200000000000001,-0.01527599,-3.055198,12.5263118,2.50526236,fixed
69.54406170011498,34,0.8200000000000001,-0.01495178,-2.990356,12.2604596,2.45209192,fixed
69.555837300024,34,0.8200000000000001,-0.0145873,-2.9174599999999997,11.961586,2.3923172,fixed
69.5678360001184,34,0.8200000000000001,-0.01497795,-2.99559,12.281919,2.4563838000000002,fixed
69.57960670010652,34,0.8200000000000001,-0.01547468,-3.0949359999999997,12.6892376,2.53784752,fixed
69.59143630007748,34,0.8200000000000001,-0.01535757,-3.0715139999999996,12.5932074,2.51864148,fixed
69.60318750003353,34,0.8200000000000001,-0.01508781,-3.017562,12.372004200000001,2.47440084,fixed
69.61503920005634,34,0.8200000000000001,-0.01475232,-2.9504639999999998,12.0969024,2.41938048,fixed
69.62687040003948,34,0.8200000000000001,-0.01466035,-2.9320700000000004,12.021487,2.4042974000000004,fixed
69.63867410004605,34,0.8200000000000001,-0.01534466,-3.0689319999999998,12.582621200000002,2.51652424,fixed
69.65049080003519,34,0.8200000000000001,-0.01545421,-3.090842,12.6724522,2.53449044,fixed
69.66218710003886,34,0.8200000000000001,-0.01525478,-3.0509560000000002,12.508919600000002,2.5017839200000003,fixed
69.6739570001373,34,0.8200000000000001,-0.01495306,-2.990612,12.2615092,2.45230184,fixed
69.68584960012231,34,0.8200000000000001,-0.01459257,-2.9185139999999996,11.965907399999999,2.39318148,fixed
69.69768320012372,34,0.8200000000000001,-0.01497529,-2.995058,12.279737800000001,2.4559475600000003,fixed
69.70964910008479,34,0.8200000000000001,-0.01546853,-3.093706,12.6841946,2.53683892,fixed
69.72150950005744,34,0.8200000000000001,-0.01536043,-3.0720859999999997,12.595552600000001,2.51911052,fixed
69.7334113001125,34,0.8200000000000001,-0.01506949,-3.013898,12.3569818,2.4713963600000004,fixed
69.74560990009923,34,0.8200000000000001,-0.01471424,-2.942848,12.0656768,2.4131353600000005,fixed
69.75790770002641,34,0.8200000000000001,-0.01504039,-3.0080780000000003,12.333119800000002,2.4666239600000006,fixed
69.76976170006674,34,0.8200000000000001,-0.01547409,-3.0948179999999996,12.6887538,2.5377507599999998,fixed
69.78159320005216,34,0.8200000000000001,-0.01534478,-3.068956,12.582719600000003,2.51654392,fixed
69.79347660008352,34,0.8200000000000001,-0.01504979,-3.009958,12.340827800000001,2.46816556,fixed
69.80529640009627,34,0.8200000000000001,-0.01469779,-2.9395580000000003,12.0521878,2.4104375600000005,fixed
69.8171377000399,34,0.8200000000000001,-0.01475163,-2.950326,12.0963366,2.4192673200000003,fixed
69.82891280006152,34,0.8200000000000001,-0.01538711,-3.077422,12.617430200000001,2.52348604,fixed
69.84071980009321,34,0.8200000000000001,-0.01543204,-3.0864079999999996,12.6542728,2.53085456,fixed
69.85260050010402,34,0.8200000000000001,-0.01520521,-3.041042,12.468272200000001,2.4936544400000002,fixed
69.86449910013471,34,0.8200000000000001,-0.01486415,-2.97283,12.188603,2.4377206000000005,fixed
69.8763221000554,34,0.8200000000000001,-0.0145598,-2.9119599999999997,11.939036,2.3878071999999997,fixed
69.88821880007163,34,0.8200000000000001,-0.01517811,-3.035622,12.446050200000002,2.48921004,fixed
69.9000062000705,34,0.8200000000000001,-0.01546952,-3.093904,12.6850064,2.5370012800000006,fixed
69.91169940005057,34,0.8200000000000001,-0.01532612,-3.0652239999999997,12.567418400000001,2.5134836799999998,fixed
69.92318590008654,34,0.8200000000000001,-0.01506137,-3.012274,12.3503234,2.47006468,fixed
69.93462320009712,34,0.8200000000000001,-0.01480228,-2.9604559999999998,12.1378696,2.42757392,fixed
69.94620750006288,34,0.8200000000000001,-0.01456182,-2.9123639999999997,11.940692400000001,2.38813848,fixed
69.95758680009749,34,0.8200000000000001,-0.01502697,-3.005394,12.322115400000001,2.46442308,fixed
69.96918880008161,34,0.8200000000000001,-0.01543847,-3.087694,12.659545399999999,2.53190908,fixed
69.98060440004338,34,0.8200000000000001,-0.01542588,-3.0851759999999997,12.6492216,2.52984432,fixed
69.99208860006183,34,0.8200000000000001,-0.01525261,-3.050522,12.5071402,2.50142804,fixed
70.00375890010037,34,0.8200000000000001,-0.01499675,-2.99935,12.297335000000002,2.4594670000000005,fixed
70.01568490010686,34,0.8200000000000001,-0.01467138,-2.9342759999999997,12.0305316,2.4061063199999997,fixed
70.02779480011668,34,0.8200000000000001,-0.01493494,-2.986988,12.246650800000001,2.44933016,fixed
70.039770900039,34,0.8200000000000001,-0.01547323,-3.094646,12.6880486,2.5376097200000003,fixed
70.05155010009184,34,0.8200000000000001,-0.01534984,-3.0699680000000003,12.586868800000001,2.5173737600000003,fixed
70.06347350007854,34,0.8200000000000001,-0.015057,-3.0113999999999996,12.34674,2.469348,fixed
70.07518370007165,34,0.8200000000000001,-0.01473008,-2.9460159999999997,12.0786656,2.41573312,fixed
70.08701360004488,34,0.8200000000000001,-0.01465278,-2.930556,12.015279600000001,2.4030559200000003,fixed
70.09892290004063,34,0.8200000000000001,-0.01533381,-3.0667619999999998,12.573724200000001,2.51474484,fixed
70.1109072000254,34,0.8200000000000001,-0.01542547,-3.0850940000000002,12.648885400000001,2.5297770800000006,fixed
70.12279170006514,34,0.8200000000000001,-0.0151823,-3.03646,12.449486,2.4898972,fixed
70.13450890011154,34,0.8200000000000001,-0.01486066,-2.9721319999999998,12.1857412,2.43714824,fixed
70.14620870002545,34,0.8200000000000001,-0.0145567,-2.91134,11.936494000000001,2.3872988000000004,fixed
70.15794830012601,34,0.8200000000000001,-0.01505168,-3.0103359999999997,12.3423776,2.46847552,fixed
70.16982030007057,34,0.8200000000000001,-0.01547391,-3.094782,12.6886062,2.53772124,fixed
70.18185060005635,34,0.8200000000000001,-0.01533436,-3.066872,12.5741752,2.5148350400000004,fixed
70.19378430012148,34,0.8200000000000001,-0.01500806,-3.001612,12.3066092,2.4613218400000005,fixed
70.20553800009657,34,0.8200000000000001,-0.01467793,-2.935586,12.035902600000002,2.40718052,fixed
70.21734750003088,34,0.8200000000000001,-0.01482692,-2.9653840000000002,12.158074400000002,2.4316148800000006,fixed
70.22909810009878,34,0.8200000000000001,-0.01540942,-3.081884,12.6357244,2.5271448800000003,fixed
70.24084170011338,34,0.8200000000000001,-0.01543485,-3.08697,12.656577,2.5313154,fixed
70.25289670005441,34,0.8200000000000001,-0.01521283,-3.042566,12.4745206,2.49490412,fixed
70.26494370005094,34,0.8200000000000001,-0.01480222,-2.960444,12.1378204,2.4275640800000002,fixed
70.27989459992386,35,0.81,-0.01565187,-3.1303739999999998,12.6780147,2.53560294,fixed
70.2919596999418,35,0.81,-0.01547811,-3.0956219999999997,12.5372691,2.50745382,fixed
70.3040765998885,35,0.81,-0.01514493,-3.0289859999999997,12.2673933,2.45347866,fixed
70.3161306999391,35,0.81,-0.01473791,-2.9475819999999997,11.9377071,2.38754142,fixed
70.32813139993232,35,0.81,-0.01527522,-3.055044,12.3729282,2.4745856400000004,fixed
70.34026939992327,35,0.81,-0.01564427,-3.1288539999999996,12.6718587,2.5343717399999997,fixed
70.35219889995642,35,0.81,-0.01543851,-3.087702,12.505193100000001,2.50103862,fixed
70.36455789988395,35,0.81,-0.0150647,-3.01294,12.202407000000003,2.4404814,fixed
70.37680209998507,35,0.81,-0.01475948,-2.951896,11.9551788,2.3910357600000003,fixed
70.38891449989751,35,0.81,-0.01553999,-3.107998,12.587391900000002,2.51747838,fixed
70.4009390999563,35,0.81,-0.01560464,-3.120928,12.639758400000002,2.52795168,fixed
70.41295759996865,35,0.81,-0.01533051,-3.066102,12.417713100000002,2.48354262,fixed
70.42492829996627,35,0.81,-0.0149648,-2.99296,12.121488000000001,2.4242976,fixed
70.43739019997884,35,0.81,-0.01480911,-2.961822,11.995379100000001,2.39907582,fixed
70.44948709988967,35,0.81,-0.01562874,-3.1257479999999997,12.659279399999999,2.53185588,fixed
70.46135779994074,35,0.81,-0.01554977,-3.1099539999999997,12.5953137,2.51906274,fixed
70.47334829997271,35,0.81,-0.01526202,-3.052404,12.3622362,2.47244724,fixed
70.48526929994114,35,0.81,-0.0148892,-2.97784,12.060252,2.4120504,fixed
70.49697449989617,35,0.81,-0.01488478,-2.9769560000000004,12.056671800000002,2.4113343600000006,fixed
70.50844229990616,35,0.81,-0.01547916,-3.095832,12.538119600000002,2.5076239200000003,fixed
70.52015389990993,35,0.81,-0.01564291,-3.1285819999999998,12.670757100000001,2.53415142,fixed
70.53165739995893,35,0.81,-0.01548748,-3.097496,12.544858800000002,2.50897176,fixed
70.54343859991059,35,0.81,-0.01523567,-3.047134,12.3408927,2.46817854,fixed
70.554963799892,35,0.81,-0.01492743,-2.9854860000000003,12.091218300000001,2.4182436600000004,fixed
70.5666475999169,35,0.81,-0.01477069,-2.954138,11.9642589,2.39285178,fixed
70.57834129990079,35,0.81,-0.01538971,-3.0779419999999997,12.4656651,2.49313302,fixed
70.58991349989083,35,0.81,-0.01565245,-3.1304899999999996,12.6784845,2.5356968999999996,fixed
70.60151439998299,35,0.81,-0.0155381,-3.10762,12.585861,2.5171722,fixed
70.61299949989188,35,0.81,-0.0152928,-3.05856,12.387168,2.4774336,fixed
70.62461389997043,35,0.81,-0.01501727,-3.003454,12.163988699999999,2.4327977400000003,fixed
70.63614619988948,35,0.81,-0.01474094,-2.9481879999999996,11.9401614,2.38803228,fixed
70.64781899994705,35,0.81,-0.01516678,-3.033356,12.2850918,2.45701836,fixed
70.65972419991158,35,0.81,-0.01564715,-3.1294299999999997,12.6741915,2.5348383,fixed
70.6714379999321,35,0.81,-0.01554813,-3.109626,12.5939853,2.5187970600000003,fixed
70.68299099989235,35,0.81,-0.0152875,-3.0575,12.382875000000002,2.4765750000000004,fixed
70.69468069996219,35,0.81,-0.01501954,-3.003908,12.165827400000001,2.43316548,fixed
70.70635969995055,35,0.81,-0.01473559,-2.947118,11.935827900000001,2.3871655800000005,fixed
70.71816999989096,35,0.81,-0.01530751,-3.061502,12.399083100000002,2.4798166200000002,fixed
70.72996009991039,35,0.81,-0.01565095,-3.13019,12.677269500000001,2.5354539,fixed
70.74169579998124,35,0.81,-0.01550895,-3.1017900000000003,12.5622495,2.5124499000000005,fixed
70.75332989997696,35,0.81,-0.01524105,-3.04821,12.345250500000002,2.4690501,fixed
70.76500709995162,35,0.81,-0.01493165,-2.9863299999999997,12.0946365,2.4189273,fixed
70.77676239993889,35,0.81,-0.01478269,-2.9565379999999997,11.973978899999999,2.39479578,fixed
70.78899749997072,35,0.81,-0.01542887,-3.0857740000000002,12.497384700000001,2.4994769400000005,fixed
70.80078649998177,35,0.81,-0.0156156,-3.12312,12.648636000000002,2.5297272000000004,fixed
70.8126269999193,35,0.81,-0.01538839,-3.0776779999999997,12.4645959,2.49291918,fixed
70.82439709990285,35,0.81,-0.01508553,-3.017106,12.2192793,2.44385586,fixed
70.83607759990264,35,0.81,-0.01474768,-2.949536,11.9456208,2.38912416,fixed
70.84786729991902,35,0.81,-0.01514998,-3.029996,12.271483800000002,2.45429676,fixed
70.85960049997084,35,0.81,-0.01563849,-3.127698,12.667176900000003,2.5334353800000002,fixed
70.87139109987766,35,0.81,-0.01555685,-3.11137,12.601048500000001,2.5202097,fixed
70.8830649999436,35,0.81,-0.01528227,-3.056454,12.378638700000002,2.47572774,fixed
70.89464749989565,35,0.81,-0.01499599,-2.9991980000000003,12.1467519,2.4293503800000003,fixed
70.90641369996592,35,0.81,-0.01473271,-2.946542,11.9334951,2.38669902,fixed
70.918077899958,35,0.81,-0.01529992,-3.059984,12.3929352,2.4785870400000003,fixed
70.92984629992861,35,0.81,-0.01564304,-3.1286080000000003,12.6708624,2.5341724800000005,fixed
70.94149229989853,35,0.81,-0.01552132,-3.1042639999999997,12.572269200000001,2.51445384,fixed
70.95313149993308,35,0.81,-0.01528454,-3.056908,12.3804774,2.47609548,fixed
70.96471959992778,35,0.81,-0.01498673,-2.997346,12.139251300000002,2.42785026,fixed
70.97642219997942,35,0.81,-0.01474122,-2.948244,11.940388200000001,2.38807764,fixed
70.98811759997625,35,0.81,-0.01530488,-3.060976,12.396952800000001,2.47939056,fixed
70.99987089994829,35,0.81,-0.01563012,-3.126024,12.660397200000002,2.5320794400000004,fixed
71.01161119993776,35,0.81,-0.01552376,-3.104752,12.574245600000001,2.51484912,fixed
71.02339049999136,35,0.81,-0.01525631,-3.0512620000000004,12.3576111,2.4715222200000007,fixed
71.03517889988143,35,0.81,-0.01492549,-2.985098,12.0896469,2.41792938,fixed
71.04693499999121,35,0.81,-0.01480803,-2.961606,11.994504300000001,2.3989008600000004,fixed
71.05885359994136,35,0.81,-0.01546631,-3.093262,12.527711100000001,2.50554222,fixed
71.07061969989445,35,0.81,-0.01562575,-3.12515,12.656857500000003,2.5313715,fixed
71.0821685999399,35,0.81,-0.01543241,-3.086482,12.5002521,2.5000504200000004,fixed
71.0938756999094,35,0.81,-0.01514454,-3.028908,12.267077400000002,2.4534154800000003,fixed
71.105414899881,35,0.81,-0.01484734,-2.969468,12.0263454,2.40526908,fixed
71.1169465999119,35,0.81,-0.01483699,-2.967398,12.017961900000001,2.4035923800000005,fixed
71.12855789996684,35,0.81,-0.01544868,-3.089736,12.513430800000002,2.50268616,fixed
71.1400761998957,35,0.81,-0.01563994,-3.127988,12.6683514,2.5336702800000004,fixed
71.15188049990684,35,0.81,-0.01548415,-3.0968299999999997,12.5421615,2.5084323,fixed
71.16367339994758,35,0.81,-0.01518777,-3.037554,12.3020937,2.46041874,fixed
71.17518809996545,35,0.81,-0.01489119,-2.978238,12.0618639,2.41237278,fixed
71.18683889997192,35,0.81,-0.01478262,-2.956524,11.9739222,2.39478444,fixed
71.1983620999381,35,0.81,-0.0154027,-3.08054,12.476187000000001,2.4952374,fixed
71.21008109988179,35,0.81,-0.0156403,-3.12806,12.668643,2.5337286000000003,fixed
71.22162309999112,35,0.81,-0.01550672,-3.101344,12.5604432,2.5120886400000004,fixed
71.23320309992414,35,0.81,-0.01524796,-3.0495919999999996,12.350847600000002,2.47016952,fixed
71.24486979993526,35,0.81,-0.01497766,-2.995532,12.131904600000002,2.42638092,fixed
71.25664389994927,35,0.81,-0.014741,-2.9482000000000004,11.940210000000002,2.3880420000000004,fixed
71.26826249994338,35,0.81,-0.01537351,-3.074702,12.452543100000002,2.49050862,fixed
71.27985349996015,35,0.81,-0.01563665,-3.1273299999999997,12.6656865,2.5331373,fixed
71.29125249991193,35,0.81,-0.01553371,-3.1067419999999997,12.5823051,2.51646102,fixed
71.30273599992506,35,0.81,-0.01531379,-3.062758,12.404169900000001,2.4808339800000003,fixed
71.31436219997704,35,0.81,-0.01506735,-3.01347,12.204553500000001,2.4409107,fixed
71.32610669988208,35,0.81,-0.01474147,-2.9482939999999997,11.9405907,2.38811814,fixed
71.33771329990122,35,0.81,-0.01510513,-3.021026,12.2351553,2.44703106,fixed
71.3493011998944,35,0.81,-0.01559796,-3.119592,12.6343476,2.52686952,fixed
71.36099549988285,35,0.81,-0.01558366,-3.116732,12.622764600000002,2.52455292,fixed
71.37268319993746,35,0.81,-0.01536964,-3.073928,12.449408400000001,2.4898816800000003,fixed
71.38421229994856,35,0.81,-0.01506118,-3.012236,12.1995558,2.4399111600000003,fixed
71.39586369995959,35,0.81,-0.0147814,-2.95628,11.972934,2.3945868000000003,fixed
71.40740009990986,35,0.81,-0.01499378,-2.9987559999999998,12.1449618,2.42899236,fixed
71.41904999990948,35,0.81,-0.01556271,-3.1125420000000004,12.605795100000002,2.5211590200000003,fixed
71.4308198998915,35,0.81,-0.01561134,-3.122268,12.645185399999999,2.52903708,fixed
71.4424902999308,35,0.81,-0.01538117,-3.076234,12.4587477,2.4917495400000003,fixed
71.45419349998701,35,0.81,-0.01509997,-3.019994,12.230975700000002,2.4461951400000004,fixed
71.4658576999791,35,0.81,-0.01476795,-2.95359,11.962039500000001,2.3924079000000003,fixed
71.47758209996391,35,0.81,-0.01499784,-2.999568,12.148250400000002,2.42965008,fixed
71.48926409997512,35,0.81,-0.0155844,-3.11688,12.623364000000002,2.5246728000000003,fixed
71.5009300999809,35,0.81,-0.01559173,-3.118346,12.629301300000002,2.52586026,fixed
71.51290179998614,35,0.81,-0.01532763,-3.0655259999999998,12.4153803,2.48307606,fixed
71.52457739994861,35,0.81,-0.01502989,-3.005978,12.1742109,2.43484218,fixed
71.53629259997979,35,0.81,-0.01472667,-2.945334,11.9286027,2.38572054,fixed
71.54788209998515,35,0.81,-0.01519115,-3.03823,12.304831500000002,2.4609663,fixed
71.55948489997536,35,0.81,-0.01561993,-3.123986,12.652143300000002,2.53042866,fixed
71.57095029996708,35,0.81,-0.01557746,-3.115492,12.6177426,2.5235485200000003,fixed
71.58240519987885,35,0.81,-0.01538414,-3.076828,12.4611534,2.49223068,fixed
71.59390319988597,35,0.81,-0.01512632,-3.025264,12.2523192,2.4504638400000003,fixed
71.60544889990706,35,0.81,-0.01484496,-2.968992,12.024417600000001,2.4048835200000003,fixed
71.61698509997223,35,0.81,-0.01481694,-2.963388,12.001721400000001,2.40034428,fixed
71.62856549990829,35,0.81,-0.01545643,-3.091286,12.519708300000001,2.50394166,fixed
71.64032239990775,35,0.81,-0.01562648,-3.125296,12.657448800000003,2.5314897600000004,fixed
71.6517993999878,35,0.81,-0.01548295,-3.09659,12.541189500000002,2.5082379,fixed
71.66336939996108,35,0.81,-0.01522038,-3.044076,12.3285078,2.4657015600000003,fixed
71.67484109988436,35,0.81,-0.01495882,-2.991764,12.1166442,2.42332884,fixed
71.68649859994184,35,0.81,-0.01473251,-2.946502,11.933333100000002,2.38666662,fixed
71.69797939993441,35,0.81,-0.01525209,-3.0504179999999996,12.3541929,2.4708385799999997,fixed
71.70957739988808,35,0.81,-0.01562403,-3.1248060000000004,12.6554643,2.5310928600000007,fixed
71.72127649991307,35,0.81,-0.01555843,-3.1116859999999997,12.6023283,2.52046566,fixed
71.73291929997504,35,0.81,-0.0153226,-3.0645200000000004,12.411306,2.4822612000000004,fixed
71.74449289997574,35,0.81,-0.0150457,-3.00914,12.187017,2.4374034,fixed
71.75609069992788,35,0.81,-0.01474359,-2.9487180000000004,11.942307900000001,2.3884615800000004,fixed
71.76754079991952,35,0.81,-0.0150518,-3.01036,12.191958000000001,2.4383916,fixed
71.77919649996329,35,0.81,-0.01556748,-3.113496,12.609658800000002,2.52193176,fixed
71.79079849994741,35,0.81,-0.01558882,-3.117764,12.6269442,2.52538884,fixed
71.80244209989905,35,0.81,-0.01540298,-3.080596,12.476413800000001,2.4952827600000003,fixed
71.81397449993528,35,0.81,-0.01512064,-3.024128,12.2477184,2.44954368,fixed
71.82552989991382,35,0.81,-0.01480652,-2.961304,11.9932812,2.39865624,fixed
71.83692499995232,35,0.81,-0.01483671,-2.967342,12.017735100000001,2.40354702,fixed
71.84835699992254,35,0.81,-0.01541345,-3.0826900000000004,12.484894500000001,2.4969789000000007,fixed
71.85979189991485,35,0.81,-0.01562858,-3.1257159999999997,12.6591498,2.53182996,fixed
71.87139649991877,35,0.81,-0.01554218,-3.1084359999999998,12.5891658,2.51783316,fixed
71.88289259991143,35,0.81,-0.01530189,-3.060378,12.394530900000001,2.47890618,fixed
71.89437759993598,35,0.81,-0.01502544,-3.0050879999999998,12.1706064,2.43412128,fixed
71.90584359993227,35,0.81,-0.01475106,-2.950212,11.9483586,2.3896717200000004,fixed
71.91737559996545,35,0.81,-0.01497067,-2.994134,12.1262427,2.42524854,fixed
71.92884909990244,35,0.81,-0.01553145,-3.1062900000000004,12.580474500000001,2.5160949000000006,fixed
71.94042499992065,35,0.81,-0.01561749,-3.123498,12.6501669,2.5300333800000003,fixed
71.95203989988659,35,0.81,-0.01544286,-3.088572,12.508716600000001,2.50174332,fixed
71.96377029991709,35,0.81,-0.01517664,-3.0353280000000002,12.2930784,2.4586156800000003,fixed
71.97573089995421,35,0.81,-0.01479418,-2.9588360000000002,11.983285800000003,2.39665716,fixed
71.98732719989493,35,0.81,-0.01494677,-2.9893539999999996,12.106883700000001,2.42137674,fixed
71.99888029997237,35,0.81,-0.01550656,-3.101312,12.5603136,2.5120627200000003,fixed
72.01049919996876,35,0.81,-0.01561609,-3.123218,12.649032900000002,2.5298065800000002,fixed
72.02213589998428,35,0.81,-0.0154541,-3.09082,12.517821,2.5035642,fixed
72.03379909996875,35,0.81,-0.01516886,-3.033772,12.2867766,2.45735532,fixed
72.04526469996199,35,0.81,-0.01486467,-2.972934,12.0403827,2.40807654,fixed
72.05689629993867,35,0.81,-0.0147739,-2.95478,11.966859,2.3933718,fixed
72.06851549993735,35,0.81,-0.01538436,-3.076872,12.4613316,2.49226632,fixed
72.08014159998856,35,0.81,-0.01562121,-3.1242419999999997,12.653180100000002,2.5306360199999998,fixed
72.09188169997651,35,0.81,-0.01548603,-3.097206,12.5436843,2.50873686,fixed
72.10353239998221,35,0.81,-0.01522406,-3.044812,12.3314886,2.46629772,fixed
72.11512939992826,35,0.81,-0.0149158,-2.98316,12.081798000000001,2.4163596,fixed
72.12687199993525,35,0.81,-0.01474127,-2.948254,11.940428700000002,2.38808574,fixed
72.13864149991423,35,0.81,-0.01537152,-3.074304,12.450931200000001,2.4901862400000003,fixed
72.15056489990093,35,0.81,-0.01562018,-3.124036,12.6523458,2.53046916,fixed
72.16240459994879,35,0.81,-0.01542417,-3.084834,12.4935777,2.49871554,fixed
72.17424629989546,35,0.81,-0.01510091,-3.020182,12.2317371,2.4463474200000004,fixed
72.18612389988266,35,0.81,-0.01475903,-2.951806,11.9548143,2.39096286,fixed
72.19845389993861,35,0.81,-0.01534489,-3.068978,12.4293609,2.4858721800000003,fixed
72.21044559997972,35,0.81,-0.01561843,-3.123686,12.6509283,2.5301856600000003,fixed
72.22219429991674,35,0.81,-0.01543613,-3.087226,12.5032653,2.50065306,fixed
72.23401589994319,35,0.81,-0.01514264,-3.028528,12.2655384,2.4531076800000005,fixed
72.2457159999758,35,0.81,-0.01478645,-2.95729,11.9770245,2.3954049,fixed
72.25727509998251,35,0.81,-0.01487717,-2.975434,12.0505077,2.41010154,fixed
72.26882699993439,35,0.81,-0.01549358,-3.098716,12.5497998,2.50995996,fixed
72.28260859998409,36,0.8200000000000001,-0.01518706,-3.0374120000000002,12.453389200000002,2.4906778400000005,fixed
72.29423100000713,36,0.8200000000000001,-0.01490392,-2.980784,12.221214400000001,2.44424288,fixed
72.30592879990581,36,0.8200000000000001,-0.0145771,-2.91542,11.953222000000002,2.3906444000000002,fixed
72.31773249991238,36,0.8200000000000001,-0.01479941,-2.959882,12.135516200000001,2.42710324,fixed
72.32936209999025,36,0.8200000000000001,-0.01540022,-3.080044,12.628180400000002,2.5256360800000004,fixed
72.34116329997778,36,0.8200000000000001,-0.01537853,-3.075706,12.6103946,2.5220789200000002,fixed
72.35292519989889,36,0.8200000000000001,-0.01514379,-3.0287580000000003,12.4179078,2.4835815600000006,fixed
72.36460969992913,36,0.8200000000000001,-0.01482728,-2.965456,12.158369600000002,2.43167392,fixed
72.37635029992089,36,0.8200000000000001,-0.01453135,-2.90627,11.915707000000001,2.3831414000000004,fixed
72.38805139996111,36,0.8200000000000001,-0.01500121,-3.0002419999999996,12.300992200000001,2.46019844,fixed
72.39980809995905,36,0.8200000000000001,-0.01543374,-3.086748,12.655666800000002,2.53113336,fixed
72.41161369998008,36,0.8200000000000001,-0.01533563,-3.067126,12.575216600000001,2.51504332,fixed
72.42343659990001,36,0.8200000000000001,-0.01506624,-3.013248,12.354316800000001,2.47086336,fixed
72.43520149996039,36,0.8200000000000001,-0.01472831,-2.945662,12.0772142,2.4154428400000003,fixed
72.4469029000029,36,0.8200000000000001,-0.01458521,-2.917042,11.959872200000001,2.3919744400000003,fixed
72.45873489999212,36,0.8200000000000001,-0.0152379,-3.04758,12.495078000000001,2.4990156000000003,fixed
72.47043320001103,36,0.8200000000000001,-0.01543126,-3.086252,12.653633200000002,2.53072664,fixed
72.48208919994067,36,0.8200000000000001,-0.01526289,-3.0525779999999996,12.515569800000002,2.50311396,fixed
72.49379489989951,36,0.8200000000000001,-0.01498613,-2.9972260000000004,12.2886266,2.4577253200000007,fixed
72.5054815999465,36,0.8200000000000001,-0.01465057,-2.930114,12.0134674,2.4026934800000004,fixed
72.51707890001126,36,0.8200000000000001,-0.0146299,-2.92598,11.996518000000002,2.3993036,fixed
72.52868049999233,36,0.8200000000000001,-0.01522885,-3.04577,12.487657,2.4975314,fixed
72.5401004999876,36,0.8200000000000001,-0.01542815,-3.08563,12.651083,2.5302166,fixed
72.55168779997621,36,0.8200000000000001,-0.01531904,-3.0638080000000003,12.561612800000002,2.5123225600000003,fixed
72.56312359997537,36,0.8200000000000001,-0.0150881,-3.01762,12.372242,2.4744484,fixed
72.57477969990578,36,0.8200000000000001,-0.01482469,-2.964938,12.156245800000002,2.43124916,fixed
72.58628189994488,36,0.8200000000000001,-0.01452874,-2.905748,11.9135668,2.3827133600000003,fixed
72.59769829991274,36,0.8200000000000001,-0.01490067,-2.980134,12.2185494,2.44370988,fixed
72.60927629994694,36,0.8200000000000001,-0.01538042,-3.0760840000000003,12.611944400000002,2.5223888800000003,fixed
72.62085269996896,36,0.8200000000000001,-0.01540369,-3.0807379999999998,12.631025800000002,2.52620516,fixed
72.63252159999683,36,0.8200000000000001,-0.01520022,-3.040044,12.464180400000002,2.49283608,fixed
72.64416949998122,36,0.8200000000000001,-0.01491794,-2.983588,12.232710800000001,2.4465421600000004,fixed
72.65588559990283,36,0.8200000000000001,-0.01459816,-2.919632,11.970491200000001,2.3940982400000004,fixed
72.6675575999543,36,0.8200000000000001,-0.01475256,-2.950512,12.0970992,2.41941984,fixed
72.67908069991972,36,0.8200000000000001,-0.01535303,-3.070606,12.5894846,2.5178969200000005,fixed
72.69078459998127,36,0.8200000000000001,-0.01541382,-3.082764,12.6393324,2.52786648,fixed
72.70235149993096,36,0.8200000000000001,-0.0152127,-3.04254,12.474414,2.4948828,fixed
72.71387999993749,36,0.8200000000000001,-0.01496045,-2.99209,12.267569,2.4535138,fixed
72.72543889994267,36,0.8200000000000001,-0.01465941,-2.931882,12.0207162,2.4041432400000002,fixed
72.73701229994185,36,0.8200000000000001,-0.01460608,-2.9212160000000003,11.976985600000003,2.3953971200000006,fixed
72.74855929997284,36,0.8200000000000001,-0.01522767,-3.045534,12.486689400000001,2.4973378800000003,fixed
72.76013209996745,36,0.8200000000000001,-0.01542956,-3.085912,12.652239200000002,2.5304478400000003,fixed
72.77183949993923,36,0.8200000000000001,-0.01529528,-3.059056,12.5421296,2.50842592,fixed
72.78370819997508,36,0.8200000000000001,-0.01502795,-3.00559,12.322919000000002,2.4645838,fixed
72.79532949998975,36,0.8200000000000001,-0.01469424,-2.938848,12.049276800000001,2.4098553600000003,fixed
72.8070269000018,36,0.8200000000000001,-0.01457618,-2.9152359999999997,11.9524676,2.39049352,fixed
72.81862449995242,36,0.8200000000000001,-0.01523081,-3.046162,12.489264200000001,2.49785284,fixed
72.83016539993696,36,0.8200000000000001,-0.01543659,-3.0873180000000002,12.658003800000001,2.5316007600000003,fixed
72.84188879991416,36,0.8200000000000001,-0.01530036,-3.0600720000000003,12.546295200000001,2.5092590400000003,fixed
72.85357359994669,36,0.8200000000000001,-0.01504441,-3.008882,12.3364162,2.46728324,fixed
72.86525679996703,36,0.8200000000000001,-0.01473316,-2.946632,12.081191200000001,2.41623824,fixed
72.87696139991749,36,0.8200000000000001,-0.01456915,-2.91383,11.946703000000001,2.3893406,fixed
72.88875689997803,36,0.8200000000000001,-0.01522243,-3.044486,12.4823926,2.49647852,fixed
72.9003856999334,36,0.8200000000000001,-0.01543044,-3.086088,12.652960800000002,2.5305921600000003,fixed
72.91196769999806,36,0.8200000000000001,-0.01528322,-3.056644,12.532240400000003,2.50644808,fixed
72.92354339989834,36,0.8200000000000001,-0.01501854,-3.003708,12.315202800000002,2.46304056,fixed
72.93508199998178,36,0.8200000000000001,-0.01472603,-2.9452059999999998,12.075344600000001,2.41506892,fixed
72.9465968000004,36,0.8200000000000001,-0.01453325,-2.90665,11.917265,2.3834530000000003,fixed
72.95827949990053,36,0.8200000000000001,-0.01505821,-3.011642,12.347732200000001,2.4695464400000002,fixed
72.97024789999705,36,0.8200000000000001,-0.01542868,-3.085736,12.6515176,2.53030352,fixed
72.98201749997679,36,0.8200000000000001,-0.01528809,-3.057618,12.536233800000002,2.50724676,fixed
72.9937721999595,36,0.8200000000000001,-0.01501337,-3.002674,12.310963400000002,2.4621926800000002,fixed
73.0053079999052,36,0.8200000000000001,-0.01469749,-2.939498,12.051941800000002,2.4103883600000002,fixed
73.01672049995977,36,0.8200000000000001,-0.01456149,-2.912298,11.9404218,2.38808436,fixed
73.02829930000007,36,0.8200000000000001,-0.0150703,-3.0140599999999997,12.357646,2.4715292,fixed
73.03990400000475,36,0.8200000000000001,-0.01543671,-3.087342,12.6581022,2.53162044,fixed
73.05169160000514,36,0.8200000000000001,-0.01533675,-3.0673500000000002,12.576135,2.5152270000000003,fixed
73.06315709999762,36,0.8200000000000001,-0.01507825,-3.01565,12.364165,2.472833,fixed
73.07459589990322,36,0.8200000000000001,-0.01483443,-2.9668859999999997,12.1642326,2.43284652,fixed
73.0860846999567,36,0.8200000000000001,-0.01455361,-2.910722,11.933960200000001,2.38679204,fixed
73.09771070000716,36,0.8200000000000001,-0.01478803,-2.957606,12.1261846,2.42523692,fixed
73.10918279993348,36,0.8200000000000001,-0.0153721,-3.07442,12.605122,2.5210244,fixed
73.12079279997852,36,0.8200000000000001,-0.01541996,-3.083992,12.644367200000001,2.52887344,fixed
73.13234959996771,36,0.8200000000000001,-0.01523067,-3.046134,12.489149400000002,2.4978298800000003,fixed
73.14396819996182,36,0.8200000000000001,-0.01496201,-2.992402,12.268848199999999,2.45376964,fixed
73.15562829992268,36,0.8200000000000001,-0.01466283,-2.932566,12.023520600000001,2.4047041200000003,fixed
73.16730539989658,36,0.8200000000000001,-0.01462869,-2.925738,11.9955258,2.39910516,fixed
73.17893009993713,36,0.8200000000000001,-0.01528028,-3.056056,12.529829600000001,2.50596592,fixed
73.1906866999343,36,0.8200000000000001,-0.01541327,-3.082654,12.6388814,2.52777628,fixed
73.20245300000533,36,0.8200000000000001,-0.01520858,-3.041716,12.4710356,2.4942071200000004,fixed
73.21405249997042,36,0.8200000000000001,-0.01494986,-2.9899720000000003,12.258885200000002,2.4517770400000005,fixed
73.22560479992535,36,0.8200000000000001,-0.01464102,-2.928204,12.0056364,2.4011272800000003,fixed
73.2372183999978,36,0.8200000000000001,-0.01462922,-2.925844,11.995960400000001,2.39919208,fixed
73.24866759998258,36,0.8200000000000001,-0.01525731,-3.051462,12.5109942,2.50219884,fixed
73.26025219995063,36,0.8200000000000001,-0.01543383,-3.086766,12.655740600000001,2.53114812,fixed
73.27170109993313,36,0.8200000000000001,-0.01530343,-3.060686,12.5488126,2.50976252,fixed
73.28328239999246,36,0.8200000000000001,-0.01508454,-3.016908,12.3693228,2.47386456,fixed
73.29481769993436,36,0.8200000000000001,-0.01480467,-2.9609340000000004,12.139829400000002,2.4279658800000004,fixed
73.30649629991967,36,0.8200000000000001,-0.01451989,-2.903978,11.9063098,2.3812619600000002,fixed
73.31812919990625,36,0.8200000000000001,-0.01496261,-2.992522,12.2693402,2.45386804,fixed
73.32993239990901,36,0.8200000000000001,-0.01542272,-3.084544,12.646630400000001,2.52932608,fixed
73.34155309991911,36,0.8200000000000001,-0.01532785,-3.06557,12.568837,2.5137674000000003,fixed
73.35302669997327,36,0.8200000000000001,-0.01511669,-3.023338,12.395685800000003,2.47913716,fixed
73.36447609995957,36,0.8200000000000001,-0.0148421,-2.96842,12.170522000000002,2.4341044000000003,fixed
73.37617049994878,36,0.8200000000000001,-0.01457037,-2.914074,11.9477034,2.38954068,fixed
73.3878322999226,36,0.8200000000000001,-0.0148292,-2.96584,12.159944000000001,2.4319888,fixed
73.39943289989606,36,0.8200000000000001,-0.01538343,-3.076686,12.614412600000001,2.52288252,fixed
73.41099219990429,36,0.8200000000000001,-0.0153885,-3.0776999999999997,12.61857,2.523714,fixed
73.4225711999461,36,0.8200000000000001,-0.01520514,-3.041028,12.468214800000002,2.49364296,fixed
73.43429479992483,36,0.8200000000000001,-0.0149208,-2.98416,12.235056000000002,2.4470112000000004,fixed
73.44613219995517,36,0.8200000000000001,-0.01456438,-2.912876,11.942791600000001,2.38855832,fixed
73.45802649995312,36,0.8200000000000001,-0.01487194,-2.9743880000000003,12.194990800000001,2.4389981600000006,fixed
73.46992679999676,36,0.8200000000000001,-0.01540938,-3.0818760000000003,12.635691600000001,2.5271383200000006,fixed
73.4817519999342,36,0.8200000000000001,-0.01530412,-3.0608239999999998,12.5493784,2.50987568,fixed
73.49352919997182,36,0.8200000000000001,-0.01504816,-3.009632,12.3394912,2.4678982400000002,fixed
73.50535839993972,36,0.8200000000000001,-0.01471768,-2.943536,12.068497600000002,2.41369952,fixed
73.51722899999004,36,0.8200000000000001,-0.01459909,-2.9198180000000002,11.971253800000001,2.3942507600000003,fixed
73.52930629998446,36,0.8200000000000001,-0.01533017,-3.066034,12.5707394,2.5141478800000003,fixed
73.54128189990297,36,0.8200000000000001,-0.01538419,-3.076838,12.615035800000003,2.52300716,fixed
73.55344019993208,36,0.8200000000000001,-0.01512147,-3.0242940000000003,12.3996054,2.4799210800000004,fixed
73.56531119998544,36,0.8200000000000001,-0.01473153,-2.946306,12.0798546,2.41597092,fixed
73.57736080000177,36,0.8200000000000001,-0.0146127,-2.9225399999999997,11.982414,2.3964828,fixed
73.58951550000347,36,0.8200000000000001,-0.01535796,-3.071592,12.5935272,2.51870544,fixed
73.60133899992798,36,0.8200000000000001,-0.01536448,-3.072896,12.598873600000001,2.5197747200000005,fixed
73.61325229995418,36,0.8200000000000001,-0.01511921,-3.0238419999999997,12.397752200000001,2.47955044,fixed
73.62511889997404,36,0.8200000000000001,-0.01476222,-2.952444,12.1050204,2.42100408,fixed
73.63700609991793,36,0.8200000000000001,-0.01454488,-2.908976,11.9268016,2.38536032,fixed
73.6489433000097,36,0.8200000000000001,-0.01521237,-3.042474,12.4741434,2.49482868,fixed
73.66084169992246,36,0.8200000000000001,-0.0154085,-3.0817,12.634970000000001,2.526994,fixed
73.67294209997635,36,0.8200000000000001,-0.01518591,-3.037182,12.452446200000002,2.49048924,fixed
73.68472319992725,36,0.8200000000000001,-0.01484107,-2.968214,12.169677400000001,2.43393548,fixed
73.69651069992688,36,0.8200000000000001,-0.01452095,-2.90419,11.907179000000001,2.3814358,fixed
73.70841339998879,36,0.8200000000000001,-0.01499954,-2.999908,12.299622800000002,2.45992456,fixed
73.72020949993748,36,0.8200000000000001,-0.01541782,-3.083564,12.6426124,2.5285224800000003,fixed
73.73206519999076,36,0.8200000000000001,-0.01528324,-3.056648,12.5322568,2.5064513600000002,fixed
73.74396049999632,36,0.8200000000000001,-0.01498144,-2.9962880000000003,12.2847808,2.4569561600000003,fixed
73.75582769990433,36,0.8200000000000001,-0.01464178,-2.928356,12.006259600000002,2.40125192,fixed
73.7677128999494,36,0.8200000000000001,-0.01469824,-2.939648,12.052556800000001,2.41051136,fixed
73.77971489995252,36,0.8200000000000001,-0.01536424,-3.0728479999999996,12.5986768,2.51973536,fixed
73.7915878999047,36,0.8200000000000001,-0.01533391,-3.066782,12.5738062,2.51476124,fixed
73.80343410000205,36,0.8200000000000001,-0.01505426,-3.010852,12.3444932,2.46889864,fixed
73.81527059990913,36,0.8200000000000001,-0.01473432,-2.946864,12.0821424,2.4164284800000004,fixed
73.82708009995986,36,0.8200000000000001,-0.01456204,-2.912408,11.940872800000001,2.3881745600000004,fixed
73.8387391999131,36,0.8200000000000001,-0.01519555,-3.03911,12.460351000000001,2.4920702,fixed
73.85048069991171,36,0.8200000000000001,-0.01541916,-3.083832,12.6437112,2.52874224,fixed
73.86218339996412,36,0.8200000000000001,-0.01525795,-3.05159,12.511519,2.5023038000000004,fixed
73.87393379991408,36,0.8200000000000001,-0.01497894,-2.995788,12.282730800000001,2.4565461600000003,fixed
73.8857497998979,36,0.8200000000000001,-0.01464172,-2.928344,12.006210400000002,2.4012420800000003,fixed
73.89745219994802,36,0.8200000000000001,-0.01466063,-2.932126,12.021716600000001,2.40434332,fixed
73.90903869993053,36,0.8200000000000001,-0.01527936,-3.055872,12.529075200000001,2.5058150400000003,fixed
73.92066109995358,36,0.8200000000000001,-0.01540024,-3.080048,12.628196800000001,2.5256393600000004,fixed
73.93230509990826,36,0.8200000000000001,-0.01523161,-3.046322,12.4899202,2.49798404,fixed
73.94397159991786,36,0.8200000000000001,-0.01496272,-2.992544,12.269430400000001,2.45388608,fixed
73.95559619995765,36,0.8200000000000001,-0.01465477,-2.930954,12.0169114,2.40338228,fixed
73.96708969993051,36,0.8200000000000001,-0.01457044,-2.914088,11.947760800000003,2.38955216,fixed
73.97873609990347,36,0.8200000000000001,-0.01514877,-3.029754,12.421991400000001,2.48439828,fixed
73.99056800000835,36,0.8200000000000001,-0.01541497,-3.0829940000000002,12.640275400000002,2.5280550800000006,fixed
74.00227629998699,36,0.8200000000000001,-0.01526894,-3.053788,12.520530800000001,2.50410616,fixed
74.01399989996571,36,0.8200000000000001,-0.01497987,-2.995974,12.2834934,2.45669868,fixed
74.02558339992538,36,0.8200000000000001,-0.01464969,-2.929938,12.012745800000001,2.40254916,fixed
74.03715059999377,36,0.8200000000000001,-0.01457198,-2.914396,11.9490236,2.3898047200000003,fixed
74.04879169992637,36,0.8200000000000001,-0.01517334,-3.034668,12.442138800000002,2.48842776,fixed
74.06029609998222,36,0.8200000000000001,-0.01542018,-3.084036,12.644547600000001,2.5289095200000005,fixed
74.0718984999694,36,0.8200000000000001,-0.01529995,-3.05999,12.545959,2.5091918,fixed
74.08369749994017,36,0.8200000000000001,-0.01503959,-3.007918,12.332463800000001,2.4664927600000004,fixed
74.09531679993961,36,0.8200000000000001,-0.01471836,-2.9436720000000003,12.069055200000001,2.4138110400000006,fixed
74.10697999992408,36,0.8200000000000001,-0.01452704,-2.905408,11.9121728,2.38243456,fixed
74.11859949992504,36,0.8200000000000001,-0.01511269,-3.022538,12.3924058,2.4784811600000003,fixed
74.13023439992685,36,0.8200000000000001,-0.01541612,-3.083224,12.641218400000001,2.52824368,fixed
74.14190529996995,36,0.8200000000000001,-0.01530889,-3.061778,12.5532898,2.51065796,fixed
74.15355549997184,36,0.8200000000000001,-0.01504391,-3.008782,12.336006200000002,2.46720124,fixed
74.16507529991213,36,0.8200000000000001,-0.01475175,-2.95035,12.096435000000001,2.419287,fixed
74.17683089990169,36,0.8200000000000001,-0.01450449,-2.900898,11.893681800000001,2.3787363600000004,fixed
74.18849979992956,36,0.8200000000000001,-0.01506002,-3.012004,12.349216400000001,2.46984328,fixed
74.20011869992595,36,0.8200000000000001,-0.01541611,-3.083222,12.641210200000002,2.5282420400000003,fixed
74.21177980001085,36,0.8200000000000001,-0.01531587,-3.063174,12.559013400000001,2.51180268,fixed
74.22352439991664,36,0.8200000000000001,-0.01506409,-3.012818,12.3525538,2.4705107600000002,fixed
74.23520200001076,36,0.8200000000000001,-0.01475936,-2.951872,12.1026752,2.42053504,fixed
74.24687199993059,36,0.8200000000000001,-0.01451094,-2.9021879999999998,11.8989708,2.37979416,fixed
74.25832589995116,36,0.8200000000000001,-0.01504144,-3.008288,12.333980799999999,2.46679616,fixed
74.27007639990188,36,0.8200000000000001,-0.0154089,-3.0817799999999997,12.635298,2.5270596,fixed
74.28416059992742,37,0.81,-0.01515253,-3.030506,12.273549300000003,2.45470986,fixed
74.2958534999052,37,0.81,-0.01479639,-2.959278,11.985075900000002,2.39701518,fixed
74.30748600000516,37,0.81,-0.0148086,-2.96172,11.994966000000002,2.3989932,fixed
74.31904209998902,37,0.81,-0.01544795,-3.0895900000000003,12.512839500000002,2.5025679000000003,fixed
74.33060220000334,37,0.81,-0.01559458,-3.118916,12.6316098,2.52632196,fixed
74.34230589994695,37,0.81,-0.01543979,-3.087958,12.506229900000001,2.50124598,fixed
74.354186499957,37,0.81,-0.01515117,-3.030234,12.2724477,2.4544895400000004,fixed
74.36594139994122,37,0.81,-0.01480164,-2.9603279999999996,11.9893284,2.3978656799999998,fixed
74.37775309989229,37,0.81,-0.01488636,-2.977272,12.0579516,2.41159032,fixed
74.38956249994226,37,0.81,-0.01552767,-3.105534,12.5774127,2.5154825400000003,fixed
74.40125969995279,37,0.81,-0.01555128,-3.110256,12.596536800000003,2.5193073600000004,fixed
74.41295739996713,37,0.81,-0.01533896,-3.067792,12.4245576,2.4849115200000003,fixed
74.42462099995464,37,0.81,-0.01504925,-3.00985,12.189892500000001,2.4379785000000003,fixed
74.43632789992262,37,0.81,-0.01471621,-2.943242,11.9201301,2.3840260200000003,fixed
74.44800899992697,37,0.81,-0.0150197,-3.00394,12.165957000000002,2.4331914,fixed
74.45985300000757,37,0.81,-0.01556714,-3.113428,12.6093834,2.52187668,fixed
74.47191899991594,37,0.81,-0.01549825,-3.09965,12.553582500000001,2.5107165,fixed
74.4838274999056,37,0.81,-0.0151812,-3.0362400000000003,12.296772,2.4593544000000005,fixed
74.49544470000546,37,0.81,-0.01486205,-2.97241,12.0382605,2.4076521,fixed
74.50691279990133,37,0.81,-0.01471551,-2.943102,11.919563100000001,2.3839126200000003,fixed
74.51857709989417,37,0.81,-0.01527084,-3.054168,12.3693804,2.47387608,fixed
74.53025549999438,37,0.81,-0.01559309,-3.118618,12.6304029,2.5260805800000004,fixed
74.54190599999856,37,0.81,-0.01548317,-3.096634,12.5413677,2.5082735400000002,fixed
74.55357689992525,37,0.81,-0.01524412,-3.048824,12.347737200000001,2.4695474400000004,fixed
74.56523949990515,37,0.81,-0.01493842,-2.9876840000000002,12.100120200000001,2.4200240400000004,fixed
74.57677639997564,37,0.81,-0.01470116,-2.940232,11.9079396,2.3815879200000003,fixed
74.58841450000182,37,0.81,-0.01515821,-3.031642,12.278150100000001,2.45563002,fixed
74.6001249999972,37,0.81,-0.0155889,-3.1177799999999998,12.627009,2.5254018,fixed
74.61177529999986,37,0.81,-0.01550427,-3.100854,12.558458700000001,2.5116917400000003,fixed
74.62364569993224,37,0.81,-0.01523895,-3.04779,12.3435495,2.4687099000000003,fixed
74.63542359997518,37,0.81,-0.01491942,-2.9838839999999998,12.0847302,2.41694604,fixed
74.6470056999242,37,0.81,-0.01470813,-2.9416260000000003,11.913585300000001,2.3827170600000005,fixed
74.658705299953,37,0.81,-0.01527034,-3.054068,12.3689754,2.4737950800000004,fixed
74.67021979996935,37,0.81,-0.01559332,-3.118664,12.630589200000003,2.52611784,fixed
74.68157779995818,37,0.81,-0.01549652,-3.099304,12.5521812,2.51043624,fixed
74.69295689999126,37,0.81,-0.01530675,-3.06135,12.398467499999999,2.4796935,fixed
74.70433069998398,37,0.81,-0.01506233,-3.0124660000000003,12.200487300000002,2.4400974600000005,fixed
74.71576369996183,37,0.81,-0.01480346,-2.960692,11.990802599999999,2.3981605200000002,fixed
74.72723239997867,37,0.81,-0.0147731,-2.9546200000000002,11.966211000000001,2.3932422000000004,fixed
74.7386022999417,37,0.81,-0.01532956,-3.065912,12.416943600000002,2.48338872,fixed
74.75000869994983,37,0.81,-0.01558429,-3.116858,12.623274900000002,2.52465498,fixed
74.76139859994873,37,0.81,-0.01551331,-3.102662,12.5657811,2.5131562200000004,fixed
74.7727811000077,37,0.81,-0.01532819,-3.0656380000000003,12.4158339,2.4831667800000004,fixed
74.78418799990322,37,0.81,-0.0150873,-3.01746,12.220713000000002,2.4441426,fixed
74.79558709997218,37,0.81,-0.01482757,-2.9655139999999998,12.010331700000002,2.4020663399999997,fixed
74.80699399998412,37,0.81,-0.01471774,-2.943548,11.921369400000001,2.38427388,fixed
74.81834799994249,37,0.81,-0.01524108,-3.048216,12.345274800000002,2.4690549600000002,fixed
74.82992990000639,37,0.81,-0.0155633,-3.11266,12.606273000000002,2.5212546000000002,fixed
74.84135979996063,37,0.81,-0.01552328,-3.104656,12.573856800000001,2.51477136,fixed
74.85304419999011,37,0.81,-0.01532643,-3.065286,12.4144083,2.4828816600000003,fixed
74.86479819996748,37,0.81,-0.01501488,-3.002976,12.1620528,2.43241056,fixed
74.87684559996706,37,0.81,-0.01468725,-2.93745,11.896672500000001,2.3793345,fixed
74.88882569991983,37,0.81,-0.01524182,-3.048364,12.3458742,2.46917484,fixed
74.90120299998671,37,0.81,-0.01554608,-3.109216,12.5923248,2.51846496,fixed
74.91289519995917,37,0.81,-0.01533739,-3.067478,12.423285900000002,2.48465718,fixed
74.9243721999228,37,0.81,-0.01507001,-3.014002,12.206708100000002,2.44134162,fixed
74.93593879998662,37,0.81,-0.01479413,-2.958826,11.983245300000002,2.39664906,fixed
74.94752079993486,37,0.81,-0.01478345,-2.95669,11.974594500000002,2.3949189000000004,fixed
74.95894609997049,37,0.81,-0.01540968,-3.081936,12.4818408,2.49636816,fixed
74.97055569989607,37,0.81,-0.01557406,-3.114812,12.614988600000002,2.52299772,fixed
74.98203229997307,37,0.81,-0.01543358,-3.086716,12.501199800000002,2.50023996,fixed
74.99367060000077,37,0.81,-0.01520375,-3.04075,12.3150375,2.4630075000000002,fixed
75.0053343999898,37,0.81,-0.01492524,-2.985048,12.0894444,2.41788888,fixed
75.01686889992561,37,0.81,-0.01467457,-2.934914,11.8864017,2.37728034,fixed
75.02842999994755,37,0.81,-0.01518068,-3.036136,12.2963508,2.45927016,fixed
75.04027029999997,37,0.81,-0.01557437,-3.114874,12.615239700000002,2.52304794,fixed
75.0518939999165,37,0.81,-0.01547667,-3.0953340000000003,12.5361027,2.5072205400000005,fixed
75.06330749997869,37,0.81,-0.01523401,-3.046802,12.3395481,2.4679096200000004,fixed
75.07471889990848,37,0.81,-0.01499056,-2.998112,12.142353600000002,2.42847072,fixed
75.08612779993564,37,0.81,-0.01470417,-2.940834,11.910377700000002,2.38207554,fixed
75.09780929994304,37,0.81,-0.01485444,-2.970888,12.0320964,2.40641928,fixed
75.10942150000483,37,0.81,-0.01546061,-3.092122,12.5230941,2.50461882,fixed
75.12105399998836,37,0.81,-0.01555848,-3.111696,12.6023688,2.52047376,fixed
75.13277349993587,37,0.81,-0.01537168,-3.0743359999999997,12.451060800000002,2.49021216,fixed
75.1443275999045,37,0.81,-0.01508023,-3.0160460000000002,12.214986300000001,2.4429972600000003,fixed
75.15601409994997,37,0.81,-0.01478678,-2.957356,11.9772918,2.39545836,fixed
75.16760529996827,37,0.81,-0.01480321,-2.960642,11.990600100000002,2.3981200200000004,fixed
75.17926229990553,37,0.81,-0.01544137,-3.0882739999999997,12.5075097,2.50150194,fixed
75.19090319995303,37,0.81,-0.01556743,-3.113486,12.609618300000001,2.52192366,fixed
75.20268949994352,37,0.81,-0.01538375,-3.0767499999999997,12.4608375,2.4921675,fixed
75.2143787998939,37,0.81,-0.01510712,-3.021424,12.2367672,2.44735344,fixed
75.22612329991534,37,0.81,-0.01477819,-2.955638,11.970333900000002,2.39406678,fixed
75.2378219999373,37,0.81,-0.01486858,-2.973716,12.043549800000001,2.4087099600000004,fixed
75.24956679996103,37,0.81,-0.015489,-3.0978,12.546090000000001,2.509218,fixed
75.26132349995896,37,0.81,-0.01554196,-3.1083920000000003,12.588987600000001,2.5177975200000002,fixed
75.27314770000521,37,0.81,-0.01530361,-3.060722,12.3959241,2.4791848200000004,fixed
75.28478819993325,37,0.81,-0.01501639,-3.003278,12.1632759,2.4326551800000003,fixed
75.296462600003,37,0.81,-0.01469791,-2.939582,11.9053071,2.3810614200000004,fixed
75.30814269999973,37,0.81,-0.01498475,-2.99695,12.137647500000002,2.4275295000000003,fixed
75.31984349992126,37,0.81,-0.01553634,-3.107268,12.5844354,2.51688708,fixed
75.33188449998852,37,0.81,-0.01550988,-3.101976,12.5630028,2.51260056,fixed
75.34397269994952,37,0.81,-0.01519445,-3.03889,12.3075045,2.4615009,fixed
75.3558479999192,37,0.81,-0.01482838,-2.965676,12.0109878,2.4021975600000003,fixed
75.36763679992873,37,0.81,-0.01479869,-2.959738,11.9869389,2.3973877800000003,fixed
75.3795920999255,37,0.81,-0.0155086,-3.1017200000000003,12.561966,2.5123932000000004,fixed
75.39109529997222,37,0.81,-0.01554529,-3.109058,12.5916849,2.5183369800000004,fixed
75.40250450000167,37,0.81,-0.01537606,-3.075212,12.454608600000002,2.4909217200000002,fixed
75.41402039991226,37,0.81,-0.01513153,-3.0263060000000004,12.2565393,2.4513078600000004,fixed
75.42579299991485,37,0.81,-0.01484091,-2.968182,12.0211371,2.4042274200000002,fixed
75.43737279996276,37,0.81,-0.01475749,-2.951498,11.9535669,2.39071338,fixed
75.4490691999672,37,0.81,-0.01536143,-3.072286,12.442758300000001,2.48855166,fixed
75.46055779990274,37,0.81,-0.01556884,-3.113768,12.6107604,2.52215208,fixed
75.47222120000515,37,0.81,-0.01544492,-3.088984,12.5103852,2.50207704,fixed
75.483937199926,37,0.81,-0.01517997,-3.0359939999999996,12.2957757,2.45915514,fixed
75.49543119990267,37,0.81,-0.01488597,-2.977194,12.0576357,2.41152714,fixed
75.50706839992199,37,0.81,-0.01467082,-2.934164,11.883364199999999,2.3766728400000003,fixed
75.51886739989277,37,0.81,-0.01523684,-3.0473679999999996,12.3418404,2.46836808,fixed
75.5306525999913,37,0.81,-0.0155679,-3.1135800000000002,12.609999000000002,2.5219998000000006,fixed
75.54246329993475,37,0.81,-0.01540727,-3.081454,12.479888700000002,2.4959777400000003,fixed
75.5543686999008,37,0.81,-0.01511179,-3.0223579999999997,12.240549900000001,2.44810998,fixed
75.56640159990638,37,0.81,-0.01473703,-2.947406,11.9369943,2.3873988600000002,fixed
75.57819479994942,37,0.81,-0.0149676,-2.9935199999999997,12.123756,2.4247511999999998,fixed
75.58999049989507,37,0.81,-0.01552772,-3.105544,12.5774532,2.5154906400000003,fixed
75.60182779992465,37,0.81,-0.01548147,-3.096294,12.539990700000002,2.50799814,fixed
75.61382349999622,37,0.81,-0.01518918,-3.037836,12.303235800000001,2.46064716,fixed
75.62572429992724,37,0.81,-0.01486835,-2.9736700000000003,12.043363500000002,2.4086727000000003,fixed
75.63748159992974,37,0.81,-0.01473435,-2.94687,11.9348235,2.3869647,fixed
75.64915710000787,37,0.81,-0.01541693,-3.083386,12.487713300000001,2.49754266,fixed
75.66064769995864,37,0.81,-0.01555686,-3.1113720000000002,12.6010566,2.5202113200000005,fixed
75.67236789991148,37,0.81,-0.01542595,-3.08519,12.495019500000001,2.4990039,fixed
75.68411449994892,37,0.81,-0.01514986,-3.029972,12.2713866,2.45427732,fixed
75.69565949996468,37,0.81,-0.01483008,-2.966016,12.012364800000002,2.4024729600000003,fixed
75.70718469994608,37,0.81,-0.01468882,-2.937764,11.897944200000001,2.3795888400000003,fixed
75.71868879999965,37,0.81,-0.01522522,-3.045044,12.3324282,2.46648564,fixed
75.73050649999641,37,0.81,-0.01555156,-3.110312,12.596763600000001,2.51935272,fixed
75.74255559989251,37,0.81,-0.01540043,-3.080086,12.4743483,2.4948696600000004,fixed
75.75459499994759,37,0.81,-0.01507741,-3.0154819999999996,12.2127021,2.44254042,fixed
75.76659309992101,37,0.81,-0.01467416,-2.934832,11.886069600000003,2.3772139200000004,fixed
75.77866630000062,37,0.81,-0.01512241,-3.024482,12.2491521,2.44983042,fixed
75.7909529999597,37,0.81,-0.01555727,-3.1114539999999997,12.601388700000001,2.52027774,fixed
75.80299150000792,37,0.81,-0.01532907,-3.065814,12.416546700000001,2.4833093400000004,fixed
75.81493999995291,37,0.81,-0.01500337,-3.000674,12.152729700000002,2.43054594,fixed
75.8274478999665,37,0.81,-0.01465012,-2.9300240000000004,11.866597200000003,2.3733194400000004,fixed
75.83975729998201,37,0.81,-0.01543111,-3.0862220000000002,12.4991991,2.4998398200000005,fixed
75.85180509998463,37,0.81,-0.01549365,-3.0987299999999998,12.549856499999999,2.5099713,fixed
75.86384219990578,37,0.81,-0.01520342,-3.040684,12.314770200000002,2.4629540400000005,fixed
75.87582959991414,37,0.81,-0.01484939,-2.969878,12.028005900000002,2.40560118,fixed
75.88781459990423,37,0.81,-0.01477773,-2.955546,11.9699613,2.39399226,fixed
75.89991759997793,37,0.81,-0.01551324,-3.102648,12.5657244,2.51314488,fixed
75.91182199993636,37,0.81,-0.01549045,-3.09809,12.5472645,2.5094529000000003,fixed
75.92337410000619,37,0.81,-0.01524372,-3.048744,12.3474132,2.4694826400000003,fixed
75.93492109992076,37,0.81,-0.01498036,-2.996072,12.134091600000001,2.42681832,fixed
75.94642960000783,37,0.81,-0.01468327,-2.936654,11.893448700000002,2.37868974,fixed
75.95781930000521,37,0.81,-0.01488021,-2.976042,12.052970100000001,2.41059402,fixed
75.96925959992222,37,0.81,-0.01544383,-3.088766,12.509502300000001,2.5019004600000003,fixed
75.9807263999246,37,0.81,-0.0155507,-3.1101400000000003,12.596067000000001,2.5192134000000004,fixed
75.99227579997387,37,0.81,-0.01541646,-3.083292,12.487332600000002,2.49746652,fixed
76.00379899994005,37,0.81,-0.0151638,-3.03276,12.282678,2.4565356,fixed
76.01536099996883,37,0.81,-0.01491928,-2.9838560000000003,12.084616800000001,2.41692336,fixed
76.02696229994763,37,0.81,-0.01464645,-2.92929,11.863624500000002,2.3727249,fixed
76.03859509993345,37,0.81,-0.01515456,-3.030912,12.2751936,2.45503872,fixed
76.05034959991463,37,0.81,-0.01555174,-3.1103479999999997,12.5969094,2.51938188,fixed
76.06204619992059,37,0.81,-0.01544543,-3.089086,12.510798300000001,2.5021596600000002,fixed
76.07406949996948,37,0.81,-0.01521208,-3.042416,12.321784800000001,2.46435696,fixed
76.08578729990404,37,0.81,-0.0148201,-2.96402,12.004281,2.4008562,fixed
76.09746319998521,37,0.81,-0.01471737,-2.943474,11.921069700000002,2.3842139400000004,fixed
76.10905319999438,37,0.81,-0.01529552,-3.059104,12.389371200000001,2.4778742400000002,fixed
76.12065179995261,37,0.81,-0.01554837,-3.109674,12.594179700000002,2.51883594,fixed
76.13229999993928,37,0.81,-0.01543013,-3.086026,12.498405300000002,2.49968106,fixed
76.14382939995266,37,0.81,-0.01517962,-3.035924,12.2954922,2.45909844,fixed
76.15532329992857,37,0.81,-0.01489224,-2.9784479999999998,12.0627144,2.41254288,fixed
76.16671149991453,37,0.81,-0.01463457,-2.926914,11.8540017,2.37080034,fixed
76.1781089999713,37,0.81,-0.01497237,-2.994474,12.127619700000002,2.42552394,fixed
76.18946569995023,37,0.81,-0.01547247,-3.094494,12.532700700000001,2.5065401400000002,fixed
76.20094509993214,37,0.81,-0.01553708,-3.1074159999999997,12.5850348,2.51700696,fixed
76.21252989990171,37,0.81,-0.01539686,-3.079372,12.471456600000002,2.4942913200000003,fixed
76.22414259996731,37,0.81,-0.01513027,-3.026054,12.255518700000001,2.45110374,fixed
76.23570919991471,37,0.81,-0.01484263,-2.968526,12.0225303,2.4045060600000006,fixed
76.2473764999304,37,0.81,-0.01466363,-2.932726,11.877540300000001,2.3755080600000005,fixed
76.25901359994896,37,0.81,-0.01524894,-3.0497880000000004,12.351641400000002,2.4703282800000004,fixed
76.27068159996998,37,0.81,-0.01554806,-3.1096120000000003,12.593928600000002,2.5187857200000003,fixed
76.28233399998862,37,0.81,-0.01541228,-3.082456,12.483946800000002,2.49678936,fixed
76.29614009999204,38,0.8200000000000001,-0.01458782,-2.9175639999999996,11.9620124,2.39240248,fixed
76.30779309989884,38,0.8200000000000001,-0.0145996,-2.9199200000000003,11.971672000000002,2.3943344000000004,fixed
76.31952939997427,38,0.8200000000000001,-0.01523626,-3.047252,12.493733200000001,2.4987466400000002,fixed
76.33135409990791,38,0.8200000000000001,-0.01533756,-3.067512,12.5767992,2.51535984,fixed
76.34321630001068,38,0.8200000000000001,-0.01511711,-3.023422,12.3960302,2.47920604,fixed
76.35493769997265,38,0.8200000000000001,-0.01480895,-2.9617899999999997,12.143339000000001,2.4286678,fixed
76.36677759990562,38,0.8200000000000001,-0.01446075,-2.89215,11.857815,2.371563,fixed
76.37867639993783,38,0.8200000000000001,-0.01488176,-2.9763520000000003,12.203043200000002,2.4406086400000007,fixed
76.39057549997233,38,0.8200000000000001,-0.01535948,-3.0718959999999997,12.594773600000002,2.51895472,fixed
76.40289469994605,38,0.8200000000000001,-0.01522845,-3.0456899999999996,12.487329,2.4974657999999996,fixed
76.4147749999538,38,0.8200000000000001,-0.014836,-2.9672,12.16552,2.433104,fixed
76.42660429992247,38,0.8200000000000001,-0.01449843,-2.899686,11.8887126,2.37774252,fixed
76.4384608999826,38,0.8200000000000001,-0.01483282,-2.966564,12.162912400000002,2.43258248,fixed
76.45018459996209,38,0.8200000000000001,-0.01534916,-3.0698320000000003,12.586311200000003,2.5172622400000004,fixed
76.46208809991367,38,0.8200000000000001,-0.01527602,-3.055204,12.526336400000002,2.50526728,fixed
76.47390489990357,38,0.8200000000000001,-0.01502373,-3.004746,12.3194586,2.4638917200000003,fixed
76.48566000000574,38,0.8200000000000001,-0.0146616,-2.93232,12.022512,2.4045024,fixed
76.49746829993092,38,0.8200000000000001,-0.01449594,-2.899188,11.886670800000001,2.37733416,fixed
76.50919079990126,38,0.8200000000000001,-0.01516504,-3.0330079999999997,12.435332800000001,2.48706656,fixed
76.52066499995999,38,0.8200000000000001,-0.01536333,-3.072666,12.597930600000002,2.51958612,fixed
76.53243849996943,38,0.8200000000000001,-0.01522555,-3.0451099999999998,12.484951,2.4969902,fixed
76.54412929993123,38,0.8200000000000001,-0.01496411,-2.992822,12.2705702,2.45411404,fixed
76.55578509997576,38,0.8200000000000001,-0.01466171,-2.932342,12.022602200000001,2.40452044,fixed
76.56712509994395,38,0.8200000000000001,-0.01446947,-2.893894,11.8649654,2.37299308,fixed
76.57858519989531,38,0.8200000000000001,-0.01495428,-2.990856,12.262509600000001,2.45250192,fixed
76.59010849997867,38,0.8200000000000001,-0.01534185,-3.0683700000000003,12.580317000000003,2.5160634000000006,fixed
76.60154780000448,38,0.8200000000000001,-0.01529825,-3.05965,12.544565,2.508913,fixed
76.61321290000342,38,0.8200000000000001,-0.01511961,-3.0239219999999998,12.3980802,2.47961604,fixed
76.62495530000888,38,0.8200000000000001,-0.01483589,-2.9671779999999996,12.1654298,2.43308596,fixed
76.63648989994545,38,0.8200000000000001,-0.01449727,-2.899454,11.8877614,2.37755228,fixed
76.64808600000106,38,0.8200000000000001,-0.01469162,-2.938324,12.0471284,2.4094256800000005,fixed
76.65958350000437,38,0.8200000000000001,-0.01526242,-3.052484,12.5151844,2.5030368800000002,fixed
76.67117959994357,38,0.8200000000000001,-0.01534725,-3.06945,12.584745000000002,2.516949,fixed
76.68272559996694,38,0.8200000000000001,-0.01517626,-3.0352520000000003,12.444533200000002,2.4889066400000006,fixed
76.69431799999438,38,0.8200000000000001,-0.01492631,-2.9852619999999996,12.2395742,2.4479148399999997,fixed
76.70599019993097,38,0.8200000000000001,-0.01463016,-2.926032,11.996731200000001,2.3993462400000003,fixed
76.71760729991365,38,0.8200000000000001,-0.01451153,-2.9023060000000003,11.899454600000002,2.3798909200000002,fixed
76.72923419997096,38,0.8200000000000001,-0.01514143,-3.0282860000000005,12.415972600000002,2.4831945200000005,fixed
76.74107429990545,38,0.8200000000000001,-0.01536048,-3.0720959999999997,12.595593599999999,2.51911872,fixed
76.7526637999108,38,0.8200000000000001,-0.01519081,-3.0381620000000003,12.456464200000001,2.4912928400000003,fixed
76.76425659994129,38,0.8200000000000001,-0.0149379,-2.9875800000000003,12.249078000000003,2.4498156000000004,fixed
76.77585459989496,38,0.8200000000000001,-0.014648,-2.9295999999999998,12.01136,2.402272,fixed
76.78742219996639,38,0.8200000000000001,-0.01449391,-2.8987819999999997,11.885006200000001,2.37700124,fixed
76.79899879998993,38,0.8200000000000001,-0.01507738,-3.015476,12.363451600000001,2.4726903200000003,fixed
76.81050309992861,38,0.8200000000000001,-0.01536041,-3.072082,12.5955362,2.5191072400000003,fixed
76.82219340000302,38,0.8200000000000001,-0.01526556,-3.0531119999999996,12.5177592,2.50355184,fixed
76.8338616999099,38,0.8200000000000001,-0.01501354,-3.002708,12.3111028,2.4622205600000004,fixed
76.84546849993058,38,0.8200000000000001,-0.01471041,-2.942082,12.062536200000002,2.41250724,fixed
76.85713599994779,38,0.8200000000000001,-0.0144515,-2.8903000000000003,11.850230000000002,2.3700460000000003,fixed
76.86885149998125,38,0.8200000000000001,-0.01493911,-2.987822,12.250070200000001,2.45001404,fixed
76.88057229993865,38,0.8200000000000001,-0.0153521,-3.07042,12.588722000000002,2.5177444,fixed
76.89214709994849,38,0.8200000000000001,-0.01524829,-3.049658,12.5035978,2.5007195600000003,fixed
76.90380649990402,38,0.8200000000000001,-0.01500878,-3.001756,12.3071996,2.46143992,fixed
76.91539829992689,38,0.8200000000000001,-0.01474459,-2.948918,12.0905638,2.41811276,fixed
76.92698589991778,38,0.8200000000000001,-0.01445004,-2.8900080000000004,11.849032800000002,2.3698065600000007,fixed
76.93838740000501,38,0.8200000000000001,-0.01482846,-2.9656919999999998,12.1593372,2.43186744,fixed
76.94989369995892,38,0.8200000000000001,-0.01529565,-3.0591299999999997,12.542433,2.5084866,fixed
76.96146279992536,38,0.8200000000000001,-0.01532767,-3.065534,12.5686894,2.5137378800000003,fixed
76.97302069992293,38,0.8200000000000001,-0.01514834,-3.029668,12.4216388,2.48432776,fixed
76.98462649993598,38,0.8200000000000001,-0.01488341,-2.976682,12.2043962,2.44087924,fixed
76.99634819990024,38,0.8200000000000001,-0.01457833,-2.9156660000000003,11.9542306,2.3908461200000004,fixed
77.00829049991444,38,0.8200000000000001,-0.01467116,-2.934232,12.0303512,2.4060702400000005,fixed
77.01991269993596,38,0.8200000000000001,-0.01530088,-3.060176,12.5467216,2.50934432,fixed
77.03158069995698,38,0.8200000000000001,-0.01531594,-3.063188,12.5590708,2.51181416,fixed
77.04327979998197,38,0.8200000000000001,-0.01510618,-3.021236,12.387067600000002,2.4774135200000003,fixed
77.05512299994007,38,0.8200000000000001,-0.01480786,-2.9615720000000003,12.142445200000001,2.4284890400000005,fixed
77.06689229991753,38,0.8200000000000001,-0.01446036,-2.8920719999999998,11.857495200000002,2.37149904,fixed
77.0786030999152,38,0.8200000000000001,-0.0148506,-2.97012,12.177492,2.4354984,fixed
77.09041139995679,38,0.8200000000000001,-0.01533472,-3.066944,12.574470400000001,2.51489408,fixed
77.10210479993839,38,0.8200000000000001,-0.01526006,-3.0520120000000004,12.513249200000002,2.5026498400000006,fixed
77.11391879990697,38,0.8200000000000001,-0.01502652,-3.0053039999999998,12.321746400000002,2.46434928,fixed
77.12555989995599,38,0.8200000000000001,-0.01467611,-2.935222,12.0344102,2.40688204,fixed
77.1372340999078,38,0.8200000000000001,-0.01444797,-2.8895939999999998,11.8473354,2.36946708,fixed
77.148774900008,38,0.8200000000000001,-0.01498506,-2.997012,12.287749200000002,2.45754984,fixed
77.1603635000065,38,0.8200000000000001,-0.01533525,-3.06705,12.574905000000001,2.514981,fixed
77.17198369989637,38,0.8200000000000001,-0.01527894,-3.055788,12.5287308,2.50574616,fixed
77.18366429989692,38,0.8200000000000001,-0.01503466,-3.006932,12.328421200000001,2.4656842400000003,fixed
77.19515970000066,38,0.8200000000000001,-0.01475203,-2.950406,12.0966646,2.4193329200000004,fixed
77.20687559992075,38,0.8200000000000001,-0.01447049,-2.8940980000000005,11.865801800000002,2.3731603600000004,fixed
77.21856700000353,38,0.8200000000000001,-0.01479711,-2.959422,12.133630200000002,2.42672604,fixed
77.23009189998265,38,0.8200000000000001,-0.01531362,-3.0627240000000002,12.5571684,2.5114336800000006,fixed
77.2415077999467,38,0.8200000000000001,-0.0153111,-3.06222,12.555102,2.5110204,fixed
77.25308259995654,38,0.8200000000000001,-0.01513701,-3.027402,12.4123482,2.48246964,fixed
77.26474849996157,38,0.8200000000000001,-0.01486706,-2.973412,12.1909892,2.4381978400000004,fixed
77.27660439989995,38,0.8200000000000001,-0.014526,-2.9052000000000002,11.911320000000002,2.382264,fixed
77.28842649993021,38,0.8200000000000001,-0.01467039,-2.934078,12.029719800000002,2.40594396,fixed
77.30027689994313,38,0.8200000000000001,-0.01531465,-3.06293,12.558013,2.5116026000000002,fixed
77.31220669997856,38,0.8200000000000001,-0.01527656,-3.055312,12.526779200000002,2.50535584,fixed
77.32400279992726,38,0.8200000000000001,-0.01500046,-3.000092,12.3003772,2.4600754400000002,fixed
77.33573629998136,38,0.8200000000000001,-0.01469313,-2.938626,12.048366600000001,2.4096733200000005,fixed
77.34756329993252,38,0.8200000000000001,-0.01446371,-2.8927419999999997,11.8602422,2.37204844,fixed
77.35944079991896,38,0.8200000000000001,-0.01512032,-3.024064,12.398662400000001,2.4797324800000005,fixed
77.37137409998104,38,0.8200000000000001,-0.01533012,-3.0660239999999996,12.5706984,2.51413968,fixed
77.38332739996258,38,0.8200000000000001,-0.01511461,-3.0229220000000003,12.393980200000001,2.4787960400000006,fixed
77.39532589993905,38,0.8200000000000001,-0.01476588,-2.953176,12.1080216,2.42160432,fixed
77.40732979995664,38,0.8200000000000001,-0.01443366,-2.886732,11.835601200000001,2.36712024,fixed
77.41942739998922,38,0.8200000000000001,-0.01506912,-3.013824,12.356678400000002,2.47133568,fixed
77.4312594999792,38,0.8200000000000001,-0.015336,-3.0672,12.575520000000001,2.5151040000000005,fixed
77.44287469994742,38,0.8200000000000001,-0.01515435,-3.03087,12.426567,2.4853134000000003,fixed
77.4544581999071,38,0.8200000000000001,-0.01489574,-2.979148,12.2145068,2.44290136,fixed
77.46598889993038,38,0.8200000000000001,-0.01459736,-2.919472,11.9698352,2.39396704,fixed
77.47745969996322,38,0.8200000000000001,-0.01447948,-2.8958959999999996,11.8731736,2.37463472,fixed
77.48895969998557,38,0.8200000000000001,-0.01503743,-3.0074859999999997,12.3306926,2.46613852,fixed
77.5006304999115,38,0.8200000000000001,-0.01532974,-3.0659479999999997,12.570386800000001,2.51407736,fixed
77.51215560000855,38,0.8200000000000001,-0.0152433,-3.04866,12.499506,2.4999012,fixed
77.52365459990688,38,0.8200000000000001,-0.01502102,-3.004204,12.3172364,2.4634472800000005,fixed
77.53531979990657,38,0.8200000000000001,-0.01475404,-2.950808,12.0983128,2.41966256,fixed
77.54680339992046,38,0.8200000000000001,-0.01443159,-2.886318,11.8339038,2.36678076,fixed
77.55838830000721,38,0.8200000000000001,-0.01468753,-2.937506,12.0437746,2.4087549200000002,fixed
77.57006890000775,38,0.8200000000000001,-0.01527295,-3.05459,12.523819000000001,2.5047638,fixed
77.58175479993224,38,0.8200000000000001,-0.0152915,-3.0583,12.539030000000002,2.5078060000000004,fixed
77.59333339997102,38,0.8200000000000001,-0.01508314,-3.016628,12.368174800000002,2.47363496,fixed
77.60498109995387,38,0.8200000000000001,-0.01481349,-2.962698,12.147061800000001,2.42941236,fixed
77.61658209993038,38,0.8200000000000001,-0.01449759,-2.8995179999999996,11.8880238,2.3776047599999997,fixed
77.62825129996054,38,0.8200000000000001,-0.01461375,-2.9227499999999997,11.983275,2.396655,fixed
77.63981149997562,38,0.8200000000000001,-0.01524958,-3.049916,12.504655600000001,2.50093112,fixed
77.65151739993598,38,0.8200000000000001,-0.01530815,-3.06163,12.552683,2.5105366000000005,fixed
77.66306029993575,38,0.8200000000000001,-0.01511725,-3.02345,12.396145,2.479229,fixed
77.67454379994888,38,0.8200000000000001,-0.01486928,-2.973856,12.192809600000002,2.43856192,fixed
77.68606979993638,38,0.8200000000000001,-0.01457461,-2.914922,11.951180200000001,2.39023604,fixed
77.69749539997429,38,0.8200000000000001,-0.0144883,-2.89766,11.880406,2.3760812000000002,fixed
77.70900969998911,38,0.8200000000000001,-0.01502755,-3.00551,12.322591000000001,2.4645182,fixed
77.72069170000032,38,0.8200000000000001,-0.0153257,-3.06514,12.567074000000002,2.5134148,fixed
77.73240239999723,38,0.8200000000000001,-0.01520313,-3.040626,12.466566600000002,2.4933133200000004,fixed
77.74403850000817,38,0.8200000000000001,-0.01498609,-2.997218,12.288593800000001,2.45771876,fixed
77.75579929992091,38,0.8200000000000001,-0.01466959,-2.933918,12.0290638,2.40581276,fixed
77.76769239990972,38,0.8200000000000001,-0.01445383,-2.890766,11.852140600000002,2.37042812,fixed
77.77975939994212,38,0.8200000000000001,-0.01518358,-3.036716,12.450535600000002,2.4901071200000002,fixed
77.79198059998453,38,0.8200000000000001,-0.0152861,-3.05722,12.534602000000001,2.5069204000000003,fixed
77.80416099994909,38,0.8200000000000001,-0.01499459,-2.998918,12.295563800000002,2.4591127600000005,fixed
77.8162056999281,38,0.8200000000000001,-0.01461065,-2.92213,11.980733,2.3961466000000002,fixed
77.82816359994467,38,0.8200000000000001,-0.01453759,-2.907518,11.9208238,2.3841647600000004,fixed
77.84026460000314,38,0.8200000000000001,-0.0152729,-3.05458,12.523778000000002,2.5047556,fixed
77.85239189991262,38,0.8200000000000001,-0.01525138,-3.0502759999999998,12.506131600000002,2.50122632,fixed
77.86496869998518,38,0.8200000000000001,-0.01493672,-2.987344,12.248110400000002,2.44962208,fixed
77.87697409989778,38,0.8200000000000001,-0.01445691,-2.891382,11.8546662,2.3709332400000003,fixed
77.88898249994963,38,0.8200000000000001,-0.01488247,-2.9764939999999998,12.203625400000002,2.44072508,fixed
77.90109499997925,38,0.8200000000000001,-0.01532,-3.064,12.562400000000002,2.51248,fixed
77.91260709997732,38,0.8200000000000001,-0.0151762,-3.0352400000000004,12.444484000000003,2.4888968000000005,fixed
77.92433670000173,38,0.8200000000000001,-0.01493451,-2.9869019999999997,12.2462982,2.4492596399999997,fixed
77.93603370001074,38,0.8200000000000001,-0.01461619,-2.923238,11.9852758,2.3970551600000003,fixed
77.94757189997472,38,0.8200000000000001,-0.01445673,-2.8913459999999995,11.8545186,2.37090372,fixed
77.95902449998539,38,0.8200000000000001,-0.01499108,-2.998216,12.2926856,2.4585371200000004,fixed
77.97076619998552,38,0.8200000000000001,-0.01532291,-3.064582,12.5647862,2.5129572400000004,fixed
77.98282759997528,38,0.8200000000000001,-0.01518788,-3.0375760000000005,12.454061600000001,2.4908123200000007,fixed
77.99480489990674,38,0.8200000000000001,-0.01486375,-2.97275,12.188275000000003,2.4376550000000003,fixed
78.00680119998287,38,0.8200000000000001,-0.01447778,-2.895556,11.871779600000002,2.37435592,fixed
78.01887869997881,38,0.8200000000000001,-0.01479501,-2.9590020000000004,12.131908200000002,2.4263816400000007,fixed
78.0307715999661,38,0.8200000000000001,-0.01532797,-3.065594,12.568935399999999,2.51378708,fixed
78.04224719991907,38,0.8200000000000001,-0.01522017,-3.044034,12.480539400000001,2.4961078800000003,fixed
78.05398249998689,38,0.8200000000000001,-0.01500256,-3.0005119999999996,12.3020992,2.4604198399999997,fixed
78.06546459998935,38,0.8200000000000001,-0.01469446,-2.938892,12.0494572,2.4098914400000004,fixed
78.07714599999599,38,0.8200000000000001,-0.01442191,-2.884382,11.825966200000002,2.36519324,fixed
78.08865499997046,38,0.8200000000000001,-0.01483898,-2.967796,12.167963600000002,2.43359272,fixed
78.10033479996491,38,0.8200000000000001,-0.01528569,-3.0571379999999997,12.5342658,2.50685316,fixed
78.11180700000841,38,0.8200000000000001,-0.0152754,-3.05508,12.525828,2.5051656,fixed
78.1236091000028,38,0.8200000000000001,-0.01506385,-3.01277,12.352357000000001,2.4704714000000005,fixed
78.13517719996162,38,0.8200000000000001,-0.01477065,-2.95413,12.111933,2.4223866000000003,fixed
78.14681979990564,38,0.8200000000000001,-0.01445802,-2.891604,11.855576400000002,2.37111528,fixed
78.15838009992149,38,0.8200000000000001,-0.01468358,-2.9367159999999997,12.0405356,2.40810712,fixed
78.17013979994226,38,0.8200000000000001,-0.0152448,-3.04896,12.500736,2.5001472000000002,fixed
78.18189629993867,38,0.8200000000000001,-0.01527355,-3.05471,12.524311,2.5048622000000003,fixed
78.1935828999849,38,0.8200000000000001,-0.01505231,-3.0104619999999995,12.342894200000002,2.4685788399999997,fixed
78.20521189994179,38,0.8200000000000001,-0.01474883,-2.949766,12.0940406,2.41880812,fixed
78.21718099992722,38,0.8200000000000001,-0.01444017,-2.888034,11.840939400000002,2.3681878800000002,fixed
78.22889709996525,38,0.8200000000000001,-0.01481582,-2.963164,12.148972400000002,2.42979448,fixed
78.24062209995463,38,0.8200000000000001,-0.01531018,-3.062036,12.554347600000002,2.51086952,fixed
78.25222739996389,38,0.8200000000000001,-0.01524317,-3.0486340000000003,12.499399400000001,2.4998798800000004,fixed
78.26385489990935,38,0.8200000000000001,-0.01501767,-3.003534,12.314489400000001,2.4628978800000003,fixed
78.2753781999927,38,0.8200000000000001,-0.01473809,-2.947618,12.085233800000001,2.41704676,fixed
78.28702829999384,38,0.8200000000000001,-0.01442743,-2.8854859999999998,11.830492600000001,2.36609852,fixed
78.30072129995096,39,0.81,-0.01548778,-3.097556,12.5451018,2.50902036,fixed
78.31239919993095,39,0.81,-0.01540061,-3.0801220000000002,12.474494100000001,2.4948988200000004,fixed
78.32394969998859,39,0.81,-0.01516055,-3.0321100000000003,12.280045500000002,2.4560091000000006,fixed
78.33557769993786,39,0.81,-0.01489305,-2.97861,12.0633705,2.4126741000000003,fixed
78.34717979992274,39,0.81,-0.01459491,-2.9189819999999997,11.8218771,2.36437542,fixed
78.35870089998934,39,0.81,-0.01496218,-2.992436,12.1193658,2.4238731600000003,fixed
78.37039970001206,39,0.81,-0.01546423,-3.092846,12.526026300000002,2.5052052600000003,fixed
78.3819234999828,39,0.81,-0.01544007,-3.0880140000000003,12.506456700000001,2.5012913400000003,fixed
78.39356110000517,39,0.81,-0.01522585,-3.04517,12.332938500000001,2.4665877000000003,fixed
78.40512339991983,39,0.81,-0.01495847,-2.991694,12.1163607,2.42327214,fixed
78.41676329995971,39,0.81,-0.0146655,-2.9331,11.879055000000001,2.375811,fixed
78.42847309994977,39,0.81,-0.01484721,-2.969442,12.0262401,2.40524802,fixed
78.4402755999472,39,0.81,-0.015428,-3.0856000000000003,12.496680000000001,2.4993360000000004,fixed
78.45210240001325,39,0.81,-0.01544056,-3.088112,12.506853600000001,2.50137072,fixed
78.463832099922,39,0.81,-0.01519818,-3.0396360000000002,12.3105258,2.46210516,fixed
78.47544179996476,39,0.81,-0.01490264,-2.980528,12.0711384,2.41422768,fixed
78.48718960001133,39,0.81,-0.01459794,-2.919588,11.8243314,2.36486628,fixed
78.49896369990893,39,0.81,-0.01504244,-3.0084880000000003,12.184376400000001,2.43687528,fixed
78.5105973999016,39,0.81,-0.01548496,-3.096992,12.542817600000001,2.5085635200000005,fixed
78.52222309994977,39,0.81,-0.01540485,-3.0809699999999998,12.4779285,2.4955857,fixed
78.53373259992804,39,0.81,-0.01517654,-3.035308,12.292997400000003,2.45859948,fixed
78.54537909990177,39,0.81,-0.01492729,-2.985458,12.0911049,2.41822098,fixed
78.5570519999601,39,0.81,-0.01461341,-2.922682,11.836862100000001,2.36737242,fixed
78.56861700001173,39,0.81,-0.01492755,-2.98551,12.0913155,2.4182631000000003,fixed
78.58030249993317,39,0.81,-0.01543699,-3.087398,12.5039619,2.50079238,fixed
78.59180389996618,39,0.81,-0.01544572,-3.089144,12.5110332,2.5022066400000003,fixed
78.60345079994295,39,0.81,-0.0152548,-3.0509600000000003,12.356388,2.4712776000000005,fixed
78.61495239997748,39,0.81,-0.01497765,-2.99553,12.131896500000002,2.4263793000000002,fixed
78.6266565999249,39,0.81,-0.01468511,-2.937022,11.8949391,2.37898782,fixed
78.63833869993687,39,0.81,-0.0147608,-2.95216,11.956248,2.3912496,fixed
78.64989889995195,39,0.81,-0.01537023,-3.074046,12.449886300000001,2.4899772600000003,fixed
78.66156769997906,39,0.81,-0.0154687,-3.09374,12.529647,2.5059294000000003,fixed
78.67340540001169,39,0.81,-0.01527679,-3.055358,12.3741999,2.47483998,fixed
78.68533559993375,39,0.81,-0.01496244,-2.9924880000000003,12.119576400000001,2.4239152800000006,fixed
78.6972500999691,39,0.81,-0.01460127,-2.920254,11.827028700000001,2.36540574,fixed
78.70911029994022,39,0.81,-0.01505586,-3.011172,12.1952466,2.4390493200000005,fixed
78.72098869993351,39,0.81,-0.01548625,-3.09725,12.543862500000001,2.5087725,fixed
78.73334589996375,39,0.81,-0.01530437,-3.0608739999999997,12.3965397,2.47930794,fixed
78.74520259990823,39,0.81,-0.0149676,-2.9935199999999997,12.123756,2.4247511999999998,fixed
78.75711070001125,39,0.81,-0.01462113,-2.924226,11.843115300000001,2.36862306,fixed
78.7690556999296,39,0.81,-0.01499361,-2.998722,12.1448241,2.42896482,fixed
78.78108039998915,39,0.81,-0.01548949,-3.097898,12.546486900000001,2.50929738,fixed
78.79304949997459,39,0.81,-0.01534285,-3.0685700000000002,12.427708500000001,2.4855417,fixed
78.80482179997489,39,0.81,-0.01503766,-3.007532,12.1805046,2.43610092,fixed
78.8168954999419,39,0.81,-0.01469122,-2.938244,11.8998882,2.3799776400000003,fixed
78.82869669992942,39,0.81,-0.01488251,-2.976502,12.0548331,2.41096662,fixed
78.8406216999283,39,0.81,-0.01545927,-3.091854,12.522008700000002,2.50440174,fixed
78.85255279997364,39,0.81,-0.01537621,-3.0752420000000003,12.4547301,2.4909460200000004,fixed
78.86453989997972,39,0.81,-0.01511811,-3.023622,12.245669100000002,2.44913382,fixed
78.87629519996699,39,0.81,-0.014755,-2.951,11.951550000000001,2.3903100000000004,fixed
78.88819109997712,39,0.81,-0.01467434,-2.934868,11.886215400000001,2.37724308,fixed
78.89998039999045,39,0.81,-0.01538066,-3.0761320000000003,12.4583346,2.4916669200000006,fixed
78.91195969993714,39,0.81,-0.01545854,-3.0917079999999997,12.5214174,2.50428348,fixed
78.92372799990699,39,0.81,-0.0152262,-3.04524,12.333222000000001,2.4666444000000003,fixed
78.93525599990971,39,0.81,-0.01493423,-2.986846,12.0967263,2.41934526,fixed
78.94688569998834,39,0.81,-0.01463486,-2.926972,11.8542366,2.37084732,fixed
78.95840579993092,39,0.81,-0.01480018,-2.9600359999999997,11.9881458,2.3976291599999997,fixed
78.97006769990548,39,0.81,-0.01538623,-3.077246,12.462846300000002,2.4925692600000002,fixed
78.98168069997337,39,0.81,-0.01545609,-3.091218,12.5194329,2.50388658,fixed
78.99349219992291,39,0.81,-0.01526894,-3.053788,12.367841400000001,2.4735682800000003,fixed
79.0051907999441,39,0.81,-0.01495283,-2.9905660000000003,12.1117923,2.4223584600000003,fixed
79.01694579992909,39,0.81,-0.01462944,-2.925888,11.8498464,2.3699692800000003,fixed
79.02866269997321,39,0.81,-0.01487056,-2.974112,12.0451536,2.40903072,fixed
79.04033069999423,39,0.81,-0.01543216,-3.086432,12.5000496,2.50000992,fixed
79.05211079993751,39,0.81,-0.01542792,-3.085584,12.4966152,2.49932304,fixed
79.06387780001387,39,0.81,-0.01520645,-3.04129,12.317224500000002,2.4634449000000003,fixed
79.07550429995172,39,0.81,-0.01489933,-2.9798660000000003,12.068457300000002,2.4136914600000003,fixed
79.08722320001107,39,0.81,-0.01459007,-2.9180140000000003,11.817956700000002,2.3635913400000006,fixed
79.09908640000504,39,0.81,-0.01493264,-2.9865280000000003,12.095438400000003,2.4190876800000005,fixed
79.1108261999907,39,0.81,-0.01547248,-3.0944960000000004,12.5327088,2.5065417600000006,fixed
79.12262659997214,39,0.81,-0.01537778,-3.075556,12.456001800000001,2.49120036,fixed
79.13439579994883,39,0.81,-0.01511332,-3.022664,12.241789200000001,2.44835784,fixed
79.1460545998998,39,0.81,-0.01478832,-2.9576640000000003,11.9785392,2.3957078400000005,fixed
79.1576954999473,39,0.81,-0.01459337,-2.918674,11.8206297,2.3641259400000005,fixed
79.16955329990014,39,0.81,-0.01521381,-3.0427619999999997,12.323186100000001,2.4646372199999997,fixed
79.18118479999248,39,0.81,-0.01548073,-3.096146,12.5393913,2.50787826,fixed
79.19266239996068,39,0.81,-0.01535808,-3.0716159999999997,12.4400448,2.4880089599999997,fixed
79.2042291999096,39,0.81,-0.01511403,-3.022806,12.2423643,2.4484728600000003,fixed
79.21573489997536,39,0.81,-0.01484803,-2.9696059999999997,12.0269043,2.4053808599999997,fixed
79.22720069997013,39,0.81,-0.01457292,-2.914584,11.8040652,2.36081304,fixed
79.23872769996524,39,0.81,-0.01489333,-2.978666,12.063597300000001,2.4127194600000004,fixed
79.25019449996762,39,0.81,-0.01540893,-3.081786,12.4812333,2.49624666,fixed
79.26163149997592,39,0.81,-0.01544767,-3.089534,12.512612700000002,2.50252254,fixed
79.27341979998164,39,0.81,-0.01527643,-3.055286,12.373908300000002,2.47478166,fixed
79.28529529995285,39,0.81,-0.01497183,-2.9943660000000003,12.127182300000001,2.4254364600000002,fixed
79.29703029990196,39,0.81,-0.01460728,-2.921456,11.8318968,2.3663793600000003,fixed
79.30858640000224,39,0.81,-0.01482978,-2.9659560000000003,12.012121800000001,2.4024243600000004,fixed
79.32025250000879,39,0.81,-0.01540653,-3.081306,12.479289300000001,2.49585786,fixed
79.33209909999277,39,0.81,-0.01543794,-3.087588,12.504731400000002,2.5009462800000004,fixed
79.34392289991956,39,0.81,-0.01519169,-3.0383380000000004,12.305268900000002,2.4610537800000003,fixed
79.35561450000387,39,0.81,-0.0149048,-2.98096,12.072888,2.4145776000000003,fixed
79.36729199998081,39,0.81,-0.01458072,-2.916144,11.810383200000002,2.36207664,fixed
79.3788888999261,39,0.81,-0.01494034,-2.9880679999999997,12.101675400000001,2.42033508,fixed
79.39063929999247,39,0.81,-0.01544687,-3.0893740000000003,12.511964700000002,2.5023929400000005,fixed
79.4023589999415,39,0.81,-0.01539786,-3.0795719999999998,12.472266600000001,2.49445332,fixed
79.41411989997141,39,0.81,-0.01515838,-3.031676,12.278287800000001,2.45565756,fixed
79.42592660000082,39,0.81,-0.01483628,-2.967256,12.017386800000002,2.40347736,fixed
79.43777089996729,39,0.81,-0.01458979,-2.917958,11.8177299,2.36354598,fixed
79.449692199938,39,0.81,-0.0151982,-3.03964,12.310542,2.4621084,fixed
79.46155839995481,39,0.81,-0.01546754,-3.093508,12.5287074,2.50574148,fixed
79.47305099992082,39,0.81,-0.01531231,-3.062462,12.402971100000002,2.48059422,fixed
79.48460629989859,39,0.81,-0.01504989,-3.009978,12.1904109,2.43808218,fixed
79.49597339995671,39,0.81,-0.01479015,-2.95803,11.9800215,2.3960043,fixed
79.50744560000021,39,0.81,-0.01456913,-2.913826,11.8009953,2.36019906,fixed
79.51922559994273,39,0.81,-0.0150448,-3.00896,12.186288000000001,2.4372576,fixed
79.53090989997145,39,0.81,-0.01547271,-3.094542,12.532895100000001,2.50657902,fixed
79.54260409995914,39,0.81,-0.01538501,-3.077002,12.4618581,2.49237162,fixed
79.55411769996863,39,0.81,-0.01513538,-3.027076,12.259657800000001,2.4519315600000002,fixed
79.56564839999191,39,0.81,-0.01486073,-2.972146,12.037191300000002,2.40743826,fixed
79.57733739994,39,0.81,-0.01457766,-2.915532,11.8079046,2.36158092,fixed
79.58893349999562,39,0.81,-0.01492659,-2.985318,12.0905379,2.41810758,fixed
79.60042629996315,39,0.81,-0.01543593,-3.087186,12.503103300000003,2.50062066,fixed
79.6120584999444,39,0.81,-0.01544363,-3.0887260000000003,12.509340300000002,2.5018680600000005,fixed
79.62383689999115,39,0.81,-0.01521909,-3.043818,12.3274629,2.4654925800000003,fixed
79.63534279994201,39,0.81,-0.01493211,-2.986422,12.095009100000002,2.41900182,fixed
79.64696009992622,39,0.81,-0.0146465,-2.9293,11.863665000000001,2.372733,fixed
79.65862899995409,39,0.81,-0.01477791,-2.955582,11.9701071,2.39402142,fixed
79.67034740000963,39,0.81,-0.01539763,-3.0795260000000004,12.472080300000002,2.4944160600000007,fixed
79.68191469996236,39,0.81,-0.01543957,-3.087914,12.506051700000002,2.50121034,fixed
79.69377889996395,39,0.81,-0.01524546,-3.0490920000000004,12.348822600000002,2.4697645200000005,fixed
79.70557210000698,39,0.81,-0.0149112,-2.98224,12.078072,2.4156144,fixed
79.71750999998767,39,0.81,-0.01458269,-2.916538,11.811978900000002,2.3623957800000004,fixed
79.72935799998231,39,0.81,-0.01510758,-3.021516,12.237139800000001,2.44742796,fixed
79.74117169994861,39,0.81,-0.01547333,-3.094666,12.5333973,2.5066794600000004,fixed
79.75311980000697,39,0.81,-0.0153339,-3.06678,12.420459,2.4840918000000003,fixed
79.76480090001132,39,0.81,-0.01504378,-3.008756,12.1854618,2.4370923600000003,fixed
79.77669729990885,39,0.81,-0.01471732,-2.943464,11.921029200000001,2.3842058400000004,fixed
79.78861609997693,39,0.81,-0.01473627,-2.947254,11.9363787,2.38727574,fixed
79.80069319996983,39,0.81,-0.01541404,-3.082808,12.485372400000001,2.49707448,fixed
79.81256949994713,39,0.81,-0.01540129,-3.0802579999999997,12.4750449,2.49500898,fixed
79.82445389998611,39,0.81,-0.01510821,-3.021642,12.2376501,2.4475300200000003,fixed
79.83623869996518,39,0.81,-0.01477339,-2.9546780000000004,11.9664459,2.3932891800000005,fixed
79.8479706000071,39,0.81,-0.01459815,-2.91963,11.8245015,2.3649003000000004,fixed
79.85972700000275,39,0.81,-0.01523469,-3.046938,12.340098900000001,2.46801978,fixed
79.87142559990752,39,0.81,-0.01547271,-3.094542,12.532895100000001,2.50657902,fixed
79.88317309995182,39,0.81,-0.01531705,-3.06341,12.4068105,2.4813621,fixed
79.89481869991869,39,0.81,-0.01504372,-3.008744,12.1854132,2.4370826400000003,fixed
79.90638229995966,39,0.81,-0.01476069,-2.952138,11.956158900000002,2.3912317800000005,fixed
79.91803179995622,39,0.81,-0.01462894,-2.925788,11.8494414,2.36988828,fixed
79.92963219992816,39,0.81,-0.01525157,-3.050314,12.353771700000001,2.4707543400000005,fixed
79.94124700000975,39,0.81,-0.0154736,-3.09472,12.533616,2.5067232,fixed
79.9528968000086,39,0.81,-0.01534604,-3.069208,12.4302924,2.48605848,fixed
79.96463959990069,39,0.81,-0.01509303,-3.018606,12.225354300000001,2.4450708600000004,fixed
79.9763515999075,39,0.81,-0.01478412,-2.956824,11.9751372,2.3950274400000002,fixed
79.98827929992694,39,0.81,-0.01461393,-2.922786,11.837283300000001,2.36745666,fixed
79.99993649998214,39,0.81,-0.01532342,-3.064684,12.411970200000003,2.4823940400000004,fixed
80.01147439994384,39,0.81,-0.01546708,-3.093416,12.528334800000001,2.50566696,fixed
80.02325749990996,39,0.81,-0.01531429,-3.062858,12.4045749,2.48091498,fixed
80.03491779998876,39,0.81,-0.01503379,-3.006758,12.1773699,2.4354739800000003,fixed
80.04666009999346,39,0.81,-0.01471929,-2.9438579999999996,11.922624899999999,2.3845249799999997,fixed
80.05832299997564,39,0.81,-0.01468058,-2.936116,11.891269800000002,2.3782539600000003,fixed
80.07008420000784,39,0.81,-0.0153274,-3.06548,12.415194000000001,2.4830388,fixed
80.08176949992776,39,0.81,-0.01545852,-3.091704,12.521401200000001,2.5042802400000004,fixed
80.09354269993491,39,0.81,-0.01527545,-3.05509,12.373114500000002,2.4746229,fixed
80.10528669995256,39,0.81,-0.01497436,-2.994872,12.129231600000002,2.4258463200000002,fixed
80.11706239997875,39,0.81,-0.01463915,-2.92783,11.8577115,2.3715423,fixed
80.12878449994605,39,0.81,-0.01480222,-2.960444,11.989798200000001,2.39795964,fixed
80.14057159994263,39,0.81,-0.01543579,-3.0871579999999996,12.502989900000001,2.5005979799999998,fixed
80.15220759995282,39,0.81,-0.01542205,-3.08441,12.4918605,2.4983721,fixed
80.16377899993677,39,0.81,-0.01520149,-3.040298,12.3132069,2.46264138,fixed
80.17550519993529,39,0.81,-0.01493906,-2.9878120000000004,12.100638600000002,2.4201277200000004,fixed
80.187489099917,39,0.81,-0.01456933,-2.913866,11.8011573,2.36023146,fixed
80.19910329999402,39,0.81,-0.0149932,-2.99864,12.144492000000001,2.4288984,fixed
80.21067790000234,39,0.81,-0.01544962,-3.0899240000000003,12.514192200000002,2.5028384400000006,fixed
80.22229489998426,39,0.81,-0.01539717,-3.079434,12.471707700000001,2.49434154,fixed
80.234039700008,39,0.81,-0.01516142,-3.0322839999999998,12.280750200000002,2.45615004,fixed
80.24559229996521,39,0.81,-0.01488701,-2.977402,12.058478100000002,2.41169562,fixed
80.25709699990693,39,0.81,-0.01459729,-2.919458,11.823804900000003,2.3647609800000002,fixed
80.26871859992389,39,0.81,-0.0147981,-2.95962,11.986461,2.3972922000000003,fixed
80.28030679991934,39,0.81,-0.01537776,-3.075552,12.455985600000002,2.4911971200000003,fixed
80.29198019998148,39,0.81,-0.01544206,-3.088412,12.508068600000001,2.50161372,fixed
80.30560859991238,40,0.8200000000000001,-0.01472685,-2.9453699999999996,12.076017000000002,2.4152034,fixed
80.3172840999905,40,0.8200000000000001,-0.01443354,-2.886708,11.835502800000002,2.3671005600000004,fixed
80.32896099996287,40,0.8200000000000001,-0.01473268,-2.946536,12.0807976,2.4161595200000003,fixed
80.34051119990181,40,0.8200000000000001,-0.0152386,-3.04772,12.495652000000002,2.4991304000000003,fixed
80.3520683000097,40,0.8200000000000001,-0.0152536,-3.05072,12.507952000000001,2.5015904000000004,fixed
80.36357169994153,40,0.8200000000000001,-0.0150468,-3.00936,12.338376000000002,2.4676752000000004,fixed
80.37496649997775,40,0.8200000000000001,-0.0148235,-2.9646999999999997,12.155270000000002,2.431054,fixed
80.38654759991914,40,0.8200000000000001,-0.01454722,-2.9094439999999997,11.9287204,2.38574408,fixed
80.39803129993379,40,0.8200000000000001,-0.01443644,-2.887288,11.8378808,2.36757616,fixed
80.40953959990293,40,0.8200000000000001,-0.01501383,-3.0027660000000003,12.311340600000001,2.4622681200000005,fixed
80.4213274999056,40,0.8200000000000001,-0.01528614,-3.057228,12.534634800000001,2.50692696,fixed
80.43341619998682,40,0.8200000000000001,-0.01515904,-3.0318080000000003,12.430412800000003,2.4860825600000003,fixed
80.44559839996509,40,0.8200000000000001,-0.01477763,-2.955526,12.1176566,2.42353132,fixed
80.45772959990427,40,0.8200000000000001,-0.01438411,-2.8768219999999998,11.794970200000002,2.35899404,fixed
80.4697298000101,40,0.8200000000000001,-0.01493533,-2.987066,12.246970600000001,2.44939412,fixed
80.48175099992659,40,0.8200000000000001,-0.0152704,-3.05408,12.521728000000001,2.5043456,fixed
80.49377689999528,40,0.8200000000000001,-0.01505894,-3.011788,12.348330800000001,2.4696661600000005,fixed
80.5058194999583,40,0.8200000000000001,-0.01470883,-2.9417660000000003,12.061240600000001,2.4122481200000006,fixed
80.51764709991403,40,0.8200000000000001,-0.01438386,-2.876772,11.7947652,2.3589530400000003,fixed
80.52914819994476,40,0.8200000000000001,-0.01482869,-2.965738,12.1595258,2.4319051600000003,fixed
80.54071229998954,40,0.8200000000000001,-0.01526225,-3.05245,12.515045,2.503009,fixed
80.55221849994268,40,0.8200000000000001,-0.01522771,-3.045542,12.4867222,2.4973444400000004,fixed
80.56370309996419,40,0.8200000000000001,-0.01502789,-3.0055780000000003,12.322869800000001,2.4645739600000005,fixed
80.57526849990245,40,0.8200000000000001,-0.01478897,-2.9577940000000003,12.126955400000002,2.4253910800000003,fixed
80.58670200000051,40,0.8200000000000001,-0.01449374,-2.898748,11.884866800000001,2.37697336,fixed
80.59827149997,40,0.8200000000000001,-0.01446388,-2.892776,11.8603816,2.37207632,fixed
80.60975469998084,40,0.8200000000000001,-0.01508239,-3.016478,12.3675598,2.47351196,fixed
80.62122269999236,40,0.8200000000000001,-0.01528168,-3.0563360000000004,12.530977600000002,2.5061955200000003,fixed
80.63271119992714,40,0.8200000000000001,-0.01517759,-3.035518,12.4456238,2.48912476,fixed
80.64416369993705,40,0.8200000000000001,-0.01495749,-2.991498,12.2651418,2.4530283600000002,fixed
80.65580670000054,40,0.8200000000000001,-0.01471644,-2.943288,12.067480800000002,2.4134961600000002,fixed
80.66751239995938,40,0.8200000000000001,-0.01439947,-2.8798939999999997,11.807565400000001,2.36151308,fixed
80.67919840000104,40,0.8200000000000001,-0.01477086,-2.9541720000000002,12.1121052,2.4224210400000006,fixed
80.69091379991733,40,0.8200000000000001,-0.01526083,-3.052166,12.5138806,2.5027761200000005,fixed
80.70242270000745,40,0.8200000000000001,-0.01521403,-3.0428059999999997,12.4755046,2.49510092,fixed
80.71400219993666,40,0.8200000000000001,-0.01499864,-2.999728,12.298884800000002,2.45977696,fixed
80.72558909992222,40,0.8200000000000001,-0.01474971,-2.9499419999999996,12.0947622,2.41895244,fixed
80.73716659995262,40,0.8200000000000001,-0.01441673,-2.8833460000000004,11.8217186,2.3643437200000004,fixed
80.74865500000305,40,0.8200000000000001,-0.01459146,-2.918292,11.9649972,2.39299944,fixed
80.76027939992491,40,0.8200000000000001,-0.0151575,-3.0315000000000003,12.429150000000002,2.4858300000000004,fixed
80.77186729991809,40,0.8200000000000001,-0.01526645,-3.05329,12.518489000000002,2.5036978000000003,fixed
80.7836338999914,40,0.8200000000000001,-0.01509231,-3.018462,12.3756942,2.47513884,fixed
80.79556130000856,40,0.8200000000000001,-0.01478176,-2.956352,12.1210432,2.4242086400000002,fixed
80.80743319995236,40,0.8200000000000001,-0.01441459,-2.882918,11.819963800000002,2.3639927600000004,fixed
80.81908719998319,40,0.8200000000000001,-0.01471376,-2.9427519999999996,12.0652832,2.4130566399999998,fixed
80.83096689998638,40,0.8200000000000001,-0.01525968,-3.051936,12.5129376,2.50258752,fixed
80.8427728000097,40,0.8200000000000001,-0.01519519,-3.039038,12.460055800000001,2.49201116,fixed
80.85458449996077,40,0.8200000000000001,-0.0149369,-2.98738,12.248258,2.4496516,fixed
80.86640109994914,40,0.8200000000000001,-0.0145967,-2.91934,11.969294000000001,2.3938588000000003,fixed
80.87828589999117,40,0.8200000000000001,-0.01443064,-2.8861280000000002,11.8331248,2.36662496,fixed
80.89010789990425,40,0.8200000000000001,-0.01510693,-3.021386,12.3876826,2.47753652,fixed
80.90166049997788,40,0.8200000000000001,-0.01526893,-3.0537859999999997,12.5205226,2.50410452,fixed
80.9130637999624,40,0.8200000000000001,-0.01513291,-3.026582,12.408986200000001,2.48179724,fixed
80.92447119997814,40,0.8200000000000001,-0.01491493,-2.982986,12.230242600000002,2.44604852,fixed
80.93584219994955,40,0.8200000000000001,-0.0146669,-2.93338,12.026858,2.4053716,fixed
80.9472350999713,40,0.8200000000000001,-0.01440062,-2.880124,11.808508400000001,2.36170168,fixed
80.95860679994803,40,0.8200000000000001,-0.01459217,-2.918434,11.965579400000001,2.3931158800000003,fixed
80.96996059990488,40,0.8200000000000001,-0.01512739,-3.025478,12.4044598,2.48089196,fixed
80.98133149999194,40,0.8200000000000001,-0.01527114,-3.054228,12.522334800000001,2.5044669600000002,fixed
80.99271649995353,40,0.8200000000000001,-0.015171,-3.0342000000000002,12.440220000000002,2.4880440000000004,fixed
81.00411999993958,40,0.8200000000000001,-0.01497139,-2.994278,12.2765398,2.4553079600000003,fixed
81.01552729995456,40,0.8200000000000001,-0.01472842,-2.9456840000000004,12.077304400000003,2.4154608800000004,fixed
81.02691829996184,40,0.8200000000000001,-0.01446448,-2.892896,11.8608736,2.3721747200000003,fixed
81.0382787999697,40,0.8200000000000001,-0.01448516,-2.8970320000000003,11.877831200000001,2.3755662400000004,fixed
81.04964589991141,40,0.8200000000000001,-0.01503001,-3.006002,12.3246082,2.46492164,fixed
81.06099959998392,40,0.8200000000000001,-0.01527237,-3.054474,12.523343400000002,2.50466868,fixed
81.07238389994018,40,0.8200000000000001,-0.01521108,-3.0422160000000003,12.473085600000001,2.4946171200000005,fixed
81.08381119999103,40,0.8200000000000001,-0.01502464,-3.004928,12.3202048,2.46404096,fixed
81.09516019991133,40,0.8200000000000001,-0.0147912,-2.95824,12.128784,2.4257568000000003,fixed
81.1065488999011,40,0.8200000000000001,-0.0145346,-2.90692,11.918372000000002,2.3836744000000003,fixed
81.11791419994552,40,0.8200000000000001,-0.01440219,-2.8804380000000003,11.809795800000002,2.3619591600000005,fixed
81.12926909991074,40,0.8200000000000001,-0.01487299,-2.9745980000000003,12.195851800000002,2.4391703600000003,fixed
81.14062219997868,40,0.8200000000000001,-0.01524126,-3.0482519999999997,12.4978332,2.49956664,fixed
81.15197479992639,40,0.8200000000000001,-0.01524341,-3.0486820000000003,12.499596200000001,2.4999192400000005,fixed
81.16333529993426,40,0.8200000000000001,-0.01509094,-3.018188,12.374570800000003,2.47491416,fixed
81.17471109994221,40,0.8200000000000001,-0.01488065,-2.9761300000000004,12.202133000000002,2.4404266000000003,fixed
81.18606179999188,40,0.8200000000000001,-0.01462503,-2.925006,11.992524600000001,2.39850492,fixed
81.1974174999632,40,0.8200000000000001,-0.01438451,-2.876902,11.7952982,2.35905964,fixed
81.2088078999659,40,0.8200000000000001,-0.01464399,-2.928798,12.008071800000002,2.4016143600000004,fixed
81.22016549995169,40,0.8200000000000001,-0.01516069,-3.0321379999999998,12.4317658,2.48635316,fixed
81.23152389994357,40,0.8200000000000001,-0.0152744,-3.05488,12.525008000000001,2.5050016,fixed
81.24291559995618,40,0.8200000000000001,-0.0151573,-3.03146,12.428986000000002,2.4857972000000004,fixed
81.25430319993757,40,0.8200000000000001,-0.01494557,-2.989114,12.2553674,2.4510734800000002,fixed
81.26568829989992,40,0.8200000000000001,-0.01470109,-2.940218,12.0548938,2.4109787600000003,fixed
81.27722729998641,40,0.8200000000000001,-0.01444226,-2.888452,11.8426532,2.3685306400000004,fixed
81.28868959995452,40,0.8200000000000001,-0.01456602,-2.913204,11.944136400000001,2.38882728,fixed
81.30019119998906,40,0.8200000000000001,-0.01515241,-3.030482,12.4249762,2.4849952400000004,fixed
81.3116784999147,40,0.8200000000000001,-0.01525535,-3.05107,12.509387000000002,2.5018774,fixed
81.32336229993962,40,0.8200000000000001,-0.01510799,-3.021598,12.388551800000002,2.47771036,fixed
81.33504349994473,40,0.8200000000000001,-0.01485544,-2.971088,12.1814608,2.4362921600000003,fixed
81.34647170000244,40,0.8200000000000001,-0.01455492,-2.910984,11.935034400000001,2.3870068800000004,fixed
81.35790119995363,40,0.8200000000000001,-0.01437358,-2.8747160000000003,11.786335600000001,2.3572671200000004,fixed
81.36953169992194,40,0.8200000000000001,-0.01482961,-2.965922,12.160280200000003,2.43205604,fixed
81.38101209991146,40,0.8200000000000001,-0.01525585,-3.05117,12.509797,2.5019594,fixed
81.39249519992154,40,0.8200000000000001,-0.01521253,-3.0425060000000004,12.474274600000001,2.4948549200000003,fixed
81.40400639991276,40,0.8200000000000001,-0.01501031,-3.002062,12.308454200000002,2.46169084,fixed
81.41593089990783,40,0.8200000000000001,-0.01475802,-2.951604,12.1015764,2.42031528,fixed
81.42783289996441,40,0.8200000000000001,-0.01437301,-2.8746020000000003,11.785868200000001,2.3571736400000005,fixed
81.4396799999522,40,0.8200000000000001,-0.01489532,-2.979064,12.214162400000001,2.4428324800000003,fixed
81.45168279996142,40,0.8200000000000001,-0.0152754,-3.05508,12.525828,2.5051656,fixed
81.4635050999932,40,0.8200000000000001,-0.01511144,-3.022288,12.3913808,2.47827616,fixed
81.47542479995172,40,0.8200000000000001,-0.01481983,-2.963966,12.152260600000002,2.4304521200000004,fixed
81.4872439999599,40,0.8200000000000001,-0.01445755,-2.89151,11.855191000000001,2.3710382,fixed
81.49902889993973,40,0.8200000000000001,-0.01461257,-2.922514,11.982307400000002,2.39646148,fixed
81.5109417999629,40,0.8200000000000001,-0.01523177,-3.046354,12.4900514,2.4980102800000004,fixed
81.52273149997927,40,0.8200000000000001,-0.01520426,-3.040852,12.467493200000002,2.4934986400000003,fixed
81.534402799909,40,0.8200000000000001,-0.0149562,-2.99124,12.264084,2.4528168,fixed
81.54589849989861,40,0.8200000000000001,-0.01467899,-2.9357979999999997,12.0367718,2.40735436,fixed
81.55736629990861,40,0.8200000000000001,-0.01440161,-2.880322,11.8093202,2.3618640400000004,fixed
81.5688009998994,40,0.8200000000000001,-0.01459566,-2.9191320000000003,11.968441200000001,2.3936882400000004,fixed
81.58017470000777,40,0.8200000000000001,-0.01513201,-3.026402,12.408248200000001,2.48164964,fixed
81.59182669990696,40,0.8200000000000001,-0.01527056,-3.0541120000000004,12.521859200000002,2.5043718400000006,fixed
81.60334019991569,40,0.8200000000000001,-0.0151195,-3.0239,12.397990000000002,2.479598,fixed
81.61507249996066,40,0.8200000000000001,-0.01488247,-2.9764939999999998,12.203625400000002,2.44072508,fixed
81.62663720001001,40,0.8200000000000001,-0.01455691,-2.9113819999999997,11.9366662,2.38733324,fixed
81.63829199993052,40,0.8200000000000001,-0.01440591,-2.881182,11.812846200000001,2.36256924,fixed
81.64986819995102,40,0.8200000000000001,-0.01497782,-2.995564,12.2818124,2.45636248,fixed
81.66135209996719,40,0.8200000000000001,-0.01526845,-3.05369,12.520128999999999,2.5040258000000004,fixed
81.67278339993209,40,0.8200000000000001,-0.0151852,-3.03704,12.451864,2.4903728000000003,fixed
81.68439429998398,40,0.8200000000000001,-0.01496287,-2.992574,12.269553400000001,2.45391068,fixed
81.69605209992733,40,0.8200000000000001,-0.01469305,-2.9386099999999997,12.048301,2.4096602,fixed
81.70796139992308,40,0.8200000000000001,-0.0143731,-2.8746199999999997,11.785942,2.3571884,fixed
81.71988019999117,40,0.8200000000000001,-0.01496401,-2.992802,12.2704882,2.4540976400000005,fixed
81.73135419993196,40,0.8200000000000001,-0.01527266,-3.054532,12.523581200000002,2.50471624,fixed
81.7429400999099,40,0.8200000000000001,-0.01517456,-3.034912,12.443139200000001,2.48862784,fixed
81.75445129990112,40,0.8200000000000001,-0.01494825,-2.98965,12.257565000000001,2.4515130000000003,fixed
81.76604569994379,40,0.8200000000000001,-0.0146743,-2.9348599999999996,12.032926000000002,2.4065852,fixed
81.77762849989813,40,0.8200000000000001,-0.01439393,-2.878786,11.8030226,2.36060452,fixed
81.7895070000086,40,0.8200000000000001,-0.01475796,-2.951592,12.101527200000001,2.4203054400000004,fixed
81.80137709993869,40,0.8200000000000001,-0.01526512,-3.0530239999999997,12.517398400000001,2.50347968,fixed
81.81354579993058,40,0.8200000000000001,-0.01514281,-3.028562,12.4171042,2.48342084,fixed
81.82559389993548,40,0.8200000000000001,-0.01480146,-2.960292,12.137197200000001,2.42743944,fixed
81.83767109992914,40,0.8200000000000001,-0.01442709,-2.885418,11.830213800000001,2.36604276,fixed
81.84971519990359,40,0.8200000000000001,-0.01481049,-2.962098,12.144601800000002,2.4289203600000002,fixed
81.8618523000041,40,0.8200000000000001,-0.0152661,-3.05322,12.518202,2.5036404,fixed
81.8739130999893,40,0.8200000000000001,-0.01508239,-3.016478,12.3675598,2.47351196,fixed
81.88595429994166,40,0.8200000000000001,-0.01474879,-2.949758,12.0940078,2.4188015600000004,fixed
81.89790849993005,40,0.8200000000000001,-0.01436736,-2.873472,11.7812352,2.3562470400000004,fixed
81.90970089996699,40,0.8200000000000001,-0.01490304,-2.9806079999999997,12.2204928,2.44409856,fixed
81.92157139990013,40,0.8200000000000001,-0.01526798,-3.0535959999999998,12.519743600000002,2.50394872,fixed
81.93338709999807,40,0.8200000000000001,-0.01513601,-3.027202,12.411528200000001,2.4823056400000003,fixed
81.94506209995598,40,0.8200000000000001,-0.01486812,-2.973624,12.191858400000001,2.4383716800000004,fixed
81.95682709990069,40,0.8200000000000001,-0.01455714,-2.911428,11.9368548,2.38737096,fixed
81.96861579990946,40,0.8200000000000001,-0.01442876,-2.885752,11.8315832,2.3663166400000004,fixed
81.98036209994461,40,0.8200000000000001,-0.01509194,-3.018388,12.3753908,2.4750781600000002,fixed
81.99217039998621,40,0.8200000000000001,-0.01526202,-3.052404,12.5148564,2.50297128,fixed
82.00380700000096,40,0.8200000000000001,-0.01506332,-3.012664,12.351922400000001,2.4703844800000003,fixed
82.0156197999604,40,0.8200000000000001,-0.01480341,-2.960682,12.138796200000002,2.42775924,fixed
82.02733299997635,40,0.8200000000000001,-0.01445289,-2.890578,11.8513698,2.3702739600000005,fixed
82.03904369997326,40,0.8200000000000001,-0.0145853,-2.91706,11.959946,2.3919892000000003,fixed
82.05072890000883,40,0.8200000000000001,-0.01520078,-3.040156,12.4646396,2.49292792,fixed
82.06253249989823,40,0.8200000000000001,-0.01523813,-3.047626,12.4952666,2.4990533200000002,fixed
82.074317599996,40,0.8200000000000001,-0.01501553,-3.003106,12.3127346,2.46254692,fixed
82.08600469992962,40,0.8200000000000001,-0.01471396,-2.942792,12.065447200000001,2.4130894400000003,fixed
82.09773249994032,40,0.8200000000000001,-0.01439696,-2.879392,11.805507200000001,2.36110144,fixed
82.10950809996575,40,0.8200000000000001,-0.01474139,-2.948278,12.087939800000001,2.4175879600000005,fixed
82.12129289994482,40,0.8200000000000001,-0.01525387,-3.0507739999999997,12.5081734,2.50163468,fixed
82.133174699964,40,0.8200000000000001,-0.01515962,-3.031924,12.4308884,2.4861776800000004,fixed
82.14494759996887,40,0.8200000000000001,-0.01491794,-2.983588,12.232710800000001,2.4465421600000004,fixed
82.15666509990115,40,0.8200000000000001,-0.01459204,-2.9184080000000003,11.965472800000002,2.3930945600000006,fixed
82.16840429999866,40,0.8200000000000001,-0.0143962,-2.8792400000000002,11.804884,2.3609768000000004,fixed
82.18025159998797,40,0.8200000000000001,-0.01502908,-3.0058160000000003,12.3238456,2.4647691200000006,fixed
82.19217219995335,40,0.8200000000000001,-0.01526613,-3.0532259999999996,12.5182266,2.50364532,fixed
82.20404689991847,40,0.8200000000000001,-0.01506807,-3.0136139999999996,12.3558174,2.47116348,fixed
82.21567919990048,40,0.8200000000000001,-0.01477556,-2.955112,12.115959200000002,2.4231918400000003,fixed
82.22737839992624,40,0.8200000000000001,-0.01445481,-2.890962,11.852944200000001,2.3705888400000004,fixed
82.23914709989913,40,0.8200000000000001,-0.01463528,-2.927056,12.000929600000001,2.40018592,fixed
82.25085750001017,40,0.8200000000000001,-0.01519809,-3.039618,12.462433800000001,2.4924867600000002,fixed
82.26250519999303,40,0.8200000000000001,-0.01523255,-3.04651,12.490691,2.4981382,fixed
82.27410199993756,40,0.8200000000000001,-0.015025,-3.005,12.320500000000001,2.4641,fixed
82.28566469997168,40,0.8200000000000001,-0.01477383,-2.9547660000000002,12.114540600000002,2.42290812,fixed
82.29731549997814,40,0.8200000000000001,-0.01448321,-2.896642,11.876232200000002,2.37524644,fixed
82.310216999962,41,0.81,-0.01528848,-3.057696,12.3836688,2.47673376,fixed
82.32166929997038,41,0.81,-0.01544236,-3.0884720000000003,12.5083116,2.5016623200000003,fixed
82.33339589997195,41,0.81,-0.01531077,-3.062154,12.4017237,2.48034474,fixed
82.3449214999564,41,0.81,-0.01506176,-3.012352,12.2000256,2.44000512,fixed
82.356623700005,41,0.81,-0.01478838,-2.957676,11.978587800000001,2.3957175600000005,fixed
82.36827119998634,41,0.81,-0.01454605,-2.90921,11.7823005,2.3564601,fixed
82.37999659997877,41,0.81,-0.01511764,-3.0235279999999998,12.2452884,2.44905768,fixed
82.39183410000987,41,0.81,-0.01544725,-3.08945,12.5122725,2.5024545,fixed
82.40358029992785,41,0.81,-0.01530014,-3.060028,12.3931134,2.47862268,fixed
82.41556969995145,41,0.81,-0.01502215,-3.00443,12.167941500000001,2.4335883000000003,fixed
82.4276168999495,41,0.81,-0.01462663,-2.925326,11.847570300000001,2.36951406,fixed
82.43942359997891,41,0.81,-0.01486438,-2.9728760000000003,12.040147800000002,2.4080295600000006,fixed
82.45131189993117,41,0.81,-0.01543151,-3.0863020000000003,12.499523100000001,2.4999046200000006,fixed
82.46299339993857,41,0.81,-0.01537966,-3.075932,12.457524600000001,2.49150492,fixed
82.47450339992065,41,0.81,-0.01513937,-3.0278739999999997,12.2628897,2.45257794,fixed
82.48604180000257,41,0.81,-0.01488536,-2.977072,12.057141600000001,2.41142832,fixed
82.49765339994337,41,0.81,-0.01459037,-2.918074,11.818199700000001,2.36363994,fixed
82.50940969993826,41,0.81,-0.01481152,-2.962304,11.997331200000001,2.39946624,fixed
82.52085259999149,41,0.81,-0.01539359,-3.078718,12.468807900000002,2.49376158,fixed
82.53244999994058,41,0.81,-0.01541269,-3.082538,12.484278900000001,2.49685578,fixed
82.54392460000236,41,0.81,-0.01522178,-3.044356,12.329641800000001,2.4659283600000004,fixed
82.55541249993257,41,0.81,-0.01500284,-3.000568,12.152300400000001,2.43046008,fixed
82.56700729997829,41,0.81,-0.01471393,-2.942786,11.9182833,2.38365666,fixed
82.57863759994507,41,0.81,-0.0146009,-2.9201799999999998,11.826729,2.3653458,fixed
82.59009019995574,41,0.81,-0.0152126,-3.04252,12.322206000000001,2.4644412000000004,fixed
82.60148999991361,41,0.81,-0.01544519,-3.0890379999999995,12.5106039,2.50212078,fixed
82.61294439993799,41,0.81,-0.01535547,-3.071094,12.4379307,2.4875861400000003,fixed
82.62435970001388,41,0.81,-0.01515816,-3.031632,12.278109600000002,2.4556219200000005,fixed
82.6360004999442,41,0.81,-0.0149012,-2.98024,12.069972,2.4139944,fixed
82.64785439998377,41,0.81,-0.01459757,-2.9195140000000004,11.8240317,2.3648063400000003,fixed
82.65948149992619,41,0.81,-0.01490223,-2.980446,12.070806300000003,2.41416126,fixed
82.6710194000043,41,0.81,-0.01540845,-3.08169,12.480844500000002,2.4961689000000002,fixed
82.68264279991854,41,0.81,-0.01540332,-3.0806639999999996,12.476689200000001,2.49533784,fixed
82.6944124000147,41,0.81,-0.01519185,-3.03837,12.3053985,2.4610797,fixed
82.70596349996049,41,0.81,-0.01490655,-2.9813099999999997,12.0743055,2.4148611,fixed
82.71760979993269,41,0.81,-0.01461068,-2.9221359999999996,11.8346508,2.36693016,fixed
82.72922669991385,41,0.81,-0.0147668,-2.95336,11.961108000000001,2.3922216,fixed
82.74080409994349,41,0.81,-0.01537321,-3.074642,12.4523001,2.49046002,fixed
82.7524663999211,41,0.81,-0.01543119,-3.086238,12.4992639,2.49985278,fixed
82.76420639990829,41,0.81,-0.01520282,-3.0405640000000003,12.314284200000001,2.46285684,fixed
82.77586789999623,41,0.81,-0.01495742,-2.9914840000000003,12.115510200000003,2.4231020400000003,fixed
82.78752179990988,41,0.81,-0.0146184,-2.92368,11.840904000000002,2.3681808,fixed
82.79925439995714,41,0.81,-0.01473338,-2.946676,11.934037800000002,2.3868075600000003,fixed
82.8110091999406,41,0.81,-0.01538017,-3.076034,12.4579377,2.4915875400000003,fixed
82.82270189991686,41,0.81,-0.01539892,-3.079784,12.4731252,2.4946250400000003,fixed
82.83435259992257,41,0.81,-0.01519405,-3.0388100000000002,12.307180500000001,2.4614361000000002,fixed
82.84609989996534,41,0.81,-0.01491212,-2.982424,12.0788172,2.41576344,fixed
82.85789500002284,41,0.81,-0.01456657,-2.9133139999999997,11.7989217,2.35978434,fixed
82.8694396999199,41,0.81,-0.01490218,-2.980436,12.0707658,2.41415316,fixed
82.88116979994811,41,0.81,-0.0154042,-3.08084,12.477402,2.4954804,fixed
82.892822099966,41,0.81,-0.01539518,-3.079036,12.470095800000001,2.49401916,fixed
82.90431319992058,41,0.81,-0.01517101,-3.034202,12.288518100000001,2.45770362,fixed
82.9158921999624,41,0.81,-0.01494568,-2.989136,12.1060008,2.42120016,fixed
82.92765460000373,41,0.81,-0.01462073,-2.924146,11.8427913,2.36855826,fixed
82.93936169997323,41,0.81,-0.01479867,-2.959734,11.986922700000001,2.39738454,fixed
82.95087049994618,41,0.81,-0.01537815,-3.07563,12.4563015,2.4912603,fixed
82.96256929996889,41,0.81,-0.015417,-3.0834,12.487770000000001,2.4975540000000005,fixed
82.97456409991719,41,0.81,-0.01518045,-3.03609,12.296164500000001,2.4592329000000004,fixed
82.98633939994033,41,0.81,-0.01487787,-2.975574,12.051074700000001,2.41021494,fixed
82.998013000004,41,0.81,-0.01455996,-2.911992,11.793567600000001,2.3587135200000002,fixed
83.00980050000362,41,0.81,-0.0149598,-2.99196,12.117438000000002,2.4234876000000005,fixed
83.02155359997414,41,0.81,-0.01544357,-3.088714,12.5092917,2.50185834,fixed
83.03314089996275,41,0.81,-0.01535325,-3.07065,12.436132500000001,2.4872265000000002,fixed
83.04479780001566,41,0.81,-0.01512589,-3.025178,12.251970900000002,2.45039418,fixed
83.05642889998853,41,0.81,-0.01483436,-2.966872,12.0158316,2.40316632,fixed
83.06806029996369,41,0.81,-0.01453418,-2.906836,11.772685800000001,2.3545371600000005,fixed
83.07989429996815,41,0.81,-0.01499556,-2.999112,12.146403600000001,2.42928072,fixed
83.09168049995787,41,0.81,-0.0154386,-3.08772,12.505266,2.5010532000000003,fixed
83.10333989991341,41,0.81,-0.01533405,-3.06681,12.4205805,2.4841161,fixed
83.11503139999695,41,0.81,-0.01509874,-3.019748,12.2299794,2.44599588,fixed
83.12681679998059,41,0.81,-0.01478514,-2.957028,11.975963400000001,2.3951926800000005,fixed
83.13850749994162,41,0.81,-0.01457084,-2.914168,11.8023804,2.36047608,fixed
83.15023499995004,41,0.81,-0.01514682,-3.029364,12.2689242,2.4537848400000004,fixed
83.16248749999795,41,0.81,-0.0154234,-3.08468,12.492954000000001,2.4985908,fixed
83.17425229994114,41,0.81,-0.01521652,-3.043304,12.3253812,2.46507624,fixed
83.18594330002088,41,0.81,-0.01494196,-2.988392,12.102987600000002,2.4205975200000003,fixed
83.19755209994037,41,0.81,-0.01460973,-2.9219459999999997,11.8338813,2.36677626,fixed
83.2093928999966,41,0.81,-0.01474517,-2.949034,11.9435877,2.3887175400000005,fixed
83.22106289991643,41,0.81,-0.01538811,-3.077622,12.4643691,2.4928738200000002,fixed
83.23264659999404,41,0.81,-0.01540113,-3.080226,12.474915300000001,2.4949830600000005,fixed
83.2441700999625,41,0.81,-0.015203,-3.0406,12.314430000000002,2.462886,fixed
83.25560279993806,41,0.81,-0.01496994,-2.993988,12.125651399999999,2.42513028,fixed
83.26711070002057,41,0.81,-0.01470074,-2.9401479999999998,11.907599400000002,2.38151988,fixed
83.27862359990831,41,0.81,-0.01459649,-2.919298,11.8231569,2.36463138,fixed
83.29002710001078,41,0.81,-0.01516508,-3.033016,12.2837148,2.45674296,fixed
83.30140019999817,41,0.81,-0.01543669,-3.087338,12.5037189,2.50074378,fixed
83.3130732999416,41,0.81,-0.01538541,-3.077082,12.462182100000001,2.49243642,fixed
83.3244731000159,41,0.81,-0.01515693,-3.0313860000000004,12.277113300000002,2.4554226600000004,fixed
83.33600329991896,41,0.81,-0.01492658,-2.985316,12.0905298,2.41810596,fixed
83.34759659995325,41,0.81,-0.01462968,-2.925936,11.8500408,2.3700081600000003,fixed
83.35923780000303,41,0.81,-0.01473662,-2.947324,11.936662200000002,2.3873324400000002,fixed
83.37079299998004,41,0.81,-0.01533781,-3.067562,12.423626100000002,2.48472522,fixed
83.38246919994708,41,0.81,-0.01542625,-3.0852500000000003,12.4952625,2.4990525000000003,fixed
83.39419999998063,41,0.81,-0.01523247,-3.046494,12.338300700000001,2.46766014,fixed
83.40568319999147,41,0.81,-0.01496803,-2.993606,12.1241043,2.4248208600000005,fixed
83.41725159995258,41,0.81,-0.01468317,-2.936634,11.8933677,2.3786735400000003,fixed
83.42878750001546,41,0.81,-0.01462706,-2.925412,11.847918600000002,2.36958372,fixed
83.4403715999797,41,0.81,-0.01523284,-3.0465679999999997,12.3386004,2.46772008,fixed
83.45205199997872,41,0.81,-0.01543626,-3.0872520000000003,12.5033706,2.5006741200000002,fixed
83.46380789997056,41,0.81,-0.01527459,-3.054918,12.3724179,2.47448358,fixed
83.47534899995662,41,0.81,-0.01505341,-3.010682,12.193262100000002,2.4386524200000004,fixed
83.48695399996359,41,0.81,-0.01475952,-2.951904,11.9552112,2.39104224,fixed
83.49864459992386,41,0.81,-0.01457192,-2.914384,11.8032552,2.36065104,fixed
83.51031809998676,41,0.81,-0.01517475,-3.0349500000000003,12.291547500000002,2.4583095000000004,fixed
83.52203729993198,41,0.81,-0.01544071,-3.088142,12.506975100000002,2.50139502,fixed
83.5336392999161,41,0.81,-0.01531411,-3.062822,12.404429100000002,2.48088582,fixed
83.54526209994219,41,0.81,-0.01506873,-3.0137460000000003,12.205671300000002,2.4411342600000006,fixed
83.55676639999729,41,0.81,-0.01478571,-2.957142,11.976425100000002,2.39528502,fixed
83.56828190002125,41,0.81,-0.01453437,-2.9068739999999997,11.7728397,2.35456794,fixed
83.5797846999485,41,0.81,-0.01496242,-2.992484,12.1195602,2.4239120400000003,fixed
83.59121769992635,41,0.81,-0.01540756,-3.081512,12.480123600000002,2.4960247200000003,fixed
83.60263679991476,41,0.81,-0.01540039,-3.080078,12.4743159,2.49486318,fixed
83.61411049996968,41,0.81,-0.01522365,-3.04473,12.3311565,2.4662313,fixed
83.62547769991215,41,0.81,-0.01498807,-2.9976139999999996,12.1403367,2.4280673399999997,fixed
83.6368938999949,41,0.81,-0.01474423,-2.948846,11.9428263,2.38856526,fixed
83.64855819998775,41,0.81,-0.01454978,-2.909956,11.7853218,2.3570643600000003,fixed
83.66014289995655,41,0.81,-0.01510113,-3.020226,12.231915300000002,2.44638306,fixed
83.67176219995599,41,0.81,-0.01542973,-3.085946,12.4980813,2.4996162600000003,fixed
83.68341229995713,41,0.81,-0.01534233,-3.068466,12.427287300000001,2.48545746,fixed
83.69495509995613,41,0.81,-0.0151153,-3.02306,12.243393,2.4486786,fixed
83.70646119990852,41,0.81,-0.01483642,-2.967284,12.017500199999999,2.40350004,fixed
83.71814589994028,41,0.81,-0.01455739,-2.911478,11.791485900000001,2.35829718,fixed
83.72997829993255,41,0.81,-0.01495207,-2.990414,12.1111767,2.4222353400000003,fixed
83.74161919998005,41,0.81,-0.01542684,-3.085368,12.495740400000003,2.49914808,fixed
83.75358529994264,41,0.81,-0.01534708,-3.069416,12.431134800000002,2.48622696,fixed
83.76534209994134,41,0.81,-0.01505839,-3.011678,12.1972959,2.43945918,fixed
83.7770060999319,41,0.81,-0.01474726,-2.949452,11.9452806,2.3890561200000002,fixed
83.78874139999971,41,0.81,-0.014576,-2.9152,11.806560000000001,2.3613120000000003,fixed
83.80079140001908,41,0.81,-0.01524637,-3.049274,12.349559700000002,2.4699119400000002,fixed
83.81245399999898,41,0.81,-0.0154249,-3.0849800000000003,12.494169000000001,2.4988338000000003,fixed
83.82414879999124,41,0.81,-0.01523884,-3.047768,12.343460400000001,2.4686920800000003,fixed
83.83595839992631,41,0.81,-0.01496773,-2.993546,12.1238613,2.42477226,fixed
83.84764649998397,41,0.81,-0.0146269,-2.9253799999999996,11.847789,2.3695578,fixed
83.85930429992732,41,0.81,-0.01472314,-2.944628,11.925743400000002,2.38514868,fixed
83.87102849991061,41,0.81,-0.01534961,-3.069922,12.433184100000002,2.48663682,fixed
83.8830636999337,41,0.81,-0.01539212,-3.078424,12.467617200000001,2.49352344,fixed
83.89483070001006,41,0.81,-0.01512712,-3.025424,12.2529672,2.4505934400000005,fixed
83.90651929995511,41,0.81,-0.01485787,-2.971574,12.034874700000001,2.40697494,fixed
83.9181878999807,41,0.81,-0.01454484,-2.908968,11.781320400000002,2.3562640800000003,fixed
83.92977639997844,41,0.81,-0.01486758,-2.973516,12.0427398,2.4085479600000004,fixed
83.94128829997499,41,0.81,-0.01539648,-3.0792960000000003,12.471148800000002,2.4942297600000005,fixed
83.95283269998617,41,0.81,-0.01539664,-3.079328,12.471278400000001,2.49425568,fixed
83.96473519993015,41,0.81,-0.01516741,-3.033482,12.2856021,2.45712042,fixed
83.97664829995483,41,0.81,-0.01483494,-2.9669879999999997,12.0163014,2.40326028,fixed
83.98849609994795,41,0.81,-0.01453014,-2.906028,11.769413400000001,2.3538826800000003,fixed
84.00035059999209,41,0.81,-0.01508006,-3.016012,12.2148486,2.4429697200000002,fixed
84.01219979999587,41,0.81,-0.01543646,-3.087292,12.503532600000002,2.5007065200000005,fixed
84.02410089992918,41,0.81,-0.01527201,-3.0544020000000005,12.370328100000002,2.4740656200000006,fixed
84.03618549997918,41,0.81,-0.01494508,-2.989016,12.1055148,2.4211029600000002,fixed
84.04809329996351,41,0.81,-0.01455879,-2.911758,11.7926199,2.35852398,fixed
84.05983529996593,41,0.81,-0.01490149,-2.980298,12.0702069,2.41404138,fixed
84.0715861999197,41,0.81,-0.0154203,-3.08406,12.490443,2.4980886,fixed
84.08345279993955,41,0.81,-0.01535403,-3.070806,12.4367643,2.48735286,fixed
84.09517260000575,41,0.81,-0.01509192,-3.018384,12.224455200000001,2.4448910400000003,fixed
84.10710010002367,41,0.81,-0.01477907,-2.955814,11.971046700000002,2.39420934,fixed
84.11901929997839,41,0.81,-0.01457513,-2.915026,11.805855300000001,2.36117106,fixed
84.13089319993742,41,0.81,-0.01529005,-3.05801,12.3849405,2.4769881000000002,fixed
84.14268669998273,41,0.81,-0.01541579,-3.083158,12.486789900000002,2.4973579800000003,fixed
84.15452420001384,41,0.81,-0.015207,-3.0414000000000003,12.317670000000001,2.4635340000000006,fixed
84.16624910000246,41,0.81,-0.0149044,-2.98088,12.072564000000002,2.4145128000000002,fixed
84.17828509991523,41,0.81,-0.01454629,-2.909258,11.782494900000001,2.35649898,fixed
84.19013270002324,41,0.81,-0.01498232,-2.996464,12.1356792,2.42713584,fixed
84.20194599998649,41,0.81,-0.01542153,-3.0843059999999998,12.4914393,2.49828786,fixed
84.21375779993832,41,0.81,-0.01530548,-3.061096,12.3974388,2.47948776,fixed
84.22556289995555,41,0.81,-0.01503487,-3.006974,12.178244700000002,2.43564894,fixed
84.23737240000628,41,0.81,-0.01470772,-2.941544,11.913253200000002,2.38265064,fixed
84.24918389995582,41,0.81,-0.0146246,-2.9249199999999997,11.845926000000002,2.3691852,fixed
84.26095799996983,41,0.81,-0.0152995,-3.0599,12.392595000000002,2.478519,fixed
84.27285979990847,41,0.81,-0.01540603,-3.081206,12.478884299999999,2.49577686,fixed
84.28467029996682,41,0.81,-0.01518834,-3.037668,12.3025554,2.4605110800000003,fixed
84.29658540000673,41,0.81,-0.01486665,-2.97333,12.0419865,2.4083973,fixed
84.30835049995221,41,0.81,-0.01453,-2.9059999999999997,11.7693,2.35386,fixed
84.3221623999998,42,0.8200000000000001,-0.01525308,-3.050616,12.507525600000001,2.5015051200000005,fixed
84.33411129994784,42,0.8200000000000001,-0.01510233,-3.020466,12.3839106,2.47678212,fixed
84.34560189989861,42,0.8200000000000001,-0.01483198,-2.966396,12.1622236,2.4324447200000003,fixed
84.35716159990989,42,0.8200000000000001,-0.01456139,-2.912278,11.940339800000002,2.3880679600000003,fixed
84.3689607999986,42,0.8200000000000001,-0.01437089,-2.874178,11.7841298,2.35682596,fixed
84.3805431999499,42,0.8200000000000001,-0.01501126,-3.002252,12.309233200000001,2.46184664,fixed
84.39212899992708,42,0.8200000000000001,-0.01525488,-3.050976,12.509001600000001,2.50180032,fixed
84.40367049991619,42,0.8200000000000001,-0.01512785,-3.02557,12.404837,2.4809674000000004,fixed
84.41521829995327,42,0.8200000000000001,-0.01489943,-2.979886,12.2175326,2.44350652,fixed
84.4267511999933,42,0.8200000000000001,-0.01462304,-2.924608,11.990892800000001,2.3981785600000003,fixed
84.43846470001154,42,0.8200000000000001,-0.01435864,-2.871728,11.7740848,2.3548169600000004,fixed
84.45018059993163,42,0.8200000000000001,-0.01482964,-2.965928,12.1603048,2.4320609600000003,fixed
84.46171709999908,42,0.8200000000000001,-0.01523946,-3.047892,12.4963572,2.4992714400000002,fixed
84.4732494999189,42,0.8200000000000001,-0.01518154,-3.036308,12.448862800000002,2.48977256,fixed
84.48490939999465,42,0.8200000000000001,-0.01497416,-2.9948319999999997,12.278811200000002,2.45576224,fixed
84.496671199915,42,0.8200000000000001,-0.01469289,-2.938578,12.048169800000002,2.4096339600000003,fixed
84.5084579999093,42,0.8200000000000001,-0.01435013,-2.8700259999999997,11.7671066,2.35342132,fixed
84.52025409997441,42,0.8200000000000001,-0.01481955,-2.9639100000000003,12.152031000000003,2.4304062,fixed
84.53207189997192,42,0.8200000000000001,-0.01525109,-3.050218,12.5058938,2.50117876,fixed
84.54359959997237,42,0.8200000000000001,-0.01513844,-3.027688,12.4135208,2.48270416,fixed
84.55520009994507,42,0.8200000000000001,-0.01492149,-2.984298,12.235621800000002,2.44712436,fixed
84.5666162999114,42,0.8200000000000001,-0.01464282,-2.928564,12.007112400000002,2.4014224800000004,fixed
84.57827149995137,42,0.8200000000000001,-0.01437229,-2.8744579999999997,11.785277800000001,2.35705556,fixed
84.58994229999371,42,0.8200000000000001,-0.01470312,-2.940624,12.0565584,2.4113116800000003,fixed
84.6014638999477,42,0.8200000000000001,-0.01522533,-3.045066,12.484770600000003,2.49695412,fixed
84.61297949997243,42,0.8200000000000001,-0.01521438,-3.042876,12.4757916,2.4951583200000003,fixed
84.62449229997583,42,0.8200000000000001,-0.01501998,-3.003996,12.316383600000002,2.46327672,fixed
84.63610679993872,42,0.8200000000000001,-0.01479256,-2.958512,12.1298992,2.42597984,fixed
84.64768659998663,42,0.8200000000000001,-0.01446807,-2.893614,11.8638174,2.37276348,fixed
84.65940499992575,42,0.8200000000000001,-0.01450018,-2.900036,11.8901476,2.37802952,fixed
84.67095039994456,42,0.8200000000000001,-0.01512449,-3.0248980000000003,12.402081800000001,2.4804163600000004,fixed
84.68249709997326,42,0.8200000000000001,-0.01524763,-3.0495259999999997,12.5030566,2.50061132,fixed
84.69413079996593,42,0.8200000000000001,-0.01509315,-3.01863,12.376383,2.4752766,fixed
84.70568939996883,42,0.8200000000000001,-0.01483474,-2.966948,12.164486800000002,2.43289736,fixed
84.71725719992537,42,0.8200000000000001,-0.01455184,-2.910368,11.9325088,2.3865017600000002,fixed
84.72900639998261,42,0.8200000000000001,-0.01437723,-2.8754459999999997,11.789328600000001,2.35786572,fixed
84.7407085999148,42,0.8200000000000001,-0.01502242,-3.004484,12.3183844,2.4636768800000004,fixed
84.75216969999019,42,0.8200000000000001,-0.01525582,-3.051164,12.509772400000001,2.50195448,fixed
84.76390919997357,42,0.8200000000000001,-0.01513066,-3.026132,12.407141200000002,2.48142824,fixed
84.77545549999923,42,0.8200000000000001,-0.0148852,-2.9770399999999997,12.205864,2.4411728,fixed
84.78706679993775,42,0.8200000000000001,-0.01459717,-2.919434,11.9696794,2.39393588,fixed
84.79876999999397,42,0.8200000000000001,-0.01436381,-2.872762,11.7783242,2.35566484,fixed
84.81054149998818,42,0.8200000000000001,-0.01493348,-2.9866960000000002,12.245453600000001,2.4490907200000005,fixed
84.82233049999923,42,0.8200000000000001,-0.01525195,-3.05039,12.506599000000001,2.5013198000000005,fixed
84.83403829997405,42,0.8200000000000001,-0.0151099,-3.02198,12.390118000000003,2.4780236,fixed
84.84561009996105,42,0.8200000000000001,-0.01486672,-2.973344,12.1907104,2.43814208,fixed
84.85716249991674,42,0.8200000000000001,-0.01458025,-2.91605,11.955805,2.391161,fixed
84.8687465999974,42,0.8200000000000001,-0.01437037,-2.8740740000000002,11.783703400000002,2.3567406800000006,fixed
84.88044809992425,42,0.8200000000000001,-0.01490695,-2.98139,12.223699000000002,2.4447398000000002,fixed
84.8920238999417,42,0.8200000000000001,-0.01525731,-3.051462,12.5109942,2.50219884,fixed
84.90347059990745,42,0.8200000000000001,-0.01516635,-3.03327,12.436407,2.4872814,fixed
84.91488099994604,42,0.8200000000000001,-0.01497475,-2.9949500000000002,12.279295000000001,2.4558590000000002,fixed
84.9263630999485,42,0.8200000000000001,-0.0147197,-2.9439400000000004,12.070154,2.4140308000000004,fixed
84.93789379997179,42,0.8200000000000001,-0.01443794,-2.887588,11.8391108,2.3678221600000002,fixed
84.94951750000473,42,0.8200000000000001,-0.01450856,-2.9017120000000003,11.8970192,2.3794038400000006,fixed
84.96095459989738,42,0.8200000000000001,-0.01512814,-3.025628,12.405074800000001,2.4810149600000004,fixed
84.97253429994453,42,0.8200000000000001,-0.01525551,-3.0511019999999998,12.509518200000002,2.50190364,fixed
84.98410309990868,42,0.8200000000000001,-0.01510235,-3.0204700000000004,12.383927000000002,2.4767854000000007,fixed
84.99571809999179,42,0.8200000000000001,-0.01487066,-2.974132,12.193941200000001,2.43878824,fixed
85.0074151000008,42,0.8200000000000001,-0.0145674,-2.91348,11.945268,2.3890536,fixed
85.01909719989635,42,0.8200000000000001,-0.0143912,-2.87824,11.800784,2.3601568,fixed
85.03112559998408,42,0.8200000000000001,-0.01507989,-3.015978,12.3655098,2.47310196,fixed
85.04306089994498,42,0.8200000000000001,-0.01522572,-3.0451439999999996,12.4850904,2.4970180799999997,fixed
85.05488339997828,42,0.8200000000000001,-0.01500268,-3.000536,12.3021976,2.46043952,fixed
85.06662989989854,42,0.8200000000000001,-0.01468677,-2.937354,12.043151400000001,2.40863028,fixed
85.07851339993067,42,0.8200000000000001,-0.01437005,-2.87401,11.783441000000002,2.3566882000000002,fixed
85.09041339997202,42,0.8200000000000001,-0.01483845,-2.96769,12.167529,2.4335058000000003,fixed
85.10223819990642,42,0.8200000000000001,-0.0152591,-3.05182,12.512462000000001,2.5024924000000004,fixed
85.11419979995117,42,0.8200000000000001,-0.01512438,-3.024876,12.4019916,2.48039832,fixed
85.12598939996678,42,0.8200000000000001,-0.01482745,-2.96549,12.158509000000002,2.4317018000000004,fixed
85.13801879994571,42,0.8200000000000001,-0.01450564,-2.901128,11.8946248,2.37892496,fixed
85.14995909994468,42,0.8200000000000001,-0.01460817,-2.921634,11.9786994,2.3957398800000003,fixed
85.16189359989949,42,0.8200000000000001,-0.01522733,-3.0454660000000002,12.486410600000001,2.4972821200000004,fixed
85.17377679992933,42,0.8200000000000001,-0.01517142,-3.034284,12.440564400000001,2.48811288,fixed
85.18576089991257,42,0.8200000000000001,-0.01489629,-2.9792579999999997,12.2149578,2.44299156,fixed
85.19776499993168,42,0.8200000000000001,-0.01453052,-2.906104,11.9150264,2.3830052800000003,fixed
85.20963999989908,42,0.8200000000000001,-0.01453087,-2.906174,11.9153134,2.38306268,fixed
85.22144079999998,42,0.8200000000000001,-0.01517978,-3.035956,12.4474196,2.48948392,fixed
85.23325309995562,42,0.8200000000000001,-0.01521526,-3.043052,12.476513200000001,2.4953026400000002,fixed
85.24533569999039,42,0.8200000000000001,-0.0149834,-2.99668,12.286388,2.4572776000000003,fixed
85.25714030000381,42,0.8200000000000001,-0.01465376,-2.930752,12.0160832,2.40321664,fixed
85.26929019996896,42,0.8200000000000001,-0.01441596,-2.883192,11.821087200000003,2.3642174400000004,fixed
85.28116579994094,42,0.8200000000000001,-0.01511158,-3.022316,12.3914956,2.4782991200000004,fixed
85.29296069999691,42,0.8200000000000001,-0.01524139,-3.0482780000000003,12.497939800000001,2.4995879600000004,fixed
85.30486049992032,42,0.8200000000000001,-0.01502498,-3.0049960000000002,12.320483600000001,2.4640967200000006,fixed
85.31682309997268,42,0.8200000000000001,-0.01470733,-2.9414659999999997,12.0600106,2.41200212,fixed
85.32859930000268,42,0.8200000000000001,-0.01436272,-2.8725440000000004,11.777430400000002,2.3554860800000004,fixed
85.34037989994977,42,0.8200000000000001,-0.01484739,-2.969478,12.174859800000002,2.4349719600000004,fixed
85.3518855998991,42,0.8200000000000001,-0.01524847,-3.0496939999999997,12.5037454,2.50074908,fixed
85.36357950000092,42,0.8200000000000001,-0.01518397,-3.036794,12.4508554,2.49017108,fixed
85.375181099982,42,0.8200000000000001,-0.01497888,-2.995776,12.282681600000002,2.4565363200000006,fixed
85.38662749994546,42,0.8200000000000001,-0.01469759,-2.939518,12.0520238,2.41040476,fixed
85.39813359989785,42,0.8200000000000001,-0.01442573,-2.8851459999999998,11.8290986,2.36581972,fixed
85.40965829999186,42,0.8200000000000001,-0.01453366,-2.9067320000000003,11.9176012,2.3835202400000006,fixed
85.42117079999298,42,0.8200000000000001,-0.01513611,-3.0272219999999996,12.4116102,2.4823220399999997,fixed
85.43265639990568,42,0.8200000000000001,-0.01524997,-3.049994,12.504975400000001,2.50099508,fixed
85.44430749991443,42,0.8200000000000001,-0.01508191,-3.016382,12.367166200000002,2.4734332400000003,fixed
85.45574109989684,42,0.8200000000000001,-0.01486082,-2.9721640000000003,12.185872400000001,2.4371744800000004,fixed
85.46731019997969,42,0.8200000000000001,-0.01456541,-2.913082,11.943636200000002,2.38872724,fixed
85.47901020001154,42,0.8200000000000001,-0.01437328,-2.8746560000000003,11.7860896,2.3572179200000005,fixed
85.49061689991504,42,0.8200000000000001,-0.0149772,-2.99544,12.281304,2.4562608,fixed
85.50218429998495,42,0.8200000000000001,-0.01525465,-3.05093,12.508813,2.5017626,fixed
85.51398379995953,42,0.8200000000000001,-0.01515363,-3.030726,12.4259766,2.4851953200000003,fixed
85.52567919995636,42,0.8200000000000001,-0.0148941,-2.97882,12.213162,2.4426324,fixed
85.53724789991975,42,0.8200000000000001,-0.01459473,-2.918946,11.967678600000001,2.39353572,fixed
85.54882819997147,42,0.8200000000000001,-0.01436373,-2.8727460000000002,11.778258600000001,2.3556517200000004,fixed
85.5605227999622,42,0.8200000000000001,-0.01488853,-2.9777060000000004,12.208594600000001,2.4417189200000005,fixed
85.57210359990131,42,0.8200000000000001,-0.01524684,-3.049368,12.5024088,2.50048176,fixed
85.58382349996828,42,0.8200000000000001,-0.01515652,-3.031304,12.4283464,2.48566928,fixed
85.59549659991171,42,0.8200000000000001,-0.01491862,-2.983724,12.233268400000002,2.4466536800000003,fixed
85.60709579999093,42,0.8200000000000001,-0.0146192,-2.92384,11.987744000000001,2.3975488000000005,fixed
85.61857749999035,42,0.8200000000000001,-0.01435922,-2.8718440000000003,11.774560400000002,2.3549120800000005,fixed
85.63023499993142,42,0.8200000000000001,-0.01477292,-2.954584,12.113794400000002,2.4227588800000004,fixed
85.64179529994726,42,0.8200000000000001,-0.01522393,-3.0447859999999998,12.4836226,2.49672452,fixed
85.65329389995895,42,0.8200000000000001,-0.01520246,-3.0404919999999995,12.4660172,2.49320344,fixed
85.66476989991497,42,0.8200000000000001,-0.01501015,-3.00203,12.308323000000001,2.4616646,fixed
85.67635319998953,42,0.8200000000000001,-0.0147866,-2.95732,12.125012000000002,2.4250024000000003,fixed
85.6877392999595,42,0.8200000000000001,-0.01447846,-2.895692,11.8723372,2.37446744,fixed
85.69935069989879,42,0.8200000000000001,-0.01442009,-2.884018,11.8244738,2.3648947600000003,fixed
85.71082059992477,42,0.8200000000000001,-0.01504797,-3.0095940000000003,12.339335400000001,2.4678670800000004,fixed
85.72247009992134,42,0.8200000000000001,-0.01525387,-3.0507739999999997,12.5081734,2.50163468,fixed
85.73408919991925,42,0.8200000000000001,-0.01513512,-3.027024,12.410798400000001,2.48215968,fixed
85.74574069993105,42,0.8200000000000001,-0.01488753,-2.977506,12.2077746,2.44155492,fixed
85.75767319998704,42,0.8200000000000001,-0.01456134,-2.912268,11.940298800000003,2.3880597600000004,fixed
85.77019770001061,42,0.8200000000000001,-0.01447,-2.894,11.865400000000001,2.3730800000000003,fixed
85.78231399995275,42,0.8200000000000001,-0.01524069,-3.048138,12.4973658,2.49947316,fixed
85.7943932999624,42,0.8200000000000001,-0.01510734,-3.021468,12.388018800000001,2.47760376,fixed
85.80644999991637,42,0.8200000000000001,-0.01478652,-2.9573039999999997,12.124946399999999,2.42498928,fixed
85.81854229990859,42,0.8200000000000001,-0.01441318,-2.8826359999999998,11.8188076,2.36376152,fixed
85.83068209991325,42,0.8200000000000001,-0.01484179,-2.9683580000000003,12.170267800000001,2.4340535600000006,fixed
85.84279019990936,42,0.8200000000000001,-0.0152526,-3.0505199999999997,12.507132,2.5014263999999997,fixed
85.85495670000091,42,0.8200000000000001,-0.01506085,-3.0121700000000002,12.349897000000002,2.4699794000000006,fixed
85.86722359992564,42,0.8200000000000001,-0.01466044,-2.932088,12.021560800000001,2.40431216,fixed
85.87934689992107,42,0.8200000000000001,-0.01438037,-2.876074,11.7919034,2.3583806800000002,fixed
85.89138679997995,42,0.8200000000000001,-0.01511596,-3.023192,12.3950872,2.4790174400000002,fixed
85.90334759990219,42,0.8200000000000001,-0.01521449,-3.042898,12.475881800000002,2.4951763600000003,fixed
85.91502620000392,42,0.8200000000000001,-0.01501161,-3.002322,12.3095202,2.4619040400000003,fixed
85.92674329993315,42,0.8200000000000001,-0.01471672,-2.943344,12.067710400000003,2.4135420800000005,fixed
85.93821389996447,42,0.8200000000000001,-0.01440667,-2.881334,11.8134694,2.36269388,fixed
85.94972499995492,42,0.8200000000000001,-0.01457041,-2.914082,11.947736200000001,2.38954724,fixed
85.96146169991698,42,0.8200000000000001,-0.01511134,-3.0222679999999995,12.391298800000001,2.47825976,fixed
85.97324259998277,42,0.8200000000000001,-0.01523778,-3.0475559999999997,12.4949796,2.49899592,fixed
85.98508489993401,42,0.8200000000000001,-0.01501245,-3.00249,12.310209,2.4620418,fixed
85.99706389999483,42,0.8200000000000001,-0.01468142,-2.936284,12.0387644,2.4077528800000003,fixed
86.00907529995311,42,0.8200000000000001,-0.01436307,-2.872614,11.777717400000002,2.35554348,fixed
86.02083679998759,42,0.8200000000000001,-0.01496772,-2.993544,12.273530400000002,2.4547060800000002,fixed
86.0327443999704,42,0.8200000000000001,-0.01525401,-3.050802,12.5082882,2.5016576400000003,fixed
86.04456750000827,42,0.8200000000000001,-0.01508164,-3.016328,12.366944800000002,2.4733889600000003,fixed
86.05650999990758,42,0.8200000000000001,-0.01478081,-2.956162,12.120264200000001,2.4240528400000003,fixed
86.06829839991406,42,0.8200000000000001,-0.0144158,-2.8831599999999997,11.820956,2.3641912,fixed
86.08011679991614,42,0.8200000000000001,-0.01460787,-2.921574,11.978453400000001,2.3956906800000004,fixed
86.0917217999231,42,0.8200000000000001,-0.01519992,-3.039984,12.463934400000001,2.49278688,fixed
86.10338349989615,42,0.8200000000000001,-0.01520164,-3.040328,12.465344800000002,2.4930689600000004,fixed
86.11511719995178,42,0.8200000000000001,-0.01499994,-2.999988,12.299950800000001,2.4599901600000003,fixed
86.12682759994641,42,0.8200000000000001,-0.01469795,-2.93959,12.052319,2.4104638,fixed
86.13847569993231,42,0.8200000000000001,-0.01439318,-2.878636,11.8024076,2.3604815200000004,fixed
86.15019089996349,42,0.8200000000000001,-0.01467866,-2.935732,12.0365012,2.40730024,fixed
86.16229000000749,42,0.8200000000000001,-0.01522514,-3.045028,12.4846148,2.49692296,fixed
86.17407449998427,42,0.8200000000000001,-0.01515124,-3.030248,12.424016800000002,2.48480336,fixed
86.18589580000844,42,0.8200000000000001,-0.0148696,-2.97392,12.193072,2.4386144,fixed
86.19767509994563,42,0.8200000000000001,-0.01457182,-2.914364,11.948892400000002,2.38977848,fixed
86.20925559999887,42,0.8200000000000001,-0.01439666,-2.8793320000000002,11.805261200000002,2.3610522400000002,fixed
86.22112759994343,42,0.8200000000000001,-0.01502051,-3.0041020000000005,12.316818200000002,2.4633636400000007,fixed
86.23292290000245,42,0.8200000000000001,-0.01524952,-3.049904,12.504606400000002,2.5009212800000005,fixed
86.2447617999278,42,0.8200000000000001,-0.01506058,-3.012116,12.349675600000001,2.46993512,fixed
86.25655589997768,42,0.8200000000000001,-0.01475836,-2.951672,12.101855200000001,2.42037104,fixed
86.26815519994125,42,0.8200000000000001,-0.01441817,-2.883634,11.822899399999999,2.36457988,fixed
86.27959689998534,42,0.8200000000000001,-0.01450403,-2.900806,11.8933046,2.37866092,fixed
86.29130399995483,42,0.8200000000000001,-0.01508239,-3.016478,12.3675598,2.47351196,fixed
86.30297119996976,42,0.8200000000000001,-0.01523074,-3.0461479999999996,12.489206800000002,2.49784136,fixed
86.31466949998867,42,0.8200000000000001,-0.01507127,-3.014254,12.3584414,2.4716882800000004,fixed
86.32811459992081,43,0.8300000000000001,-0.0142815,-2.8563,11.853645000000002,2.3707290000000003,fixed
86.33963429997675,43,0.8300000000000001,-0.01428797,-2.857594,11.859015100000002,2.37180302,fixed
86.35125229996629,43,0.8300000000000001,-0.01491538,-2.983076,12.379765400000002,2.4759530800000005,fixed
86.36283899995033,43,0.8300000000000001,-0.01504394,-3.008788,12.486470200000003,2.4972940400000003,fixed
86.37448679993395,43,0.8300000000000001,-0.0148809,-2.9761800000000003,12.351147000000001,2.4702294000000005,fixed
86.3860382999992,43,0.8300000000000001,-0.01463014,-2.9260279999999996,12.1430162,2.4286032399999997,fixed
86.39766059990507,43,0.8300000000000001,-0.01433549,-2.867098,11.8984567,2.37969134,fixed
86.40913779998664,43,0.8300000000000001,-0.01417952,-2.835904,11.769001600000001,2.3538003200000004,fixed
86.42066840000916,43,0.8300000000000001,-0.01470137,-2.940274,12.202137100000002,2.4404274200000002,fixed
86.43219879991375,43,0.8300000000000001,-0.0150436,-3.0087200000000003,12.486188000000002,2.4972376000000005,fixed
86.44394969998393,43,0.8300000000000001,-0.01495853,-2.9917059999999998,12.415579900000001,2.48311598,fixed
86.45549540000502,43,0.8300000000000001,-0.01474086,-2.948172,12.234913800000001,2.44698276,fixed
86.46734239999205,43,0.8300000000000001,-0.01441275,-2.88255,11.962582500000002,2.3925165,fixed
86.47908869991079,43,0.8300000000000001,-0.0141758,-2.83516,11.765914000000002,2.3531828000000004,fixed
86.49061809992418,43,0.8300000000000001,-0.01466917,-2.933834,12.175411100000002,2.4350822200000004,fixed
86.50208629993722,43,0.8300000000000001,-0.01503895,-3.00779,12.482328500000003,2.4964657000000003,fixed
86.51372469996568,43,0.8300000000000001,-0.01498096,-2.9961919999999997,12.4341968,2.48683936,fixed
86.52529079990927,43,0.8300000000000001,-0.01477692,-2.955384,12.264843600000003,2.4529687200000003,fixed
86.53701179998461,43,0.8300000000000001,-0.01447751,-2.895502,12.016333300000001,2.4032666600000003,fixed
86.54853069991805,43,0.8300000000000001,-0.01417085,-2.83417,11.761805500000001,2.3523611,fixed
86.56000679999124,43,0.8300000000000001,-0.01442616,-2.8852320000000002,11.973712800000001,2.3947425600000005,fixed
86.571551800007,43,0.8300000000000001,-0.01496437,-2.9928739999999996,12.420427100000001,2.48408542,fixed
86.58304089994635,43,0.8300000000000001,-0.01502004,-3.004008,12.4666332,2.4933266400000003,fixed
86.59447899996303,43,0.8300000000000001,-0.01487293,-2.974586,12.3445319,2.46890638,fixed
86.60591990000103,43,0.8300000000000001,-0.01464306,-2.928612,12.1537398,2.4307479600000006,fixed
86.6173201999627,43,0.8300000000000001,-0.01437951,-2.875902,11.9349933,2.38699866,fixed
86.62875649996568,43,0.8300000000000001,-0.01415451,-2.830902,11.7482433,2.34964866,fixed
86.64024049998261,43,0.8300000000000001,-0.01452675,-2.90535,12.0572025,2.4114405000000003,fixed
86.65169440000318,43,0.8300000000000001,-0.01499451,-2.998902,12.4454433,2.48908866,fixed
86.66309729998466,43,0.8300000000000001,-0.01501475,-3.0029500000000002,12.462242500000002,2.4924485000000005,fixed
86.67452619993128,43,0.8300000000000001,-0.01486352,-2.972704,12.3367216,2.46734432,fixed
86.68619949999265,43,0.8300000000000001,-0.01463647,-2.9272940000000003,12.148270100000001,2.4296540200000005,fixed
86.69787479995284,43,0.8300000000000001,-0.01432869,-2.865738,11.892812700000002,2.3785625400000003,fixed
86.70939549989998,43,0.8300000000000001,-0.01422628,-2.845256,11.807812400000001,2.3615624800000004,fixed
86.72106399992481,43,0.8300000000000001,-0.01479638,-2.959276,12.280995400000002,2.45619908,fixed
86.73273649998009,43,0.8300000000000001,-0.01504608,-3.009216,12.488246400000001,2.49764928,fixed
86.74431019998156,43,0.8300000000000001,-0.01490299,-2.9805979999999996,12.3694817,2.47389634,fixed
86.75589109992143,43,0.8300000000000001,-0.01468667,-2.9373340000000003,12.189936100000002,2.4379872200000006,fixed
86.7674168999074,43,0.8300000000000001,-0.01438528,-2.877056,11.939782400000002,2.38795648,fixed
86.77939419995528,43,0.8300000000000001,-0.01416104,-2.832208,11.7536632,2.3507326400000004,fixed
86.79115679999813,43,0.8300000000000001,-0.01478495,-2.9569900000000002,12.2715085,2.4543017000000003,fixed
86.80301209993195,43,0.8300000000000001,-0.01503849,-3.007698,12.481946700000002,2.4963893400000003,fixed
86.81494630000088,43,0.8300000000000001,-0.01485239,-2.970478,12.3274837,2.4654967400000003,fixed
86.82685299997684,43,0.8300000000000001,-0.01453455,-2.90691,12.063676500000001,2.4127353,fixed
86.83869749994483,43,0.8300000000000001,-0.0141761,-2.83522,11.766163,2.3532326,fixed
86.85076049994677,43,0.8300000000000001,-0.0145584,-2.91168,12.083472000000002,2.4166944000000004,fixed
86.86271909996867,43,0.8300000000000001,-0.01503279,-3.006558,12.477215700000002,2.4954431400000003,fixed
86.8746203999035,43,0.8300000000000001,-0.0148941,-2.97882,12.362103000000001,2.4724206,fixed
86.88657420000527,43,0.8300000000000001,-0.01459129,-2.918258,12.1107707,2.42215414,fixed
86.89837549999356,43,0.8300000000000001,-0.01422833,-2.8456660000000005,11.809513900000002,2.3619027800000008,fixed
86.90993550000712,43,0.8300000000000001,-0.01438191,-2.876382,11.936985300000002,2.38739706,fixed
86.92158819991164,43,0.8300000000000001,-0.01492165,-2.98433,12.3849695,2.4769939,fixed
86.93312179995701,43,0.8300000000000001,-0.01501536,-3.003072,12.462748800000002,2.49254976,fixed
86.94460889999755,43,0.8300000000000001,-0.01485408,-2.970816,12.3288864,2.46577728,fixed
86.95612320001237,43,0.8300000000000001,-0.01462011,-2.924022,12.134691300000002,2.42693826,fixed
86.96756479993928,43,0.8300000000000001,-0.01435337,-2.870674,11.913297100000001,2.3826594200000004,fixed
86.97909959999379,43,0.8300000000000001,-0.01416255,-2.83251,11.7549165,2.3509833,fixed
86.99071329995058,43,0.8300000000000001,-0.01464956,-2.9299120000000003,12.159134800000002,2.4318269600000004,fixed
87.00213139993139,43,0.8300000000000001,-0.01502715,-3.0054299999999996,12.4725345,2.4945068999999997,fixed
87.01364089990966,43,0.8300000000000001,-0.01498515,-2.9970299999999996,12.4376745,2.4875349,fixed
87.02510039997287,43,0.8300000000000001,-0.01478438,-2.9568760000000003,12.2710354,2.4542070800000007,fixed
87.03657679993194,43,0.8300000000000001,-0.01454304,-2.908608,12.070723200000002,2.4141446400000004,fixed
87.04805559990928,43,0.8300000000000001,-0.01426274,-2.8525479999999996,11.8380742,2.36761484,fixed
87.05954519996885,43,0.8300000000000001,-0.01422961,-2.8459220000000003,11.810576300000003,2.3621152600000004,fixed
87.07117889996152,43,0.8300000000000001,-0.01481201,-2.962402,12.293968300000001,2.45879366,fixed
87.08277310000267,43,0.8300000000000001,-0.01503436,-3.006872,12.478518800000002,2.49570376,fixed
87.09443289996125,43,0.8300000000000001,-0.01490743,-2.981486,12.373166900000001,2.47463338,fixed
87.10603809996974,43,0.8300000000000001,-0.01466607,-2.933214,12.172838100000002,2.43456762,fixed
87.11750499997288,43,0.8300000000000001,-0.01437614,-2.8752280000000003,11.932196200000002,2.3864392400000005,fixed
87.12914649990853,43,0.8300000000000001,-0.01414772,-2.8295440000000003,11.742607600000001,2.3485215200000003,fixed
87.14065770001616,43,0.8300000000000001,-0.01464649,-2.929298,12.156586700000002,2.4313173400000005,fixed
87.15231429995038,43,0.8300000000000001,-0.01502667,-3.0053340000000004,12.472136100000002,2.4944272200000004,fixed
87.16397559992038,43,0.8300000000000001,-0.01494993,-2.989986,12.408441900000001,2.48168838,fixed
87.17569179995917,43,0.8300000000000001,-0.01472871,-2.945742,12.224829300000001,2.4449658600000004,fixed
87.18746449996252,43,0.8300000000000001,-0.01440938,-2.8818759999999997,11.959785400000001,2.39195708,fixed
87.1992595999036,43,0.8300000000000001,-0.01415106,-2.830212,11.7453798,2.34907596,fixed
87.21095189999323,43,0.8300000000000001,-0.01475204,-2.950408,12.2441932,2.44883864,fixed
87.22263589990325,43,0.8300000000000001,-0.01503255,-3.00651,12.477016500000001,2.4954033000000004,fixed
87.23441899998579,43,0.8300000000000001,-0.01490706,-2.9814119999999997,12.3728598,2.47457196,fixed
87.24629569996614,43,0.8300000000000001,-0.01462439,-2.924878,12.1382437,2.4276487400000004,fixed
87.25797119992785,43,0.8300000000000001,-0.01428618,-2.857236,11.857529400000002,2.37150588,fixed
87.26968739996664,43,0.8300000000000001,-0.01422221,-2.844442,11.8044343,2.36088686,fixed
87.28131329989992,43,0.8300000000000001,-0.01486909,-2.973818,12.3413447,2.46826894,fixed
87.29298979998566,43,0.8300000000000001,-0.01502918,-3.005836,12.4742194,2.4948438800000003,fixed
87.30476619990077,43,0.8300000000000001,-0.01486088,-2.972176,12.334530400000002,2.4669060800000002,fixed
87.31641500000842,43,0.8300000000000001,-0.01457432,-2.914864,12.0966856,2.4193371200000002,fixed
87.3281549999956,43,0.8300000000000001,-0.01428142,-2.8562839999999996,11.8535786,2.3707157199999997,fixed
87.33988619991578,43,0.8300000000000001,-0.01428478,-2.856956,11.856367400000002,2.37127348,fixed
87.35149919998366,43,0.8300000000000001,-0.01491552,-2.983104,12.379881600000001,2.47597632,fixed
87.36341769993305,43,0.8300000000000001,-0.01502347,-3.004694,12.469480100000002,2.49389602,fixed
87.37529299990274,43,0.8300000000000001,-0.01480744,-2.961488,12.290175200000002,2.4580350400000004,fixed
87.38694259990007,43,0.8300000000000001,-0.01448429,-2.896858,12.021960700000001,2.40439214,fixed
87.39848009997513,43,0.8300000000000001,-0.01418707,-2.837414,11.7752681,2.35505362,fixed
87.41069169994444,43,0.8300000000000001,-0.014629,-2.9257999999999997,12.142070000000002,2.428414,fixed
87.42229769995902,43,0.8300000000000001,-0.01501988,-3.0039759999999998,12.466500400000001,2.49330008,fixed
87.43376879999414,43,0.8300000000000001,-0.01496643,-2.993286,12.4221369,2.48442738,fixed
87.44526529998984,43,0.8300000000000001,-0.01475174,-2.950348,12.243944200000001,2.44878884,fixed
87.45661409990862,43,0.8300000000000001,-0.01452522,-2.905044,12.055932600000002,2.41118652,fixed
87.46816359995864,43,0.8300000000000001,-0.01427279,-2.854558,11.846415700000001,2.3692831400000003,fixed
87.47964349994436,43,0.8300000000000001,-0.01424385,-2.84877,11.8223955,2.3644791,fixed
87.49121589993592,43,0.8300000000000001,-0.01482355,-2.9647099999999997,12.3035465,2.4607093,fixed
87.5026407999685,43,0.8300000000000001,-0.01502894,-3.005788,12.4740202,2.49480404,fixed
87.5144223999232,43,0.8300000000000001,-0.01491881,-2.9837619999999996,12.3826123,2.47652246,fixed
87.52610559994355,43,0.8300000000000001,-0.01466905,-2.93381,12.175311500000001,2.4350623000000002,fixed
87.537681399961,43,0.8300000000000001,-0.01436145,-2.87229,11.9200035,2.3840007,fixed
87.5493628999684,43,0.8300000000000001,-0.0141562,-2.83124,11.749646,2.3499292000000005,fixed
87.5610588999698,43,0.8300000000000001,-0.0147564,-2.9512799999999997,12.247812,2.4495624,fixed
87.57267589995172,43,0.8300000000000001,-0.01504386,-3.0087719999999996,12.4864038,2.4972807599999998,fixed
87.58424379990902,43,0.8300000000000001,-0.01492468,-2.984936,12.3874844,2.47749688,fixed
87.59646179992706,43,0.8300000000000001,-0.01463643,-2.927286,12.1482369,2.4296473800000005,fixed
87.60816930001602,43,0.8300000000000001,-0.01428606,-2.8572119999999996,11.857429800000002,2.37148596,fixed
87.61999199993443,43,0.8300000000000001,-0.01426704,-2.853408,11.841643200000002,2.36832864,fixed
87.63170809997246,43,0.8300000000000001,-0.01492467,-2.984934,12.3874761,2.47749522,fixed
87.64341069990769,43,0.8300000000000001,-0.01500632,-3.001264,12.455245600000001,2.49104912,fixed
87.6551054000156,43,0.8300000000000001,-0.0148195,-2.9638999999999998,12.300185,2.460037,fixed
87.66679259994999,43,0.8300000000000001,-0.01453577,-2.907154,12.0646891,2.4129378200000002,fixed
87.6784359999001,43,0.8300000000000001,-0.01421931,-2.843862,11.802027300000002,2.3604054600000004,fixed
87.68994569999631,43,0.8300000000000001,-0.01435786,-2.871572,11.9170238,2.3834047600000003,fixed
87.70140839996748,43,0.8300000000000001,-0.01490731,-2.981462,12.3730673,2.47461346,fixed
87.71305589994881,43,0.8300000000000001,-0.01503628,-3.0072560000000004,12.480112400000001,2.4960224800000006,fixed
87.72474360000342,43,0.8300000000000001,-0.01487379,-2.974758,12.3452457,2.46904914,fixed
87.73643089993857,43,0.8300000000000001,-0.01460818,-2.9216360000000003,12.124789400000001,2.4249578800000005,fixed
87.74801250000019,43,0.8300000000000001,-0.01428775,-2.8575500000000003,11.858832500000002,2.3717665000000006,fixed
87.75947509997059,43,0.8300000000000001,-0.01420941,-2.841882,11.7938103,2.35876206,fixed
87.77106139995158,43,0.8300000000000001,-0.01478438,-2.9568760000000003,12.2710354,2.4542070800000007,fixed
87.7824874999933,43,0.8300000000000001,-0.015034,-3.0068,12.478220000000002,2.4956440000000004,fixed
87.7941409999039,43,0.8300000000000001,-0.01495253,-2.9905060000000003,12.410599900000001,2.4821199800000007,fixed
87.80580789991654,43,0.8300000000000001,-0.01472028,-2.9440560000000002,12.2178324,2.4435664800000003,fixed
87.81742639990989,43,0.8300000000000001,-0.01441901,-2.883802,11.9677783,2.3935556600000005,fixed
87.8290695999749,43,0.8300000000000001,-0.01414741,-2.8294819999999996,11.7423503,2.34847006,fixed
87.84068879997358,43,0.8300000000000001,-0.01462074,-2.9241479999999997,12.135214200000002,2.42704284,fixed
87.8523489999352,43,0.8300000000000001,-0.01502559,-3.005118,12.471239700000002,2.49424794,fixed
87.86407289991621,43,0.8300000000000001,-0.01495667,-2.991334,12.4140361,2.48280722,fixed
87.87586939998437,43,0.8300000000000001,-0.01470534,-2.9410680000000005,12.2054322,2.4410864400000007,fixed
87.88758929993492,43,0.8300000000000001,-0.01439609,-2.8792180000000003,11.948754700000002,2.3897509400000003,fixed
87.89917459990829,43,0.8300000000000001,-0.01414767,-2.8295339999999998,11.742566100000001,2.34851322,fixed
87.91065679991152,43,0.8300000000000001,-0.014612,-2.9224,12.127960000000002,2.4255920000000004,fixed
87.92224879993591,43,0.8300000000000001,-0.01500913,-3.0018260000000003,12.457577900000002,2.4915155800000006,fixed
87.93372540001292,43,0.8300000000000001,-0.01498044,-2.996088,12.4337652,2.48675304,fixed
87.94543339998927,43,0.8300000000000001,-0.01479006,-2.958012,12.275749800000002,2.4551499600000004,fixed
87.95715459994972,43,0.8300000000000001,-0.01448722,-2.897444,12.0243926,2.4048785200000005,fixed
87.96906409994699,43,0.8300000000000001,-0.0141415,-2.8282999999999996,11.737445000000001,2.347489,fixed
87.9811426999513,43,0.8300000000000001,-0.01465701,-2.931402,12.165318300000001,2.43306366,fixed
87.9931373000145,43,0.8300000000000001,-0.01502324,-3.004648,12.4692892,2.49385784,fixed
88.00502389995381,43,0.8300000000000001,-0.01483671,-2.967342,12.3144693,2.4628938600000003,fixed
88.01688040001318,43,0.8300000000000001,-0.01453427,-2.906854,12.063444100000002,2.41268882,fixed
88.02880309999455,43,0.8300000000000001,-0.01416819,-2.833638,11.7595977,2.3519195400000004,fixed
88.04066019994207,43,0.8300000000000001,-0.01454121,-2.9082420000000004,12.069204300000003,2.4138408600000005,fixed
88.05249369994272,43,0.8300000000000001,-0.01503016,-3.0060320000000003,12.475032800000003,2.4950065600000007,fixed
88.06410610000603,43,0.8300000000000001,-0.01491944,-2.9838880000000003,12.383135200000002,2.4766270400000003,fixed
88.075727099902,43,0.8300000000000001,-0.01473405,-2.94681,12.229261500000002,2.4458523000000003,fixed
88.08741009992082,43,0.8300000000000001,-0.01443288,-2.8865760000000003,11.979290400000002,2.3958580800000004,fixed
88.09908169996925,43,0.8300000000000001,-0.01414515,-2.8290300000000004,11.740474500000003,2.3480949000000004,fixed
88.11068459996022,43,0.8300000000000001,-0.0145885,-2.9177000000000004,12.108455000000003,2.4216910000000005,fixed
88.12227739999071,43,0.8300000000000001,-0.01500197,-3.000394,12.4516351,2.49032702,fixed
88.1337720999727,43,0.8300000000000001,-0.01497612,-2.995224,12.430179600000002,2.48603592,fixed
88.14544369990472,43,0.8300000000000001,-0.01476951,-2.9539020000000002,12.2586933,2.4517386600000006,fixed
88.15745999990031,43,0.8300000000000001,-0.01445941,-2.891882,12.001310300000002,2.40026206,fixed
88.16960109991487,43,0.8300000000000001,-0.01414591,-2.829182,11.741105300000001,2.34822106,fixed
88.18169909995049,43,0.8300000000000001,-0.01489753,-2.979506,12.364949900000001,2.4729899800000004,fixed
88.19388309994247,43,0.8300000000000001,-0.01499777,-2.9995540000000003,12.448149100000002,2.4896298200000007,fixed
88.20589479990304,43,0.8300000000000001,-0.0147158,-2.9431599999999998,12.214114,2.4428228,fixed
88.2178415999515,43,0.8300000000000001,-0.01436839,-2.873678,11.925763700000001,2.38515274,fixed
88.22986199997831,43,0.8300000000000001,-0.01421592,-2.843184,11.7992136,2.35984272,fixed
88.24178369995207,43,0.8300000000000001,-0.01491642,-2.9832840000000003,12.3806286,2.4761257200000006,fixed
88.25378059991635,43,0.8300000000000001,-0.01499111,-2.998222,12.4426213,2.48852426,fixed
88.26580059994012,43,0.8300000000000001,-0.01473813,-2.947626,12.232647900000002,2.4465295800000004,fixed
88.27816360001452,43,0.8300000000000001,-0.01434049,-2.868098,11.9026067,2.38052134,fixed
88.29073429992422,43,0.8300000000000001,-0.01429711,-2.859422,11.866601300000001,2.3733202600000003,fixed
88.30275009991601,43,0.8300000000000001,-0.01502708,-3.005416,12.472476400000001,2.49449528,fixed
88.31483269995078,43,0.8300000000000001,-0.01488223,-2.976446,12.3522509,2.4704501800000003,fixed
88.32687260000966,43,0.8300000000000001,-0.0145445,-2.9089,12.071935,2.414387,fixed
88.34156179998536,44,0.8200000000000001,-0.01500149,-3.000298,12.3012218,2.46024436,fixed
88.35371209995355,44,0.8200000000000001,-0.01519804,-3.039608,12.462392800000002,2.49247856,fixed
88.36569889995735,44,0.8200000000000001,-0.01493816,-2.987632,12.249291200000002,2.44985824,fixed
88.37775459990371,44,0.8200000000000001,-0.01457519,-2.915038,11.951655800000001,2.39033116,fixed
88.38968539994676,44,0.8200000000000001,-0.01434333,-2.868666,11.7615306,2.35230612,fixed
88.40167989989277,44,0.8200000000000001,-0.01509521,-3.019042,12.378072200000002,2.47561444,fixed
88.41369299998041,44,0.8200000000000001,-0.01519915,-3.03983,12.463303,2.4926606000000002,fixed
88.42563419998623,44,0.8200000000000001,-0.0149479,-2.98958,12.257278000000001,2.4514556,fixed
88.43735219992232,44,0.8200000000000001,-0.01462874,-2.9257479999999996,11.9955668,2.39911336,fixed
88.4489480999764,44,0.8200000000000001,-0.01433384,-2.866768,11.753748800000002,2.3507497600000002,fixed
88.46057399990968,44,0.8200000000000001,-0.01467253,-2.934506,12.031474600000001,2.40629492,fixed
88.47201559995301,44,0.8200000000000001,-0.01518852,-3.037704,12.454586400000002,2.49091728,fixed
88.48373269988224,44,0.8200000000000001,-0.01519236,-3.038472,12.457735200000002,2.4915470400000004,fixed
88.49541309988126,44,0.8200000000000001,-0.01497457,-2.994914,12.279147400000001,2.4558294800000002,fixed
88.5070595999714,44,0.8200000000000001,-0.01469167,-2.9383340000000002,12.047169400000001,2.4094338800000004,fixed
88.51871219987515,44,0.8200000000000001,-0.01436992,-2.8739839999999997,11.783334400000001,2.3566668799999997,fixed
88.53049959987402,44,0.8200000000000001,-0.01458147,-2.9162939999999997,11.9568054,2.39136108,fixed
88.54218409990426,44,0.8200000000000001,-0.01518686,-3.037372,12.4532252,2.49064504,fixed
88.55395729991142,44,0.8200000000000001,-0.01515677,-3.031354,12.428551400000002,2.48571028,fixed
88.56544909998775,44,0.8200000000000001,-0.01494544,-2.989088,12.2552608,2.45105216,fixed
88.57714099995792,44,0.8200000000000001,-0.01468741,-2.937482,12.0436762,2.4087352400000004,fixed
88.58855289989151,44,0.8200000000000001,-0.01437527,-2.875054,11.7877214,2.3575442800000004,fixed
88.59994009998627,44,0.8200000000000001,-0.01451123,-2.902246,11.899208600000001,2.37984172,fixed
88.61158859997522,44,0.8200000000000001,-0.01507604,-3.0152080000000003,12.362352800000002,2.4724705600000005,fixed
88.6231901999563,44,0.8200000000000001,-0.01522154,-3.044308,12.4816628,2.4963325600000004,fixed
88.63463789992966,44,0.8200000000000001,-0.01506809,-3.013618,12.355833800000001,2.4711667600000005,fixed
88.6461140998872,44,0.8200000000000001,-0.01483607,-2.967214,12.1655774,2.43311548,fixed
88.65783009992447,44,0.8200000000000001,-0.01456403,-2.9128060000000002,11.942504600000001,2.3885009200000002,fixed
88.66946919995826,44,0.8200000000000001,-0.01435532,-2.8710639999999996,11.771362400000001,2.3542724799999997,fixed
88.68123769992962,44,0.8200000000000001,-0.01496427,-2.9928540000000003,12.2707014,2.4541402800000003,fixed
88.69302109989803,44,0.8200000000000001,-0.01522929,-3.045858,12.488017800000002,2.49760356,fixed
88.70501899998635,44,0.8200000000000001,-0.01502924,-3.005848,12.3239768,2.46479536,fixed
88.71670999994967,44,0.8200000000000001,-0.01476017,-2.952034,12.103339400000001,2.42066788,fixed
88.72837809997145,44,0.8200000000000001,-0.01444905,-2.8898099999999998,11.848221,2.3696442,fixed
88.74029069987591,44,0.8200000000000001,-0.01450814,-2.9016279999999997,11.8966748,2.37933496,fixed
88.75211539992597,44,0.8200000000000001,-0.01518003,-3.036006,12.447624600000003,2.48952492,fixed
88.76402299990878,44,0.8200000000000001,-0.01517187,-3.034374,12.440933400000002,2.48818668,fixed
88.7759597998811,44,0.8200000000000001,-0.01491112,-2.982224,12.2271184,2.44542368,fixed
88.78772559994832,44,0.8200000000000001,-0.01458047,-2.916094,11.955985400000001,2.3911970800000004,fixed
88.7995328999823,44,0.8200000000000001,-0.01436295,-2.8725899999999998,11.777619,2.3555238,fixed
88.81143499992322,44,0.8200000000000001,-0.0150179,-3.0035800000000004,12.314678,2.4629356000000007,fixed
88.82329669990577,44,0.8200000000000001,-0.01521223,-3.042446,12.4740286,2.49480572,fixed
88.83521239995025,44,0.8200000000000001,-0.0150258,-3.00516,12.321156000000002,2.4642312000000004,fixed
88.84711949992925,44,0.8200000000000001,-0.01470643,-2.941286,12.0592726,2.41185452,fixed
88.85911179997493,44,0.8200000000000001,-0.01435788,-2.871576,11.7734616,2.3546923200000003,fixed
88.87099139997736,44,0.8200000000000001,-0.01487224,-2.9744479999999998,12.1952368,2.43904736,fixed
88.88281269988511,44,0.8200000000000001,-0.0152276,-3.0455200000000002,12.486632,2.4973264000000004,fixed
88.89477279991843,44,0.8200000000000001,-0.01508954,-3.017908,12.3734228,2.47468456,fixed
88.90648279991001,44,0.8200000000000001,-0.01479588,-2.9591760000000003,12.1326216,2.4265243200000004,fixed
88.91792739997618,44,0.8200000000000001,-0.01450489,-2.900978,11.894009800000001,2.37880196,fixed
88.92963699996471,44,0.8200000000000001,-0.01435951,-2.871902,11.774798200000003,2.35495964,fixed
88.94111809995957,44,0.8200000000000001,-0.01494222,-2.9884440000000003,12.252620400000003,2.4505240800000005,fixed
88.9526237999089,44,0.8200000000000001,-0.0152251,-3.04502,12.484582000000001,2.4969164000000004,fixed
88.96485519991256,44,0.8200000000000001,-0.01506193,-3.0123860000000002,12.3507826,2.47015652,fixed
88.97701209993102,44,0.8200000000000001,-0.01477048,-2.9540960000000003,12.111793600000002,2.4223587200000005,fixed
88.98899779992644,44,0.8200000000000001,-0.01435614,-2.871228,11.7720348,2.35440696,fixed
89.00109349994455,44,0.8200000000000001,-0.01479191,-2.958382,12.129366200000002,2.42587324,fixed
89.0128883998841,44,0.8200000000000001,-0.01521585,-3.04317,12.476997,2.4953994,fixed
89.02472629991826,44,0.8200000000000001,-0.01508146,-3.016292,12.3667972,2.4733594400000003,fixed
89.03650539997034,44,0.8200000000000001,-0.01480576,-2.961152,12.1407232,2.42814464,fixed
89.04847909987438,44,0.8200000000000001,-0.01447388,-2.894776,11.8685816,2.37371632,fixed
89.06045749993064,44,0.8200000000000001,-0.01457175,-2.9143499999999998,11.948835,2.389767,fixed
89.07235769997351,44,0.8200000000000001,-0.01518969,-3.037938,12.455545800000003,2.49110916,fixed
89.08434389997274,44,0.8200000000000001,-0.01513736,-3.0274720000000004,12.4126352,2.4825270400000004,fixed
89.09616239997558,44,0.8200000000000001,-0.01486552,-2.973104,12.189726400000001,2.4379452800000005,fixed
89.10808739997447,44,0.8200000000000001,-0.01451059,-2.902118,11.8986838,2.3797367600000006,fixed
89.1199084998807,44,0.8200000000000001,-0.01441813,-2.883626,11.822866600000001,2.3645733200000003,fixed
89.13187089993153,44,0.8200000000000001,-0.01510377,-3.020754,12.3850914,2.4770182800000002,fixed
89.14373309991788,44,0.8200000000000001,-0.0151831,-3.03662,12.450142000000001,2.4900284000000004,fixed
89.15551229997072,44,0.8200000000000001,-0.01496886,-2.9937720000000003,12.274465200000002,2.4548930400000004,fixed
89.16744399990421,44,0.8200000000000001,-0.01465897,-2.931794,12.020355400000001,2.40407108,fixed
89.17939199996181,44,0.8200000000000001,-0.0143319,-2.86638,11.752158,2.3504316000000003,fixed
89.19123859994579,44,0.8200000000000001,-0.01491382,-2.982764,12.2293324,2.4458664800000003,fixed
89.2030284999637,44,0.8200000000000001,-0.01522219,-3.044438,12.482195800000001,2.49643916,fixed
89.21487449994311,44,0.8200000000000001,-0.01506704,-3.013408,12.3549728,2.4709945600000003,fixed
89.22681179991923,44,0.8200000000000001,-0.01475215,-2.95043,12.096763000000001,2.4193526000000003,fixed
89.2387339998968,44,0.8200000000000001,-0.01441638,-2.883276,11.8214316,2.36428632,fixed
89.25058129988611,44,0.8200000000000001,-0.01460908,-2.921816,11.979445600000002,2.3958891200000005,fixed
89.26253879989963,44,0.8200000000000001,-0.01521322,-3.042644,12.474840400000001,2.4949680800000005,fixed
89.27436049992684,44,0.8200000000000001,-0.0151385,-3.0277,12.41357,2.482714,fixed
89.28619479993358,44,0.8200000000000001,-0.0148673,-2.97346,12.191186000000002,2.4382372000000005,fixed
89.29796319990419,44,0.8200000000000001,-0.01453738,-2.907476,11.920651600000001,2.38413032,fixed
89.30971609987319,44,0.8200000000000001,-0.01436068,-2.8721360000000002,11.7757576,2.35515152,fixed
89.32142519997433,44,0.8200000000000001,-0.01499644,-2.999288,12.2970808,2.45941616,fixed
89.3330008998746,44,0.8200000000000001,-0.01522251,-3.044502,12.482458200000002,2.4964916400000003,fixed
89.34471539990045,44,0.8200000000000001,-0.01508524,-3.017048,12.369896800000001,2.47397936,fixed
89.35630929993931,44,0.8200000000000001,-0.01482407,-2.964814,12.155737400000001,2.4311474800000004,fixed
89.36806159990374,44,0.8200000000000001,-0.01451925,-2.90385,11.905785,2.381157,fixed
89.37964119995013,44,0.8200000000000001,-0.01437714,-2.8754280000000003,11.7892548,2.3578509600000004,fixed
89.39131469989661,44,0.8200000000000001,-0.01497318,-2.9946360000000003,12.278007600000002,2.4556015200000005,fixed
89.40298679994885,44,0.8200000000000001,-0.01521436,-3.042872,12.475775200000001,2.49515504,fixed
89.41461919993162,44,0.8200000000000001,-0.01508552,-3.0171040000000002,12.3701264,2.47402528,fixed
89.42617859994061,44,0.8200000000000001,-0.0148396,-2.96792,12.168472000000001,2.4336944000000003,fixed
89.43781209993176,44,0.8200000000000001,-0.01455663,-2.911326,11.9364366,2.38728732,fixed
89.44942039996386,44,0.8200000000000001,-0.01434701,-2.869402,11.7645482,2.35290964,fixed
89.46093529998325,44,0.8200000000000001,-0.01485256,-2.9705120000000003,12.179099200000001,2.43581984,fixed
89.47257449990138,44,0.8200000000000001,-0.0152202,-3.04404,12.480564000000001,2.4961128,fixed
89.4842639999697,44,0.8200000000000001,-0.01513756,-3.0275119999999998,12.412799200000002,2.48255984,fixed
89.49599479988683,44,0.8200000000000001,-0.01489228,-2.9784560000000004,12.2116696,2.4423339200000007,fixed
89.50769759994,44,0.8200000000000001,-0.01460183,-2.920366,11.973500600000001,2.39470012,fixed
89.51907319994643,44,0.8200000000000001,-0.0143245,-2.8649,11.74609,2.349218,fixed
89.53075679996982,44,0.8200000000000001,-0.01471133,-2.942266,12.0632906,2.41265812,fixed
89.54243659996428,44,0.8200000000000001,-0.01519566,-3.039132,12.4604412,2.49208824,fixed
89.55404219997581,44,0.8200000000000001,-0.01516135,-3.03227,12.432307000000002,2.4864614,fixed
89.56565989996307,44,0.8200000000000001,-0.01493754,-2.9875079999999996,12.2487828,2.44975656,fixed
89.57738509995397,44,0.8200000000000001,-0.01466415,-2.93283,12.024603000000003,2.4049206,fixed
89.58959099987987,44,0.8200000000000001,-0.0143317,-2.86634,11.751994,2.3503988000000002,fixed
89.60132449993398,44,0.8200000000000001,-0.01496156,-2.992312,12.268479200000002,2.4536958400000004,fixed
89.61324869992677,44,0.8200000000000001,-0.0152189,-3.04378,12.479498000000001,2.4958996,fixed
89.62506579991896,44,0.8200000000000001,-0.01504448,-3.008896,12.336473600000001,2.4672947200000004,fixed
89.63701409997884,44,0.8200000000000001,-0.01473057,-2.946114,12.079067400000001,2.41581348,fixed
89.64859079988673,44,0.8200000000000001,-0.01442051,-2.8841019999999995,11.8248182,2.3649636399999996,fixed
89.66030709992629,44,0.8200000000000001,-0.01452808,-2.905616,11.913025600000001,2.3826051200000005,fixed
89.67214829998557,44,0.8200000000000001,-0.01516142,-3.0322839999999998,12.4323644,2.48647288,fixed
89.68385019991547,44,0.8200000000000001,-0.01517633,-3.035266,12.444590600000002,2.48891812,fixed
89.6954415999353,44,0.8200000000000001,-0.01498163,-2.996326,12.2849366,2.45698732,fixed
89.70723219995853,44,0.8200000000000001,-0.01469962,-2.939924,12.053688400000002,2.41073768,fixed
89.71895239991136,44,0.8200000000000001,-0.01435217,-2.870434,11.7687794,2.35375588,fixed
89.73054899997078,44,0.8200000000000001,-0.01464667,-2.929334,12.0102694,2.40205388,fixed
89.74207949987613,44,0.8200000000000001,-0.01517391,-3.0347820000000003,12.442606200000002,2.4885212400000003,fixed
89.75348979991395,44,0.8200000000000001,-0.01520015,-3.0400300000000002,12.464123000000003,2.4928246000000005,fixed
89.76493789989036,44,0.8200000000000001,-0.01504164,-3.008328,12.3341448,2.4668289600000004,fixed
89.77633499994408,44,0.8200000000000001,-0.01480787,-2.961574,12.1424534,2.4284906800000003,fixed
89.78781159990467,44,0.8200000000000001,-0.01455804,-2.911608,11.937592800000001,2.38751856,fixed
89.79939699987881,44,0.8200000000000001,-0.01434312,-2.8686239999999996,11.761358399999999,2.35227168,fixed
89.81082599994261,44,0.8200000000000001,-0.01482613,-2.965226,12.1574266,2.43148532,fixed
89.8223193999147,44,0.8200000000000001,-0.01519637,-3.039274,12.461023400000002,2.49220468,fixed
89.83393899991643,44,0.8200000000000001,-0.01517205,-3.03441,12.441081,2.4882162,fixed
89.84560199989937,44,0.8200000000000001,-0.01494585,-2.98917,12.255597000000002,2.4511194,fixed
89.85732549987733,44,0.8200000000000001,-0.0146679,-2.93358,12.027678,2.4055356000000003,fixed
89.86911159998272,44,0.8200000000000001,-0.01434973,-2.8699459999999997,11.766778600000002,2.3533557199999997,fixed
89.8808383999858,44,0.8200000000000001,-0.01471022,-2.942044,12.0623804,2.4124760800000002,fixed
89.89259349997155,44,0.8200000000000001,-0.01520561,-3.041122,12.468600200000001,2.4937200400000004,fixed
89.9042282999726,44,0.8200000000000001,-0.01514,-3.028,12.414800000000001,2.4829600000000003,fixed
89.91594039998017,44,0.8200000000000001,-0.01491601,-2.983202,12.231128200000002,2.44622564,fixed
89.92747299990151,44,0.8200000000000001,-0.01462417,-2.924834,11.9918194,2.3983638800000002,fixed
89.93881619989406,44,0.8200000000000001,-0.01436229,-2.872458,11.7770778,2.35541556,fixed
89.9503107998753,44,0.8200000000000001,-0.01456346,-2.9126920000000003,11.942037200000001,2.3884074400000004,fixed
89.96195599995553,44,0.8200000000000001,-0.0151346,-3.0269199999999996,12.410372,2.4820743999999997,fixed
89.97377379995305,44,0.8200000000000001,-0.01519298,-3.038596,12.4582436,2.49164872,fixed
89.98559309996199,44,0.8200000000000001,-0.01496933,-2.9938659999999997,12.274850599999999,2.45497012,fixed
89.99737949995324,44,0.8200000000000001,-0.01466648,-2.933296,12.026513600000001,2.40530272,fixed
90.00925489992369,44,0.8200000000000001,-0.01434376,-2.868752,11.761883200000002,2.35237664,fixed
90.02121019992046,44,0.8200000000000001,-0.01482567,-2.965134,12.157049400000002,2.43140988,fixed
90.03304739994928,44,0.8200000000000001,-0.01523049,-3.0460979999999998,12.4890018,2.49780036,fixed
90.04477599996608,44,0.8200000000000001,-0.01507809,-3.0156180000000004,12.364033800000001,2.4728067600000005,fixed
90.05665059993044,44,0.8200000000000001,-0.01479191,-2.958382,12.129366200000002,2.42587324,fixed
90.06847489997745,44,0.8200000000000001,-0.01444872,-2.889744,11.847950400000002,2.36959008,fixed
90.08029039995745,44,0.8200000000000001,-0.01450678,-2.9013560000000003,11.8955596,2.3791119200000006,fixed
90.09214319998864,44,0.8200000000000001,-0.01515723,-3.031446,12.4289286,2.48578572,fixed
90.10401459992863,44,0.8200000000000001,-0.01517343,-3.0346859999999998,12.442212600000001,2.48844252,fixed
90.11582229996566,44,0.8200000000000001,-0.01493474,-2.986948,12.246486800000001,2.44929736,fixed
90.1274940998992,44,0.8200000000000001,-0.01463309,-2.926618,11.999133800000001,2.3998267600000003,fixed
90.13931069988757,44,0.8200000000000001,-0.01432997,-2.8659939999999997,11.750575399999999,2.35011508,fixed
90.15121999988332,44,0.8200000000000001,-0.01487344,-2.974688,12.1962208,2.4392441600000003,fixed
90.16311069997028,44,0.8200000000000001,-0.0152255,-3.0451,12.48491,2.4969820000000005,fixed
90.17493149987422,44,0.8200000000000001,-0.01507293,-3.014586,12.3598026,2.47196052,fixed
90.18671359994914,44,0.8200000000000001,-0.01478197,-2.956394,12.1212154,2.42424308,fixed
90.19888919987716,44,0.8200000000000001,-0.01438375,-2.8767500000000004,11.794675000000002,2.3589350000000007,fixed
90.21068679995369,44,0.8200000000000001,-0.01466306,-2.9326119999999998,12.0237092,2.40474184,fixed
90.22255909990054,44,0.8200000000000001,-0.01518782,-3.037564,12.4540124,2.49080248,fixed
90.23437639989424,44,0.8200000000000001,-0.01513151,-3.0263020000000003,12.407838200000002,2.4815676400000006,fixed
90.24630339990836,44,0.8200000000000001,-0.01485972,-2.9719439999999997,12.1849704,2.43699408,fixed
90.25809639994986,44,0.8200000000000001,-0.01454279,-2.908558,11.925087800000002,2.3850175600000005,fixed
90.26988599996548,44,0.8200000000000001,-0.01439818,-2.879636,11.8065076,2.36130152,fixed
90.28196429996751,44,0.8200000000000001,-0.01505812,-3.011624,12.3476584,2.4695316800000002,fixed
90.2939518999774,44,0.8200000000000001,-0.01519589,-3.039178,12.460629800000001,2.4921259600000005,fixed
90.30589859990869,44,0.8200000000000001,-0.01494908,-2.9898160000000003,12.2582456,2.4516491200000003,fixed
90.31780079996679,44,0.8200000000000001,-0.01461183,-2.922366,11.9817006,2.39634012,fixed
90.3296951999655,44,0.8200000000000001,-0.01433128,-2.866256,11.7516496,2.35032992,fixed
90.34362660010811,45,0.81,-0.0153782,-3.07564,12.456342000000001,2.4912684,fixed
90.35565310006496,45,0.81,-0.01517255,-3.03451,12.289765500000001,2.4579531,fixed
90.36750820011366,45,0.81,-0.01482567,-2.965134,12.0087927,2.40175854,fixed
90.37928430002648,45,0.81,-0.01451337,-2.902674,11.7558297,2.3511659400000005,fixed
90.39110660005827,45,0.81,-0.01500853,-3.001706,12.1569093,2.43138186,fixed
90.40284820005763,45,0.81,-0.01539994,-3.079988,12.473951400000002,2.49479028,fixed
90.41462340008002,45,0.81,-0.01528146,-3.056292,12.377982600000001,2.4755965200000003,fixed
90.4264902001014,45,0.81,-0.01499889,-2.999778,12.1491009,2.42982018,fixed
90.43835420010146,45,0.81,-0.01467996,-2.935992,11.8907676,2.37815352,fixed
90.45016980008222,45,0.81,-0.01463147,-2.926294,11.851490700000001,2.37029814,fixed
90.46196160011459,45,0.81,-0.01529917,-3.059834,12.392327700000003,2.47846554,fixed
90.47375630005263,45,0.81,-0.0153695,-3.0738999999999996,12.449295000000001,2.489859,fixed
90.48556330008432,45,0.81,-0.01514643,-3.029286,12.2686083,2.4537216600000002,fixed
90.49749650002923,45,0.81,-0.01478621,-2.957242,11.9768301,2.39536602,fixed
90.50914870004635,45,0.81,-0.01451332,-2.902664,11.7557892,2.3511578400000004,fixed
90.52087160001975,45,0.81,-0.01487811,-2.975622,12.0512691,2.4102538200000003,fixed
90.53237390005961,45,0.81,-0.01537728,-3.075456,12.455596800000002,2.4911193600000003,fixed
90.54387150006369,45,0.81,-0.01534524,-3.069048,12.4296444,2.4859288800000003,fixed
90.55555890011601,45,0.81,-0.0151389,-3.02778,12.262509000000001,2.4525018000000003,fixed
90.56703650008421,45,0.81,-0.01485868,-2.9717360000000004,12.035530800000002,2.4071061600000005,fixed
90.57856040005572,45,0.81,-0.01458591,-2.917182,11.8145871,2.36291742,fixed
90.59023260010872,45,0.81,-0.01464621,-2.929242,11.8634301,2.37268602,fixed
90.6017082000617,45,0.81,-0.01527176,-3.054352,12.370125600000001,2.4740251200000003,fixed
90.61329080001451,45,0.81,-0.01539304,-3.078608,12.4683624,2.4936724800000003,fixed
90.62482430005912,45,0.81,-0.0152234,-3.04468,12.330954,2.4661908,fixed
90.636414000066,45,0.81,-0.01500421,-3.000842,12.153410100000002,2.4306820200000003,fixed
90.64788940001745,45,0.81,-0.01471599,-2.9431979999999998,11.919951900000001,2.3839903799999997,fixed
90.65942800010089,45,0.81,-0.01450941,-2.901882,11.7526221,2.35052442,fixed
90.67104750010185,45,0.81,-0.01498528,-2.9970559999999997,12.138076800000002,2.42761536,fixed
90.68277650000528,45,0.81,-0.01537977,-3.075954,12.4576137,2.49152274,fixed
90.69454440008849,45,0.81,-0.01528579,-3.0571580000000003,12.3814899,2.4762979800000005,fixed
90.70621840003878,45,0.81,-0.0150247,-3.0049400000000004,12.170007000000002,2.4340014000000005,fixed
90.71812690002844,45,0.81,-0.01470225,-2.94045,11.908822500000001,2.3817645,fixed
90.72985440003686,45,0.81,-0.01454395,-2.90879,11.780599500000001,2.3561199000000004,fixed
90.74163760000374,45,0.81,-0.0151884,-3.03768,12.302604,2.4605208000000003,fixed
90.753355700057,45,0.81,-0.01539085,-3.0781699999999996,12.4665885,2.4933177,fixed
90.76523570006248,45,0.81,-0.01520323,-3.0406459999999997,12.3146163,2.46292326,fixed
90.77704300009646,45,0.81,-0.0149154,-2.98308,12.081474000000002,2.4162948,fixed
90.78865660005249,45,0.81,-0.01458351,-2.916702,11.8126431,2.36252862,fixed
90.80030750005972,45,0.81,-0.01468615,-2.93723,11.8957815,2.3791563,fixed
90.81209160003345,45,0.81,-0.01532919,-3.065838,12.4166439,2.48332878,fixed
90.82394810009282,45,0.81,-0.01535402,-3.070804,12.436756200000001,2.48735124,fixed
90.83583040011581,45,0.81,-0.01511961,-3.0239219999999998,12.2468841,2.44937682,fixed
90.84752470010426,45,0.81,-0.01480181,-2.960362,11.9894661,2.3978932200000003,fixed
90.85935850010719,45,0.81,-0.0145107,-2.90214,11.753667,2.3507334,fixed
90.87112590007018,45,0.81,-0.01502494,-3.004988,12.1702014,2.43404028,fixed
90.88295250001829,45,0.81,-0.01539244,-3.078488,12.467876400000002,2.4935752800000004,fixed
90.89454380003735,45,0.81,-0.01527114,-3.054228,12.369623400000002,2.47392468,fixed
90.90605010010768,45,0.81,-0.01504122,-3.008244,12.183388200000001,2.43667764,fixed
90.91753090010025,45,0.81,-0.01477679,-2.955358,11.969199900000001,2.39383998,fixed
90.92893430008553,45,0.81,-0.01451855,-2.90371,11.7600255,2.3520051,fixed
90.94035410007928,45,0.81,-0.01476391,-2.952782,11.9587671,2.39175342,fixed
90.95201840007212,45,0.81,-0.01530254,-3.060508,12.3950574,2.47901148,fixed
90.96351190004498,45,0.81,-0.01537056,-3.074112,12.450153600000002,2.49003072,fixed
90.97507890011184,45,0.81,-0.01522799,-3.045598,12.334671900000002,2.46693438,fixed
90.98676270002034,45,0.81,-0.01494241,-2.988482,12.1033521,2.42067042,fixed
90.99844270001631,45,0.81,-0.014648,-2.9295999999999998,11.864880000000001,2.372976,fixed
91.01009290001821,45,0.81,-0.01461462,-2.922924,11.8378422,2.3675684400000003,fixed
91.02155880001374,45,0.81,-0.0152301,-3.04602,12.336381000000001,2.4672762,fixed
91.03317660011817,45,0.81,-0.01540624,-3.081248,12.4790544,2.49581088,fixed
91.04495640005916,45,0.81,-0.01524003,-3.048006,12.3444243,2.46888486,fixed
91.05679160007276,45,0.81,-0.01496399,-2.992798,12.1208319,2.4241663800000004,fixed
91.06868530006614,45,0.81,-0.01461229,-2.922458,11.8359549,2.36719098,fixed
91.08060390001629,45,0.81,-0.01474939,-2.949878,11.9470059,2.38940118,fixed
91.09253170003649,45,0.81,-0.01537126,-3.074252,12.4507206,2.49014412,fixed
91.10446630010847,45,0.81,-0.01531087,-3.062174,12.401804700000001,2.48036094,fixed
91.11647260002792,45,0.81,-0.01502982,-3.0059639999999996,12.1741542,2.43483084,fixed
91.12830690003466,45,0.81,-0.01466926,-2.933852,11.882100600000001,2.37642012,fixed
91.14019690011628,45,0.81,-0.01462351,-2.924702,11.845043100000002,2.3690086200000002,fixed
91.15210060006939,45,0.81,-0.01530023,-3.060046,12.393186300000002,2.47863726,fixed
91.16387500008568,45,0.81,-0.01535568,-3.071136,12.4381008,2.48762016,fixed
91.17587150004692,45,0.81,-0.01511823,-3.0236460000000003,12.2457663,2.4491532600000006,fixed
91.18759430001955,45,0.81,-0.01479351,-2.9587019999999997,11.9827431,2.39654862,fixed
91.19960640009958,45,0.81,-0.01451681,-2.903362,11.758616100000001,2.3517232200000002,fixed
91.21153360011522,45,0.81,-0.01513512,-3.027024,12.2594472,2.45188944,fixed
91.22344610001892,45,0.81,-0.01539572,-3.0791440000000003,12.470533200000002,2.4941066400000005,fixed
91.23538110009395,45,0.81,-0.015207,-3.0414000000000003,12.317670000000001,2.4635340000000006,fixed
91.2471905000275,45,0.81,-0.01487587,-2.975174,12.0494547,2.40989094,fixed
91.25890570005868,45,0.81,-0.01454584,-2.909168,11.782130400000002,2.3564260800000003,fixed
91.27087910007685,45,0.81,-0.01483433,-2.966866,12.0158073,2.40316146,fixed
91.28262220008764,45,0.81,-0.01538599,-3.077198,12.462651900000001,2.4925303800000003,fixed
91.29460320004728,45,0.81,-0.01531204,-3.0624080000000005,12.4027524,2.4805504800000007,fixed
91.30639140005223,45,0.81,-0.01501966,-3.003932,12.1659246,2.43318492,fixed
91.31818030006252,45,0.81,-0.01469656,-2.939312,11.9042136,2.3808427200000004,fixed
91.33003810001537,45,0.81,-0.01459128,-2.918256,11.818936800000001,2.3637873600000003,fixed
91.34192450006958,45,0.81,-0.01527573,-3.0551459999999997,12.3733413,2.47466826,fixed
91.35382910002954,45,0.81,-0.01537663,-3.075326,12.455070300000001,2.4910140600000004,fixed
91.36531160003506,45,0.81,-0.01517653,-3.0353060000000003,12.292989300000002,2.4585978600000002,fixed
91.37696200003847,45,0.81,-0.0148982,-2.9796400000000003,12.067542000000001,2.4135084000000004,fixed
91.38842160010245,45,0.81,-0.0146227,-2.92454,11.844387000000001,2.3688774,fixed
91.40002140006982,45,0.81,-0.01459432,-2.918864,11.8213992,2.3642798400000005,fixed
91.4116248000646,45,0.81,-0.01521624,-3.043248,12.3251544,2.4650308800000005,fixed
91.42324820009526,45,0.81,-0.01538961,-3.077922,12.465584100000001,2.49311682,fixed
91.43489380006213,45,0.81,-0.01524616,-3.049232,12.3493896,2.46987792,fixed
91.44641540001612,45,0.81,-0.01498271,-2.996542,12.1359951,2.42719902,fixed
91.45794000010937,45,0.81,-0.01471714,-2.943428,11.920883400000001,2.38417668,fixed
91.46960810001474,45,0.81,-0.01451088,-2.902176,11.7538128,2.35076256,fixed
91.48116720002145,45,0.81,-0.01508264,-3.016528,12.2169384,2.4433876800000003,fixed
91.49276690010447,45,0.81,-0.01539971,-3.079942,12.473765100000001,2.49475302,fixed
91.50453960010782,45,0.81,-0.01529444,-3.058888,12.388496400000001,2.4776992800000004,fixed
91.51605170010589,45,0.81,-0.01505099,-3.010198,12.191301900000001,2.43826038,fixed
91.52762110007461,45,0.81,-0.0147815,-2.9562999999999997,11.973015,2.394603,fixed
91.53909530001692,45,0.81,-0.01451256,-2.902512,11.755173600000003,2.3510347200000004,fixed
91.55075850011781,45,0.81,-0.01485327,-2.970654,12.031148700000001,2.40622974,fixed
91.56223150005098,45,0.81,-0.01536502,-3.073004,12.4456662,2.48913324,fixed
91.57390680001117,45,0.81,-0.01536116,-3.072232,12.442539600000002,2.4885079200000004,fixed
91.58556110004429,45,0.81,-0.01515334,-3.030668,12.2742054,2.45484108,fixed
91.59706570010167,45,0.81,-0.0148887,-2.97774,12.059847,2.4119694,fixed
91.60879990004469,45,0.81,-0.01456663,-2.913326,11.7989703,2.35979406,fixed
91.6204687000718,45,0.81,-0.01472422,-2.944844,11.9266182,2.38532364,fixed
91.63204520009458,45,0.81,-0.01532958,-3.065916,12.416959800000003,2.48339196,fixed
91.64371570001822,45,0.81,-0.01537216,-3.074432,12.4514496,2.49028992,fixed
91.6553437000839,45,0.81,-0.01517368,-3.034736,12.2906808,2.4581361600000005,fixed
91.6670521000633,45,0.81,-0.01490952,-2.981904,12.076711200000002,2.41534224,fixed
91.67858650011476,45,0.81,-0.014601,-2.9202,11.82681,2.365362,fixed
91.69013310002629,45,0.81,-0.01463788,-2.927576,11.8566828,2.3713365600000005,fixed
91.7017160000978,45,0.81,-0.01524865,-3.0497300000000003,12.351406500000001,2.4702813000000003,fixed
91.71326820005197,45,0.81,-0.01539664,-3.079328,12.471278400000001,2.49425568,fixed
91.72480240010191,45,0.81,-0.0152443,-3.0488600000000003,12.347883000000001,2.4695766000000003,fixed
91.73647360003088,45,0.81,-0.01500008,-3.000016,12.1500648,2.43001296,fixed
91.74799660011195,45,0.81,-0.01471109,-2.942218,11.9159829,2.3831965800000003,fixed
91.75966830004472,45,0.81,-0.01452368,-2.904736,11.764180800000002,2.3528361600000003,fixed
91.77135040005669,45,0.81,-0.01511118,-3.0222360000000004,12.240055800000002,2.4480111600000005,fixed
91.78298250003718,45,0.81,-0.01539815,-3.07963,12.4725015,2.4945003,fixed
91.79441090009641,45,0.81,-0.01528504,-3.057008,12.3808824,2.4761764800000003,fixed
91.80597890005447,45,0.81,-0.01507233,-3.014466,12.2085873,2.4417174600000005,fixed
91.8175977000501,45,0.81,-0.01479866,-2.959732,11.9869146,2.39738292,fixed
91.82915690005757,45,0.81,-0.01451918,-2.903836,11.760535800000001,2.35210716,fixed
91.84054410003591,45,0.81,-0.01482425,-2.96485,12.007642500000003,2.4015285000000004,fixed
91.85210940008983,45,0.81,-0.01532557,-3.0651140000000003,12.413711700000002,2.4827423400000006,fixed
91.86367700004485,45,0.81,-0.01536755,-3.07351,12.447715500000001,2.4895431,fixed
91.87554920010734,45,0.81,-0.01517403,-3.034806,12.2909643,2.45819286,fixed
91.88741310010664,45,0.81,-0.01484112,-2.968224,12.021307199999999,2.4042614400000004,fixed
91.89902420004364,45,0.81,-0.01451581,-2.903162,11.7578061,2.3515612200000002,fixed
91.91068030009046,45,0.81,-0.01479251,-2.958502,11.981933100000001,2.3963866200000004,fixed
91.9221454000799,45,0.81,-0.01534842,-3.0696839999999996,12.4322202,2.48644404,fixed
91.93365070002619,45,0.81,-0.01536139,-3.072278,12.442725900000001,2.48854518,fixed
91.94526160007808,45,0.81,-0.01518836,-3.0376719999999997,12.3025716,2.46051432,fixed
91.95677650009748,45,0.81,-0.01494498,-2.9889959999999998,12.1054338,2.42108676,fixed
91.9685014000861,45,0.81,-0.01464613,-2.929226,11.863365300000002,2.37267306,fixed
91.98012960003689,45,0.81,-0.01463557,-2.9271140000000004,11.8548117,2.3709623400000006,fixed
91.99196920008399,45,0.81,-0.0152663,-3.05326,12.365703,2.4731406000000002,fixed
92.00369210005738,45,0.81,-0.0153662,-3.0732399999999997,12.446622000000001,2.4893244,fixed
92.01540830009617,45,0.81,-0.01517553,-3.035106,12.2921793,2.4584358600000003,fixed
92.02716440008953,45,0.81,-0.0148919,-2.97838,12.062439000000001,2.4124878,fixed
92.03874140011612,45,0.81,-0.0145605,-2.9121,11.794005000000002,2.358801,fixed
92.05034380010329,45,0.81,-0.01468882,-2.937764,11.897944200000001,2.3795888400000003,fixed
92.06200580007862,45,0.81,-0.01531161,-3.062322,12.4024041,2.4804808200000004,fixed
92.07382520008832,45,0.81,-0.01536857,-3.073714,12.448541700000002,2.48970834,fixed
92.08564100007061,45,0.81,-0.01516009,-3.032018,12.2796729,2.45593458,fixed
92.09729300008621,45,0.81,-0.01484924,-2.969848,12.027884400000001,2.40557688,fixed
92.10907160001807,45,0.81,-0.01453337,-2.9066739999999998,11.772029700000001,2.35440594,fixed
92.12071850011125,45,0.81,-0.01486796,-2.973592,12.043047600000001,2.40860952,fixed
92.13243110000622,45,0.81,-0.01536059,-3.072118,12.442077900000001,2.4884155800000003,fixed
92.14419110002927,45,0.81,-0.01532971,-3.065942,12.4170651,2.4834130200000004,fixed
92.15589330007788,45,0.81,-0.01510497,-3.020994,12.235025700000001,2.44700514,fixed
92.16762290010229,45,0.81,-0.01481972,-2.963944,12.0039732,2.4007946400000004,fixed
92.1792187000392,45,0.81,-0.01451256,-2.902512,11.755173600000003,2.3510347200000004,fixed
92.19081170007121,45,0.81,-0.01490048,-2.980096,12.0693888,2.41387776,fixed
92.20253110001795,45,0.81,-0.01537104,-3.074208,12.450542400000002,2.4901084800000004,fixed
92.21413550002035,45,0.81,-0.01532726,-3.065452,12.415080600000001,2.4830161200000003,fixed
92.22578020009678,45,0.81,-0.01511275,-3.02255,12.241327499999999,2.4482655,fixed
92.23748080001678,45,0.81,-0.01482623,-2.9652459999999996,12.0092463,2.4018492599999997,fixed
92.24912220006809,45,0.81,-0.01451178,-2.902356,11.7545418,2.3509083600000005,fixed
92.26080260006711,45,0.81,-0.01488424,-2.976848,12.056234400000001,2.41124688,fixed
92.27258110011462,45,0.81,-0.0153757,-3.07514,12.454317000000001,2.4908634000000003,fixed
92.28450260008685,45,0.81,-0.0153151,-3.06302,12.405231,2.4810462,fixed
92.29611200001091,45,0.81,-0.01505612,-3.011224,12.1954572,2.43909144,fixed
92.30776020011399,45,0.81,-0.01475609,-2.951218,11.9524329,2.39048658,fixed
92.31938230001833,45,0.81,-0.01450577,-2.901154,11.7496737,2.34993474,fixed
92.33096900011878,45,0.81,-0.01499679,-2.999358,12.1473999,2.42947998,fixed
92.34500889992341,46,0.8200000000000001,-0.01504288,-3.008576,12.3351616,2.4670323200000004,fixed
92.35664329992142,46,0.8200000000000001,-0.01479401,-2.958802,12.1310882,2.42621764,fixed
92.36840499995742,46,0.8200000000000001,-0.01448242,-2.896484,11.8755844,2.37511688,fixed
92.38007789989933,46,0.8200000000000001,-0.01442633,-2.885266,11.8295906,2.3659181200000003,fixed
92.39173429994844,46,0.8200000000000001,-0.0150642,-3.0128399999999997,12.352644000000002,2.4705288,fixed
92.40340409998316,46,0.8200000000000001,-0.01520602,-3.041204,12.468936400000002,2.4937872800000003,fixed
92.41505539999343,46,0.8200000000000001,-0.0150369,-3.0073800000000004,12.330258000000002,2.4660516000000006,fixed
92.42668479995336,46,0.8200000000000001,-0.01476267,-2.952534,12.105389400000002,2.4210778800000003,fixed
92.43848369992338,46,0.8200000000000001,-0.01446844,-2.893688,11.8641208,2.3728241600000004,fixed
92.45011350000277,46,0.8200000000000001,-0.01445729,-2.8914579999999996,11.8549778,2.37099556,fixed
92.46192079992034,46,0.8200000000000001,-0.01508181,-3.016362,12.367084199999999,2.47341684,fixed
92.47357429994736,46,0.8200000000000001,-0.01519355,-3.03871,12.458711000000001,2.4917422,fixed
92.48524079995696,46,0.8200000000000001,-0.01500469,-3.000938,12.303845800000001,2.4607691600000003,fixed
92.49684889998753,46,0.8200000000000001,-0.01474568,-2.949136,12.091457600000002,2.4182915200000004,fixed
92.50851839990355,46,0.8200000000000001,-0.01444632,-2.889264,11.845982400000002,2.36919648,fixed
92.52017699996941,46,0.8200000000000001,-0.01446452,-2.892904,11.860906400000001,2.3721812800000004,fixed
92.5319508999819,46,0.8200000000000001,-0.01508407,-3.016814,12.3689374,2.4737874800000004,fixed
92.5435989999678,46,0.8200000000000001,-0.01518909,-3.037818,12.455053800000002,2.4910107600000004,fixed
92.55518349993508,46,0.8200000000000001,-0.01500225,-3.00045,12.301845,2.460369,fixed
92.56668869999703,46,0.8200000000000001,-0.01474244,-2.948488,12.088800800000003,2.4177601600000003,fixed
92.57835540000815,46,0.8200000000000001,-0.0144889,-2.89778,11.880898,2.3761796000000004,fixed
92.59002679993864,46,0.8200000000000001,-0.01440575,-2.88115,11.812715,2.362543,fixed
92.60167229990475,46,0.8200000000000001,-0.015033,-3.0065999999999997,12.327060000000001,2.465412,fixed
92.61316529999021,46,0.8200000000000001,-0.01521122,-3.0422439999999997,12.4732004,2.49464008,fixed
92.62497349991463,46,0.8200000000000001,-0.01507222,-3.014444,12.3592204,2.4718440800000003,fixed
92.63665599992964,46,0.8200000000000001,-0.01479529,-2.9590579999999997,12.132137799999999,2.42642756,fixed
92.64824059989769,46,0.8200000000000001,-0.01447702,-2.895404,11.8711564,2.37423128,fixed
92.65985830000136,46,0.8200000000000001,-0.01438761,-2.877522,11.797840200000001,2.35956804,fixed
92.67148239992093,46,0.8200000000000001,-0.01496965,-2.9939299999999998,12.275113000000001,2.4550226,fixed
92.68314320000354,46,0.8200000000000001,-0.01521733,-3.0434659999999996,12.4782106,2.49564212,fixed
92.69476419989951,46,0.8200000000000001,-0.01507432,-3.014864,12.3609424,2.4721884800000002,fixed
92.70652069989592,46,0.8200000000000001,-0.01481802,-2.9636039999999997,12.1507764,2.43015528,fixed
92.71826949995011,46,0.8200000000000001,-0.01449506,-2.899012,11.8859492,2.37718984,fixed
92.72994939994533,46,0.8200000000000001,-0.01439085,-2.87817,11.800497000000002,2.3600994,fixed
92.74175109993666,46,0.8200000000000001,-0.01503061,-3.006122,12.325100200000001,2.46502004,fixed
92.75342179997824,46,0.8200000000000001,-0.01520421,-3.040842,12.4674522,2.4934904400000004,fixed
92.7651636999799,46,0.8200000000000001,-0.01502351,-3.004702,12.319278200000001,2.4638556400000002,fixed
92.77691529993899,46,0.8200000000000001,-0.01474373,-2.948746,12.089858600000001,2.41797172,fixed
92.78876099991612,46,0.8200000000000001,-0.01443179,-2.886358,11.8340678,2.36681356,fixed
92.80047009990085,46,0.8200000000000001,-0.01452095,-2.90419,11.907179000000001,2.3814358,fixed
92.81224619993009,46,0.8200000000000001,-0.01514711,-3.029422,12.420630200000002,2.48412604,fixed
92.8238717999775,46,0.8200000000000001,-0.01516264,-3.032528,12.433364800000001,2.4866729600000004,fixed
92.83540539990645,46,0.8200000000000001,-0.01497422,-2.994844,12.278860400000001,2.45577208,fixed
92.84691959992051,46,0.8200000000000001,-0.01470903,-2.941806,12.061404600000001,2.41228092,fixed
92.85856689990032,46,0.8200000000000001,-0.01442839,-2.8856779999999995,11.8312798,2.3662559599999997,fixed
92.87013999989722,46,0.8200000000000001,-0.01447371,-2.894742,11.8684422,2.37368844,fixed
92.88148539990652,46,0.8200000000000001,-0.01503911,-3.007822,12.332070200000002,2.46641404,fixed
92.89304229989648,46,0.8200000000000001,-0.01521684,-3.043368,12.477808800000002,2.49556176,fixed
92.90471349994186,46,0.8200000000000001,-0.01508644,-3.0172879999999997,12.370880800000002,2.47417616,fixed
92.91640609991737,46,0.8200000000000001,-0.01483843,-2.9676859999999996,12.167512600000002,2.43350252,fixed
92.92813759995624,46,0.8200000000000001,-0.01452565,-2.9051299999999998,11.911033,2.3822066,fixed
92.93977890000679,46,0.8200000000000001,-0.01435828,-2.8716559999999998,11.7737896,2.35475792,fixed
92.95148359995801,46,0.8200000000000001,-0.0149618,-2.99236,12.268676000000001,2.4537352,fixed
92.96315669990145,46,0.8200000000000001,-0.01520916,-3.041832,12.4715112,2.49430224,fixed
92.97482159989886,46,0.8200000000000001,-0.01508037,-3.0160739999999997,12.3659034,2.47318068,fixed
92.98648939991836,46,0.8200000000000001,-0.01480622,-2.9612439999999998,12.141100400000001,2.42822008,fixed
92.99817169993185,46,0.8200000000000001,-0.01450513,-2.901026,11.8942066,2.3788413200000003,fixed
93.00990549998824,46,0.8200000000000001,-0.01437794,-2.875588,11.789910800000001,2.35798216,fixed
93.02147879998665,46,0.8200000000000001,-0.01498875,-2.99775,12.290775000000002,2.458155,fixed
93.03314129996579,46,0.8200000000000001,-0.01521531,-3.043062,12.4765542,2.49531084,fixed
93.04482660000212,46,0.8200000000000001,-0.0150652,-3.01304,12.353464,2.4706928,fixed
93.0566739999922,46,0.8200000000000001,-0.01480075,-2.9601499999999996,12.136614999999999,2.427323,fixed
93.06844979990274,46,0.8200000000000001,-0.01446372,-2.8927439999999995,11.860250400000002,2.3720500799999997,fixed
93.08009860001039,46,0.8200000000000001,-0.01445283,-2.890566,11.851320600000001,2.3702641200000003,fixed
93.09176139999181,46,0.8200000000000001,-0.01506784,-3.0135680000000002,12.3556288,2.4711257600000005,fixed
93.10372219991405,46,0.8200000000000001,-0.0152037,-3.0407400000000004,12.467034000000002,2.4934068000000007,fixed
93.11537779995706,46,0.8200000000000001,-0.01499197,-2.9983940000000002,12.2934154,2.4586830800000006,fixed
93.12716639996506,46,0.8200000000000001,-0.01470218,-2.940436,12.0557876,2.41115752,fixed
93.13896569993813,46,0.8200000000000001,-0.014372,-2.8744,11.78504,2.3570080000000004,fixed
93.15060129994527,46,0.8200000000000001,-0.01463753,-2.927506,12.0027746,2.4005549200000003,fixed
93.16216829989571,46,0.8200000000000001,-0.01514854,-3.0297080000000003,12.421802800000002,2.4843605600000003,fixed
93.17398520000279,46,0.8200000000000001,-0.01517193,-3.034386,12.440982600000002,2.4881965200000002,fixed
93.18571909994353,46,0.8200000000000001,-0.01494315,-2.98863,12.253383000000001,2.4506766000000004,fixed
93.19740579999052,46,0.8200000000000001,-0.01463508,-2.927016,12.000765600000001,2.40015312,fixed
93.20913420000579,46,0.8200000000000001,-0.01433161,-2.866322,11.7519202,2.3503840400000002,fixed
93.22087600000668,46,0.8200000000000001,-0.01469615,-2.93923,12.050843,2.4101686,fixed
93.23268139990978,46,0.8200000000000001,-0.01518763,-3.037526,12.453856600000002,2.4907713200000003,fixed
93.24420959991403,46,0.8200000000000001,-0.01510791,-3.021582,12.388486200000001,2.4776972400000004,fixed
93.25583739997819,46,0.8200000000000001,-0.0149166,-2.98332,12.231612000000002,2.4463224,fixed
93.26740899996366,46,0.8200000000000001,-0.01465242,-2.930484,12.0149844,2.40299688,fixed
93.27891140000429,46,0.8200000000000001,-0.01433961,-2.8679219999999996,11.758480200000001,2.3516960399999998,fixed
93.29040089994669,46,0.8200000000000001,-0.01456868,-2.913736,11.9463176,2.38926352,fixed
93.30205309996381,46,0.8200000000000001,-0.01511285,-3.02257,12.392537000000003,2.4785074000000002,fixed
93.31391749996692,46,0.8200000000000001,-0.01517735,-3.0354699999999997,12.445427,2.4890854,fixed
93.32566149998456,46,0.8200000000000001,-0.01493502,-2.9870039999999998,12.246716400000002,2.44934328,fixed
93.3375129000051,46,0.8200000000000001,-0.01464078,-2.9281560000000004,12.0054396,2.4010879200000006,fixed
93.34929119993467,46,0.8200000000000001,-0.0143268,-2.86536,11.747976000000001,2.3495952,fixed
93.36117239994928,46,0.8200000000000001,-0.01484698,-2.9693959999999997,12.1745236,2.43490472,fixed
93.37307480000891,46,0.8200000000000001,-0.0152156,-3.0431199999999996,12.476792,2.4953583999999998,fixed
93.3849995000055,46,0.8200000000000001,-0.01506338,-3.012676,12.3519716,2.47039432,fixed
93.39681119995657,46,0.8200000000000001,-0.0147593,-2.95186,12.102626,2.4205252,fixed
93.40864109992981,46,0.8200000000000001,-0.01441604,-2.883208,11.8211528,2.36423056,fixed
93.42059809993953,46,0.8200000000000001,-0.01455702,-2.911404,11.936756400000002,2.3873512800000003,fixed
93.43252229993232,46,0.8200000000000001,-0.01517514,-3.035028,12.4436148,2.48872296,fixed
93.44424619991332,46,0.8200000000000001,-0.01512507,-3.0250139999999996,12.4025574,2.48051148,fixed
93.45616209995933,46,0.8200000000000001,-0.01487014,-2.974028,12.1935148,2.43870296,fixed
93.4679473999422,46,0.8200000000000001,-0.01454199,-2.908398,11.9244318,2.3848863600000003,fixed
93.47971869993489,46,0.8200000000000001,-0.01434146,-2.868292,11.7599972,2.35199944,fixed
93.49152339994907,46,0.8200000000000001,-0.01498477,-2.9969539999999997,12.287511400000001,2.45750228,fixed
93.50342289998662,46,0.8200000000000001,-0.01520178,-3.040356,12.4654596,2.4930919200000003,fixed
93.51536169997416,46,0.8200000000000001,-0.01501289,-3.0025779999999997,12.310569800000001,2.46211396,fixed
93.52717769995797,46,0.8200000000000001,-0.01468747,-2.937494,12.0437254,2.40874508,fixed
93.53903539991006,46,0.8200000000000001,-0.01435318,-2.870636,11.7696076,2.3539215200000005,fixed
93.55095539998729,46,0.8200000000000001,-0.01471482,-2.942964,12.0661524,2.41323048,fixed
93.56282629992347,46,0.8200000000000001,-0.01520137,-3.040274,12.465123400000001,2.4930246800000004,fixed
93.57464089989662,46,0.8200000000000001,-0.01508424,-3.0168480000000004,12.369076800000002,2.4738153600000006,fixed
93.58628009993117,46,0.8200000000000001,-0.01482269,-2.964538,12.1546058,2.4309211600000005,fixed
93.59768749994691,46,0.8200000000000001,-0.01456048,-2.912096,11.939593600000002,2.38791872,fixed
93.60939339990728,46,0.8200000000000001,-0.01431966,-2.8639319999999997,11.7421212,2.34842424,fixed
93.62098619993776,46,0.8200000000000001,-0.01477657,-2.955314,12.1167874,2.4233574800000004,fixed
93.63272359990515,46,0.8200000000000001,-0.01519806,-3.039612,12.4624092,2.4924818400000004,fixed
93.64454489992931,46,0.8200000000000001,-0.01509275,-3.0185500000000003,12.376055000000001,2.4752110000000003,fixed
93.65607419994194,46,0.8200000000000001,-0.01486143,-2.972286,12.1863726,2.4372745200000003,fixed
93.66767339990474,46,0.8200000000000001,-0.01458483,-2.916966,11.9595606,2.39191212,fixed
93.67917609994765,46,0.8200000000000001,-0.01432269,-2.8645380000000005,11.744605800000002,2.3489211600000006,fixed
93.69082189991605,46,0.8200000000000001,-0.01472818,-2.945636,12.077107600000001,2.41542152,fixed
93.70259090000764,46,0.8200000000000001,-0.01518787,-3.0375739999999998,12.4540534,2.49081068,fixed
93.71443309995811,46,0.8200000000000001,-0.01512933,-3.0258659999999997,12.4060506,2.48121012,fixed
93.72669669997413,46,0.8200000000000001,-0.01479587,-2.959174,12.1326134,2.42652268,fixed
93.73846189992037,46,0.8200000000000001,-0.01446475,-2.89295,11.861095,2.3722190000000003,fixed
93.75021069997456,46,0.8200000000000001,-0.01444727,-2.8894539999999997,11.8467614,2.3693522799999998,fixed
93.76202629995532,46,0.8200000000000001,-0.01508611,-3.017222,12.370610200000002,2.47412204,fixed
93.77405040001031,46,0.8200000000000001,-0.01515025,-3.03005,12.423205000000001,2.4846410000000003,fixed
93.78596259991173,46,0.8200000000000001,-0.01490299,-2.9805979999999996,12.220451800000001,2.4440903599999997,fixed
93.79770659992937,46,0.8200000000000001,-0.01459419,-2.918838,11.967235800000001,2.39344716,fixed
93.80915549991187,46,0.8200000000000001,-0.01431828,-2.8636559999999998,11.740989599999999,2.34819792,fixed
93.82057399989571,46,0.8200000000000001,-0.01467328,-2.934656,12.0320896,2.40641792,fixed
93.83200649998616,46,0.8200000000000001,-0.01514635,-3.02927,12.420007,2.4840014,fixed
93.84363879996818,46,0.8200000000000001,-0.01518339,-3.0366779999999998,12.450379800000002,2.49007596,fixed
93.85523049999028,46,0.8200000000000001,-0.01499323,-2.998646,12.2944486,2.45888972,fixed
93.86691489990335,46,0.8200000000000001,-0.01473959,-2.947918,12.0864638,2.41729276,fixed
93.87841060000937,46,0.8200000000000001,-0.01442138,-2.884276,11.8255316,2.36510632,fixed
93.89000919996761,46,0.8200000000000001,-0.01443236,-2.886472,11.834535200000001,2.36690704,fixed
93.90159199992195,46,0.8200000000000001,-0.01500684,-3.0013680000000003,12.305608800000002,2.4611217600000006,fixed
93.91307839995716,46,0.8200000000000001,-0.01520154,-3.040308,12.4652628,2.49305256,fixed
93.9248099999968,46,0.8200000000000001,-0.01506547,-3.0130939999999997,12.3536854,2.47073708,fixed
93.93647349998355,46,0.8200000000000001,-0.01481514,-2.963028,12.1484148,2.42968296,fixed
93.9479871999938,46,0.8200000000000001,-0.01449249,-2.898498,11.8838418,2.3767683600000002,fixed
93.95966249995399,46,0.8200000000000001,-0.01433461,-2.8669219999999997,11.754380200000002,2.35087604,fixed
93.971232199925,46,0.8200000000000001,-0.01493583,-2.987166,12.247380600000001,2.4494761200000004,fixed
93.98276689997874,46,0.8200000000000001,-0.01520647,-3.0412939999999997,12.4693054,2.49386108,fixed
93.99450719996821,46,0.8200000000000001,-0.01510902,-3.0218040000000004,12.389396400000003,2.4778792800000007,fixed
94.00625380000565,46,0.8200000000000001,-0.01484612,-2.969224,12.173818400000002,2.43476368,fixed
94.01800159993581,46,0.8200000000000001,-0.01454317,-2.908634,11.9253994,2.38507988,fixed
94.02969339990523,46,0.8200000000000001,-0.01435154,-2.870308,11.7682628,2.3536525600000004,fixed
94.04152979992796,46,0.8200000000000001,-0.01495595,-2.9911900000000005,12.263879000000001,2.4527758000000004,fixed
94.05322149989661,46,0.8200000000000001,-0.01520893,-3.041786,12.4713226,2.49426452,fixed
94.0649068999337,46,0.8200000000000001,-0.01503974,-3.007948,12.3325868,2.46651736,fixed
94.07672559993807,46,0.8200000000000001,-0.01477377,-2.9547540000000003,12.114491400000002,2.4228982800000005,fixed
94.08838019997347,46,0.8200000000000001,-0.01443038,-2.886076,11.832911600000001,2.3665823200000005,fixed
94.10012479999568,46,0.8200000000000001,-0.01443713,-2.887426,11.8384466,2.36768932,fixed
94.11213629995473,46,0.8200000000000001,-0.0150799,-3.01598,12.365518000000002,2.4731036,fixed
94.12376399990171,46,0.8200000000000001,-0.01517509,-3.035018,12.443573800000001,2.48871476,fixed
94.13572129991371,46,0.8200000000000001,-0.01498125,-2.99625,12.284625,2.456925,fixed
94.14735879993532,46,0.8200000000000001,-0.01463828,-2.927656,12.0033896,2.40067792,fixed
94.15919229993597,46,0.8200000000000001,-0.01434002,-2.868004,11.7588164,2.35176328,fixed
94.17106689990032,46,0.8200000000000001,-0.01479856,-2.959712,12.1348192,2.4269638400000004,fixed
94.18282320001163,46,0.8200000000000001,-0.01520153,-3.040306,12.465254600000002,2.4930509200000004,fixed
94.19451039994601,46,0.8200000000000001,-0.01510564,-3.021128,12.386624800000002,2.4773249600000002,fixed
94.2061574999243,46,0.8200000000000001,-0.01486065,-2.97213,12.185733,2.4371466,fixed
94.21782609994989,46,0.8200000000000001,-0.01456281,-2.9125620000000003,11.9415042,2.3883008400000003,fixed
94.22957159997895,46,0.8200000000000001,-0.01432618,-2.8652360000000003,11.747467600000002,2.3494935200000007,fixed
94.24135409994051,46,0.8200000000000001,-0.01491166,-2.982332,12.2275612,2.4455122400000002,fixed
94.25300499994773,46,0.8200000000000001,-0.01521316,-3.0426320000000002,12.474791200000002,2.4949582400000003,fixed
94.26462309993804,46,0.8200000000000001,-0.01507563,-3.015126,12.3620166,2.47240332,fixed
94.27629069995601,46,0.8200000000000001,-0.01483736,-2.967472,12.166635200000002,2.43332704,fixed
94.28796159999911,46,0.8200000000000001,-0.01452635,-2.9052700000000002,11.911607000000002,2.3823214000000004,fixed
94.29966359992977,46,0.8200000000000001,-0.01434368,-2.8687359999999997,11.7618176,2.35236352,fixed
94.3112655999139,46,0.8200000000000001,-0.01491426,-2.9828520000000003,12.229693200000002,2.4459386400000005,fixed
94.32304469996598,46,0.8200000000000001,-0.01520736,-3.0414719999999997,12.4700352,2.49400704,fixed
94.33471429999918,46,0.8200000000000001,-0.01507533,-3.015066,12.3617706,2.4723541200000003,fixed
94.34814509993885,47,0.81,-0.01466255,-2.9325099999999997,11.876665500000001,2.3753330999999998,fixed
94.35992359998636,47,0.81,-0.01455125,-2.91025,11.7865125,2.3573025000000003,fixed
94.37167729996145,47,0.81,-0.01523282,-3.0465639999999996,12.338584200000001,2.46771684,fixed
94.38339430000633,47,0.81,-0.01537181,-3.074362,12.451166100000002,2.49023322,fixed
94.39511589996982,47,0.81,-0.01520333,-3.040666,12.3146973,2.46293946,fixed
94.40671429992653,47,0.81,-0.01493447,-2.986894,12.096920700000002,2.41938414,fixed
94.41853609995451,47,0.81,-0.01460379,-2.920758,11.8290699,2.3658139800000004,fixed
94.43029339995701,47,0.81,-0.01463671,-2.9273420000000003,11.8557351,2.3711470200000004,fixed
94.44204190000892,47,0.81,-0.01528626,-3.0572519999999996,12.381870600000001,2.47637412,fixed
94.45382469997276,47,0.81,-0.01535285,-3.07057,12.4358085,2.4871617,fixed
94.46545609994791,47,0.81,-0.01513909,-3.027818,12.2626629,2.45253258,fixed
94.47714019997511,47,0.81,-0.01485566,-2.971132,12.0330846,2.4066169200000003,fixed
94.48887259990443,47,0.81,-0.0145357,-2.90714,11.773917000000003,2.3547834,fixed
94.50062389997765,47,0.81,-0.01477052,-2.954104,11.964121200000001,2.3928242400000004,fixed
94.51228159992024,47,0.81,-0.01534819,-3.069638,12.4320339,2.4864067800000003,fixed
94.52386859990656,47,0.81,-0.01532954,-3.065908,12.416927399999999,2.48338548,fixed
94.53550569992512,47,0.81,-0.0151233,-3.02466,12.249873,2.4499746,fixed
94.54717009991873,47,0.81,-0.01484885,-2.96977,12.027568500000001,2.4055137,fixed
94.55880229989998,47,0.81,-0.01452419,-2.904838,11.7645939,2.35291878,fixed
94.57026559999213,47,0.81,-0.01470748,-2.941496,11.913058800000002,2.38261176,fixed
94.58192399994005,47,0.81,-0.0152633,-3.0526600000000004,12.363273000000001,2.4726546000000003,fixed
94.59365299995989,47,0.81,-0.01535883,-3.071766,12.4406523,2.4881304600000003,fixed
94.60514209989924,47,0.81,-0.01515263,-3.030526,12.2736303,2.45472606,fixed
94.61655849998351,47,0.81,-0.01493399,-2.986798,12.0965319,2.41930638,fixed
94.62797389994375,47,0.81,-0.01465435,-2.93087,11.8700235,2.3740047000000004,fixed
94.63940859993454,47,0.81,-0.01451076,-2.902152,11.753715600000001,2.35074312,fixed
94.65086819999851,47,0.81,-0.01499771,-2.999542,12.1481451,2.42962902,fixed
94.6624800999416,47,0.81,-0.0153519,-3.07038,12.435039,2.4870078,fixed
94.67392089997884,47,0.81,-0.01531977,-3.063954,12.409013700000001,2.48180274,fixed
94.68542799993884,47,0.81,-0.01513658,-3.027316,12.2606298,2.45212596,fixed
94.69706789997872,47,0.81,-0.01487979,-2.975958,12.0526299,2.41052598,fixed
94.70874589995947,47,0.81,-0.01457233,-2.914466,11.803587300000002,2.36071746,fixed
94.72059409995563,47,0.81,-0.01475301,-2.950602,11.9499381,2.3899876200000003,fixed
94.73231819993816,47,0.81,-0.01533551,-3.0671019999999998,12.4217631,2.48435262,fixed
94.74408460000996,47,0.81,-0.01533081,-3.066162,12.4179561,2.48359122,fixed
94.75594569998793,47,0.81,-0.01508362,-3.0167240000000004,12.2177322,2.4435464400000004,fixed
94.76789759995881,47,0.81,-0.01475185,-2.9503700000000004,11.9489985,2.3897997000000006,fixed
94.77963649993762,47,0.81,-0.01451262,-2.902524,11.755222200000002,2.3510444400000003,fixed
94.79155159997754,47,0.81,-0.0150931,-3.01862,12.225411000000001,2.4450822,fixed
94.80333369993605,47,0.81,-0.01537597,-3.0751939999999998,12.4545357,2.49090714,fixed
94.81563139997888,47,0.81,-0.01518601,-3.0372019999999997,12.300668100000001,2.46013362,fixed
94.82785529992543,47,0.81,-0.01477377,-2.9547540000000003,11.9667537,2.3933507400000003,fixed
94.84010699996725,47,0.81,-0.01456966,-2.913932,11.8014246,2.3602849200000002,fixed
94.85211069998331,47,0.81,-0.01528156,-3.0563119999999997,12.3780636,2.47561272,fixed
94.8641854999587,47,0.81,-0.01532791,-3.065582,12.415607100000003,2.4831214200000002,fixed
94.87628769990988,47,0.81,-0.01503628,-3.0072560000000004,12.179386800000001,2.4358773600000005,fixed
94.8882777999388,47,0.81,-0.01465299,-2.930598,11.8689219,2.37378438,fixed
94.90023749996908,47,0.81,-0.01463486,-2.926972,11.8542366,2.37084732,fixed
94.91204289998859,47,0.81,-0.0153136,-3.06272,12.404016,2.4808032000000004,fixed
94.92376929998863,47,0.81,-0.01535139,-3.070278,12.4346259,2.48692518,fixed
94.93536349991336,47,0.81,-0.01514973,-3.029946,12.2712813,2.45425626,fixed
94.94693049998023,47,0.81,-0.014882,-2.9764,12.05442,2.4108840000000002,fixed
94.95845829998143,47,0.81,-0.01458991,-2.917982,11.8178271,2.36356542,fixed
94.97007229994051,47,0.81,-0.01459863,-2.919726,11.8248903,2.36497806,fixed
94.98169659997802,47,0.81,-0.01522775,-3.04555,12.334477500000002,2.4668955,fixed
94.99332359991968,47,0.81,-0.01537738,-3.0754759999999997,12.4556778,2.49113556,fixed
95.00501009996515,47,0.81,-0.01521264,-3.042528,12.322238400000002,2.46444768,fixed
95.01694120001048,47,0.81,-0.0149501,-2.99002,12.109580999999999,2.4219162,fixed
95.02845169999637,47,0.81,-0.01458944,-2.917888,11.817446400000001,2.36348928,fixed
95.04015479993541,47,0.81,-0.01464421,-2.928842,11.8618101,2.37236202,fixed
95.05177639995236,47,0.81,-0.01525057,-3.0501139999999998,12.3529617,2.47059234,fixed
95.06353609997313,47,0.81,-0.01537227,-3.0744540000000002,12.4515387,2.4903077400000004,fixed
95.07524099992588,47,0.81,-0.01518318,-3.036636,12.2983758,2.45967516,fixed
95.08680339995772,47,0.81,-0.01490894,-2.9817880000000003,12.076241400000002,2.4152482800000006,fixed
95.09841470001265,47,0.81,-0.01460862,-2.9217239999999998,11.8329822,2.36659644,fixed
95.11006490001455,47,0.81,-0.01458165,-2.91633,11.811136500000002,2.3622273000000003,fixed
95.12183069996536,47,0.81,-0.0152284,-3.04568,12.335004,2.4670008,fixed
95.1335187999066,47,0.81,-0.01535302,-3.0706040000000003,12.4359462,2.4871892400000006,fixed
95.14543389994651,47,0.81,-0.01515884,-3.031768,12.2786604,2.45573208,fixed
95.15708199993242,47,0.81,-0.01486419,-2.972838,12.0399939,2.4079987800000002,fixed
95.16875849990174,47,0.81,-0.01454198,-2.9083959999999998,11.7790038,2.35580076,fixed
95.1804747999413,47,0.81,-0.01473913,-2.947826,11.9386953,2.3877390600000004,fixed
95.19233749993145,47,0.81,-0.0153169,-3.06338,12.406689,2.4813378000000004,fixed
95.20419319998473,47,0.81,-0.01532096,-3.064192,12.4099776,2.48199552,fixed
95.21595380001236,47,0.81,-0.01507851,-3.015702,12.2135931,2.4427186200000004,fixed
95.227651199908,47,0.81,-0.01476191,-2.952382,11.9571471,2.39142942,fixed
95.23935169994365,47,0.81,-0.01449541,-2.899082,11.741282100000001,2.3482564200000002,fixed
95.25097399996594,47,0.81,-0.0150039,-3.00078,12.153159000000002,2.4306318,fixed
95.2626442000037,47,0.81,-0.01537087,-3.074174,12.4504047,2.4900809400000004,fixed
95.27437929995358,47,0.81,-0.01529714,-3.059428,12.390683400000002,2.47813668,fixed
95.28601089993026,47,0.81,-0.01504866,-3.009732,12.189414600000001,2.4378829200000003,fixed
95.29765419999603,47,0.81,-0.01475993,-2.9519859999999998,11.9555433,2.39110866,fixed
95.30933919991367,47,0.81,-0.01449156,-2.8983119999999998,11.7381636,2.34763272,fixed
95.320983099984,47,0.81,-0.01498759,-2.9975180000000003,12.139947900000001,2.4279895800000006,fixed
95.33273089991417,47,0.81,-0.01537786,-3.075572,12.456066600000002,2.4912133200000004,fixed
95.34443219995592,47,0.81,-0.01528358,-3.056716,12.379699800000001,2.4759399600000003,fixed
95.35612789995503,47,0.81,-0.01505227,-3.010454,12.1923387,2.43846774,fixed
95.36769869993441,47,0.81,-0.01473466,-2.946932,11.935074600000002,2.38701492,fixed
95.37928619992454,47,0.81,-0.01449767,-2.899534,11.743112700000001,2.34862254,fixed
95.39106910000555,47,0.81,-0.01496806,-2.9936119999999997,12.1241286,2.42482572,fixed
95.40270739991684,47,0.81,-0.0153822,-3.0764400000000003,12.459582000000001,2.4919164000000005,fixed
95.41450279997662,47,0.81,-0.01529377,-3.058754,12.3879537,2.47759074,fixed
95.42612299998291,47,0.81,-0.01503756,-3.007512,12.180423600000001,2.43608472,fixed
95.43784789997153,47,0.81,-0.01472639,-2.945278,11.9283759,2.3856751800000002,fixed
95.44944029999897,47,0.81,-0.01450017,-2.900034,11.7451377,2.34902754,fixed
95.46101779991295,47,0.81,-0.01501109,-3.002218,12.1589829,2.4317965800000003,fixed
95.47258229996078,47,0.81,-0.01537853,-3.075706,12.4566093,2.49132186,fixed
95.48437349998858,47,0.81,-0.01530017,-3.060034,12.3931377,2.47862754,fixed
95.49614319996908,47,0.81,-0.01505273,-3.010546,12.192711300000001,2.43854226,fixed
95.50785079994239,47,0.81,-0.01475702,-2.9514039999999997,11.953186200000001,2.3906372399999998,fixed
95.51959249994252,47,0.81,-0.01450151,-2.900302,11.746223100000002,2.34924462,fixed
95.53126289998181,47,0.81,-0.01510407,-3.020814,12.234296700000002,2.44685934,fixed
95.54300399997737,47,0.81,-0.01538314,-3.076628,12.460343400000001,2.49206868,fixed
95.5547156999819,47,0.81,-0.01524677,-3.049354,12.349883700000001,2.4699767400000003,fixed
95.56635310000274,47,0.81,-0.01499202,-2.998404,12.143536200000002,2.42870724,fixed
95.57830119994469,47,0.81,-0.01467091,-2.9341820000000003,11.883437100000002,2.3766874200000006,fixed
95.58995079994202,47,0.81,-0.01459572,-2.919144,11.8225332,2.36450664,fixed
95.60163299995475,47,0.81,-0.01521089,-3.042178,12.3208209,2.46416418,fixed
95.61335829994641,47,0.81,-0.01538122,-3.076244,12.4587882,2.4917576400000003,fixed
95.62511649995577,47,0.81,-0.01518895,-3.03779,12.303049500000002,2.4606099,fixed
95.63659040001221,47,0.81,-0.0149384,-2.98768,12.100104,2.4200208,fixed
95.64836299989838,47,0.81,-0.01463857,-2.927714,11.857241700000001,2.37144834,fixed
95.66007350001018,47,0.81,-0.01463394,-2.9267879999999997,11.853491400000001,2.37069828,fixed
95.67172889993526,47,0.81,-0.01524235,-3.04847,12.346303500000001,2.4692607,fixed
95.68338329996914,47,0.81,-0.01536733,-3.0734660000000003,12.4475373,2.4895074600000004,fixed
95.69498669996392,47,0.81,-0.01521201,-3.042402,12.3217281,2.46434562,fixed
95.70650649990421,47,0.81,-0.01494928,-2.989856,12.108916800000001,2.42178336,fixed
95.71813349996228,47,0.81,-0.01467946,-2.935892,11.890362600000001,2.37807252,fixed
95.72974569990765,47,0.81,-0.01455419,-2.910838,11.7888939,2.3577787800000003,fixed
95.74142879992723,47,0.81,-0.01514764,-3.029528,12.269588400000002,2.45391768,fixed
95.75302679999731,47,0.81,-0.01538901,-3.0778019999999997,12.4650981,2.49301962,fixed
95.76478329999372,47,0.81,-0.01523782,-3.047564,12.3426342,2.46852684,fixed
95.77648259990383,47,0.81,-0.01499626,-2.9992520000000003,12.146970600000001,2.4293941200000004,fixed
95.78828099998645,47,0.81,-0.01464693,-2.929386,11.864013300000002,2.37280266,fixed
95.79994519997854,47,0.81,-0.01457284,-2.914568,11.8040004,2.36080008,fixed
95.81168399995659,47,0.81,-0.01520637,-3.041274,12.317159700000001,2.46343194,fixed
95.82347039994784,47,0.81,-0.01536937,-3.073874,12.449189700000002,2.48983794,fixed
95.83548239991069,47,0.81,-0.01515192,-3.0303839999999997,12.2730552,2.45461104,fixed
95.84715899999719,47,0.81,-0.01484838,-2.9696759999999998,12.0271878,2.4054375599999998,fixed
95.8587221999187,47,0.81,-0.01452844,-2.905688,11.768036400000002,2.3536072800000003,fixed
95.87026879994664,47,0.81,-0.01471819,-2.9436380000000004,11.921733900000001,2.3843467800000004,fixed
95.88175259996206,47,0.81,-0.01528123,-3.056246,12.3777963,2.47555926,fixed
95.89317449997179,47,0.81,-0.01537532,-3.0750640000000002,12.454009200000002,2.4908018400000005,fixed
95.90466239990201,47,0.81,-0.01522979,-3.0459579999999997,12.336129900000001,2.46722598,fixed
95.9161340999417,47,0.81,-0.01501696,-3.003392,12.163737600000001,2.43274752,fixed
95.9275842999341,47,0.81,-0.01474126,-2.948252,11.940420600000001,2.3880841200000003,fixed
95.93905209994409,47,0.81,-0.014503,-2.9006,11.747430000000001,2.349486,fixed
95.95044189994223,47,0.81,-0.01482791,-2.965582,12.010607100000001,2.4021214200000003,fixed
95.96191349998116,47,0.81,-0.01531869,-3.063738,12.4081389,2.48162778,fixed
95.97336209996138,47,0.81,-0.01536908,-3.073816,12.448954800000001,2.48979096,fixed
95.98480009997729,47,0.81,-0.01520954,-3.0419080000000003,12.319727400000001,2.4639454800000005,fixed
95.99622719991021,47,0.81,-0.01498611,-2.997222,12.1387491,2.42774982,fixed
96.00763479992747,47,0.81,-0.0147308,-2.94616,11.931948000000002,2.3863896,fixed
96.01910889998544,47,0.81,-0.01449819,-2.899638,11.743533900000001,2.34870678,fixed
96.03057139995508,47,0.81,-0.01486761,-2.973522,12.042764100000001,2.40855282,fixed
96.04196979990229,47,0.81,-0.01532381,-3.064762,12.412286100000001,2.48245722,fixed
96.0533922999166,47,0.81,-0.01536353,-3.072706,12.4444593,2.4888918600000003,fixed
96.06484249990899,47,0.81,-0.0152046,-3.0409200000000003,12.315726000000002,2.4631452000000005,fixed
96.0762328999117,47,0.81,-0.01498903,-2.9978059999999997,12.141114300000002,2.42822286,fixed
96.08767409995198,47,0.81,-0.01472499,-2.944998,11.927241900000002,2.38544838,fixed
96.09905899991281,47,0.81,-0.01450155,-2.90031,11.7462555,2.3492511000000005,fixed
96.11051419994328,47,0.81,-0.01483586,-2.9671719999999997,12.0170466,2.4034093199999997,fixed
96.12195059994701,47,0.81,-0.01531184,-3.062368,12.402590400000001,2.4805180800000004,fixed
96.13342869991902,47,0.81,-0.01535581,-3.071162,12.4382061,2.4876412200000004,fixed
96.14487979991827,47,0.81,-0.01519095,-3.0381899999999997,12.304669500000001,2.4609339,fixed
96.15632259997074,47,0.81,-0.01497631,-2.995262,12.1308111,2.42616222,fixed
96.1677596999798,47,0.81,-0.01470356,-2.940712,11.9098836,2.38197672,fixed
96.17917449993547,47,0.81,-0.01450025,-2.90005,11.7452025,2.3490405,fixed
96.1905927999178,47,0.81,-0.01489578,-2.979156,12.0655818,2.41311636,fixed
96.20198119990528,47,0.81,-0.01532343,-3.064686,12.411978300000001,2.4823956600000003,fixed
96.21338799991645,47,0.81,-0.01536546,-3.073092,12.446022600000001,2.48920452,fixed
96.22481199994218,47,0.81,-0.01520496,-3.040992,12.316017600000002,2.4632035200000004,fixed
96.2362685999833,47,0.81,-0.01498429,-2.9968580000000005,12.137274900000001,2.4274549800000007,fixed
96.24763279990293,47,0.81,-0.01471877,-2.943754,11.922203700000003,2.3844407400000005,fixed
96.25905639992561,47,0.81,-0.01450285,-2.9005699999999996,11.747308499999999,2.3494617,fixed
96.27044539991766,47,0.81,-0.01483016,-2.966032,12.0124296,2.40248592,fixed
96.28184849990066,47,0.81,-0.01530679,-3.0613580000000002,12.398499900000003,2.4796999800000004,fixed
96.29330379993189,47,0.81,-0.01537566,-3.075132,12.454284600000001,2.49085692,fixed
96.30475179990754,47,0.81,-0.01522012,-3.044024,12.328297200000002,2.46565944,fixed
96.31618369999342,47,0.81,-0.01500349,-3.000698,12.1528269,2.43056538,fixed
96.32762469991576,47,0.81,-0.01473912,-2.9478239999999998,11.9386872,2.38773744,fixed
96.33903949998785,47,0.81,-0.01450464,-2.9009279999999995,11.7487584,2.34975168,fixed
96.35233669995796,48,0.8200000000000001,-0.015196,-3.0392,12.46072,2.492144,fixed
96.36374299996532,48,0.8200000000000001,-0.0151585,-3.0317,12.42997,2.4859940000000003,fixed
96.37516970001161,48,0.8200000000000001,-0.01498386,-2.996772,12.286765200000001,2.45735304,fixed
96.38660189998336,48,0.8200000000000001,-0.0147444,-2.94888,12.090408,2.4180816000000003,fixed
96.39797479996923,48,0.8200000000000001,-0.01448428,-2.896856,11.8771096,2.3754219200000004,fixed
96.4093700000085,48,0.8200000000000001,-0.01433769,-2.867538,11.756905800000002,2.3513811600000003,fixed
96.42077139997855,48,0.8200000000000001,-0.01479399,-2.958798,12.1310718,2.42621436,fixed
96.43215709994547,48,0.8200000000000001,-0.0151823,-3.03646,12.449486,2.4898972,fixed
96.44358879991341,48,0.8200000000000001,-0.0151689,-3.03378,12.438498000000001,2.4876996000000005,fixed
96.45500789990183,48,0.8200000000000001,-0.01500312,-3.0006239999999997,12.302558400000002,2.4605116799999998,fixed
96.46642630000133,48,0.8200000000000001,-0.01478291,-2.956582,12.1219862,2.4243972400000002,fixed
96.47782379994169,48,0.8200000000000001,-0.01451761,-2.9035219999999997,11.904440200000002,2.38088804,fixed
96.48931209999137,48,0.8200000000000001,-0.01432177,-2.8643539999999996,11.7438514,2.3487702799999997,fixed
96.50075199990533,48,0.8200000000000001,-0.01478522,-2.9570440000000002,12.123880400000001,2.4247760800000004,fixed
96.51222949998919,48,0.8200000000000001,-0.01517583,-3.035166,12.444180600000001,2.48883612,fixed
96.52372659998946,48,0.8200000000000001,-0.01515994,-3.031988,12.431150800000001,2.4862301600000003,fixed
96.53525949991308,48,0.8200000000000001,-0.01496952,-2.9939039999999997,12.275006400000002,2.45500128,fixed
96.5466441999888,48,0.8200000000000001,-0.01475889,-2.951778,12.102289800000001,2.4204579600000002,fixed
96.55825759994332,48,0.8200000000000001,-0.01445463,-2.890926,11.8527966,2.37055932,fixed
96.5697777000023,48,0.8200000000000001,-0.01440545,-2.88109,11.812469,2.3624938,fixed
96.58125539997127,48,0.8200000000000001,-0.01497772,-2.9955439999999998,12.2817304,2.45634608,fixed
96.59267469996121,48,0.8200000000000001,-0.01521421,-3.0428420000000003,12.4756522,2.4951304400000005,fixed
96.60409869998693,48,0.8200000000000001,-0.01512426,-3.024852,12.401893200000002,2.48037864,fixed
96.61553899990395,48,0.8200000000000001,-0.01494079,-2.988158,12.251447800000001,2.45028956,fixed
96.62700440001208,48,0.8200000000000001,-0.01468491,-2.936982,12.041626200000001,2.4083252400000004,fixed
96.63842560001649,48,0.8200000000000001,-0.01440694,-2.8813880000000003,11.8136908,2.3627381600000006,fixed
96.64982379996218,48,0.8200000000000001,-0.01443423,-2.886846,11.8360686,2.36721372,fixed
96.66125769994687,48,0.8200000000000001,-0.0149819,-2.99638,12.285158000000001,2.4570316,fixed
96.67274029995315,48,0.8200000000000001,-0.01521852,-3.043704,12.4791864,2.4958372800000004,fixed
96.68416959990282,48,0.8200000000000001,-0.01511711,-3.023422,12.3960302,2.47920604,fixed
96.69557799992617,48,0.8200000000000001,-0.01492624,-2.985248,12.2395168,2.44790336,fixed
96.70700549997855,48,0.8200000000000001,-0.01467753,-2.9355059999999997,12.0355746,2.40711492,fixed
96.71842629997991,48,0.8200000000000001,-0.01439813,-2.879626,11.8064666,2.36129332,fixed
96.72982749994844,48,0.8200000000000001,-0.01441219,-2.882438,11.817995800000002,2.36359916,fixed
96.74124809994828,48,0.8200000000000001,-0.01496052,-2.992104,12.267626400000001,2.45352528,fixed
96.75268709997181,48,0.8200000000000001,-0.01520358,-3.0407159999999998,12.466935600000001,2.49338712,fixed
96.76409239997156,48,0.8200000000000001,-0.0151131,-3.0226200000000003,12.392742000000002,2.4785484000000007,fixed
96.77547709993087,48,0.8200000000000001,-0.01493049,-2.9860979999999997,12.2430018,2.44860036,fixed
96.78687939990778,48,0.8200000000000001,-0.01469114,-2.938228,12.0467348,2.40934696,fixed
96.79828240000643,48,0.8200000000000001,-0.01442619,-2.885238,11.8294758,2.3658951600000004,fixed
96.80965589999687,48,0.8200000000000001,-0.01440091,-2.880182,11.808746200000002,2.3617492400000004,fixed
96.82104219996836,48,0.8200000000000001,-0.014918,-2.9836,12.232760000000003,2.446552,fixed
96.83242310001515,48,0.8200000000000001,-0.01520156,-3.0403119999999997,12.4652792,2.49305584,fixed
96.84378160000779,48,0.8200000000000001,-0.01514008,-3.028016,12.414865600000002,2.48297312,fixed
96.85524720000103,48,0.8200000000000001,-0.01498086,-2.996172,12.284305200000002,2.45686104,fixed
96.86696649994701,48,0.8200000000000001,-0.01470906,-2.9418119999999996,12.061429200000001,2.41228584,fixed
96.87874489999376,48,0.8200000000000001,-0.01436311,-2.8726220000000002,11.777750200000002,2.3555500400000002,fixed
96.89060889999382,48,0.8200000000000001,-0.01459624,-2.919248,11.968916800000002,2.39378336,fixed
96.90250729990657,48,0.8200000000000001,-0.01519422,-3.038844,12.4592604,2.49185208,fixed
96.9142880999716,48,0.8200000000000001,-0.01511845,-3.02369,12.397129000000001,2.4794258000000005,fixed
96.92577019997407,48,0.8200000000000001,-0.01489375,-2.9787500000000002,12.212875000000002,2.442575,fixed
96.93737890000921,48,0.8200000000000001,-0.01464365,-2.92873,12.007793000000001,2.4015586,fixed
96.94896469998639,48,0.8200000000000001,-0.01433031,-2.8660620000000003,11.750854200000001,2.3501708400000005,fixed
96.96058549999725,48,0.8200000000000001,-0.01468626,-2.937252,12.0427332,2.40854664,fixed
96.972275899956,48,0.8200000000000001,-0.01517529,-3.035058,12.443737800000001,2.48874756,fixed
96.98390089999884,48,0.8200000000000001,-0.0151557,-3.0311399999999997,12.427674,2.4855348,fixed
96.99538500001654,48,0.8200000000000001,-0.01495681,-2.9913619999999996,12.2645842,2.45291684,fixed
97.00693779997528,48,0.8200000000000001,-0.01470265,-2.94053,12.056173,2.4112346000000002,fixed
97.01851249998435,48,0.8200000000000001,-0.01441096,-2.8821920000000003,11.816987200000002,2.3633974400000004,fixed
97.03009819996078,48,0.8200000000000001,-0.01446996,-2.893992,11.865367200000001,2.37307344,fixed
97.04182679997757,48,0.8200000000000001,-0.01509334,-3.018668,12.376538800000002,2.47530776,fixed
97.05335629999172,48,0.8200000000000001,-0.01519086,-3.0381720000000003,12.4565052,2.4913010400000006,fixed
97.06491700001061,48,0.8200000000000001,-0.01502319,-3.0046380000000004,12.3190158,2.4638031600000003,fixed
97.0766804999439,48,0.8200000000000001,-0.01476096,-2.952192,12.1039872,2.4207974400000003,fixed
97.0884941999102,48,0.8200000000000001,-0.01444691,-2.8893820000000003,11.8464662,2.3692932400000006,fixed
97.10025679995306,48,0.8200000000000001,-0.01451489,-2.902978,11.902209800000003,2.38044196,fixed
97.11190639995039,48,0.8200000000000001,-0.01511804,-3.023608,12.3967928,2.47935856,fixed
97.12367519992404,48,0.8200000000000001,-0.01517619,-3.035238,12.444475800000003,2.48889516,fixed
97.13536239997484,48,0.8200000000000001,-0.01497461,-2.994922,12.279180199999999,2.45583604,fixed
97.14701409998816,48,0.8200000000000001,-0.01468276,-2.936552,12.039863200000001,2.40797264,fixed
97.1586118999403,48,0.8200000000000001,-0.01437421,-2.874842,11.786852200000002,2.3573704400000004,fixed
97.17026589997113,48,0.8200000000000001,-0.01452523,-2.905046,11.9106886,2.3821377200000002,fixed
97.18196720001288,48,0.8200000000000001,-0.01511617,-3.023234,12.3952594,2.47905188,fixed
97.19360379991122,48,0.8200000000000001,-0.01518049,-3.036098,12.4480018,2.4896003600000003,fixed
97.20528569992166,48,0.8200000000000001,-0.01498921,-2.997842,12.2911522,2.45823044,fixed
97.21693349990528,48,0.8200000000000001,-0.01471008,-2.9420159999999997,12.062265600000002,2.41245312,fixed
97.2286547999829,48,0.8200000000000001,-0.01438305,-2.87661,11.794101000000001,2.3588202000000003,fixed
97.24027820001356,48,0.8200000000000001,-0.01454814,-2.909628,11.929474800000001,2.3858949600000003,fixed
97.2518340999959,48,0.8200000000000001,-0.01512222,-3.024444,12.400220400000002,2.4800440800000003,fixed
97.26354909990914,48,0.8200000000000001,-0.01518705,-3.0374100000000004,12.453381000000002,2.4906762000000007,fixed
97.27502850000747,48,0.8200000000000001,-0.01500556,-3.001112,12.3045592,2.46091184,fixed
97.2867421999108,48,0.8200000000000001,-0.01474712,-2.949424,12.092638400000002,2.4185276800000004,fixed
97.29847709997557,48,0.8200000000000001,-0.01442783,-2.885566,11.830820600000001,2.36616412,fixed
97.31009559996892,48,0.8200000000000001,-0.0144847,-2.89694,11.877454,2.3754908,fixed
97.32172259991057,48,0.8200000000000001,-0.01508712,-3.017424,12.371438400000002,2.47428768,fixed
97.33330139995087,48,0.8200000000000001,-0.01519341,-3.038682,12.4585962,2.49171924,fixed
97.34492639999371,48,0.8200000000000001,-0.01502287,-3.0045740000000003,12.318753400000002,2.4637506800000004,fixed
97.35663970001042,48,0.8200000000000001,-0.01477041,-2.954082,12.111736200000001,2.42234724,fixed
97.36821639991831,48,0.8200000000000001,-0.01444136,-2.8882719999999997,11.8419152,2.36838304,fixed
97.3798409999581,48,0.8200000000000001,-0.01440854,-2.8817079999999997,11.8150028,2.36300056,fixed
97.39147209993098,48,0.8200000000000001,-0.01503272,-3.006544,12.3268304,2.46536608,fixed
97.403229599935,48,0.8200000000000001,-0.01519955,-3.03991,12.463631000000001,2.4927262,fixed
97.41491279995535,48,0.8200000000000001,-0.01504262,-3.008524,12.3349484,2.46698968,fixed
97.4266295999987,48,0.8200000000000001,-0.01478177,-2.956354,12.1210514,2.4242102800000005,fixed
97.43832399998792,48,0.8200000000000001,-0.01445438,-2.8908759999999996,11.8525916,2.37051832,fixed
97.45009299996309,48,0.8200000000000001,-0.01445154,-2.890308,11.850262800000001,2.3700525600000004,fixed
97.46191279997583,48,0.8200000000000001,-0.01508995,-3.01799,12.373759,2.4747518000000004,fixed
97.47360229992773,48,0.8200000000000001,-0.01518436,-3.036872,12.451175200000002,2.49023504,fixed
97.48528369993437,48,0.8200000000000001,-0.01498458,-2.996916,12.287355600000001,2.45747112,fixed
97.49703979992773,48,0.8200000000000001,-0.01470585,-2.94117,12.058797000000002,2.4117594,fixed
97.50872639997397,48,0.8200000000000001,-0.01438386,-2.876772,11.7947652,2.3589530400000003,fixed
97.52039109996986,48,0.8200000000000001,-0.01460248,-2.920496,11.9740336,2.39480672,fixed
97.53217069990933,48,0.8200000000000001,-0.01515769,-3.0315380000000003,12.4293058,2.4858611600000002,fixed
97.54387339996174,48,0.8200000000000001,-0.01515966,-3.0319320000000003,12.4309212,2.4861842400000005,fixed
97.55555489996914,48,0.8200000000000001,-0.01495916,-2.991832,12.266511200000002,2.45330224,fixed
97.56715009990148,48,0.8200000000000001,-0.01465911,-2.931822,12.020470200000002,2.40409404,fixed
97.57867229997646,48,0.8200000000000001,-0.01436328,-2.872656,11.7778896,2.3555779200000004,fixed
97.5902674999088,48,0.8200000000000001,-0.01453931,-2.907862,11.922234200000002,2.3844468400000003,fixed
97.60192639997695,48,0.8200000000000001,-0.01513653,-3.0273060000000003,12.411954600000001,2.4823909200000003,fixed
97.6137259999523,48,0.8200000000000001,-0.01517183,-3.034366,12.440900600000003,2.48818012,fixed
97.62537689995952,48,0.8200000000000001,-0.01496548,-2.993096,12.2716936,2.45433872,fixed
97.63706559990533,48,0.8200000000000001,-0.01469045,-2.93809,12.046169,2.4092338,fixed
97.64869609999005,48,0.8200000000000001,-0.0143624,-2.8724800000000004,11.777168000000001,2.3554336000000005,fixed
97.66034259996377,48,0.8200000000000001,-0.01456685,-2.9133699999999996,11.944817,2.3889633999999997,fixed
97.67197139991913,48,0.8200000000000001,-0.01514535,-3.02907,12.419187,2.4838374,fixed
97.68343299999833,48,0.8200000000000001,-0.01517622,-3.035244,12.4445004,2.48890008,fixed
97.69501579995267,48,0.8200000000000001,-0.01502743,-3.005486,12.3224926,2.4644985200000002,fixed
97.70661200000905,48,0.8200000000000001,-0.01475382,-2.9507640000000004,12.0981324,2.4196264800000007,fixed
97.7182407999644,48,0.8200000000000001,-0.01446433,-2.8928659999999997,11.860750600000001,2.37215012,fixed
97.72985509992577,48,0.8200000000000001,-0.01441811,-2.883622,11.8228502,2.3645700400000003,fixed
97.74142540001776,48,0.8200000000000001,-0.01503573,-3.007146,12.329298600000001,2.46585972,fixed
97.75291459995788,48,0.8200000000000001,-0.01521309,-3.042618,12.474733800000003,2.4949467600000004,fixed
97.76458859990817,48,0.8200000000000001,-0.01507673,-3.015346,12.362918600000002,2.4725837200000003,fixed
97.77618159994017,48,0.8200000000000001,-0.01483413,-2.966826,12.163986600000001,2.43279732,fixed
97.78792949998751,48,0.8200000000000001,-0.01452542,-2.905084,11.910844400000002,2.38216888,fixed
97.79960529995151,48,0.8200000000000001,-0.01434915,-2.86983,11.766303,2.3532606,fixed
97.81134569994174,48,0.8200000000000001,-0.01494706,-2.989412,12.2565892,2.45131784,fixed
97.82333539996762,48,0.8200000000000001,-0.01519688,-3.039376,12.4614416,2.49228832,fixed
97.83524399995804,48,0.8200000000000001,-0.01501767,-3.003534,12.314489400000001,2.4628978800000003,fixed
97.84709809999913,48,0.8200000000000001,-0.01467398,-2.934796,12.0326636,2.40653272,fixed
97.85898629995063,48,0.8200000000000001,-0.01435599,-2.871198,11.771911800000002,2.3543823600000002,fixed
97.87077279994264,48,0.8200000000000001,-0.01476714,-2.9534279999999997,12.109054800000001,2.4218109599999997,fixed
97.88247179996688,48,0.8200000000000001,-0.01519782,-3.039564,12.462212400000002,2.4924424800000002,fixed
97.89395029994193,48,0.8200000000000001,-0.0151346,-3.0269199999999996,12.410372,2.4820743999999997,fixed
97.90540479996707,48,0.8200000000000001,-0.01493872,-2.987744,12.249750400000002,2.4499500800000003,fixed
97.91692789993249,48,0.8200000000000001,-0.01469574,-2.9391480000000003,12.0505068,2.4101013600000005,fixed
97.92833709996194,48,0.8200000000000001,-0.01439554,-2.879108,11.8043428,2.36086856,fixed
97.94003329996485,48,0.8200000000000001,-0.01445477,-2.890954,11.8529114,2.37058228,fixed
97.95161340001505,48,0.8200000000000001,-0.01508471,-3.016942,12.369462200000001,2.47389244,fixed
97.96312639990356,48,0.8200000000000001,-0.01520178,-3.040356,12.4654596,2.4930919200000003,fixed
97.9746949999826,48,0.8200000000000001,-0.01504698,-3.0093959999999997,12.3385236,2.46770472,fixed
97.98639709991403,48,0.8200000000000001,-0.0147994,-2.95988,12.135508000000002,2.4271016000000003,fixed
97.9981717999326,48,0.8200000000000001,-0.01450424,-2.900848,11.8934768,2.37869536,fixed
98.01005809998605,48,0.8200000000000001,-0.01444057,-2.888114,11.841267400000001,2.36825348,fixed
98.02218410000205,48,0.8200000000000001,-0.01515396,-3.030792,12.4262472,2.48524944,fixed
98.03401770000346,48,0.8200000000000001,-0.01515029,-3.030058,12.4232378,2.48464756,fixed
98.0458951999899,48,0.8200000000000001,-0.01490324,-2.980648,12.2206568,2.44413136,fixed
98.05768109997734,48,0.8200000000000001,-0.01457669,-2.9153379999999998,11.9528858,2.39057716,fixed
98.06961479992606,48,0.8200000000000001,-0.01433298,-2.8665960000000004,11.7530436,2.3506087200000003,fixed
98.08161789993756,48,0.8200000000000001,-0.01506292,-3.012584,12.3515944,2.47031888,fixed
98.09326509991661,48,0.8200000000000001,-0.01520339,-3.040678,12.466779800000001,2.49335596,fixed
98.10485849995166,48,0.8200000000000001,-0.01501649,-3.003298,12.313521800000002,2.46270436,fixed
98.11652779998258,48,0.8200000000000001,-0.01478577,-2.957154,12.1243314,2.4248662800000003,fixed
98.12798569991719,48,0.8200000000000001,-0.01447975,-2.89595,11.873395,2.374679,fixed
98.13965959998313,48,0.8200000000000001,-0.01436938,-2.873876,11.7828916,2.35657832,fixed
98.15124669997022,48,0.8200000000000001,-0.01496299,-2.992598,12.269651800000002,2.45393036,fixed
98.16288329998497,48,0.8200000000000001,-0.01521707,-3.043414,12.4779974,2.49559948,fixed
98.17438199999742,48,0.8200000000000001,-0.01509278,-3.018556,12.3760796,2.47521592,fixed
98.18588959996123,48,0.8200000000000001,-0.01486916,-2.973832,12.192711200000002,2.43854224,fixed
98.19751109997742,48,0.8200000000000001,-0.01460623,-2.921246,11.977108600000001,2.3954217200000003,fixed
98.209052399965,48,0.8200000000000001,-0.01432548,-2.8650960000000003,11.7468936,2.3493787200000003,fixed
98.22077159991022,48,0.8200000000000001,-0.01472696,-2.945392,12.076107200000001,2.4152214400000003,fixed
98.23280859994702,48,0.8200000000000001,-0.01521909,-3.043818,12.479653800000001,2.4959307600000002,fixed
98.2450630000094,48,0.8200000000000001,-0.01505168,-3.0103359999999997,12.3423776,2.46847552,fixed
98.25676789996214,48,0.8200000000000001,-0.01473335,-2.94667,12.081347000000001,2.4162694000000005,fixed
98.26861159992404,48,0.8200000000000001,-0.01437899,-2.875798,11.7907718,2.3581543600000003,fixed
98.28043639997486,48,0.8200000000000001,-0.0145492,-2.90984,11.930344,2.3860688000000003,fixed
98.29246599995531,48,0.8200000000000001,-0.01518595,-3.03719,12.452479,2.4904958,fixed
98.30437969998457,48,0.8200000000000001,-0.01511012,-3.022024,12.3902984,2.4780596800000003,fixed
98.31636269995943,48,0.8200000000000001,-0.01483485,-2.96697,12.164577000000001,2.4329154,fixed
98.32829939993098,48,0.8200000000000001,-0.01446821,-2.8936420000000003,11.8639322,2.3727864400000005,fixed
98.34024119994137,48,0.8200000000000001,-0.01450942,-2.901884,11.897724400000001,2.37954488,fixed
98.35419669991825,49,0.8300000000000001,-0.01493381,-2.986762,12.395062300000001,2.4790124600000003,fixed
98.36584039998706,49,0.8300000000000001,-0.01469619,-2.939238,12.197837700000001,2.43956754,fixed
98.37736299994867,49,0.8300000000000001,-0.01440286,-2.880572,11.9543738,2.39087476,fixed
98.38888250000309,49,0.8300000000000001,-0.01413137,-2.826274,11.729037100000001,2.3458074200000003,fixed
98.40056509990245,49,0.8300000000000001,-0.0144398,-2.88796,11.985034,2.3970068,fixed
98.4120578999864,49,0.8300000000000001,-0.01498794,-2.997588,12.4399902,2.4879980400000004,fixed
98.42356009990908,49,0.8300000000000001,-0.0149784,-2.9956799999999997,12.432072,2.4864144,fixed
98.43516739993356,49,0.8300000000000001,-0.01478531,-2.9570619999999996,12.2718073,2.45436146,fixed
98.44679219997488,49,0.8300000000000001,-0.01452985,-2.90597,12.0597755,2.4119551,fixed
98.4582738999743,49,0.8300000000000001,-0.01424024,-2.848048,11.819399200000001,2.36387984,fixed
98.46985829994082,49,0.8300000000000001,-0.01422802,-2.845604,11.8092566,2.36185132,fixed
98.48142149997875,49,0.8300000000000001,-0.01485396,-2.970792,12.3287868,2.46575736,fixed
98.49298619991168,49,0.8300000000000001,-0.01501598,-3.003196,12.4632634,2.4926526800000004,fixed
98.50455059995875,49,0.8300000000000001,-0.01487612,-2.975224,12.3471796,2.46943592,fixed
98.51620650000405,49,0.8300000000000001,-0.01463101,-2.926202,12.143738300000003,2.42874766,fixed
98.52789659996051,49,0.8300000000000001,-0.01432675,-2.86535,11.8912025,2.3782405,fixed
98.53948619996663,49,0.8300000000000001,-0.01415562,-2.831124,11.749164600000002,2.3498329200000003,fixed
98.55112449999433,49,0.8300000000000001,-0.01472353,-2.944706,12.2205299,2.4441059800000002,fixed
98.56274889991619,49,0.8300000000000001,-0.0150044,-3.0008799999999995,12.453652,2.4907304,fixed
98.57412979996298,49,0.8300000000000001,-0.01489814,-2.9796280000000004,12.3654562,2.4730912400000005,fixed
98.58570319996215,49,0.8300000000000001,-0.01469811,-2.939622,12.1994313,2.43988626,fixed
98.59731949993875,49,0.8300000000000001,-0.01443405,-2.88681,11.980261500000001,2.3960523000000005,fixed
98.60871089994907,49,0.8300000000000001,-0.01413224,-2.826448,11.729759200000002,2.34595184,fixed
98.62033659999724,49,0.8300000000000001,-0.01436659,-2.8733180000000003,11.924269700000002,2.3848539400000006,fixed
98.63203609990887,49,0.8300000000000001,-0.01495642,-2.991284,12.4138286,2.48276572,fixed
98.64350359991658,49,0.8300000000000001,-0.01497574,-2.995148,12.4298642,2.48597284,fixed
98.65493659989443,49,0.8300000000000001,-0.01480495,-2.9609900000000002,12.288108500000002,2.4576217000000002,fixed
98.66650839999784,49,0.8300000000000001,-0.01456367,-2.912734,12.087846100000002,2.4175692200000003,fixed
98.67791359999683,49,0.8300000000000001,-0.01427889,-2.855778,11.851478700000001,2.37029574,fixed
98.68945750000421,49,0.8300000000000001,-0.01415294,-2.8305879999999997,11.746940200000001,2.34938804,fixed
98.70091769995634,49,0.8300000000000001,-0.01469729,-2.939458,12.1987507,2.43975014,fixed
98.71233839995693,49,0.8300000000000001,-0.01500572,-3.001144,12.454747600000001,2.49094952,fixed
98.72379989991896,49,0.8300000000000001,-0.01494193,-2.988386,12.401801900000002,2.4803603800000005,fixed
98.73537349991966,49,0.8300000000000001,-0.01476064,-2.952128,12.251331200000001,2.4502662400000004,fixed
98.74700689991005,49,0.8300000000000001,-0.01448744,-2.897488,12.024575200000001,2.40491504,fixed
98.7586381000001,49,0.8300000000000001,-0.01417046,-2.8340919999999996,11.7614818,2.35229636,fixed
98.77022249996662,49,0.8300000000000001,-0.01435002,-2.870004,11.910516600000001,2.3821033200000006,fixed
98.78168639994692,49,0.8300000000000001,-0.01492171,-2.984342,12.385019300000002,2.47700386,fixed
98.79331459989771,49,0.8300000000000001,-0.01499826,-2.999652,12.448555800000001,2.4897111600000006,fixed
98.80501919996459,49,0.8300000000000001,-0.01480785,-2.9615699999999996,12.2905155,2.4581030999999998,fixed
98.81664569990244,49,0.8300000000000001,-0.01454721,-2.909442,12.0741843,2.4148368600000003,fixed
98.82816659996752,49,0.8300000000000001,-0.01425303,-2.850606,11.830014900000002,2.36600298,fixed
98.83980149996933,49,0.8300000000000001,-0.01420685,-2.84137,11.791685500000002,2.3583371,fixed
98.8516214999836,49,0.8300000000000001,-0.01485803,-2.971606,12.3321649,2.46643298,fixed
98.86345740000252,49,0.8300000000000001,-0.01498934,-2.997868,12.441152200000001,2.48823044,fixed
98.87540679995436,49,0.8300000000000001,-0.0148031,-2.9606199999999996,12.286573,2.4573145999999997,fixed
98.88710029993672,49,0.8300000000000001,-0.0144758,-2.89516,12.014914000000001,2.4029828,fixed
98.89869249996264,49,0.8300000000000001,-0.01415928,-2.8318559999999997,11.752202400000002,2.35044048,fixed
98.9101890999591,49,0.8300000000000001,-0.01437712,-2.8754239999999998,11.9330096,2.38660192,fixed
98.92164959991351,49,0.8300000000000001,-0.01491099,-2.982198,12.3761217,2.47522434,fixed
98.93330289993901,49,0.8300000000000001,-0.01500265,-3.00053,12.4521995,2.4904399,fixed
98.94482029997744,49,0.8300000000000001,-0.01481779,-2.963558,12.298765700000002,2.45975314,fixed
98.95624259999022,49,0.8300000000000001,-0.01458799,-2.917598,12.108031700000002,2.4216063400000003,fixed
98.96773279993795,49,0.8300000000000001,-0.01433284,-2.866568,11.8962572,2.37925144,fixed
98.97931189998053,49,0.8300000000000001,-0.01413258,-2.8265160000000003,11.730041400000001,2.3460082800000004,fixed
98.9908723999979,49,0.8300000000000001,-0.0146416,-2.92832,12.152528,2.4305056,fixed
99.00253009994049,49,0.8300000000000001,-0.01501126,-3.002252,12.459345800000001,2.4918691600000002,fixed
99.01408959995024,49,0.8300000000000001,-0.01492264,-2.984528,12.385791200000002,2.47715824,fixed
99.02580929989927,49,0.8300000000000001,-0.0147015,-2.9402999999999997,12.202245000000001,2.440449,fixed
99.0372950999299,49,0.8300000000000001,-0.01440644,-2.881288,11.9573452,2.39146904,fixed
99.04891699994914,49,0.8300000000000001,-0.0141309,-2.82618,11.728647000000002,2.3457294,fixed
99.06046569999307,49,0.8300000000000001,-0.01449015,-2.89803,12.026824500000002,2.4053649,fixed
99.07201829995029,49,0.8300000000000001,-0.01497992,-2.995984,12.433333600000003,2.48666672,fixed
99.08369939995464,49,0.8300000000000001,-0.0149668,-2.99336,12.422444,2.4844888000000003,fixed
99.09533509996254,49,0.8300000000000001,-0.01475817,-2.951634,12.249281100000001,2.44985622,fixed
99.10698419995606,49,0.8300000000000001,-0.01449273,-2.898546,12.028965900000001,2.4057931800000003,fixed
99.1188727999106,49,0.8300000000000001,-0.01414684,-2.829368,11.741877200000003,2.3483754400000003,fixed
99.13053559989203,49,0.8300000000000001,-0.01448529,-2.897058,12.022790700000002,2.4045581400000002,fixed
99.1422704999568,49,0.8300000000000001,-0.01499039,-2.998078,12.4420237,2.4884047400000004,fixed
99.15394279989414,49,0.8300000000000001,-0.01495486,-2.990972,12.412533800000002,2.48250676,fixed
99.1658763999585,49,0.8300000000000001,-0.01470691,-2.941382,12.2067353,2.44134706,fixed
99.1776389000006,49,0.8300000000000001,-0.0143702,-2.87404,11.927266000000001,2.3854532,fixed
99.18927420000546,49,0.8300000000000001,-0.01412084,-2.8241680000000002,11.720297200000003,2.3440594400000005,fixed
99.20093839999754,49,0.8300000000000001,-0.01466491,-2.932982,12.171875300000002,2.4343750600000003,fixed
99.21257049997803,49,0.8300000000000001,-0.015014,-3.0027999999999997,12.461620000000002,2.492324,fixed
99.22438289993443,49,0.8300000000000001,-0.01488984,-2.9779679999999997,12.3585672,2.47171344,fixed
99.23628779989667,49,0.8300000000000001,-0.01464438,-2.928876,12.154835400000001,2.43096708,fixed
99.24811059993226,49,0.8300000000000001,-0.01426808,-2.853616,11.842506400000001,2.3685012800000003,fixed
99.25994859996717,49,0.8300000000000001,-0.01423587,-2.847174,11.8157721,2.3631544200000003,fixed
99.27169679990038,49,0.8300000000000001,-0.0149081,-2.9816200000000004,12.373723000000002,2.4747446000000006,fixed
99.28350469993893,49,0.8300000000000001,-0.01498154,-2.996308,12.4346782,2.48693564,fixed
99.29564379993826,49,0.8300000000000001,-0.01476579,-2.953158,12.255605700000002,2.45112114,fixed
99.30768079997506,49,0.8300000000000001,-0.0143563,-2.8712600000000004,11.915729000000002,2.3831458000000003,fixed
99.31952399993315,49,0.8300000000000001,-0.01414231,-2.828462,11.7381173,2.3476234600000003,fixed
99.33129269990604,49,0.8300000000000001,-0.0147878,-2.95756,12.273874000000001,2.4547748,fixed
99.34310479997657,49,0.8300000000000001,-0.01500787,-3.0015739999999997,12.4565321,2.49130642,fixed
99.35498879989609,49,0.8300000000000001,-0.01481622,-2.963244,12.297462600000001,2.4594925200000004,fixed
99.36681459995452,49,0.8300000000000001,-0.01450429,-2.900858,12.038560700000001,2.40771214,fixed
99.37865659990348,49,0.8300000000000001,-0.01417404,-2.8348079999999998,11.764453200000002,2.35289064,fixed
99.39064859994687,49,0.8300000000000001,-0.01447446,-2.894892,12.013801800000001,2.4027603600000003,fixed
99.40256399998907,49,0.8300000000000001,-0.01500103,-3.000206,12.450854900000001,2.4901709800000003,fixed
99.41451119992416,49,0.8300000000000001,-0.01489589,-2.979178,12.363588700000001,2.47271774,fixed
99.42627509997692,49,0.8300000000000001,-0.01460256,-2.920512,12.120124800000001,2.42402496,fixed
99.4379745000042,49,0.8300000000000001,-0.01428984,-2.857968,11.860567200000002,2.37211344,fixed
99.44988669990562,49,0.8300000000000001,-0.01421365,-2.84273,11.7973295,2.3594659,fixed
99.46180879999883,49,0.8300000000000001,-0.01490081,-2.980162,12.367672300000002,2.47353446,fixed
99.47364599991124,49,0.8300000000000001,-0.01497736,-2.9954720000000004,12.4312088,2.4862417600000004,fixed
99.4854900999926,49,0.8300000000000001,-0.01475176,-2.9503519999999996,12.2439608,2.44879216,fixed
99.49741099996027,49,0.8300000000000001,-0.01443229,-2.886458,11.978800700000003,2.39576014,fixed
99.5092664998956,49,0.8300000000000001,-0.01412903,-2.825806,11.727094900000003,2.3454189800000003,fixed
99.52116049989127,49,0.8300000000000001,-0.01470214,-2.940428,12.2027762,2.44055524,fixed
99.53293339989614,49,0.8300000000000001,-0.01499998,-2.999996,12.4499834,2.48999668,fixed
99.54457329993602,49,0.8300000000000001,-0.01485599,-2.9711980000000002,12.3304717,2.4660943400000006,fixed
99.55625049991067,49,0.8300000000000001,-0.0146003,-2.9200600000000003,12.118249,2.4236498000000006,fixed
99.56801519996952,49,0.8300000000000001,-0.01428093,-2.856186,11.853171900000001,2.3706343800000003,fixed
99.5801357999444,49,0.8300000000000001,-0.01420547,-2.841094,11.7905401,2.3581080200000004,fixed
99.59197249996942,49,0.8300000000000001,-0.01495416,-2.990832,12.4119528,2.4823905600000002,fixed
99.60374109994154,49,0.8300000000000001,-0.01497179,-2.994358,12.4265857,2.4853171400000003,fixed
99.61544989992399,49,0.8300000000000001,-0.01474964,-2.949928,12.2422012,2.44844024,fixed
99.62725949997548,49,0.8300000000000001,-0.01444326,-2.8886519999999996,11.9879058,2.3975811599999997,fixed
99.63910819997545,49,0.8300000000000001,-0.01412871,-2.825742,11.7268293,2.3453658600000002,fixed
99.65098659996875,49,0.8300000000000001,-0.01470948,-2.9418960000000003,12.208868400000002,2.4417736800000003,fixed
99.66267190000508,49,0.8300000000000001,-0.01501749,-3.003498,12.4645167,2.4929033400000002,fixed
99.67450099997222,49,0.8300000000000001,-0.01488333,-2.9766660000000003,12.353163900000002,2.4706327800000003,fixed
99.68616329994984,49,0.8300000000000001,-0.01462298,-2.924596,12.137073400000002,2.4274146800000005,fixed
99.69781309994869,49,0.8300000000000001,-0.01432328,-2.864656,11.888322400000002,2.3776644800000004,fixed
99.70946799998637,49,0.8300000000000001,-0.01415464,-2.8309279999999997,11.7483512,2.34967024,fixed
99.72113560000435,49,0.8300000000000001,-0.01475902,-2.951804,12.2499866,2.4499973200000005,fixed
99.73257559991907,49,0.8300000000000001,-0.01501947,-3.003894,12.466160100000002,2.49323202,fixed
99.74404089991003,49,0.8300000000000001,-0.01492038,-2.984076,12.383915400000001,2.47678308,fixed
99.75552239990793,49,0.8300000000000001,-0.01470459,-2.940918,12.204809700000002,2.44096194,fixed
99.76719299994875,49,0.8300000000000001,-0.01444463,-2.888926,11.989042900000001,2.3978085800000004,fixed
99.77864229993429,49,0.8300000000000001,-0.01414142,-2.828284,11.737378600000001,2.3474757200000003,fixed
99.79011269996408,49,0.8300000000000001,-0.01440346,-2.880692,11.954871800000001,2.39097436,fixed
99.80180949997157,49,0.8300000000000001,-0.01492242,-2.984484,12.385608600000003,2.4771217200000004,fixed
99.81334849994164,49,0.8300000000000001,-0.01498213,-2.996426,12.4351679,2.4870335800000003,fixed
99.82509029994253,49,0.8300000000000001,-0.01479938,-2.959876,12.2834854,2.45669708,fixed
99.83691809989978,49,0.8300000000000001,-0.0145123,-2.90246,12.045209000000002,2.4090418000000002,fixed
99.84885499998927,49,0.8300000000000001,-0.01413975,-2.82795,11.7359925,2.3471985,fixed
99.8615655999165,49,0.8300000000000001,-0.01478181,-2.956362,12.2689023,2.45378046,fixed
99.87377209996339,49,0.8300000000000001,-0.01497911,-2.995822,12.432661300000001,2.48653226,fixed
99.88577129994519,49,0.8300000000000001,-0.01470909,-2.941818,12.208544700000001,2.4417089400000003,fixed
99.8976749998983,49,0.8300000000000001,-0.01438177,-2.876354,11.936869100000001,2.38737382,fixed
99.90937069989741,49,0.8300000000000001,-0.01414469,-2.828938,11.740092700000002,2.34801854,fixed
99.92102729994804,49,0.8300000000000001,-0.01472453,-2.944906,12.221359900000001,2.4442719800000003,fixed
99.9325631998945,49,0.8300000000000001,-0.01502305,-3.00461,12.469131500000001,2.4938263000000003,fixed
99.94405069993809,49,0.8300000000000001,-0.01491881,-2.9837619999999996,12.3826123,2.47652246,fixed
99.95546529989224,49,0.8300000000000001,-0.01471381,-2.942762,12.2124623,2.4424924600000004,fixed
99.96695159992669,49,0.8300000000000001,-0.01444405,-2.8888100000000003,11.988561500000001,2.3977123000000007,fixed
99.97833539999556,49,0.8300000000000001,-0.01418341,-2.836682,11.772230300000002,2.3544460600000003,fixed
99.98973929998465,49,0.8300000000000001,-0.01427861,-2.855722,11.851246300000001,2.3702492600000005,fixed
100.00111709989142,49,0.8300000000000001,-0.01483867,-2.967734,12.316096100000001,2.4632192200000005,fixed
100.01275329990312,49,0.8300000000000001,-0.01502638,-3.0052760000000003,12.471895400000003,2.4943790800000003,fixed
100.02425469993614,49,0.8300000000000001,-0.01489415,-2.97883,12.362144500000001,2.4724289,fixed
100.03567659994587,49,0.8300000000000001,-0.01467951,-2.935902,12.183993300000001,2.43679866,fixed
100.04729109990876,49,0.8300000000000001,-0.01441521,-2.883042,11.9646243,2.3929248600000004,fixed
100.05880179989617,49,0.8300000000000001,-0.0141357,-2.82714,11.732631,2.3465262,fixed
100.07059729995672,49,0.8300000000000001,-0.0145129,-2.90258,12.045707,2.4091414,fixed
100.08225479989778,49,0.8300000000000001,-0.01500743,-3.0014860000000003,12.456166900000001,2.4912333800000006,fixed
100.09377769997809,49,0.8300000000000001,-0.01495695,-2.99139,12.4142685,2.4828537,fixed
100.10532749991398,49,0.8300000000000001,-0.01474965,-2.9499299999999997,12.2422095,2.4484419,fixed
100.1170319999801,49,0.8300000000000001,-0.01447638,-2.895276,12.015395400000001,2.4030790800000004,fixed
100.12864299991634,49,0.8300000000000001,-0.01416277,-2.832554,11.7550991,2.3510198200000003,fixed
100.14020749996416,49,0.8300000000000001,-0.01440003,-2.880006,11.9520249,2.39040498,fixed
100.15176649997011,49,0.8300000000000001,-0.01496067,-2.992134,12.417356100000003,2.48347122,fixed
100.16357639990747,49,0.8300000000000001,-0.01498432,-2.996864,12.436985600000002,2.4873971200000002,fixed
100.17536919994745,49,0.8300000000000001,-0.01476521,-2.9530420000000004,12.255124300000002,2.4510248600000004,fixed
100.18699749989901,49,0.8300000000000001,-0.01447634,-2.895268,12.0153622,2.4030724400000003,fixed
100.19862499996088,49,0.8300000000000001,-0.0141706,-2.83412,11.761598000000001,2.3523196000000004,fixed
100.21028589992784,49,0.8300000000000001,-0.01444667,-2.889334,11.990736100000001,2.3981472200000002,fixed
100.22190659993794,49,0.8300000000000001,-0.01497996,-2.995992,12.433366800000002,2.48667336,fixed
100.23353460000362,49,0.8300000000000001,-0.01497925,-2.99585,12.4327775,2.4865555,fixed
100.24528679996729,49,0.8300000000000001,-0.01474725,-2.9494499999999997,12.240217500000002,2.4480435,fixed
100.256897599902,49,0.8300000000000001,-0.01447516,-2.895032,12.014382800000002,2.40287656,fixed
100.26847389992326,49,0.8300000000000001,-0.01415844,-2.8316879999999998,11.7515052,2.35030104,fixed
100.28013400000054,49,0.8300000000000001,-0.01435031,-2.870062,11.910757300000002,2.38215146,fixed
100.29183579992969,49,0.8300000000000001,-0.01494804,-2.9896079999999996,12.4068732,2.48137464,fixed
100.30359009990934,49,0.8300000000000001,-0.01497663,-2.995326,12.4306029,2.48612058,fixed
100.31526139995549,49,0.8300000000000001,-0.0147618,-2.95236,12.252294000000003,2.4504588000000003,fixed
100.32681569992565,49,0.8300000000000001,-0.01448075,-2.89615,12.019022500000002,2.4038045,fixed
100.33840699994471,49,0.8300000000000001,-0.01418047,-2.836094,11.769790100000002,2.3539580200000003,fixed
100.35003949992824,49,0.8300000000000001,-0.01435777,-2.871554,11.9169491,2.3833898200000005,fixed
