time(s),cycle,voltage(V),current(A),j_current(mA/cm²),power(mW),power_density(mW/cm²),method
0.021042500011390075,0,1.013,-0.005233966,-1.0467932,5.302007557999999,1.0604015115999998,fixed
0.041976100008469075,0,1.013,-0.005164141,-1.0328282,5.231274832999999,1.0462549665999998,fixed
0.06291919999057427,0,1.013,-0.005095254,-1.0190508,5.161492301999999,1.0322984603999998,fixed
0.08450190001167357,0,1.013,-0.005067699,-1.0135398,5.133579086999999,1.0267158174,fixed
0.10956159999477677,0,1.013,-0.005099325,-1.019865,5.165616224999999,1.0331232449999999,fixed
0.13091830001212656,0,1.013,-0.005228646,-1.0457292,5.296618398,1.0593236795999998,fixed
0.15633729999535717,0,1.013,-0.005170091,-1.0340182,5.237302183,1.0474604366,fixed
0.17788560001645237,0,1.014,-0.005156316,-1.0312632000000002,5.2285044240000005,1.0457008848000002,fixed
0.19904969999333844,0,1.013,-0.005204535,-1.040907,5.272193954999999,1.054438791,fixed
0.22125540001434274,0,1.013,-0.005233969,-1.0467938,5.302010596999999,1.0604021194,fixed
0.24287590000312775,0,1.013,-0.005093062,-1.0186123999999999,5.159271806,1.0318543611999997,fixed
0.2676299000158906,0,1.013,-0.005066759,-1.0133518,5.132626866999999,1.0265253733999997,fixed
0.2888972999935504,0,1.013,-0.005189818,-1.0379635999999999,5.257285633999999,1.0514571267999997,fixed
0.3134056999988388,0,1.013,-0.005229898,-1.0459796000000001,5.297886674,1.0595773348,fixed
0.33499070000834763,0,1.013,-0.005073335,-1.014667,5.139288355,1.0278576709999998,fixed
0.36017090000677854,0,1.013,-0.005093062,-1.0186123999999999,5.159271806,1.0318543611999997,fixed
0.3818489999976009,0,1.013,-0.005169151,-1.0338302000000001,5.236349962999999,1.0472699926,fixed
0.40283500001532957,0,1.013,-0.005099011,-1.0198022,5.165298142999999,1.0330596285999998,fixed
0.4238014000002295,0,1.013,-0.005069578,-1.0139156,5.135482513999999,1.0270965027999999,fixed
0.4448114999977406,0,1.014,-0.005078974,-1.0157947999999999,5.150079636,1.0300159271999998,fixed
0.47017300000879914,0,1.013,-0.005099637,-1.0199273999999998,5.165932280999999,1.0331864561999997,fixed
0.4919895000057295,0,1.013,-0.005167586,-1.0335172,5.234764618,1.0469529236,fixed
0.5166966000106186,0,1.013,-0.00509588,-1.0191759999999999,5.16212644,1.0324252879999998,fixed
0.5378911000152584,0,1.014,-0.005158821,-1.0317642,5.231044494000001,1.0462088988,fixed
0.5638780000153929,0,1.013,-0.005191697,-1.0383394000000001,5.259189061,1.0518378122,fixed
0.5847952000040095,0,1.013,-0.005078345,-1.015669,5.1443634849999995,1.0288726969999997,fixed
0.6101114999910351,0,1.013,-0.005091809,-1.0183618,5.158002516999999,1.0316005034,fixed
0.6321538000192959,0,1.013,-0.005173535,-1.034707,5.240790955,1.048158191,fixed
0.6539838000026066,0,1.013,-0.005066133,-1.0132265999999999,5.131992728999999,1.0263985457999998,fixed
0.6750344000174664,0,1.014,-0.005061125,-1.012225,5.13198075,1.0263961499999998,fixed
0.6960300999926403,0,1.013,-0.005086173,-1.0172346,5.1522932489999995,1.0304586498,fixed
1.0444170999980997,0,1.013,-0.00511592,-1.023184,5.18242696,1.036485392,fixed
1.0672085999976844,0,1.014,-0.00507459,-1.0149180000000002,5.1456342600000005,1.0291268520000003,fixed
1.1519482000148855,0,1.013,-0.005178232,-1.0356463999999999,5.245549015999999,1.0491098031999997,fixed
1.1772404999937862,0,1.013,-0.005073961,-1.0147922,5.139922492999999,1.0279844986,fixed
1.1999306000070646,0,1.013,-0.005183555,-1.036711,5.250941215,1.0501882429999998,fixed
1.2844670999911614,0,1.013,-0.005239605,-1.0479209999999999,5.307719864999999,1.0615439729999998,fixed
1.3062656999973115,0,1.013,-0.005085547,-1.0171094,5.151659110999999,1.0303318222,fixed
1.3278347000014037,0,1.013,-0.005143475,-1.028695,5.210340175,1.0420680349999998,fixed
1.3494076000060886,0,1.014,-0.0051798,-1.03596,5.2523172,1.05046344,fixed
1.3708507000119425,0,1.013,-0.005224888,-1.0449776,5.292811543999999,1.0585623087999998,fixed
1.3956677000096533,0,1.013,-0.005172283,-1.0344566,5.239522678999999,1.0479045357999999,fixed
1.416850700014038,0,1.013,-0.005108092,-1.0216184,5.174497195999999,1.0348994391999997,fixed
1.4429246000072453,0,1.014,-0.005139407,-1.0278814,5.211358698000001,1.0422717396,fixed
1.4638295999902766,0,1.013,-0.005066133,-1.0132265999999999,5.131992728999999,1.0263985457999998,fixed
1.489722400001483,0,1.013,-0.005057366,-1.0114732,5.123111757999999,1.0246223516,fixed
1.5108567000133917,0,1.013,-0.00523209,-1.046418,5.3001071699999995,1.060021434,fixed
1.714365199994063,0,1.013,-0.005179798,-1.0359596,5.247135373999999,1.0494270747999999,fixed
1.7792570000165142,0,1.013,-0.005082415,-1.016483,5.148486395,1.0296972789999999,fixed
1.8013053000031505,0,1.013,-0.005230838,-1.0461676,5.298838893999999,1.0597677788,fixed
1.8235524999909103,0,1.013,-0.00510496,-1.0209920000000001,5.171324479999999,1.034264896,fixed
1.8608783000090625,0,1.013,-0.00505486,-1.0109720000000002,5.12057318,1.0241146360000002,fixed
1.8833855999982916,0,1.013,-0.005103082,-1.0206164,5.169422065999999,1.0338844131999998,fixed
1.9048572000174318,0,1.013,-0.005063315,-1.0126629999999999,5.129138094999999,1.0258276189999997,fixed
1.9268260000098962,0,1.013,-0.005108092,-1.0216184,5.174497195999999,1.0348994391999997,fixed
1.9477934000024106,0,1.013,-0.005136586,-1.0273172000000002,5.203361618,1.0406723236,fixed
1.9718391000060365,0,1.014,-0.005167902,-1.0335804000000002,5.240252628,1.0480505256000001,fixed
2.0007913000008557,0,1.013,-0.005058305,-1.011661,5.124062964999999,1.0248125929999998,fixed
2.0379523999872617,1,0.921,-0.01001776,-2.003552,9.22635696,1.8452713920000001,fixed
2.0594948999932967,1,0.918,-0.01016581,-2.033162,9.332213580000001,1.866442716,fixed
2.0823044999851845,1,0.918,-0.0101731,-2.03462,9.338905800000001,1.86778116,fixed
2.1034848999697715,1,0.918,-0.00999638,-1.9992759999999996,9.17667684,1.8353353679999997,fixed
2.1285143999848515,1,0.919,-0.009991448,-1.9982896,9.182140712,1.8364281424000002,fixed
2.150527299992973,1,0.918,-0.01015302,-2.030604,9.32047236,1.864094472,fixed
2.1756520999770146,1,0.918,-0.0100401,-2.0080199999999997,9.2168118,1.8433623599999998,fixed
2.197594199969899,1,0.918,-0.01008929,-2.017858,9.261968220000002,1.852393644,fixed
2.222812599968165,1,0.918,-0.01017492,-2.034984,9.34057656,1.8681153120000002,fixed
2.2445041999744717,1,0.918,-0.01000367,-2.000734,9.18336906,1.8366738120000001,fixed
2.268760899984045,1,0.918,-0.0100565,-2.0113,9.231867,1.8463734,fixed
2.2908286999736447,1,0.918,-0.01017856,-2.0357119999999997,9.34391808,1.8687836159999998,fixed
2.314977899979567,1,0.918,-0.01004193,-2.008386,9.21849174,1.843698348,fixed
2.3366460999823175,1,0.919,-0.01005104,-2.010208,9.23690576,1.847381152,fixed
2.9942273999913596,1,0.919,-0.01012209,-2.024418,9.30220071,1.8604401419999999,fixed
3.0208743999828584,1,0.919,-0.01000913,-2.001826,9.19839047,1.839678094,fixed
3.042465299979085,1,0.918,-0.01005286,-2.0105720000000002,9.228525480000002,1.8457050960000003,fixed
3.071623499970883,1,0.918,-0.009990915,-1.9981829999999998,9.171659969999999,1.834331994,fixed
3.093482199969003,1,0.918,-0.009991133,-1.9982266,9.171860094,1.8343720188000001,fixed
3.116901199973654,1,0.918,-0.009997708,-1.9995416,9.177895944,1.8355791888,fixed
3.1384393999760505,1,0.918,-0.01008601,-2.017202,9.25895718,1.8517914360000003,fixed
3.1638979999697767,1,0.918,-0.01018221,-2.036442,9.34726878,1.8694537560000002,fixed
3.1868287999823224,1,0.918,-0.01000913,-2.001826,9.18838134,1.837676268,fixed
4.035550899978261,1,0.918,-0.01010933,-2.021866,9.28036494,1.8560729880000002,fixed
4.20737490002648,2,0.825,-0.01170114,-2.340228,9.6534405,1.9306881,fixed
4.234429500007536,2,0.823,-0.01175032,-2.350064,9.67051336,1.934102672,fixed
4.256131900008768,2,0.823,-0.01164101,-2.328202,9.58055123,1.916110246,fixed
4.281428900023457,2,0.823,-0.01170842,-2.341684,9.63602966,1.927205932,fixed
4.305514000006951,2,0.823,-0.01162097,-2.324194,9.56405831,1.9128116619999997,fixed
4.326886500028195,2,0.823,-0.01166834,-2.333668,9.603043819999998,1.9206087639999998,fixed
4.348304500017548,2,0.823,-0.01170478,-2.340956,9.633033939999999,1.9266067879999997,fixed
4.374729300005129,2,0.823,-0.0117904,-2.35808,9.703499199999998,1.94069984,fixed
4.396117500029504,2,0.823,-0.01163737,-2.3274739999999996,9.577555509999998,1.9155111019999995,fixed
4.422154200030491,2,0.823,-0.01170295,-2.3405899999999997,9.63152785,1.9263055699999996,fixed
4.444213300012052,2,0.823,-0.01159547,-2.319094,9.543071809999999,1.908614362,fixed
4.468111900030635,2,0.823,-0.01163372,-2.326744,9.57455156,1.914910312,fixed
4.4900807000231,2,0.823,-0.01178311,-2.3566219999999998,9.697499529999998,1.9394999059999998,fixed
4.5149726000090595,2,0.823,-0.01169384,-2.338768,9.62403032,1.9248060639999998,fixed
4.536097400006838,2,0.823,-0.01163555,-2.3271100000000002,9.57605765,1.91521153,fixed
4.561194700014312,2,0.823,-0.01169931,-2.3398619999999997,9.628532129999998,1.9257064259999996,fixed
4.583057300013024,2,0.823,-0.01162097,-2.324194,9.56405831,1.9128116619999997,fixed
4.607921200018609,2,0.823,-0.01160457,-2.3209139999999997,9.55056111,1.9101122219999997,fixed
4.633950000017649,2,0.823,-0.01174303,-2.3486059999999997,9.66451369,1.9329027379999997,fixed
4.655050800007302,2,0.823,-0.01161186,-2.322372,9.55656078,1.911312156,fixed
4.677063600014662,2,0.823,-0.01166652,-2.333304,9.60154596,1.920309192,fixed
4.702195800025947,2,0.823,-0.01174485,-2.34897,9.666011549999999,1.93320231,fixed
4.724019600020256,2,0.823,-0.01159911,-2.319822,9.546067529999998,1.9092135059999997,fixed
4.749703800014686,2,0.823,-0.01163372,-2.326744,9.57455156,1.914910312,fixed
4.770915900007822,2,0.823,-0.01177582,-2.355164,9.691499859999999,1.9382999719999998,fixed
4.797263400017982,2,0.823,-0.01170295,-2.3405899999999997,9.63152785,1.9263055699999996,fixed
4.81922360000317,2,0.823,-0.01173574,-2.347148,9.65851402,1.9317028039999997,fixed
4.843320300016785,2,0.823,-0.01177947,-2.355894,9.694503809999999,1.938900762,fixed
4.865031300025294,2,0.823,-0.01160275,-2.32055,9.54906325,1.90981265,fixed
4.8908292000123765,2,0.823,-0.01165923,-2.3318459999999996,9.59554629,1.9191092579999995,fixed
4.912014700006694,2,0.823,-0.01171206,-2.342412,9.63902538,1.9278050759999998,fixed
4.937620100012282,2,0.823,-0.01160275,-2.32055,9.54906325,1.90981265,fixed
4.958858800004236,2,0.823,-0.01174668,-2.349336,9.66751764,1.933503528,fixed
4.984146300004795,2,0.823,-0.01178858,-2.357716,9.702001339999999,1.9404002679999999,fixed
5.00620910001453,2,0.823,-0.01163554,-2.327108,9.57604942,1.9152098839999998,fixed
5.031221600016579,2,0.823,-0.01170295,-2.3405899999999997,9.63152785,1.9263055699999996,fixed
5.053100800025277,2,0.823,-0.01163737,-2.3274739999999996,9.577555509999998,1.9155111019999995,fixed
5.077154600003269,2,0.823,-0.01161186,-2.322372,9.55656078,1.911312156,fixed
5.0987976000178605,2,0.823,-0.01174485,-2.34897,9.666011549999999,1.93320231,fixed
5.124450200004503,2,0.823,-0.01179222,-2.358444,9.70499706,1.9409994119999998,fixed
5.1458337000221945,2,0.823,-0.01164465,-2.3289299999999997,9.583546949999999,1.9167093899999996,fixed
5.170535500015831,2,0.823,-0.0116738,-2.33476,9.6075374,1.92150748,fixed
5.1918305000290275,2,0.823,-0.0117321,-2.34642,9.6555183,1.93110366,fixed
5.217237500008196,2,0.823,-0.01164647,-2.329294,9.58504481,1.917008962,fixed
5.2388124000281096,2,0.823,-0.01174485,-2.34897,9.666011549999999,1.93320231,fixed
5.263517300016247,2,0.823,-0.01179404,-2.3588080000000002,9.706494919999999,1.9412989840000001,fixed
5.284825600014301,2,0.823,-0.01161368,-2.322736,9.558058639999999,1.9116117279999998,fixed
5.309124600025825,2,0.823,-0.01164283,-2.328566,9.58204909,1.9164098179999998,fixed
5.3308071000210475,2,0.823,-0.0117904,-2.35808,9.703499199999998,1.94069984,fixed
5.355611400009366,2,0.823,-0.01173392,-2.346784,9.65701616,1.9314032319999999,fixed
5.3768083000031766,2,0.823,-0.01166834,-2.333668,9.603043819999998,1.9206087639999998,fixed
5.402687200024957,2,0.823,-0.01169567,-2.339134,9.62553641,1.925107282,fixed
5.423812700028066,2,0.823,-0.01159546,-2.3190920000000004,9.54306358,1.9086127160000002,fixed
5.448827300017001,2,0.823,-0.01160822,-2.321644,9.55356506,1.910713012,fixed
5.469819300022209,2,0.823,-0.01178129,-2.356258,9.69600167,1.939200334,fixed
5.495483500009868,2,0.823,-0.01179951,-2.359902,9.71099673,1.9421993459999998,fixed
5.516750000009779,2,0.823,-0.01166287,-2.332574,9.598542010000001,1.919708402,fixed
5.542361100029666,2,0.823,-0.0117066,-2.34132,9.634531799999998,1.92690636,fixed
5.563743500009878,2,0.823,-0.0116155,-2.3231,9.5595565,1.9119113,fixed
5.588787100015907,2,0.823,-0.01161915,-2.32383,9.56256045,1.9125120899999999,fixed
5.609772000025259,2,0.823,-0.01179404,-2.3588080000000002,9.706494919999999,1.9412989840000001,fixed
5.634740200010128,2,0.823,-0.01180315,-2.36063,9.713992450000001,1.94279849,fixed
5.655783900030656,2,0.823,-0.01164283,-2.328566,9.58204909,1.9164098179999998,fixed
5.680378000019118,2,0.823,-0.01167562,-2.3351239999999995,9.609035259999999,1.9218070519999995,fixed
5.701773200009484,2,0.823,-0.01175761,-2.351522,9.67651303,1.935302606,fixed
5.727008400019258,2,0.823,-0.01167016,-2.334032,9.60454168,1.9209083359999999,fixed
5.748726100020576,2,0.823,-0.01175579,-2.3511580000000003,9.67501517,1.9350030340000002,fixed
5.7739498000300955,2,0.823,-0.01179951,-2.359902,9.71099673,1.9421993459999998,fixed
5.795710800011875,2,0.823,-0.01165376,-2.330752,9.591044479999999,1.9182088959999999,fixed
5.8208186000119895,2,0.823,-0.01167198,-2.334396,9.60603954,1.9212079079999997,fixed
5.842711600009352,2,0.823,-0.01167562,-2.3351239999999995,9.609035259999999,1.9218070519999995,fixed
5.867587900022045,2,0.823,-0.01162826,-2.325652,9.57005798,1.9140115959999997,fixed
5.888702300027944,2,0.823,-0.0117485,-2.3497,9.669015499999999,1.9338030999999998,fixed
5.909704200021224,2,0.823,-0.01178493,-2.356986,9.69899739,1.9397994779999999,fixed
5.930676300020423,2,0.823,-0.0118159,-2.3631800000000003,9.7244857,1.9448971400000001,fixed
5.9516971000120975,2,0.823,-0.01175396,-2.350792,9.67350908,1.934701816,fixed
5.977017700031865,2,0.823,-0.0116738,-2.33476,9.6075374,1.92150748,fixed
5.998687400016934,2,0.823,-0.01173575,-2.34715,9.658522249999999,1.93170445,fixed
6.024168800009647,2,0.823,-0.01178311,-2.3566219999999998,9.697499529999998,1.9394999059999998,fixed
6.04570140002761,2,0.823,-0.01164465,-2.3289299999999997,9.583546949999999,1.9167093899999996,fixed
6.070959699980449,3,0.729,-0.0122217,-2.44434,8.9096193,1.78192386,fixed
6.091731199994683,3,0.726,-0.01231824,-2.463648,8.943042239999999,1.788608448,fixed
6.112712100002682,3,0.727,-0.01222533,-2.4450659999999997,8.88781491,1.7775629819999998,fixed
6.134144399984507,3,0.727,-0.01218707,-2.437414,8.85999989,1.771999978,fixed
6.155687099992065,3,0.727,-0.01219618,-2.439236,8.86662286,1.7733245720000002,fixed
6.180982699996093,3,0.727,-0.01222533,-2.4450659999999997,8.88781491,1.7775629819999998,fixed
6.2016691000026185,3,0.726,-0.01232006,-2.4640120000000003,8.94436356,1.788872712,fixed
6.228191000001971,3,0.727,-0.01222716,-2.4454320000000003,8.889145319999999,1.777829064,fixed
6.249831599998288,3,0.727,-0.0123474,-2.46948,8.976559799999999,1.7953119599999998,fixed
6.27566630000365,3,0.727,-0.01236379,-2.472758,8.988475329999998,1.7976950659999997,fixed
6.297022699989611,3,0.727,-0.01222898,-2.445796,8.890468460000001,1.7780936920000001,fixed
6.32281729998067,3,0.727,-0.01231096,-2.462192,8.950067919999999,1.790013584,fixed
6.343644099979429,3,0.727,-0.01219072,-2.4381440000000003,8.862653439999999,1.7725306880000002,fixed
6.370043100003386,3,0.727,-0.01218525,-2.43705,8.858676749999999,1.7717353500000002,fixed
6.391674099984812,3,0.726,-0.012331,-2.4661999999999997,8.952306,1.7904611999999998,fixed
6.417310399992857,3,0.727,-0.01224537,-2.449074,8.90238399,1.780476798,fixed
6.4386682999902405,3,0.727,-0.01230732,-2.4614640000000003,8.94742164,1.7894843280000001,fixed
6.463683499983745,3,0.727,-0.01234557,-2.4691140000000003,8.97522939,1.795045878,fixed
6.48466419999022,3,0.727,-0.01217979,-2.435958,8.85470733,1.7709414659999998,fixed
6.509862699982477,3,0.727,-0.01220529,-2.441058,8.87324583,1.774649166,fixed
6.530669300002046,3,0.727,-0.01237108,-2.4742159999999997,8.99377516,1.7987550319999999,fixed
6.55601729999762,3,0.726,-0.01233646,-2.467292,8.95626996,1.791253992,fixed
6.577678400004515,3,0.727,-0.01225813,-2.451626,8.91166051,1.782332102,fixed
6.603461899998365,3,0.727,-0.01230003,-2.460006,8.94212181,1.788424362,fixed
6.624644600000465,3,0.727,-0.0121725,-2.4345,8.8494075,1.7698814999999999,fixed
6.650393899995834,3,0.727,-0.01218343,-2.436686,8.85735361,1.7714707219999999,fixed
6.671666699985508,3,0.727,-0.0123146,-2.46292,8.952714199999999,1.7905428399999999,fixed
6.6971317999996245,3,0.726,-0.0122308,-2.44616,8.8795608,1.7759121599999999,fixed
6.718762699980289,3,0.727,-0.0122891,-2.4578200000000003,8.934175699999999,1.7868351400000002,fixed
6.7434097999939695,3,0.727,-0.01232007,-2.464014,8.95669089,1.791338178,fixed
6.765031799994176,3,0.727,-0.01215428,-2.430856,8.83616156,1.767232312,fixed
6.790927599999122,3,0.727,-0.01220165,-2.44033,8.87059955,1.7741199099999998,fixed
6.811671799980104,3,0.726,-0.01231642,-2.463284,8.94172092,1.7883441839999998,fixed
6.832667599985143,3,0.727,-0.01223444,-2.446888,8.89443788,1.778887576,fixed
6.853677199978847,3,0.727,-0.0121889,-2.43778,8.8613303,1.77226606,fixed
6.874656400003005,3,0.727,-0.01216339,-2.432678,8.84278453,1.768556906,fixed
6.899858299992047,3,0.727,-0.01218161,-2.436322,8.85603047,1.771206094,fixed
6.920680199982598,3,0.726,-0.01236379,-2.472758,8.97611154,1.7952223079999998,fixed
6.94609159999527,3,0.726,-0.01232917,-2.465834,8.950977420000001,1.790195484,fixed
6.967543999984628,3,0.727,-0.01225084,-2.450168,8.90636068,1.7812721360000001,fixed
6.993086200003745,3,0.727,-0.01228727,-2.457454,8.93284529,1.7865690579999998,fixed
7.014588599995477,3,0.726,-0.01217432,-2.434864,8.83855632,1.7677112640000001,fixed
7.039917099988088,3,0.727,-0.01219254,-2.4385079999999997,8.863976580000001,1.7727953159999996,fixed
7.061604899994563,3,0.726,-0.01233464,-2.466928,8.95494864,1.7909897279999998,fixed
7.086616499989759,3,0.726,-0.01224901,-2.449802,8.89278126,1.778556252,fixed
7.107567400002154,3,0.727,-0.01225084,-2.450168,8.90636068,1.7812721360000001,fixed
7.133109699992929,3,0.727,-0.01229274,-2.458548,8.93682198,1.7873643959999999,fixed
7.154562699986855,3,0.727,-0.01218525,-2.43705,8.858676749999999,1.7717353500000002,fixed
7.179327599995304,3,0.727,-0.01219801,-2.439602,8.86795327,1.773590654,fixed
7.200646999990568,3,0.726,-0.0123729,-2.47458,8.9827254,1.79654508,fixed
7.226281299983384,3,0.726,-0.01235104,-2.4702080000000004,8.96685504,1.7933710080000003,fixed
7.247643299982883,3,0.727,-0.01226359,-2.452718,8.91562993,1.783125986,fixed
7.272535099997185,3,0.727,-0.01230732,-2.4614640000000003,8.94742164,1.7894843280000001,fixed
7.293504799978109,3,0.727,-0.01221076,-2.4421519999999997,8.877222519999998,1.7754445039999998,fixed
7.314572000002954,3,0.727,-0.01219072,-2.4381440000000003,8.862653439999999,1.7725306880000002,fixed
7.335560799983796,3,0.727,-0.01219618,-2.439236,8.86662286,1.7733245720000002,fixed
7.356560199987143,3,0.727,-0.01221805,-2.44361,8.88252235,1.77650447,fixed
7.381512099993415,3,0.727,-0.01225448,-2.4508959999999997,8.909006960000001,1.7818013919999998,fixed
7.402549099992029,3,0.726,-0.01227452,-2.454904,8.91130152,1.782260304,fixed
7.42803469998762,3,0.727,-0.01220165,-2.44033,8.87059955,1.7741199099999998,fixed
7.449564899987308,3,0.727,-0.01233829,-2.467658,8.96993683,1.793987366,fixed
7.475239899998996,3,0.727,-0.0123729,-2.47458,8.995098299999999,1.79901966,fixed
7.496547399990959,3,0.727,-0.01221622,-2.443244,8.881191939999999,1.776238388,fixed
7.522137799998745,3,0.727,-0.01223991,-2.447982,8.898414569999998,1.7796829140000001,fixed
7.5435513999836985,3,0.727,-0.01219618,-2.439236,8.86662286,1.7733245720000002,fixed
7.569806999992579,3,0.727,-0.0121725,-2.4345,8.8494075,1.7698814999999999,fixed
7.590534099988872,3,0.727,-0.01236379,-2.472758,8.988475329999998,1.7976950659999997,fixed
7.611520399979781,3,0.726,-0.01235286,-2.4705719999999998,8.96817636,1.7936352719999997,fixed
7.632514700002503,3,0.727,-0.01226723,-2.453446,8.91827621,1.783655242,fixed
7.653507799986983,3,0.727,-0.01219254,-2.4385079999999997,8.863976580000001,1.7727953159999996,fixed
7.678077799995663,3,0.727,-0.01217068,-2.4341359999999996,8.84808436,1.7696168719999996,fixed
7.69953529999475,3,0.727,-0.01232736,-2.465472,8.96199072,1.792398144,fixed
7.7243907999945804,3,0.727,-0.01237472,-2.474944,8.99642144,1.7992842879999997,fixed
7.745495599985588,3,0.727,-0.01220894,-2.441788,8.87589938,1.775179876,fixed
7.771710000000894,3,0.727,-0.01223444,-2.446888,8.89443788,1.778887576,fixed
7.792514799977653,3,0.726,-0.01229274,-2.458548,8.92452924,1.784905848,fixed
7.8193618999794126,3,0.727,-0.01221805,-2.44361,8.88252235,1.77650447,fixed
7.840535900002578,3,0.727,-0.01238565,-2.47713,9.00436755,1.8008735099999997,fixed
7.865749199991114,3,0.727,-0.01237108,-2.4742159999999997,8.99377516,1.7987550319999999,fixed
7.886501899978612,3,0.727,-0.0122308,-2.44616,8.8917916,1.77835832,fixed
7.907514799997443,3,0.727,-0.0122563,-2.45126,8.9103301,1.78206602,fixed
7.928983099991456,3,0.727,-0.01229274,-2.458548,8.93682198,1.7873643959999999,fixed
7.950519999983953,3,0.727,-0.01237472,-2.474944,8.99642144,1.7992842879999997,fixed
7.975417099980405,3,0.727,-0.01236197,-2.472394,8.98715219,1.797430438,fixed
7.996505499992054,3,0.727,-0.01222898,-2.445796,8.890468460000001,1.7780936920000001,fixed
8.022496099991258,3,0.727,-0.01225631,-2.451262,8.910337369999999,1.7820674739999998,fixed
8.043451399978949,3,0.727,-0.01222716,-2.4454320000000003,8.889145319999999,1.777829064,fixed
8.06857149998541,3,0.727,-0.01220347,-2.4406939999999997,8.871922689999998,1.7743845379999996,fixed
8.090439999999944,4,0.78,-0.01215455,-2.43091,9.480549,1.8961098,fixed
8.115367599995807,4,0.781,-0.0121418,-2.42836,9.4827458,1.8965491600000002,fixed
8.136666499980493,4,0.781,-0.01199059,-2.398118,9.364650790000002,1.8729301580000002,fixed
8.157442900002934,4,0.781,-0.01201609,-2.403218,9.38456629,1.8769132579999999,fixed
8.178462199983187,4,0.781,-0.01204889,-2.409778,9.41018309,1.8820366180000003,fixed
8.199477399990428,4,0.781,-0.01209079,-2.418158,9.442906990000001,1.8885813980000001,fixed
8.220481600001222,4,0.781,-0.01213998,-2.427996,9.48132438,1.8962648759999998,fixed
8.241468199994415,4,0.781,-0.0121418,-2.42836,9.4827458,1.8965491600000002,fixed
8.262469399982365,4,0.781,-0.01206893,-2.413786,9.42583433,1.885166866,fixed
8.287994099984644,4,0.78,-0.01199059,-2.398118,9.3526602,1.8705320400000003,fixed
8.309530099999392,4,0.781,-0.01209625,-2.41925,9.44717125,1.88943425,fixed
8.334387999988394,4,0.781,-0.0121418,-2.42836,9.4827458,1.8965491600000002,fixed
8.355441199993948,4,0.781,-0.01196508,-2.393016,9.34472748,1.8689454959999998,fixed
8.381743399979314,4,0.781,-0.01199241,-2.398482,9.366072210000002,1.873214442,fixed
8.40248089999659,4,0.781,-0.01207257,-2.4145139999999996,9.42867717,1.8857354339999997,fixed
8.428063799976371,4,0.781,-0.01198694,-2.3973880000000003,9.36180014,1.8723600280000003,fixed
8.449438899988309,4,0.781,-0.01208897,-2.4177939999999998,9.44148557,1.888297114,fixed
8.47525059999316,4,0.781,-0.01213269,-2.426538,9.47563089,1.895126178,fixed
8.496446599980118,4,0.781,-0.01197784,-2.395568,9.35469304,1.8709386080000001,fixed
8.522416599997086,4,0.781,-0.01201609,-2.403218,9.38456629,1.8769132579999999,fixed
8.54344709997531,4,0.781,-0.01199059,-2.398118,9.364650790000002,1.8729301580000002,fixed
8.564451499987626,4,0.781,-0.01195962,-2.3919240000000004,9.340463220000002,1.8680926440000003,fixed
8.585892999981297,4,0.781,-0.01196144,-2.3922879999999997,9.341884640000002,1.8683769279999998,fixed
8.607492899987847,4,0.781,-0.01202338,-2.404676,9.390259780000001,1.878051956,fixed
8.6324225999997,4,0.781,-0.01205435,-2.41087,9.414447350000001,1.88288947,fixed
8.65352319998783,4,0.781,-0.01199423,-2.398846,9.36749363,1.873498726,fixed
8.67921549998573,4,0.781,-0.01196144,-2.3922879999999997,9.341884640000002,1.8683769279999998,fixed
8.700422399997478,4,0.781,-0.01213816,-2.427632,9.47990296,1.8959805920000001,fixed
8.726535499998135,4,0.78,-0.01213998,-2.427996,9.4691844,1.8938368799999998,fixed
8.747435700002825,4,0.781,-0.01201974,-2.4039479999999998,9.387416940000001,1.877483388,fixed
8.773484999983339,4,0.781,-0.01204707,-2.409414,9.40876167,1.881752334,fixed
8.794435599993449,4,0.781,-0.01195415,-2.3908300000000002,9.336191150000001,1.8672382300000003,fixed
8.819641999987653,4,0.781,-0.01197237,-2.3944739999999998,9.35042097,1.870084194,fixed
8.84044209998683,4,0.78,-0.0121418,-2.42836,9.470604,1.8941208,fixed
8.865855999989435,4,0.78,-0.01215455,-2.43091,9.480549,1.8961098,fixed
8.887447399989469,4,0.781,-0.01201609,-2.403218,9.38456629,1.8769132579999999,fixed
8.91247489998932,4,0.781,-0.01205071,-2.4101419999999996,9.41160451,1.8823209019999998,fixed
8.933429600001546,4,0.781,-0.01200334,-2.400668,9.374608539999999,1.874921708,fixed
8.954473199992208,4,0.781,-0.01195962,-2.3919240000000004,9.340463220000002,1.8680926440000003,fixed
8.975436499982607,4,0.781,-0.01196508,-2.393016,9.34472748,1.8689454959999998,fixed
8.997404599998845,4,0.781,-0.0119833,-2.39666,9.358957300000002,1.8717914599999999,fixed
9.023358899983577,4,0.781,-0.01203431,-2.406862,9.39879611,1.879759222,fixed
9.044459700002335,4,0.781,-0.01194504,-2.389008,9.329076240000001,1.865815248,fixed
9.068853099975968,4,0.781,-0.01194869,-2.389738,9.33192689,1.866385378,fixed
9.090424299996812,4,0.781,-0.01210901,-2.421802,9.457136810000002,1.8914273620000002,fixed
9.11573709998629,4,0.781,-0.01213269,-2.426538,9.47563089,1.895126178,fixed
9.136409500002628,4,0.781,-0.01196144,-2.3922879999999997,9.341884640000002,1.8683769279999998,fixed
9.162556499999482,4,0.781,-0.01199241,-2.398482,9.366072210000002,1.873214442,fixed
9.183418200002052,4,0.781,-0.01199241,-2.398482,9.366072210000002,1.873214442,fixed
9.209152700001141,4,0.781,-0.01193958,-2.3879159999999997,9.32481198,1.864962396,fixed
9.230427100002998,4,0.781,-0.01210901,-2.421802,9.457136810000002,1.8914273620000002,fixed
9.2554805999971,4,0.781,-0.01213269,-2.426538,9.47563089,1.895126178,fixed
9.276438100001542,4,0.781,-0.01197419,-2.3948379999999996,9.35184239,1.8703684779999998,fixed
9.297441399976378,4,0.781,-0.0119997,-2.39994,9.371765700000001,1.87435314,fixed
9.318778399989242,4,0.781,-0.01203613,-2.407226,9.40021753,1.880043506,fixed
9.340397799998755,4,0.781,-0.01212176,-2.424352,9.46709456,1.893418912,fixed
9.365143799979705,4,0.781,-0.01214727,-2.4294540000000002,9.487017869999999,1.8974035740000001,fixed
9.38640389998909,4,0.781,-0.01196144,-2.3922879999999997,9.341884640000002,1.8683769279999998,fixed
9.412461500003701,4,0.781,-0.01200152,-2.4003039999999998,9.37318712,1.8746374239999999,fixed
9.433402700000443,4,0.781,-0.01200152,-2.4003039999999998,9.37318712,1.8746374239999999,fixed
9.454383299977053,4,0.781,-0.01194504,-2.389008,9.329076240000001,1.865815248,fixed
9.475366699974984,4,0.781,-0.01194322,-2.3886439999999998,9.32765482,1.865530964,fixed
9.496413199987728,4,0.781,-0.01196326,-2.392652,9.34330606,1.8686612120000001,fixed
9.52192319999449,4,0.781,-0.01199241,-2.398482,9.366072210000002,1.873214442,fixed
9.543389099999331,4,0.781,-0.01200334,-2.400668,9.374608539999999,1.874921708,fixed
9.567510900000343,4,0.781,-0.01194869,-2.389738,9.33192689,1.866385378,fixed
9.58836959998007,4,0.781,-0.01202703,-2.405406,9.39311043,1.8786220860000002,fixed
9.60943280000356,4,0.781,-0.01206711,-2.413422,9.424412910000001,1.8848825820000001,fixed
9.631460499978857,4,0.781,-0.01210901,-2.421802,9.457136810000002,1.8914273620000002,fixed
9.652381899999455,4,0.78,-0.01209807,-2.419614,9.436494600000001,1.88729892,fixed
9.678495400003158,4,0.78,-0.0120088,-2.4017600000000003,9.366864000000001,1.8733728000000003,fixed
9.699315099976957,4,0.781,-0.01207075,-2.4141500000000002,9.42725575,1.8854511500000002,fixed
9.724633499979973,4,0.781,-0.01211083,-2.422166,9.458558230000001,1.8917116459999999,fixed
9.745341799978632,4,0.781,-0.01193593,-2.3871860000000003,9.32196133,1.8643922660000003,fixed
9.771103999984916,4,0.781,-0.0119669,-2.39338,9.3461489,1.8692297800000002,fixed
9.792384200001834,4,0.781,-0.0120999,-2.41998,9.450021900000001,1.89000438,fixed
9.818025399988983,4,0.781,-0.01201609,-2.403218,9.38456629,1.8769132579999999,fixed
9.839314399985597,4,0.781,-0.01206346,-2.412692,9.42156226,1.8843124519999999,fixed
9.863840599980904,4,0.781,-0.01210354,-2.420708,9.45286474,1.890572948,fixed
9.885367799986852,4,0.781,-0.01193776,-2.3875520000000003,9.32339056,1.8646781120000004,fixed
9.911466699995799,4,0.781,-0.01196326,-2.392652,9.34330606,1.8686612120000001,fixed
9.932357099984074,4,0.78,-0.01209443,-2.4188859999999996,9.433655400000001,1.88673108,fixed
9.953388299996732,4,0.781,-0.01200516,-2.401032,9.37602996,1.875205992,fixed
9.97497260000091,4,0.781,-0.01194686,-2.3893720000000003,9.33049766,1.8660995320000002,fixed
9.996319700003369,4,0.781,-0.0119578,-2.3915599999999997,9.3390418,1.8678083599999997,fixed
10.022082799987402,4,0.781,-0.01198694,-2.3973880000000003,9.36180014,1.8723600280000003,fixed
10.043267499975627,4,0.78,-0.01201245,-2.40249,9.369710999999999,1.8739422,fixed
10.068615500000305,4,0.781,-0.01194504,-2.389008,9.329076240000001,1.865815248,fixed
10.090300699986983,4,0.781,-0.01209261,-2.4185220000000003,9.44432841,1.8888656820000003,fixed
10.11482940003043,5,0.835,-0.01163925,-2.32785,9.71877375,1.94375475,fixed
10.136339900025632,5,0.836,-0.01149533,-2.299066,9.61009588,1.9220191759999998,fixed
10.161316500016255,5,0.836,-0.01152448,-2.3048960000000003,9.634465279999999,1.9268930560000002,fixed
10.18228600002476,5,0.836,-0.01165201,-2.3304020000000003,9.74108036,1.9482160720000001,fixed
10.203350600029808,5,0.836,-0.01157184,-2.314368,9.67405824,1.934811648,fixed
10.224444200022845,5,0.836,-0.01150626,-2.3012520000000003,9.619233359999999,1.9238466720000003,fixed
10.246279500017408,5,0.836,-0.01149897,-2.299794,9.61313892,1.922627784,fixed
10.270660400012275,5,0.836,-0.01152994,-2.305988,9.639029840000001,1.9278059680000001,fixed
10.292285700008506,5,0.836,-0.01165018,-2.3300359999999998,9.73955048,1.9479100959999998,fixed
10.317692400014494,5,0.836,-0.01156638,-2.3132759999999997,9.669493679999999,1.9338987359999997,fixed
10.339289000025019,5,0.836,-0.01158642,-2.317284,9.686247119999999,1.9372494239999998,fixed
10.364849500008859,5,0.836,-0.01163561,-2.327122,9.727369959999999,1.945473992,fixed
10.386239900020882,5,0.836,-0.01149715,-2.29943,9.6116174,1.92232348,fixed
10.412000500014983,5,0.836,-0.01152084,-2.3041679999999998,9.63142224,1.9262844479999996,fixed
10.433243700012099,5,0.836,-0.01157731,-2.315462,9.67863116,1.935726232,fixed
10.459299700014526,5,0.836,-0.01150808,-2.301616,9.62075488,1.924150976,fixed
10.480252600013046,5,0.836,-0.01163743,-2.327486,9.72889148,1.9457782959999999,fixed
10.501240200013854,5,0.836,-0.01168116,-2.336232,9.76544976,1.9530899519999998,fixed
10.522210800030734,5,0.836,-0.01166111,-2.3322220000000002,9.74868796,1.9497375920000002,fixed
10.543223800021224,5,0.836,-0.01159553,-2.319106,9.69386308,1.938772616,fixed
10.564577700017253,5,0.836,-0.01152084,-2.3041679999999998,9.63142224,1.9262844479999996,fixed
10.586190700007137,5,0.836,-0.01150808,-2.301616,9.62075488,1.924150976,fixed
10.607216100033838,5,0.836,-0.01152994,-2.305988,9.639029840000001,1.9278059680000001,fixed
10.631976900011068,5,0.836,-0.01156456,-2.312912,9.66797216,1.9335944319999998,fixed
10.653183300019009,5,0.836,-0.01160646,-2.321292,9.703000560000001,1.940600112,fixed
10.678045000007842,5,0.836,-0.0115263,-2.3052599999999996,9.6359868,1.9271973599999996,fixed
10.699210100021446,5,0.836,-0.01159917,-2.319834,9.69690612,1.9393812240000001,fixed
10.720172000030288,5,0.836,-0.01164472,-2.3289440000000003,9.73498592,1.9469971840000002,fixed
10.741839800029993,5,0.836,-0.01168298,-2.336596,9.76697128,1.953394256,fixed
10.763196300016716,5,0.836,-0.01161739,-2.323478,9.712138040000001,1.942427608,fixed
10.78804760001367,5,0.836,-0.01153905,-2.30781,9.6466458,1.9293291599999998,fixed
10.809139300021343,5,0.836,-0.01160828,-2.321656,9.70452208,1.940904416,fixed
10.834659300016938,5,0.836,-0.01164472,-2.3289440000000003,9.73498592,1.9469971840000002,fixed
10.856141600030242,5,0.836,-0.01151173,-2.302346,9.623806279999998,1.924761256,fixed
10.880893100023968,5,0.836,-0.01152994,-2.305988,9.639029840000001,1.9278059680000001,fixed
10.902102500025649,5,0.836,-0.0116848,-2.3369600000000004,9.7684928,1.9536985600000003,fixed
10.928268700023182,5,0.836,-0.01161921,-2.323842,9.713659559999998,1.942731912,fixed
10.950094200030435,5,0.836,-0.01164108,-2.3282160000000003,9.731942879999998,1.9463885760000001,fixed
10.974901000008686,5,0.836,-0.01168115,-2.3362299999999996,9.7654414,1.9530882799999996,fixed
10.996176200016635,5,0.836,-0.01150626,-2.3012520000000003,9.619233359999999,1.9238466720000003,fixed
11.022143100009998,5,0.836,-0.01153541,-2.307082,9.64360276,1.9287205519999997,fixed
11.043118100031279,5,0.836,-0.0116265,-2.3253,9.719753999999998,1.9439507999999999,fixed
11.064108300022781,5,0.836,-0.01153905,-2.30781,9.6466458,1.9293291599999998,fixed
11.085399500007043,5,0.836,-0.01150626,-2.3012520000000003,9.619233359999999,1.9238466720000003,fixed
11.107097200030694,5,0.836,-0.01153177,-2.306354,9.64055972,1.9281119439999999,fixed
11.13184060002095,5,0.836,-0.01156274,-2.312548,9.666450639999999,1.9332901279999999,fixed
11.153052000008756,5,0.836,-0.01164472,-2.3289440000000003,9.73498592,1.9469971840000002,fixed
11.177757300029043,5,0.836,-0.01155727,-2.311454,9.66187772,1.932375544,fixed
11.199088300025323,5,0.836,-0.01159917,-2.319834,9.69690612,1.9393812240000001,fixed
11.224215000023833,5,0.836,-0.01163926,-2.327852,9.73042136,1.946084272,fixed
11.246068600012222,5,0.836,-0.01150626,-2.3012520000000003,9.619233359999999,1.9238466720000003,fixed
11.270042000018293,5,0.836,-0.01152812,-2.305624,9.637508319999998,1.9275016639999998,fixed
11.291059100010898,5,0.836,-0.01167569,-2.335138,9.76087684,1.952175368,fixed
11.316012200026307,5,0.836,-0.01169573,-2.339146,9.77763028,1.9555260559999998,fixed
11.337027600035071,5,0.836,-0.01152448,-2.3048960000000003,9.634465279999999,1.9268930560000002,fixed
11.35805030001211,5,0.836,-0.01155545,-2.31109,9.660356199999999,1.93207124,fixed
11.379017300030682,5,0.836,-0.01158824,-2.3176479999999997,9.687768639999998,1.9375537279999997,fixed
11.400041100016097,5,0.836,-0.01163743,-2.327486,9.72889148,1.9457782959999999,fixed
11.424380500015104,5,0.836,-0.0116848,-2.3369600000000004,9.7684928,1.9536985600000003,fixed
11.446017900016159,5,0.836,-0.01151355,-2.3027100000000003,9.625327799999999,1.9250655600000002,fixed
11.470909200026654,5,0.836,-0.01154088,-2.308176,9.64817568,1.929635136,fixed
11.491984000022057,5,0.836,-0.01171577,-2.343154,9.794383719999999,1.9588767440000001,fixed
11.512974600016605,5,0.836,-0.01167205,-2.33441,9.757833799999998,1.95156676,fixed
11.533883800031617,5,0.836,-0.01158278,-2.3165560000000003,9.683204080000001,1.9366408160000002,fixed
11.554952500009676,5,0.836,-0.01152994,-2.305988,9.639029840000001,1.9278059680000001,fixed
11.576211000006879,5,0.836,-0.01152812,-2.305624,9.637508319999998,1.9275016639999998,fixed
11.597981600032654,5,0.836,-0.01157549,-2.315098,9.677109640000001,1.9354219279999998,fixed
11.618951200012816,5,0.836,-0.01161375,-2.32275,9.709095000000001,1.941819,fixed
11.644023700006073,5,0.836,-0.01164654,-2.329308,9.73650744,1.9473014880000001,fixed
11.664949600031832,5,0.836,-0.01153723,-2.307446,9.645124280000001,1.929024856,fixed
11.690478200034704,5,0.836,-0.01152812,-2.305624,9.637508319999998,1.9275016639999998,fixed
11.711950700031593,5,0.836,-0.01172488,-2.344976,9.80199968,1.960399936,fixed
11.732955100014806,5,0.836,-0.01167569,-2.335138,9.76087684,1.952175368,fixed
11.753869000007398,5,0.836,-0.01160828,-2.321656,9.70452208,1.940904416,fixed
11.774903200013796,5,0.836,-0.01154816,-2.3096319999999997,9.654261759999999,1.9308523519999996,fixed
11.795947200007504,5,0.836,-0.01153905,-2.30781,9.6466458,1.9293291599999998,fixed
11.81690060000983,5,0.836,-0.01156092,-2.3121840000000002,9.66492912,1.9329858240000002,fixed
11.837916000018595,5,0.836,-0.01158642,-2.317284,9.686247119999999,1.9372494239999998,fixed
11.862705000006827,5,0.836,-0.01161557,-2.323114,9.71061652,1.9421233039999999,fixed
11.883886700030416,5,0.836,-0.01160828,-2.321656,9.70452208,1.940904416,fixed
11.908776700031012,5,0.836,-0.01155181,-2.310362,9.657313159999998,1.931462632,fixed
11.929868800012628,5,0.836,-0.01166658,-2.333316,9.75326088,1.950652176,fixed
11.95091140002478,5,0.836,-0.01169937,-2.339874,9.78067332,1.956134664,fixed
11.971867900021607,5,0.836,-0.01174128,-2.348256,9.81571008,1.963142016,fixed
11.992867300024955,5,0.836,-0.0117103,-2.34206,9.7898108,1.95796216,fixed
12.019209600024624,5,0.836,-0.01162286,-2.3245720000000003,9.71671096,1.9433421920000002,fixed
12.04085890002898,5,0.836,-0.0117012,-2.34024,9.7822032,1.95644064,fixed
12.066116600006353,5,0.836,-0.01173581,-2.347162,9.81113716,1.962227432,fixed
12.087829900032375,5,0.836,-0.01159007,-2.318014,9.68929852,1.9378597039999998,fixed
12.112641100015026,5,0.836,-0.01162104,-2.3242079999999996,9.71518944,1.9430378879999997,fixed
12.133829200000037,6,0.89,-0.01080148,-2.1602959999999998,9.613317200000001,1.9226634399999998,fixed
12.159168499987572,6,0.891,-0.0107359,-2.1471799999999996,9.5656869,1.9131373799999998,fixed
12.181133599980967,6,0.891,-0.0108689,-2.17378,9.684189900000002,1.93683798,fixed
12.207084499998018,6,0.891,-0.01089622,-2.1792439999999997,9.70853202,1.9417064039999998,fixed
12.227849799994146,6,0.891,-0.01076323,-2.152646,9.59003793,1.9180075859999999,fixed
12.253668899997137,6,0.891,-0.01079238,-2.1584760000000003,9.616010580000001,1.9232021160000004,fixed
12.274747899995418,6,0.891,-0.01074501,-2.149002,9.573803909999999,1.9147607819999999,fixed
12.300656099978369,6,0.891,-0.01072497,-2.144994,9.55594827,1.9111896540000002,fixed
12.321963299997151,6,0.891,-0.01090716,-2.181432,9.718279560000001,1.943655912,fixed
12.348758999985876,6,0.891,-0.0108944,-2.1788800000000004,9.706910400000002,1.9413820800000003,fixed
12.369726199976867,6,0.891,-0.01081971,-2.163942,9.64036161,1.928072322,fixed
12.39518289998523,6,0.891,-0.01086161,-2.1723220000000003,9.677694510000002,1.9355389020000002,fixed
12.416742300003534,6,0.891,-0.01072133,-2.144266,9.552705029999998,1.910541006,fixed
12.43808789999457,6,0.891,-0.01074319,-2.148638,9.57218229,1.9144364580000002,fixed
12.459732199989958,6,0.891,-0.01081424,-2.162848,9.63548784,1.927097568,fixed
12.48064609998255,6,0.891,-0.0108525,-2.1704999999999997,9.6695775,1.9339154999999997,fixed
12.506377099984093,6,0.891,-0.01089623,-2.179246,9.70854093,1.941708186,fixed
12.527707200002624,6,0.891,-0.01075048,-2.150096,9.57867768,1.9157355360000001,fixed
12.553694799978985,6,0.891,-0.01078327,-2.156654,9.60789357,1.921578714,fixed
12.574664099985966,6,0.891,-0.01074501,-2.149002,9.573803909999999,1.9147607819999999,fixed
12.59565649999422,6,0.891,-0.01071222,-2.1424440000000002,9.544588019999999,1.9089176040000002,fixed
12.616664000001037,6,0.891,-0.01071769,-2.1435380000000004,9.54946179,1.9098923580000005,fixed
12.637642699992284,6,0.891,-0.0107359,-2.1471799999999996,9.5656869,1.9131373799999998,fixed
12.66290189998108,6,0.891,-0.01076141,-2.1522820000000005,9.58841631,1.9176832620000004,fixed
12.68366499998956,6,0.891,-0.01081788,-2.163576,9.638731080000001,1.927746216,fixed
12.704638399998657,6,0.891,-0.01073044,-2.146088,9.560822040000001,1.9121644080000002,fixed
12.726592699997127,6,0.891,-0.01070858,-2.141716,9.541344780000001,1.9082689560000001,fixed
12.747661799978232,6,0.891,-0.01073955,-2.1479100000000004,9.568939050000001,1.9137878100000003,fixed
12.773119299992686,6,0.891,-0.0107687,-2.15374,9.5949117,1.9189823400000001,fixed
12.794646499998635,6,0.891,-0.01074137,-2.148274,9.57056067,1.9141121339999998,fixed
12.820229399978416,6,0.891,-0.01070858,-2.141716,9.541344780000001,1.9082689560000001,fixed
12.8416687999852,6,0.891,-0.01089258,-2.178516,9.705288780000002,1.9410577560000002,fixed
12.86705040000379,6,0.891,-0.01088347,-2.176694,9.697171769999999,1.9394343539999999,fixed
12.888666999991983,6,0.891,-0.01076505,-2.15301,9.59165955,1.91833191,fixed
12.912825099978363,6,0.891,-0.01080331,-2.160662,9.625749209999999,1.925149842,fixed
12.933608299994376,6,0.891,-0.01083428,-2.166856,9.65334348,1.9306686960000001,fixed
12.954647499980638,6,0.891,-0.01074865,-2.14973,9.57704715,1.91540943,fixed
12.975688599981368,6,0.891,-0.01070676,-2.141352,9.53972316,1.907944632,fixed
12.996592499985127,6,0.891,-0.01071951,-2.1439019999999998,9.551083409999999,1.9102166819999997,fixed
13.021885599999223,6,0.891,-0.01074501,-2.149002,9.573803909999999,1.9147607819999999,fixed
13.042581999994582,6,0.891,-0.01089258,-2.178516,9.705288780000002,1.9410577560000002,fixed
13.067443999985699,6,0.891,-0.01083792,-2.1675839999999997,9.656586719999998,1.9313173439999998,fixed
13.088561799988383,6,0.891,-0.01076141,-2.1522820000000005,9.58841631,1.9176832620000004,fixed
13.11444509998546,6,0.891,-0.01079056,-2.158112,9.61438896,1.922877792,fixed
13.135547899990343,6,0.891,-0.01069947,-2.1398940000000004,9.533227770000002,1.9066455540000005,fixed
13.162292599998182,6,0.891,-0.01070858,-2.141716,9.541344780000001,1.9082689560000001,fixed
13.18349229998421,6,0.891,-0.01084339,-2.168678,9.66146049,1.932292098,fixed
13.208359799988102,6,0.891,-0.01075776,-2.1515519999999997,9.58516416,1.9170328319999999,fixed
13.229528700001538,6,0.891,-0.01079238,-2.1584760000000003,9.616010580000001,1.9232021160000004,fixed
13.25605589998304,6,0.891,-0.01084157,-2.168314,9.65983887,1.931967774,fixed
13.277522299991688,6,0.891,-0.01074501,-2.149002,9.573803909999999,1.9147607819999999,fixed
13.302324299991596,6,0.891,-0.01077234,-2.154468,9.59815494,1.919630988,fixed
13.32354199999827,6,0.891,-0.01085432,-2.1708640000000003,9.67119912,1.9342398240000003,fixed
13.344523699983256,6,0.891,-0.01076141,-2.1522820000000005,9.58841631,1.9176832620000004,fixed
13.365488199982792,6,0.891,-0.0107104,-2.14208,9.542966400000001,1.90859328,fixed
13.386491399985971,6,0.891,-0.0107104,-2.14208,9.542966400000001,1.90859328,fixed
13.41295060000266,6,0.891,-0.01072133,-2.144266,9.552705029999998,1.910541006,fixed
13.434513299987884,6,0.891,-0.01074137,-2.148274,9.57056067,1.9141121339999998,fixed
13.45986949998769,6,0.891,-0.01069765,-2.1395299999999997,9.53160615,1.9063212299999999,fixed
13.481488599994918,6,0.891,-0.01086525,-2.17305,9.68093775,1.9361875499999999,fixed
13.506967900000745,6,0.891,-0.01088165,-2.17633,9.695550149999999,1.9391100300000002,fixed
13.52847560000373,6,0.891,-0.01074137,-2.148274,9.57056067,1.9141121339999998,fixed
13.553853599994909,6,0.891,-0.01077781,-2.155562,9.60302871,1.9206057420000002,fixed
13.575444899994181,6,0.891,-0.01070675,-2.14135,9.53971425,1.9079428500000002,fixed
13.600669999985257,6,0.891,-0.01070311,-2.140622,9.53647101,1.907294202,fixed
13.621449899976142,6,0.891,-0.01086708,-2.173416,9.68256828,1.936513656,fixed
13.64243449998321,6,0.891,-0.0108944,-2.1788800000000004,9.706910400000002,1.9413820800000003,fixed
13.66392160000396,6,0.891,-0.01085796,-2.171592,9.67444236,1.934888472,fixed
13.685418599983677,6,0.891,-0.01071404,-2.1428079999999996,9.546209639999999,1.9092419279999997,fixed
13.706376199988881,6,0.891,-0.01071222,-2.1424440000000002,9.544588019999999,1.9089176040000002,fixed
13.730592899984913,6,0.891,-0.01073044,-2.146088,9.560822040000001,1.9121644080000002,fixed
13.751396399980877,6,0.891,-0.01087801,-2.175602,9.692306910000001,1.938461382,fixed
13.774285199993756,6,0.891,-0.0109108,-2.18216,9.7215228,1.9443045600000002,fixed
13.795389199978672,6,0.891,-0.01072497,-2.144994,9.55594827,1.9111896540000002,fixed
13.821130399999674,6,0.891,-0.01072315,-2.1446300000000003,9.55432665,1.9108653300000003,fixed
13.842374100000598,6,0.891,-0.01091262,-2.182524,9.723144419999999,1.944628884,fixed
13.867611299996497,6,0.891,-0.01087618,-2.175236,9.69067638,1.938135276,fixed
13.888370999979088,6,0.891,-0.01075412,-2.150824,9.58192092,1.916384184,fixed
13.909343099978287,6,0.891,-0.01078509,-2.157018,9.609515190000002,1.921903038,fixed
13.930340199993225,6,0.891,-0.01082517,-2.165034,9.64522647,1.929045294,fixed
13.951328099996317,6,0.891,-0.0108689,-2.17378,9.684189900000002,1.93683798,fixed
13.97650910000084,6,0.891,-0.01090533,-2.181066,9.71664903,1.943329806,fixed
13.997317000001203,6,0.891,-0.0107359,-2.1471799999999996,9.5656869,1.9131373799999998,fixed
14.018322299991269,6,0.891,-0.01075959,-2.1519179999999998,9.58679469,1.9173589379999998,fixed
14.039411999983713,6,0.891,-0.01079603,-2.159206,9.619262729999999,1.9238525460000002,fixed
14.060309199994663,6,0.891,-0.01083793,-2.167586,9.65659563,1.931319126,fixed
14.081307799991919,6,0.891,-0.01087983,-2.175966,9.693928529999999,1.938785706,fixed
14.102468600001885,6,0.891,-0.01091444,-2.1828879999999997,9.724766039999999,1.9449532079999998,fixed
14.123245800001314,6,0.891,-0.01088165,-2.17633,9.695550149999999,1.9391100300000002,fixed
14.149129299999913,7,0.847,-0.01150814,-2.301628,9.747394579999998,1.949478916,fixed
14.17027020000387,7,0.846,-0.01153,-2.306,9.75438,1.950876,fixed
14.19502640000428,7,0.846,-0.01157008,-2.314016,9.78828768,1.957657536,fixed
14.216276499995729,7,0.846,-0.01141886,-2.283772,9.66035556,1.9320711119999998,fixed
14.242526899994118,7,0.846,-0.0114389,-2.28778,9.6773094,1.93546188,fixed
14.263268599985167,7,0.846,-0.01159376,-2.318752,9.80832096,1.961664192,fixed
14.29026259999955,7,0.846,-0.01151542,-2.303084,9.74204532,1.948409064,fixed
14.31124449998606,7,0.846,-0.01157918,-2.315836,9.795986280000001,1.959197256,fixed
14.336057499982417,7,0.846,-0.01161562,-2.323124,9.82681452,1.965362904,fixed
14.357384699978866,7,0.846,-0.01144073,-2.2881460000000002,9.67885758,1.9357715160000002,fixed
14.380446199997095,7,0.846,-0.01146805,-2.29361,9.7019703,1.94039406,fixed
14.40120679998654,7,0.846,-0.01158101,-2.3162019999999997,9.797534459999998,1.9595068919999996,fixed
14.422219200001564,7,0.846,-0.01162108,-2.3242160000000003,9.83143368,1.9662867360000003,fixed
14.443760099995416,7,0.846,-0.01160287,-2.3205739999999997,9.81602802,1.9632056039999997,fixed
14.465202299994417,7,0.846,-0.01144072,-2.288144,9.678849119999999,1.9357698239999999,fixed
14.490339299984043,7,0.846,-0.01142069,-2.284138,9.66190374,1.932380748,fixed
14.511176799976965,7,0.846,-0.01157554,-2.315108,9.79290684,1.958581368,fixed
14.532153799984371,7,0.846,-0.01161197,-2.322394,9.823726619999999,1.964745324,fixed
14.55378469999414,7,0.846,-0.01159558,-2.319116,9.80986068,1.9619721360000002,fixed
14.57515799999237,7,0.846,-0.01144072,-2.288144,9.678849119999999,1.9357698239999999,fixed
14.599645999987843,7,0.846,-0.01141158,-2.282316,9.65419668,1.9308393359999998,fixed
14.621111899992684,7,0.846,-0.01157007,-2.314014,9.78827922,1.9576558439999998,fixed
14.647101699985797,7,0.846,-0.01161197,-2.322394,9.823726619999999,1.964745324,fixed
14.668090499995742,7,0.846,-0.01146077,-2.292154,9.69581142,1.939162284,fixed
14.693364899983862,7,0.846,-0.01149538,-2.299076,9.72509148,1.9450182959999998,fixed
14.714164199976949,7,0.846,-0.01153364,-2.306728,9.75745944,1.951491888,fixed
14.740204300003825,7,0.846,-0.01146076,-2.292152,9.69580296,1.9391605920000001,fixed
14.761142899980769,7,0.846,-0.01157918,-2.315836,9.795986280000001,1.959197256,fixed
14.782126799982507,7,0.846,-0.01162837,-2.3256740000000002,9.83760102,1.9675202040000002,fixed
14.803674499999033,7,0.846,-0.01161744,-2.323488,9.82835424,1.965670848,fixed
14.82507789999363,7,0.846,-0.01146259,-2.2925180000000003,9.697351139999999,1.9394702280000002,fixed
14.850667299993802,7,0.846,-0.01143708,-2.287416,9.67576968,1.9351539359999999,fixed
14.872035499982303,7,0.846,-0.01162108,-2.3242160000000003,9.83143368,1.9662867360000003,fixed
14.893054299987853,7,0.846,-0.01161744,-2.323488,9.82835424,1.965670848,fixed
14.91399829997681,7,0.846,-0.01154092,-2.308184,9.763618319999999,1.9527236639999999,fixed
14.935003799997503,7,0.846,-0.01146441,-2.2928819999999996,9.69889086,1.9397781719999996,fixed
14.959809299994959,7,0.846,-0.01142615,-2.28523,9.666522899999999,1.93330458,fixed
14.981013899989193,7,0.846,-0.01157189,-2.314378,9.78981894,1.957963788,fixed
15.006277999986196,7,0.846,-0.01161926,-2.3238519999999996,9.82989396,1.9659787919999996,fixed
15.027000100002624,7,0.846,-0.01144072,-2.288144,9.678849119999999,1.9357698239999999,fixed
15.052782199985813,7,0.846,-0.01146259,-2.2925180000000003,9.697351139999999,1.9394702280000002,fixed
15.074039600003744,7,0.846,-0.01155003,-2.310006,9.771325379999999,1.954265076,fixed
15.098475699982373,7,0.846,-0.01146441,-2.2928819999999996,9.69889086,1.9397781719999996,fixed
15.11999669999932,7,0.846,-0.01152817,-2.3056340000000004,9.75283182,1.9505663640000004,fixed
15.145909899991238,7,0.846,-0.01156643,-2.313286,9.78519978,1.957039956,fixed
15.166944199998397,7,0.846,-0.01143526,-2.287052,9.67422996,1.934845992,fixed
15.192821799981175,7,0.846,-0.01146077,-2.292154,9.69581142,1.939162284,fixed
15.213968900003238,7,0.846,-0.01155732,-2.311464,9.77749272,1.955498544,fixed
15.234937100001844,7,0.846,-0.01146987,-2.293974,9.70351002,1.9407020039999998,fixed
15.255905899975915,7,0.846,-0.01143344,-2.286688,9.67269024,1.9345380479999998,fixed
15.276912899978925,7,0.846,-0.01143526,-2.287052,9.67422996,1.934845992,fixed
15.302432500000577,7,0.846,-0.01146077,-2.292154,9.69581142,1.939162284,fixed
15.3239193999907,7,0.846,-0.01156825,-2.31365,9.786739500000001,1.9573479,fixed
15.349863599985838,7,0.846,-0.01148263,-2.296526,9.71430498,1.942860996,fixed
15.370908099983353,7,0.846,-0.01156643,-2.313286,9.78519978,1.957039956,fixed
15.395516799995676,7,0.846,-0.01161197,-2.322394,9.823726619999999,1.964745324,fixed
15.41688730000169,7,0.846,-0.01143526,-2.287052,9.67422996,1.934845992,fixed
15.437882300000638,7,0.846,-0.01145894,-2.291788,9.694263240000002,1.938852648,fixed
15.458861699997215,7,0.846,-0.0114972,-2.29944,9.7266312,1.94532624,fixed
15.479863499989733,7,0.846,-0.01152635,-2.3052699999999997,9.751292099999999,1.9502584199999997,fixed
15.505915299989283,7,0.846,-0.01157189,-2.314378,9.78981894,1.957963788,fixed
15.526878899981966,7,0.846,-0.0114389,-2.28778,9.6773094,1.93546188,fixed
15.55181399997673,7,0.846,-0.01146259,-2.2925180000000003,9.697351139999999,1.9394702280000002,fixed
15.572833799989894,7,0.846,-0.01163566,-2.327132,9.84376836,1.968753672,fixed
15.598456599982455,7,0.846,-0.01157918,-2.315836,9.795986280000001,1.959197256,fixed
15.619827899994561,7,0.846,-0.01152089,-2.3041780000000003,9.746672940000002,1.9493345880000001,fixed
15.640826199989533,7,0.846,-0.01157554,-2.315108,9.79290684,1.958581368,fixed
15.661945600004401,7,0.846,-0.01160651,-2.321302,9.81910746,1.9638214920000001,fixed
15.682770799990976,7,0.846,-0.01163019,-2.326038,9.83914074,1.967828148,fixed
15.703726399980951,7,0.846,-0.01158647,-2.317294,9.80215362,1.9604307239999998,fixed
15.725480499997502,7,0.846,-0.0114972,-2.29944,9.7266312,1.94532624,fixed
15.746755799977109,7,0.846,-0.0114389,-2.28778,9.6773094,1.93546188,fixed
15.77207730000373,7,0.846,-0.01145894,-2.291788,9.694263240000002,1.938852648,fixed
15.793705399992177,7,0.846,-0.01157736,-2.315472,9.794446559999999,1.9588893120000002,fixed
15.818542599998182,7,0.846,-0.01150084,-2.300168,9.72971064,1.9459421280000002,fixed
15.839976199989906,7,0.846,-0.01152271,-2.304542,9.74821266,1.949642532,fixed
15.865572799986694,7,0.846,-0.01155368,-2.310736,9.77441328,1.9548826559999999,fixed
15.886701899988111,7,0.846,-0.01143344,-2.286688,9.67269024,1.9345380479999998,fixed
15.90769029999501,7,0.846,-0.01145348,-2.290696,9.68964408,1.9379288159999999,fixed
15.929701799992472,7,0.846,-0.01148263,-2.296526,9.71430498,1.942860996,fixed
15.95068869998795,7,0.846,-0.01155368,-2.310736,9.77441328,1.9548826559999999,fixed
15.975477400003001,7,0.846,-0.01160287,-2.3205739999999997,9.81602802,1.9632056039999997,fixed
15.996675300004426,7,0.846,-0.01144255,-2.2885099999999996,9.6803973,1.9360794599999995,fixed
16.022630799998296,7,0.846,-0.01145894,-2.291788,9.694263240000002,1.938852648,fixed
16.04366119997576,7,0.846,-0.0115974,-2.31948,9.8114004,1.96228008,fixed
16.069306899997173,7,0.846,-0.01150813,-2.3016259999999997,9.73587798,1.9471755959999997,fixed
16.09067320000031,7,0.846,-0.01155732,-2.311464,9.77749272,1.955498544,fixed
16.116269499994814,7,0.846,-0.01159558,-2.319116,9.80986068,1.9619721360000002,fixed
16.137675499980105,7,0.846,-0.01145894,-2.291788,9.694263240000002,1.938852648,fixed
16.159722199983662,8,0.801,-0.01196154,-2.392308,9.58119354,1.916238708,fixed
16.18062469997676,8,0.8,-0.0119998,-2.39996,9.59984,1.9199680000000001,fixed
16.20160929998383,8,0.8,-0.01204716,-2.409432,9.637728,1.9275456,fixed
16.226603899995098,8,0.8,-0.01208177,-2.416354,9.665416,1.9330832000000002,fixed
16.247573400003603,8,0.8,-0.01190506,-2.381012,9.524048,1.9048096,fixed
16.268541400000686,8,0.8,-0.01193057,-2.386114,9.544456,1.9088912000000002,fixed
16.289526099979412,8,0.8,-0.01196154,-2.392308,9.569232000000001,1.9138464,fixed
16.31055510000442,8,0.8,-0.0119998,-2.39996,9.59984,1.9199680000000001,fixed
16.337767199991504,8,0.8,-0.01203077,-2.406154,9.624616000000001,1.9249232,fixed
16.35962319999817,8,0.8,-0.01195425,-2.39085,9.5634,1.91268,fixed
16.38288439999451,8,0.8,-0.01199433,-2.398866,9.595464,1.9190928,fixed
16.40455489998567,8,0.8,-0.01195971,-2.391942,9.567768000000001,1.9135536,fixed
16.42934089998016,8,0.8,-0.01189413,-2.3788259999999997,9.515304,1.9030607999999998,fixed
16.45055449998472,8,0.8,-0.01199797,-2.399594,9.598376,1.9196752000000001,fixed
16.471502699976554,8,0.8,-0.01204352,-2.408704,9.634816,1.9269632000000003,fixed
16.49385689999326,8,0.8,-0.01208906,-2.417812,9.671248,1.9342496000000002,fixed
16.51548719999846,8,0.8,-0.01191234,-2.3824680000000003,9.529872000000001,1.9059744000000003,fixed
16.54114639997715,8,0.8,-0.0118996,-2.37992,9.519680000000001,1.9039359999999999,fixed
16.56244660000084,8,0.8,-0.01209817,-2.419634,9.678536000000001,1.9357072,fixed
16.583456399996066,8,0.8,-0.01207449,-2.414898,9.659592000000002,1.9319184,fixed
16.60442309998325,8,0.8,-0.01199251,-2.3985019999999997,9.594008,1.9188015999999999,fixed
16.62541280000005,8,0.8,-0.01191963,-2.3839259999999998,9.535704,1.9071407999999999,fixed
16.650778099981835,8,0.8,-0.0118996,-2.37992,9.519680000000001,1.9039359999999999,fixed
16.67240499999025,8,0.8,-0.01208906,-2.417812,9.671248,1.9342496000000002,fixed
16.693445799988694,8,0.8,-0.01207631,-2.415262,9.661048000000001,1.9322096,fixed
16.714441699994495,8,0.8,-0.01199797,-2.399594,9.598376,1.9196752000000001,fixed
16.73544910000055,8,0.8,-0.01192874,-2.385748,9.542992,1.9085984,fixed
16.760534899978666,8,0.8,-0.01191053,-2.3821060000000003,9.528424000000001,1.9056848000000004,fixed
16.782419499999378,8,0.8,-0.0121091,-2.42182,9.68728,1.937456,fixed
16.807989299995825,8,0.8,-0.01209271,-2.418542,9.674168,1.9348336000000002,fixed
16.829373799992027,8,0.8,-0.01197976,-2.3959520000000003,9.583808000000001,1.9167616000000003,fixed
16.854785199975595,8,0.8,-0.01200526,-2.401052,9.604208000000002,1.9208416000000001,fixed
16.87639369998942,8,0.8,-0.01191053,-2.3821060000000003,9.528424000000001,1.9056848000000004,fixed
16.901094400003785,8,0.8,-0.01193239,-2.386478,9.545912,1.9091824,fixed
16.922326100000646,8,0.8,-0.01210728,-2.421456,9.685824,1.9371648000000001,fixed
16.947733899985906,8,0.8,-0.01209817,-2.419634,9.678536000000001,1.9357072,fixed
16.96934229999897,8,0.8,-0.01197793,-2.3955859999999998,9.582343999999999,1.9164687999999999,fixed
16.99488129999372,8,0.8,-0.01201619,-2.403238,9.612952000000002,1.9225904,fixed
17.016363899980206,8,0.8,-0.01191235,-2.38247,9.52988,1.9059760000000001,fixed
17.042328199982876,8,0.8,-0.01191235,-2.38247,9.52988,1.9059760000000001,fixed
17.063296699983766,8,0.8,-0.01208177,-2.416354,9.665416,1.9330832000000002,fixed
17.08996699997806,8,0.8,-0.01201437,-2.4028739999999997,9.611496,1.9222991999999999,fixed
17.112036499980604,8,0.8,-0.01204352,-2.408704,9.634816,1.9269632000000003,fixed
17.136233999975957,8,0.8,-0.01207995,-2.41599,9.663960000000001,1.932792,fixed
17.157298599981004,8,0.8,-0.01191235,-2.38247,9.52988,1.9059760000000001,fixed
17.18301269999938,8,0.8,-0.01193967,-2.387934,9.551736,1.9103472000000001,fixed
17.204274999996414,8,0.8,-0.01202894,-2.4057880000000003,9.623152000000001,1.9246304000000003,fixed
17.229208599979756,8,0.8,-0.01194514,-2.389028,9.556112,1.9112224000000002,fixed
17.250218499975745,8,0.8,-0.01200344,-2.400688,9.602752,1.9205504000000002,fixed
17.276044800004456,8,0.8,-0.01203988,-2.407976,9.631904,1.9263808000000002,fixed
17.29724359998363,8,0.8,-0.01190688,-2.381376,9.525504,1.9051008,fixed
17.31826749999891,8,0.8,-0.01193421,-2.386842,9.547368,1.9094736,fixed
17.33925999997882,8,0.8,-0.01196518,-2.393036,9.572144000000002,1.9144288,fixed
17.360234399995534,8,0.8,-0.01200526,-2.401052,9.604208000000002,1.9208416000000001,fixed
17.385668999981135,8,0.8,-0.01205081,-2.410162,9.640648000000002,1.9281296,fixed
17.40720180000062,8,0.8,-0.01192145,-2.38429,9.537160000000002,1.907432,fixed
17.432748399995035,8,0.8,-0.01194878,-2.389756,9.559024,1.9118048000000003,fixed
17.454177899984643,8,0.8,-0.01204534,-2.409068,9.636272000000002,1.9272544,fixed
17.479765900003258,8,0.8,-0.01196518,-2.393036,9.572144000000002,1.9144288,fixed
17.501152299984824,8,0.8,-0.01205809,-2.411618,9.646472000000001,1.9292943999999999,fixed
17.52665960000013,8,0.8,-0.01210364,-2.420728,9.682912000000002,1.9365824,fixed
17.548119899991434,8,0.8,-0.01194696,-2.389392,9.557568,1.9115136000000001,fixed
17.569131500000367,8,0.8,-0.01197793,-2.3955859999999998,9.582343999999999,1.9164687999999999,fixed
17.590082099981373,8,0.8,-0.01201073,-2.402146,9.608584000000002,1.9217168000000002,fixed
17.61113929998828,8,0.8,-0.01205627,-2.411254,9.645016,1.9290032000000001,fixed
17.63708659997792,8,0.8,-0.01210182,-2.420364,9.681455999999999,1.9362912000000003,fixed
17.658131199976197,8,0.8,-0.01195243,-2.390486,9.561944,1.9123888000000002,fixed
17.683398299996043,8,0.8,-0.01198704,-2.3974079999999995,9.589632,1.9179263999999998,fixed
17.70510639998247,8,0.8,-0.01197793,-2.3955859999999998,9.582343999999999,1.9164687999999999,fixed
17.73139979998814,8,0.8,-0.01192692,-2.385384,9.541536,1.9083072000000003,fixed
17.75310509998235,8,0.8,-0.01212186,-2.424372,9.697488,1.9394976000000002,fixed
17.778395899978932,8,0.8,-0.01206173,-2.412346,9.649384000000001,1.9298768,fixed
17.800073199992767,8,0.8,-0.01200708,-2.401416,9.605663999999999,1.9211328000000003,fixed
17.824382299993886,8,0.8,-0.01205445,-2.4108899999999998,9.64356,1.928712,fixed
17.84612569998717,8,0.8,-0.01193421,-2.386842,9.547368,1.9094736,fixed
17.868067100003827,8,0.8,-0.01195061,-2.3901220000000003,9.560488000000001,1.9120976000000003,fixed
17.889124399982393,8,0.8,-0.0119834,-2.39668,9.58672,1.917344,fixed
17.911006999987876,8,0.8,-0.01205627,-2.411254,9.645016,1.9290032000000001,fixed
17.935478100000182,8,0.8,-0.01209635,-2.41927,9.677080000000002,1.935416,fixed
17.957050800003344,8,0.8,-0.01192328,-2.384656,9.538624,1.9077248000000002,fixed
17.98273550000158,8,0.8,-0.01194149,-2.388298,9.553192000000003,1.9106383999999998,fixed
18.004015199985588,8,0.8,-0.0120672,-2.41344,9.65376,1.930752,fixed
18.028714599990053,8,0.8,-0.01197975,-2.39595,9.583800000000002,1.91676,fixed
18.050028400000883,8,0.8,-0.0119998,-2.39996,9.59984,1.9199680000000001,fixed
18.07643299998017,8,0.8,-0.01203623,-2.4072459999999998,9.628984,1.9257967999999999,fixed
18.09800820000237,8,0.8,-0.01193603,-2.387206,9.548824000000002,1.9097648,fixed
18.122758899990004,8,0.8,-0.01196518,-2.393036,9.572144000000002,1.9144288,fixed
18.144003900000826,8,0.8,-0.01207267,-2.414534,9.658136,1.9316272000000003,fixed
18.1659749999817,9,0.854,-0.01138065,-2.27613,9.7190751,1.9438150200000002,fixed
18.188129699992714,9,0.855,-0.01137701,-2.275402,9.72734355,1.94546871,fixed
18.210005699977046,9,0.855,-0.0114517,-2.29034,9.7912035,1.9582407,fixed
18.231764099997235,9,0.855,-0.01148996,-2.297992,9.823915800000002,1.9647831599999999,fixed
18.25299670000095,9,0.855,-0.01156283,-2.312566,9.88621965,1.97724393,fixed
18.273983499995666,9,0.855,-0.01152275,-2.30455,9.851951249999999,1.97039025,fixed
18.295246399997268,9,0.855,-0.01143166,-2.286332,9.7740693,1.9548138599999998,fixed
18.31695109998691,9,0.855,-0.01136607,-2.2732140000000003,9.71798985,1.9435979700000001,fixed
18.342588600004092,9,0.855,-0.01138247,-2.276494,9.73201185,1.94640237,fixed
18.364088200003607,9,0.855,-0.01152822,-2.305644,9.8566281,1.97132562,fixed
18.386033699993277,9,0.855,-0.01138247,-2.276494,9.73201185,1.94640237,fixed
18.40794599999208,9,0.855,-0.01138429,-2.276858,9.73356795,1.9467135899999999,fixed
18.428884499997366,9,0.855,-0.01141891,-2.283782,9.763168049999999,1.95263361,fixed
18.452496099984273,9,0.855,-0.01144988,-2.2899760000000002,9.7896474,1.9579294800000002,fixed
18.473949399980484,9,0.855,-0.01152822,-2.305644,9.8566281,1.97132562,fixed
18.49994079998578,9,0.855,-0.01144259,-2.2885180000000003,9.78341445,1.9566828900000002,fixed
18.52087829998345,9,0.855,-0.01148267,-2.2965340000000003,9.81768285,1.9635365700000003,fixed
18.546057999978075,9,0.855,-0.01153004,-2.306008,9.8581842,1.9716368399999997,fixed
18.56789039997966,9,0.855,-0.01138247,-2.276494,9.73201185,1.94640237,fixed
18.59261749999132,9,0.855,-0.01141344,-2.282688,9.7584912,1.9516982399999998,fixed
18.613836999982595,9,0.855,-0.01153186,-2.306372,9.859740299999999,1.9719480600000001,fixed
18.638418099988485,9,0.855,-0.01144806,-2.289612,9.7880913,1.9576182599999998,fixed
18.65983769999002,9,0.855,-0.01144259,-2.2885180000000003,9.78341445,1.9566828900000002,fixed
18.684795799985295,9,0.855,-0.01148085,-2.29617,9.81612675,1.96322535,fixed
18.705839799979003,9,0.855,-0.01139158,-2.278316,9.7398009,1.9479601799999997,fixed
18.730894799984526,9,0.855,-0.01137336,-2.274672,9.7242228,1.9448445599999997,fixed
18.751853299996583,9,0.855,-0.01152457,-2.3049139999999997,9.85350735,1.9707014699999996,fixed
18.776663500000723,9,0.855,-0.01157194,-2.314388,9.8940087,1.97880174,fixed
18.797817499988014,9,0.855,-0.01138976,-2.277952,9.7382448,1.94764896,fixed
18.82374299998628,9,0.855,-0.01142073,-2.2841460000000002,9.764724150000001,1.95294483,fixed
18.844807299989043,9,0.855,-0.01146445,-2.29289,9.802104749999998,1.9604209499999998,fixed
18.870686699985527,9,0.855,-0.01138976,-2.277952,9.7382448,1.94764896,fixed
18.89180959999794,9,0.855,-0.0115264,-2.3052799999999998,9.855072,1.9710143999999998,fixed
18.916938399983337,9,0.855,-0.01155919,-2.3118380000000003,9.883107449999999,1.97662149,fixed
18.938771799992537,9,0.855,-0.01141344,-2.282688,9.7584912,1.9516982399999998,fixed
18.964862599998014,9,0.855,-0.01143895,-2.28779,9.78030225,1.95606045,fixed
18.9867677000002,9,0.855,-0.01137336,-2.274672,9.7242228,1.9448445599999997,fixed
19.011524000001373,9,0.855,-0.01137883,-2.275766,9.728899649999999,1.9457799299999998,fixed
19.032728299993323,9,0.855,-0.01156101,-2.312202,9.88466355,1.97693271,fixed
19.05372999998508,9,0.855,-0.01155008,-2.310016,9.875318400000001,1.97506368,fixed
19.074976100004278,9,0.855,-0.01147174,-2.294348,9.8083377,1.9616675399999999,fixed
19.096731500001624,9,0.855,-0.01137519,-2.275038,9.72578745,1.94515749,fixed
19.122058599983575,9,0.855,-0.01139158,-2.278316,9.7398009,1.9479601799999997,fixed
19.14405919998535,9,0.855,-0.01156101,-2.312202,9.88466355,1.97693271,fixed
19.168605799990473,9,0.855,-0.01140798,-2.281596,9.753822900000001,1.95076458,fixed
19.18971059998148,9,0.855,-0.01144806,-2.289612,9.7880913,1.9576182599999998,fixed
19.2106766999932,9,0.855,-0.01148632,-2.2972639999999998,9.8208036,1.9641607199999997,fixed
19.231662199978018,9,0.855,-0.01152457,-2.3049139999999997,9.85350735,1.9707014699999996,fixed
19.25264920000336,9,0.855,-0.01157194,-2.314388,9.8940087,1.97880174,fixed
19.278486900002463,9,0.855,-0.01156101,-2.312202,9.88466355,1.97693271,fixed
19.299651299981633,9,0.855,-0.01144806,-2.289612,9.7880913,1.9576182599999998,fixed
19.32483259998844,9,0.855,-0.01148085,-2.29617,9.81612675,1.96322535,fixed
19.346662800002377,9,0.855,-0.011377,-2.2754000000000003,9.727335,1.9454670000000003,fixed
19.370829599996796,9,0.855,-0.01138429,-2.276858,9.73356795,1.9467135899999999,fixed
19.392695899994578,9,0.855,-0.01156283,-2.312566,9.88621965,1.97724393,fixed
19.417184199992334,9,0.855,-0.01156647,-2.313294,9.88933185,1.9778663699999999,fixed
19.438581599999452,9,0.855,-0.01141162,-2.282324,9.756935100000002,1.95138702,fixed
19.464677599986317,9,0.855,-0.01144077,-2.2881539999999996,9.781858349999998,1.9563716699999996,fixed
19.486519700003555,9,0.855,-0.01138976,-2.277952,9.7382448,1.94764896,fixed
19.51197239998146,9,0.855,-0.01139523,-2.279046,9.74292165,1.94858433,fixed
19.53355079999892,9,0.855,-0.01157376,-2.314752,9.8955648,1.97911296,fixed
19.55838639999274,9,0.855,-0.01151546,-2.303092,9.8457183,1.9691436599999999,fixed
19.579529599985108,9,0.855,-0.01144624,-2.2892479999999997,9.7865352,1.9573070399999997,fixed
19.604647999978624,9,0.855,-0.01148267,-2.2965340000000003,9.81768285,1.9635365700000003,fixed
19.626504899992142,9,0.855,-0.01138611,-2.277222,9.73512405,1.94702481,fixed
19.65161449997686,9,0.855,-0.01139158,-2.278316,9.7398009,1.9479601799999997,fixed
19.673493499984033,9,0.855,-0.0115683,-2.31366,9.8908965,1.9781793,fixed
19.69741759999306,9,0.855,-0.01151182,-2.302364,9.8426061,1.9685212199999997,fixed
19.718473199987784,9,0.855,-0.01141344,-2.282688,9.7584912,1.9516982399999998,fixed
19.73949469998479,9,0.855,-0.01143895,-2.28779,9.78030225,1.95606045,fixed
19.76113450000412,9,0.855,-0.01147174,-2.294348,9.8083377,1.9616675399999999,fixed
19.7824509999773,9,0.855,-0.01156101,-2.312202,9.88466355,1.97693271,fixed
19.806812800001353,9,0.855,-0.01157923,-2.3158459999999996,9.900241649999998,1.9800483299999996,fixed
19.828456099989126,9,0.855,-0.01141162,-2.282324,9.756935100000002,1.95138702,fixed
19.853245099977357,9,0.855,-0.01144624,-2.2892479999999997,9.7865352,1.9573070399999997,fixed
19.874394999991637,9,0.855,-0.01152639,-2.305278,9.85506345,1.97101269,fixed
19.895408699987456,9,0.855,-0.01143895,-2.28779,9.78030225,1.95606045,fixed
19.917140099976677,9,0.855,-0.01139887,-2.279774,9.74603385,1.9492067700000002,fixed
19.93836899998132,9,0.855,-0.01141527,-2.283054,9.760055849999999,1.9520111699999998,fixed
19.95937519997824,9,0.855,-0.01144441,-2.288882,9.78497055,1.9569941100000001,fixed
19.98062459999346,9,0.855,-0.01148085,-2.29617,9.81612675,1.96322535,fixed
20.002530099998694,9,0.855,-0.01157012,-2.314024,9.892452599999999,1.9784905199999998,fixed
20.02835119998781,9,0.855,-0.01154826,-2.309652,9.8737623,1.9747524599999997,fixed
20.0493566999794,9,0.855,-0.01145717,-2.2914339999999997,9.79588035,1.9591760699999998,fixed
20.075193700002274,9,0.855,-0.01148267,-2.2965340000000003,9.81768285,1.9635365700000003,fixed
20.09637479999219,9,0.855,-0.01141344,-2.282688,9.7584912,1.9516982399999998,fixed
20.117328099993756,9,0.855,-0.01141344,-2.282688,9.7584912,1.9516982399999998,fixed
20.13883429998532,9,0.855,-0.01143348,-2.286696,9.7756254,1.95512508,fixed
20.160324199998286,9,0.855,-0.01150453,-2.3009060000000003,9.836373150000002,1.9672746300000004,fixed
20.186868899996625,10,0.909,-0.01056474,-2.112948,9.60334866,1.920669732,fixed
20.20828900000197,10,0.91,-0.01041718,-2.083436,9.4796338,1.8959267599999998,fixed
20.2327444999828,10,0.91,-0.01045179,-2.090358,9.511128900000001,1.9022257800000002,fixed
20.25429469998926,10,0.91,-0.01055564,-2.111128,9.6056324,1.9211264799999999,fixed
20.275262999988627,10,0.91,-0.01046455,-2.09291,9.5227405,1.9045481,fixed
20.29654829998617,10,0.91,-0.01040625,-2.08125,9.469687500000001,1.8939374999999998,fixed
20.31722169998102,10,0.91,-0.01039896,-2.0797920000000003,9.4630536,1.8926107200000004,fixed
20.342525899992324,10,0.91,-0.01041718,-2.083436,9.4796338,1.8959267599999998,fixed
20.3633554999833,10,0.91,-0.01059207,-2.118414,9.638783700000001,1.9277567400000002,fixed
20.389400899992324,10,0.91,-0.01055382,-2.110764,9.603976200000002,1.9207952400000001,fixed
20.41029030000209,10,0.91,-0.0104773,-2.09546,9.534343,1.9068686000000001,fixed
20.43553609997616,10,0.91,-0.01051374,-2.102748,9.567503400000001,1.91350068,fixed
20.45718629998737,10,0.91,-0.01039532,-2.079064,9.4597412,1.8919482399999998,fixed
20.48325799999293,10,0.91,-0.01042082,-2.0841640000000003,9.482946200000002,1.8965892400000004,fixed
20.504235000000335,10,0.91,-0.01056292,-2.112584,9.6122572,1.9224514400000001,fixed
20.52892359998077,10,0.91,-0.01047183,-2.094366,9.5293653,1.90587306,fixed
20.550188099994557,10,0.91,-0.01045544,-2.091088,9.514450400000001,1.9028900800000002,fixed
20.576333199976943,10,0.91,-0.01049005,-2.09801,9.545945500000002,1.9091891,fixed
20.597162199992454,10,0.91,-0.01037892,-2.0757839999999996,9.444817200000001,1.8889634399999997,fixed
20.61813709998387,10,0.91,-0.01038985,-2.07797,9.4547635,1.8909527000000002,fixed
20.6391173999873,10,0.91,-0.01042264,-2.084528,9.4846024,1.8969204800000001,fixed
20.660133099998347,10,0.91,-0.01045362,-2.0907240000000002,9.5127942,1.9025588400000002,fixed
20.686114299984183,10,0.91,-0.01050098,-2.100196,9.555891800000001,1.91117836,fixed
20.7071305999998,10,0.91,-0.01038803,-2.077606,9.4531073,1.89062146,fixed
20.732796399999643,10,0.91,-0.01040443,-2.080886,9.468031299999998,1.89360626,fixed
20.754040700005135,10,0.91,-0.01055746,-2.1114919999999997,9.6072886,1.9214577199999998,fixed
20.77980829999433,10,0.91,-0.01047912,-2.095824,9.535999200000001,1.90719984,fixed
20.801070299989078,10,0.91,-0.01049552,-2.0991039999999996,9.5509232,1.9101846399999998,fixed
20.825171599979512,10,0.91,-0.0105356,-2.10712,9.587396000000002,1.9174792,fixed
20.84602840000298,10,0.91,-0.01040625,-2.08125,9.469687500000001,1.8939374999999998,fixed
20.867089299979853,10,0.91,-0.01038985,-2.07797,9.4547635,1.8909527000000002,fixed
20.888009699992836,10,0.91,-0.01040625,-2.08125,9.469687500000001,1.8939374999999998,fixed
20.909073199989507,10,0.91,-0.01042811,-2.085622,9.489580100000001,1.89791602,fixed
20.93450049997773,10,0.91,-0.0104609,-2.09218,9.519419000000001,1.9038838,fixed
20.9560736999847,10,0.91,-0.01042082,-2.0841640000000003,9.482946200000002,1.8965892400000004,fixed
20.980731799994828,10,0.91,-0.01039349,-2.078698,9.458075899999999,1.8916151800000003,fixed
21.002050899987807,10,0.91,-0.01054288,-2.108576,9.594020800000001,1.9188041599999999,fixed
21.023055199999362,10,0.91,-0.01057932,-2.1158639999999997,9.627181199999999,1.9254362399999998,fixed
21.044001899979776,10,0.909,-0.01056839,-2.113678,9.60666651,1.9213333020000003,fixed
21.06504899999709,10,0.91,-0.01049916,-2.099832,9.5542356,1.9108471200000001,fixed
21.08989649999421,10,0.91,-0.01042082,-2.0841640000000003,9.482946200000002,1.8965892400000004,fixed
21.111009899992496,10,0.91,-0.01049552,-2.0991039999999996,9.5509232,1.9101846399999998,fixed
21.136275800003204,10,0.91,-0.0105356,-2.10712,9.587396000000002,1.9174792,fixed
21.157033299998147,10,0.91,-0.01039167,-2.0783340000000003,9.456419700000001,1.8912839400000003,fixed
21.18285919999471,10,0.91,-0.01040807,-2.081614,9.4713437,1.8942687400000002,fixed
21.20399660000112,10,0.909,-0.0105775,-2.1155,9.6149475,1.9229895,fixed
21.22922569999355,10,0.91,-0.01051009,-2.102018,9.5641819,1.9128363800000001,fixed
21.24995029999991,10,0.91,-0.01046455,-2.09291,9.5227405,1.9045481,fixed
21.276553100004094,10,0.91,-0.01049916,-2.099832,9.5542356,1.9108471200000001,fixed
21.297936999995727,10,0.91,-0.01041353,-2.0827060000000004,9.476312300000002,1.8952624600000003,fixed
21.323756400001002,10,0.91,-0.01044086,-2.0881719999999997,9.5011826,1.9002365199999998,fixed
21.34488170000259,10,0.91,-0.01051738,-2.1034759999999997,9.5708158,1.9141631599999998,fixed
21.370135099976324,10,0.91,-0.01043175,-2.08635,9.4928925,1.8985785,fixed
21.390970099979313,10,0.91,-0.01050098,-2.100196,9.555891800000001,1.91117836,fixed
21.417058799997903,10,0.91,-0.01054471,-2.108942,9.5956861,1.9191372199999999,fixed
21.43796409998322,10,0.91,-0.01040989,-2.081978,9.472999900000001,1.89459998,fixed
21.46410709997872,10,0.91,-0.0104354,-2.08708,9.496214,1.8992428,fixed
21.48492869999609,10,0.91,-0.01052102,-2.104204,9.5741282,1.9148256400000003,fixed
21.51007399999071,10,0.91,-0.01044086,-2.0881719999999997,9.5011826,1.9002365199999998,fixed
21.530925200000638,10,0.91,-0.01049916,-2.099832,9.5542356,1.9108471200000001,fixed
21.551921899983427,10,0.91,-0.01054653,-2.109306,9.597342300000001,1.9194684600000003,fixed
21.574161099997582,10,0.91,-0.01059207,-2.118414,9.638783700000001,1.9277567400000002,fixed
21.594900099997176,10,0.91,-0.0105356,-2.10712,9.587396000000002,1.9174792,fixed
21.62049139998271,10,0.91,-0.01045179,-2.090358,9.511128900000001,1.9022257800000002,fixed
21.64187199997832,10,0.91,-0.010552,-2.1104000000000003,9.60232,1.9204640000000004,fixed
21.6665102999832,10,0.91,-0.01060483,-2.120966,9.650395300000001,1.9300790600000002,fixed
21.687842699990142,10,0.91,-0.01042811,-2.085622,9.489580100000001,1.89791602,fixed
21.712301699997624,10,0.91,-0.01044815,-2.08963,9.5078165,1.9015633,fixed
21.73383329997887,10,0.91,-0.01060847,-2.121694,9.6537077,1.9307415400000003,fixed
21.758918299979996,10,0.91,-0.01055564,-2.111128,9.6056324,1.9211264799999999,fixed
21.779836499976227,10,0.91,-0.0104773,-2.09546,9.534343,1.9068686000000001,fixed
21.800781500001904,10,0.91,-0.01051738,-2.1034759999999997,9.5708158,1.9141631599999998,fixed
21.82182979999925,10,0.91,-0.01055746,-2.1114919999999997,9.6072886,1.9214577199999998,fixed
21.8428384999861,10,0.91,-0.01059936,-2.119872,9.645417600000002,1.92908352,fixed
21.868756299983943,10,0.909,-0.01061211,-2.122422,9.64640799,1.929281598,fixed
21.8898231999774,10,0.91,-0.0104773,-2.09546,9.534343,1.9068686000000001,fixed
21.916063599986956,10,0.91,-0.01052103,-2.1042060000000005,9.5741373,1.9148274600000006,fixed
21.962550099997316,10,0.91,-0.01042993,-2.085986,9.4912363,1.8982472600000002,fixed
21.9838370999787,10,0.91,-0.01063215,-2.12643,9.6752565,1.9350513,fixed
22.009754899976542,10,0.909,-0.01057385,-2.1147699999999996,9.61162965,1.9223259299999997,fixed
22.03074389998801,10,0.91,-0.01052103,-2.1042060000000005,9.5741373,1.9148274600000006,fixed
22.05567869998049,10,0.91,-0.01055928,-2.1118560000000004,9.608944800000002,1.9217889600000004,fixed
22.07671249998384,10,0.91,-0.01042629,-2.085258,9.4879239,1.89758478,fixed
22.102541699976427,10,0.91,-0.01042629,-2.085258,9.4879239,1.89758478,fixed
22.12375339999562,10,0.91,-0.0106194,-2.1238799999999998,9.663654,1.9327307999999999,fixed
22.144735699985176,10,0.91,-0.01056839,-2.113678,9.6172349,1.9234469800000003,fixed
22.165707099979045,10,0.91,-0.01047548,-2.0950960000000003,9.5326868,1.9065373600000004,fixed
22.186716800031718,11,0.866,-0.01130419,-2.260838,9.789428540000001,1.957885708,fixed
22.21148210001411,11,0.865,-0.01130236,-2.2604719999999996,9.7765414,1.9553082799999997,fixed
22.232734900026117,11,0.865,-0.01147726,-2.295452,9.927829899999999,1.98556598,fixed
22.253720400010934,11,0.865,-0.01150458,-2.300916,9.951461700000001,1.9902923399999999,fixed
22.274724400020204,11,0.865,-0.01145904,-2.291808,9.9120696,1.98241392,fixed
22.295693500025664,11,0.865,-0.01137524,-2.275048,9.8395826,1.96791652,fixed
22.320963400008623,11,0.865,-0.01132605,-2.26521,9.79703325,1.95940665,fixed
22.34167120003258,11,0.865,-0.01144629,-2.289258,9.90104085,1.9802081699999998,fixed
22.362674700008938,11,0.865,-0.01150094,-2.300188,9.9483131,1.9896626199999998,fixed
22.3838086000178,11,0.865,-0.01152827,-2.305654,9.97195355,1.99439071,fixed
22.404726400010986,11,0.865,-0.01147908,-2.295816,9.929404199999999,1.9858808399999999,fixed
22.430034500022884,11,0.865,-0.01138981,-2.277962,9.85218565,1.97043713,fixed
22.45169280000846,11,0.866,-0.01145722,-2.2914440000000003,9.921952520000001,1.9843905040000003,fixed
22.477820400032215,11,0.865,-0.01149548,-2.299096,9.9435902,1.98871804,fixed
22.49867360002827,11,0.865,-0.01135155,-2.27031,9.81909075,1.9638181499999998,fixed
22.52552170000854,11,0.865,-0.0113643,-2.27286,9.8301195,1.9660239000000002,fixed
22.546572800027207,11,0.865,-0.01132787,-2.265574,9.79860755,1.95972151,fixed
22.57158120002714,11,0.865,-0.01131329,-2.262658,9.785995849999999,1.95719917,fixed
22.592595900030574,11,0.865,-0.01149001,-2.298002,9.93885865,1.98777173,fixed
22.617325500032166,11,0.865,-0.01152098,-2.304196,9.9656477,1.9931295400000002,fixed
22.6385658000072,11,0.865,-0.01134973,-2.269946,9.817516450000001,1.96350329,fixed
22.66417280002497,11,0.865,-0.01137341,-2.274682,9.83799965,1.9675999299999998,fixed
22.685511400020914,11,0.865,-0.01141167,-2.282334,9.87109455,1.97421891,fixed
22.71068900002865,11,0.865,-0.01135337,-2.270674,9.82066505,1.96413301,fixed
22.731514100014465,11,0.865,-0.0114645,-2.2929000000000004,9.9167925,1.9833585000000002,fixed
22.75752160002594,11,0.865,-0.01151187,-2.302374,9.95776755,1.99155351,fixed
22.778478500025813,11,0.865,-0.01136248,-2.272496,9.8285452,1.96570904,fixed
22.80388310001581,11,0.865,-0.01138799,-2.2775980000000002,9.85061135,1.9701222700000003,fixed
22.825508000008995,11,0.865,-0.01142442,-2.284884,9.8821233,1.97642466,fixed
22.849805500009097,11,0.865,-0.0113643,-2.27286,9.8301195,1.9660239000000002,fixed
22.87046260002535,11,0.865,-0.01142442,-2.284884,9.8821233,1.97642466,fixed
22.89147200001753,11,0.865,-0.01146633,-2.293266,9.918375450000001,1.98367509,fixed
22.912677300017094,11,0.865,-0.01150641,-2.301282,9.953044649999999,1.99060893,fixed
22.93347790002008,11,0.865,-0.01155013,-2.310026,9.99086245,1.9981724900000002,fixed
22.95875240000896,11,0.865,-0.01151005,-2.30201,9.95619325,1.99123865,fixed
22.979411400010576,11,0.865,-0.01138617,-2.277234,9.849037049999998,1.96980741,fixed
23.000437000009697,11,0.865,-0.01141896,-2.283792,9.877400399999999,1.97548008,fixed
23.02140850003343,11,0.865,-0.01146633,-2.293266,9.918375450000001,1.98367509,fixed
23.042423100007,11,0.865,-0.01151005,-2.30201,9.95619325,1.99123865,fixed
23.067787600011798,11,0.865,-0.01155195,-2.31039,9.99243675,1.99848735,fixed
23.089404200029094,11,0.865,-0.01138981,-2.277962,9.85218565,1.97043713,fixed
23.114799100032542,11,0.865,-0.01141532,-2.283064,9.8742518,1.97485036,fixed
23.13640490002581,11,0.865,-0.01136613,-2.273226,9.83170245,1.96634049,fixed
23.162822800019057,11,0.865,-0.01134426,-2.268852,9.8127849,1.9625569799999998,fixed
23.184339800005546,11,0.865,-0.0115228,-2.30456,9.967222,1.9934444,fixed
23.210514000005787,11,0.865,-0.01143536,-2.287072,9.891586400000001,1.9783172800000002,fixed
23.231365800020285,11,0.866,-0.01145358,-2.290716,9.91880028,1.9837600560000002,fixed
23.256415700016078,11,0.866,-0.01149366,-2.2987319999999998,9.953509559999999,1.9907019119999998,fixed
23.277420800033724,11,0.865,-0.01134244,-2.268488,9.8112106,1.96224212,fixed
23.303196500026388,11,0.865,-0.01135702,-2.271404,9.8238223,1.96476446,fixed
23.324355100019602,11,0.865,-0.0115228,-2.30456,9.967222,1.9934444,fixed
23.345721200021217,11,0.865,-0.01144446,-2.2888919999999997,9.8994579,1.9798915799999997,fixed
23.367229800031055,11,0.865,-0.01134791,-2.2695819999999998,9.81594215,1.9631884299999998,fixed
23.3883283000323,11,0.865,-0.01135702,-2.271404,9.8238223,1.96476446,fixed
23.41190670002834,11,0.865,-0.01137888,-2.2757759999999996,9.8427312,1.9685462399999996,fixed
23.433306900027674,11,0.865,-0.01153738,-2.3074760000000003,9.979833699999999,1.9959667400000003,fixed
23.457825300021796,11,0.865,-0.01152644,-2.305288,9.9703706,1.99407412,fixed
23.479315800010227,11,0.865,-0.0113807,-2.2761400000000003,9.8443055,1.9688611000000003,fixed
23.504749800020363,11,0.866,-0.0114135,-2.2827,9.884091,1.9768182,fixed
23.526288500026567,11,0.865,-0.01137706,-2.275412,9.8411569,1.9682313800000002,fixed
23.551423400029307,11,0.865,-0.01134791,-2.2695819999999998,9.81594215,1.9631884299999998,fixed
23.572274300007848,11,0.865,-0.01150276,-2.300552,9.949887400000001,1.98997748,fixed
23.593250900012208,11,0.865,-0.01155195,-2.31039,9.99243675,1.99848735,fixed
23.61461520002922,11,0.865,-0.0115392,-2.3078399999999997,9.981407999999998,1.9962815999999997,fixed
23.636275100026978,11,0.865,-0.01138252,-2.276504,9.8458798,1.96917596,fixed
23.66070470001432,11,0.865,-0.01135702,-2.271404,9.8238223,1.96476446,fixed
23.682234400010202,11,0.865,-0.01150094,-2.300188,9.9483131,1.9896626199999998,fixed
23.707866700016893,11,0.865,-0.01155377,-2.310754,9.99401105,1.9988022100000002,fixed
23.729227500007255,11,0.866,-0.01139346,-2.278692,9.866736359999999,1.9733472719999998,fixed
23.7554211000097,11,0.866,-0.01143536,-2.287072,9.90302176,1.980604352,fixed
23.776150600024266,11,0.865,-0.01140621,-2.2812419999999998,9.866371650000001,1.9732743299999997,fixed
23.79714470001636,11,0.865,-0.01137524,-2.275048,9.8395826,1.96791652,fixed
23.818135200010147,11,0.865,-0.01138434,-2.276868,9.8474541,1.9694908199999999,fixed
23.839165200013667,11,0.865,-0.01142078,-2.2841560000000003,9.878974699999999,1.9757949400000003,fixed
23.865138200024376,11,0.865,-0.01144264,-2.2885280000000003,9.8978836,1.9795767200000003,fixed
23.88617830001749,11,0.865,-0.0114226,-2.2845199999999997,9.880548999999998,1.9761097999999997,fixed
23.910997000028146,11,0.865,-0.01138981,-2.277962,9.85218565,1.97043713,fixed
23.932134800008498,11,0.866,-0.01152281,-2.3045619999999998,9.97875346,1.9957506919999999,fixed
23.957501100027002,11,0.865,-0.01156288,-2.312576,10.0018912,2.00037824,fixed
23.979123300028732,11,0.865,-0.01140621,-2.2812419999999998,9.866371650000001,1.9732743299999997,fixed
24.00350670001353,11,0.865,-0.01143353,-2.286706,9.89000345,1.97800069,fixed
24.02505700002075,11,0.865,-0.01151005,-2.30201,9.95619325,1.99123865,fixed
24.049113000015495,11,0.865,-0.01142442,-2.284884,9.8821233,1.97642466,fixed
24.070062100014184,11,0.866,-0.01143718,-2.287436,9.904597879999999,1.980919576,fixed
24.09512030001497,11,0.866,-0.01147908,-2.295816,9.94088328,1.9881766559999998,fixed
24.11606140001095,11,0.865,-0.01142442,-2.284884,9.8821233,1.97642466,fixed
24.13707160000922,11,0.866,-0.01138435,-2.2768699999999997,9.8588471,1.9717694199999998,fixed
24.15798350001569,11,0.866,-0.01138617,-2.277234,9.86042322,1.972084644,fixed
24.17909730001702,11,0.865,-0.01141714,-2.283428,9.8758261,1.9751652199999998,fixed
24.20006590001867,12,0.821,-0.0119835,-2.3967,9.838453499999998,1.9676907,fixed
24.221254300005967,12,0.82,-0.01201993,-2.403986,9.8563426,1.97126852,fixed
24.242061000026297,12,0.82,-0.0120673,-2.4134599999999997,9.895185999999999,1.9790371999999996,fixed
24.268650000012713,12,0.819,-0.01212013,-2.424026,9.926386469999999,1.9852772939999999,fixed
24.29010740001104,12,0.82,-0.01198896,-2.397792,9.830947199999999,1.9661894399999997,fixed
24.31486670000595,12,0.82,-0.01202175,-2.40435,9.857835,1.9715669999999998,fixed
24.336031300015748,12,0.819,-0.01197621,-2.395242,9.808515989999998,1.961703198,fixed
24.357010900013847,12,0.82,-0.01193613,-2.387226,9.7876266,1.95752532,fixed
24.378040600015083,12,0.82,-0.01193795,-2.38759,9.789119,1.9578238,fixed
24.399188000010327,12,0.82,-0.01195617,-2.391234,9.8040594,1.9608118799999998,fixed
24.42313560002367,12,0.82,-0.01199443,-2.398886,9.835432599999999,1.9670865199999998,fixed
24.44427400000859,12,0.819,-0.01213288,-2.426576,9.936828720000001,1.9873657439999997,fixed
24.469664900010685,12,0.819,-0.01207459,-2.4149179999999997,9.889089209999998,1.9778178419999997,fixed
24.491180500015616,12,0.82,-0.01202358,-2.404716,9.8593356,1.97186712,fixed
24.515918000019155,12,0.82,-0.0120673,-2.4134599999999997,9.895185999999999,1.9790371999999996,fixed
24.537272000015946,12,0.82,-0.01194706,-2.389412,9.796589200000001,1.95931784,fixed
24.5625885000336,12,0.82,-0.01196892,-2.3937839999999997,9.814514399999998,1.9629028799999997,fixed
24.583949800027767,12,0.82,-0.01214382,-2.428764,9.957932399999999,1.99158648,fixed
24.609548900014488,12,0.819,-0.01208734,-2.4174680000000004,9.899531459999999,1.9799062920000001,fixed
24.631134400027804,12,0.82,-0.01203269,-2.4065380000000003,9.8668058,1.97336116,fixed
24.656913400016492,12,0.82,-0.01206912,-2.413824,9.896678399999999,1.97933568,fixed
24.678175000008196,12,0.82,-0.01194706,-2.389412,9.796589200000001,1.95931784,fixed
24.704279200028395,12,0.82,-0.01197074,-2.3941480000000004,9.8160068,1.9632013600000002,fixed
24.726088200026425,12,0.819,-0.01200353,-2.400706,9.83089107,1.966178214,fixed
24.751379400026053,12,0.819,-0.01195799,-2.391598,9.793593809999999,1.958718762,fixed
24.77317880000919,12,0.82,-0.01211649,-2.423298,9.9355218,1.9871043599999998,fixed
24.798090600030264,12,0.819,-0.01209098,-2.418196,9.90251262,1.9805025239999998,fixed
24.818859200022416,12,0.82,-0.01196528,-2.393056,9.811529599999998,1.96230592,fixed
24.843995200033532,12,0.82,-0.01199625,-2.39925,9.836924999999999,1.9673849999999997,fixed
24.864997400029097,12,0.819,-0.01210556,-2.421112,9.91445364,1.9828907279999999,fixed
24.890603800013196,12,0.819,-0.012009,-2.4018,9.835371,1.9670742,fixed
24.911815400031628,12,0.82,-0.01207277,-2.414554,9.899671399999999,1.9799342799999997,fixed
24.93642730001011,12,0.819,-0.01211284,-2.422568,9.92041596,1.984083192,fixed
24.957844600023236,12,0.82,-0.01193977,-2.387954,9.7906114,1.95812228,fixed
24.98282490001293,12,0.82,-0.01196164,-2.392328,9.808544800000002,1.96170896,fixed
25.003818700031843,12,0.819,-0.01214017,-2.4280340000000002,9.94279923,1.988559846,fixed
25.02986450001481,12,0.819,-0.01210191,-2.420382,9.91146429,1.9822928579999999,fixed
25.050728900008835,12,0.82,-0.01201993,-2.403986,9.8563426,1.97126852,fixed
25.071757300029276,12,0.82,-0.01206001,-2.412002,9.889208199999999,1.97784164,fixed
25.09284630001639,12,0.82,-0.01210738,-2.4214759999999997,9.9280516,1.9856103199999997,fixed
25.113712000020314,12,0.819,-0.01214746,-2.429492,9.94876974,1.989753948,fixed
25.13847450001049,12,0.819,-0.01210738,-2.4214759999999997,9.915944219999998,1.9831888439999996,fixed
25.1597084000241,12,0.82,-0.01198896,-2.397792,9.830947199999999,1.9661894399999997,fixed
25.184892300021602,12,0.82,-0.01201629,-2.403258,9.8533578,1.97067156,fixed
25.205725400010124,12,0.82,-0.01199989,-2.399978,9.8399098,1.96798196,fixed
25.226736400014488,12,0.82,-0.01193977,-2.387954,9.7906114,1.95812228,fixed
25.247710300027393,12,0.82,-0.01193613,-2.387226,9.7876266,1.95752532,fixed
25.26869890000671,12,0.82,-0.01195435,-2.3908700000000005,9.802567,1.9605134000000002,fixed
25.29375360000995,12,0.82,-0.01197621,-2.395242,9.820492199999999,1.96409844,fixed
25.314740200032247,12,0.819,-0.01210191,-2.420382,9.91146429,1.9822928579999999,fixed
25.33948100003181,12,0.82,-0.012009,-2.4018,9.84738,1.969476,fixed
25.360671600006754,12,0.82,-0.01201629,-2.403258,9.8533578,1.97067156,fixed
25.385164000006625,12,0.82,-0.0120673,-2.4134599999999997,9.895185999999999,1.9790371999999996,fixed
25.406773200025782,12,0.82,-0.01194888,-2.3897760000000003,9.7980816,1.95961632,fixed
25.432367300032638,12,0.82,-0.01193431,-2.386862,9.7861342,1.9572268399999997,fixed
25.45364370002062,12,0.819,-0.01213835,-2.42767,9.94130865,1.9882617299999998,fixed
25.479895100026624,12,0.819,-0.01210738,-2.4214759999999997,9.915944219999998,1.9831888439999996,fixed
25.500673100032145,12,0.82,-0.01201265,-2.4025299999999996,9.850373,1.9700745999999996,fixed
25.52667850002763,12,0.82,-0.01205819,-2.411638,9.887715799999999,1.9775431599999997,fixed
25.547618100012187,12,0.82,-0.01193613,-2.387226,9.7876266,1.95752532,fixed
25.568621900019934,12,0.82,-0.01195435,-2.3908700000000005,9.802567,1.9605134000000002,fixed
25.590438200015342,12,0.82,-0.01198714,-2.397428,9.8294548,1.96589096,fixed
25.61161030002404,12,0.82,-0.01206548,-2.413096,9.893693599999999,1.9787387199999997,fixed
25.637408500013407,12,0.82,-0.01210556,-2.421112,9.9265592,1.9853118399999998,fixed
25.658582000032766,12,0.82,-0.01195981,-2.391962,9.807044199999998,1.9614088399999998,fixed
25.68345500002033,12,0.82,-0.01199625,-2.39925,9.836924999999999,1.9673849999999997,fixed
25.704541600018274,12,0.819,-0.01214017,-2.4280340000000002,9.94279923,1.988559846,fixed
25.730222800018964,12,0.819,-0.01204179,-2.408358,9.862226009999999,1.972445202,fixed
25.75152740001795,12,0.82,-0.01206548,-2.413096,9.893693599999999,1.9787387199999997,fixed
25.77286790002836,12,0.82,-0.0121092,-2.4218400000000004,9.929544,1.9859088000000003,fixed
25.79454450000776,12,0.819,-0.01212195,-2.42439,9.92787705,1.9855754099999998,fixed
25.815507400024217,12,0.819,-0.01204544,-2.4090879999999997,9.865215359999999,1.9730430719999996,fixed
25.83914440002991,12,0.819,-0.01196528,-2.393056,9.799564319999998,1.9599128639999999,fixed
25.86049770002137,12,0.82,-0.01202175,-2.40435,9.857835,1.9715669999999998,fixed
25.886006700020516,12,0.82,-0.01205819,-2.411638,9.887715799999999,1.9775431599999997,fixed
25.907539400010137,12,0.82,-0.01195253,-2.390506,9.8010746,1.9602149199999996,fixed
25.932322300010128,12,0.82,-0.01195981,-2.391962,9.807044199999998,1.9614088399999998,fixed
25.953468900028383,12,0.819,-0.01214928,-2.429856,9.95026032,1.990052064,fixed
25.974509300023783,12,0.819,-0.01213835,-2.42767,9.94130865,1.9882617299999998,fixed
25.995468900015112,12,0.819,-0.01206365,-2.4127300000000003,9.880129349999999,1.9760258700000002,fixed
26.016501300007803,12,0.819,-0.01198896,-2.397792,9.81895824,1.9637916479999997,fixed
26.04147140000714,12,0.82,-0.01195799,-2.391598,9.8055518,1.96111036,fixed
26.062494300014805,12,0.82,-0.01210556,-2.421112,9.9265592,1.9853118399999998,fixed
26.083476200030418,12,0.819,-0.01215292,-2.430584,9.953241479999999,1.990648296,fixed
26.10503800000879,12,0.819,-0.01214199,-2.428398,9.944289809999999,1.988857962,fixed
26.126407900010236,12,0.819,-0.01197803,-2.395606,9.81000657,1.9620013139999999,fixed
26.151484800007893,12,0.82,-0.01193977,-2.387954,9.7906114,1.95812228,fixed
26.172717500012368,12,0.819,-0.01208734,-2.4174680000000004,9.899531459999999,1.9799062920000001,fixed
26.19444660001318,12,0.819,-0.01213106,-2.4262120000000005,9.935338139999999,1.9870676280000004,fixed
26.21672060000128,13,0.874,-0.01128783,-2.2575659999999997,9.86556342,1.9731126839999997,fixed
26.238382399984403,13,0.874,-0.01126779,-2.253558,9.84804846,1.969609692,fixed
26.26078729997971,13,0.874,-0.01129512,-2.259024,9.871934880000001,1.9743869760000001,fixed
26.28236409998499,13,0.874,-0.01140807,-2.281614,9.97065318,1.9941306359999997,fixed
26.307049499999266,13,0.874,-0.0114518,-2.29036,10.0088732,2.0017746400000003,fixed
26.328354999976,13,0.874,-0.01126233,-2.2524659999999996,9.84327642,1.9686552839999998,fixed
26.353675199992722,13,0.874,-0.01128419,-2.2568379999999997,9.86238206,1.9724764119999998,fixed
26.37539719999768,13,0.874,-0.01136981,-2.273962,9.93721394,1.987442788,fixed
26.401216500002192,13,0.874,-0.01128783,-2.2575659999999997,9.86556342,1.9731126839999997,fixed
26.422428299993044,13,0.874,-0.01139714,-2.2794280000000002,9.961100360000001,1.9922200720000003,fixed
26.446989099989878,13,0.874,-0.01144451,-2.2889019999999998,10.00250174,2.0005003479999997,fixed
26.468319899984635,13,0.874,-0.01126233,-2.2524659999999996,9.84327642,1.9686552839999998,fixed
26.494045500003267,13,0.874,-0.01128601,-2.2572020000000004,9.863972740000001,1.9727945480000004,fixed
26.515269800001988,13,0.874,-0.01137346,-2.274692,9.940404039999999,1.9880808079999999,fixed
26.536335499986308,13,0.874,-0.01128965,-2.25793,9.8671541,1.97343082,fixed
26.55766229997971,13,0.874,-0.01125686,-2.251372,9.83849564,1.967699128,fixed
26.57994629998575,13,0.874,-0.01128237,-2.256474,9.860791379999998,1.9721582759999998,fixed
26.60243649999029,13,0.874,-0.0113516,-2.27032,9.921298400000001,1.9842596799999999,fixed
26.6232848999789,13,0.874,-0.01144451,-2.2889019999999998,10.00250174,2.0005003479999997,fixed
26.644293899997137,13,0.874,-0.01145362,-2.290724,10.01046388,2.002092776,fixed
26.66603659998509,13,0.874,-0.01138257,-2.2765139999999997,9.948366179999999,1.9896732359999998,fixed
26.68733539999812,13,0.874,-0.01124593,-2.249186,9.828942819999998,1.965788564,fixed
26.71272670000326,13,0.874,-0.01124775,-2.24955,9.8305335,1.9661067,fixed
26.734241400001338,13,0.874,-0.01143722,-2.287444,9.99613028,1.999226056,fixed
26.75918449999881,13,0.874,-0.01138439,-2.276878,9.949956859999999,1.989991372,fixed
26.780401500000153,13,0.874,-0.01130241,-2.260482,9.87830634,1.975661268,fixed
26.806814499985194,13,0.874,-0.01133884,-2.267768,9.91014616,1.982029232,fixed
26.828269999998156,13,0.874,-0.01124775,-2.24955,9.8305335,1.9661067,fixed
26.853155899996636,13,0.874,-0.0112769,-2.2553799999999997,9.8560106,1.9712021199999998,fixed
26.87422559998231,13,0.874,-0.01144633,-2.289266,10.00409242,2.000818484,fixed
26.89959539999836,13,0.874,-0.01138803,-2.277606,9.953138220000001,1.990627644,fixed
26.921229999978095,13,0.874,-0.0113516,-2.27032,9.921298400000001,1.9842596799999999,fixed
26.947068199981004,13,0.875,-0.01139532,-2.279064,9.970905,1.994181,fixed
26.96822469998733,13,0.874,-0.01125868,-2.251736,9.84008632,1.9680172640000002,fixed
26.993985499982955,13,0.874,-0.01128419,-2.2568379999999997,9.86238206,1.9724764119999998,fixed
27.015141999989282,13,0.874,-0.01139167,-2.278334,9.956319579999999,1.991263916,fixed
27.040507400000934,13,0.874,-0.01130787,-2.261574,9.88307838,1.976615676,fixed
27.06214490000275,13,0.874,-0.01138986,-2.277972,9.95473764,1.9909475280000002,fixed
27.087976199982222,13,0.874,-0.01143904,-2.2878079999999996,9.997720959999999,1.9995441919999997,fixed
27.109157799975947,13,0.874,-0.01128055,-2.25611,9.8592007,1.97184014,fixed
27.13483009999618,13,0.874,-0.01130423,-2.260846,9.87989702,1.9759794039999998,fixed
27.156141499988735,13,0.874,-0.01130787,-2.261574,9.88307838,1.976615676,fixed
27.182298400002765,13,0.874,-0.01126597,-2.2531939999999997,9.84645778,1.9692915559999997,fixed
27.20311849997961,13,0.874,-0.01143722,-2.287444,9.99613028,1.999226056,fixed
27.22410929997568,13,0.874,-0.01145908,-2.291816,10.01523592,2.0030471839999997,fixed
27.245462599996245,13,0.874,-0.01141172,-2.282344,9.97384328,1.9947686560000002,fixed
27.267167299985886,13,0.874,-0.01126962,-2.253924,9.84964788,1.969929576,fixed
27.291660999995656,13,0.874,-0.01126051,-2.252102,9.841685739999999,1.9683371479999998,fixed
27.313096300000325,13,0.874,-0.01143358,-2.286716,9.99294892,1.9985897840000002,fixed
27.33790339998086,13,0.874,-0.01145362,-2.290724,10.01046388,2.002092776,fixed
27.359078299981775,13,0.874,-0.01128419,-2.2568379999999997,9.86238206,1.9724764119999998,fixed
27.38005089998478,13,0.874,-0.01131152,-2.262304,9.88626848,1.9772536959999998,fixed
27.40103849998559,13,0.874,-0.01134249,-2.268498,9.913336260000001,1.9826672520000002,fixed
27.422068399988348,13,0.874,-0.01138803,-2.277606,9.953138220000001,1.990627644,fixed
27.447190499980934,13,0.874,-0.01142629,-2.285258,9.98657746,1.9973154919999998,fixed
27.468016699975124,13,0.874,-0.01126233,-2.2524659999999996,9.84327642,1.9686552839999998,fixed
27.48907019998296,13,0.874,-0.01128419,-2.2568379999999997,9.86238206,1.9724764119999998,fixed
27.510838599991985,13,0.874,-0.01132063,-2.264126,9.89423062,1.9788461240000002,fixed
27.532051699992735,13,0.874,-0.01139168,-2.278336,9.956328319999999,1.991265664,fixed
27.557599499996286,13,0.874,-0.01143722,-2.287444,9.99613028,1.999226056,fixed
27.57903319998877,13,0.874,-0.01129148,-2.258296,9.868753519999999,1.973750704,fixed
27.604328399989754,13,0.874,-0.01132063,-2.264126,9.89423062,1.9788461240000002,fixed
27.62605189997703,13,0.874,-0.01132973,-2.265946,9.90218402,1.980436804,fixed
27.651838099991437,13,0.874,-0.01127872,-2.2557440000000004,9.85760128,1.9715202560000005,fixed
27.673022199975094,13,0.874,-0.01143358,-2.286716,9.99294892,1.9985897840000002,fixed
27.696809499990195,13,0.874,-0.01147002,-2.294004,10.02479748,2.004959496,fixed
27.71796660000109,13,0.874,-0.0112769,-2.2553799999999997,9.8560106,1.9712021199999998,fixed
27.742983599979198,13,0.874,-0.01129512,-2.259024,9.871934880000001,1.9743869760000001,fixed
27.76394189998973,13,0.874,-0.01148094,-2.296188,10.03434156,2.006868312,fixed
27.784976700000698,13,0.874,-0.01143358,-2.286716,9.99294892,1.9985897840000002,fixed
27.805915699980687,13,0.874,-0.01134066,-2.2681320000000005,9.911736840000001,1.9823473680000003,fixed
27.826949099980993,13,0.874,-0.01128601,-2.2572020000000004,9.863972740000001,1.9727945480000004,fixed
27.851880200003507,13,0.874,-0.01126597,-2.2531939999999997,9.84645778,1.9692915559999997,fixed
27.872955699975137,13,0.874,-0.01142629,-2.285258,9.98657746,1.9973154919999998,fixed
27.8938996999932,13,0.874,-0.01144633,-2.289266,10.00409242,2.000818484,fixed
27.915258699998958,13,0.874,-0.01141718,-2.283436,9.97861532,1.995723064,fixed
27.93691879999824,13,0.874,-0.01126051,-2.252102,9.841685739999999,1.9683371479999998,fixed
27.96320279999054,13,0.874,-0.0112514,-2.25028,9.8337236,1.9667447200000001,fixed
27.983898099977523,13,0.874,-0.01145909,-2.291818,10.01524466,2.003048932,fixed
28.007666899997275,13,0.874,-0.01142447,-2.2848940000000004,9.98498678,1.9969973560000003,fixed
28.0288960999751,13,0.874,-0.01126962,-2.253924,9.84964788,1.969929576,fixed
28.049927199986996,13,0.874,-0.01129876,-2.2597519999999998,9.87511624,1.9750232479999998,fixed
28.070885299996007,13,0.874,-0.0113352,-2.26704,9.906964799999999,1.9813929600000002,fixed
28.09187619999284,13,0.874,-0.01137346,-2.274692,9.940404039999999,1.9880808079999999,fixed
28.112877999985358,13,0.874,-0.01142083,-2.284166,9.98180542,1.996361084,fixed
28.13378519998514,13,0.874,-0.01146091,-2.292182,10.01683534,2.0033670679999998,fixed
28.154871899983846,13,0.874,-0.011419,-2.2838000000000003,9.980206,1.9960412000000003,fixed
28.175852999993367,13,0.874,-0.01134249,-2.268498,9.913336260000001,1.9826672520000002,fixed
28.196836199989775,13,0.874,-0.01127508,-2.255016,9.85441992,1.9708839839999999,fixed
28.21785849999287,14,0.928,-0.009980031,-1.9960062,9.261468768,1.8522937536000001,fixed
28.242828199989162,14,0.929,-0.009981481,-1.9962962000000002,9.272795849000001,1.8545591698000004,fixed
28.263825000001816,14,0.929,-0.01015746,-2.031492,9.43628034,1.8872560680000001,fixed
28.288654699979816,14,0.929,-0.01015311,-2.030622,9.43223919,1.8864478380000003,fixed
28.30978939999477,14,0.929,-0.01002558,-2.005116,9.31376382,1.8627527640000001,fixed
28.335288599977503,14,0.929,-0.01004745,-2.00949,9.33408105,1.86681621,fixed
28.356789899989963,14,0.929,-0.009996435,-1.999287,9.286688115,1.857337623,fixed
28.382009599998128,14,0.929,-0.009971461,-1.9942921999999998,9.263487269,1.8526974538,fixed
28.402969199989457,14,0.929,-0.01011299,-2.022598,9.39496771,1.878993542,fixed
28.423807699989993,14,0.929,-0.01017679,-2.035358,9.45423791,1.8908475820000001,fixed
28.445449999999255,14,0.929,-0.01015857,-2.031714,9.43731153,1.8874623060000002,fixed
28.466687199979788,14,0.929,-0.01000919,-2.0018380000000002,9.29853751,1.8597075020000002,fixed
28.491664300003322,14,0.929,-0.009987325,-1.997465,9.278224925,1.855644985,fixed
28.51270019999356,14,0.929,-0.01012051,-2.024102,9.40195379,1.880390758,fixed
28.538671799993608,14,0.929,-0.01018772,-2.037544,9.46439188,1.892878376,fixed
28.55974050000077,14,0.929,-0.01003287,-2.0065739999999996,9.320536229999998,1.8641072459999997,fixed
28.584675599995535,14,0.929,-0.0100602,-2.01204,9.3459258,1.86918516,fixed
28.605696899991017,14,0.929,-0.01009845,-2.0196899999999998,9.38146005,1.8762920099999998,fixed
28.626657099986915,14,0.929,-0.01002194,-2.004388,9.310382259999999,1.8620764520000002,fixed
28.648080699989805,14,0.929,-0.01000008,-2.000016,9.29007432,1.858014864,fixed
28.669647299975622,14,0.929,-0.01003287,-2.0065739999999996,9.320536229999998,1.8641072459999997,fixed
28.69392419999349,14,0.929,-0.01006202,-2.012404,9.34761658,1.8695233160000002,fixed
28.71463859998039,14,0.929,-0.01017133,-2.0342659999999997,9.44916557,1.8898331139999998,fixed
28.73569519998273,14,0.929,-0.01009117,-2.018234,9.37469693,1.874939386,fixed
28.75667619999149,14,0.929,-0.0100183,-2.00366,9.307000700000001,1.8614001400000002,fixed
28.77768569998443,14,0.929,-0.009994613,-1.9989225999999998,9.284995476999999,1.8569990954,fixed
28.79866739999852,14,0.929,-0.009999643,-1.9999286,9.289668347000001,1.8579336694000002,fixed
28.819548899977235,14,0.929,-0.01001906,-2.003812,9.307706739999999,1.861541348,fixed
28.840592900000047,14,0.929,-0.0100602,-2.01204,9.3459258,1.86918516,fixed
28.8658089999808,14,0.929,-0.01009846,-2.019692,9.38146934,1.876293868,fixed
28.886568199988687,14,0.929,-0.01001829,-2.0036579999999997,9.30699141,1.861398282,fixed
28.912611699983245,14,0.929,-0.00999097,-1.9981940000000002,9.28161113,1.8563222260000003,fixed
28.933568499982357,14,0.929,-0.01015808,-2.031616,9.43685632,1.8873712640000002,fixed
28.958788299991284,14,0.929,-0.01017497,-2.034994,9.452547130000001,1.8905094260000004,fixed
28.97958089999156,14,0.929,-0.01001829,-2.0036579999999997,9.30699141,1.861398282,fixed
29.00054489998729,14,0.929,-0.01005109,-2.010218,9.337462610000001,1.867492522,fixed
29.02151409999351,14,0.929,-0.0100857,-2.01714,9.3696153,1.87392306,fixed
29.042522199975792,14,0.929,-0.01012761,-2.025522,9.408549690000001,1.8817099380000002,fixed
29.06799789998331,14,0.929,-0.01016768,-2.0335360000000002,9.445774720000001,1.8891549440000004,fixed
29.089462699979777,14,0.929,-0.01000919,-2.0018380000000002,9.29853751,1.8597075020000002,fixed
29.114750399981858,14,0.929,-0.01004016,-2.008032,9.32730864,1.865461728,fixed
29.135893200000282,14,0.929,-0.01009481,-2.0189619999999997,9.37807849,1.8756156979999998,fixed
29.15746869999566,14,0.929,-0.00998186,-1.9963720000000003,9.273147940000001,1.8546295880000003,fixed
29.178462899988517,14,0.929,-0.00997835,-1.99567,9.26988715,1.85397743,fixed
29.19945210000151,14,0.929,-0.009994633,-1.9989265999999997,9.285014057,1.8570028113999997,fixed
29.224142599996412,14,0.929,-0.01001718,-2.0034359999999998,9.305960220000001,1.8611920439999998,fixed
29.245465799991507,14,0.929,-0.01010028,-2.020056,9.383160120000001,1.876632024,fixed
29.270885299978545,14,0.929,-0.0100183,-2.00366,9.307000700000001,1.8614001400000002,fixed
29.29240929998923,14,0.929,-0.0101185,-2.0237000000000003,9.400086500000002,1.8800173000000004,fixed
29.317854399996577,14,0.929,-0.01016404,-2.032808,9.44239316,1.8884786320000002,fixed
29.339372699992964,14,0.929,-0.01001283,-2.0025660000000003,9.30191907,1.8603838140000004,fixed
29.364556099986658,14,0.929,-0.01004198,-2.0083960000000003,9.32899942,1.8657998840000003,fixed
29.38537139998516,14,0.929,-0.01011485,-2.02297,9.39669565,1.87933913,fixed
29.406420399987837,14,0.929,-0.01002558,-2.005116,9.31376382,1.8627527640000001,fixed
29.42762319999747,14,0.929,-0.009989147,-1.9978294,9.279917563000001,1.8559835126000002,fixed
29.448383399983868,14,0.929,-0.009982107,-1.9964214000000002,9.273377403000001,1.8546754806000003,fixed
29.469355199980782,14,0.929,-0.009996511,-1.9993022,9.286758719,1.8573517438000002,fixed
29.490392699983204,14,0.929,-0.0100178,-2.0035600000000002,9.306536200000002,1.8613072400000004,fixed
29.511320999998134,14,0.929,-0.01007295,-2.01459,9.357770550000001,1.8715541100000002,fixed
29.536080999998376,14,0.929,-0.01011485,-2.02297,9.39669565,1.87933913,fixed
29.55734859997756,14,0.929,-0.00998186,-1.9963720000000003,9.273147940000001,1.8546295880000003,fixed
29.57837489998201,14,0.929,-0.009975532,-1.9951064000000003,9.267269228,1.8534538456000003,fixed
29.599320699984673,14,0.929,-0.009989309,-1.9978618000000001,9.280068061000001,1.8560136122000002,fixed
29.62029939997592,14,0.929,-0.01001874,-2.003748,9.30740946,1.861481892,fixed
29.64505769999232,14,0.929,-0.01007842,-2.015684,9.36285218,1.872570436,fixed
29.66630859998986,14,0.929,-0.01003651,-2.007302,9.323917790000001,1.8647835580000003,fixed
29.68735779999406,14,0.929,-0.009992789,-1.9985578,9.283300981000002,1.8566601962,fixed
29.708519499981776,14,0.929,-0.009978663,-1.9957326000000002,9.270177927,1.8540355854000004,fixed
29.729273499979172,14,0.929,-0.009993067,-1.9986134,9.283559243000001,1.8567118486,fixed
29.753800899983617,14,0.929,-0.01001091,-2.002182,9.300135390000001,1.8600270780000001,fixed
29.77526019999641,14,0.929,-0.01011667,-2.0233339999999997,9.39838643,1.879677286,fixed
29.80048919998808,14,0.929,-0.01002558,-2.005116,9.31376382,1.8627527640000001,fixed
29.821270799991908,14,0.929,-0.01006566,-2.013132,9.35099814,1.8701996280000002,fixed
29.84712479999871,14,0.93,-0.01011303,-2.022606,9.4051179,1.8810235800000001,fixed
29.86827330000233,14,0.929,-0.009983682,-1.9967364,9.274840578000001,1.8549681156000002,fixed
29.893242599995574,14,0.929,-0.009992754,-1.9985507999999998,9.283268465999999,1.8566536932,fixed
29.914177099999506,14,0.929,-0.01015839,-2.031678,9.43714431,1.887428862,fixed
29.939429299993208,14,0.929,-0.01012578,-2.025156,9.40684962,1.8813699240000001,fixed
29.960184600000503,14,0.929,-0.01004745,-2.00949,9.33408105,1.86681621,fixed
29.981210300000384,14,0.929,-0.01008206,-2.016412,9.36623374,1.873246748,fixed
30.002163099998143,14,0.929,-0.01012396,-2.024792,9.40515884,1.8810317680000002,fixed
30.02314789997763,14,0.929,-0.01016768,-2.0335360000000002,9.445774720000001,1.8891549440000004,fixed
30.047425900003873,14,0.929,-0.01018044,-2.0360880000000003,9.457628760000002,1.8915257520000004,fixed
30.068225399998482,14,0.929,-0.009994613,-1.9989225999999998,9.284995476999999,1.8569990954,fixed
30.089171100000385,14,0.929,-0.01000246,-2.000492,9.29228534,1.858457068,fixed
30.110794299980626,14,0.929,-0.01005291,-2.0105820000000003,9.33915339,1.8678306780000005,fixed
30.132149399985792,14,0.929,-0.01012578,-2.025156,9.40684962,1.8813699240000001,fixed
30.156821299984585,14,0.929,-0.01017315,-2.0346300000000004,9.450856350000002,1.8901712700000004,fixed
30.17812060000142,14,0.929,-0.01000554,-2.001108,9.295146660000002,1.859029332,fixed
30.19915359999868,14,0.929,-0.0100183,-2.00366,9.307000700000001,1.8614001400000002,fixed
30.22011460000067,15,0.885,-0.01115672,-2.231344,9.8736972,1.97473944,fixed
30.241101399995387,15,0.884,-0.01119497,-2.238994,9.89635348,1.979270696,fixed
30.265874499978963,15,0.884,-0.01123141,-2.246282,9.92856644,1.985713288,fixed
30.287055099994177,15,0.884,-0.01110023,-2.2200460000000004,9.812603320000001,1.9625206640000004,fixed
30.31237569998484,15,0.884,-0.01109841,-2.2196819999999997,9.81099444,1.9621988879999999,fixed
30.33407039998565,15,0.884,-0.01129699,-2.259398,9.98653916,1.997307832,fixed
30.359811200003605,15,0.884,-0.01124598,-2.249196,9.94144632,1.988289264,fixed
30.381049599993275,15,0.884,-0.01118222,-2.2364439999999997,9.88508248,1.9770164959999996,fixed
30.406503299978795,15,0.884,-0.01122594,-2.2451879999999997,9.92373096,1.9847461919999998,fixed
30.428119699994568,15,0.884,-0.01110023,-2.2200460000000004,9.812603320000001,1.9625206640000004,fixed
30.452739000000292,15,0.884,-0.01111845,-2.2236900000000004,9.8287098,1.9657419600000003,fixed
30.47403359998134,15,0.884,-0.01129517,-2.259034,9.98493028,1.9969860560000001,fixed
30.4992514999758,15,0.884,-0.01123869,-2.247738,9.935001960000001,1.9870003920000001,fixed
30.51999239998986,15,0.884,-0.01113667,-2.227334,9.84481628,1.9689632559999999,fixed
30.541030799999135,15,0.884,-0.01117311,-2.234622,9.87702924,1.9754058479999999,fixed
30.56254899999476,15,0.884,-0.01122047,-2.244094,9.91889548,1.9837790960000001,fixed
30.583999700000277,15,0.884,-0.01129152,-2.258304,9.981703679999999,1.9963407359999998,fixed
30.609118799999123,15,0.884,-0.01124233,-2.248466,9.938219720000001,1.987643944,fixed
30.62999960000161,15,0.884,-0.01113121,-2.226242,9.83998964,1.9679979280000002,fixed
30.655654200003482,15,0.884,-0.01116582,-2.233164,9.87058488,1.974116976,fixed
30.6769806999946,15,0.884,-0.01108566,-2.2171320000000003,9.799723440000001,1.9599446880000002,fixed
30.702637699985644,15,0.884,-0.01107837,-2.2156740000000004,9.79327908,1.9586558160000003,fixed
30.723950299987337,15,0.884,-0.01128606,-2.257212,9.97687704,1.995375408,fixed
30.74919449997833,15,0.884,-0.01124233,-2.248466,9.938219720000001,1.987643944,fixed
30.76997369999299,15,0.884,-0.01114214,-2.228428,9.84965176,1.969930352,fixed
30.790928699978394,15,0.884,-0.01117311,-2.234622,9.87702924,1.9754058479999999,fixed
30.811885499977507,15,0.884,-0.01121865,-2.2437300000000002,9.9172866,1.9834573200000003,fixed
30.83286450000014,15,0.884,-0.01126602,-2.2532039999999998,9.95916168,1.9918323359999999,fixed
30.857877499976894,15,0.884,-0.01129153,-2.258306,9.98171252,1.9963425040000002,fixed
30.878871799999615,15,0.884,-0.01112027,-2.2240539999999998,9.83031868,1.9660637359999997,fixed
30.904516599985072,15,0.884,-0.01114396,-2.228792,9.85126064,1.9702521279999998,fixed
30.925851599982707,15,0.884,-0.01116217,-2.2324340000000005,9.86735828,1.9734716560000005,fixed
30.950190899980953,15,0.884,-0.01110388,-2.220776,9.81582992,1.963165984,fixed
30.971893499983707,15,0.884,-0.01121865,-2.2437300000000002,9.9172866,1.9834573200000003,fixed
30.997045800002525,15,0.884,-0.0112642,-2.25284,9.9575528,1.99151056,fixed
31.017810599994846,15,0.884,-0.01109659,-2.219318,9.809385559999999,1.961877112,fixed
31.038822399976198,15,0.884,-0.01111117,-2.222234,9.82227428,1.964454856,fixed
31.059851099998923,15,0.884,-0.01113667,-2.227334,9.84481628,1.9689632559999999,fixed
31.081255500001134,15,0.884,-0.01116764,-2.2335279999999997,9.87219376,1.9744387519999997,fixed
31.106307599984575,15,0.884,-0.01125873,-2.251746,9.95271732,1.990543464,fixed
31.127803799987305,15,0.884,-0.01108748,-2.217496,9.80133232,1.960266464,fixed
31.152457499993034,15,0.884,-0.01110023,-2.2200460000000004,9.812603320000001,1.9625206640000004,fixed
31.17380989997764,15,0.884,-0.01127877,-2.255754,9.97043268,1.994086536,fixed
31.199094699986745,15,0.884,-0.01123687,-2.2473739999999998,9.93339308,1.9866786159999998,fixed
31.22085949999746,15,0.884,-0.01115489,-2.230978,9.86092276,1.9721845519999999,fixed
31.24551499998779,15,0.884,-0.01119679,-2.239358,9.89796236,1.9795924720000002,fixed
31.266771199996583,15,0.884,-0.01109477,-2.218954,9.80777668,1.9615553360000002,fixed
31.293109899997944,15,0.884,-0.01108019,-2.216038,9.79488796,1.958977592,fixed
31.31474659999367,15,0.884,-0.01124416,-2.2488319999999997,9.93983744,1.9879674879999998,fixed
31.340197099983925,15,0.884,-0.01115124,-2.230248,9.85769616,1.971539232,fixed
31.361698399996385,15,0.884,-0.01119679,-2.239358,9.89796236,1.9795924720000002,fixed
31.386559299979126,15,0.884,-0.01123505,-2.24701,9.9317842,1.98635684,fixed
31.407663299993146,15,0.884,-0.01107473,-2.214946,9.79006132,1.958012264,fixed
31.43320169998333,15,0.884,-0.01108748,-2.217496,9.80133232,1.960266464,fixed
31.454977699992014,15,0.884,-0.01123869,-2.247738,9.935001960000001,1.9870003920000001,fixed
31.47945559999789,15,0.884,-0.01108748,-2.217496,9.80133232,1.960266464,fixed
31.500682399986545,15,0.884,-0.01114031,-2.2280620000000004,9.84803404,1.9696068080000004,fixed
31.526069199986523,15,0.884,-0.01117857,-2.235714,9.88185588,1.9763711760000002,fixed
31.547692799998913,15,0.884,-0.01106744,-2.213488,9.78361696,1.956723392,fixed
31.572265800001333,15,0.884,-0.01108384,-2.2167679999999996,9.79811456,1.9596229119999997,fixed
31.593620799976634,15,0.884,-0.01126602,-2.2532039999999998,9.95916168,1.9918323359999999,fixed
31.61484169997857,15,0.884,-0.01124233,-2.248466,9.938219720000001,1.987643944,fixed
31.63666999997804,15,0.884,-0.01115853,-2.231706,9.86414052,1.972828104,fixed
31.65759980000439,15,0.884,-0.0110638,-2.2127600000000003,9.7803992,1.9560798400000003,fixed
31.68326259998139,15,0.884,-0.01108019,-2.216038,9.79488796,1.958977592,fixed
31.704604899976403,15,0.884,-0.01124051,-2.2481020000000003,9.93661084,1.9873221680000002,fixed
31.72982479998609,15,0.884,-0.01116217,-2.2324340000000005,9.86735828,1.9734716560000005,fixed
31.750606599991443,15,0.884,-0.01114578,-2.2291559999999997,9.85286952,1.9705739039999997,fixed
31.775699999998324,15,0.884,-0.0111895,-2.2379000000000002,9.891518,1.9783036000000003,fixed
31.79678479998256,15,0.884,-0.01110205,-2.22041,9.8142122,1.9628424400000002,fixed
31.81773839998641,15,0.884,-0.01107655,-2.2153099999999997,9.7916702,1.9583340399999998,fixed
31.838579999981448,15,0.884,-0.01108748,-2.217496,9.80133232,1.960266464,fixed
31.859709799988195,15,0.884,-0.01111845,-2.2236900000000004,9.8287098,1.9657419600000003,fixed
31.88438390000374,15,0.884,-0.01115307,-2.230614,9.85931388,1.971862776,fixed
31.905464899988146,15,0.884,-0.01118404,-2.236808,9.88669136,1.977338272,fixed
31.926551899989136,15,0.884,-0.01111299,-2.222598,9.82388316,1.9647766320000002,fixed
31.947654499992495,15,0.884,-0.01108202,-2.216404,9.79650568,1.9593011359999999,fixed
31.96853579999879,15,0.884,-0.01109113,-2.218226,9.80455892,1.960911784,fixed
31.994427800003905,15,0.884,-0.01111117,-2.222234,9.82227428,1.964454856,fixed
32.01575170000433,15,0.884,-0.01116946,-2.233892,9.873802640000001,1.974760528,fixed
32.04043389999424,15,0.884,-0.01109477,-2.218954,9.80777668,1.9615553360000002,fixed
32.06144969997695,15,0.884,-0.01118222,-2.2364439999999997,9.88508248,1.9770164959999996,fixed
32.08682999998564,15,0.884,-0.01122594,-2.2451879999999997,9.92373096,1.9847461919999998,fixed
32.108452699991176,15,0.884,-0.01108566,-2.2171320000000003,9.799723440000001,1.9599446880000002,fixed
32.13237759997719,15,0.884,-0.01111117,-2.222234,9.82227428,1.964454856,fixed
32.153433999978006,15,0.884,-0.01127513,-2.255026,9.96721492,1.993442984,fixed
32.174426799989305,15,0.884,-0.01126237,-2.2524740000000003,9.95593508,1.9911870160000003,fixed
32.19542879998335,15,0.884,-0.01118039,-2.236078,9.88346476,1.976692952,fixed
32.21639899999718,15,0.884,-0.01110752,-2.221504,9.81904768,1.9638095359999999,fixed
32.241178399999626,16,0.839,-0.01174858,-2.349716,9.85705862,1.9714117239999998,fixed
32.2624286999926,16,0.839,-0.01189614,-2.379228,9.980861459999998,1.9961722919999998,fixed
32.28747239999939,16,0.839,-0.01194169,-2.388338,10.019077909999998,2.003815582,fixed
32.30838399997447,16,0.839,-0.01174858,-2.349716,9.85705862,1.9714117239999998,fixed
32.32937779999338,16,0.839,-0.01177044,-2.354088,9.875399159999999,1.9750798319999998,fixed
32.350538400001824,16,0.839,-0.01180141,-2.360282,9.901382989999998,1.980276598,fixed
32.37136079999618,16,0.839,-0.01183602,-2.367204,9.930420779999999,1.986084156,fixed
32.392379099997925,16,0.839,-0.01187975,-2.37595,9.96711025,1.99342205,fixed
32.41337939997902,16,0.839,-0.01193076,-2.386152,10.00990764,2.001981528,fixed
32.43450609999127,16,0.838,-0.01191983,-2.383966,9.988817539999998,1.997763508,fixed
32.46021229997859,16,0.839,-0.01184331,-2.3686619999999996,9.93653709,1.9873074179999997,fixed
32.481349199981196,16,0.839,-0.01183602,-2.367204,9.930420779999999,1.986084156,fixed
32.506230400002096,16,0.839,-0.01188339,-2.376678,9.97016421,1.994032842,fixed
32.52731989999302,16,0.839,-0.01173036,-2.3460720000000004,9.84177204,1.9683544080000002,fixed
32.548326799995266,16,0.839,-0.01173947,-2.347894,9.84941533,1.969883066,fixed
32.56928899997729,16,0.839,-0.01176862,-2.353724,9.87387218,1.9747744360000001,fixed
32.59046919998946,16,0.839,-0.01180323,-2.360646,9.90290997,1.980581994,fixed
32.61591699998826,16,0.839,-0.01184331,-2.3686619999999996,9.93653709,1.9873074179999997,fixed
32.63741189998109,16,0.839,-0.01173765,-2.34753,9.84788835,1.9695776699999998,fixed
32.66326529998332,16,0.839,-0.01174675,-2.3493500000000003,9.85552325,1.9711046500000002,fixed
32.684233299980406,16,0.838,-0.01192347,-2.384694,9.99186786,1.998373572,fixed
32.71077509998577,16,0.839,-0.01184878,-2.3697559999999998,9.94112642,1.9882252839999996,fixed
32.732647600001656,16,0.839,-0.01188157,-2.376314,9.968637229999999,1.9937274459999998,fixed
32.757632699998794,16,0.839,-0.01191618,-2.383236,9.997675019999999,1.999535004,fixed
32.77952699997695,16,0.839,-0.01176133,-2.352266,9.86775587,1.973551174,fixed
32.80487049999647,16,0.839,-0.01179594,-2.359188,9.89679366,1.979358732,fixed
32.82674879999831,16,0.839,-0.01175404,-2.350808,9.86163956,1.9723279119999997,fixed
32.851510399981635,16,0.839,-0.01173218,-2.3464359999999997,9.84329902,1.9686598039999996,fixed
32.873445499979425,16,0.839,-0.01192165,-2.3843300000000003,10.002264349999999,2.00045287,fixed
32.89748319998034,16,0.838,-0.01191983,-2.383966,9.988817539999998,1.997763508,fixed
32.91818319997401,16,0.839,-0.01174129,-2.348258,9.850942309999999,1.9701884619999999,fixed
32.93931590000284,16,0.839,-0.01177044,-2.354088,9.875399159999999,1.9750798319999998,fixed
32.96022959999391,16,0.839,-0.01179777,-2.359554,9.89832903,1.979665806,fixed
32.981218699977035,16,0.839,-0.0118342,-2.36684,9.928893799999999,1.9857787599999999,fixed
33.002173099986976,16,0.839,-0.01187064,-2.374128,9.95946696,1.9918933919999997,fixed
33.0233767000027,16,0.839,-0.01191801,-2.3836019999999998,9.999210389999998,1.9998420779999997,fixed
33.04418079997413,16,0.839,-0.01191072,-2.382144,9.993094079999999,1.9986188159999998,fixed
33.0651860999933,16,0.839,-0.01184695,-2.36939,9.93959105,1.98791821,fixed
33.086149999988265,16,0.839,-0.01175769,-2.351538,9.864701909999999,1.972940382,fixed
33.10776069998974,16,0.839,-0.01172671,-2.3453419999999996,9.83870969,1.9677419379999996,fixed
33.132632099994225,16,0.839,-0.01175769,-2.351538,9.864701909999999,1.972940382,fixed
33.15413719997741,16,0.838,-0.01191983,-2.383966,9.988817539999998,1.997763508,fixed
33.17953939997824,16,0.839,-0.01185424,-2.370848,9.94570736,1.989141472,fixed
33.2011045999825,16,0.839,-0.01183238,-2.366476,9.92736682,1.985473364,fixed
33.22643999999855,16,0.839,-0.01187428,-2.374856,9.96252092,1.9925041839999997,fixed
33.24810499997693,16,0.839,-0.01173947,-2.347894,9.84941533,1.969883066,fixed
33.27318949997425,16,0.839,-0.01176315,-2.35263,9.86928285,1.97385657,fixed
33.29406449999078,16,0.839,-0.01191983,-2.383966,10.000737369999998,2.000147474,fixed
33.32042909998563,16,0.839,-0.01185242,-2.3704840000000003,9.94418038,1.9888360760000001,fixed
33.34251679998124,16,0.839,-0.01187064,-2.374128,9.95946696,1.9918933919999997,fixed
33.36699539999245,16,0.839,-0.01191983,-2.383966,10.000737369999998,2.000147474,fixed
33.388095699978294,16,0.839,-0.01173582,-2.347164,9.846352979999999,1.9692705959999999,fixed
33.413234399980865,16,0.839,-0.01175951,-2.351902,9.86622889,1.973245778,fixed
33.43405280000297,16,0.839,-0.01191254,-2.382508,9.994621059999998,1.998924212,fixed
33.455042299989145,16,0.839,-0.01185242,-2.3704840000000003,9.94418038,1.9888360760000001,fixed
33.47695399998338,16,0.839,-0.01175951,-2.351902,9.86622889,1.973245778,fixed
33.498040699982084,16,0.839,-0.01172489,-2.3449780000000002,9.83718271,1.9674365420000002,fixed
33.519025399989914,16,0.839,-0.01175951,-2.351902,9.86622889,1.973245778,fixed
33.5400321999914,16,0.839,-0.01178866,-2.357732,9.890685739999999,1.9781371479999998,fixed
33.56099529998028,16,0.839,-0.01182692,-2.3653839999999997,9.92278588,1.9845571759999996,fixed
33.58563379998668,16,0.839,-0.01186882,-2.3737640000000004,9.95793998,1.9915879960000002,fixed
33.60702169997967,16,0.839,-0.01173582,-2.347164,9.846352979999999,1.9692705959999999,fixed
33.632205299974885,16,0.839,-0.011734,-2.3468,9.844826,1.9689652,fixed
33.652986299974145,16,0.839,-0.01191436,-2.382872,9.99614804,1.9992296079999998,fixed
33.67894269997487,16,0.839,-0.0119344,-2.38688,10.012961599999999,2.00259232,fixed
33.69991789999767,16,0.839,-0.01180141,-2.360282,9.901382989999998,1.980276598,fixed
33.725938099989435,16,0.839,-0.01183602,-2.367204,9.930420779999999,1.986084156,fixed
33.74698129997705,16,0.839,-0.01174675,-2.3493500000000003,9.85552325,1.9711046500000002,fixed
33.76796679999097,16,0.839,-0.01174493,-2.348986,9.85399627,1.970799254,fixed
33.788963699975284,16,0.839,-0.01176315,-2.35263,9.86928285,1.97385657,fixed
33.810276799980784,16,0.839,-0.01178866,-2.357732,9.890685739999999,1.9781371479999998,fixed
33.834961699991254,16,0.839,-0.011867,-2.3734,9.956413000000001,1.9912826000000001,fixed
33.85593849999714,16,0.839,-0.01177773,-2.355546,9.88151547,1.976303094,fixed
33.87689449999016,16,0.839,-0.011734,-2.3468,9.844826,1.9689652,fixed
33.89786749999621,16,0.839,-0.011734,-2.3468,9.844826,1.9689652,fixed
33.918881699995836,16,0.839,-0.01176315,-2.35263,9.86928285,1.97385657,fixed
33.94499899999937,16,0.839,-0.01179594,-2.359188,9.89679366,1.979358732,fixed
33.966170100000454,16,0.839,-0.01178866,-2.357732,9.890685739999999,1.9781371479999998,fixed
33.99206239997875,16,0.839,-0.01174129,-2.348258,9.850942309999999,1.9701884619999999,fixed
34.013169099984225,16,0.839,-0.01192529,-2.385058,10.005318309999998,2.001063662,fixed
34.037957699998515,16,0.838,-0.01188157,-2.376314,9.956755659999999,1.9913511319999997,fixed
34.05882059998112,16,0.839,-0.01176862,-2.353724,9.87387218,1.9747744360000001,fixed
34.085190899990266,16,0.839,-0.01179594,-2.359188,9.89679366,1.979358732,fixed
34.10682309998083,16,0.839,-0.01174493,-2.348986,9.85399627,1.970799254,fixed
34.13077349998639,16,0.839,-0.01174311,-2.3486219999999998,9.852469289999998,1.9704938579999998,fixed
34.15174760000082,16,0.839,-0.01187064,-2.374128,9.95946696,1.9918933919999997,fixed
34.17831829999341,16,0.839,-0.01192165,-2.3843300000000003,10.002264349999999,2.00045287,fixed
34.19988800000283,16,0.839,-0.01179048,-2.358096,9.89221272,1.9784425440000002,fixed
34.22411379998084,16,0.839,-0.01182327,-2.3646540000000003,9.91972353,1.9839447060000002,fixed
34.24579239997547,17,0.793,-0.01219287,-2.438574,9.668945910000001,1.9337891820000002,fixed
34.270711099990876,17,0.793,-0.01214186,-2.4283720000000004,9.628494980000001,1.9256989960000004,fixed
34.29176269998425,17,0.793,-0.01226028,-2.452056,9.722402040000002,1.944480408,fixed
34.31775319998269,17,0.793,-0.01230582,-2.461164,9.758515260000001,1.9517030520000003,fixed
34.33874769997783,17,0.793,-0.01215643,-2.4312859999999996,9.64004899,1.9280097979999997,fixed
34.35974630000419,17,0.793,-0.01218741,-2.437482,9.664616129999999,1.9329232260000002,fixed
34.38072259997716,17,0.793,-0.01222749,-2.445498,9.696399570000002,1.9392799140000003,fixed
34.40170479999506,17,0.793,-0.01226757,-2.453514,9.72818301,1.9456366020000002,fixed
34.42771899999934,17,0.793,-0.01232222,-2.464444,9.77152046,1.9543040919999999,fixed
34.44870159999118,17,0.793,-0.01216737,-2.433474,9.64872441,1.929744882,fixed
34.474553599982755,17,0.793,-0.01220016,-2.440032,9.67472688,1.9349453760000002,fixed
34.49562919998425,17,0.792,-0.01221109,-2.442218,9.671183280000001,1.9342366560000002,fixed
34.52139979999629,17,0.793,-0.01215279,-2.430558,9.63716247,1.927432494,fixed
34.54291150000063,17,0.793,-0.01232404,-2.464808,9.77296372,1.9545927440000002,fixed
34.56780209997669,17,0.792,-0.01229671,-2.4593420000000004,9.738994320000002,1.9477988640000004,fixed
34.589598099992145,17,0.793,-0.01220016,-2.440032,9.67472688,1.9349453760000002,fixed
34.6156234999944,17,0.793,-0.01222931,-2.445862,9.69784283,1.9395685660000002,fixed
34.636576799995964,17,0.793,-0.01216008,-2.432016,9.642943440000002,1.928588688,fixed
34.66149589998531,17,0.793,-0.01215461,-2.430922,9.63860573,1.9277211459999999,fixed
34.68260430000373,17,0.793,-0.01232951,-2.4659020000000003,9.777301430000001,1.9554602860000003,fixed
34.70834399998421,17,0.792,-0.01235866,-2.4717320000000003,9.78805872,1.9576117440000003,fixed
34.72954239998944,17,0.793,-0.01220745,-2.44149,9.680507850000001,1.93610157,fixed
34.75496579997707,17,0.793,-0.01223842,-2.4476839999999997,9.705067060000001,1.941013412,fixed
34.776510900002904,17,0.793,-0.01216008,-2.432016,9.642943440000002,1.928588688,fixed
34.80220829998143,17,0.793,-0.01214733,-2.429466,9.63283269,1.926566538,fixed
34.82360259999405,17,0.792,-0.01235319,-2.470638,9.78372648,1.9567452960000002,fixed
34.84848059999058,17,0.792,-0.01230764,-2.461528,9.74765088,1.9495301760000001,fixed
34.869502099987585,17,0.793,-0.01219651,-2.439302,9.67183243,1.934366486,fixed
34.89046799999778,17,0.793,-0.01223113,-2.4462260000000002,9.69928609,1.9398572180000002,fixed
34.91161579999607,17,0.793,-0.01227303,-2.454606,9.732512790000001,1.9465025580000002,fixed
34.93384519999381,17,0.793,-0.01235501,-2.471002,9.79752293,1.959504586,fixed
34.9592907000042,17,0.792,-0.01221109,-2.442218,9.671183280000001,1.9342366560000002,fixed
34.98049039999023,17,0.793,-0.01222931,-2.445862,9.69784283,1.9395685660000002,fixed
35.00609499998973,17,0.793,-0.01226574,-2.453148,9.726731820000001,1.9453463640000002,fixed
35.027498399984324,17,0.793,-0.0121455,-2.4291,9.631381500000002,1.9262763,fixed
35.05183339997893,17,0.793,-0.01216372,-2.432744,9.64582996,1.9291659920000002,fixed
35.073480199993355,17,0.792,-0.01235137,-2.4702740000000003,9.782285040000001,1.9564570080000003,fixed
35.09447449998697,17,0.792,-0.01231311,-2.462622,9.75198312,1.9503966240000001,fixed
35.116041499975836,17,0.792,-0.01222202,-2.444404,9.679839840000001,1.9359679680000002,fixed
35.137463999999454,17,0.793,-0.01215279,-2.430558,9.63716247,1.927432494,fixed
35.162036399997305,17,0.793,-0.01217283,-2.4345660000000002,9.65305419,1.9306108380000002,fixed
35.18342689998099,17,0.792,-0.01235683,-2.4713659999999997,9.78660936,1.9573218719999999,fixed
35.20440529999905,17,0.792,-0.01231857,-2.463714,9.75630744,1.951261488,fixed
35.22535039999639,17,0.792,-0.01222384,-2.444768,9.68128128,1.936256256,fixed
35.24636829999508,17,0.793,-0.01215826,-2.431652,9.641500180000001,1.9283000360000002,fixed
35.27138359998935,17,0.793,-0.01213457,-2.426914,9.622714010000001,1.9245428020000002,fixed
35.2923684999987,17,0.793,-0.01229854,-2.459708,9.75274222,1.950548444,fixed
35.31760609999765,17,0.792,-0.01233133,-2.466266,9.76641336,1.953282672,fixed
35.339360299985856,17,0.793,-0.0121783,-2.43566,9.657391899999999,1.93147838,fixed
35.36381879998953,17,0.793,-0.01221473,-2.442946,9.68628089,1.9372561780000002,fixed
35.38532479997957,17,0.793,-0.0122202,-2.44404,9.6906186,1.9381237200000003,fixed
35.41155289998278,17,0.793,-0.01215461,-2.430922,9.63860573,1.9277211459999999,fixed
35.433325899997726,17,0.793,-0.01234408,-2.468816,9.78885544,1.957771088,fixed
35.45828339998843,17,0.792,-0.01230218,-2.460436,9.74332656,1.9486653120000001,fixed
35.47933049997664,17,0.793,-0.01218558,-2.437116,9.66316494,1.9326329880000002,fixed
35.500314199976856,17,0.793,-0.01222202,-2.444404,9.69206186,1.9384123720000002,fixed
35.52165369997965,17,0.793,-0.01225846,-2.4516920000000004,9.72095878,1.9441917560000004,fixed
35.54330259998096,17,0.793,-0.01235319,-2.470638,9.796079670000001,1.9592159340000002,fixed
35.56780419999268,17,0.792,-0.01232222,-2.464444,9.759198240000002,1.951839648,fixed
35.589311899995664,17,0.793,-0.01219651,-2.439302,9.67183243,1.934366486,fixed
35.61432199997944,17,0.793,-0.01223113,-2.4462260000000002,9.69928609,1.9398572180000002,fixed
35.63528839999344,17,0.793,-0.01223113,-2.4462260000000002,9.69928609,1.9398572180000002,fixed
35.660600899980636,17,0.792,-0.01215825,-2.4316500000000003,9.629334000000002,1.9258668000000003,fixed
35.68225679997704,17,0.793,-0.01230765,-2.46153,9.75996645,1.9519932900000003,fixed
35.70782209999743,17,0.793,-0.0123459,-2.46918,9.7902987,1.9580597400000002,fixed
35.72925409997697,17,0.793,-0.01218741,-2.437482,9.664616129999999,1.9329232260000002,fixed
35.75429829998757,17,0.793,-0.01221838,-2.443676,9.68917534,1.937835068,fixed
35.775238499976695,17,0.793,-0.01222566,-2.445132,9.69494838,1.938989676,fixed
35.800056099978974,17,0.793,-0.01215826,-2.431652,9.641500180000001,1.9283000360000002,fixed
35.82120969999232,17,0.793,-0.01225481,-2.4509619999999996,9.718064329999999,1.9436128659999998,fixed
35.842187999980524,17,0.793,-0.01230036,-2.460072,9.75418548,1.9508370959999999,fixed
35.86338429999887,17,0.793,-0.01233862,-2.467724,9.78452566,1.9569051320000002,fixed
35.88520729998709,17,0.793,-0.01222384,-2.444768,9.693505120000001,1.938701024,fixed
35.91004069999326,17,0.793,-0.01215461,-2.430922,9.63860573,1.9277211459999999,fixed
35.931193900003564,17,0.793,-0.0122457,-2.44914,9.7108401,1.94216802,fixed
35.95658599998569,17,0.793,-0.01228761,-2.457522,9.74407473,1.9488149460000002,fixed
35.9781440999941,17,0.793,-0.01215279,-2.430558,9.63716247,1.927432494,fixed
36.00404589998652,17,0.793,-0.01218558,-2.437116,9.66316494,1.9326329880000002,fixed
36.025176700000884,17,0.793,-0.01223842,-2.4476839999999997,9.705067060000001,1.941013412,fixed
36.0504611999786,17,0.793,-0.01216737,-2.433474,9.64872441,1.929744882,fixed
36.07226139999693,17,0.793,-0.01230582,-2.461164,9.758515260000001,1.9517030520000003,fixed
36.09716569999,17,0.792,-0.01232222,-2.464444,9.759198240000002,1.951839648,fixed
36.11813540000003,17,0.793,-0.01216372,-2.432744,9.64582996,1.9291659920000002,fixed
36.143464299995685,17,0.793,-0.01219287,-2.438574,9.668945910000001,1.9337891820000002,fixed
36.16516929998761,17,0.793,-0.01225117,-2.450234,9.715177810000002,1.9430355620000002,fixed
36.1901728999801,17,0.793,-0.01217465,-2.43493,9.654497450000001,1.93089949,fixed
36.211131999996724,17,0.793,-0.01226757,-2.453514,9.72818301,1.9456366020000002,fixed
36.23589339997852,17,0.793,-0.01230765,-2.46153,9.75996645,1.9519932900000003,fixed
36.25711899998714,18,0.847,-0.01163748,-2.327496,9.85694556,1.971389112,fixed
36.27809909998905,18,0.848,-0.01165207,-2.330414,9.88095536,1.9761910720000002,fixed
36.29990029998589,18,0.848,-0.01168304,-2.336608,9.90721792,1.981443584,fixed
36.32107789997826,18,0.848,-0.01175044,-2.350088,9.96437312,1.992874624,fixed
36.345668699999806,18,0.848,-0.01179599,-2.359198,10.00299952,2.000599904,fixed
36.36730349998106,18,0.848,-0.01163203,-2.326406,9.863961439999999,1.972792288,fixed
36.39274999999907,18,0.848,-0.01167393,-2.3347860000000003,9.89949264,1.979898528,fixed
36.41404479998164,18,0.848,-0.01181785,-2.36357,10.0215368,2.00430736,fixed
36.43944220000412,18,0.848,-0.01174133,-2.3482659999999997,9.956647839999999,1.9913295679999998,fixed
36.46104039999773,18,0.848,-0.01175227,-2.350454,9.96592496,1.993184992,fixed
36.48203679997823,18,0.848,-0.01179599,-2.359198,10.00299952,2.000599904,fixed
36.50305599998683,18,0.848,-0.01184518,-2.3690360000000004,10.04471264,2.0089425280000004,fixed
36.524024399986956,18,0.848,-0.01183243,-2.366486,10.033900639999999,2.006780128,fixed
36.54990029998589,18,0.848,-0.01175409,-2.350818,9.967468319999998,1.9934936639999998,fixed
36.57102559998748,18,0.848,-0.01175955,-2.35191,9.9720984,1.99441968,fixed
36.59702399998787,18,0.848,-0.01180328,-2.3606559999999996,10.009181439999999,2.001836288,fixed
36.61799489997793,18,0.848,-0.01165753,-2.331506,9.885585439999998,1.977117088,fixed
36.638923499995144,18,0.848,-0.01168668,-2.3373359999999996,9.91030464,1.9820609279999997,fixed
36.659986199985724,18,0.848,-0.01171947,-2.3438939999999997,9.93811056,1.9876221119999997,fixed
36.680960500001675,18,0.848,-0.01175409,-2.350818,9.967468319999998,1.9934936639999998,fixed
36.70199929998489,18,0.848,-0.01179417,-2.358834,10.00145616,2.000291232,fixed
36.72293239997816,18,0.848,-0.01183789,-2.367578,10.038530719999999,2.0077061439999997,fixed
36.74391079999623,18,0.847,-0.01181603,-2.363206,10.00817741,2.0016354819999997,fixed
36.76859429999604,18,0.847,-0.01174315,-2.34863,9.94644805,1.98928961,fixed
36.78993649999029,18,0.848,-0.01170125,-2.34025,9.92266,1.9845320000000002,fixed
36.81097009999212,18,0.848,-0.01173405,-2.34681,9.9504744,1.99009488,fixed
36.83201049998752,18,0.848,-0.01178688,-2.357376,9.995274239999999,1.9990548479999999,fixed
36.85297909998917,18,0.848,-0.01182696,-2.365392,10.029262079999999,2.0058524159999997,fixed
36.878000999975484,18,0.848,-0.01181785,-2.36357,10.0215368,2.00430736,fixed
36.89892969999346,18,0.848,-0.01167757,-2.335514,9.90257936,1.9805158719999998,fixed
36.9199122999853,18,0.848,-0.01170125,-2.34025,9.92266,1.9845320000000002,fixed
36.94123820000095,18,0.848,-0.01174316,-2.3486320000000003,9.95819968,1.991639936,fixed
36.96286269999109,18,0.848,-0.01183425,-2.36685,10.035444,2.0070888,fixed
36.98791519997758,18,0.847,-0.01182696,-2.365392,10.01743512,2.003487024,fixed
37.0089024999761,18,0.848,-0.01167575,-2.33515,9.901036,1.9802072,fixed
37.03456889998051,18,0.848,-0.01170672,-2.3413440000000003,9.92729856,1.9854597120000002,fixed
37.05587270000251,18,0.848,-0.01167028,-2.334056,9.89639744,1.979279488,fixed
37.080972499999916,18,0.848,-0.01164296,-2.328592,9.873230079999999,1.974646016,fixed
37.10289029998239,18,0.848,-0.01183971,-2.367942,10.040074079999998,2.008014816,fixed
37.12704520000261,18,0.847,-0.0118306,-2.36612,10.0205182,2.00410364,fixed
37.14878940000199,18,0.848,-0.01167757,-2.335514,9.90257936,1.9805158719999998,fixed
37.17487869999604,18,0.848,-0.01170854,-2.3417079999999997,9.928841919999998,1.9857683839999998,fixed
37.19576539998525,18,0.848,-0.01167211,-2.334422,9.897949279999999,1.979589856,fixed
37.22032439999748,18,0.848,-0.01164478,-2.3289560000000002,9.87477344,1.9749546880000002,fixed
37.241766199993435,18,0.848,-0.01179781,-2.359562,10.00454288,2.000908576,fixed
37.26279019998037,18,0.848,-0.01184518,-2.3690360000000004,10.04471264,2.0089425280000004,fixed
37.28375669999514,18,0.848,-0.01184518,-2.3690360000000004,10.04471264,2.0089425280000004,fixed
37.30480109999189,18,0.848,-0.01177595,-2.35519,9.9860056,1.99720112,fixed
37.32957949998672,18,0.848,-0.01168486,-2.3369720000000003,9.908761279999998,1.9817522560000003,fixed
37.35095689998707,18,0.848,-0.01175045,-2.3500900000000002,9.964381600000001,1.9928763200000001,fixed
37.376196999975946,18,0.848,-0.0118306,-2.36612,10.0323488,2.00646976,fixed
37.39774009998655,18,0.848,-0.01165571,-2.331142,9.884042079999999,1.976808416,fixed
37.4187069000036,18,0.848,-0.01168486,-2.3369720000000003,9.908761279999998,1.9817522560000003,fixed
37.439713600004325,18,0.848,-0.0117049,-2.34098,9.925755200000001,1.98515104,fixed
37.46065179997822,18,0.848,-0.01173405,-2.34681,9.9504744,1.99009488,fixed
37.48584189999383,18,0.848,-0.01178324,-2.3566480000000003,9.99218752,1.9984375040000002,fixed
37.50763599999482,18,0.848,-0.0116466,-2.32932,9.8763168,1.97526336,fixed
37.52869649999775,18,0.848,-0.01167575,-2.33515,9.901036,1.9802072,fixed
37.54971249998198,18,0.848,-0.01170125,-2.34025,9.92266,1.9845320000000002,fixed
37.57065749997855,18,0.848,-0.01173951,-2.347902,9.95510448,1.991020896,fixed
37.591677999997046,18,0.848,-0.01178141,-2.356282,9.99063568,1.9981271360000001,fixed
37.613045299978694,18,0.848,-0.01182878,-2.365756,10.03080544,2.0061610880000003,fixed
37.63502419998986,18,0.848,-0.0117632,-2.35264,9.975193599999999,1.99503872,fixed
37.65986179999891,18,0.848,-0.0116302,-2.32604,9.8624096,1.9724819199999999,fixed
37.68202979999478,18,0.848,-0.01178141,-2.356282,9.99063568,1.9981271360000001,fixed
37.70711809999193,18,0.847,-0.01183789,-2.367578,10.02669283,2.005338566,fixed
37.7290441999794,18,0.848,-0.01167028,-2.334056,9.89639744,1.979279488,fixed
37.754044799978146,18,0.848,-0.01173405,-2.34681,9.9504744,1.99009488,fixed
37.7761372999812,18,0.848,-0.01167575,-2.33515,9.901036,1.9802072,fixed
37.800587599980645,18,0.848,-0.01164113,-2.328226,9.87167824,1.9743356479999998,fixed
37.82194009999512,18,0.848,-0.01177231,-2.354462,9.982918879999998,1.9965837759999998,fixed
37.84368259998155,18,0.847,-0.01183425,-2.36685,10.023609749999999,2.00472195,fixed
37.86489949998213,18,0.847,-0.01176866,-2.353732,9.96805502,1.993611004,fixed
37.88703459998942,18,0.848,-0.0116466,-2.32932,9.8763168,1.97526336,fixed
37.910306599980686,18,0.848,-0.01166664,-2.3333280000000003,9.893310719999999,1.9786621440000003,fixed
37.93190060000052,18,0.848,-0.01176684,-2.353368,9.97828032,1.995656064,fixed
37.95722829998704,18,0.848,-0.01182878,-2.365756,10.03080544,2.0061610880000003,fixed
37.97876619998715,18,0.848,-0.01166846,-2.333692,9.89485408,1.9789708160000001,fixed
38.002779499976896,18,0.848,-0.01173405,-2.34681,9.9504744,1.99009488,fixed
38.02489649999188,18,0.847,-0.0117723,-2.35446,9.9711381,1.99422762,fixed
38.04959899999085,18,0.848,-0.01164296,-2.328592,9.873230079999999,1.974646016,fixed
38.07089659999474,18,0.848,-0.01173405,-2.34681,9.9504744,1.99009488,fixed
38.09669439998106,18,0.848,-0.01182332,-2.3646640000000003,10.02617536,2.005235072,fixed
38.11885329999495,18,0.848,-0.01167028,-2.334056,9.89639744,1.979279488,fixed
38.14316239999607,18,0.848,-0.01173769,-2.347538,9.95356112,1.9907122240000001,fixed
38.164759699982824,18,0.848,-0.01178324,-2.3566480000000003,9.99218752,1.9984375040000002,fixed
38.18973949999781,18,0.848,-0.01164478,-2.3289560000000002,9.87477344,1.9749546880000002,fixed
38.2117900000012,18,0.848,-0.01176502,-2.353004,9.97673696,1.9953473919999998,fixed
38.235996699979296,18,0.848,-0.01183607,-2.367214,10.036987360000001,2.007397472,fixed
38.257615099981194,18,0.848,-0.01163567,-2.327134,9.867048160000001,1.973409632,fixed
38.28332820002106,19,0.902,-0.01074689,-2.149378,9.693694780000001,1.9387389560000001,fixed
38.30436120001832,19,0.902,-0.01085074,-2.170148,9.78736748,1.9574734960000002,fixed
38.325758500024676,19,0.903,-0.01075965,-2.15193,9.71596395,1.9431927900000001,fixed
38.34734400000889,19,0.903,-0.01070499,-2.1409979999999997,9.66660597,1.933321194,fixed
38.36874600002193,19,0.903,-0.01072321,-2.144642,9.683058630000001,1.9366117260000002,fixed
38.393839000025764,19,0.903,-0.0107888,-2.15776,9.7422864,1.9484572800000002,fixed
38.415391600021394,19,0.903,-0.01075782,-2.1515639999999996,9.71431146,1.9428622919999996,fixed
38.44045800002641,19,0.903,-0.01070317,-2.140634,9.66496251,1.932992502,fixed
38.46155460001319,19,0.903,-0.01082523,-2.165046,9.77518269,1.9550365379999999,fixed
38.48683640002855,19,0.903,-0.01087078,-2.174156,9.81631434,1.963262868,fixed
38.508694700023625,19,0.903,-0.01071774,-2.143548,9.67811922,1.935623844,fixed
38.533625800017035,19,0.903,-0.01078333,-2.1566660000000004,9.73734699,1.9474693980000004,fixed
38.554709200019715,19,0.902,-0.01085074,-2.170148,9.78736748,1.9574734960000002,fixed
38.580612600024324,19,0.903,-0.0107141,-2.14282,9.6748323,1.93496646,fixed
38.60161440001684,19,0.903,-0.01083616,-2.167232,9.78505248,1.9570104959999999,fixed
38.62615170000936,19,0.902,-0.01090539,-2.181078,9.83666178,1.967332356,fixed
38.64767550001852,19,0.903,-0.01071228,-2.142456,9.67318884,1.9346377680000002,fixed
38.669659800012596,19,0.903,-0.010756,-2.1512000000000002,9.712668,1.9425336000000002,fixed
38.69156320000184,19,0.903,-0.01082888,-2.165776,9.778478640000001,1.9556957280000002,fixed
38.71257920001517,19,0.903,-0.01087624,-2.1752480000000003,9.821244720000001,1.9642489440000004,fixed
38.736979800014524,19,0.902,-0.01086167,-2.172334,9.797226340000002,1.9594452680000003,fixed
38.7586112000281,19,0.903,-0.01072503,-2.145006,9.68470209,1.936940418,fixed
38.78436310001416,19,0.903,-0.01078697,-2.157394,9.740633910000001,1.9481267820000001,fixed
38.805592600023374,19,0.902,-0.01076875,-2.15375,9.7134125,1.9426825,fixed
38.82757050002692,19,0.903,-0.01070135,-2.14027,9.66331905,1.9326638100000002,fixed
38.84949960000813,19,0.903,-0.01074872,-2.149744,9.70609416,1.9412188320000001,fixed
38.87058240000624,19,0.903,-0.01077969,-2.155938,9.73406007,1.946812014,fixed
38.89309590001358,19,0.903,-0.01086896,-2.173792,9.814670880000001,1.9629341760000003,fixed
38.91481180003029,19,0.902,-0.01086531,-2.173062,9.80050962,1.960101924,fixed
38.94129790001898,19,0.903,-0.01072685,-2.1453699999999998,9.686345549999999,1.93726911,fixed
38.96253450002405,19,0.903,-0.01087624,-2.1752480000000003,9.821244720000001,1.9642489440000004,fixed
38.98450900000171,19,0.902,-0.01086167,-2.172334,9.797226340000002,1.9594452680000003,fixed
39.00649750002776,19,0.903,-0.01072867,-2.145734,9.68798901,1.937597802,fixed
39.02850720001152,19,0.903,-0.01073596,-2.1471919999999995,9.69457188,1.9389143759999996,fixed
39.05095180001808,19,0.903,-0.0107979,-2.1595799999999996,9.7505037,1.9501007399999997,fixed
39.072523700015154,19,0.903,-0.01088353,-2.1767060000000003,9.827827590000002,1.9655655180000002,fixed
39.09821890000603,19,0.903,-0.01087442,-2.1748839999999996,9.819601259999999,1.9639202519999996,fixed
39.11950680002337,19,0.903,-0.01076511,-2.153022,9.72089433,1.9441788660000001,fixed
39.141505100007635,19,0.903,-0.01083981,-2.167962,9.78834843,1.9576696860000002,fixed
39.1634765000199,19,0.903,-0.01091997,-2.1839939999999998,9.86073291,1.972146582,fixed
39.18551740000839,19,0.902,-0.01078879,-2.157758,9.731488579999999,1.946297716,fixed
39.209888200013665,19,0.903,-0.01072139,-2.1442780000000004,9.681415170000001,1.9362830340000003,fixed
39.23148110002512,19,0.903,-0.01083434,-2.166868,9.78340902,1.956681804,fixed
39.256663900014246,19,0.903,-0.01091086,-2.182172,9.85250658,1.970501316,fixed
39.27842270000838,19,0.903,-0.0107305,-2.1461,9.6896415,1.9379283000000003,fixed
39.302849600004265,19,0.903,-0.01079244,-2.158488,9.74557332,1.9491146640000003,fixed
39.32437810002011,19,0.902,-0.0108726,-2.1745200000000002,9.8070852,1.9614170400000002,fixed
39.3494606000022,19,0.903,-0.01078515,-2.15703,9.738990450000001,1.9477980899999998,fixed
39.371443100011675,19,0.903,-0.01082523,-2.165046,9.77518269,1.9550365379999999,fixed
39.39694280002732,19,0.903,-0.01090539,-2.181078,9.84756717,1.969513434,fixed
39.41835390002234,19,0.903,-0.01072139,-2.1442780000000004,9.681415170000001,1.9362830340000003,fixed
39.44038180002826,19,0.903,-0.01078515,-2.15703,9.738990450000001,1.9477980899999998,fixed
39.46216540000751,19,0.903,-0.01087624,-2.1752480000000003,9.821244720000001,1.9642489440000004,fixed
39.4832762000151,19,0.903,-0.01091268,-2.182536,9.854150039999999,1.9708300079999999,fixed
39.50685850001173,19,0.903,-0.01087624,-2.1752480000000003,9.821244720000001,1.9642489440000004,fixed
39.52823890000582,19,0.903,-0.01072503,-2.145006,9.68470209,1.936940418,fixed
39.54930670000613,19,0.903,-0.01075418,-2.150836,9.71102454,1.9422049080000001,fixed
39.57023880002089,19,0.903,-0.01078333,-2.1566660000000004,9.73734699,1.9474693980000004,fixed
39.591302700020606,19,0.903,-0.01082341,-2.164682,9.77353923,1.954707846,fixed
39.6133198000025,19,0.903,-0.01090721,-2.181442,9.84921063,1.969842126,fixed
39.63536240000394,19,0.903,-0.01078333,-2.1566660000000004,9.73734699,1.9474693980000004,fixed
39.65730460002669,19,0.903,-0.01071592,-2.143184,9.67647576,1.9352951520000001,fixed
39.67979120000382,19,0.903,-0.01075965,-2.15193,9.71596395,1.9431927900000001,fixed
39.70135710001341,19,0.903,-0.01082888,-2.165776,9.778478640000001,1.9556957280000002,fixed
39.723296800017124,19,0.903,-0.01091086,-2.182172,9.85250658,1.970501316,fixed
39.74528890001238,19,0.903,-0.01079426,-2.158852,9.74721678,1.949443356,fixed
39.767301200015936,19,0.903,-0.01071046,-2.142092,9.67154538,1.934309076,fixed
39.79110290002427,19,0.903,-0.010756,-2.1512000000000002,9.712668,1.9425336000000002,fixed
39.812259200029075,19,0.903,-0.01087624,-2.1752480000000003,9.821244720000001,1.9642489440000004,fixed
39.83786230001715,19,0.902,-0.01088717,-2.177434,9.820227339999999,1.964045468,fixed
39.859293700021226,19,0.903,-0.01075782,-2.1515639999999996,9.71431146,1.9428622919999996,fixed
39.88426980000804,19,0.903,-0.01083799,-2.1675980000000004,9.78670497,1.9573409940000004,fixed
39.90625580001506,19,0.903,-0.01073778,-2.1475560000000002,9.696215340000002,1.9392430680000003,fixed
39.931944800016936,19,0.903,-0.01073596,-2.1471919999999995,9.69457188,1.9389143759999996,fixed
39.95380890002707,19,0.903,-0.01091815,-2.18363,9.85908945,1.97181789,fixed
39.979162900010124,19,0.902,-0.01080155,-2.16031,9.742998100000001,1.94859962,fixed
40.000201700022444,19,0.903,-0.01079608,-2.159216,9.74886024,1.9497720479999998,fixed
40.022223600011785,19,0.903,-0.01087624,-2.1752480000000003,9.821244720000001,1.9642489440000004,fixed
40.04423670002143,19,0.902,-0.01088899,-2.177798,9.82186898,1.964373796,fixed
40.06618520000484,19,0.903,-0.01073596,-2.1471919999999995,9.69457188,1.9389143759999996,fixed
40.08813680001185,19,0.903,-0.01072503,-2.145006,9.68470209,1.936940418,fixed
40.11019300002954,19,0.903,-0.01078515,-2.15703,9.738990450000001,1.9477980899999998,fixed
40.13422370000626,19,0.903,-0.01087078,-2.174156,9.81631434,1.963262868,fixed
40.156196000025375,19,0.903,-0.01073232,-2.146464,9.69128496,1.938256992,fixed
40.18188450002344,19,0.903,-0.01072867,-2.145734,9.68798901,1.937597802,fixed
40.203114300005836,19,0.903,-0.01090904,-2.1818079999999997,9.850863120000001,1.970172624,fixed
40.22783600000548,19,0.902,-0.01080337,-2.1606739999999998,9.74463974,1.948927948,fixed
40.249126300011994,19,0.903,-0.01075236,-2.150472,9.709381080000002,1.9418762160000003,fixed
40.275409300025785,19,0.903,-0.01082523,-2.165046,9.77518269,1.9550365379999999,fixed
40.29677309998078,20,0.859,-0.01152095,-2.30419,9.89649605,1.9792992100000002,fixed
40.3213592999964,20,0.858,-0.01153916,-2.307832,9.90059928,1.980119856,fixed
40.343134399998235,20,0.858,-0.01171952,-2.343904,10.05534816,2.0110696320000003,fixed
40.36832559999311,20,0.858,-0.0116011,-2.32022,9.9537438,1.99074876,fixed
40.39005179997184,20,0.858,-0.01157378,-2.314756,9.93030324,1.986060648,fixed
40.414928799989866,20,0.858,-0.01161021,-2.3220419999999997,9.96156018,1.9923120359999997,fixed
40.43611649997183,20,0.858,-0.01152277,-2.304554,9.88653666,1.9773073319999999,fixed
40.46120169997448,20,0.858,-0.01151366,-2.302732,9.87872028,1.9757440559999997,fixed
40.48302519999561,20,0.858,-0.01170677,-2.341354,10.04440866,2.008881732,fixed
40.50895269998,20,0.858,-0.01160293,-2.3205859999999996,9.955313939999998,1.9910627879999996,fixed
40.529734699986875,20,0.858,-0.01157742,-2.315484,9.933426359999999,1.9866852720000001,fixed
40.55481899998267,20,0.858,-0.01161021,-2.3220419999999997,9.96156018,1.9923120359999997,fixed
40.57603589998325,20,0.858,-0.0115173,-2.30346,9.8818434,1.9763686799999998,fixed
40.60161389998393,20,0.858,-0.01151184,-2.3023680000000004,9.87715872,1.9754317440000002,fixed
40.62276599998586,20,0.858,-0.01170677,-2.341354,10.04440866,2.008881732,fixed
40.648222999996506,20,0.858,-0.0116922,-2.33844,10.031907599999998,2.0063815199999997,fixed
40.6700470999931,20,0.858,-0.01157924,-2.315848,9.93498792,1.9869975839999998,fixed
40.69493149998016,20,0.858,-0.01166305,-2.33261,10.0068969,2.00137938,fixed
40.716040599974804,20,0.858,-0.01152823,-2.3056460000000003,9.891221340000001,1.9782442680000003,fixed
40.740463099995395,20,0.858,-0.01151548,-2.303096,9.88028184,1.976056368,fixed
40.76204569998663,20,0.858,-0.01166122,-2.332244,10.00532676,2.0010653520000004,fixed
40.78685339997173,20,0.858,-0.01168855,-2.3377100000000004,10.0287759,2.0057551800000004,fixed
40.807930899987696,20,0.858,-0.01151912,-2.303824,9.88340496,1.9766809920000001,fixed
40.82864809999592,20,0.858,-0.01155009,-2.3100180000000003,9.909977220000002,1.9819954440000003,fixed
40.85105259998818,20,0.858,-0.01158106,-2.316212,9.93654948,1.9873098960000002,fixed
40.872976199985715,20,0.858,-0.01170677,-2.341354,10.04440866,2.008881732,fixed
40.89672909997171,20,0.858,-0.01160475,-2.3209500000000003,9.9568755,1.9913751000000002,fixed
40.917892299970845,20,0.858,-0.0115173,-2.30346,9.8818434,1.9763686799999998,fixed
40.9433189999836,20,0.858,-0.01157378,-2.314756,9.93030324,1.986060648,fixed
40.964881199994124,20,0.858,-0.01161568,-2.323136,9.96625344,1.9932506879999998,fixed
40.9894793999847,20,0.858,-0.01150819,-2.3016379999999996,9.87402702,1.9748054039999996,fixed
41.01056029999745,20,0.858,-0.01161568,-2.323136,9.96625344,1.9932506879999998,fixed
41.03192039998248,20,0.858,-0.01165576,-2.331152,10.000642079999999,2.000128416,fixed
41.0538354999735,20,0.857,-0.01169584,-2.339168,10.02333488,2.0046669759999998,fixed
41.07489569997415,20,0.858,-0.01161568,-2.323136,9.96625344,1.9932506879999998,fixed
41.099707699991995,20,0.858,-0.01150455,-2.30091,9.8709039,1.97418078,fixed
41.120804399979534,20,0.858,-0.01161204,-2.3224080000000002,9.963130320000001,1.9926260640000002,fixed
41.14564469998004,20,0.858,-0.01166305,-2.33261,10.0068969,2.00137938,fixed
41.16683329999796,20,0.858,-0.01151548,-2.303096,9.88028184,1.976056368,fixed
41.191339299984975,20,0.858,-0.01155191,-2.3103819999999997,9.911538779999999,1.9823077559999998,fixed
41.21283449998009,20,0.858,-0.01171041,-2.342082,10.047531779999998,2.009506356,fixed
41.23859489997267,20,0.858,-0.01162843,-2.325686,9.97719294,1.995438588,fixed
41.25948119998793,20,0.858,-0.01157924,-2.315848,9.93498792,1.9869975839999998,fixed
41.28079029999208,20,0.858,-0.01161386,-2.322772,9.96469188,1.9929383760000001,fixed
41.30274529999588,20,0.858,-0.01170677,-2.341354,10.04440866,2.008881732,fixed
41.32376539998222,20,0.858,-0.01169948,-2.339896,10.03815384,2.007630768,fixed
41.348890999972355,20,0.858,-0.01154281,-2.3085620000000002,9.90373098,1.9807461960000001,fixed
41.37049279999337,20,0.858,-0.01161568,-2.323136,9.96625344,1.9932506879999998,fixed
41.39543479998247,20,0.858,-0.01166122,-2.332244,10.00532676,2.0010653520000004,fixed
41.41677219999838,20,0.858,-0.01151548,-2.303096,9.88028184,1.976056368,fixed
41.44230809999863,20,0.858,-0.01155374,-2.310748,9.91310892,1.9826217839999998,fixed
41.46343799997703,20,0.858,-0.01169766,-2.339532,10.036592279999999,2.007318456,fixed
41.48474279997754,20,0.858,-0.01163208,-2.326416,9.98032464,1.996064928,fixed
41.50666519999504,20,0.858,-0.0115173,-2.30346,9.8818434,1.9763686799999998,fixed
41.52768409997225,20,0.858,-0.01152277,-2.304554,9.88653666,1.9773073319999999,fixed
41.55204219999723,20,0.858,-0.01154645,-2.30929,9.906854099999999,1.9813708199999998,fixed
41.573702599998796,20,0.858,-0.01169584,-2.339168,10.035030720000002,2.007006144,fixed
41.59867729997495,20,0.858,-0.01154645,-2.30929,9.906854099999999,1.9813708199999998,fixed
41.62041709999903,20,0.858,-0.01162115,-2.32423,9.9709467,1.99418934,fixed
41.64508009998826,20,0.858,-0.01166305,-2.33261,10.0068969,2.00137938,fixed
41.666413599974476,20,0.858,-0.0115173,-2.30346,9.8818434,1.9763686799999998,fixed
41.691836699988926,20,0.858,-0.01152277,-2.304554,9.88653666,1.9773073319999999,fixed
41.71367659998941,20,0.857,-0.01170495,-2.34099,10.03114215,2.00622843,fixed
41.73877209998318,20,0.858,-0.01155009,-2.3100180000000003,9.909977220000002,1.9819954440000003,fixed
41.76048999998602,20,0.858,-0.01160475,-2.3209500000000003,9.9568755,1.9913751000000002,fixed
41.785096699983114,20,0.858,-0.01165394,-2.330788,9.99908052,1.999816104,fixed
41.806662599992706,20,0.858,-0.01151548,-2.303096,9.88028184,1.976056368,fixed
41.83184259998961,20,0.858,-0.01154463,-2.308926,9.90529254,1.981058508,fixed
41.85363899997901,20,0.858,-0.01169948,-2.339896,10.03815384,2.007630768,fixed
41.879129899985855,20,0.858,-0.01153916,-2.307832,9.90059928,1.980119856,fixed
41.9006803999946,20,0.858,-0.01159928,-2.319856,9.952182239999999,1.990436448,fixed
41.92704509999021,20,0.858,-0.0116922,-2.33844,10.031907599999998,2.0063815199999997,fixed
41.94861819999642,20,0.858,-0.01153552,-2.307104,9.89747616,1.9794952319999999,fixed
41.97351679997519,20,0.858,-0.01160293,-2.3205859999999996,9.955313939999998,1.9910627879999996,fixed
41.99458089997643,20,0.858,-0.01162479,-2.3249579999999996,9.974069819999999,1.9948139639999996,fixed
42.02058919999399,20,0.858,-0.01150819,-2.3016379999999996,9.87402702,1.9748054039999996,fixed
42.04259249998722,20,0.858,-0.0116922,-2.33844,10.031907599999998,2.0063815199999997,fixed
42.066681899974355,20,0.858,-0.01163025,-2.32605,9.978754499999999,1.9957509,fixed
42.08854469997459,20,0.858,-0.01153005,-2.3060099999999997,9.892782899999998,1.9785565799999998,fixed
42.1137590999715,20,0.858,-0.01159018,-2.318036,9.94437444,1.9888748880000002,fixed
42.13557319997926,20,0.858,-0.01153916,-2.307832,9.90059928,1.980119856,fixed
42.1619781999907,20,0.858,-0.01150819,-2.3016379999999996,9.87402702,1.9748054039999996,fixed
42.18351279999479,20,0.858,-0.01169948,-2.339896,10.03815384,2.007630768,fixed
42.20836959997541,20,0.858,-0.01154827,-2.3096539999999997,9.90841566,1.9816831319999997,fixed
42.22955399999046,20,0.858,-0.01156467,-2.3129340000000003,9.922486860000001,1.984497372,fixed
42.25155439999071,20,0.858,-0.01163936,-2.327872,9.98657088,1.9973141760000002,fixed
42.273095599986846,20,0.858,-0.0117013,-2.34026,10.0397154,2.00794308,fixed
42.29416489999858,20,0.857,-0.01163572,-2.327144,9.97181204,1.994362408,fixed
42.319249700027285,21,0.812,-0.01198528,-2.397056,9.73204736,1.9464094720000003,fixed
42.34143760002917,21,0.811,-0.01213102,-2.426204,9.838257220000001,1.967651444,fixed
42.36641280000913,21,0.811,-0.01219478,-2.438956,9.889966580000001,1.9779933160000003,fixed
42.388131700019585,21,0.811,-0.01202718,-2.405436,9.754042980000001,1.9508085960000001,fixed
42.412743900029454,21,0.811,-0.01208548,-2.417096,9.801324280000001,1.960264856,fixed
42.43440820000251,21,0.811,-0.01213649,-2.427298,9.84269339,1.968538678,fixed
42.45942000002833,21,0.811,-0.01200349,-2.400698,9.73483039,1.9469660780000002,fixed
42.481444500008365,21,0.811,-0.01213467,-2.426934,9.84121737,1.9682434740000003,fixed
42.50603100002627,21,0.811,-0.01220207,-2.440414,9.895878770000001,1.9791757540000001,fixed
42.52838790000533,21,0.811,-0.012029,-2.4058,9.755519000000001,1.9511038000000003,fixed
42.552902000024915,21,0.811,-0.01209276,-2.4185519999999996,9.80722836,1.9614456719999998,fixed
42.574344800028484,21,0.811,-0.01214559,-2.429118,9.85007349,1.970014698,fixed
42.599185700004455,21,0.811,-0.01201078,-2.402156,9.740742580000001,1.9481485160000003,fixed
42.62142410001252,21,0.811,-0.01213467,-2.426934,9.84121737,1.9682434740000003,fixed
42.654497300012736,21,0.811,-0.01220571,-2.441142,9.89883081,1.9797661620000002,fixed
42.705884900002275,21,0.811,-0.01200714,-2.401428,9.73779054,1.9475581080000002,fixed
42.73970120001468,21,0.811,-0.01199621,-2.399242,9.72892631,1.9457852620000002,fixed
42.766813900030684,21,0.811,-0.01212556,-2.425112,9.833829160000002,1.966765832,fixed
42.789243600011105,21,0.811,-0.01201443,-2.4028859999999996,9.743702729999999,1.9487405459999998,fixed
42.81829170000856,21,0.811,-0.01211463,-2.422926,9.82496493,1.9649929860000002,fixed
42.841121900011785,21,0.811,-0.01207272,-2.4145440000000002,9.790975920000001,1.9581951840000003,fixed
42.869861400016816,21,0.811,-0.01219114,-2.4382279999999996,9.887014540000001,1.9774029079999997,fixed
42.897623900003964,21,0.811,-0.01212191,-2.424382,9.83086901,1.9661738020000001,fixed
42.91924650000874,21,0.811,-0.0120454,-2.40908,9.7688194,1.9537638800000001,fixed
42.944942200003425,21,0.811,-0.01211645,-2.42329,9.82644095,1.9652881900000003,fixed
42.966898000013316,21,0.811,-0.0119871,-2.39742,9.721538100000002,1.94430762,fixed
42.991037200030405,21,0.811,-0.01203082,-2.4061639999999995,9.756995020000002,1.9513990039999998,fixed
43.01314470003126,21,0.811,-0.01218203,-2.436406,9.87962633,1.975925266,fixed
43.039666000026045,21,0.811,-0.01203628,-2.407256,9.761423080000002,1.952284616,fixed
43.06933850000496,21,0.811,-0.01210916,-2.421832,9.82052876,1.9641057520000003,fixed
43.09096650002175,21,0.811,-0.01210734,-2.421468,9.81905274,1.963810548,fixed
43.12322520001908,21,0.811,-0.01217839,-2.4356780000000002,9.876674290000002,1.9753348580000003,fixed
43.15753520000726,21,0.811,-0.01203993,-2.407986,9.764383230000002,1.9528766460000002,fixed
43.19759770002565,21,0.811,-0.01202535,-2.4050700000000003,9.75255885,1.9505117700000003,fixed
43.2223044000275,21,0.811,-0.01202718,-2.405436,9.754042980000001,1.9508085960000001,fixed
43.24770190002164,21,0.811,-0.01214559,-2.429118,9.85007349,1.970014698,fixed
43.27275190001819,21,0.811,-0.01203082,-2.4061639999999995,9.756995020000002,1.9513990039999998,fixed
43.29387380002299,21,0.811,-0.01214377,-2.428754,9.848597470000001,1.9697194940000002,fixed
43.31930430000648,21,0.811,-0.01199256,-2.3985119999999998,9.72596616,1.9451932319999998,fixed
43.34091110000736,21,0.811,-0.01211098,-2.422196,9.82200478,1.9644009560000002,fixed
43.363013000023784,21,0.811,-0.01219661,-2.4393219999999998,9.89145071,1.9782901419999999,fixed
43.38515330001246,21,0.811,-0.01206179,-2.412358,9.782111689999999,1.9564223379999999,fixed
43.40699750001659,21,0.811,-0.01199621,-2.399242,9.72892631,1.9457852620000002,fixed
43.42920530002448,21,0.811,-0.01204175,-2.40835,9.765859250000002,1.9531718500000002,fixed
43.45122270000866,21,0.811,-0.01211645,-2.42329,9.82644095,1.9652881900000003,fixed
43.4750342000043,21,0.811,-0.01219296,-2.438592,9.88849056,1.9776981120000001,fixed
43.49700300002587,21,0.811,-0.0119871,-2.39742,9.721538100000002,1.94430762,fixed
43.52211420002277,21,0.811,-0.01203811,-2.407622,9.76290721,1.952581442,fixed
43.544001600006595,21,0.811,-0.01215288,-2.430576,9.85598568,1.971197136,fixed
43.56871000002138,21,0.811,-0.01200349,-2.400698,9.73483039,1.9469660780000002,fixed
43.591026900016004,21,0.811,-0.01210916,-2.421832,9.82052876,1.9641057520000003,fixed
43.616674700024305,21,0.811,-0.01218385,-2.43677,9.88110235,1.9762204700000001,fixed
43.63799290001043,21,0.811,-0.01201078,-2.402156,9.740742580000001,1.9481485160000003,fixed
43.66323190002004,21,0.811,-0.01207272,-2.4145440000000002,9.790975920000001,1.9581951840000003,fixed
43.684989800007315,21,0.811,-0.01206726,-2.413452,9.786547859999999,1.957309572,fixed
43.710295100027,21,0.811,-0.01199256,-2.3985119999999998,9.72596616,1.9451932319999998,fixed
43.7320268000185,21,0.811,-0.01215106,-2.430212,9.85450966,1.970901932,fixed
43.75669450001442,21,0.811,-0.01214924,-2.4298480000000002,9.853033640000001,1.9706067280000004,fixed
43.778749300021445,21,0.811,-0.012029,-2.4058,9.755519000000001,1.9511038000000003,fixed
43.80385270001716,21,0.811,-0.01209823,-2.4196459999999997,9.81166453,1.9623329059999999,fixed
43.82596350001404,21,0.811,-0.01200167,-2.400334,9.73335437,1.946670874,fixed
43.84954530000687,21,0.811,-0.01200896,-2.401792,9.73926656,1.9478533120000001,fixed
43.870598800014704,21,0.811,-0.01210916,-2.421832,9.82052876,1.9641057520000003,fixed
43.895392900012666,21,0.811,-0.01219479,-2.4389580000000004,9.88997469,1.9779949380000004,fixed
43.91692410001997,21,0.811,-0.01199074,-2.398148,9.72449014,1.9448980280000001,fixed
43.941614800016396,21,0.811,-0.01203446,-2.406892,9.759947060000002,1.951989412,fixed
43.963893100008136,21,0.811,-0.0121547,-2.43094,9.8574617,1.9714923400000002,fixed
43.99023500000476,21,0.811,-0.01200167,-2.400334,9.73335437,1.946670874,fixed
44.01194090000354,21,0.811,-0.01215106,-2.430212,9.85450966,1.970901932,fixed
44.03689140002825,21,0.811,-0.0121547,-2.43094,9.8574617,1.9714923400000002,fixed
44.058858700009296,21,0.811,-0.012029,-2.4058,9.755519000000001,1.9511038000000003,fixed
44.08285080001224,21,0.811,-0.01209823,-2.4196459999999997,9.81166453,1.9623329059999999,fixed
44.10487920002197,21,0.811,-0.01206543,-2.4130860000000003,9.785063730000001,1.9570127460000004,fixed
44.12973930002772,21,0.811,-0.01198345,-2.39669,9.71857795,1.94371559,fixed
44.15169350002543,21,0.811,-0.01214924,-2.4298480000000002,9.853033640000001,1.9706067280000004,fixed
44.17669720001868,21,0.811,-0.01215835,-2.43167,9.86042185,1.9720843700000001,fixed
44.19882480002707,21,0.811,-0.01203811,-2.407622,9.76290721,1.952581442,fixed
44.22371670001303,21,0.811,-0.01210916,-2.421832,9.82052876,1.9641057520000003,fixed
44.245796800008975,21,0.811,-0.01201078,-2.402156,9.740742580000001,1.9481485160000003,fixed
44.26984240001184,21,0.811,-0.01199803,-2.399606,9.73040233,1.946080466,fixed
44.29179530002875,21,0.811,-0.01214195,-2.42839,9.847121450000001,1.96942429,fixed
44.31703420000849,21,0.811,-0.01215652,-2.431304,9.85893772,1.9717875440000001,fixed
44.338812499976484,22,0.865,-0.01141167,-2.282334,9.87109455,1.97421891,fixed
44.36295869998867,22,0.866,-0.01147908,-2.295816,9.94088328,1.9881766559999998,fixed
44.38439949997701,22,0.866,-0.01146086,-2.292172,9.92510476,1.985020952,fixed
44.40933779999614,22,0.866,-0.01138799,-2.2775980000000002,9.86199934,1.9723998680000001,fixed
44.43078979998245,22,0.866,-0.01148455,-2.29691,9.9456203,1.98912406,fixed
44.45595089998096,22,0.866,-0.01157746,-2.315492,10.02608036,2.005216072,fixed
44.4777780000004,22,0.866,-0.01138981,-2.277962,9.86357546,1.972715092,fixed
44.50250689999666,22,0.866,-0.01144629,-2.289258,9.91248714,1.9824974279999998,fixed
44.52458129997831,22,0.866,-0.01146633,-2.293266,9.92984178,1.985968356,fixed
44.54972449998604,22,0.866,-0.01136795,-2.27359,9.8446447,1.96892894,fixed
44.571731699979864,22,0.866,-0.01152645,-2.3052900000000003,9.9819057,1.9963811400000002,fixed
44.59631839999929,22,0.866,-0.01154467,-2.308934,9.99768422,1.9995368439999999,fixed
44.617718599998625,22,0.866,-0.01138253,-2.2765060000000004,9.85727098,1.9714541960000003,fixed
44.642275399994105,22,0.866,-0.01144629,-2.289258,9.91248714,1.9824974279999998,fixed
44.66331769997487,22,0.866,-0.01154831,-2.3096620000000003,10.00083646,2.0001672920000004,fixed
44.68466269999044,22,0.866,-0.01146451,-2.292902,9.928265660000001,1.9856531320000002,fixed
44.70664179997402,22,0.866,-0.01136613,-2.273226,9.843068579999999,1.9686137160000001,fixed
44.72865939998883,22,0.866,-0.01140439,-2.2808780000000004,9.876201739999999,1.9752403480000003,fixed
44.751172299991595,22,0.866,-0.01146815,-2.29363,9.9314179,1.9862835799999998,fixed
44.77271769999061,22,0.866,-0.01156106,-2.3122119999999997,10.01187796,2.002375592,fixed
44.79801159998169,22,0.866,-0.01146086,-2.292172,9.92510476,1.985020952,fixed
44.819660499983,22,0.866,-0.01142989,-2.285978,9.89828474,1.9796569480000001,fixed
44.845857099979185,22,0.866,-0.01150459,-2.3009180000000002,9.96297494,1.9925949880000002,fixed
44.867591899994295,22,0.866,-0.01136249,-2.2724979999999997,9.839916339999998,1.9679832679999998,fixed
44.89279529999476,22,0.866,-0.01142078,-2.2841560000000003,9.890395479999999,1.9780790960000003,fixed
44.9145074999833,22,0.866,-0.01144993,-2.289986,9.91563938,1.983127876,fixed
44.939166700001806,22,0.866,-0.01135338,-2.270676,9.83202708,1.966405416,fixed
44.960579999984475,22,0.866,-0.01146086,-2.292172,9.92510476,1.985020952,fixed
44.986613299988676,22,0.866,-0.01155742,-2.311484,10.008725720000001,2.001745144,fixed
45.00858719999087,22,0.866,-0.01139346,-2.278692,9.866736359999999,1.9733472719999998,fixed
45.032564499997534,22,0.866,-0.01146269,-2.2925379999999995,9.926689539999998,1.9853379079999995,fixed
45.054529399989406,22,0.866,-0.01146451,-2.292902,9.928265660000001,1.9856531320000002,fixed
45.07963579997886,22,0.866,-0.01135702,-2.271404,9.83517932,1.9670358639999999,fixed
45.101566600002116,22,0.866,-0.01151188,-2.3023759999999998,9.96928808,1.9938576159999997,fixed
45.127093599992804,22,0.866,-0.01154102,-2.3082040000000004,9.99452332,1.9989046640000003,fixed
45.14852449999307,22,0.866,-0.01140257,-2.280514,9.874625620000002,1.974925124,fixed
45.17291519997525,22,0.866,-0.01146815,-2.29363,9.9314179,1.9862835799999998,fixed
45.19459729999653,22,0.866,-0.01147179,-2.294358,9.934570140000002,1.986914028,fixed
45.220403499988606,22,0.866,-0.01136795,-2.27359,9.8446447,1.96892894,fixed
45.24256789998617,22,0.866,-0.01156106,-2.3122119999999997,10.01187796,2.002375592,fixed
45.265938099997584,22,0.866,-0.01146815,-2.29363,9.9314179,1.9862835799999998,fixed
45.287514499999816,22,0.866,-0.0113716,-2.2743200000000003,9.847805600000001,1.9695611200000003,fixed
45.313138600002276,22,0.866,-0.01142989,-2.285978,9.89828474,1.9796569480000001,fixed
45.33452029997716,22,0.866,-0.01146815,-2.29363,9.9314179,1.9862835799999998,fixed
45.35962869998184,22,0.866,-0.01136613,-2.273226,9.843068579999999,1.9686137160000001,fixed
45.38155699998606,22,0.866,-0.01152463,-2.3049259999999996,9.98032958,1.9960659159999996,fixed
45.40699579997454,22,0.866,-0.01155195,-2.31039,10.0039887,2.00079774,fixed
45.428502700000536,22,0.866,-0.01140439,-2.2808780000000004,9.876201739999999,1.9752403480000003,fixed
45.45387009999831,22,0.866,-0.01146998,-2.293996,9.93300268,1.9866005359999999,fixed
45.47547099998337,22,0.866,-0.01139528,-2.279056,9.86831248,1.9736624960000002,fixed
45.49980549997417,22,0.866,-0.01137706,-2.275412,9.85253396,1.9705067920000001,fixed
45.52113349997671,22,0.866,-0.0115137,-2.30274,9.970864200000001,1.99417284,fixed
45.54591679997975,22,0.866,-0.01155924,-2.3118480000000003,10.010301839999999,2.0020603680000004,fixed
45.56742859998485,22,0.866,-0.01137524,-2.275048,9.850957840000001,1.970191568,fixed
45.59315179998521,22,0.866,-0.01142625,-2.2852500000000004,9.8951325,1.9790265000000005,fixed
45.61444579999079,22,0.866,-0.01147362,-2.294724,9.93615492,1.987230984,fixed
45.64009299999452,22,0.866,-0.01136431,-2.2728620000000004,9.84149246,1.9682984920000004,fixed
45.6614728999848,22,0.866,-0.01150823,-2.301646,9.966127179999999,1.993225436,fixed
45.683434899983695,22,0.866,-0.01154285,-2.30857,9.996108099999999,1.99922162,fixed
45.705417399993166,22,0.866,-0.01138617,-2.277234,9.86042322,1.972084644,fixed
45.72738099997514,22,0.866,-0.01136431,-2.2728620000000004,9.84149246,1.9682984920000004,fixed
45.74950819998048,22,0.866,-0.01142078,-2.2841560000000003,9.890395479999999,1.9780790960000003,fixed
45.77146139999968,22,0.866,-0.01149548,-2.299096,9.95508568,1.991017136,fixed
45.79630289998022,22,0.866,-0.0115392,-2.3078399999999997,9.9929472,1.9985894399999997,fixed
45.818408099992666,22,0.866,-0.01138799,-2.2775980000000002,9.86199934,1.9723998680000001,fixed
45.84242689999519,22,0.866,-0.01146269,-2.2925379999999995,9.926689539999998,1.9853379079999995,fixed
45.86442639998859,22,0.866,-0.01147544,-2.2950880000000002,9.93773104,1.9875462080000001,fixed
45.8885926999792,22,0.866,-0.01136066,-2.272132,9.83833156,1.967666312,fixed
45.910330799990334,22,0.866,-0.01145904,-2.291808,9.92352864,1.984705728,fixed
45.93531879998045,22,0.866,-0.01154831,-2.3096620000000003,10.00083646,2.0001672920000004,fixed
45.95732570000109,22,0.866,-0.0113716,-2.2743200000000003,9.847805600000001,1.9695611200000003,fixed
45.98217299999669,22,0.866,-0.01142625,-2.2852500000000004,9.8951325,1.9790265000000005,fixed
46.0043611000001,22,0.866,-0.0114809,-2.29618,9.9424594,1.98849188,fixed
46.028072799992515,22,0.866,-0.01136066,-2.272132,9.83833156,1.967666312,fixed
46.049269699986326,22,0.866,-0.01143172,-2.2863439999999997,9.89986952,1.9799739039999997,fixed
46.075017499999376,22,0.866,-0.01151005,-2.30201,9.9677033,1.99354066,fixed
46.09634859999642,22,0.866,-0.01136431,-2.2728620000000004,9.84149246,1.9682984920000004,fixed
46.12235759999021,22,0.866,-0.01139346,-2.278692,9.866736359999999,1.9733472719999998,fixed
46.14431329999934,22,0.866,-0.01147908,-2.295816,9.94088328,1.9881766559999998,fixed
46.169387100002496,22,0.866,-0.01135702,-2.271404,9.83517932,1.9670358639999999,fixed
46.19127769998158,22,0.866,-0.01149366,-2.2987319999999998,9.953509559999999,1.9907019119999998,fixed
46.216205299977446,22,0.866,-0.01154467,-2.308934,9.99768422,1.9995368439999999,fixed
46.23828879999928,22,0.866,-0.01138981,-2.277962,9.86357546,1.972715092,fixed
46.261777899984736,22,0.866,-0.01144629,-2.289258,9.91248714,1.9824974279999998,fixed
46.28324649998103,22,0.866,-0.01153374,-2.306748,9.98821884,1.9976437679999999,fixed
46.30850179999834,22,0.866,-0.01137888,-2.2757759999999996,9.854110079999998,1.9708220159999996,fixed
46.33010120000108,22,0.866,-0.01144083,-2.288166,9.907758780000002,1.981551756,fixed
46.354596400022274,23,0.92,-0.0103735,-2.0747,9.54362,1.908724,fixed
46.37613190000411,23,0.921,-0.01019133,-2.038266,9.386214930000001,1.8772429860000002,fixed
46.396883400011575,23,0.921,-0.01019133,-2.038266,9.386214930000001,1.8772429860000002,fixed
46.418421200010926,23,0.921,-0.01021683,-2.043366,9.409700430000001,1.881940086,fixed
46.44021940001403,23,0.921,-0.01028971,-2.057942,9.476822910000001,1.8953645820000002,fixed
46.465919600013876,23,0.921,-0.01037169,-2.074338,9.55232649,1.910465298,fixed
46.48717150001903,23,0.921,-0.01019679,-2.039358,9.39124359,1.878248718,fixed
46.511629300017375,23,0.921,-0.01024598,-2.049196,9.436547580000001,1.887309516,fixed
46.5329519000079,23,0.921,-0.01038262,-2.076524,9.56239302,1.9124786040000001,fixed
46.55881750001572,23,0.92,-0.0103225,-2.0645,9.4967,1.8993399999999998,fixed
46.57992180000292,23,0.921,-0.01028788,-2.057576,9.475137479999999,1.8950274960000002,fixed
46.605597900022985,23,0.921,-0.01032796,-2.065592,9.512051160000002,1.9024102320000003,fixed
46.62679930002196,23,0.921,-0.01020408,-2.0408160000000004,9.397957680000001,1.8795915360000004,fixed
46.651349200023105,23,0.921,-0.01022959,-2.045918,9.42145239,1.884290478,fixed
46.67279160002363,23,0.921,-0.01038262,-2.076524,9.56239302,1.9124786040000001,fixed
46.698763800028246,23,0.921,-0.01032979,-2.065958,9.51373659,1.9027473180000003,fixed
46.72016570001142,23,0.921,-0.01029517,-2.0590339999999996,9.48185157,1.8963703139999997,fixed
46.742127700010315,23,0.921,-0.01038626,-2.077252,9.56574546,1.9131490920000003,fixed
46.76410610001767,23,0.921,-0.01034618,-2.069236,9.52883178,1.9057663560000002,fixed
46.78608050002367,23,0.921,-0.01021501,-2.043002,9.40802421,1.881604842,fixed
46.8085565000074,23,0.921,-0.01024234,-2.048468,9.43319514,1.8866390280000003,fixed
46.83006450001267,23,0.921,-0.01030246,-2.060492,9.48856566,1.897713132,fixed
46.85656050001853,23,0.921,-0.010348,-2.0696,9.530508,1.9061016,fixed
46.87799080001423,23,0.921,-0.01023869,-2.047738,9.429833490000002,1.8859666979999998,fixed
46.90178080002079,23,0.921,-0.01026056,-2.052112,9.44997576,1.8899951520000002,fixed
46.92307090002578,23,0.921,-0.01039719,-2.079438,9.57581199,1.915162398,fixed
46.94860190001782,23,0.921,-0.01025145,-2.05029,9.441585450000002,1.8883170900000001,fixed
46.96973630000139,23,0.921,-0.01029517,-2.0590339999999996,9.48185157,1.8963703139999997,fixed
46.99065590000828,23,0.921,-0.01033161,-2.066322,9.51541281,1.903082562,fixed
47.01178020000225,23,0.921,-0.01037533,-2.075066,9.555678930000001,1.9111357860000002,fixed
47.03304120001849,23,0.921,-0.01040084,-2.080168,9.57917364,1.915834728,fixed
47.057548900018446,23,0.921,-0.01025874,-2.0517480000000003,9.44829954,1.8896599080000005,fixed
47.079019000026165,23,0.921,-0.01026238,-2.052476,9.45165198,1.890330396,fixed
47.1041565000196,23,0.921,-0.01034254,-2.0685080000000005,9.52547934,1.9050958680000005,fixed
47.126066000026185,23,0.921,-0.01022959,-2.045918,9.42145239,1.884290478,fixed
47.15005419999943,23,0.921,-0.0102478,-2.04956,9.4382238,1.8876447600000001,fixed
47.17199580001761,23,0.921,-0.01039173,-2.0783460000000002,9.570783330000001,1.9141566660000002,fixed
47.1967249000154,23,0.92,-0.01036258,-2.072516,9.533573599999999,1.9067147199999999,fixed
47.217937200010056,23,0.921,-0.01023323,-2.046646,9.42480483,1.884960966,fixed
47.24287070002174,23,0.921,-0.01026967,-2.053934,9.45836607,1.891673214,fixed
47.264038100023754,23,0.92,-0.01035893,-2.0717860000000003,9.530215600000002,1.9060431200000003,fixed
47.29012150000199,23,0.921,-0.01021683,-2.043366,9.409700430000001,1.881940086,fixed
47.31202120002126,23,0.921,-0.01038444,-2.076888,9.56406924,1.9128138479999999,fixed
47.33726560001378,23,0.921,-0.01035711,-2.0714219999999997,9.53889831,1.9077796619999998,fixed
47.35899780000909,23,0.921,-0.0102642,-2.0528399999999998,9.4533282,1.89066564,fixed
47.38368940001237,23,0.921,-0.01034254,-2.0685080000000005,9.52547934,1.9050958680000005,fixed
47.40502720000222,23,0.921,-0.01027331,-2.054662,9.46171851,1.892343702,fixed
47.43072140001459,23,0.921,-0.01021501,-2.043002,9.40802421,1.881604842,fixed
47.45196350000333,23,0.921,-0.0103808,-2.0761600000000002,9.5607168,1.9121433600000004,fixed
47.477341600024374,23,0.92,-0.01035893,-2.0717860000000003,9.530215600000002,1.9060431200000003,fixed
47.498946900013834,23,0.921,-0.01025874,-2.0517480000000003,9.44829954,1.8896599080000005,fixed
47.52097180002602,23,0.921,-0.01033343,-2.066686,9.51708903,1.903417806,fixed
47.54269880001084,23,0.921,-0.01039902,-2.079804,9.57749742,1.9154994840000004,fixed
47.56392450002022,23,0.92,-0.01035711,-2.0714219999999997,9.5285412,1.9057082399999998,fixed
47.58771390002221,23,0.921,-0.01021683,-2.043366,9.409700430000001,1.881940086,fixed
47.6085978000192,23,0.921,-0.01025692,-2.0513839999999997,9.44662332,1.8893246639999997,fixed
47.62978010001825,23,0.921,-0.01028606,-2.057212,9.47346126,1.894692252,fixed
47.651209200004814,23,0.921,-0.01032797,-2.065594,9.51206037,1.9024120740000001,fixed
47.67257740002242,23,0.921,-0.01039537,-2.079074,9.57413577,1.914827154,fixed
47.69697940000333,23,0.92,-0.01034618,-2.069236,9.518485600000002,1.9036971200000001,fixed
47.71846000000369,23,0.921,-0.01024052,-2.048104,9.43151892,1.886303784,fixed
47.739845600008266,23,0.921,-0.01027331,-2.054662,9.46171851,1.892343702,fixed
47.76179270001012,23,0.921,-0.01035711,-2.0714219999999997,9.53889831,1.9077796619999998,fixed
47.78278480001609,23,0.921,-0.01038991,-2.077982,9.569107110000001,1.913821422,fixed
47.809090500028105,23,0.92,-0.010348,-2.0696,9.52016,1.904032,fixed
47.83083130000159,23,0.921,-0.01032068,-2.0641360000000004,9.50534628,1.9010692560000004,fixed
47.85498100001132,23,0.921,-0.01040084,-2.080168,9.57917364,1.915834728,fixed
47.87679430001299,23,0.921,-0.01020226,-2.0404519999999997,9.396281459999999,1.8792562919999998,fixed
47.90166170001612,23,0.921,-0.01021683,-2.043366,9.409700430000001,1.881940086,fixed
47.92265310001676,23,0.921,-0.01039537,-2.079074,9.57413577,1.914827154,fixed
47.943846600013785,23,0.92,-0.01035164,-2.070328,9.5235088,1.90470176,fixed
47.965533300011884,23,0.921,-0.0102059,-2.0411799999999998,9.399633900000001,1.87992678,fixed
47.98684090000461,23,0.921,-0.01019497,-2.0389939999999998,9.38956737,1.8779134739999999,fixed
48.008831900020596,23,0.921,-0.01024052,-2.048104,9.43151892,1.886303784,fixed
48.030772199999774,23,0.921,-0.01031339,-2.062678,9.49863219,1.899726438,fixed
48.05279780001729,23,0.921,-0.01039719,-2.079438,9.57581199,1.915162398,fixed
48.075768900016556,23,0.921,-0.01027513,-2.0550260000000002,9.463394730000001,1.8926789460000004,fixed
48.09778040001402,23,0.921,-0.01022594,-2.045188,9.418090739999998,1.883618148,fixed
48.12241570002516,23,0.921,-0.01028242,-2.056484,9.470108820000002,1.8940217640000003,fixed
48.14373270000215,23,0.921,-0.01036076,-2.072152,9.54225996,1.908451992,fixed
48.164793700008886,23,0.921,-0.01027331,-2.054662,9.46171851,1.892343702,fixed
48.186794600012945,23,0.921,-0.01019315,-2.03863,9.387891150000002,1.8775782300000001,fixed
48.208768800017424,23,0.921,-0.01024052,-2.048104,9.43151892,1.886303784,fixed
48.23304380002082,23,0.921,-0.01031704,-2.063408,9.50199384,1.900398768,fixed
48.254695900017396,23,0.921,-0.01027513,-2.0550260000000002,9.463394730000001,1.8926789460000004,fixed
48.27987270001904,23,0.921,-0.01020772,-2.041544,9.401310120000002,1.880262024,fixed
48.30171120000887,23,0.921,-0.01035165,-2.0703300000000002,9.53386965,1.9067739300000004,fixed
48.327282400015974,23,0.92,-0.01036075,-2.0721499999999997,9.53189,1.906378,fixed
48.34852930001216,23,0.921,-0.01023687,-2.047374,9.428157270000002,1.885631454,fixed
48.373353000031784,24,0.877,-0.01131335,-2.26267,9.92180795,1.98436159,fixed
48.394688700005645,24,0.876,-0.01126416,-2.252832,9.867404160000001,1.9734808320000001,fixed
48.4196466000285,24,0.876,-0.01119311,-2.238622,9.80516436,1.9610328719999999,fixed
48.44073110001045,24,0.876,-0.0113097,-2.26194,9.9072972,1.98145944,fixed
48.46272420001333,24,0.876,-0.01139351,-2.278702,9.98071476,1.996142952,fixed
48.48470000002999,24,0.876,-0.01127144,-2.254288,9.87378144,1.9747562879999998,fixed
48.50670480000554,24,0.876,-0.01119311,-2.238622,9.80516436,1.9610328719999999,fixed
48.53063690001727,24,0.876,-0.01122772,-2.2455439999999998,9.83548272,1.967096544,fixed
48.551680700009456,24,0.876,-0.01134432,-2.2688639999999998,9.93762432,1.9875248639999998,fixed
48.57742210003198,24,0.876,-0.01135707,-2.271414,9.94879332,1.989758664,fixed
48.59874710001168,24,0.876,-0.01122954,-2.245908,9.837077039999999,1.967415408,fixed
48.62475160002941,24,0.876,-0.0113097,-2.26194,9.9072972,1.98145944,fixed
48.646711400011554,24,0.876,-0.01119675,-2.23935,9.808353,1.9616706,fixed
48.6717164000147,24,0.876,-0.01123501,-2.247002,9.84186876,1.9683737520000002,fixed
48.69368430002942,24,0.876,-0.01136254,-2.272508,9.95358504,1.990717008,fixed
48.71816950003267,24,0.876,-0.01120404,-2.2408080000000004,9.814739040000001,1.9629478080000002,fixed
48.73962610002491,24,0.876,-0.01126234,-2.252468,9.865809839999999,1.9731619679999999,fixed
48.764463900006376,24,0.876,-0.01133885,-2.2677699999999996,9.9328326,1.9865665199999996,fixed
48.785641900030896,24,0.876,-0.01118764,-2.237528,9.80037264,1.9600745280000003,fixed
48.810370500024874,24,0.876,-0.01118582,-2.2371640000000004,9.798778320000002,1.9597556640000002,fixed
48.83164560003206,24,0.876,-0.01133703,-2.2674060000000003,9.931238279999999,1.9862476560000002,fixed
48.856874200020684,24,0.876,-0.01135343,-2.270686,9.945604679999999,1.989120936,fixed
48.87863930000458,24,0.876,-0.01122043,-2.2440860000000002,9.82909668,1.9658193360000003,fixed
48.903537500009406,24,0.876,-0.01129331,-2.258662,9.89293956,1.978587912,fixed
48.92459600002621,24,0.876,-0.01127509,-2.255018,9.87697884,1.9753957680000003,fixed
48.95003460001317,24,0.876,-0.01118764,-2.237528,9.80037264,1.9600745280000003,fixed
48.97163380001439,24,0.876,-0.01134432,-2.2688639999999998,9.93762432,1.9875248639999998,fixed
48.99692410000716,24,0.876,-0.01136436,-2.272872,9.95517936,1.991035872,fixed
49.018647900025826,24,0.876,-0.01123683,-2.247366,9.84346308,1.968692616,fixed
49.04428130001179,24,0.876,-0.0113097,-2.26194,9.9072972,1.98145944,fixed
49.06551790001686,24,0.876,-0.01121679,-2.243358,9.825908040000002,1.9651816080000002,fixed
49.09107020002557,24,0.876,-0.01119857,-2.239714,9.80994732,1.9619894640000002,fixed
49.11259560001781,24,0.876,-0.01140262,-2.280524,9.988695120000001,1.9977390240000001,fixed
49.137266100005945,24,0.876,-0.01129877,-2.259754,9.897722519999999,1.979544504,fixed
49.15872460001265,24,0.876,-0.0112423,-2.24846,9.848254800000001,1.96965096,fixed
49.1838486000197,24,0.876,-0.01130788,-2.261576,9.905702879999998,1.9811405759999998,fixed
49.20522620002157,24,0.876,-0.01122226,-2.244452,9.830699759999998,1.9661399519999998,fixed
49.23090710001998,24,0.876,-0.01120039,-2.2400779999999996,9.81154164,1.9623083279999995,fixed
49.25247260002652,24,0.876,-0.01139168,-2.278336,9.979111679999999,1.995822336,fixed
49.277787000028184,24,0.876,-0.01137347,-2.2746939999999998,9.96315972,1.9926319439999998,fixed
49.299539100029506,24,0.876,-0.01126234,-2.252468,9.865809839999999,1.9731619679999999,fixed
49.32417330003227,24,0.876,-0.01134067,-2.2681340000000003,9.934426920000002,1.9868853840000003,fixed
49.34553830002551,24,0.876,-0.01121315,-2.24263,9.8227194,1.9645438800000001,fixed
49.37062470000819,24,0.876,-0.01119493,-2.238986,9.806758680000002,1.9613517360000001,fixed
49.39252960000886,24,0.876,-0.01137165,-2.27433,9.961565400000001,1.99231308,fixed
49.41708820001804,24,0.876,-0.01128238,-2.256476,9.88336488,1.9766729760000001,fixed
49.43846110001323,24,0.876,-0.0112259,-2.2451800000000004,9.833888400000001,1.9667776800000003,fixed
49.46451980000711,24,0.876,-0.01124958,-2.249916,9.85463208,1.9709264159999997,fixed
49.48646250000456,24,0.876,-0.01118218,-2.2364360000000003,9.795589679999999,1.9591179360000002,fixed
49.51197430002503,24,0.876,-0.01119311,-2.238622,9.80516436,1.9610328719999999,fixed
49.53344730002573,24,0.876,-0.01136436,-2.272872,9.95517936,1.991035872,fixed
49.5582481000165,24,0.876,-0.01129148,-2.258296,9.89133648,1.978267296,fixed
49.579518500017,24,0.876,-0.01124776,-2.2495520000000004,9.853037760000001,1.9706075520000004,fixed
49.6056403000257,24,0.876,-0.01132974,-2.265948,9.92485224,1.9849704479999999,fixed
49.62750170001527,24,0.876,-0.01119128,-2.238256,9.80356128,1.9607122559999999,fixed
49.65293990002829,24,0.876,-0.01124594,-2.2491879999999997,9.851443439999999,1.9702886879999997,fixed
49.674464400013676,24,0.876,-0.01128238,-2.256476,9.88336488,1.9766729760000001,fixed
49.699898500024574,24,0.876,-0.01118946,-2.237892,9.80196696,1.960393392,fixed
49.72149020002689,24,0.876,-0.01133703,-2.2674060000000003,9.931238279999999,1.9862476560000002,fixed
49.74676210002508,24,0.876,-0.01136982,-2.273964,9.959962319999999,1.991992464,fixed
49.76842290002969,24,0.876,-0.01122226,-2.244452,9.830699759999998,1.9661399519999998,fixed
49.79351020001923,24,0.876,-0.01128238,-2.256476,9.88336488,1.9766729760000001,fixed
49.81539060000796,24,0.876,-0.01121315,-2.24263,9.8227194,1.9645438800000001,fixed
49.8414701000147,24,0.876,-0.01118582,-2.2371640000000004,9.798778320000002,1.9597556640000002,fixed
49.86342790001072,24,0.876,-0.01137711,-2.275422,9.96634836,1.9932696719999998,fixed
49.88743680002517,24,0.876,-0.0112259,-2.2451800000000004,9.833888400000001,1.9667776800000003,fixed
49.90936450002482,24,0.876,-0.01124958,-2.249916,9.85463208,1.9709264159999997,fixed
49.93369150001672,24,0.876,-0.01128784,-2.257568,9.88814784,1.977629568,fixed
49.95537570002489,24,0.876,-0.01122226,-2.244452,9.830699759999998,1.9661399519999998,fixed
49.980575500027044,24,0.876,-0.01119493,-2.238986,9.806758680000002,1.9613517360000001,fixed
50.00239260002854,24,0.876,-0.01137529,-2.275058,9.964754039999999,1.992950808,fixed
50.02731470001163,24,0.876,-0.01130424,-2.260848,9.90251424,1.9805028480000002,fixed
50.04806410003221,24,0.876,-0.01121497,-2.242994,9.82431372,1.964862744,fixed
50.07373730003019,24,0.876,-0.01124229,-2.2484580000000003,9.84824604,1.9696492080000003,fixed
50.095410000009,24,0.876,-0.01121861,-2.243722,9.82750236,1.965500472,fixed
50.12065010002698,24,0.876,-0.01119311,-2.238622,9.80516436,1.9610328719999999,fixed
50.142451500025345,24,0.876,-0.01137529,-2.275058,9.964754039999999,1.992950808,fixed
50.16613830003189,24,0.876,-0.01131152,-2.262304,9.908891520000001,1.9817783039999999,fixed
50.18703080000705,24,0.876,-0.01119311,-2.238622,9.80516436,1.9610328719999999,fixed
50.21232360001886,24,0.876,-0.01121497,-2.242994,9.82431372,1.964862744,fixed
50.23430600002757,24,0.876,-0.0113097,-2.26194,9.9072972,1.98145944,fixed
50.258480500022415,24,0.876,-0.01118582,-2.2371640000000004,9.798778320000002,1.9597556640000002,fixed
50.27997380003217,24,0.876,-0.01127873,-2.2557460000000003,9.88016748,1.9760334960000001,fixed
50.30614790003165,24,0.876,-0.01133339,-2.2666779999999997,9.928049640000001,1.9856099279999997,fixed
50.32713610000792,24,0.876,-0.01120222,-2.240444,9.81314472,1.962628944,fixed
50.35306780002429,24,0.876,-0.01122043,-2.2440860000000002,9.82909668,1.9658193360000003,fixed
50.37526230001822,25,0.831,-0.01182688,-2.365376,9.82813728,1.9656274559999998,fixed
50.40080719999969,25,0.831,-0.01178862,-2.357724,9.79634322,1.959268644,fixed
50.42228700002306,25,0.831,-0.01197444,-2.394888,9.95075964,1.9901519279999997,fixed
50.447287300019525,25,0.83,-0.01192343,-2.384686,9.896446899999999,1.9792893799999998,fixed
50.46889110002667,25,0.831,-0.01184874,-2.369748,9.84630294,1.9692605879999998,fixed
50.495277800015174,25,0.831,-0.01189064,-2.378128,9.881121839999999,1.9762243679999998,fixed
50.517139000003226,25,0.831,-0.01179773,-2.359546,9.803913629999998,1.960782726,fixed
50.54203790001338,25,0.831,-0.01182687,-2.365374,9.828128969999998,1.965625794,fixed
50.563358500017785,25,0.831,-0.01199084,-2.3981679999999996,9.96438804,1.9928776079999997,fixed
50.58938330001547,25,0.831,-0.01183234,-2.3664680000000002,9.83267454,1.966534908,fixed
50.61120370001299,25,0.831,-0.01191797,-2.383594,9.90383307,1.980766614,fixed
50.63653310001246,25,0.83,-0.01198537,-2.397074,9.9478571,1.9895714199999999,fixed
50.657921000005445,25,0.831,-0.01181594,-2.363188,9.81904614,1.963809228,fixed
50.68325770000229,25,0.831,-0.01184509,-2.369018,9.843269789999999,1.968653958,fixed
50.70512530000997,25,0.831,-0.01183416,-2.366832,9.83418696,1.966837392,fixed
50.73039520002203,25,0.831,-0.01179773,-2.359546,9.803913629999998,1.960782726,fixed
50.7522385000193,25,0.831,-0.01197444,-2.394888,9.95075964,1.9901519279999997,fixed
50.776736300002085,25,0.831,-0.01193618,-2.387236,9.91896558,1.983793116,fixed
50.79821269999957,25,0.831,-0.01182505,-2.3650100000000003,9.82661655,1.96532331,fixed
50.82370490001631,25,0.831,-0.01188882,-2.377764,9.87960942,1.975921884,fixed
50.84524760002387,25,0.83,-0.01184873,-2.369746,9.834445899999999,1.96688918,fixed
50.8708477000182,25,0.831,-0.01180319,-2.3606380000000002,9.80845089,1.961690178,fixed
50.89210890000686,25,0.831,-0.01198173,-2.396346,9.95681763,1.9913635259999998,fixed
50.91844070001389,25,0.83,-0.01199995,-2.39999,9.959958499999999,1.9919916999999998,fixed
50.940193700022064,25,0.831,-0.01188882,-2.377764,9.87960942,1.975921884,fixed
50.965717800019775,25,0.831,-0.01197809,-2.395618,9.95379279,1.9907585579999998,fixed
50.98691370000597,25,0.831,-0.01180319,-2.3606380000000002,9.80845089,1.961690178,fixed
51.01227520001703,25,0.831,-0.01181959,-2.363918,9.82207929,1.964415858,fixed
51.03417900000932,25,0.83,-0.01193618,-2.387236,9.907029399999999,1.98140588,fixed
51.059468500025105,25,0.831,-0.01180137,-2.360274,9.80693847,1.961387694,fixed
51.08115430001635,25,0.831,-0.01192708,-2.385416,9.911403479999999,1.9822806960000001,fixed
51.106632100010756,25,0.83,-0.01199995,-2.39999,9.959958499999999,1.9919916999999998,fixed
51.12814900002559,25,0.831,-0.01182141,-2.3642819999999998,9.823591709999999,1.9647183419999996,fixed
51.152853900013724,25,0.831,-0.01187789,-2.375578,9.870526589999999,1.9741053179999999,fixed
51.17410830000881,25,0.83,-0.01193618,-2.387236,9.907029399999999,1.98140588,fixed
51.19612990002497,25,0.831,-0.0117959,-2.35918,9.8023929,1.9604785799999997,fixed
51.21812299999874,25,0.831,-0.0118123,-2.3624599999999996,9.8160213,1.9632042599999995,fixed
51.240090100007365,25,0.831,-0.01187606,-2.3752120000000003,9.86900586,1.9738011720000002,fixed
51.262424500018824,25,0.831,-0.01196169,-2.392338,9.940164390000001,1.988032878,fixed
51.28378800000064,25,0.83,-0.01194529,-2.389058,9.9145907,1.9829181399999998,fixed
51.309495200024685,25,0.831,-0.01184327,-2.368654,9.84175737,1.9683514739999997,fixed
51.33107360001304,25,0.831,-0.0119125,-2.3825,9.8992875,1.9798574999999998,fixed
51.356868500006385,25,0.831,-0.01199448,-2.3988959999999997,9.96741288,1.9934825759999997,fixed
51.37769270001445,25,0.831,-0.01181594,-2.363188,9.81904614,1.963809228,fixed
51.40262269999948,25,0.831,-0.01184691,-2.3693820000000003,9.84478221,1.968956442,fixed
51.42386080001597,25,0.83,-0.0119544,-2.39088,9.922152,1.9844304,fixed
51.44507890002569,25,0.83,-0.01185602,-2.371204,9.8404966,1.9680993199999999,fixed
51.46700250002323,25,0.831,-0.01178862,-2.357724,9.79634322,1.959268644,fixed
51.48802320001414,25,0.831,-0.01181048,-2.362096,9.81450888,1.962901776,fixed
51.51247300000978,25,0.831,-0.01187789,-2.375578,9.870526589999999,1.9741053179999999,fixed
51.53377430001274,25,0.83,-0.01195804,-2.391608,9.9251732,1.98503464,fixed
51.558419900015,25,0.83,-0.0118706,-2.37412,9.852597999999999,1.9705195999999998,fixed
51.5796401000116,25,0.831,-0.011887,-2.3774,9.878096999999999,1.9756194,fixed
51.60564720002003,25,0.831,-0.01192343,-2.384686,9.908370329999999,1.9816740659999998,fixed
51.627074200019706,25,0.831,-0.01180683,-2.3613660000000003,9.81147573,1.9622951460000002,fixed
51.6521611000062,25,0.831,-0.01185238,-2.3704759999999996,9.849327779999998,1.9698655559999996,fixed
51.67405120001058,25,0.83,-0.01196897,-2.393794,9.9342451,1.98684902,fixed
51.69942770001944,25,0.831,-0.01181594,-2.363188,9.81904614,1.963809228,fixed
51.721042999997735,25,0.831,-0.01192707,-2.385414,9.91139517,1.9822790339999998,fixed
51.74709879999864,25,0.831,-0.01200541,-2.4010819999999997,9.976495709999998,1.9952991419999997,fixed
51.76903550000861,25,0.831,-0.0118542,-2.3708400000000003,9.8508402,1.9701680400000001,fixed
51.794295100000454,25,0.831,-0.0119289,-2.3857799999999996,9.9129159,1.9825831799999996,fixed
51.81602600001497,25,0.831,-0.01182141,-2.3642819999999998,9.823591709999999,1.9647183419999996,fixed
51.84004980002646,25,0.831,-0.01182687,-2.365374,9.828128969999998,1.965625794,fixed
51.86206710000988,25,0.831,-0.01197262,-2.3945239999999997,9.949247219999998,1.9898494439999996,fixed
51.88707980001345,25,0.83,-0.01197626,-2.395252,9.9402958,1.98805916,fixed
51.908806600025855,25,0.831,-0.01184874,-2.369748,9.84630294,1.9692605879999998,fixed
51.93373290001182,25,0.831,-0.01188882,-2.377764,9.87960942,1.975921884,fixed
51.95461780001642,25,0.83,-0.01189064,-2.378128,9.869231199999998,1.9738462399999996,fixed
51.975677700014785,25,0.83,-0.01182869,-2.365738,9.8178127,1.9635625399999999,fixed
51.99707100001979,25,0.831,-0.0118123,-2.3624599999999996,9.8160213,1.9632042599999995,fixed
52.01893780002138,25,0.831,-0.01185602,-2.371204,9.85235262,1.970470524,fixed
52.04534140002215,25,0.831,-0.01193254,-2.386508,9.91594074,1.983188148,fixed
52.066914399998495,25,0.831,-0.01181959,-2.363918,9.82207929,1.964415858,fixed
52.09199020001688,25,0.831,-0.01186149,-2.372298,9.856898189999999,1.9713796379999997,fixed
52.1139128000068,25,0.83,-0.01198537,-2.397074,9.9478571,1.9895714199999999,fixed
52.13864790002117,25,0.831,-0.0118287,-2.3657399999999997,9.829649699999997,1.9659299399999997,fixed
52.15987830000813,25,0.831,-0.01189064,-2.378128,9.881121839999999,1.9762243679999998,fixed
52.185489100025734,25,0.831,-0.0119708,-2.3941600000000003,9.9477348,1.9895469600000002,fixed
52.20691520001856,25,0.831,-0.01180319,-2.3606380000000002,9.80845089,1.961690178,fixed
52.232616300025256,25,0.831,-0.01184509,-2.369018,9.843269789999999,1.968653958,fixed
52.253880000003846,25,0.83,-0.01196533,-2.393066,9.931223899999999,1.98624478,fixed
52.2787845999992,25,0.831,-0.01181594,-2.363188,9.81904614,1.963809228,fixed
52.299850500014145,25,0.831,-0.01187606,-2.3752120000000003,9.86900586,1.9738011720000002,fixed
52.325066800025525,25,0.831,-0.01195258,-2.3905160000000003,9.93259398,1.9865187960000001,fixed
52.34676500002388,25,0.831,-0.01178862,-2.357724,9.79634322,1.959268644,fixed
52.37220180002623,25,0.831,-0.01180319,-2.3606380000000002,9.80845089,1.961690178,fixed
52.393802900012815,26,0.785,-0.0123404,-2.4680799999999996,9.687213999999999,1.9374427999999997,fixed
52.41865890001645,26,0.784,-0.01217643,-2.435286,9.546321120000002,1.9092642240000002,fixed
52.44093840001733,26,0.784,-0.01227299,-2.454598,9.622024159999999,1.924404832,fixed
52.46696630000952,26,0.784,-0.01236408,-2.472816,9.69343872,1.938687744,fixed
52.48920350000844,26,0.784,-0.01220376,-2.440752,9.56774784,1.9135495679999999,fixed
52.513458800007356,26,0.784,-0.01226934,-2.453868,9.61916256,1.923832512,fixed
52.535715400008485,26,0.784,-0.01225841,-2.4516820000000004,9.61059344,1.9221186880000003,fixed
52.56179870001506,26,0.784,-0.01217097,-2.434194,9.542040479999999,1.9084080960000003,fixed
52.58436170002096,26,0.784,-0.01234768,-2.469536,9.68058112,1.9361162240000003,fixed
52.60672000001068,26,0.784,-0.012191,-2.4382,9.557744,1.9115488000000003,fixed
52.62871590000577,26,0.785,-0.01220741,-2.4414819999999997,9.58281685,1.9165633699999998,fixed
52.65430920000654,26,0.784,-0.01227481,-2.454962,9.62345104,1.9246902080000001,fixed
52.67558220002684,26,0.784,-0.012191,-2.4382,9.557744,1.9115488000000003,fixed
52.700301300006686,26,0.784,-0.01218008,-2.436016,9.549182720000001,1.909836544,fixed
52.72158950002631,26,0.784,-0.01231853,-2.4637059999999997,9.65772752,1.9315455039999998,fixed
52.74676650002948,26,0.784,-0.01235497,-2.470994,9.686296480000001,1.9372592960000001,fixed
52.768597400019644,26,0.784,-0.01221287,-2.442574,9.574890080000001,1.914978016,fixed
52.79339530001744,26,0.784,-0.0122821,-2.45642,9.6291664,1.9258332800000002,fixed
52.814570400019875,26,0.784,-0.01227663,-2.4553260000000003,9.62487792,1.9249755840000002,fixed
52.840482900006464,26,0.784,-0.01216368,-2.432736,9.536325119999999,1.907265024,fixed
52.86153110003215,26,0.784,-0.01232036,-2.4640720000000003,9.65916224,1.9318324480000002,fixed
52.88355580001371,26,0.784,-0.01235133,-2.470266,9.68344272,1.9366885440000001,fixed
52.90534620001563,26,0.784,-0.01219465,-2.43893,9.5606056,1.9121211200000001,fixed
52.92653250001604,26,0.784,-0.0121655,-2.4331,9.537752,1.9075504,fixed
52.94937490002485,26,0.784,-0.01220376,-2.440752,9.56774784,1.9135495679999999,fixed
52.97051790001569,26,0.784,-0.0122657,-2.45314,9.616308799999999,1.92326176,fixed
52.99633350002114,26,0.784,-0.01235861,-2.471722,9.689150240000002,1.9378300480000001,fixed
53.01748880001833,26,0.784,-0.01217643,-2.435286,9.546321120000002,1.9092642240000002,fixed
53.043644900026266,26,0.785,-0.01222927,-2.4458539999999998,9.59997695,1.91999539,fixed
53.06552630002261,26,0.784,-0.01219829,-2.439658,9.56345936,1.9126918720000001,fixed
53.08961370002362,26,0.784,-0.01217279,-2.434558,9.543467360000001,1.9086934720000002,fixed
53.111429800017504,26,0.785,-0.01231125,-2.46225,9.66433125,1.93286625,fixed
53.137495700008,26,0.784,-0.01236226,-2.4724519999999997,9.692011840000001,1.9384023679999998,fixed
53.15947040001629,26,0.784,-0.01223655,-2.4473100000000003,9.593455200000001,1.9186910400000003,fixed
53.18379880001885,26,0.784,-0.01231307,-2.462614,9.65344688,1.930689376,fixed
53.205609700031346,26,0.784,-0.01220558,-2.441116,9.56917472,1.9138349440000002,fixed
53.22752090002177,26,0.784,-0.01217825,-2.43565,9.547748,1.9095496,fixed
53.24943350002286,26,0.784,-0.01223655,-2.4473100000000003,9.593455200000001,1.9186910400000003,fixed
53.27141230000416,26,0.784,-0.01231489,-2.462978,9.65487376,1.9309747520000002,fixed
53.29402930001379,26,0.784,-0.01236408,-2.472816,9.69343872,1.938687744,fixed
53.31543290000991,26,0.784,-0.01221651,-2.443302,9.57774384,1.915548768,fixed
53.339875200006645,26,0.784,-0.01217461,-2.4349220000000003,9.544894240000001,1.9089788480000003,fixed
53.36139250002452,26,0.784,-0.01231307,-2.462614,9.65344688,1.930689376,fixed
53.38704470000812,26,0.784,-0.01236408,-2.472816,9.69343872,1.938687744,fixed
53.408576100016944,26,0.784,-0.01220012,-2.440024,9.56489408,1.9129788160000003,fixed
53.43384230002994,26,0.784,-0.01226752,-2.453504,9.617735680000001,1.9235471360000003,fixed
53.45547370001441,26,0.784,-0.01221105,-2.44221,9.5734632,1.9146926400000002,fixed
53.48058350002975,26,0.784,-0.01217461,-2.4349220000000003,9.544894240000001,1.9089788480000003,fixed
53.50254390001646,26,0.784,-0.01235315,-2.47063,9.684869599999999,1.93697392,fixed
53.528905100014526,26,0.784,-0.01230214,-2.460428,9.64487776,1.928975552,fixed
53.550334300030954,26,0.784,-0.01226024,-2.452048,9.612028160000001,1.922405632,fixed
53.57519410000532,26,0.784,-0.01235133,-2.470266,9.68344272,1.9366885440000001,fixed
53.59632130002137,26,0.784,-0.01216914,-2.433828,9.540605760000002,1.908121152,fixed
53.62199610003154,26,0.784,-0.01219101,-2.438202,9.55775184,1.911550368,fixed
53.643272900022566,26,0.784,-0.01237136,-2.474272,9.69914624,1.9398292480000001,fixed
53.66915510001127,26,0.784,-0.01231307,-2.462614,9.65344688,1.930689376,fixed
53.690652500023134,26,0.784,-0.01225841,-2.4516820000000004,9.61059344,1.9221186880000003,fixed
53.71638560001156,26,0.785,-0.01234769,-2.469538,9.692936650000002,1.93858733,fixed
53.738340000010794,26,0.784,-0.01219647,-2.439294,9.56203248,1.912406496,fixed
53.76330620000954,26,0.784,-0.01226206,-2.452412,9.61345504,1.922691008,fixed
53.78533240003162,26,0.784,-0.01221651,-2.443302,9.57774384,1.915548768,fixed
53.8103368000302,26,0.784,-0.01216732,-2.433464,9.53917888,1.907835776,fixed
53.832281200011494,26,0.784,-0.01233857,-2.467714,9.67343888,1.934687776,fixed
53.85748780000722,26,0.784,-0.01231307,-2.462614,9.65344688,1.930689376,fixed
53.87924420001218,26,0.785,-0.01221651,-2.443302,9.58996035,1.9179920700000002,fixed
53.903648500010604,26,0.784,-0.01229303,-2.458606,9.637735520000001,1.927547104,fixed
53.92523790002451,26,0.784,-0.01221651,-2.443302,9.57774384,1.915548768,fixed
53.949914100026945,26,0.784,-0.01216186,-2.432372,9.53489824,1.906979648,fixed
53.97132620002958,26,0.784,-0.01228392,-2.456784,9.630593280000001,1.9261186559999999,fixed
53.99637160002021,26,0.784,-0.01235315,-2.47063,9.684869599999999,1.93697392,fixed
54.01821080001537,26,0.784,-0.01217643,-2.435286,9.546321120000002,1.9092642240000002,fixed
54.04339170001913,26,0.784,-0.01224384,-2.4487680000000003,9.59917056,1.9198341120000002,fixed
54.06522500002757,26,0.784,-0.01221833,-2.443666,9.57917072,1.915834144,fixed
54.090799300029175,26,0.784,-0.01215275,-2.43055,9.527756,1.9055512000000003,fixed
54.112272800004575,26,0.784,-0.01233129,-2.466258,9.667731360000001,1.9335462719999998,fixed
54.13734670000849,26,0.784,-0.01230942,-2.461884,9.65058528,1.930117056,fixed
54.15916890001972,26,0.784,-0.01220194,-2.440388,9.566320959999999,1.913264192,fixed
54.18417040002532,26,0.784,-0.01227845,-2.4556899999999997,9.626304800000002,1.92526096,fixed
54.20623370000976,26,0.784,-0.0121655,-2.4331,9.537752,1.9075504,fixed
54.23137100003078,26,0.784,-0.01217825,-2.43565,9.547748,1.9095496,fixed
54.253143100009765,26,0.784,-0.01235679,-2.471358,9.68772336,1.937544672,fixed
54.27708210001583,26,0.784,-0.01221469,-2.4429380000000003,9.576316960000002,1.9152633920000004,fixed
54.298101200023666,26,0.785,-0.01218008,-2.436016,9.561362800000001,1.9122725600000001,fixed
54.32203740000841,26,0.784,-0.01224202,-2.448404,9.597743679999999,1.919548736,fixed
54.3431896000111,26,0.784,-0.0123659,-2.47318,9.694865600000002,1.9389731200000002,fixed
54.36939630002598,26,0.784,-0.01222926,-2.445852,9.587739840000001,1.917547968,fixed
54.391114300029585,26,0.785,-0.01228939,-2.457878,9.647171150000002,1.92943423,fixed
54.41597439997713,27,0.839,-0.01189797,-2.379594,9.98239683,1.996479366,fixed
54.4372365999734,27,0.839,-0.01169575,-2.33915,9.81273425,1.96254685,fixed
54.45918389997678,27,0.84,-0.01174494,-2.348988,9.8657496,1.9731499199999998,fixed
54.48096529999748,27,0.84,-0.01182146,-2.364292,9.9300264,1.9860052799999999,fixed
54.50218609999865,27,0.84,-0.011867,-2.3734,9.96828,1.993656,fixed
54.52665819998947,27,0.839,-0.01186518,-2.373036,9.95488602,1.9909772039999998,fixed
54.54819359999965,27,0.839,-0.01171943,-2.343886,9.83260177,1.9665203539999998,fixed
54.57354019998456,27,0.84,-0.0117832,-2.35664,9.897888,1.9795776,fixed
54.59521859997767,27,0.839,-0.01178866,-2.357732,9.890685739999999,1.9781371479999998,fixed
54.621353599999566,27,0.84,-0.01170668,-2.341336,9.8336112,1.96672224,fixed
54.642927699984284,27,0.839,-0.01191072,-2.382144,9.993094079999999,1.9986188159999998,fixed
54.66841299997759,27,0.839,-0.01187246,-2.374492,9.96099394,1.992198788,fixed
54.690185999992536,27,0.84,-0.01178137,-2.356274,9.896350799999999,1.97927016,fixed
54.71553509999649,27,0.84,-0.01187064,-2.374128,9.9713376,1.9942675199999997,fixed
54.73716969997622,27,0.84,-0.0117085,-2.3417000000000003,9.835139999999999,1.9670280000000002,fixed
54.76266849998501,27,0.84,-0.0117504,-2.3500799999999997,9.870335999999998,1.9740671999999997,fixed
54.7841422999918,27,0.839,-0.01188339,-2.376678,9.97016421,1.994032842,fixed
54.80968749997555,27,0.84,-0.01172854,-2.345708,9.8519736,1.97039472,fixed
54.83114470000146,27,0.84,-0.01183421,-2.3668419999999997,9.940736399999999,1.9881472799999997,fixed
54.85615649999818,27,0.839,-0.0119253,-2.38506,10.0053267,2.0010653400000002,fixed
54.878108499979135,27,0.84,-0.01173765,-2.34753,9.859626,1.9719251999999998,fixed
54.90315709999413,27,0.84,-0.01180142,-2.360284,9.9131928,1.98263856,fixed
54.925154600001406,27,0.839,-0.01181234,-2.362468,9.91055326,1.9821106519999998,fixed
54.948704199981876,27,0.84,-0.01171761,-2.343522,9.8427924,1.96855848,fixed
54.970072899974184,27,0.84,-0.0117832,-2.35664,9.897888,1.9795776,fixed
54.99486869998509,27,0.84,-0.01187429,-2.3748579999999997,9.974403599999999,1.9948807199999996,fixed
55.01588739998988,27,0.839,-0.01173947,-2.347894,9.84941533,1.969883066,fixed
55.04095969998161,27,0.84,-0.01171943,-2.343886,9.8443212,1.9688642399999998,fixed
55.06315019997419,27,0.839,-0.01192165,-2.3843300000000003,10.002264349999999,2.00045287,fixed
55.089194100000896,27,0.839,-0.01181963,-2.363926,9.91666957,1.9833339140000001,fixed
55.111019699979806,27,0.84,-0.01182692,-2.3653839999999997,9.9346128,1.9869225599999998,fixed
55.13488889997825,27,0.839,-0.01191619,-2.383238,9.997683409999999,1.9995366819999998,fixed
55.15594099997543,27,0.839,-0.011734,-2.3468,9.844826,1.9689652,fixed
55.18110109999543,27,0.84,-0.01171761,-2.343522,9.8427924,1.96855848,fixed
55.20302429998992,27,0.839,-0.01191436,-2.382872,9.99614804,1.9992296079999998,fixed
55.22719239999424,27,0.839,-0.01181963,-2.363926,9.91666957,1.9833339140000001,fixed
55.24893519998295,27,0.84,-0.01176133,-2.352266,9.8795172,1.9759034400000002,fixed
55.27417249997961,27,0.84,-0.0118251,-2.36502,9.933084,1.9866167999999997,fixed
55.29596419999143,27,0.839,-0.01173947,-2.347894,9.84941533,1.969883066,fixed
55.32173369999509,27,0.84,-0.01173036,-2.3460720000000004,9.8535024,1.9707004800000003,fixed
55.34283969999524,27,0.839,-0.01191801,-2.3836019999999998,9.999210389999998,1.9998420779999997,fixed
55.36894649997703,27,0.839,-0.01190526,-2.381052,9.98851314,1.9977026279999999,fixed
55.390895999997156,27,0.84,-0.01182874,-2.3657480000000004,9.936141600000001,1.9872283200000003,fixed
55.41620029998012,27,0.839,-0.01192165,-2.3843300000000003,10.002264349999999,2.00045287,fixed
55.437949699989986,27,0.839,-0.01173765,-2.34753,9.84788835,1.9695776699999998,fixed
55.46280429998296,27,0.84,-0.01179231,-2.3584620000000003,9.9055404,1.9811080800000003,fixed
55.483891699987,27,0.839,-0.01191436,-2.382872,9.99614804,1.9992296079999998,fixed
55.50878949998878,27,0.839,-0.01175587,-2.351174,9.86317493,1.9726349859999999,fixed
55.530843499989714,27,0.84,-0.01182692,-2.3653839999999997,9.9346128,1.9869225599999998,fixed
55.55688469999586,27,0.84,-0.01191801,-2.3836019999999998,10.011128399999999,2.0022256799999996,fixed
55.5789285999781,27,0.84,-0.01176316,-2.352632,9.8810544,1.9762108799999998,fixed
55.60234469998977,27,0.84,-0.01183603,-2.3672060000000004,9.9422652,1.9884530400000002,fixed
55.62389299998176,27,0.839,-0.01191801,-2.3836019999999998,9.999210389999998,1.9998420779999997,fixed
55.64970019998145,27,0.839,-0.01176315,-2.35263,9.86928285,1.97385657,fixed
55.6708863999811,27,0.84,-0.01182692,-2.3653839999999997,9.9346128,1.9869225599999998,fixed
55.6928188999882,27,0.84,-0.01192348,-2.384696,10.0157232,2.00314464,fixed
55.714906499983044,27,0.839,-0.01185425,-2.37085,9.94571575,1.9891431499999999,fixed
55.73680699997931,27,0.84,-0.01173401,-2.346802,9.8565684,1.9713136799999997,fixed
55.7589971999987,27,0.84,-0.01177044,-2.354088,9.8871696,1.97743392,fixed
55.78095389998634,27,0.84,-0.01183421,-2.3668419999999997,9.940736399999999,1.9881472799999997,fixed
55.804224699997576,27,0.839,-0.01192712,-2.3854239999999995,10.006853679999999,2.0013707359999997,fixed
55.826039699983085,27,0.839,-0.01177226,-2.3544519999999998,9.876926139999998,1.9753852279999997,fixed
55.85023969999747,27,0.84,-0.01174494,-2.348988,9.8657496,1.9731499199999998,fixed
55.87179959999048,27,0.84,-0.01188704,-2.377408,9.9851136,1.99702272,fixed
55.896138699987205,27,0.839,-0.01194169,-2.388338,10.019077909999998,2.003815582,fixed
55.91765759998816,27,0.839,-0.01175951,-2.351902,9.86622889,1.973245778,fixed
55.94204689998878,27,0.84,-0.01177955,-2.35591,9.894822,1.9789644000000002,fixed
55.96386349998647,27,0.839,-0.01193623,-2.387246,10.01449697,2.002899394,fixed
55.98751690000063,27,0.839,-0.01178684,-2.357368,9.889158759999999,1.977831752,fixed
56.00861889999942,27,0.84,-0.01178137,-2.356274,9.896350799999999,1.97927016,fixed
56.033488199987914,27,0.84,-0.01181052,-2.362104,9.9208368,1.9841673599999998,fixed
56.05478539998876,27,0.839,-0.01188339,-2.376678,9.97016421,1.994032842,fixed
56.07975749997422,27,0.84,-0.01174494,-2.348988,9.8657496,1.9731499199999998,fixed
56.10173439999926,27,0.84,-0.01187975,-2.37595,9.97899,1.995798,fixed
56.12703740000143,27,0.839,-0.01193805,-2.38761,10.01602395,2.00320479,fixed
56.14874389997567,27,0.84,-0.01177591,-2.355182,9.891764400000001,1.97835288,fixed
56.174343599996064,27,0.84,-0.01184149,-2.3682980000000002,9.946851599999999,1.9893703200000001,fixed
56.19575149999582,27,0.839,-0.01179412,-2.358824,9.895266679999999,1.9790533359999998,fixed
56.22122459998354,27,0.839,-0.01175222,-2.3504440000000004,9.860112580000001,1.9720225160000002,fixed
56.243401999992784,27,0.84,-0.01193441,-2.386882,10.024904399999999,2.0049808799999997,fixed
56.26802819999284,27,0.839,-0.01189432,-2.378864,9.979334479999999,1.995866896,fixed
56.289725599985104,27,0.84,-0.01181235,-2.3624699999999996,9.922374,1.9844747999999997,fixed
56.31468449998647,27,0.84,-0.01189251,-2.378502,9.9897084,1.99794168,fixed
56.33667219997733,27,0.84,-0.01176498,-2.352996,9.8825832,1.97651664,fixed
56.36131349997595,27,0.839,-0.01178137,-2.356274,9.884569429999999,1.976913886,fixed
56.38254639998195,27,0.84,-0.01193805,-2.38761,10.027962,2.0055924,fixed
56.40859039998031,27,0.839,-0.01196173,-2.3923460000000003,10.035891470000001,2.007178294,fixed
56.43048439998529,28,0.893,-0.01100737,-2.201474,9.829581410000001,1.9659162820000002,fixed
56.455176499992376,28,0.894,-0.01104563,-2.2091260000000004,9.87479322,1.9749586440000004,fixed
56.476694299984956,28,0.894,-0.01093085,-2.18617,9.772179900000001,1.9544359800000002,fixed
56.502174499997636,28,0.894,-0.01092357,-2.184714,9.765671580000001,1.953134316,fixed
56.523644899978535,28,0.894,-0.01112214,-2.2244280000000005,9.94319316,1.9886386320000005,fixed
56.54797359998338,28,0.893,-0.0110766,-2.21532,9.8914038,1.9782807600000003,fixed
56.56963679997716,28,0.894,-0.01096547,-2.193094,9.80313018,1.9606260359999998,fixed
56.59554109998862,28,0.894,-0.0110019,-2.20038,9.835698599999999,1.96713972,fixed
56.61670449998928,28,0.894,-0.01091992,-2.1839839999999997,9.76240848,1.9524816959999998,fixed
56.64216540000052,28,0.894,-0.01093085,-2.18617,9.772179900000001,1.9544359800000002,fixed
56.66346879999037,28,0.894,-0.01110575,-2.2211499999999997,9.928540499999999,1.9857080999999999,fixed
56.6887185999949,28,0.893,-0.0110602,-2.21204,9.876758599999999,1.9753517200000001,fixed
56.71060999998008,28,0.894,-0.01098551,-2.197102,9.82104594,1.964209188,fixed
56.734887699974934,28,0.894,-0.01103105,-2.20621,9.861758700000001,1.9723517400000001,fixed
56.75638059998164,28,0.893,-0.01092356,-2.184712,9.754739080000002,1.9509478160000002,fixed
56.7815451999777,28,0.894,-0.01091264,-2.182528,9.75590016,1.9511800320000001,fixed
56.80258339998545,28,0.894,-0.0110766,-2.21532,9.9024804,1.9804960800000002,fixed
56.82817090000026,28,0.893,-0.01110939,-2.221878,9.92068527,1.9841370539999998,fixed
56.84959440000239,28,0.894,-0.01095454,-2.190908,9.79335876,1.9586717519999999,fixed
56.87459439999657,28,0.894,-0.01098915,-2.19783,9.8243001,1.9648600200000002,fixed
56.895536899974104,28,0.894,-0.01098186,-2.1963719999999998,9.81778284,1.9635565679999998,fixed
56.916574299975764,28,0.894,-0.01091992,-2.1839839999999997,9.76240848,1.9524816959999998,fixed
56.938335799990455,28,0.894,-0.01091081,-2.182162,9.75426414,1.950852828,fixed
56.95951299997978,28,0.894,-0.01095454,-2.190908,9.79335876,1.9586717519999999,fixed
56.98512070000288,28,0.894,-0.01099644,-2.199288,9.830817360000001,1.966163472,fixed
57.00647809999646,28,0.894,-0.01093085,-2.18617,9.772179900000001,1.9544359800000002,fixed
57.02752939998754,28,0.894,-0.01092357,-2.184714,9.765671580000001,1.953134316,fixed
57.04849919999833,28,0.894,-0.01093632,-2.187264,9.77707008,1.955414016,fixed
57.06951859997935,28,0.894,-0.01096182,-2.1923640000000004,9.79986708,1.9599734160000004,fixed
57.094851100002415,28,0.894,-0.01099644,-2.199288,9.830817360000001,1.966163472,fixed
57.11649339998257,28,0.894,-0.01093268,-2.186536,9.77381592,1.954763184,fixed
57.142252499994356,28,0.894,-0.01091992,-2.1839839999999997,9.76240848,1.9524816959999998,fixed
57.1635271999985,28,0.893,-0.01111668,-2.223336,9.927195240000001,1.9854390480000002,fixed
57.18874469998991,28,0.894,-0.01108389,-2.216778,9.90899766,1.9817995320000001,fixed
57.21047409999301,28,0.894,-0.01099462,-2.198924,9.82919028,1.965838056,fixed
57.235115199990105,28,0.894,-0.01103105,-2.20621,9.861758700000001,1.9723517400000001,fixed
57.25646069998038,28,0.894,-0.01092721,-2.185442,9.76892574,1.9537851480000001,fixed
57.28141559998039,28,0.894,-0.01090717,-2.1814340000000003,9.751009980000001,1.9502019960000003,fixed
57.30226810000022,28,0.894,-0.01107113,-2.214226,9.89759022,1.979518044,fixed
57.323288999992656,28,0.893,-0.01111121,-2.222242,9.92231053,1.984462106,fixed
57.344259699981194,28,0.893,-0.01108388,-2.2167760000000003,9.89790484,1.9795809680000003,fixed
57.365413399995305,28,0.894,-0.0110019,-2.20038,9.835698599999999,1.96713972,fixed
57.38894299999811,28,0.893,-0.01093085,-2.18617,9.76124905,1.95224981,fixed
57.41019769999548,28,0.894,-0.01099097,-2.198194,9.825927179999999,1.965185436,fixed
57.43605089999619,28,0.894,-0.01102923,-2.205846,9.860131619999999,1.9720263240000002,fixed
57.457375600002706,28,0.894,-0.01091446,-2.182892,9.757527240000002,1.9515054479999998,fixed
57.48365619999822,28,0.894,-0.01093268,-2.186536,9.77381592,1.954763184,fixed
57.50542589998804,28,0.893,-0.01102012,-2.204024,9.84096716,1.968193432,fixed
57.5307402999897,28,0.894,-0.01094725,-2.18945,9.786841500000001,1.9573683,fixed
57.55240849999245,28,0.894,-0.0110766,-2.21532,9.9024804,1.9804960800000002,fixed
57.57673849997809,28,0.893,-0.01112396,-2.224792,9.933696280000001,1.986739256,fixed
57.598195799975656,28,0.894,-0.01094361,-2.188722,9.78358734,1.956717468,fixed
57.624105099996086,28,0.894,-0.01096911,-2.193822,9.80638434,1.961276868,fixed
57.64540139999008,28,0.893,-0.01102012,-2.204024,9.84096716,1.968193432,fixed
57.66975509998156,28,0.893,-0.01094725,-2.18945,9.77589425,1.95517885,fixed
57.69141459997627,28,0.894,-0.01103652,-2.2073039999999997,9.86664888,1.9733297759999997,fixed
57.71663019998232,28,0.894,-0.01108024,-2.216048,9.90573456,1.9811469119999998,fixed
57.738349899998866,28,0.894,-0.01094725,-2.18945,9.786841500000001,1.9573683,fixed
57.76279319997411,28,0.894,-0.0109764,-2.19528,9.812901600000002,1.96258032,fixed
57.78436559997499,28,0.893,-0.0111185,-2.2237,9.928820499999999,1.9857641000000001,fixed
57.80936789998668,28,0.893,-0.01103652,-2.2073039999999997,9.85561236,1.9711224719999998,fixed
57.830281799979275,28,0.894,-0.01099644,-2.199288,9.830817360000001,1.966163472,fixed
57.85130019998178,28,0.894,-0.01103105,-2.20621,9.861758700000001,1.9723517400000001,fixed
57.87228429998504,28,0.894,-0.0110766,-2.21532,9.9024804,1.9804960800000002,fixed
57.89331279997714,28,0.894,-0.01112943,-2.225886,9.949710419999999,1.9899420840000002,fixed
57.91772939998191,28,0.893,-0.01111121,-2.222242,9.92231053,1.984462106,fixed
57.93901169998571,28,0.894,-0.01097093,-2.194186,9.80801142,1.9616022840000003,fixed
57.9644007999741,28,0.894,-0.01100008,-2.200016,9.834071520000002,1.9668143040000001,fixed
57.986203499982366,28,0.893,-0.01096364,-2.192728,9.79053052,1.9581061039999998,fixed
58.00723969997489,28,0.894,-0.01092721,-2.185442,9.76892574,1.9537851480000001,fixed
58.028261999977985,28,0.894,-0.01094361,-2.188722,9.78358734,1.956717468,fixed
58.04921659998945,28,0.894,-0.01096547,-2.193094,9.80313018,1.9606260359999998,fixed
58.075164299982134,28,0.894,-0.0110019,-2.20038,9.835698599999999,1.96713972,fixed
58.096125399984885,28,0.893,-0.01096729,-2.193458,9.793789969999999,1.9587579940000002,fixed
58.12147649997496,28,0.894,-0.01093814,-2.187628,9.77869716,1.955739432,fixed
58.143115999992006,28,0.894,-0.01112943,-2.225886,9.949710419999999,1.9899420840000002,fixed
58.16799789998913,28,0.893,-0.01113125,-2.22625,9.94020625,1.98804125,fixed
58.1890983999765,28,0.894,-0.01097458,-2.194916,9.81127452,1.9622549040000001,fixed
58.21477500000037,28,0.894,-0.01100373,-2.2007459999999996,9.83733462,1.9674669239999998,fixed
58.23617479999666,28,0.893,-0.01098368,-2.196736,9.80842624,1.961685248,fixed
58.26078240000061,28,0.894,-0.01094543,-2.189086,9.78521442,1.957042884,fixed
58.28210359998047,28,0.894,-0.01107478,-2.214956,9.90085332,1.980170664,fixed
58.30740579997655,28,0.894,-0.01112397,-2.224794,9.94482918,1.9889658360000002,fixed
58.32909899999504,28,0.894,-0.01096729,-2.193458,9.80475726,1.9609514520000002,fixed
58.35539329997846,28,0.894,-0.01099462,-2.198924,9.82919028,1.965838056,fixed
58.3770265999774,28,0.894,-0.01093996,-2.1879920000000004,9.78032424,1.9560648480000005,fixed
58.403404199983925,28,0.894,-0.01094361,-2.188722,9.78358734,1.956717468,fixed
58.425073799997335,28,0.893,-0.01107295,-2.2145900000000003,9.88814435,1.9776288700000002,fixed
58.45105869998224,29,0.848,-0.01169033,-2.3380660000000004,9.91339984,1.9826799680000002,fixed
58.47200349997729,29,0.848,-0.01182514,-2.3650279999999997,10.02771872,2.0055437439999997,fixed
58.49775419998332,29,0.847,-0.01187068,-2.374136,10.05446596,2.010893192,fixed
58.51906289998442,29,0.848,-0.01171219,-2.3424380000000005,9.931937119999999,1.9863874240000003,fixed
58.54400429999805,29,0.848,-0.01173951,-2.347902,9.95510448,1.991020896,fixed
58.565033699997,29,0.847,-0.01181967,-2.3639339999999995,10.011260489999998,2.0022520979999996,fixed
58.59034460000112,29,0.848,-0.0117304,-2.3460799999999997,9.9473792,1.9894758399999997,fixed
58.612020299973665,29,0.848,-0.01181421,-2.362842,10.01845008,2.003690016,fixed
58.637815499998396,29,0.848,-0.0118634,-2.37268,10.0601632,2.0120326399999997,fixed
58.65908969999873,29,0.848,-0.01171219,-2.3424380000000005,9.931937119999999,1.9863874240000003,fixed
58.68410909999511,29,0.848,-0.01177777,-2.355554,9.98754896,1.997509792,fixed
58.70595769997453,29,0.847,-0.01172858,-2.3457160000000004,9.93410726,1.9868214520000003,fixed
58.731184699980076,29,0.848,-0.01167939,-2.335878,9.90412272,1.980824544,fixed
58.75291369998013,29,0.848,-0.01185064,-2.3701280000000002,10.04934272,2.009868544,fixed
58.7785876999842,29,0.847,-0.01186339,-2.3726779999999996,10.048291329999998,2.0096582659999997,fixed
58.80001479998464,29,0.848,-0.01171765,-2.34353,9.936567199999999,1.9873134399999999,fixed
58.82523930000025,29,0.848,-0.01175591,-2.351182,9.96901168,1.9938023360000001,fixed
58.84702319998178,29,0.847,-0.01166846,-2.333692,9.88318562,1.976637124,fixed
58.872622499999125,29,0.848,-0.01166846,-2.333692,9.89485408,1.9789708160000001,fixed
58.893847699975595,29,0.847,-0.01186704,-2.3734080000000004,10.05138288,2.0102765760000003,fixed
58.91497199999867,29,0.847,-0.01181785,-2.36357,10.00971895,2.00194379,fixed
58.935917900002096,29,0.848,-0.01172858,-2.3457160000000004,9.94583584,1.9891671680000003,fixed
58.95665469998494,29,0.848,-0.01167757,-2.335514,9.90257936,1.9805158719999998,fixed
58.98173199998564,29,0.847,-0.01166664,-2.3333280000000003,9.88164408,1.976328816,fixed
59.00276709999889,29,0.848,-0.01184882,-2.369764,10.047799359999999,2.009559872,fixed
59.02868519999902,29,0.848,-0.01187797,-2.375594,10.07251856,2.014503712,fixed
59.0497465999797,29,0.848,-0.01172676,-2.3453519999999997,9.944292479999998,1.9888584959999998,fixed
59.070933399983915,29,0.848,-0.01176137,-2.352274,9.973641760000001,1.9947283519999999,fixed
59.093729099986376,29,0.848,-0.0118051,-2.3610200000000003,10.0107248,2.0021449600000003,fixed
59.11502999998629,29,0.847,-0.01183242,-2.366484,10.02205974,2.004411948,fixed
59.1392420999764,29,0.848,-0.01168486,-2.3369720000000003,9.908761279999998,1.9817522560000003,fixed
59.160886999976356,29,0.848,-0.0117632,-2.35264,9.975193599999999,1.99503872,fixed
59.186204899975564,29,0.848,-0.01180146,-2.3602920000000003,10.00763808,2.001527616,fixed
59.207887099997606,29,0.848,-0.01167211,-2.334422,9.897949279999999,1.979589856,fixed
59.23312299998361,29,0.848,-0.0116885,-2.3377,9.911847999999999,1.9823696,fixed
59.25490269999136,29,0.847,-0.0118306,-2.36612,10.0205182,2.00410364,fixed
59.28008399999817,29,0.847,-0.01173404,-2.3468080000000002,9.938731879999999,1.987746376,fixed
59.30174199998146,29,0.848,-0.01179781,-2.359562,10.00454288,2.000908576,fixed
59.328204799996456,29,0.848,-0.01184882,-2.369764,10.047799359999999,2.009559872,fixed
59.34981119999429,29,0.848,-0.01172858,-2.3457160000000004,9.94583584,1.9891671680000003,fixed
59.37565399997402,29,0.848,-0.01176502,-2.353004,9.97673696,1.9953473919999998,fixed
59.39657949999673,29,0.848,-0.01169943,-2.339886,9.92111664,1.984223328,fixed
59.42211809998844,29,0.848,-0.01168486,-2.3369720000000003,9.908761279999998,1.9817522560000003,fixed
59.443603699997766,29,0.847,-0.01188343,-2.3766860000000003,10.06526521,2.013053042,fixed
59.46816559997387,29,0.847,-0.011847,-2.3693999999999997,10.034409,2.0068817999999995,fixed
59.48978360000183,29,0.848,-0.01172312,-2.344624,9.94120576,1.988241152,fixed
59.51322509997408,29,0.848,-0.01175591,-2.351182,9.96901168,1.9938023360000001,fixed
59.53453519998584,29,0.847,-0.01184882,-2.369764,10.03595054,2.007190108,fixed
59.559918799990555,29,0.847,-0.01175591,-2.351182,9.95725577,1.991451154,fixed
59.58158569998341,29,0.848,-0.01180328,-2.3606559999999996,10.009181439999999,2.001836288,fixed
59.605889300000854,29,0.848,-0.01184882,-2.369764,10.047799359999999,2.009559872,fixed
59.62769749999279,29,0.848,-0.0116885,-2.3377,9.911847999999999,1.9823696,fixed
59.65237119997619,29,0.848,-0.01170125,-2.34025,9.92266,1.9845320000000002,fixed
59.674009499984095,29,0.847,-0.01188343,-2.3766860000000003,10.06526521,2.013053042,fixed
59.698571399989305,29,0.847,-0.01176684,-2.353368,9.96651348,1.993302696,fixed
59.719765199988615,29,0.848,-0.01172676,-2.3453519999999997,9.944292479999998,1.9888584959999998,fixed
59.74072839997825,29,0.848,-0.01175773,-2.351546,9.970555039999999,1.994111008,fixed
59.76227359997574,29,0.848,-0.01179599,-2.359198,10.00299952,2.000599904,fixed
59.783706199988956,29,0.847,-0.01188161,-2.376322,10.06372367,2.012744734,fixed
59.80848439998226,29,0.847,-0.01185246,-2.370492,10.03903362,2.007806724,fixed
59.82965439997497,29,0.848,-0.0117304,-2.3460799999999997,9.9473792,1.9894758399999997,fixed
59.85489429999143,29,0.848,-0.01176137,-2.352274,9.973641760000001,1.9947283519999999,fixed
59.87670100000105,29,0.848,-0.01170125,-2.34025,9.92266,1.9845320000000002,fixed
59.90200909998384,29,0.848,-0.01169032,-2.338064,9.91339136,1.982678272,fixed
59.92363849998219,29,0.848,-0.01189072,-2.378144,10.08333056,2.016666112,fixed
59.94865169998957,29,0.847,-0.01186522,-2.3730439999999997,10.049841339999999,2.0099682679999997,fixed
59.96964029999799,29,0.848,-0.01172858,-2.3457160000000004,9.94583584,1.9891671680000003,fixed
59.99458849997609,29,0.848,-0.0117632,-2.35264,9.975193599999999,1.99503872,fixed
60.01561339999898,29,0.847,-0.01176866,-2.353732,9.96805502,1.993611004,fixed
60.03662639998947,29,0.848,-0.01171036,-2.342072,9.93038528,1.9860770559999998,fixed
60.05790590000106,29,0.848,-0.01168668,-2.3373359999999996,9.91030464,1.9820609279999997,fixed
60.07963959997869,29,0.848,-0.01173405,-2.34681,9.9504744,1.99009488,fixed
60.104663499980234,29,0.847,-0.01176866,-2.353732,9.96805502,1.993611004,fixed
60.125460699986434,29,0.847,-0.01179052,-2.358104,9.98657044,1.997314088,fixed
60.149921899981564,29,0.848,-0.01171219,-2.3424380000000005,9.931937119999999,1.9863874240000003,fixed
60.17158969998127,29,0.848,-0.01179963,-2.359926,10.00608624,2.001217248,fixed
60.19642239998211,29,0.848,-0.01183971,-2.367942,10.040074079999998,2.008014816,fixed
60.217680299974745,29,0.847,-0.0116885,-2.3377,9.9001595,1.9800319,fixed
60.24322029997711,29,0.848,-0.01170125,-2.34025,9.92266,1.9845320000000002,fixed
60.26450409999234,29,0.847,-0.0118725,-2.3745,10.056007499999998,2.0112015,fixed
60.29015789998812,29,0.847,-0.01179416,-2.358832,9.98965352,1.997930704,fixed
60.31149589997949,29,0.848,-0.01179417,-2.358834,10.00145616,2.000291232,fixed
60.332670799980406,29,0.848,-0.01183971,-2.367942,10.040074079999998,2.008014816,fixed
60.354535999998916,29,0.847,-0.0118725,-2.3745,10.056007499999998,2.0112015,fixed
60.37601249999716,29,0.847,-0.01179781,-2.359562,9.99274507,1.998549014,fixed
60.4009160999849,29,0.847,-0.01169761,-2.339522,9.90787567,1.981575134,fixed
60.42253999999957,29,0.848,-0.011847,-2.3693999999999997,10.046256,2.0092511999999996,fixed
60.44576039997628,29,0.848,-0.0118889,-2.3777800000000004,10.0817872,2.01635744,fixed
