time(s),cycle,voltage(V),current(A),j_current(mA/cm²),power(mW),power_density(mW/cm²),method
0.9404906999552622,0,0.95,-0.009222372,-1.8444744,8.7612534,1.75225068,cv
0.9530857999343425,0,0.95,-0.008838461,-1.7676922000000002,8.396537949999999,1.67930759,cv
0.9645039999159053,0,0.95,-0.008919437,-1.7838874,8.47346515,1.6946930299999998,cv
0.9761074999114498,0,0.95,-0.009386951,-1.8773902,8.917603449999998,1.78352069,cv
0.9875202998518944,0,0.95,-0.009478973,-1.8957945999999999,9.00502435,1.8010048699999999,cv
0.9989751998800784,0,0.95,-0.009384557,-1.8769113999999998,8.91532915,1.7830658299999997,cv
1.010418999940157,0,0.95,-0.009215622,-1.8431244,8.7548409,1.7509681799999999,cv
1.0219041998498142,0,0.95,-0.009017933,-1.8035866000000003,8.56703635,1.7134072700000003,cv
1.0334044998744503,0,0.95,-0.008805731,-1.7611462000000002,8.36544445,1.67308889,cv
1.0448206999571994,0,0.95,-0.009041012,-1.8082023999999997,8.588961399999999,1.7177922799999996,cv
1.0561996998731047,0,0.95,-0.009422045,-1.8844090000000002,8.95094275,1.79018855,cv
1.0676285999361426,0,0.95,-0.009471936,-1.8943872,8.9983392,1.79966784,cv
1.079019199940376,0,0.95,-0.009364468,-1.8728936,8.896244600000001,1.77924892,cv
1.0904377999249846,0,0.95,-0.009201105,-1.840221,8.741049749999998,1.7482099500000001,cv
1.1018224998842925,0,0.95,-0.009004643,-1.8009286,8.55441085,1.7108821699999999,cv
1.1132279998855665,0,0.95,-0.008804219,-1.7608438,8.36400805,1.6728016099999998,cv
1.1246376999188215,0,0.95,-0.00901689,-1.803378,8.5660455,1.7132090999999998,cv
1.1360235998872668,0,0.95,-0.009409085,-1.8818169999999999,8.93863075,1.7877261499999997,cv
1.1473960998700932,0,0.95,-0.009479089,-1.8958178,9.005134549999998,1.80102691,cv
1.1588488998822868,0,0.95,-0.009381696,-1.8763391999999999,8.9126112,1.7825222399999998,cv
1.1702658998547122,0,0.95,-0.009211794,-1.8423588000000002,8.751204300000001,1.7502408600000001,cv
1.2651255999226123,1,0.8999999999999999,-0.01066071,-2.132142,9.594638999999999,1.9189277999999999,cv
1.2766052999068052,1,0.8999999999999999,-0.01093096,-2.186192,9.837863999999998,1.9675728,cv
1.2880207999842241,1,0.8999999999999999,-0.01089724,-2.179448,9.807516,1.9615031999999997,cv
1.299735999898985,1,0.8999999999999999,-0.01075347,-2.150694,9.678123,1.9356246,cv
1.3111670999787748,1,0.8999999999999999,-0.01052307,-2.104614,9.470763,1.8941526,cv
1.3226496999850497,1,0.8999999999999999,-0.0103122,-2.06244,9.28098,1.856196,cv
1.3341358999023214,1,0.8999999999999999,-0.01036773,-2.073546,9.330957,1.8661913999999997,cv
1.3456086999503896,1,0.8999999999999999,-0.0108182,-2.16364,9.736379999999999,1.9472759999999998,cv
1.3570841999026015,1,0.8999999999999999,-0.01094165,-2.18833,9.847484999999999,1.9694969999999998,cv
1.368538499926217,1,0.8999999999999999,-0.0108417,-2.1683399999999997,9.75753,1.9515059999999995,cv
1.3800394999561831,1,0.8999999999999999,-0.01067973,-2.1359459999999997,9.611756999999999,1.9223513999999995,cv
1.39152429997921,1,0.8999999999999999,-0.01047031,-2.094062,9.423278999999999,1.8846558,cv
1.4033218999393284,1,0.8999999999999999,-0.01024362,-2.048724,9.219258,1.8438515999999998,cv
1.414872599998489,1,0.8999999999999999,-0.01062261,-2.124522,9.560348999999999,1.9120697999999996,cv
1.426303599961102,1,0.8999999999999999,-0.01092166,-2.184332,9.829493999999999,1.9658987999999997,cv
1.438024399918504,1,0.8999999999999999,-0.01090044,-2.1800880000000005,9.810395999999999,1.9620792000000002,cv
1.4499354999279603,1,0.8999999999999999,-0.01071114,-2.142228,9.640025999999997,1.9280051999999996,cv
1.4615532999159768,1,0.8999999999999999,-0.01044189,-2.088378,9.397701,1.8795401999999999,cv
1.4732065999414772,1,0.8999999999999999,-0.01024466,-2.0489319999999998,9.220193999999998,1.8440387999999996,cv
1.484739499981515,1,0.8999999999999999,-0.01061252,-2.122504,9.551268,1.9102535999999999,cv
1.4961645998992026,1,0.8999999999999999,-0.0109191,-2.18382,9.827189999999998,1.9654379999999998,cv
1.5091077000834048,2,0.8499999999999999,-0.011578,-2.3156,9.841299999999999,1.9682599999999997,cv
1.5206100000068545,2,0.8499999999999999,-0.0114026,-2.28052,9.69221,1.9384419999999998,cv
1.5321603000629693,2,0.8499999999999999,-0.01115504,-2.231008,9.481783999999998,1.8963567999999997,cv
1.5435932000400499,2,0.8499999999999999,-0.01112125,-2.22425,9.453062499999998,1.8906124999999998,cv
1.5550081001129001,2,0.8499999999999999,-0.011557,-2.3114,9.823449999999998,1.9646899999999996,cv
1.5664503000443801,2,0.8499999999999999,-0.01175822,-2.351644,9.994486999999998,1.9988973999999995,cv
1.6080565000884235,2,0.8499999999999999,-0.01169361,-2.3387219999999997,9.939568499999998,1.9879136999999996,cv
1.619695600005798,2,0.8499999999999999,-0.01151288,-2.3025759999999997,9.785947999999998,1.9571895999999995,cv
1.6320239000488073,2,0.8499999999999999,-0.01127681,-2.255362,9.585288499999999,1.9170576999999995,cv
1.6435235000681132,2,0.8499999999999999,-0.01111062,-2.222124,9.444026999999998,1.8888053999999996,cv
1.6549603000748903,2,0.8499999999999999,-0.01155857,-2.3117140000000003,9.8247845,1.9649569,cv
1.6665734000271186,2,0.8499999999999999,-0.01175623,-2.3512459999999997,9.992795499999998,1.9985590999999994,cv
1.6781637000385672,2,0.8499999999999999,-0.01166849,-2.333698,9.918216499999998,1.9836432999999998,cv
1.6895853000460193,2,0.8499999999999999,-0.01150235,-2.30047,9.776997499999998,1.9553994999999995,cv
1.700990300043486,2,0.8499999999999999,-0.01129932,-2.259864,9.604421999999998,1.9208843999999996,cv
1.7126791001064703,2,0.8499999999999999,-0.01107129,-2.214258,9.410596499999999,1.8821192999999998,cv
1.7250599000835791,2,0.8499999999999999,-0.01133619,-2.267238,9.635761499999997,1.9271522999999995,cv
1.7375604000408202,2,0.8499999999999999,-0.01171735,-2.34347,9.959747499999997,1.9919494999999996,cv
1.7494355000089854,2,0.8499999999999999,-0.01154719,-2.309438,9.815111499999999,1.9630222999999998,cv
1.7613307000137866,2,0.8499999999999999,-0.01127326,-2.254652,9.582270999999999,1.9164541999999998,cv
1.7733182000229135,2,0.8499999999999999,-0.01107753,-2.2155060000000004,9.4159005,1.8831801000000001,cv
1.7864603999769315,3,0.7999999999999998,-0.01221229,-2.4424580000000002,9.769832,1.9539663999999997,cv
1.7979684999445453,3,0.7999999999999998,-0.01213303,-2.426606,9.706423999999998,1.9412847999999996,cv
1.8093630999792367,3,0.7999999999999998,-0.01195915,-2.3918299999999997,9.567319999999997,1.9134639999999994,cv
1.8208699999377131,3,0.7999999999999998,-0.01176736,-2.353472,9.413887999999996,1.8827775999999996,cv
1.8324657999910414,3,0.7999999999999998,-0.0115256,-2.30512,9.220479999999998,1.8440959999999997,cv
1.84394519997295,3,0.7999999999999998,-0.01174235,-2.34847,9.39388,1.8787759999999996,cv
1.8553290999261662,3,0.7999999999999998,-0.01214508,-2.429016,9.716063999999998,1.9432127999999995,cv
1.8667967999354005,3,0.7999999999999998,-0.01221161,-2.442322,9.769287999999998,1.9538575999999994,cv
1.8782212999649346,3,0.7999999999999998,-0.01210112,-2.420224,9.680895999999997,1.9361791999999998,cv
1.8897094998974353,3,0.7999999999999998,-0.01191124,-2.3822479999999997,9.528991999999999,1.9057983999999992,cv
1.9011185999261215,3,0.7999999999999998,-0.01170576,-2.341152,9.364607999999999,1.8729215999999997,cv
1.9126799999503419,3,0.7999999999999998,-0.0115091,-2.30182,9.207279999999999,1.8414559999999998,cv
1.9241712999064475,3,0.7999999999999998,-0.01185459,-2.370918,9.483671999999999,1.8967343999999997,cv
1.9356332999886945,3,0.7999999999999998,-0.01218723,-2.437446,9.749783999999998,1.9499567999999996,cv
1.947165499906987,3,0.7999999999999998,-0.01219265,-2.4385299999999996,9.754119999999999,1.9508239999999992,cv
1.9586570999817923,3,0.7999999999999998,-0.01204277,-2.4085539999999996,9.634215999999997,1.9268431999999993,cv
1.9701123998966068,3,0.7999999999999998,-0.01185796,-2.371592,9.486367999999999,1.8972735999999997,cv
1.9815702999476343,3,0.7999999999999998,-0.01163378,-2.326756,9.307023999999997,1.8614047999999996,cv
1.9929350999882445,3,0.7999999999999998,-0.01155184,-2.310368,9.241471999999998,1.8482943999999997,cv
2.0045399999944493,3,0.7999999999999998,-0.01194554,-2.389108,9.556431999999997,1.9112863999999994,cv
2.016050699981861,3,0.7999999999999998,-0.01222085,-2.44417,9.776679999999997,1.9553359999999997,cv
2.0290982000296935,4,0.8099999999999998,-0.01191588,-2.3831759999999997,9.651862799999998,1.9303725599999995,cv
2.040564400027506,4,0.8099999999999998,-0.0117007,-2.34014,9.477566999999997,1.8955133999999996,cv
2.052009200095199,4,0.8099999999999998,-0.01147362,-2.294724,9.2936322,1.8587264399999996,cv
2.063477599993348,4,0.8099999999999998,-0.01159168,-2.318336,9.389260799999999,1.8778521599999995,cv
2.0748939000768587,4,0.8099999999999998,-0.01204272,-2.408544,9.754603199999998,1.9509206399999997,cv
2.086296600056812,4,0.8099999999999998,-0.01214373,-2.428746,9.836421299999998,1.9672842599999996,cv
2.097668100032024,4,0.8099999999999998,-0.01205615,-2.41123,9.765481499999998,1.9530962999999997,cv
2.1090576000278816,4,0.8099999999999998,-0.0118921,-2.3784199999999998,9.632600999999998,1.9265201999999995,cv
2.120458499994129,4,0.8099999999999998,-0.01169972,-2.339944,9.476773199999998,1.8953546399999996,cv
2.1319459000369534,4,0.8099999999999998,-0.01147604,-2.2952079999999997,9.295592399999999,1.8591184799999994,cv
2.1433955000247806,4,0.8099999999999998,-0.01158946,-2.3178919999999996,9.387462599999997,1.8774925199999992,cv
2.1548300000140443,4,0.8099999999999998,-0.01203371,-2.406742,9.747305099999997,1.9494610199999995,cv
2.1662642000010237,4,0.8099999999999998,-0.01214187,-2.4283740000000003,9.834914699999999,1.9669829399999998,cv
2.177744100103155,4,0.8099999999999998,-0.01204686,-2.409372,9.757956599999998,1.9515913199999995,cv
2.1892354000592604,4,0.8099999999999998,-0.01186191,-2.372382,9.608147099999996,1.9216294199999997,cv
2.200673900078982,4,0.8099999999999998,-0.01165336,-2.330672,9.439221599999996,1.8878443199999995,cv
2.2120580000337213,4,0.8099999999999998,-0.01144499,-2.2889980000000003,9.2704419,1.8540883799999999,cv
2.2235002000816166,4,0.8099999999999998,-0.01164583,-2.329166,9.433122299999997,1.8866244599999995,cv
2.235067500034347,4,0.8099999999999998,-0.01207063,-2.4141260000000004,9.777210299999998,1.95544206,cv
2.2464872000273317,4,0.8099999999999998,-0.01212904,-2.425808,9.8245224,1.9649044799999995,cv
2.2579503000015393,4,0.8099999999999998,-0.01201726,-2.403452,9.733980599999997,1.9467961199999997,cv
2.270753699936904,5,0.8199999999999998,-0.01155016,-2.310032,9.471131199999999,1.8942262399999996,cv
2.2822160999057814,5,0.8199999999999998,-0.01135619,-2.271238,9.312075799999999,1.8624151599999996,cv
2.2936711999354884,5,0.8199999999999998,-0.01164891,-2.3297820000000002,9.552106199999999,1.9104212399999998,cv
2.3050996999954805,5,0.8199999999999998,-0.01202372,-2.404744,9.859450399999997,1.9718900799999997,cv
2.31649659993127,5,0.8199999999999998,-0.01204574,-2.4091479999999996,9.877506799999997,1.9755013599999993,cv
2.327909199986607,5,0.8199999999999998,-0.01193101,-2.386202,9.783428199999998,1.9566856399999997,cv
2.339362600003369,5,0.8199999999999998,-0.01175538,-2.351076,9.639411599999999,1.9278823199999995,cv
2.350856199976988,5,0.8199999999999998,-0.01152187,-2.304374,9.447933399999998,1.8895866799999999,cv
2.3625890999101102,5,0.8199999999999998,-0.01136788,-2.273576,9.321661599999997,1.8643323199999995,cv
2.3740954999811947,5,0.8199999999999998,-0.01183092,-2.366184,9.701354399999998,1.9402708799999997,cv
2.3855498998891562,5,0.8199999999999998,-0.01206104,-2.412208,9.890052799999998,1.9780105599999998,cv
2.3970458999974653,5,0.8199999999999998,-0.01200753,-2.4015060000000004,9.846174599999998,1.9692349199999999,cv
2.40851399989333,5,0.8199999999999998,-0.01185146,-2.370292,9.718197199999997,1.9436394399999997,cv
2.4200505999615416,5,0.8199999999999998,-0.01164954,-2.329908,9.552622799999998,1.9105245599999996,cv
2.431570699904114,5,0.8199999999999998,-0.01140104,-2.280208,9.348852799999998,1.8697705599999996,cv
2.4430351000046358,5,0.8199999999999998,-0.01150107,-2.300214,9.4308774,1.8861754799999997,cv
2.4544946999521926,5,0.8199999999999998,-0.01194949,-2.389898,9.798581799999997,1.9597163599999996,cv
2.4659086999017745,5,0.8199999999999998,-0.01205837,-2.411674,9.887863399999999,1.9775726799999997,cv
2.47743589989841,5,0.8199999999999998,-0.01196871,-2.393742,9.814342199999997,1.9628684399999996,cv
2.488998599932529,5,0.8199999999999998,-0.01178342,-2.356684,9.662404399999998,1.9324808799999997,cv
2.5005097999237478,5,0.8199999999999998,-0.0115548,-2.31096,9.474935999999998,1.8949871999999996,cv
2.5134877999080345,6,0.8299999999999998,-0.01155817,-2.3116339999999997,9.593281099999999,1.9186562199999995,cv
2.5249444999499246,6,0.8299999999999998,-0.01193467,-2.3869339999999997,9.905776099999997,1.9811552199999993,cv
2.5363208999624476,6,0.8299999999999998,-0.01194421,-2.388842,9.913694299999998,1.9827388599999995,cv
2.547761299996637,6,0.8299999999999998,-0.01182742,-2.365484,9.816758599999998,1.9633517199999995,cv
2.559193899971433,6,0.8299999999999998,-0.01164313,-2.328626,9.663797899999999,1.9327595799999995,cv
2.570653999922797,6,0.8299999999999998,-0.01142802,-2.285604,9.485256599999998,1.8970513199999999,cv
2.5823542999569327,6,0.8299999999999998,-0.01127688,-2.255376,9.359810399999999,1.8719620799999996,cv
2.593818499939516,6,0.8299999999999998,-0.01172607,-2.345214,9.732638099999997,1.9465276199999997,cv
2.6052742999745533,6,0.8299999999999998,-0.01196352,-2.392704,9.929721599999999,1.9859443199999998,cv
2.6168084999080747,6,0.8299999999999998,-0.01191735,-2.38347,9.891400499999998,1.9782800999999997,cv
2.6283373999176547,6,0.8299999999999998,-0.0117505,-2.3501000000000003,9.752915,1.950583,cv
2.6400421999860555,6,0.8299999999999998,-0.01154178,-2.308356,9.579677399999998,1.9159354799999995,cv
2.6518986999290064,6,0.8299999999999998,-0.01128344,-2.256688,9.365255199999998,1.8730510399999998,cv
2.663253999897279,6,0.8299999999999998,-0.01156375,-2.31275,9.597912499999998,1.9195824999999995,cv
2.6746825999580324,6,0.8299999999999998,-0.01191351,-2.382702,9.888213299999999,1.9776426599999997,cv
2.686130499932915,6,0.8299999999999998,-0.01194776,-2.389552,9.916640799999998,1.9833281599999997,cv
2.6976111999247223,6,0.8299999999999998,-0.01182873,-2.365746,9.817845899999998,1.9635691799999997,cv
2.709086599992588,6,0.8299999999999998,-0.01163355,-2.32671,9.655846499999997,1.9311692999999994,cv
2.7205590999219567,6,0.8299999999999998,-0.01142243,-2.2844860000000002,9.4806169,1.89612338,cv
2.732092299964279,6,0.8299999999999998,-0.0112756,-2.2551200000000002,9.358747999999999,1.8717495999999998,cv
2.7435178000014275,6,0.8299999999999998,-0.01167809,-2.335618,9.692814699999998,1.9385629399999997,cv
2.756573999999091,7,0.8399999999999999,-0.01182639,-2.3652780000000004,9.934167599999999,1.98683352,cv
2.7680265998933464,7,0.8399999999999999,-0.01166343,-2.332686,9.797281199999999,1.9594562399999995,cv
2.779481399920769,7,0.8399999999999999,-0.0114656,-2.29312,9.631103999999999,1.9262207999999996,cv
2.7909316999139264,7,0.8399999999999999,-0.01124495,-2.24899,9.445757999999998,1.8891515999999997,cv
2.8024449999211356,7,0.8399999999999999,-0.01124792,-2.249584,9.448252799999997,1.8896505599999998,cv
2.8139311999548227,7,0.8399999999999999,-0.01171356,-2.3427119999999997,9.8393904,1.9678780799999993,cv
2.825570199987851,7,0.8399999999999999,-0.01186744,-2.373488,9.968649599999999,1.9937299199999996,cv
2.8370725999120623,7,0.8399999999999999,-0.01176322,-2.352644,9.8811048,1.9762209599999998,cv
2.848506899899803,7,0.8399999999999999,-0.01159069,-2.3181380000000003,9.736179599999998,1.9472359199999998,cv
2.859952599974349,7,0.8399999999999999,-0.01137963,-2.275926,9.558889199999998,1.9117778399999998,cv
2.8713994999416173,7,0.8399999999999999,-0.01115673,-2.231346,9.371653199999997,1.8743306399999995,cv
2.8828874999890104,7,0.8399999999999999,-0.01140818,-2.2816359999999998,9.5828712,1.9165742399999994,cv
2.8942883999552578,7,0.8399999999999999,-0.011802,-2.3604,9.913679999999998,1.9827359999999996,cv
2.9057036999147385,7,0.8399999999999999,-0.01185436,-2.370872,9.957662399999997,1.9915324799999996,cv
2.917132099973969,7,0.8399999999999999,-0.01174292,-2.348584,9.864052799999998,1.9728105599999994,cv
2.9285385999828577,7,0.8399999999999999,-0.01157316,-2.3146320000000005,9.721454399999999,1.94429088,cv
2.9399467000039294,7,0.8399999999999999,-0.01136085,-2.27217,9.543114,1.9086227999999996,cv
2.95136059995275,7,0.8399999999999999,-0.01116138,-2.2322759999999997,9.375559199999998,1.8751118399999995,cv
2.9629721998935565,7,0.8399999999999999,-0.01141196,-2.282392,9.586046399999999,1.9172092799999998,cv
2.974423199892044,7,0.8399999999999999,-0.01181905,-2.36381,9.928001999999998,1.9856003999999996,cv
2.985931299976073,7,0.8399999999999999,-0.01183922,-2.367844,9.944944799999998,1.9889889599999995,cv
2.9987066999310628,8,0.8499999999999999,-0.01142302,-2.2846040000000003,9.709566999999998,1.9419134,cv
3.010132599971257,8,0.8499999999999999,-0.01121227,-2.242454,9.530429499999999,1.9060858999999997,cv
3.0215702999848872,8,0.8499999999999999,-0.01104902,-2.209804,9.391666999999998,1.8783333999999998,cv
3.0331546999514103,8,0.8499999999999999,-0.01139719,-2.279438,9.6876115,1.9375222999999995,cv
3.0445389999076724,8,0.8499999999999999,-0.01172524,-2.345048,9.966453999999997,1.9932907999999996,cv
3.0560710999416187,8,0.8499999999999999,-0.01171914,-2.343828,9.961268999999998,1.9922537999999994,cv
3.0675370999379084,8,0.8499999999999999,-0.01156509,-2.313018,9.830326499999998,1.9660652999999997,cv
3.0789622999727726,8,0.8499999999999999,-0.01137766,-2.2755319999999997,9.671010999999998,1.9342021999999994,cv
3.0904390999348834,8,0.8499999999999999,-0.01115597,-2.231194,9.482574499999998,1.8965148999999997,cv
3.1019418999785557,8,0.8499999999999999,-0.01109422,-2.218844,9.430086999999999,1.8860173999999996,cv
3.1133443999569863,8,0.8499999999999999,-0.01154271,-2.308542,9.811303499999998,1.9622606999999999,cv
3.1247257000068203,8,0.8499999999999999,-0.01174597,-2.349194,9.984074499999998,1.9968148999999995,cv
3.1361549999564886,8,0.8499999999999999,-0.01169664,-2.3393279999999996,9.942143999999999,1.9884287999999994,cv
3.1475209000054747,8,0.8499999999999999,-0.01154935,-2.30987,9.8169475,1.9633894999999997,cv
3.1589323999360204,8,0.8499999999999999,-0.01136382,-2.272764,9.659246999999999,1.9318493999999997,cv
3.170352999935858,8,0.8499999999999999,-0.01114464,-2.2289280000000002,9.472943999999998,1.8945888,cv
3.181750899995677,8,0.8499999999999999,-0.01109059,-2.218118,9.4270015,1.8854002999999997,cv
3.1931698999833316,8,0.8499999999999999,-0.01150606,-2.301212,9.780150999999998,1.9560301999999998,cv
3.204711399972439,8,0.8499999999999999,-0.01173322,-2.3466440000000004,9.973237,1.9946474,cv
3.216292699915357,8,0.8499999999999999,-0.01167751,-2.335502,9.925883499999998,1.9851766999999996,cv
3.2277670999756083,8,0.8499999999999999,-0.01150927,-2.301854,9.7828795,1.9565758999999998,cv
3.240539599908516,9,0.8599999999999999,-0.01097326,-2.194652,9.437003599999999,1.8874007199999998,cv
3.2520151999779046,9,0.8599999999999999,-0.01101163,-2.2023260000000002,9.470001799999999,1.89400036,cv
3.2634410999016836,9,0.8599999999999999,-0.01146521,-2.2930420000000002,9.860080599999998,1.97201612,cv
3.2748670999426395,9,0.8599999999999999,-0.0116084,-2.3216799999999997,9.983223999999998,1.9966447999999994,cv
3.2863128999015316,9,0.8599999999999999,-0.0115341,-2.30682,9.919326,1.9838651999999999,cv
3.2977884999709204,9,0.8599999999999999,-0.01137575,-2.27515,9.783144999999998,1.9566289999999997,cv
3.309212399995886,9,0.8599999999999999,-0.01116705,-2.23341,9.603663,1.9207325999999998,cv
3.3205679999664426,9,0.8599999999999999,-0.01094806,-2.189612,9.4153316,1.8830663199999997,cv
3.332012699916959,9,0.8599999999999999,-0.01104908,-2.209816,9.502208799999998,1.9004417599999996,cv
3.3433981999987736,9,0.8599999999999999,-0.01147796,-2.295592,9.871045599999999,1.9742091199999998,cv
3.354748099925928,9,0.8599999999999999,-0.01161121,-2.322242,9.985640599999998,1.9971281199999997,cv
3.366105799912475,9,0.8599999999999999,-0.01154031,-2.308062,9.924666599999998,1.9849333199999997,cv
3.3774536999408156,9,0.8599999999999999,-0.01139452,-2.278904,9.799287199999998,1.9598574399999995,cv
3.3888624999672174,9,0.8599999999999999,-0.01120307,-2.240614,9.6346402,1.9269280399999997,cv
3.400254699983634,9,0.8599999999999999,-0.01098487,-2.196974,9.4469882,1.8893976399999997,cv
3.4116513999179006,9,0.8599999999999999,-0.01097907,-2.195814,9.442000199999999,1.8884000399999996,cv
3.4231276999926195,9,0.8599999999999999,-0.01141273,-2.282546,9.814947799999997,1.9629895599999996,cv
3.4345378999132663,9,0.8599999999999999,-0.01160974,-2.321948,9.984376399999999,1.9968752799999996,cv
3.446061599999666,9,0.8599999999999999,-0.01154212,-2.3084239999999996,9.926223199999999,1.9852446399999994,cv
3.4575109999859706,9,0.8599999999999999,-0.0113815,-2.2763,9.788089999999997,1.9576179999999996,cv
3.4690112998941913,9,0.8599999999999999,-0.01117224,-2.234448,9.608126399999998,1.9216252799999998,cv
3.481942699989304,10,0.8499999999999999,-0.01117161,-2.2343219999999997,9.495868499999998,1.8991736999999995,cv
3.49336319998838,10,0.8499999999999999,-0.01162012,-2.324024,9.877101999999999,1.9754203999999997,cv
3.504754800000228,10,0.8499999999999999,-0.01173234,-2.346468,9.972489,1.9944977999999998,cv
3.5161294999998063,10,0.8499999999999999,-0.01164626,-2.329252,9.899320999999999,1.9798641999999995,cv
3.527508099912666,10,0.8499999999999999,-0.01149065,-2.29813,9.767052499999998,1.9534104999999997,cv
3.538857899955474,10,0.8499999999999999,-0.01129729,-2.259458,9.602696499999999,1.9205392999999997,cv
3.5501991999335587,10,0.8499999999999999,-0.01109101,-2.2182020000000002,9.427358499999999,1.8854716999999999,cv
3.5616673999466,10,0.8499999999999999,-0.01112828,-2.225656,9.459038,1.8918075999999995,cv
3.5730610999744385,10,0.8499999999999999,-0.0115915,-2.3183,9.852774999999998,1.9705549999999996,cv
3.584421299980022,10,0.8499999999999999,-0.01173844,-2.3476879999999998,9.977673999999997,1.9955347999999995,cv
3.595778099959716,10,0.8499999999999999,-0.01167495,-2.33499,9.923707499999999,1.9847414999999995,cv
3.6070695999078453,10,0.8499999999999999,-0.011532,-2.3064,9.8022,1.9604399999999997,cv
3.618415799923241,10,0.8499999999999999,-0.01135394,-2.270788,9.650848999999997,1.9301697999999998,cv
3.6297100998926908,10,0.8499999999999999,-0.01114754,-2.229508,9.475408999999997,1.8950817999999998,cv
3.6410727999173105,10,0.8499999999999999,-0.01106362,-2.212724,9.404077,1.8808154,cv
3.65285699989181,10,0.8499999999999999,-0.01144053,-2.288106,9.7244505,1.9448900999999996,cv
3.6642580999759957,10,0.8499999999999999,-0.01173407,-2.3468139999999997,9.973959499999998,1.9947918999999994,cv
3.6761407000012696,10,0.8499999999999999,-0.01163128,-2.326256,9.886588,1.9773175999999997,cv
3.687650299980305,10,0.8499999999999999,-0.01146315,-2.29263,9.743677499999999,1.9487354999999997,cv
3.699227499892004,10,0.8499999999999999,-0.01122908,-2.2458160000000005,9.544718,1.9089436000000002,cv
3.71067459997721,10,0.8499999999999999,-0.01102664,-2.205328,9.372644,1.8745287999999998,cv
3.723485399968922,11,0.8599999999999999,-0.01155172,-2.3103439999999997,9.934479199999998,1.9868958399999994,cv
3.734829399967566,11,0.8599999999999999,-0.01158492,-2.316984,9.963031199999998,1.9926062399999998,cv
3.746161499992013,11,0.8599999999999999,-0.01148351,-2.2967020000000002,9.875818599999999,1.9751637199999998,cv
3.7575194999808446,11,0.8599999999999999,-0.01132334,-2.264668,9.738072399999998,1.9476144799999997,cv
3.768853599904105,11,0.8599999999999999,-0.01112474,-2.224948,9.567276399999997,1.9134552799999998,cv
3.780234199948609,11,0.8599999999999999,-0.01091992,-2.1839839999999997,9.391131199999998,1.8782262399999994,cv
3.791594099951908,11,0.8599999999999999,-0.01105955,-2.21191,9.511212999999998,1.9022425999999997,cv
3.802943699993193,11,0.8599999999999999,-0.01148641,-2.297282,9.8783126,1.9756625199999998,cv
3.8142884999979287,11,0.8599999999999999,-0.01160366,-2.320732,9.979147599999997,1.9958295199999998,cv
3.8256616999860853,11,0.8599999999999999,-0.01152566,-2.305132,9.9120676,1.9824135199999997,cv
3.836995599907823,11,0.8599999999999999,-0.01137545,-2.27509,9.782886999999999,1.9565773999999998,cv
3.848349899984896,11,0.8599999999999999,-0.01119179,-2.238358,9.624939399999999,1.9249878799999995,cv
3.8597271000035107,11,0.8599999999999999,-0.0109858,-2.1971600000000002,9.447788,1.8895575999999998,cv
3.871115699992515,11,0.8599999999999999,-0.01096248,-2.192496,9.427732799999998,1.8855465599999994,cv
3.882476900005713,11,0.8599999999999999,-0.01139213,-2.278426,9.797231799999999,1.9594463599999998,cv
3.893829199951142,11,0.8599999999999999,-0.01159759,-2.319518,9.973927399999999,1.9947854799999998,cv
3.905195700004697,11,0.8599999999999999,-0.01155479,-2.3109580000000003,9.9371194,1.98742388,cv
3.9165782999480143,11,0.8599999999999999,-0.01142157,-2.284314,9.822550199999998,1.96451004,cv
3.9281157999066636,11,0.8599999999999999,-0.01123378,-2.2467560000000004,9.6610508,1.9322101600000001,cv
3.939549300004728,11,0.8599999999999999,-0.01100796,-2.201592,9.4668456,1.89336912,cv
3.950979799963534,11,0.8599999999999999,-0.01094795,-2.18959,9.415236999999998,1.8830473999999997,cv
3.963914299965836,12,0.8699999999999999,-0.01145309,-2.2906180000000003,9.9641883,1.99283766,cv
3.9752911999821663,12,0.8699999999999999,-0.01139662,-2.279324,9.915059399999999,1.9830118799999996,cv
3.9865858999546617,12,0.8699999999999999,-0.01125407,-2.250814,9.791040899999999,1.9582081799999997,cv
3.99788839998655,12,0.8699999999999999,-0.01108065,-2.2161299999999997,9.640165499999997,1.9280330999999995,cv
4.0093388999812305,12,0.8699999999999999,-0.01088014,-2.176028,9.465721799999999,1.8931443599999997,cv
4.020743899978697,12,0.8699999999999999,-0.01077691,-2.1553820000000004,9.3759117,1.87518234,cv
4.032182800001465,12,0.8699999999999999,-0.01117406,-2.234812,9.721432199999997,1.9442864399999995,cv
4.0436054999008775,12,0.8699999999999999,-0.01143727,-2.287454,9.950424899999998,1.9900849799999996,cv
4.055014599929564,12,0.8699999999999999,-0.01141291,-2.282582,9.929231699999999,1.98584634,cv
4.066390899941325,12,0.8699999999999999,-0.01127131,-2.2542619999999998,9.806039699999998,1.9612079399999995,cv
4.077849099994637,12,0.8699999999999999,-0.01109537,-2.219074,9.652971899999999,1.9305943799999998,cv
4.089229199918918,12,0.8699999999999999,-0.01087355,-2.17471,9.459988499999998,1.8919977,cv
4.100654099951498,12,0.8699999999999999,-0.01077452,-2.1549039999999997,9.3738324,1.8747664799999995,cv
4.1120772999711335,12,0.8699999999999999,-0.01118534,-2.237068,9.7312458,1.9462491599999996,cv
4.123488099896349,12,0.8699999999999999,-0.01144105,-2.28821,9.953713499999997,1.9907426999999995,cv
4.134925299906172,12,0.8699999999999999,-0.01141662,-2.283324,9.932459399999999,1.9864918799999998,cv
4.146355799981393,12,0.8699999999999999,-0.01127658,-2.2553159999999997,9.810624599999999,1.9621249199999995,cv
4.157774699968286,12,0.8699999999999999,-0.01108914,-2.217828,9.647551799999999,1.9295103599999996,cv
4.169149299967103,12,0.8699999999999999,-0.01087384,-2.174768,9.4602408,1.8920481599999996,cv
4.180608499911614,12,0.8699999999999999,-0.01077813,-2.1556260000000003,9.3769731,1.87539462,cv
4.192031199927442,12,0.8699999999999999,-0.01119202,-2.238404,9.7370574,1.9474114799999998,cv
4.204999499954283,13,0.8599999999999999,-0.01154265,-2.30853,9.926678999999998,1.9853357999999999,cv
4.216457999893464,13,0.8599999999999999,-0.01139092,-2.2781840000000004,9.796191199999999,1.9592382400000001,cv
4.2279010999482125,13,0.8599999999999999,-0.01119621,-2.239242,9.628740599999999,1.9257481199999997,cv
4.2393742999993265,13,0.8599999999999999,-0.01098109,-2.196218,9.4437374,1.8887474799999997,cv
4.250806099968031,13,0.8599999999999999,-0.0109793,-2.19586,9.442198,1.8884395999999999,cv
4.262200800003484,13,0.8599999999999999,-0.01141447,-2.2828939999999998,9.816444199999998,1.9632888399999995,cv
4.273605399997905,13,0.8599999999999999,-0.01159627,-2.319254,9.972792199999999,1.9945584399999996,cv
4.285007599974051,13,0.8599999999999999,-0.01153642,-2.307284,9.9213212,1.98426424,cv
4.296446199994534,13,0.8599999999999999,-0.01138492,-2.2769839999999997,9.791031199999997,1.9582062399999995,cv
4.307833699975163,13,0.8599999999999999,-0.01119294,-2.238588,9.6259284,1.9251856799999998,cv
4.319321999908425,13,0.8599999999999999,-0.01097789,-2.1955780000000003,9.440985399999999,1.8881970799999999,cv
4.330759399919771,13,0.8599999999999999,-0.01098307,-2.196614,9.445440199999998,1.8890880399999996,cv
4.342353699961677,13,0.8599999999999999,-0.01142016,-2.2840320000000003,9.821337599999998,1.96426752,cv
4.353811499895528,13,0.8599999999999999,-0.01159842,-2.3196839999999996,9.974641199999999,1.9949282399999995,cv
4.365221799933352,13,0.8599999999999999,-0.0115096,-2.30192,9.898256,1.9796511999999997,cv
4.376643199939281,13,0.8599999999999999,-0.0113526,-2.27052,9.763235999999997,1.9526471999999997,cv
4.388081099954434,13,0.8599999999999999,-0.01115266,-2.2305319999999997,9.591287599999998,1.9182575199999996,cv
4.399531599949114,13,0.8599999999999999,-0.01092911,-2.1858220000000004,9.3990346,1.87980692,cv
4.411065599997528,13,0.8599999999999999,-0.01105501,-2.211002,9.507308599999998,1.90146172,cv
4.4225720999529585,13,0.8599999999999999,-0.01150044,-2.300088,9.890378399999998,1.97807568,cv
4.434005299932323,13,0.8599999999999999,-0.01158382,-2.316764,9.962085199999999,1.9924170399999999,cv
4.446876700036228,14,0.8499999999999999,-0.0114396,-2.2879199999999997,9.723659999999999,1.9447319999999995,cv
4.458272100077011,14,0.8499999999999999,-0.01123192,-2.246384,9.547131999999998,1.9094263999999996,cv
4.469682700117119,14,0.8499999999999999,-0.0110278,-2.20556,9.373629999999999,1.874726,cv
4.481131800101139,14,0.8499999999999999,-0.01124641,-2.249282,9.559448499999998,1.9118896999999997,cv
4.492608200060204,14,0.8499999999999999,-0.01165656,-2.331312,9.908075999999998,1.9816151999999998,cv
4.5040190001018345,14,0.8499999999999999,-0.01170869,-2.3417380000000003,9.9523865,1.9904773,cv
4.515454500098713,14,0.8499999999999999,-0.01160097,-2.320194,9.860824499999998,1.9721648999999997,cv
4.526898300042376,14,0.8499999999999999,-0.01142279,-2.284558,9.7093715,1.9418742999999998,cv
4.538299600011669,14,0.8499999999999999,-0.01121686,-2.243372,9.534330999999998,1.9068661999999996,cv
4.549757100059651,14,0.8499999999999999,-0.01101586,-2.203172,9.363481,1.8726961999999996,cv
4.561163900070824,14,0.8499999999999999,-0.01129961,-2.259922,9.604668499999999,1.9209336999999997,cv
4.572641400038265,14,0.8499999999999999,-0.0116767,-2.33534,9.925194999999999,1.9850389999999996,cv
4.5840616000350565,14,0.8499999999999999,-0.01170438,-2.340876,9.948723,1.9897445999999999,cv
4.595624300069176,14,0.8499999999999999,-0.01156835,-2.31367,9.8330975,1.9666194999999997,cv
4.607089000055566,14,0.8499999999999999,-0.01137935,-2.2758700000000003,9.672447499999999,1.9344895,cv
4.6184572000056505,14,0.8499999999999999,-0.01117703,-2.235406,9.500475499999997,1.9000950999999995,cv
4.629844100098126,14,0.8499999999999999,-0.011025,-2.205,9.37125,1.8742499999999997,cv
4.641190600115806,14,0.8499999999999999,-0.01135737,-2.271474,9.653764499999998,1.9307528999999997,cv
4.652758100070059,14,0.8499999999999999,-0.01168577,-2.337154,9.9329045,1.9865808999999996,cv
4.664186600013636,14,0.8499999999999999,-0.01169124,-2.338248,9.937553999999999,1.9875107999999997,cv
4.6757205000612885,14,0.8499999999999999,-0.01155858,-2.311716,9.824792999999998,1.9649585999999999,cv
4.688571499893442,15,0.8599999999999999,-0.01102036,-2.204072,9.477509599999998,1.8955019199999998,cv
4.6999674999387935,15,0.8599999999999999,-0.01091398,-2.182796,9.3860228,1.8772045599999998,cv
4.711328399949707,15,0.8599999999999999,-0.01129374,-2.2587479999999998,9.712616399999998,1.9425232799999994,cv
4.722785199992359,15,0.8599999999999999,-0.01157015,-2.31403,9.950328999999998,1.9900657999999996,cv
4.734242299920879,15,0.8599999999999999,-0.01155091,-2.310182,9.933782599999997,1.98675652,cv
4.745701599982567,15,0.8599999999999999,-0.01141179,-2.282358,9.814139399999998,1.9628278799999996,cv
4.757182199973613,15,0.8599999999999999,-0.01121832,-2.243664,9.647755199999999,1.9295510399999996,cv
4.768648499972187,15,0.8599999999999999,-0.01100319,-2.200638,9.462743399999997,1.8925486799999998,cv
4.780123199918307,15,0.8599999999999999,-0.01094198,-2.188396,9.410102799999999,1.8820205599999997,cv
4.791611699969508,15,0.8599999999999999,-0.01137923,-2.275846,9.786137799999999,1.9572275599999998,cv
4.803116299910471,15,0.8599999999999999,-0.01159092,-2.3181839999999996,9.968191199999998,1.9936382399999995,cv
4.814570799935609,15,0.8599999999999999,-0.01152584,-2.305168,9.9122224,1.9824444799999998,cv
4.8260431999806315,15,0.8599999999999999,-0.01136289,-2.272578,9.772085399999998,1.9544170799999998,cv
4.837549699936062,15,0.8599999999999999,-0.01115929,-2.231858,9.596989399999998,1.9193978799999996,cv
4.849037199979648,15,0.8599999999999999,-0.01092114,-2.184228,9.392180399999999,1.8784360799999997,cv
4.860492699895985,15,0.8599999999999999,-0.01104025,-2.20805,9.494614999999998,1.8989229999999997,cv
4.871907299966551,15,0.8599999999999999,-0.01147675,-2.29535,9.870004999999999,1.9740009999999997,cv
4.883322599926032,15,0.8599999999999999,-0.01158638,-2.317276,9.9642868,1.99285736,cv
4.894901299965568,15,0.8599999999999999,-0.0114899,-2.29798,9.881313999999998,1.9762627999999995,cv
4.906423499924131,15,0.8599999999999999,-0.01128449,-2.256898,9.704661399999999,1.9409322799999997,cv
4.917874799924903,15,0.8599999999999999,-0.01108904,-2.217808,9.5365744,1.9073148799999995,cv
4.930729599902406,16,0.8499999999999999,-0.01127058,-2.2541160000000002,9.579992999999998,1.9159986,cv
4.94217029993888,16,0.8499999999999999,-0.01165382,-2.330764,9.905747,1.9811493999999996,cv
4.953659199993126,16,0.8499999999999999,-0.01170145,-2.3402900000000004,9.946232499999999,1.9892465000000001,cv
4.965083899907768,16,0.8499999999999999,-0.01157795,-2.31559,9.8412575,1.9682514999999996,cv
4.976528499973938,16,0.8499999999999999,-0.01140022,-2.280044,9.690187,1.9380373999999998,cv
4.9879377000033855,16,0.8499999999999999,-0.01117767,-2.2355340000000004,9.5010195,1.9002039,cv
4.999402099987492,16,0.8499999999999999,-0.01101105,-2.20221,9.359392499999998,1.8718784999999998,cv
5.010869899997488,16,0.8499999999999999,-0.0113288,-2.2657599999999998,9.62948,1.9258959999999996,cv
5.022355799912475,16,0.8499999999999999,-0.01168029,-2.336058,9.928246499999998,1.9856492999999997,cv
5.033858899958432,16,0.8499999999999999,-0.01168099,-2.3361980000000004,9.928841499999999,1.9857683000000002,cv
5.045972199994139,16,0.8499999999999999,-0.01154468,-2.308936,9.812977999999998,1.9625955999999998,cv
5.057400499936193,16,0.8499999999999999,-0.01125903,-2.2518059999999998,9.570175499999998,1.9140350999999995,cv
5.068850299925543,16,0.8499999999999999,-0.01103374,-2.206748,9.378679,1.8757357999999997,cv
5.0802584999473765,16,0.8499999999999999,-0.01116877,-2.2337540000000002,9.493454499999999,1.8986908999999998,cv
5.091657099896111,16,0.8499999999999999,-0.01160214,-2.320428,9.861818999999999,1.9723638,cv
5.103103399975225,16,0.8499999999999999,-0.01170879,-2.341758,9.9524715,1.9904942999999997,cv
5.114542499999516,16,0.8499999999999999,-0.01162052,-2.324104,9.877441999999999,1.9754884,cv
5.125979000004008,16,0.8499999999999999,-0.01145412,-2.2908239999999997,9.736002,1.9472003999999994,cv
5.137543899938464,16,0.8499999999999999,-0.01124861,-2.2497219999999998,9.561318499999997,1.9122636999999996,cv
5.14912189997267,16,0.8499999999999999,-0.01101611,-2.2032220000000002,9.363693499999998,1.8727387,cv
5.160550499917008,16,0.8499999999999999,-0.01128524,-2.257048,9.592453999999998,1.9184907999999998,cv
5.1734317999798805,17,0.8599999999999999,-0.01156591,-2.3131820000000003,9.946682599999999,1.98933652,cv
5.184809400001541,17,0.8599999999999999,-0.01144855,-2.2897100000000004,9.845752999999998,1.9691506,cv
5.19626709993463,17,0.8599999999999999,-0.01127349,-2.2546980000000003,9.695201399999998,1.93904028,cv
5.2076831999002025,17,0.8599999999999999,-0.01106275,-2.21255,9.513964999999997,1.9027929999999995,cv
5.219056299887598,17,0.8599999999999999,-0.01088258,-2.176516,9.3590188,1.8718037599999997,cv
5.230476700002328,17,0.8599999999999999,-0.011154,-2.2308,9.592439999999998,1.9184879999999995,cv
5.241902099922299,17,0.8599999999999999,-0.01153044,-2.306088,9.916178399999998,1.9832356799999997,cv
5.253275299910456,17,0.8599999999999999,-0.01156741,-2.313482,9.947972599999998,1.9895945199999998,cv
5.264703399967402,17,0.8599999999999999,-0.01145694,-2.2913880000000004,9.852968399999998,1.9705936800000001,cv
5.2761670999461785,17,0.8599999999999999,-0.01127814,-2.255628,9.6992004,1.93984008,cv
5.287571799941361,17,0.8599999999999999,-0.01106374,-2.2127480000000004,9.514816399999999,1.90296328,cv
5.298987999907695,17,0.8599999999999999,-0.01088114,-2.1762279999999996,9.357780399999998,1.8715560799999993,cv
5.310437299893238,17,0.8599999999999999,-0.01117335,-2.2346700000000004,9.609080999999998,1.9218162,cv
5.321832299930975,17,0.8599999999999999,-0.01153364,-2.306728,9.918930399999997,1.9837860799999998,cv
5.3332586999749765,17,0.8599999999999999,-0.01156905,-2.31381,9.949383,1.9898765999999999,cv
5.344912999891676,17,0.8599999999999999,-0.01144901,-2.2898020000000003,9.8461486,1.96922972,cv
5.356630299938843,17,0.8599999999999999,-0.0112342,-2.2468399999999997,9.661411999999999,1.9322823999999994,cv
5.3681412999285385,17,0.8599999999999999,-0.01097318,-2.194636,9.4369348,1.8873869599999997,cv
5.379648699890822,17,0.8599999999999999,-0.010964,-2.1928,9.429039999999999,1.8858079999999997,cv
5.3911270999815315,17,0.8599999999999999,-0.01142832,-2.285664,9.828355199999999,1.96567104,cv
5.402576699969359,17,0.8599999999999999,-0.01158301,-2.316602,9.961388599999998,1.9922777199999997,cv
5.415445199934766,18,0.8699999999999999,-0.01121552,-2.2431039999999998,9.757502399999998,1.9515004799999995,cv
5.427115399972536,18,0.8699999999999999,-0.01100663,-2.201326,9.575768099999998,1.9151536199999997,cv
5.438802299904637,18,0.8699999999999999,-0.01075423,-2.150846,9.356180099999998,1.8712360199999998,cv
5.450219399994239,18,0.8699999999999999,-0.0110321,-2.20642,9.597926999999999,1.9195853999999999,cv
5.461680299951695,18,0.8699999999999999,-0.01137981,-2.2759620000000003,9.900434699999998,1.98008694,cv
5.473151699989103,18,0.8699999999999999,-0.01141698,-2.283396,9.932772599999998,1.9865545199999999,cv
5.484593499917537,18,0.8699999999999999,-0.01130036,-2.260072,9.831313199999999,1.9662626399999998,cv
5.496145899989642,18,0.8699999999999999,-0.01110137,-2.220274,9.658191899999998,1.9316383799999997,cv
5.507619599928148,18,0.8699999999999999,-0.01088921,-2.177842,9.473612699999999,1.8947225399999998,cv
5.519198199966922,18,0.8699999999999999,-0.01075312,-2.1506239999999996,9.3552144,1.8710428799999994,cv
5.5305645999033,18,0.8699999999999999,-0.0111622,-2.23244,9.711114,1.9422227999999997,cv
5.542015599901788,18,0.8699999999999999,-0.01142085,-2.28417,9.936139499999998,1.9872278999999997,cv
5.553416899987496,18,0.8699999999999999,-0.01139458,-2.2789159999999997,9.913284599999999,1.9826569199999995,cv
5.564866799977608,18,0.8699999999999999,-0.01125961,-2.251922,9.795860699999999,1.9591721399999997,cv
5.576334399986081,18,0.8699999999999999,-0.01106792,-2.213584,9.629090399999999,1.9258180799999998,cv
5.5877972999587655,18,0.8699999999999999,-0.01084524,-2.169048,9.4353588,1.8870717599999998,cv
5.599354599951766,18,0.8699999999999999,-0.01079522,-2.1590439999999997,9.391841399999999,1.8783682799999994,cv
5.610953299910761,18,0.8699999999999999,-0.01125693,-2.251386,9.793529099999999,1.9587058199999998,cv
5.622504799976014,18,0.8699999999999999,-0.01143558,-2.287116,9.948954599999999,1.98979092,cv
5.634171899990179,18,0.8699999999999999,-0.01134428,-2.268856,9.869523599999999,1.9739047199999997,cv
5.645664899959229,18,0.8699999999999999,-0.0111456,-2.22912,9.696671999999998,1.9393343999999997,cv
5.658482300001197,19,0.8599999999999999,-0.0108903,-2.17806,9.365658,1.8731315999999996,cv
5.670211699907668,19,0.8599999999999999,-0.01114132,-2.2282640000000002,9.581535199999998,1.91630704,cv
5.681901799980551,19,0.8599999999999999,-0.01155334,-2.310668,9.9358724,1.98717448,cv
5.693555499892682,19,0.8599999999999999,-0.01153316,-2.306632,9.9185176,1.9837035199999997,cv
5.704996999935247,19,0.8599999999999999,-0.01136073,-2.272146,9.770227799999997,1.95404556,cv
5.716421099961735,19,0.8599999999999999,-0.01116985,-2.2339700000000002,9.606070999999998,1.9212141999999999,cv
5.7278657999122515,19,0.8599999999999999,-0.01095574,-2.191148,9.421936399999998,1.8843872799999999,cv
5.739746799925342,19,0.8599999999999999,-0.01100435,-2.2008699999999997,9.463740999999997,1.8927481999999993,cv
5.751381299924105,19,0.8599999999999999,-0.01150018,-2.300036,9.890154799999998,1.9780309599999997,cv
5.762853699969128,19,0.8599999999999999,-0.01155259,-2.310518,9.935227399999999,1.9870454799999997,cv
5.774242999963462,19,0.8599999999999999,-0.01144129,-2.288258,9.839509399999999,1.9679018799999997,cv
5.785714600002393,19,0.8599999999999999,-0.01125542,-2.251084,9.679661199999998,1.9359322399999999,cv
5.797166899894364,19,0.8599999999999999,-0.01104826,-2.209652,9.5015036,1.90030072,cv
5.808878099895082,19,0.8599999999999999,-0.01088002,-2.176004,9.356817199999998,1.8713634399999997,cv
5.820374200004153,19,0.8599999999999999,-0.01132433,-2.264866,9.738923799999998,1.9477847599999998,cv
5.831970199942589,19,0.8599999999999999,-0.0115598,-2.31196,9.941427999999998,1.9882855999999998,cv
5.843686799984425,19,0.8599999999999999,-0.01150769,-2.301538,9.896613399999998,1.9793226799999997,cv
5.855167199973948,19,0.8599999999999999,-0.01132817,-2.265634,9.7422262,1.9484452399999996,cv
5.866643899935298,19,0.8599999999999999,-0.01112084,-2.2241679999999997,9.5639224,1.9127844799999996,cv
5.878136399900541,19,0.8599999999999999,-0.01089374,-2.178748,9.3686164,1.8737232799999999,cv
5.889827699982561,19,0.8599999999999999,-0.01110137,-2.220274,9.547178199999998,1.9094356399999997,cv
5.90278889995534,20,0.8699999999999999,-0.01142388,-2.284776,9.9387756,1.9877551199999997,cv
5.914447299903259,20,0.8699999999999999,-0.01128199,-2.256398,9.815331299999999,1.9630662599999997,cv
5.925926600000821,20,0.8699999999999999,-0.01106867,-2.2137339999999996,9.629742899999998,1.9259485799999994,cv
5.9373292999807745,20,0.8699999999999999,-0.01085263,-2.1705259999999997,9.441788099999998,1.8883576199999996,cv
5.9487924999557436,20,0.8699999999999999,-0.010758,-2.1516,9.359459999999999,1.871892,cv
5.960459199966863,20,0.8699999999999999,-0.01119104,-2.2382079999999998,9.7362048,1.9472409599999996,cv
5.972075999947265,20,0.8699999999999999,-0.01143198,-2.286396,9.945822599999998,1.9891645199999997,cv
5.983626999892294,20,0.8699999999999999,-0.01134472,-2.2689440000000003,9.8699064,1.97398128,cv
5.995123700005934,20,0.8699999999999999,-0.01117168,-2.234336,9.7193616,1.9438723199999997,cv
6.006598599953577,20,0.8699999999999999,-0.01096046,-2.1920919999999997,9.5356002,1.9071200399999995,cv
6.017994900001213,20,0.8699999999999999,-0.01074173,-2.148346,9.345305099999997,1.8690610199999997,cv
6.029448899906129,20,0.8699999999999999,-0.01093835,-2.18767,9.5163645,1.9032728999999995,cv
6.041161299915984,20,0.8699999999999999,-0.01135003,-2.270006,9.874526099999999,1.9749052199999997,cv
6.052936999942176,20,0.8699999999999999,-0.01140993,-2.2819860000000003,9.9266391,1.98532782,cv
6.064436799963005,20,0.8699999999999999,-0.0112439,-2.24878,9.782192999999998,1.9564385999999998,cv
6.075930899940431,20,0.8699999999999999,-0.01105001,-2.2100020000000002,9.613508699999999,1.92270174,cv
6.087746099918149,20,0.8699999999999999,-0.01080546,-2.161092,9.4007502,1.8801500399999997,cv
6.099169899942353,20,0.8699999999999999,-0.01089515,-2.17903,9.4787805,1.8957560999999998,cv
6.110658099991269,20,0.8699999999999999,-0.01131236,-2.262472,9.8417532,1.9683506399999995,cv
6.1223605999257416,20,0.8699999999999999,-0.01142842,-2.285684,9.942725399999999,1.9885450799999995,cv
6.133839099900797,20,0.8699999999999999,-0.01130427,-2.260854,9.8347149,1.9669429799999998,cv
6.146982599981129,21,0.8799999999999999,-0.01076563,-2.153126,9.473754399999999,1.8947508799999997,cv
6.158718399936333,21,0.8799999999999999,-0.01059959,-2.119918,9.3276392,1.86552784,cv
6.170502299908549,21,0.8799999999999999,-0.01107828,-2.215656,9.748886399999998,1.9497772799999997,cv
6.182229699916206,21,0.8799999999999999,-0.01126892,-2.253784,9.9166496,1.9833299199999999,cv
6.19394819997251,21,0.8799999999999999,-0.01115061,-2.230122,9.812536799999998,1.9625073599999998,cv
6.20564189995639,21,0.8799999999999999,-0.01093515,-2.18703,9.622931999999999,1.9245863999999997,cv
6.217018199968152,21,0.8799999999999999,-0.01070114,-2.1402279999999996,9.4170032,1.8834006399999994,cv
6.228433199925348,21,0.8799999999999999,-0.01059185,-2.1183699999999996,9.320827999999999,1.8641655999999995,cv
6.240147999953479,21,0.8799999999999999,-0.01101918,-2.203836,9.6968784,1.9393756799999997,cv
6.2517600998980924,21,0.8799999999999999,-0.01126601,-2.253202,9.914088799999998,1.9828177599999997,cv
6.263423500000499,21,0.8799999999999999,-0.01119244,-2.238488,9.849347199999999,1.9698694399999996,cv
6.275110299931839,21,0.8799999999999999,-0.01098785,-2.19757,9.669308,1.9338615999999995,cv
6.286851999931969,21,0.8799999999999999,-0.01073185,-2.14637,9.444027999999998,1.8888056,cv
6.2985055999597535,21,0.8799999999999999,-0.01061117,-2.1222339999999997,9.337829599999997,1.8675659199999994,cv
6.310210199910216,21,0.8799999999999999,-0.01104129,-2.208258,9.7163352,1.9432670399999996,cv
6.321920899907127,21,0.8799999999999999,-0.01126856,-2.253712,9.9163328,1.98326656,cv
6.33364139997866,21,0.8799999999999999,-0.01116435,-2.23287,9.824627999999999,1.9649256,cv
6.345211699954234,21,0.8799999999999999,-0.01096004,-2.1920080000000004,9.6448352,1.92896704,cv
6.356635899981484,21,0.8799999999999999,-0.01074091,-2.148182,9.452000799999999,1.8904001599999996,cv
6.368193999980576,21,0.8799999999999999,-0.01058867,-2.117734,9.318029599999997,1.8636059199999997,cv
6.379672599956393,21,0.8799999999999999,-0.01096719,-2.193438,9.651127199999998,1.9302254399999998,cv
6.392724099918269,22,0.8699999999999999,-0.01138413,-2.276826,9.904193099999999,1.9808386199999997,cv
6.404155199881643,22,0.8699999999999999,-0.01123395,-2.24679,9.773536499999999,1.9547072999999997,cv
6.415748199913651,22,0.8699999999999999,-0.01105024,-2.2100479999999996,9.6137088,1.9227417599999994,cv
6.427260699914768,22,0.8699999999999999,-0.01079918,-2.159836,9.395286599999999,1.8790573199999996,cv
6.438633499899879,22,0.8699999999999999,-0.01082919,-2.165838,9.4213953,1.8842790599999997,cv
6.4499786999076605,22,0.8699999999999999,-0.01125896,-2.251792,9.795295199999998,1.9590590399999999,cv
6.461342399939895,22,0.8699999999999999,-0.0114301,-2.2860199999999997,9.944186999999998,1.9888373999999995,cv
6.472821499919519,22,0.8699999999999999,-0.01136648,-2.2732959999999998,9.888837599999999,1.9777675199999996,cv
6.484199099941179,22,0.8699999999999999,-0.01121209,-2.242418,9.754518299999997,1.9509036599999996,cv
6.495607299963012,22,0.8699999999999999,-0.01101687,-2.2033739999999997,9.584676899999998,1.9169353799999995,cv
6.507002399885096,22,0.8699999999999999,-0.01080965,-2.1619300000000004,9.4043955,1.8808791,cv
6.518444999936037,22,0.8699999999999999,-0.01080808,-2.1616159999999995,9.403029599999998,1.8806059199999994,cv
6.529948799987324,22,0.8699999999999999,-0.01126552,-2.2531039999999996,9.801002399999998,1.9602004799999992,cv
6.5413911999203265,22,0.8699999999999999,-0.01142946,-2.285892,9.9436302,1.9887260399999998,cv
6.552974099991843,22,0.8699999999999999,-0.01135241,-2.2704820000000003,9.876596699999999,1.97531934,cv
6.5644970999564976,22,0.8699999999999999,-0.01117491,-2.234982,9.722171699999999,1.9444343399999997,cv
6.5759262999054044,22,0.8699999999999999,-0.01096452,-2.192904,9.5391324,1.9078264799999998,cv
6.587374099879526,22,0.8699999999999999,-0.01073981,-2.147962,9.343634699999999,1.86872694,cv
6.598828699905425,22,0.8699999999999999,-0.01091225,-2.1824500000000002,9.4936575,1.8987315,cv
6.6103801999706775,22,0.8699999999999999,-0.01134858,-2.269716,9.873264599999999,1.9746529199999996,cv
6.621749399928376,22,0.8699999999999999,-0.01142227,-2.2844539999999998,9.937374899999998,1.9874749799999996,cv
6.634499899926595,23,0.8599999999999999,-0.01129751,-2.2595020000000003,9.715858599999999,1.94317172,cv
6.645936599932611,23,0.8599999999999999,-0.01109175,-2.21835,9.538904999999998,1.9077809999999997,cv
6.657369699911214,23,0.8599999999999999,-0.01088164,-2.176328,9.358210399999999,1.8716420799999995,cv
6.668823699932545,23,0.8599999999999999,-0.01108233,-2.2164659999999996,9.530803799999997,1.9061607599999995,cv
6.6802716999081895,23,0.8599999999999999,-0.01149099,-2.298198,9.882251399999998,1.97645028,cv
6.691705799894407,23,0.8599999999999999,-0.01156217,-2.312434,9.9434662,1.9886932399999997,cv
6.703197499969974,23,0.8599999999999999,-0.01145187,-2.290374,9.848608199999997,1.9697216399999997,cv
6.714627799927257,23,0.8599999999999999,-0.01127365,-2.25473,9.695338999999999,1.9390677999999997,cv
6.726092399912886,23,0.8599999999999999,-0.01106508,-2.213016,9.515968799999998,1.9031937599999997,cv
6.737503699958324,23,0.8599999999999999,-0.01087596,-2.175192,9.353325599999998,1.8706651199999997,cv
6.748967599938624,23,0.8599999999999999,-0.01116084,-2.232168,9.598322399999997,1.9196644799999998,cv
6.760414499905892,23,0.8599999999999999,-0.01152582,-2.3051640000000004,9.912205199999999,1.98244104,cv
6.772019099909812,23,0.8599999999999999,-0.01155323,-2.3106459999999998,9.935777799999999,1.9871555599999995,cv
6.783652299898677,23,0.8599999999999999,-0.01140761,-2.281522,9.810544599999998,1.9621089199999995,cv
6.795342799974605,23,0.8599999999999999,-0.01119242,-2.238484,9.6254812,1.9250962399999998,cv
6.807074099895544,23,0.8599999999999999,-0.01093374,-2.186748,9.403016399999998,1.8806032799999999,cv
6.818831299897283,23,0.8599999999999999,-0.01104844,-2.209688,9.501658399999998,1.9003316799999996,cv
6.830527699901722,23,0.8599999999999999,-0.01152553,-2.3051060000000003,9.9119558,1.98239116,cv
6.84207819995936,23,0.8599999999999999,-0.01154345,-2.30869,9.927367,1.9854733999999996,cv
6.85368999990169,23,0.8599999999999999,-0.01140133,-2.280266,9.805143799999998,1.9610287599999998,cv
6.865395599976182,23,0.8599999999999999,-0.01116842,-2.233684,9.6048412,1.9209682399999994,cv
6.878130599972792,24,0.8499999999999999,-0.0110835,-2.2167,9.420974999999999,1.8841949999999996,cv
6.889706899994053,24,0.8499999999999999,-0.01151956,-2.303912,9.791625999999997,1.9583251999999998,cv
6.901049099978991,24,0.8499999999999999,-0.01169767,-2.339534,9.943019499999998,1.9886038999999998,cv
6.912746699992567,24,0.8499999999999999,-0.01162166,-2.324332,9.878410999999998,1.9756821999999998,cv
6.924247399903834,24,0.8499999999999999,-0.01143169,-2.2863379999999998,9.7169365,1.9433872999999995,cv
6.935944199911319,24,0.8499999999999999,-0.01121837,-2.243674,9.5356145,1.9071228999999996,cv
6.947663999977522,24,0.8499999999999999,-0.01099906,-2.199812,9.349200999999997,1.8698401999999998,cv
6.959359499975108,24,0.8499999999999999,-0.0114336,-2.28672,9.71856,1.9437119999999997,cv
6.970899399952032,24,0.8499999999999999,-0.01170063,-2.340126,9.945535499999998,1.9891070999999998,cv
6.982454299926758,24,0.8499999999999999,-0.0116272,-2.32544,9.883119999999998,1.9766239999999997,cv
6.994012999930419,24,0.8499999999999999,-0.01145737,-2.291474,9.738764499999998,1.9477528999999998,cv
7.005523999920115,24,0.8499999999999999,-0.01123914,-2.2478279999999997,9.553268999999998,1.9106537999999995,cv
7.017052799928933,24,0.8499999999999999,-0.01101372,-2.202744,9.361661999999997,1.8723323999999997,cv
7.02879979996942,24,0.8499999999999999,-0.01123249,-2.246498,9.547616499999998,1.9095232999999996,cv
7.0405184999108315,24,0.8499999999999999,-0.01166732,-2.333464,9.917221999999999,1.9834443999999998,cv
7.052195900003426,24,0.8499999999999999,-0.01165517,-2.331034,9.906894499999998,1.9813788999999995,cv
7.063859299989417,24,0.8499999999999999,-0.01147919,-2.2958380000000003,9.757311499999998,1.9514623,cv
7.075598199968226,24,0.8499999999999999,-0.01124466,-2.248932,9.557960999999999,1.9115921999999996,cv
7.087159199989401,24,0.8499999999999999,-0.01100004,-2.200008,9.350034,1.8700067999999996,cv
7.098655799985863,24,0.8499999999999999,-0.01127093,-2.254186,9.580290499999998,1.9160580999999994,cv
7.1102377999341115,24,0.8499999999999999,-0.011654,-2.3308,9.905899999999999,1.9811799999999997,cv
7.123122600023635,25,0.8599999999999999,-0.0114254,-2.28508,9.825843999999998,1.9651687999999996,cv
7.134822800057009,25,0.8599999999999999,-0.01122046,-2.2440919999999998,9.649595599999998,1.9299191199999994,cv
7.146372000104748,25,0.8599999999999999,-0.01096602,-2.193204,9.4307772,1.8861554399999998,cv
7.1578195000765845,25,0.8599999999999999,-0.01095724,-2.1914480000000003,9.423226399999999,1.88464528,cv
7.169488900108263,25,0.8599999999999999,-0.01140149,-2.280298,9.805281399999998,1.9610562799999998,cv
7.180979500059038,25,0.8599999999999999,-0.01157066,-2.314132,9.950767599999999,1.9901535199999996,cv
7.192795000039041,25,0.8599999999999999,-0.0114754,-2.29508,9.868843999999998,1.9737687999999998,cv
7.2047982000513,25,0.8599999999999999,-0.01123958,-2.247916,9.666038799999999,1.9332077599999997,cv
7.216937700053677,25,0.8599999999999999,-0.01092638,-2.185276,9.396686799999998,1.8793373599999996,cv
7.229070200119168,25,0.8599999999999999,-0.01121662,-2.2433240000000003,9.646293199999999,1.92925864,cv
7.241304700030014,25,0.8599999999999999,-0.01156533,-2.313066,9.9461838,1.9892367599999998,cv
7.253419200074859,25,0.8599999999999999,-0.01141022,-2.282044,9.8127892,1.9625578399999997,cv
7.265561900101602,25,0.8599999999999999,-0.01112805,-2.22561,9.570123,1.9140245999999999,cv
7.277708600042388,25,0.8599999999999999,-0.0108902,-2.1780399999999998,9.365571999999997,1.8731143999999995,cv
7.289871900109574,25,0.8599999999999999,-0.01145198,-2.2903960000000003,9.8487028,1.96974056,cv
7.302440500119701,25,0.8599999999999999,-0.01153648,-2.307296,9.921372799999999,1.9842745599999998,cv
7.314678900060244,25,0.8599999999999999,-0.01121454,-2.242908,9.644504399999999,1.9289008799999996,cv
7.326281900051981,25,0.8599999999999999,-0.01095858,-2.1917160000000004,9.4243788,1.8848757600000001,cv
7.337814600090496,25,0.8599999999999999,-0.0109615,-2.1923000000000004,9.426889999999998,1.885378,cv
7.3493894001003355,25,0.8599999999999999,-0.01142227,-2.2844539999999998,9.8231522,1.9646304399999994,cv
7.360975100076757,25,0.8599999999999999,-0.01156356,-2.3127120000000003,9.9446616,1.98893232,cv
7.3740312999580055,26,0.8699999999999999,-0.01114993,-2.2299860000000002,9.700439099999999,1.94008782,cv
7.385739299934357,26,0.8699999999999999,-0.01090892,-2.181784,9.4907604,1.8981520799999998,cv
7.39747569989413,26,0.8699999999999999,-0.01075115,-2.1502299999999996,9.353500499999999,1.8707000999999994,cv
7.40911959996447,26,0.8699999999999999,-0.01120962,-2.241924,9.7523694,1.9504738799999997,cv
7.420811099931598,26,0.8699999999999999,-0.01142627,-2.285254,9.9408549,1.9881709799999998,cv
7.43249149993062,26,0.8699999999999999,-0.01133369,-2.266738,9.8603103,1.9720620599999998,cv
7.444287099991925,26,0.8699999999999999,-0.01111531,-2.2230619999999996,9.670319699999999,1.9340639399999995,cv
7.45634459995199,26,0.8699999999999999,-0.01082156,-2.164312,9.414757199999999,1.8829514399999996,cv
7.468287299969234,26,0.8699999999999999,-0.01091597,-2.183194,9.4968939,1.8993787799999997,cv
7.480048900004476,26,0.8699999999999999,-0.01141179,-2.282358,9.928257299999999,1.9856514599999997,cv
7.491535099921748,26,0.8699999999999999,-0.01138597,-2.277194,9.905793899999999,1.98115878,cv
7.502945599961095,26,0.8699999999999999,-0.01123464,-2.246928,9.774136799999999,1.9548273599999997,cv
7.5146363999228925,26,0.8699999999999999,-0.01104971,-2.2099420000000003,9.613247699999999,1.92264954,cv
7.526468099909835,26,0.8699999999999999,-0.01078691,-2.157382,9.384611699999999,1.87692234,cv
7.538185199955478,26,0.8699999999999999,-0.01093346,-2.186692,9.5121102,1.9024220399999996,cv
7.549896799959242,26,0.8699999999999999,-0.01138091,-2.276182,9.901391699999998,1.9802783399999997,cv
7.561618199921213,26,0.8699999999999999,-0.01138381,-2.2767619999999997,9.903914699999998,1.9807829399999994,cv
7.573143499903381,26,0.8699999999999999,-0.01120743,-2.241486,9.7504641,1.9500928199999998,cv
7.584757899981923,26,0.8699999999999999,-0.01100069,-2.200138,9.570600299999999,1.9141200599999997,cv
7.596220999956131,26,0.8699999999999999,-0.01076439,-2.1528780000000003,9.3650193,1.87300386,cv
7.60779439995531,26,0.8699999999999999,-0.01088054,-2.176108,9.466069799999998,1.89321396,cv
7.620621399953961,27,0.8599999999999999,-0.01155591,-2.311182,9.938082599999998,1.9876165199999998,cv
7.632383999996819,27,0.8599999999999999,-0.01145172,-2.290344,9.8484792,1.9696958399999998,cv
7.644078099983744,27,0.8599999999999999,-0.01124186,-2.248372,9.667999599999998,1.9335999199999996,cv
7.655847299960442,27,0.8599999999999999,-0.01098991,-2.197982,9.4513226,1.89026452,cv
7.6675151999806985,27,0.8599999999999999,-0.01092766,-2.1855320000000003,9.3977876,1.8795575199999999,cv
7.679301999974996,27,0.8599999999999999,-0.01143848,-2.2876959999999995,9.837092799999997,1.9674185599999994,cv
7.691628100001253,27,0.8599999999999999,-0.01154781,-2.309562,9.9311166,1.98622332,cv
7.703775399946608,27,0.8599999999999999,-0.01130339,-2.260678,9.720915399999999,1.9441830799999997,cv
7.7159367999993265,27,0.8599999999999999,-0.01099378,-2.198756,9.4546508,1.8909301599999997,cv
7.727915399940684,27,0.8599999999999999,-0.01104774,-2.2095480000000003,9.5010564,1.90021128,cv
7.739601899986155,27,0.8599999999999999,-0.01151454,-2.302908,9.902504399999998,1.9805008799999997,cv
7.751678799977526,27,0.8599999999999999,-0.01155225,-2.3104500000000003,9.934935,1.986987,cv
7.7633441999787465,27,0.8599999999999999,-0.01132055,-2.26411,9.735672999999998,1.9471345999999998,cv
7.77514009992592,27,0.8599999999999999,-0.01107682,-2.215364,9.526065199999998,1.9052130399999998,cv
7.786597799975425,27,0.8599999999999999,-0.01087193,-2.174386,9.349859799999999,1.8699719599999998,cv
7.79805379989557,27,0.8599999999999999,-0.0111879,-2.2375800000000003,9.621593999999998,1.9243188,cv
7.809481099946424,27,0.8599999999999999,-0.01153205,-2.30641,9.917563,1.9835125999999998,cv
7.820996499969624,27,0.8599999999999999,-0.01153986,-2.3079720000000004,9.924279599999998,1.98485592,cv
7.832655299920589,27,0.8599999999999999,-0.01138423,-2.276846,9.7904378,1.9580875599999996,cv
7.844280399964191,27,0.8599999999999999,-0.01116476,-2.232952,9.601693599999997,1.9203387199999997,cv
7.855766900000162,27,0.8599999999999999,-0.01092677,-2.1853540000000002,9.397022199999999,1.8794044399999998,cv
7.868559299968183,28,0.8499999999999999,-0.01151519,-2.303038,9.787911499999998,1.9575822999999997,cv
7.880031999899074,28,0.8499999999999999,-0.01168803,-2.337606,9.934825499999999,1.9869650999999997,cv
7.891484699910507,28,0.8499999999999999,-0.01161638,-2.3232760000000003,9.873923,1.9747846,cv
7.902941299951635,28,0.8499999999999999,-0.01145291,-2.290582,9.734973499999999,1.9469946999999999,cv
7.914246999891475,28,0.8499999999999999,-0.01126546,-2.2530919999999997,9.575640999999997,1.9151281999999994,cv
7.925601099967025,28,0.8499999999999999,-0.01105943,-2.2118860000000002,9.4005155,1.8801031,cv
7.937116499990225,28,0.8499999999999999,-0.01108067,-2.2161340000000003,9.4185695,1.8837138999999998,cv
7.9485319999512285,28,0.8499999999999999,-0.01152269,-2.304538,9.794286499999998,1.9588572999999996,cv
7.9599305998999625,28,0.8499999999999999,-0.01168369,-2.336738,9.931136499999997,1.9862272999999997,cv
7.971330699976534,28,0.8499999999999999,-0.01161918,-2.323836,9.876302999999998,1.9752605999999997,cv
7.982768999994732,28,0.8499999999999999,-0.01145669,-2.291338,9.7381865,1.9476372999999998,cv
7.994189899996854,28,0.8499999999999999,-0.0112767,-2.25534,9.585194999999999,1.9170389999999997,cv
8.00562379998155,28,0.8499999999999999,-0.01104902,-2.209804,9.391666999999998,1.8783333999999998,cv
8.01703109999653,28,0.8499999999999999,-0.01108664,-2.2173279999999997,9.423643999999998,1.8847287999999995,cv
8.028545699897222,28,0.8499999999999999,-0.01152846,-2.305692,9.799190999999999,1.9598381999999999,cv
8.039985399926081,28,0.8499999999999999,-0.01168088,-2.336176,9.928747999999997,1.9857495999999997,cv
8.051386899896897,28,0.8499999999999999,-0.01160231,-2.320462,9.861963499999998,1.9723926999999997,cv
8.062807599897496,28,0.8499999999999999,-0.01143924,-2.287848,9.723353999999999,1.9446707999999997,cv
8.074293899931945,28,0.8499999999999999,-0.01124885,-2.24977,9.561522499999997,1.9123044999999996,cv
8.085723600001074,28,0.8499999999999999,-0.011026,-2.2052,9.372099999999998,1.8744199999999998,cv
8.097167699947022,28,0.8499999999999999,-0.01112342,-2.224684,9.454906999999999,1.8909813999999996,cv
8.110168000101112,29,0.8599999999999999,-0.01154234,-2.308468,9.926412399999998,1.9852824799999997,cv
8.121571900090203,29,0.8599999999999999,-0.01144378,-2.2887560000000002,9.841650799999998,1.9683301599999998,cv
8.133028500014916,29,0.8599999999999999,-0.01127303,-2.254606,9.6948058,1.9389611599999996,cv
8.144399600103498,29,0.8599999999999999,-0.01107152,-2.214304,9.521507199999999,1.9043014399999996,cv
8.155802000081167,29,0.8599999999999999,-0.01086152,-2.1723039999999996,9.340907199999998,1.8681814399999994,cv
8.167571300058626,29,0.8599999999999999,-0.01103094,-2.206188,9.4866084,1.8973216799999997,cv
8.179081200039946,29,0.8599999999999999,-0.01150949,-2.3018980000000004,9.8981614,1.9796322800000001,cv
8.190504100057296,29,0.8599999999999999,-0.01152729,-2.3054580000000002,9.9134694,1.98269388,cv
8.201897100079805,29,0.8599999999999999,-0.01140253,-2.280506,9.806175799999997,1.9612351599999998,cv
8.21335450001061,29,0.8599999999999999,-0.01122912,-2.245824,9.6570432,1.9314086399999997,cv
8.224757000105456,29,0.8599999999999999,-0.01101535,-2.20307,9.473201,1.8946401999999996,cv
8.23623610008508,29,0.8599999999999999,-0.01086134,-2.172268,9.3407524,1.8681504799999997,cv
8.247665700037032,29,0.8599999999999999,-0.01122063,-2.244126,9.6497418,1.9299483599999998,cv
8.259079300099984,29,0.8599999999999999,-0.01152524,-2.305048,9.9117064,1.98234128,cv
8.270491900038905,29,0.8599999999999999,-0.0115274,-2.30548,9.913563999999997,1.9827127999999998,cv
8.281960200052708,29,0.8599999999999999,-0.01138964,-2.277928,9.795090399999998,1.9590180799999999,cv
8.293379500042647,29,0.8599999999999999,-0.01120843,-2.241686,9.6392498,1.9278499599999999,cv
8.304814900038764,29,0.8599999999999999,-0.01099377,-2.198754,9.454642199999999,1.8909284399999997,cv
8.316257300088182,29,0.8599999999999999,-0.01087241,-2.1744820000000002,9.350272599999998,1.87005452,cv
8.327824600040913,29,0.8599999999999999,-0.0112764,-2.25528,9.697704,1.9395407999999996,cv
8.339348200010136,29,0.8599999999999999,-0.01154031,-2.308062,9.924666599999998,1.9849333199999997,cv
8.35218199994415,30,0.8699999999999999,-0.0112087,-2.24174,9.751568999999998,1.9503137999999998,cv
8.3636400999967,30,0.8699999999999999,-0.0110154,-2.20308,9.583397999999999,1.9166795999999997,cv
8.375069999950938,30,0.8699999999999999,-0.01079924,-2.1598479999999998,9.395338799999998,1.8790677599999996,cv
8.38653889996931,30,0.8699999999999999,-0.01076887,-2.153774,9.368916899999999,1.8737833799999997,cv
8.397965699899942,30,0.8699999999999999,-0.01121191,-2.242382,9.754361699999999,1.9508723399999999,cv
8.409343699924648,30,0.8699999999999999,-0.01140052,-2.280104,9.9184524,1.98369048,cv
8.420751299941912,30,0.8699999999999999,-0.01134485,-2.26897,9.870019499999998,1.9740038999999996,cv
8.43218749994412,30,0.8699999999999999,-0.01120314,-2.240628,9.7467318,1.9493463599999998,cv
8.443602899904363,30,0.8699999999999999,-0.01100651,-2.201302,9.575663699999998,1.9151327399999998,cv
8.455118399928324,30,0.8699999999999999,-0.01079227,-2.158454,9.389274899999998,1.8778549799999997,cv
8.466524799936451,30,0.8699999999999999,-0.01079557,-2.159114,9.3921459,1.87842918,cv
8.47791029990185,30,0.8699999999999999,-0.0112272,-2.24544,9.767663999999998,1.9535327999999996,cv
8.489265499985777,30,0.8699999999999999,-0.01140283,-2.280566,9.920462099999998,1.9840924199999996,cv
8.500654099974781,30,0.8699999999999999,-0.01134596,-2.269192,9.8709852,1.9741970399999997,cv
8.512087499955669,30,0.8699999999999999,-0.01120505,-2.24101,9.748393499999999,1.9496787,cv
8.523507299949415,30,0.8699999999999999,-0.01101198,-2.202396,9.580422599999997,1.9160845199999996,cv
8.534955199924298,30,0.8699999999999999,-0.01079576,-2.1591519999999997,9.392311199999998,1.8784622399999995,cv
8.54641209996771,30,0.8699999999999999,-0.01077922,-2.155844,9.3779214,1.8755842799999998,cv
8.5578697999008,30,0.8699999999999999,-0.01121638,-2.243276,9.758250599999998,1.9516501199999996,cv
8.569330099970102,30,0.8699999999999999,-0.01140411,-2.280822,9.9215757,1.9843151399999999,cv
8.580882199923508,30,0.8699999999999999,-0.01132486,-2.264972,9.8526282,1.97052564,cv
8.593968499917537,31,0.8599999999999999,-0.01107606,-2.215212,9.525411599999998,1.9050823199999998,cv
8.605401499895379,31,0.8599999999999999,-0.01085364,-2.1707279999999995,9.334130399999998,1.8668260799999994,cv
8.616856799926609,31,0.8599999999999999,-0.0110496,-2.20992,9.502655999999998,1.9005311999999996,cv
8.628260899917223,31,0.8599999999999999,-0.01146408,-2.2928159999999997,9.859108799999998,1.9718217599999994,cv
8.639684799942188,31,0.8599999999999999,-0.011531,-2.3061999999999996,9.916659999999998,1.9833319999999994,cv
8.651103999931365,31,0.8599999999999999,-0.01142564,-2.2851280000000003,9.8260504,1.9652100799999999,cv
8.662561499979347,31,0.8599999999999999,-0.01125394,-2.250788,9.6783884,1.9356776799999997,cv
8.673988799913786,31,0.8599999999999999,-0.01104646,-2.209292,9.499955599999998,1.8999911199999997,cv
8.68540909991134,31,0.8599999999999999,-0.01084157,-2.168314,9.323750199999997,1.8647500399999999,cv
8.696853599976748,31,0.8599999999999999,-0.01107472,-2.214944,9.524259199999998,1.9048518399999999,cv
8.708285399945453,31,0.8599999999999999,-0.01147511,-2.2950220000000003,9.8685946,1.97371892,cv
8.719716899911873,31,0.8599999999999999,-0.01152897,-2.3057939999999997,9.914914199999998,1.9829828399999994,cv
8.731135299894959,31,0.8599999999999999,-0.01141445,-2.28289,9.816427,1.9632853999999997,cv
8.742617099895142,31,0.8599999999999999,-0.01123791,-2.247582,9.664602599999998,1.9329205199999997,cv
8.754065399989486,31,0.8599999999999999,-0.01102465,-2.20493,9.481198999999998,1.8962397999999998,cv
8.765774699975736,31,0.8599999999999999,-0.01085814,-2.171628,9.338000399999999,1.8676000799999999,cv
8.777239099959843,31,0.8599999999999999,-0.01123451,-2.246902,9.661678599999998,1.9323357199999998,cv
8.788720099953935,31,0.8599999999999999,-0.01152646,-2.305292,9.9127556,1.98255112,cv
8.80017649999354,31,0.8599999999999999,-0.01149925,-2.29985,9.889354999999998,1.977871,cv
8.811692599905655,31,0.8599999999999999,-0.01135705,-2.2714100000000004,9.767063,1.9534126,cv
8.823270099936053,31,0.8599999999999999,-0.0111369,-2.22738,9.577734,1.9155467999999998,cv
8.83624469989445,32,0.8699999999999999,-0.01078547,-2.157094,9.3833589,1.8766717799999997,cv
8.847705799969845,32,0.8699999999999999,-0.01123895,-2.2477899999999997,9.777886499999997,1.9555772999999994,cv
8.859151699929498,32,0.8699999999999999,-0.01138765,-2.2775299999999996,9.907255499999998,1.9814510999999995,cv
8.870536899892613,32,0.8699999999999999,-0.011311,-2.2622,9.840569999999998,1.9681139999999997,cv
8.881991599919274,32,0.8699999999999999,-0.01115665,-2.2313300000000003,9.7062855,1.9412571,cv
8.893487499910407,32,0.8699999999999999,-0.01095256,-2.190512,9.528727199999999,1.9057454399999998,cv
8.904941299930215,32,0.8699999999999999,-0.01072318,-2.144636,9.329166599999999,1.86583332,cv
8.916372699895874,32,0.8699999999999999,-0.01085523,-2.171046,9.444050099999998,1.8888100199999998,cv
8.927806399995461,32,0.8699999999999999,-0.01128639,-2.2572780000000003,9.819159299999999,1.96383186,cv
8.93926749995444,32,0.8699999999999999,-0.01138682,-2.277364,9.906533399999999,1.9813066799999997,cv
8.950734799960628,32,0.8699999999999999,-0.01129019,-2.258038,9.8224653,1.9644930599999997,cv
8.962183899944648,32,0.8699999999999999,-0.0111181,-2.22362,9.672747,1.9345493999999996,cv
8.973644699901342,32,0.8699999999999999,-0.01091618,-2.183236,9.497076599999998,1.8994153199999997,cv
8.985049599898048,32,0.8699999999999999,-0.01070931,-2.141862,9.317099699999998,1.86341994,cv
8.996472999919206,32,0.8699999999999999,-0.0109146,-2.18292,9.495701999999998,1.8991403999999998,cv
9.007900499971583,32,0.8699999999999999,-0.01131763,-2.263526,9.846338099999999,1.9692676199999999,cv
9.019346899935044,32,0.8699999999999999,-0.01138487,-2.276974,9.904836899999998,1.9809673799999998,cv
9.03078639996238,32,0.8699999999999999,-0.01127576,-2.255152,9.809911199999998,1.9619822399999995,cv
9.042348299990408,32,0.8699999999999999,-0.01110262,-2.220524,9.659279399999999,1.9318558799999999,cv
9.054011799977161,32,0.8699999999999999,-0.01085263,-2.1705259999999997,9.441788099999998,1.8883576199999996,cv
9.065540899988264,32,0.8699999999999999,-0.01071275,-2.14255,9.320092499999998,1.8640184999999998,cv
9.078515199944377,33,0.8599999999999999,-0.01152685,-2.30537,9.913091,1.9826181999999997,cv
9.089950799942017,33,0.8599999999999999,-0.01149094,-2.298188,9.882208399999998,1.9764416799999998,cv
9.101333999889903,33,0.8599999999999999,-0.01133939,-2.267878,9.7518754,1.9503750799999997,cv
9.11282989999745,33,0.8599999999999999,-0.01115375,-2.23075,9.592225,1.9184449999999997,cv
9.12428549991455,33,0.8599999999999999,-0.01093672,-2.1873440000000004,9.405579199999998,1.88111584,cv
9.135751499910839,33,0.8599999999999999,-0.01090602,-2.181204,9.379177199999999,1.87583544,cv
9.14709949993994,33,0.8599999999999999,-0.01134003,-2.2680059999999997,9.752425799999997,1.9504851599999995,cv
9.158506599953398,33,0.8599999999999999,-0.01152479,-2.304958,9.911319399999998,1.9822638799999999,cv
9.169883099966682,33,0.8599999999999999,-0.01148087,-2.296174,9.873548199999998,1.97470964,cv
9.181319799972698,33,0.8599999999999999,-0.01133612,-2.2672239999999997,9.749063199999998,1.9498126399999995,cv
9.192773799994029,33,0.8599999999999999,-0.01114585,-2.2291700000000003,9.585430999999998,1.9170862,cv
9.204262099927291,33,0.8599999999999999,-0.0109224,-2.1844799999999998,9.393263999999999,1.8786527999999996,cv
9.21572939993348,33,0.8599999999999999,-0.01091612,-2.183224,9.387863199999998,1.8775726399999997,cv
9.227126799989492,33,0.8599999999999999,-0.01135526,-2.271052,9.7655236,1.9531047199999998,cv
9.238494399935007,33,0.8599999999999999,-0.01153073,-2.306146,9.9164278,1.9832855599999997,cv
9.249892699997872,33,0.8599999999999999,-0.01147332,-2.294664,9.8670552,1.9734110399999998,cv
9.26133339991793,33,0.8599999999999999,-0.01132405,-2.2648099999999998,9.738683,1.9477365999999996,cv
9.272812499897555,33,0.8599999999999999,-0.01112375,-2.22475,9.566424999999999,1.9132849999999995,cv
9.284368799999356,33,0.8599999999999999,-0.01090177,-2.180354,9.375522199999999,1.8751044399999997,cv
9.29590519994963,33,0.8599999999999999,-0.0109366,-2.18732,9.405475999999998,1.8810951999999999,cv
9.30740579997655,33,0.8599999999999999,-0.01140674,-2.2813480000000004,9.8097964,1.96195928,cv
9.320493899984285,34,0.8499999999999999,-0.0115427,-2.30854,9.811294999999998,1.9622589999999995,cv
9.331946199992672,34,0.8499999999999999,-0.01136678,-2.273356,9.661762999999999,1.9323525999999998,cv
9.343343599932268,34,0.8499999999999999,-0.01116027,-2.232054,9.486229499999999,1.8972459,cv
9.354703299934044,34,0.8499999999999999,-0.01096597,-2.193194,9.321074499999998,1.8642148999999997,cv
9.366075599915348,34,0.8499999999999999,-0.01118167,-2.236334,9.504419499999997,1.9008838999999995,cv
9.377493199892342,34,0.8499999999999999,-0.0115687,-2.31374,9.833394999999998,1.9666789999999998,cv
9.388940799981356,34,0.8499999999999999,-0.01164789,-2.3295779999999997,9.900706499999998,1.9801412999999994,cv
9.400439899996854,34,0.8499999999999999,-0.01153461,-2.306922,9.804418499999999,1.9608837,cv
9.411878499900922,34,0.8499999999999999,-0.0113605,-2.2721,9.656425,1.9312849999999997,cv
9.423336299951188,34,0.8499999999999999,-0.01115248,-2.2304959999999996,9.479607999999999,1.8959215999999994,cv
9.434725099941716,34,0.8499999999999999,-0.01094894,-2.189788,9.306598999999999,1.8613197999999997,cv
9.446254699956626,34,0.8499999999999999,-0.01121493,-2.2429859999999997,9.532690499999998,1.9065380999999995,cv
9.483627699897625,34,0.8499999999999999,-0.01109268,-2.2185360000000003,9.428778,1.8857556,cv
9.495043499977328,34,0.8499999999999999,-0.01097498,-2.194996,9.328732999999998,1.8657465999999998,cv
9.506440899916925,34,0.8499999999999999,-0.01134833,-2.269666,9.6460805,1.9292160999999997,cv
9.517877899925224,34,0.8499999999999999,-0.01163371,-2.3267420000000003,9.888653499999998,1.9777307,cv
9.529300099937245,34,0.8499999999999999,-0.01162166,-2.324332,9.878410999999998,1.9756821999999998,cv
9.54092849988956,34,0.8499999999999999,-0.01147376,-2.294752,9.752695999999998,1.9505391999999997,cv
9.55243039992638,34,0.8499999999999999,-0.0112596,-2.2519199999999997,9.570659999999998,1.9141319999999995,cv
9.563826399971731,34,0.8499999999999999,-0.01104407,-2.208814,9.387459499999999,1.8774918999999997,cv
9.575172299984843,34,0.8499999999999999,-0.01100673,-2.201346,9.355720499999997,1.8711440999999998,cv
9.588110399898142,35,0.8599999999999999,-0.01152215,-2.30443,9.909048999999998,1.9818097999999997,cv
9.599524599965662,35,0.8599999999999999,-0.01146965,-2.29393,9.863898999999998,1.9727797999999996,cv
9.610927499947138,35,0.8599999999999999,-0.0113271,-2.2654199999999998,9.741305999999998,1.9482611999999995,cv
9.622371799894609,35,0.8599999999999999,-0.01113531,-2.227062,9.576366599999998,1.9152733199999998,cv
9.633816199959256,35,0.8599999999999999,-0.01091798,-2.183596,9.3894628,1.8778925599999998,cv
9.645245299907401,35,0.8599999999999999,-0.01090025,-2.18005,9.374214999999998,1.8748429999999998,cv
9.656691999989562,35,0.8599999999999999,-0.01133282,-2.266564,9.746225199999998,1.9492450399999997,cv
9.668162799905986,35,0.8599999999999999,-0.01152723,-2.305446,9.913417799999998,1.9826835599999997,cv
9.679582399898209,35,0.8599999999999999,-0.01145982,-2.291964,9.8554452,1.9710890399999998,cv
9.69098109996412,35,0.8599999999999999,-0.01131043,-2.262086,9.726969799999999,1.9453939599999996,cv
9.70239569991827,35,0.8599999999999999,-0.01111624,-2.223248,9.559966399999999,1.9119932799999997,cv
9.713874799897894,35,0.8599999999999999,-0.01091078,-2.182156,9.3832708,1.8766541599999997,cv
9.725291099981405,35,0.8599999999999999,-0.01092887,-2.185774,9.398828199999999,1.8797656399999996,cv
9.736695099971257,35,0.8599999999999999,-0.01137254,-2.274508,9.780384399999999,1.9560768799999997,cv
9.748105899896473,35,0.8599999999999999,-0.01153652,-2.307304,9.921407199999997,1.9842814399999995,cv
9.75955379998777,35,0.8599999999999999,-0.01146524,-2.2930479999999998,9.8601064,1.9720212799999994,cv
9.771071299910545,35,0.8599999999999999,-0.01130721,-2.2614419999999997,9.724200599999998,1.9448401199999994,cv
9.782580999890342,35,0.8599999999999999,-0.01110788,-2.2215759999999998,9.552776799999998,1.9105553599999996,cv
9.79409489990212,35,0.8599999999999999,-0.01087455,-2.17491,9.352113,1.8704226,cv
9.805787099990994,35,0.8599999999999999,-0.01102761,-2.205522,9.483744599999998,1.8967489199999998,cv
9.817223699996248,35,0.8599999999999999,-0.01147303,-2.294606,9.8668058,1.9733611599999996,cv
9.830204399884678,36,0.8699999999999999,-0.01124784,-2.249568,9.785620799999998,1.9571241599999998,cv
9.841612399904989,36,0.8699999999999999,-0.01107285,-2.21457,9.633379499999998,1.9266758999999998,cv
9.853102799970657,36,0.8699999999999999,-0.01086019,-2.172038,9.448365299999999,1.8896730599999998,cv
9.864520899951458,36,0.8699999999999999,-0.01069356,-2.138712,9.3033972,1.8606794399999997,cv
9.875926699955016,36,0.8699999999999999,-0.01103047,-2.206094,9.5965089,1.9193017799999998,cv
9.887316899956204,36,0.8699999999999999,-0.01135491,-2.2709819999999996,9.878771699999998,1.9757543399999995,cv
9.898718999931589,36,0.8699999999999999,-0.01136885,-2.27377,9.890899499999998,1.9781798999999995,cv
9.910181099898182,36,0.8699999999999999,-0.01125151,-2.250302,9.788813699999997,1.9577627399999997,cv
9.921723899897188,36,0.8699999999999999,-0.01105098,-2.2101960000000003,9.614352599999998,1.92287052,cv
9.933228899957612,36,0.8699999999999999,-0.01083431,-2.166862,9.425849699999999,1.8851699399999997,cv
9.944696699967608,36,0.8699999999999999,-0.01072566,-2.145132,9.331324199999997,1.8662648399999997,cv
9.956143399933353,36,0.8699999999999999,-0.0111295,-2.2259,9.682664999999998,1.9365329999999998,cv
9.967590299900621,36,0.8699999999999999,-0.01138072,-2.276144,9.901226399999999,1.9802452799999997,cv
9.97900889988523,36,0.8699999999999999,-0.01134759,-2.269518,9.872403299999998,1.9744806599999998,cv
9.990440799971111,36,0.8699999999999999,-0.0112105,-2.2420999999999998,9.753134999999999,1.9506269999999994,cv
10.001848999992944,36,0.8699999999999999,-0.01101907,-2.2038140000000004,9.5865909,1.91731818,cv
10.014587899902835,36,0.8699999999999999,-0.01080644,-2.161288,9.4016028,1.8803205599999997,cv
10.02625699993223,36,0.8699999999999999,-0.01116527,-2.233054,9.713784899999999,1.9427569799999997,cv
10.0377783998847,36,0.8699999999999999,-0.01138603,-2.277206,9.9058461,1.9811692199999997,cv
10.049384199897759,36,0.8699999999999999,-0.01132147,-2.264294,9.849678899999999,1.9699357799999997,cv
10.060993099934421,36,0.8699999999999999,-0.01113978,-2.227956,9.691608599999999,1.9383217199999996,cv
10.074013999896124,37,0.8799999999999999,-0.01054654,-2.109308,9.2809552,1.8561910399999997,cv
10.08549219998531,37,0.8799999999999999,-0.01077096,-2.1541919999999997,9.478444799999998,1.8956889599999995,cv
10.097002299968153,37,0.8799999999999999,-0.01117265,-2.23453,9.831931999999998,1.9663863999999998,cv
10.108503700001165,37,0.8799999999999999,-0.0112186,-2.24372,9.872368,1.9744735999999998,cv
10.119971999898553,37,0.8799999999999999,-0.01109431,-2.218862,9.7629928,1.9525985599999998,cv
10.131426799925976,37,0.8799999999999999,-0.01091158,-2.182316,9.6021904,1.9204380799999998,cv
10.142890499904752,37,0.8799999999999999,-0.01069483,-2.1389660000000004,9.4114504,1.8822900800000002,cv
10.154271299950778,37,0.8799999999999999,-0.01055334,-2.110668,9.286939199999999,1.8573878399999997,cv
10.165699899895117,37,0.8799999999999999,-0.01088948,-2.177896,9.582742399999999,1.9165484799999999,cv
10.17716159997508,37,0.8799999999999999,-0.01121104,-2.242208,9.8657152,1.9731430399999998,cv
10.188616999890655,37,0.8799999999999999,-0.01120869,-2.2417380000000002,9.863647199999999,1.97272944,cv
10.20007259992417,37,0.8799999999999999,-0.01107529,-2.215058,9.746255199999998,1.9492510399999998,cv
10.211480499943718,37,0.8799999999999999,-0.01089101,-2.1782019999999997,9.584088799999998,1.9168177599999996,cv
10.222978099947795,37,0.8799999999999999,-0.01067537,-2.135074,9.3943256,1.8788651199999997,cv
10.234414599952288,37,0.8799999999999999,-0.0105704,-2.1140800000000004,9.301951999999998,1.8603904000000002,cv
10.245823599980213,37,0.8799999999999999,-0.01096928,-2.193856,9.652966399999999,1.9305932799999996,cv
10.25728249992244,37,0.8799999999999999,-0.01121986,-2.2439720000000003,9.873476799999999,1.9746953600000001,cv
10.268686499912292,37,0.8799999999999999,-0.01119465,-2.2389300000000003,9.851291999999999,1.9702584,cv
10.280218299943954,37,0.8799999999999999,-0.01105237,-2.210474,9.7260856,1.94521712,cv
10.291734299971722,37,0.8799999999999999,-0.01084251,-2.1685019999999997,9.541408799999997,1.9082817599999995,cv
10.30324959999416,37,0.8799999999999999,-0.01062209,-2.124418,9.3474392,1.8694878399999997,cv
10.31617359991651,38,0.8699999999999999,-0.01123186,-2.246372,9.771718199999999,1.9543436399999998,cv
10.327579099917784,38,0.8699999999999999,-0.01139254,-2.278508,9.9115098,1.9823019599999998,cv
10.338986599934287,38,0.8699999999999999,-0.01132607,-2.2652140000000003,9.8536809,1.97073618,cv
10.35042029991746,38,0.8699999999999999,-0.01117317,-2.234634,9.720657899999999,1.9441315799999996,cv
10.361891499953344,38,0.8699999999999999,-0.01097161,-2.194322,9.545300699999999,1.9090601399999998,cv
10.37335579993669,38,0.8699999999999999,-0.0107509,-2.15018,9.353283,1.8706566,cv
10.38481039996259,38,0.8699999999999999,-0.01082977,-2.165954,9.4218999,1.8843799799999998,cv
10.396204799995758,38,0.8699999999999999,-0.01126169,-2.252338,9.797670299999998,1.9595340599999997,cv
10.407618499943055,38,0.8699999999999999,-0.0113948,-2.27896,9.913476,1.9826951999999998,cv
10.419070599949919,38,0.8699999999999999,-0.01130973,-2.261946,9.8394651,1.9678930199999998,cv
10.430498899891973,38,0.8699999999999999,-0.01115074,-2.230148,9.701143799999997,1.9402287599999997,cv
10.44195059989579,38,0.8699999999999999,-0.01094538,-2.189076,9.522480599999998,1.9044961199999997,cv
10.453394799958915,38,0.8699999999999999,-0.0107287,-2.14574,9.333969,1.8667937999999997,cv
10.464819799992256,38,0.8699999999999999,-0.01085157,-2.170314,9.440865899999999,1.8881731799999997,cv
10.47625809989404,38,0.8699999999999999,-0.01128396,-2.256792,9.817045199999999,1.9634090399999997,cv
10.487678599893115,38,0.8699999999999999,-0.01139432,-2.2788639999999996,9.913058399999999,1.9826116799999993,cv
10.499072299920954,38,0.8699999999999999,-0.01129634,-2.259268,9.827815799999998,1.9655631599999999,cv
10.510525399935432,38,0.8699999999999999,-0.01113712,-2.227424,9.6892944,1.9378588799999998,cv
10.522038199938834,38,0.8699999999999999,-0.01093072,-2.1861439999999996,9.509726399999998,1.9019452799999994,cv
10.533546799910255,38,0.8699999999999999,-0.01070077,-2.140154,9.3096699,1.8619339799999997,cv
10.5449924999848,38,0.8699999999999999,-0.01092852,-2.1857040000000003,9.507812399999999,1.90156248,cv
10.557931899907999,39,0.8599999999999999,-0.01152158,-2.304316,9.908558799999998,1.9817117599999998,cv
10.569320499897003,39,0.8599999999999999,-0.01141206,-2.282412,9.814371599999998,1.9628743199999996,cv
10.580711399903521,39,0.8599999999999999,-0.01124028,-2.248056,9.6666408,1.9333281599999999,cv
10.592183499946259,39,0.8599999999999999,-0.01103576,-2.207152,9.490753599999998,1.8981507199999996,cv
10.603829799918458,39,0.8599999999999999,-0.01083749,-2.167498,9.320241399999999,1.8640482799999998,cv
10.615553699899465,39,0.8599999999999999,-0.0112746,-2.25492,9.696155999999997,1.9392311999999996,cv
10.626968599972315,39,0.8599999999999999,-0.01152808,-2.3056159999999997,9.914148799999998,1.9828297599999993,cv
10.638371299952269,39,0.8599999999999999,-0.01149018,-2.2980359999999997,9.881554799999998,1.9763109599999995,cv
10.64978069998324,39,0.8599999999999999,-0.0113523,-2.27046,9.762977999999999,1.9525955999999995,cv
10.661184699973091,39,0.8599999999999999,-0.011164,-2.2328,9.601039999999998,1.920208,cv
10.67263709998224,39,0.8599999999999999,-0.01095549,-2.1910979999999998,9.4217214,1.8843442799999994,cv
10.684057299979031,39,0.8599999999999999,-0.01088605,-2.1772099999999996,9.362003,1.8724005999999995,cv
10.695478399982676,39,0.8599999999999999,-0.01129808,-2.2596160000000003,9.716348799999999,1.94326976,cv
10.706874499912374,39,0.8599999999999999,-0.01153206,-2.306412,9.917571599999999,1.9835143199999996,cv
10.718244199990295,39,0.8599999999999999,-0.01149448,-2.298896,9.885252799999998,1.9770505599999997,cv
10.729653899907134,39,0.8599999999999999,-0.01135886,-2.271772,9.7686196,1.9537239199999996,cv
10.741058499901555,39,0.8599999999999999,-0.01117912,-2.235824,9.614043199999998,1.9228086399999997,cv
10.752555799903348,39,0.8599999999999999,-0.01095771,-2.191542,9.4236306,1.8847261199999998,cv
10.764053399907425,39,0.8599999999999999,-0.01088625,-2.17725,9.362174999999999,1.8724349999999996,cv
10.77564069989603,39,0.8599999999999999,-0.01134102,-2.268204,9.7532772,1.9506554399999996,cv
10.787240899982862,39,0.8599999999999999,-0.01153583,-2.307166,9.9208138,1.9841627599999998,cv
10.799999799928628,40,0.8499999999999999,-0.01142963,-2.285926,9.715185499999997,1.9430370999999995,cv
10.81138479989022,40,0.8499999999999999,-0.01124512,-2.249024,9.558352,1.9116703999999995,cv
10.822894799988717,40,0.8499999999999999,-0.01101325,-2.20265,9.361262499999999,1.8722524999999999,cv
10.834362199995667,40,0.8499999999999999,-0.01109607,-2.219214,9.431659499999999,1.8863318999999996,cv
10.845802999916486,40,0.8499999999999999,-0.01154775,-2.30955,9.8155875,1.9631174999999998,cv
10.857198099954985,40,0.8499999999999999,-0.01166988,-2.3339760000000003,9.919398,1.9838795999999999,cv
10.868571599945426,40,0.8499999999999999,-0.01158701,-2.317402,9.848958499999998,1.9697916999999996,cv
10.880014599999413,40,0.8499999999999999,-0.01143493,-2.2869859999999997,9.719690499999997,1.9439380999999996,cv
10.891479999991134,40,0.8499999999999999,-0.01122591,-2.2451820000000002,9.542023499999997,1.9084047,cv
10.90294639999047,40,0.8499999999999999,-0.01099911,-2.199822,9.349243499999998,1.8698487,cv
10.91436589998193,40,0.8499999999999999,-0.01113491,-2.226982,9.464673499999998,1.8929346999999996,cv
10.925835499889217,40,0.8499999999999999,-0.01156646,-2.313292,9.831491,1.9662981999999998,cv
10.937320799916051,40,0.8499999999999999,-0.01167087,-2.334174,9.9202395,1.9840478999999998,cv
10.948745399946347,40,0.8499999999999999,-0.01157345,-2.31469,9.8374325,1.9674865,cv
10.960143799893558,40,0.8499999999999999,-0.01140212,-2.280424,9.691801999999997,1.9383603999999997,cv
10.9715511999093,40,0.8499999999999999,-0.01120319,-2.2406379999999997,9.522711499999998,1.9045422999999995,cv
10.983033299911767,40,0.8499999999999999,-0.01098451,-2.196902,9.336833499999997,1.8673666999999998,cv
10.994464699993841,40,0.8499999999999999,-0.01119504,-2.239008,9.515783999999998,1.9031567999999999,cv
11.006036599981599,40,0.8499999999999999,-0.01160027,-2.320054,9.860229499999997,1.9720458999999995,cv
11.017520199995488,40,0.8499999999999999,-0.0116594,-2.33188,9.91049,1.9820979999999997,cv
11.029014599975199,40,0.8499999999999999,-0.01153869,-2.307738,9.8078865,1.9615772999999999,cv
11.041954499902204,41,0.8599999999999999,-0.01099742,-2.199484,9.4577812,1.8915562399999997,cv
11.053389299893752,41,0.8599999999999999,-0.01085698,-2.171396,9.337002799999999,1.8674005599999999,cv
11.064826299902052,41,0.8599999999999999,-0.01120877,-2.241754,9.6395422,1.9279084399999995,cv
11.076250199927017,41,0.8599999999999999,-0.0115138,-2.30276,9.901867999999999,1.9803735999999998,cv
11.087658799951896,41,0.8599999999999999,-0.01151098,-2.302196,9.899442799999997,1.9798885599999996,cv
11.099080899963155,41,0.8599999999999999,-0.01137922,-2.275844,9.786129199999998,1.95722584,cv
11.1105112999212,41,0.8599999999999999,-0.0112044,-2.2408799999999998,9.635783999999997,1.9271567999999994,cv
11.12197459989693,41,0.8599999999999999,-0.01098842,-2.1976839999999997,9.4500412,1.8900082399999996,cv
11.133570799953304,41,0.8599999999999999,-0.01086102,-2.172204,9.340477199999999,1.8680954399999996,cv
11.145024799974635,41,0.8599999999999999,-0.01129187,-2.2583740000000003,9.7110082,1.94220164,cv
11.156470699934289,41,0.8599999999999999,-0.01153241,-2.306482,9.917872599999999,1.9835745199999997,cv
11.167892399942502,41,0.8599999999999999,-0.01148432,-2.296864,9.876515199999998,1.9753030399999996,cv
11.179324999917299,41,0.8599999999999999,-0.01133821,-2.267642,9.750860599999998,1.9501721199999997,cv
11.190732299932279,41,0.8599999999999999,-0.01115277,-2.2305539999999997,9.591382199999998,1.9182764399999994,cv
11.2022152999416,41,0.8599999999999999,-0.01094445,-2.18889,9.412226999999998,1.8824453999999995,cv
11.213622099952772,41,0.8599999999999999,-0.01091077,-2.1821539999999997,9.383262199999999,1.8766524399999995,cv
11.225180999957956,41,0.8599999999999999,-0.01134282,-2.268564,9.754825199999999,1.9509650399999998,cv
11.236713399994187,41,0.8599999999999999,-0.01154106,-2.308212,9.925311599999999,1.98506232,cv
11.248278699931689,41,0.8599999999999999,-0.01146117,-2.2922339999999997,9.856606199999998,1.9713212399999995,cv
11.25974689994473,41,0.8599999999999999,-0.01128576,-2.257152,9.705753599999998,1.9411507199999998,cv
11.271244899951853,41,0.8599999999999999,-0.01107164,-2.214328,9.5216104,1.9043220799999998,cv
11.284169099992141,42,0.8499999999999999,-0.01119661,-2.239322,9.517118499999997,1.9034236999999998,cv
11.2956097999122,42,0.8499999999999999,-0.01158468,-2.316936,9.846978,1.9693955999999997,cv
11.307052199961618,42,0.8499999999999999,-0.01166064,-2.332128,9.911543999999997,1.9823087999999998,cv
11.318504399969243,42,0.8499999999999999,-0.01155054,-2.310108,9.817958999999998,1.9635917999999997,cv
11.329900699900463,42,0.8499999999999999,-0.0113787,-2.27574,9.671894999999997,1.9343789999999996,cv
11.341258699889295,42,0.8499999999999999,-0.01117672,-2.235344,9.500211999999998,1.9000423999999998,cv
11.352684199926443,42,0.8499999999999999,-0.01097708,-2.1954160000000003,9.330518,1.8661036,cv
11.364102199906483,42,0.8499999999999999,-0.01119132,-2.238264,9.512621999999999,1.9025243999999997,cv
11.375519799999893,42,0.8499999999999999,-0.01159439,-2.3188779999999998,9.855231499999999,1.9710462999999996,cv
11.3869476999389,42,0.8499999999999999,-0.01166162,-2.332324,9.912376999999998,1.9824753999999996,cv
11.398358099977486,42,0.8499999999999999,-0.01155434,-2.310868,9.821188999999997,1.9642377999999998,cv
11.409745099954307,42,0.8499999999999999,-0.01138609,-2.277218,9.678176499999998,1.9356352999999997,cv
11.42115049995482,42,0.8499999999999999,-0.0111925,-2.2384999999999997,9.513624999999998,1.9027249999999996,cv
11.43264629994519,42,0.8499999999999999,-0.01097963,-2.195926,9.332685499999998,1.8665370999999997,cv
11.444063399918377,42,0.8499999999999999,-0.01122016,-2.244032,9.537135999999999,1.9074271999999994,cv
11.455446399981156,42,0.8499999999999999,-0.01160197,-2.320394,9.8616745,1.9723348999999997,cv
11.466834099963307,42,0.8499999999999999,-0.01166913,-2.3338259999999997,9.918760499999998,1.9837520999999994,cv
11.47819429996889,42,0.8499999999999999,-0.01156368,-2.312736,9.829127999999997,1.9658255999999998,cv
11.489685599924996,42,0.8499999999999999,-0.01140568,-2.281136,9.694827999999998,1.9389655999999997,cv
11.501239699893631,42,0.8499999999999999,-0.01117321,-2.234642,9.497228499999999,1.8994456999999998,cv
11.512765999999829,42,0.8499999999999999,-0.01097697,-2.1953940000000003,9.3304245,1.8660849,cv
11.525737999938428,43,0.8399999999999999,-0.01175501,-2.3510020000000003,9.874208399999997,1.97484168,cv
11.537195299984887,43,0.8399999999999999,-0.01175915,-2.35183,9.877685999999999,1.9755371999999998,cv
11.548834799905308,43,0.8399999999999999,-0.01162513,-2.325026,9.765109199999998,1.9530218399999995,cv
11.560337299946696,43,0.8399999999999999,-0.01140765,-2.28153,9.582425999999998,1.9164851999999997,cv
11.571768799913116,43,0.8399999999999999,-0.01118445,-2.23689,9.394937999999998,1.8789875999999994,cv
11.583121299976483,43,0.8399999999999999,-0.01113682,-2.227364,9.354928799999998,1.8709857599999997,cv
11.594562499900348,43,0.8399999999999999,-0.01154189,-2.3083780000000003,9.695187599999999,1.9390375199999998,cv
11.605964999995194,43,0.8399999999999999,-0.01177509,-2.3550180000000003,9.891075599999999,1.97821512,cv
11.617376799928024,43,0.8399999999999999,-0.01172961,-2.345922,9.852872399999999,1.9705744799999996,cv
11.628773499978706,43,0.8399999999999999,-0.01159422,-2.318844,9.739144799999998,1.9478289599999996,cv
11.64020449994132,43,0.8399999999999999,-0.01140753,-2.2815060000000003,9.582325199999998,1.9164650399999998,cv
11.651628499967046,43,0.8399999999999999,-0.0111994,-2.2398800000000003,9.407495999999998,1.8814992,cv
11.663089799927548,43,0.8399999999999999,-0.01113467,-2.226934,9.353122799999998,1.8706245599999995,cv
11.674445899901912,43,0.8399999999999999,-0.01154212,-2.3084239999999996,9.695380799999999,1.9390761599999993,cv
11.685860399971716,43,0.8399999999999999,-0.01177509,-2.3550180000000003,9.891075599999999,1.97821512,cv
11.697308599948883,43,0.8399999999999999,-0.01173594,-2.347188,9.8581896,1.9716379199999996,cv
11.708701199968345,43,0.8399999999999999,-0.01159585,-2.31917,9.740514,1.9481027999999998,cv
11.72014439990744,43,0.8399999999999999,-0.01141167,-2.282334,9.5858028,1.9171605599999997,cv
11.73157999990508,43,0.8399999999999999,-0.01119429,-2.238858,9.4032036,1.8806407199999997,cv
11.743154399911873,43,0.8399999999999999,-0.01113781,-2.227562,9.355760399999998,1.8711520799999994,cv
11.754734099959023,43,0.8399999999999999,-0.01162231,-2.324462,9.762740399999998,1.9525480799999997,cv
11.767713799956255,44,0.8499999999999999,-0.01159197,-2.318394,9.8531745,1.9706348999999999,cv
11.779154899995774,44,0.8499999999999999,-0.01142173,-2.284346,9.708470499999999,1.9416940999999999,cv
11.790571699966677,44,0.8499999999999999,-0.01122057,-2.2441139999999997,9.537484499999998,1.9074968999999995,cv
11.801969699910842,44,0.8499999999999999,-0.011005,-2.2009999999999996,9.354249999999999,1.8708499999999995,cv
11.813711599912494,44,0.8499999999999999,-0.011117,-2.2234000000000003,9.449449999999999,1.8898899999999998,cv
11.825496099889278,44,0.8499999999999999,-0.0116437,-2.32874,9.897144999999998,1.9794289999999994,cv
11.836966699920595,44,0.8499999999999999,-0.0116368,-2.3273599999999997,9.891279999999997,1.9782559999999993,cv
11.848401099909097,44,0.8499999999999999,-0.01150675,-2.3013500000000002,9.780737499999997,1.9561475,cv
11.859856299939565,44,0.8499999999999999,-0.0113156,-2.26312,9.618259999999998,1.9236519999999995,cv
11.87128429999575,44,0.8499999999999999,-0.01109902,-2.219804,9.434166999999999,1.8868333999999995,cv
11.882736899890006,44,0.8499999999999999,-0.01099649,-2.1992979999999998,9.347016499999997,1.8694032999999994,cv
11.894144899910316,44,0.8499999999999999,-0.01139749,-2.279498,9.687866499999998,1.9375732999999995,cv
11.90555179992225,44,0.8499999999999999,-0.01165348,-2.330696,9.905458,1.9810915999999998,cv
11.917000299901702,44,0.8499999999999999,-0.01162469,-2.324938,9.880986499999999,1.9761972999999997,cv
11.928466999903321,44,0.8499999999999999,-0.01148634,-2.297268,9.763388999999997,1.9526777999999996,cv
11.93988839990925,44,0.8499999999999999,-0.01129413,-2.258826,9.600010499999998,1.9200020999999996,cv
11.951291599893011,44,0.8499999999999999,-0.0110892,-2.21784,9.42582,1.8851639999999996,cv
11.962763499934226,44,0.8499999999999999,-0.01101708,-2.203416,9.364517999999999,1.8729035999999994,cv
11.974284099997021,44,0.8499999999999999,-0.0114403,-2.28806,9.724255,1.9448509999999999,cv
11.985828000004403,44,0.8499999999999999,-0.01167471,-2.334942,9.923503499999999,1.9847006999999997,cv
11.997320399968885,44,0.8499999999999999,-0.01159724,-2.319448,9.857653999999998,1.9715307999999996,cv
12.010280199931003,45,0.8599999999999999,-0.01110834,-2.221668,9.5531724,1.91063448,cv
12.021741099888459,45,0.8599999999999999,-0.0108895,-2.1779,9.364969999999998,1.8729939999999998,cv
12.033204499981366,45,0.8599999999999999,-0.01100598,-2.2011960000000004,9.465142799999999,1.89302856,cv
12.044610299984924,45,0.8599999999999999,-0.01143308,-2.286616,9.8324488,1.9664897599999998,cv
12.056070399936289,45,0.8599999999999999,-0.01154136,-2.308272,9.9255696,1.9851139199999999,cv
12.067489299923182,45,0.8599999999999999,-0.01144981,-2.289962,9.8468366,1.9693673199999997,cv
12.078862199909054,45,0.8599999999999999,-0.01129041,-2.2580820000000004,9.7097526,1.94195052,cv
12.090245199971832,45,0.8599999999999999,-0.01109612,-2.2192239999999996,9.542663199999998,1.9085326399999993,cv
12.101642199908383,45,0.8599999999999999,-0.01088047,-2.176094,9.357204199999998,1.8714408399999998,cv
12.11312039999757,45,0.8599999999999999,-0.010988,-2.1976,9.449679999999999,1.8899359999999996,cv
12.124544799909927,45,0.8599999999999999,-0.01143232,-2.2864639999999996,9.831795199999998,1.9663590399999993,cv
12.135981199913658,45,0.8599999999999999,-0.01153756,-2.307512,9.922301599999999,1.9844603199999997,cv
12.147387799923308,45,0.8599999999999999,-0.01144662,-2.2893239999999997,9.844093199999998,1.9688186399999994,cv
12.158838099916466,45,0.8599999999999999,-0.01127745,-2.25549,9.698606999999997,1.9397213999999998,cv
12.170287999906577,45,0.8599999999999999,-0.01107884,-2.2157679999999997,9.527802399999999,1.9055604799999994,cv
12.181704899994656,45,0.8599999999999999,-0.01085821,-2.171642,9.338060599999999,1.8676121199999995,cv
12.193133699940518,45,0.8599999999999999,-0.01102291,-2.204582,9.4797026,1.8959405199999995,cv
12.204507499933243,45,0.8599999999999999,-0.01143303,-2.286606,9.8324058,1.9664811599999996,cv
12.215870199957862,45,0.8599999999999999,-0.01153421,-2.306842,9.919420599999997,1.9838841199999997,cv
12.227353599970229,45,0.8599999999999999,-0.01145459,-2.2909180000000005,9.850947399999999,1.9701894800000002,cv
12.238888799911365,45,0.8599999999999999,-0.01126589,-2.253178,9.6886654,1.9377330799999999,cv
12.25184799998533,46,0.8499999999999999,-0.01097162,-2.194324,9.325876999999998,1.8651753999999996,cv
12.2633354999125,46,0.8499999999999999,-0.01122923,-2.245846,9.544845499999997,1.9089690999999995,cv
12.27479489997495,46,0.8499999999999999,-0.01161015,-2.32203,9.868627499999997,1.9737254999999996,cv
12.28620599990245,46,0.8499999999999999,-0.0116454,-2.3290800000000003,9.898589999999999,1.9797179999999999,cv
12.29760599997826,46,0.8499999999999999,-0.01153765,-2.30753,9.807002499999998,1.9614004999999997,cv
12.30906039988622,46,0.8499999999999999,-0.01136321,-2.2726420000000003,9.658728499999999,1.9317457,cv
12.320499899913557,46,0.8499999999999999,-0.01114723,-2.229446,9.475145499999996,1.8950290999999995,cv
12.33195199992042,46,0.8499999999999999,-0.01096853,-2.193706,9.3232505,1.8646500999999998,cv
12.34337829996366,46,0.8499999999999999,-0.01128117,-2.256234,9.588994499999998,1.9177988999999998,cv
12.35484019992873,46,0.8499999999999999,-0.01162186,-2.324372,9.878580999999997,1.9757161999999997,cv
12.366206499980763,46,0.8499999999999999,-0.01164181,-2.3283620000000003,9.895538499999999,1.9791077,cv
12.377577499952167,46,0.8499999999999999,-0.01152369,-2.304738,9.795136499999998,1.9590272999999996,cv
12.389247099985369,46,0.8499999999999999,-0.01135299,-2.270598,9.6500415,1.9300083,cv
12.400821099989116,46,0.8499999999999999,-0.01108419,-2.216838,9.4215615,1.8843122999999997,cv
12.412206399952993,46,0.8499999999999999,-0.01100082,-2.200164,9.350696999999998,1.8701393999999998,cv
12.423601699993014,46,0.8499999999999999,-0.01138555,-2.27711,9.677717499999998,1.9355434999999996,cv
12.435007499996573,46,0.8499999999999999,-0.01164523,-2.329046,9.8984455,1.9796890999999996,cv
12.446548599982634,46,0.8499999999999999,-0.01162422,-2.3248439999999997,9.880586999999998,1.9761173999999995,cv
12.458131399936974,46,0.8499999999999999,-0.01146553,-2.293106,9.745700499999998,1.9491400999999995,cv
12.469586199964397,46,0.8499999999999999,-0.01126519,-2.2530379999999997,9.5754115,1.9150822999999995,cv
12.481104399892502,46,0.8499999999999999,-0.01102679,-2.205358,9.372771499999999,1.8745542999999996,cv
12.49410009989515,47,0.8599999999999999,-0.01140258,-2.280516,9.806218799999998,1.9612437599999997,cv
12.505495499935932,47,0.8599999999999999,-0.01152815,-2.30563,9.914208999999998,1.9828417999999997,cv
12.516924099996686,47,0.8599999999999999,-0.0114443,-2.28886,9.842097999999998,1.9684195999999998,cv
12.52841119992081,47,0.8599999999999999,-0.01128442,-2.256884,9.704601199999997,1.9409202399999996,cv
12.539836999960244,47,0.8599999999999999,-0.01108158,-2.216316,9.530158799999999,1.9060317599999996,cv
12.551261099986732,47,0.8599999999999999,-0.01085856,-2.171712,9.338361599999999,1.8676723199999996,cv
12.562708599958569,47,0.8599999999999999,-0.01099986,-2.199972,9.459879599999999,1.8919759199999995,cv
12.574083699961193,47,0.8599999999999999,-0.01142033,-2.284066,9.821483799999998,1.9642967599999999,cv
12.585477099986747,47,0.8599999999999999,-0.01152895,-2.30579,9.914896999999998,1.9829793999999996,cv
12.596802199957892,47,0.8599999999999999,-0.01144936,-2.289872,9.8464496,1.9692899199999996,cv
12.608184699900448,47,0.8599999999999999,-0.01129658,-2.259316,9.7150588,1.9430117599999999,cv
12.619666099897586,47,0.8599999999999999,-0.0110996,-2.2199199999999997,9.545655999999997,1.9091311999999994,cv
12.631108299945481,47,0.8599999999999999,-0.01087316,-2.174632,9.350917599999997,1.8701835199999997,cv
12.642618199926801,47,0.8599999999999999,-0.01098462,-2.196924,9.446773199999999,1.8893546399999999,cv
12.654003799892962,47,0.8599999999999999,-0.01142171,-2.2843419999999997,9.822670599999999,1.9645341199999995,cv
12.665402899961919,47,0.8599999999999999,-0.01152804,-2.305608,9.914114399999999,1.9828228799999996,cv
12.676828199997544,47,0.8599999999999999,-0.01143597,-2.287194,9.8349342,1.9669868399999997,cv
12.688202399993315,47,0.8599999999999999,-0.01127657,-2.255314,9.697850199999998,1.9395700399999996,cv
12.699601499945857,47,0.8599999999999999,-0.01108565,-2.21713,9.533659,1.9067317999999998,cv
12.711117699975148,47,0.8599999999999999,-0.01086163,-2.172326,9.341001799999999,1.8682003599999997,cv
12.722664899891242,47,0.8599999999999999,-0.01102022,-2.204044,9.4773892,1.8954778399999999,cv
12.735562399961054,48,0.8699999999999999,-0.01137601,-2.275202,9.897128699999998,1.97942574,cv
12.746996799949557,48,0.8699999999999999,-0.01126872,-2.253744,9.803786399999998,1.96075728,cv
12.758454099996015,48,0.8699999999999999,-0.0110997,-2.2199400000000002,9.656739,1.9313478,cv
12.76985889999196,48,0.8699999999999999,-0.01089455,-2.1789099999999997,9.478258499999997,1.8956516999999995,cv
12.781278099981137,48,0.8699999999999999,-0.01068914,-2.137828,9.299551799999998,1.8599103599999995,cv
12.79271599999629,48,0.8699999999999999,-0.01093466,-2.186932,9.513154199999999,1.9026308399999998,cv
12.80410809989553,48,0.8699999999999999,-0.01130895,-2.26179,9.838786499999998,1.9677572999999997,cv
12.81541079992894,48,0.8699999999999999,-0.01137219,-2.2744380000000004,9.893805299999999,1.97876106,cv
12.826871800003573,48,0.8699999999999999,-0.01126879,-2.2537580000000004,9.8038473,1.96076946,cv
12.839615699951537,48,0.8699999999999999,-0.01109873,-2.2197459999999998,9.655895099999999,1.9311790199999996,cv
12.85124739992898,48,0.8699999999999999,-0.01068579,-2.1371580000000003,9.296637299999999,1.85932746,cv
12.862690899986774,48,0.8699999999999999,-0.01095277,-2.190554,9.528909899999999,1.9057819799999998,cv
12.874099499895237,48,0.8699999999999999,-0.01131837,-2.263674,9.846981899999998,1.9693963799999996,cv
12.885481799952686,48,0.8699999999999999,-0.01136985,-2.2739700000000003,9.891769499999999,1.9783538999999999,cv
12.896905999979936,48,0.8699999999999999,-0.01125604,-2.251208,9.792754799999999,1.9585509599999997,cv
12.90838859998621,48,0.8699999999999999,-0.01108363,-2.2167260000000004,9.6427581,1.9285516200000001,cv
12.919831099919975,48,0.8699999999999999,-0.01086646,-2.173292,9.4538202,1.8907640399999996,cv
12.931287799961865,48,0.8699999999999999,-0.01068321,-2.136642,9.2943927,1.8588785399999999,cv
12.942823199904524,48,0.8699999999999999,-0.01098039,-2.196078,9.552939299999998,1.9105878599999997,cv
12.954278599936515,48,0.8699999999999999,-0.01133897,-2.267794,9.8649039,1.9729807799999997,cv
12.965806399937719,48,0.8699999999999999,-0.01134774,-2.269548,9.8725338,1.9745067599999997,cv
12.978789599961601,49,0.8799999999999999,-0.01085709,-2.171418,9.554239199999998,1.9108478399999997,cv
12.990321999997832,49,0.8799999999999999,-0.01064227,-2.128454,9.3651976,1.8730395199999998,cv
13.001770899980329,49,0.8799999999999999,-0.01057381,-2.114762,9.304952799999999,1.8609905599999996,cv
13.013206399977207,49,0.8799999999999999,-0.01100721,-2.201442,9.686344799999999,1.93726896,cv
13.024816499906592,49,0.8799999999999999,-0.01121104,-2.242208,9.8657152,1.9731430399999998,cv
13.036235999898054,49,0.8799999999999999,-0.01114693,-2.229386,9.809298399999998,1.9618596799999997,cv
13.047655899892561,49,0.8799999999999999,-0.01099662,-2.199324,9.6770256,1.9354051199999995,cv
13.059085799963214,49,0.8799999999999999,-0.01079976,-2.159952,9.503788799999999,1.9007577599999999,cv
13.070478199981153,49,0.8799999999999999,-0.01058871,-2.117742,9.318064799999998,1.8636129599999995,cv
13.081916800001636,49,0.8799999999999999,-0.0106231,-2.1246199999999997,9.348327999999999,1.8696655999999996,cv
13.09331679996103,49,0.8799999999999999,-0.01106029,-2.212058,9.733055199999999,1.9466110399999996,cv
13.10472989990376,49,0.8799999999999999,-0.01121529,-2.243058,9.869455199999999,1.9738910399999998,cv
13.116155999945477,49,0.8799999999999999,-0.01114311,-2.228622,9.805936799999998,1.9611873599999998,cv
13.127594799967483,49,0.8799999999999999,-0.01099545,-2.19909,9.675996,1.9351991999999998,cv
13.139000999974087,49,0.8799999999999999,-0.01080172,-2.1603440000000003,9.505513599999999,1.90110272,cv
13.150407999986783,49,0.8799999999999999,-0.01058929,-2.117858,9.318575199999998,1.8637150399999998,cv
13.161836399929598,49,0.8799999999999999,-0.01062365,-2.12473,9.348812,1.8697623999999997,cv
13.173258799943142,49,0.8799999999999999,-0.01106338,-2.2126759999999996,9.735774399999997,1.9471548799999994,cv
13.184653299977072,49,0.8799999999999999,-0.01121632,-2.243264,9.870361599999999,1.9740723199999997,cv
13.196213599992916,49,0.8799999999999999,-0.01115067,-2.230134,9.812589599999999,1.9625179199999998,cv
13.207694299984723,49,0.8799999999999999,-0.01097061,-2.194122,9.6541368,1.9308273599999999,cv
13.220914399949834,50,0.8699999999999999,-0.0106885,-2.1376999999999997,9.298995,1.8597989999999995,cv
13.232336899964139,50,0.8699999999999999,-0.01094084,-2.188168,9.518530799999999,1.9037061599999998,cv
13.24380029994063,50,0.8699999999999999,-0.01132384,-2.264768,9.851740799999998,1.97034816,cv
13.255227599991485,50,0.8699999999999999,-0.01135969,-2.271938,9.882930299999998,1.9765860599999998,cv
13.266622099909,50,0.8699999999999999,-0.01124919,-2.2498379999999996,9.786795299999998,1.9573590599999993,cv
13.278024199884385,50,0.8699999999999999,-0.01107314,-2.2146280000000003,9.633631799999998,1.92672636,cv
13.289409499964677,50,0.8699999999999999,-0.01087436,-2.1748719999999997,9.460693199999998,1.8921386399999995,cv
13.300809699925594,50,0.8699999999999999,-0.01068263,-2.136526,9.2938881,1.8587776199999997,cv
13.31227469991427,50,0.8699999999999999,-0.01093398,-2.186796,9.512562599999997,1.90251252,cv
13.32368969998788,50,0.8699999999999999,-0.01132305,-2.2646100000000002,9.851053499999999,1.9702107,cv
13.335090399952605,50,0.8699999999999999,-0.01136225,-2.27245,9.8851575,1.9770314999999998,cv
13.346528899972327,50,0.8699999999999999,-0.01125145,-2.25029,9.788761499999998,1.9577523,cv
13.357959099928848,50,0.8699999999999999,-0.01106926,-2.213852,9.630256199999998,1.9260512399999998,cv
13.369383199955337,50,0.8699999999999999,-0.01087448,-2.174896,9.4607976,1.8921595199999997,cv
13.380801199935377,50,0.8699999999999999,-0.01068077,-2.136154,9.292269899999999,1.8584539799999997,cv
13.392251999932341,50,0.8699999999999999,-0.01095561,-2.191122,9.531380699999998,1.9062761399999997,cv
13.403661899967119,50,0.8699999999999999,-0.01133263,-2.266526,9.859388099999999,1.9718776199999997,cv
13.41507379990071,50,0.8699999999999999,-0.01136008,-2.272016,9.883269599999998,1.9766539199999995,cv
13.426455399952829,50,0.8699999999999999,-0.01124586,-2.249172,9.783898199999998,1.95677964,cv
13.437959599890746,50,0.8699999999999999,-0.01108106,-2.216212,9.6405222,1.9281044399999998,cv
13.44944209989626,50,0.8699999999999999,-0.01086383,-2.172766,9.451532099999998,1.89030642,cv
13.46230079990346,51,0.8599999999999999,-0.01112787,-2.225574,9.5699682,1.9139936399999997,cv
13.473674000008032,51,0.8599999999999999,-0.01147523,-2.295046,9.868697799999998,1.9737395599999998,cv
13.48509849992115,51,0.8599999999999999,-0.01149896,-2.299792,9.8891056,1.9778211199999998,cv
13.496533699915744,51,0.8599999999999999,-0.01137653,-2.2753059999999996,9.783815799999998,1.9567631599999993,cv
13.509060999960639,51,0.8599999999999999,-0.01119708,-2.239416,9.629488799999999,1.9258977599999996,cv
13.52044140000362,51,0.8599999999999999,-0.01083018,-2.166036,9.313954799999998,1.8627909599999999,cv
13.53187780000735,51,0.8599999999999999,-0.01103318,-2.206636,9.488534799999998,1.8977069599999998,cv
13.543297700001858,51,0.8599999999999999,-0.01143738,-2.2874760000000003,9.8361468,1.96722936,cv
13.554737499915063,51,0.8599999999999999,-0.0115095,-2.3019000000000003,9.89817,1.979634,cv
13.566165799973533,51,0.8599999999999999,-0.01140269,-2.280538,9.806313399999999,1.9612626799999997,cv
13.577571699977852,51,0.8599999999999999,-0.01123268,-2.246536,9.6601048,1.9320209599999996,cv
13.588966099894606,51,0.8599999999999999,-0.0110372,-2.20744,9.491992,1.8983983999999998,cv
13.60035359999165,51,0.8599999999999999,-0.01082734,-2.1654679999999997,9.311512399999998,1.8623024799999994,cv
13.61175819998607,51,0.8599999999999999,-0.0110318,-2.2063599999999997,9.487347999999997,1.8974695999999995,cv
13.623208299977705,51,0.8599999999999999,-0.01143597,-2.287194,9.8349342,1.9669868399999997,cv
13.6346690999344,51,0.8599999999999999,-0.01151153,-2.302306,9.899915799999999,1.97998316,cv
13.646072899922729,51,0.8599999999999999,-0.01140562,-2.281124,9.808833199999999,1.9617666399999998,cv
13.657452199957334,51,0.8599999999999999,-0.01123639,-2.247278,9.663295399999999,1.9326590799999999,cv
13.668927699909545,51,0.8599999999999999,-0.01104318,-2.208636,9.497134799999998,1.8994269599999996,cv
13.680438099894673,51,0.8599999999999999,-0.01081767,-2.163534,9.303196199999999,1.8606392399999996,cv
13.69192849996034,51,0.8599999999999999,-0.01106373,-2.212746,9.514807799999998,1.9029615599999998,cv
13.70504799997434,52,0.8499999999999999,-0.01162028,-2.324056,9.877237999999998,1.9754475999999999,cv
13.716699999989942,52,0.8499999999999999,-0.01147854,-2.2957080000000003,9.756758999999999,1.9513517999999999,cv
13.728166499990039,52,0.8499999999999999,-0.01127227,-2.254454,9.581429499999997,1.9162858999999997,cv
13.739613399957307,52,0.8499999999999999,-0.01104692,-2.209384,9.389881999999998,1.8779763999999997,cv
13.75120329996571,52,0.8499999999999999,-0.01100918,-2.201836,9.357802999999999,1.8715605999999998,cv
13.762633099919185,52,0.8499999999999999,-0.01147425,-2.29485,9.753112499999999,1.9506224999999995,cv
13.77408049989026,52,0.8499999999999999,-0.01163446,-2.326892,9.889290999999998,1.9778581999999996,cv
13.78556819993537,52,0.8499999999999999,-0.01157176,-2.3143520000000004,9.835996,1.9671992,cv
13.796969499904662,52,0.8499999999999999,-0.01141515,-2.28303,9.702877499999998,1.9405754999999998,cv
13.808363499934785,52,0.8499999999999999,-0.01122632,-2.2452639999999997,9.542371999999999,1.9084743999999993,cv
13.81976039998699,52,0.8499999999999999,-0.0110137,-2.20274,9.361644999999998,1.8723289999999997,cv
13.831192799960263,52,0.8499999999999999,-0.01105477,-2.210954,9.396554499999999,1.8793108999999997,cv
13.842639799928293,52,0.8499999999999999,-0.01150524,-2.301048,9.779453999999998,1.9558908,cv
13.854056399897672,52,0.8499999999999999,-0.01164679,-2.329358,9.8997715,1.9799542999999997,cv
13.865444199997,52,0.8499999999999999,-0.01157399,-2.3147979999999997,9.837891499999998,1.9675782999999993,cv
13.876868399907835,52,0.8499999999999999,-0.01142346,-2.284692,9.709940999999999,1.9419882,cv
13.888270699884742,52,0.8499999999999999,-0.0112247,-2.24494,9.540994999999999,1.9081989999999998,cv
13.899647099897265,52,0.8499999999999999,-0.01101272,-2.202544,9.360811999999997,1.8721623999999997,cv
13.911076399963349,52,0.8499999999999999,-0.01104453,-2.208906,9.387850499999999,1.8775700999999996,cv
13.922651599976234,52,0.8499999999999999,-0.0114924,-2.29848,9.76854,1.9537079999999998,cv
13.934241499984637,52,0.8499999999999999,-0.01164283,-2.328566,9.896405499999998,1.9792810999999997,cv
13.947291999938898,53,0.8399999999999999,-0.01148238,-2.296476,9.645199199999999,1.9290398399999997,cv
13.958825699985027,53,0.8399999999999999,-0.01125278,-2.250556,9.452335199999998,1.8904670399999997,cv
13.970267599914223,53,0.8399999999999999,-0.01106977,-2.213954,9.298606799999998,1.8597213599999998,cv
13.981720499927178,53,0.8399999999999999,-0.01135957,-2.2719139999999998,9.542038799999998,1.9084077599999996,cv
13.993212399887852,53,0.8399999999999999,-0.01172378,-2.344756,9.847975199999997,1.9695950399999995,cv
14.004687599954195,53,0.8399999999999999,-0.01174077,-2.348154,9.862246799999998,1.9724493599999997,cv
14.016138799954206,53,0.8399999999999999,-0.01160718,-2.321436,9.750031199999999,1.9500062399999996,cv
14.027588499942794,53,0.8399999999999999,-0.01142865,-2.28573,9.600066,1.9200131999999996,cv
14.038985699880868,53,0.8399999999999999,-0.0112094,-2.2418799999999997,9.415895999999998,1.8831791999999994,cv
14.050419799983501,53,0.8399999999999999,-0.01107979,-2.215958,9.307023599999999,1.8614047199999997,cv
14.061851999955252,53,0.8399999999999999,-0.01144951,-2.289902,9.617588399999999,1.9235176799999998,cv
14.07331579993479,53,0.8399999999999999,-0.01174246,-2.348492,9.863666399999998,1.9727332799999995,cv
14.084776099887677,53,0.8399999999999999,-0.01172989,-2.3459779999999997,9.853107599999998,1.9706215199999995,cv
14.096254599979147,53,0.8399999999999999,-0.011587,-2.3174,9.733079999999998,1.9466159999999997,cv
14.107693799887784,53,0.8399999999999999,-0.01139624,-2.279248,9.572841599999999,1.9145683199999997,cv
14.119128999882378,53,0.8399999999999999,-0.01117962,-2.235924,9.390880799999998,1.8781761599999995,cv
14.130611299886368,53,0.8399999999999999,-0.01111106,-2.222212,9.3332904,1.8666580799999997,cv
14.142068599932827,53,0.8399999999999999,-0.01154193,-2.308386,9.695221199999999,1.9390442399999996,cv
14.153530099894851,53,0.8399999999999999,-0.01176171,-2.3523419999999997,9.879836399999999,1.9759672799999994,cv
14.165089099900797,53,0.8399999999999999,-0.0117085,-2.3417000000000003,9.835139999999999,1.967028,cv
14.176588199916296,53,0.8399999999999999,-0.011547,-2.3094,9.699479999999998,1.9398959999999998,cv
14.189247599919327,54,0.8499999999999999,-0.0110397,-2.20794,9.383745,1.8767489999999996,cv
14.200634599896148,54,0.8499999999999999,-0.01101611,-2.2032220000000002,9.363693499999998,1.8727387,cv
14.212025599903427,54,0.8499999999999999,-0.01143929,-2.287858,9.723396499999998,1.9446792999999996,cv
14.223420899943449,54,0.8499999999999999,-0.01164382,-2.328764,9.897246999999998,1.9794493999999998,cv
14.234833599999547,54,0.8499999999999999,-0.01159591,-2.319182,9.856523499999996,1.9713046999999997,cv
14.246264499961399,54,0.8499999999999999,-0.01145431,-2.290862,9.736163499999998,1.9472326999999998,cv
14.257713299943134,54,0.8499999999999999,-0.01125547,-2.251094,9.5671495,1.9134299,cv
14.269141500000842,54,0.8499999999999999,-0.01104657,-2.209314,9.3895845,1.8779168999999998,cv
14.280537199927494,54,0.8499999999999999,-0.01101558,-2.203116,9.363242999999999,1.8726485999999998,cv
14.291960599948652,54,0.8499999999999999,-0.01143045,-2.28609,9.715882499999998,1.9431764999999999,cv
14.303374499897473,54,0.8499999999999999,-0.01164313,-2.328626,9.896660499999998,1.9793320999999995,cv
14.314832199946977,54,0.8499999999999999,-0.01159372,-2.3187439999999997,9.854661999999998,1.9709323999999995,cv
14.326309199910611,54,0.8499999999999999,-0.01143632,-2.287264,9.720871999999998,1.9441743999999996,cv
14.337775699910708,54,0.8499999999999999,-0.01124617,-2.249234,9.559244499999998,1.9118488999999996,cv
14.349245499935932,54,0.8499999999999999,-0.01102178,-2.2043559999999998,9.368512999999998,1.8737025999999994,cv
14.36066399991978,54,0.8499999999999999,-0.01106501,-2.2130020000000004,9.405258499999999,1.8810517,cv
14.372040799935348,54,0.8499999999999999,-0.01148838,-2.297676,9.765122999999999,1.9530245999999998,cv
14.383686799905263,54,0.8499999999999999,-0.01165219,-2.330438,9.904361499999998,1.9808722999999997,cv
14.39545349997934,54,0.8499999999999999,-0.01154339,-2.308678,9.8118815,1.9623762999999996,cv
14.407031099894084,54,0.8499999999999999,-0.01133543,-2.267086,9.6351155,1.9270230999999995,cv
14.418669499922544,54,0.8499999999999999,-0.01111339,-2.222678,9.4463815,1.8892763,cv
14.431363499956205,55,0.8599999999999999,-0.01113699,-2.227398,9.577811399999998,1.9155622799999996,cv
14.442781299934722,55,0.8599999999999999,-0.01149057,-2.298114,9.881890199999999,1.9763780399999997,cv
14.454164699884132,55,0.8599999999999999,-0.0115039,-2.30078,9.893353999999999,1.9786707999999997,cv
14.465565199963748,55,0.8599999999999999,-0.01138723,-2.2774460000000003,9.793017799999998,1.95860356,cv
14.477003599982709,55,0.8599999999999999,-0.01121038,-2.242076,9.640926799999999,1.9281853599999996,cv
14.48843719996512,55,0.8599999999999999,-0.01099456,-2.198912,9.455321599999998,1.8910643199999997,cv
14.499823199934326,55,0.8599999999999999,-0.010829,-2.1658,9.31294,1.8625879999999997,cv
14.511240399908274,55,0.8599999999999999,-0.01114014,-2.228028,9.5805204,1.9161040799999998,cv
14.522684799972922,55,0.8599999999999999,-0.01148391,-2.296782,9.876162599999999,1.9752325199999996,cv
14.534089499968104,55,0.8599999999999999,-0.01149947,-2.2998939999999997,9.889544199999998,1.9779088399999993,cv
14.54553349991329,55,0.8599999999999999,-0.01138295,-2.2765899999999997,9.789336999999998,1.9578673999999994,cv
14.55699669988826,55,0.8599999999999999,-0.01119834,-2.239668,9.630572399999998,1.9261144799999996,cv
14.56841889990028,55,0.8599999999999999,-0.01098369,-2.1967380000000003,9.4459734,1.88919468,cv
14.579819399979897,55,0.8599999999999999,-0.01083748,-2.167496,9.320232799999998,1.8640465599999996,cv
14.591237399959937,55,0.8599999999999999,-0.0111716,-2.23432,9.607576,1.9215151999999995,cv
14.602654399932362,55,0.8599999999999999,-0.0114953,-2.29906,9.885957999999999,1.9771915999999996,cv
14.61404259991832,55,0.8599999999999999,-0.01150221,-2.300442,9.8919006,1.9783801199999995,cv
14.62548299995251,55,0.8599999999999999,-0.01138062,-2.276124,9.787333199999997,1.9574666399999996,cv
14.637060199980624,55,0.8599999999999999,-0.01119724,-2.2394480000000003,9.6296264,1.92592528,cv
14.648705899948254,55,0.8599999999999999,-0.01094189,-2.1883779999999997,9.410025399999997,1.8820050799999994,cv
14.660173399955966,55,0.8599999999999999,-0.01087791,-2.175582,9.355002599999999,1.8710005199999997,cv
14.673555599991232,56,0.8699999999999999,-0.01137264,-2.274528,9.894196799999998,1.9788393599999998,cv
14.684940799954347,56,0.8699999999999999,-0.0112839,-2.25678,9.816992999999998,1.9633985999999997,cv
14.696360599948093,56,0.8699999999999999,-0.01111676,-2.2233519999999998,9.671581199999999,1.9343162399999996,cv
14.707941199885681,56,0.8699999999999999,-0.01091752,-2.183504,9.498242399999999,1.8996484799999998,cv
14.719423699891195,56,0.8699999999999999,-0.01069026,-2.138052,9.300526199999998,1.8601052399999998,cv
14.730872199987061,56,0.8699999999999999,-0.01094399,-2.1887980000000002,9.5212713,1.9042542599999999,cv
14.742315899929963,56,0.8699999999999999,-0.01132786,-2.265572,9.8552382,1.9710476399999999,cv
14.753732699900866,56,0.8699999999999999,-0.01136045,-2.27209,9.883591499999998,1.9767182999999997,cv
14.765146399964578,56,0.8699999999999999,-0.01125011,-2.2500220000000004,9.787595699999999,1.95751914,cv
14.77658869989682,56,0.8699999999999999,-0.01107862,-2.2157240000000002,9.638399399999999,1.92767988,cv
14.788039299892262,56,0.8699999999999999,-0.01087409,-2.1748179999999997,9.460458299999999,1.8920916599999995,cv
14.799423999967985,56,0.8699999999999999,-0.01068606,-2.1372120000000003,9.2968722,1.85937444,cv
14.81081919989083,56,0.8699999999999999,-0.01095492,-2.190984,9.5307804,1.9061560799999997,cv
14.822321999934502,56,0.8699999999999999,-0.01132172,-2.2643440000000004,9.849896399999999,1.96997928,cv
14.83377369993832,56,0.8699999999999999,-0.01136066,-2.272132,9.8837742,1.9767548399999997,cv
14.845218799891882,56,0.8699999999999999,-0.0112372,-2.24744,9.776363999999997,1.9552728,cv
14.857133199926466,56,0.8699999999999999,-0.01105384,-2.2107680000000003,9.6168408,1.92336816,cv
14.869202099973336,56,0.8699999999999999,-0.01077748,-2.1554960000000003,9.376407599999999,1.87528152,cv
14.881248599966057,56,0.8699999999999999,-0.01106081,-2.212162,9.6229047,1.9245809399999998,cv
14.892936099902727,56,0.8699999999999999,-0.01136932,-2.273864,9.8913084,1.97826168,cv
14.904790599946864,56,0.8699999999999999,-0.01127193,-2.254386,9.806579099999999,1.9613158199999996,cv
14.917592199984938,57,0.8799999999999999,-0.01074938,-2.149876,9.459454399999997,1.8918908799999996,cv
14.929113799938932,57,0.8799999999999999,-0.01053194,-2.106388,9.2681072,1.8536214399999997,cv
14.940651399898343,57,0.8799999999999999,-0.01078032,-2.1560639999999998,9.486681599999997,1.8973363199999995,cv
14.95205259998329,57,0.8799999999999999,-0.01114974,-2.229948,9.811771199999999,1.9623542399999996,cv
14.96343879995402,57,0.8799999999999999,-0.01120609,-2.241218,9.861359199999999,1.9722718399999997,cv
14.97484129993245,57,0.8799999999999999,-0.01110106,-2.2202119999999996,9.768932799999998,1.9537865599999995,cv
14.986262599937618,57,0.8799999999999999,-0.01093265,-2.1865300000000003,9.620732,1.9241464000000001,cv
14.997666299925186,57,0.8799999999999999,-0.01073299,-2.146598,9.445031199999999,1.8890062399999998,cv
15.009137599961832,57,0.8799999999999999,-0.01053073,-2.106146,9.2670424,1.8534084799999997,cv
15.020595599897206,57,0.8799999999999999,-0.01077446,-2.154892,9.481524799999999,1.8963049599999997,cv
15.032015100005083,57,0.8799999999999999,-0.01115711,-2.231422,9.818256799999999,1.9636513599999996,cv
15.043455199920572,57,0.8799999999999999,-0.01120486,-2.240972,9.8602768,1.97205536,cv
15.054948000004515,57,0.8799999999999999,-0.01109279,-2.2185580000000003,9.761655199999998,1.95233104,cv
15.066361699951813,57,0.8799999999999999,-0.01090896,-2.181792,9.5998848,1.9199769599999998,cv
15.07779029989615,57,0.8799999999999999,-0.01070989,-2.141978,9.424703199999998,1.8849406399999997,cv
15.089212999911979,57,0.8799999999999999,-0.01052711,-2.105422,9.263856799999997,1.8527713599999998,cv
15.100642399978824,57,0.8799999999999999,-0.01082528,-2.165056,9.526246399999998,1.9052492799999996,cv
15.112056399928406,57,0.8799999999999999,-0.01117178,-2.234356,9.831166399999999,1.9662332799999998,cv
15.123485199990682,57,0.8799999999999999,-0.01120261,-2.240522,9.8582968,1.9716593599999996,cv
15.135045500006527,57,0.8799999999999999,-0.01108594,-2.217188,9.755627200000001,1.95112544,cv
15.146582099958323,57,0.8799999999999999,-0.01087449,-2.1748979999999998,9.5695512,1.9139102399999997,cv
15.159611799987033,58,0.8699999999999999,-0.01073119,-2.146238,9.336135299999999,1.8672270599999996,cv
15.17105789994821,58,0.8699999999999999,-0.01115996,-2.231992,9.709165199999997,1.9418330399999997,cv
15.182453299988993,58,0.8699999999999999,-0.01137404,-2.274808,9.8954148,1.97908296,cv
15.193878199905157,58,0.8699999999999999,-0.01132863,-2.265726,9.855908099999997,1.9711816199999996,cv
15.205336899962276,58,0.8699999999999999,-0.01118503,-2.237006,9.730976099999998,1.94619522,cv
15.216746399994008,58,0.8699999999999999,-0.01099511,-2.1990220000000003,9.565745699999999,1.91314914,cv
15.228189999936149,58,0.8699999999999999,-0.01078534,-2.1570679999999998,9.3832458,1.8766491599999995,cv
15.23960399988573,58,0.8699999999999999,-0.0107494,-2.14988,9.351977999999999,1.8703955999999997,cv
15.25100919988472,58,0.8699999999999999,-0.01115933,-2.231866,9.7086171,1.9417234199999998,cv
15.26241579989437,58,0.8699999999999999,-0.01137288,-2.274576,9.894405599999999,1.9788811199999998,cv
15.273854999919422,58,0.8699999999999999,-0.0113257,-2.2651399999999997,9.853358999999998,1.9706717999999994,cv
15.285290099913254,58,0.8699999999999999,-0.01117882,-2.235764,9.7255734,1.9451146799999999,cv
15.29672269988805,58,0.8699999999999999,-0.0109887,-2.19774,9.560168999999998,1.9120337999999997,cv
15.308169699972495,58,0.8699999999999999,-0.01078287,-2.156574,9.381096899999998,1.8762193799999998,cv
15.3196094998857,58,0.8699999999999999,-0.01074496,-2.148992,9.348115199999999,1.8696230399999996,cv
15.331012999988161,58,0.8699999999999999,-0.01118893,-2.237786,9.734369099999999,1.9468738199999995,cv
15.342467099893838,58,0.8699999999999999,-0.01137574,-2.275148,9.896893799999999,1.97937876,cv
15.353930999990553,58,0.8699999999999999,-0.01131328,-2.2626560000000002,9.842553599999999,1.9685107199999998,cv
15.365500499960035,58,0.8699999999999999,-0.0111644,-2.23288,9.713027999999998,1.9426055999999998,cv
15.377090899972245,58,0.8699999999999999,-0.01094114,-2.188228,9.518791799999999,1.9037583599999999,cv
15.38863639999181,58,0.8699999999999999,-0.01070491,-2.140982,9.313271699999998,1.86265434,cv
15.401753699989058,59,0.8599999999999999,-0.0114682,-2.29364,9.862651999999997,1.9725303999999997,cv
15.413571499986574,59,0.8599999999999999,-0.0114964,-2.29928,9.886903999999998,1.9773807999999997,cv
15.425253900000826,59,0.8599999999999999,-0.01134158,-2.268316,9.7537588,1.9507517599999997,cv
15.43671469995752,59,0.8599999999999999,-0.01111484,-2.2229680000000003,9.558762399999999,1.9117524799999999,cv
15.448025399935432,59,0.8599999999999999,-0.01091497,-2.182994,9.386874199999998,1.8773748399999997,cv
15.459354599937797,59,0.8599999999999999,-0.01086954,-2.173908,9.3478044,1.8695608799999996,cv
15.470867799944244,59,0.8599999999999999,-0.01129041,-2.2580820000000004,9.7097526,1.94195052,cv
15.482320599956438,59,0.8599999999999999,-0.01151851,-2.303702,9.905918599999998,1.9811837199999995,cv
15.493726499960758,59,0.8599999999999999,-0.01145849,-2.291698,9.854301399999997,1.9708602799999995,cv
15.505116199958138,59,0.8599999999999999,-0.01131048,-2.262096,9.727012799999999,1.9454025599999998,cv
15.516529299900867,59,0.8599999999999999,-0.01112536,-2.225072,9.567809599999999,1.9135619199999996,cv
15.528023599996231,59,0.8599999999999999,-0.01091288,-2.182576,9.385076799999998,1.8770153599999997,cv
15.539528199937195,59,0.8599999999999999,-0.01091624,-2.183248,9.3879664,1.8775932799999997,cv
15.551418699906208,59,0.8599999999999999,-0.0113756,-2.2751200000000003,9.783015999999998,1.9566032,cv
15.562862999970093,59,0.8599999999999999,-0.01150931,-2.301862,9.898006599999999,1.9796013199999996,cv
15.57432049990166,59,0.8599999999999999,-0.011399,-2.2798,9.803139999999999,1.9606279999999996,cv
15.585793899954297,59,0.8599999999999999,-0.01121976,-2.243952,9.648993599999999,1.92979872,cv
15.59723039995879,59,0.8599999999999999,-0.01101005,-2.20201,9.468642999999998,1.8937285999999998,cv
15.608651799964719,59,0.8599999999999999,-0.01082611,-2.165222,9.310454599999998,1.8620909199999998,cv
15.62028139992617,59,0.8599999999999999,-0.01109798,-2.219596,9.544262799999998,1.90885256,cv
15.632515199948102,59,0.8599999999999999,-0.01151924,-2.303848,9.906546399999998,1.9813092799999996,cv
15.646158899879083,60,0.8499999999999999,-0.01130838,-2.261676,9.612122999999999,1.9224245999999998,cv
15.658058799919672,60,0.8499999999999999,-0.01100871,-2.201742,9.357403499999998,1.8714806999999996,cv
15.669525699922815,60,0.8499999999999999,-0.0110697,-2.21394,9.409244999999999,1.8818489999999997,cv
15.680996499955654,60,0.8499999999999999,-0.0115167,-2.30334,9.789195,1.9578389999999997,cv
15.692498799879104,60,0.8499999999999999,-0.01164371,-2.328742,9.897153499999998,1.9794306999999998,cv
15.703955099917948,60,0.8499999999999999,-0.01155455,-2.3109100000000002,9.8213675,1.9642735,cv
15.715406699921004,60,0.8499999999999999,-0.01137754,-2.275508,9.670908999999998,1.9341817999999995,cv
15.726780399912968,60,0.8499999999999999,-0.01118073,-2.236146,9.503620499999998,1.9007241,cv
15.738169099902734,60,0.8499999999999999,-0.0109741,-2.19482,9.327984999999998,1.8655969999999997,cv
15.749622899922542,60,0.8499999999999999,-0.01110367,-2.2207339999999998,9.438119499999997,1.8876238999999995,cv
15.76104349992238,60,0.8499999999999999,-0.01154399,-2.3087980000000003,9.812391499999999,1.9624783,cv
15.77248599997256,60,0.8499999999999999,-0.01163831,-2.327662,9.8925635,1.9785126999999998,cv
15.783962999936193,60,0.8499999999999999,-0.01154164,-2.3083280000000004,9.810393999999999,1.9620788,cv
15.795374499983154,60,0.8499999999999999,-0.01137408,-2.274816,9.667967999999998,1.9335935999999996,cv
15.806772699928842,60,0.8499999999999999,-0.01117246,-2.2344920000000004,9.496590999999999,1.8993182,cv
15.81819879997056,60,0.8499999999999999,-0.01095562,-2.191124,9.312276999999998,1.8624553999999995,cv
15.829602999961935,60,0.8499999999999999,-0.01113136,-2.226272,9.461656,1.8923311999999994,cv
15.841012099990621,60,0.8499999999999999,-0.01154892,-2.309784,9.816581999999999,1.9633163999999999,cv
15.852523599984124,60,0.8499999999999999,-0.0116357,-2.32714,9.890344999999998,1.9780689999999996,cv
15.866052299970761,60,0.8499999999999999,-0.01151687,-2.3033740000000003,9.789339499999999,1.9578678999999999,cv
15.877540499903262,60,0.8499999999999999,-0.01104971,-2.2099420000000003,9.392253499999999,1.8784507,cv
15.890853299992159,61,0.8599999999999999,-0.01131671,-2.263342,9.7323706,1.94647412,cv
15.902266399934888,61,0.8599999999999999,-0.01150763,-2.301526,9.896561799999999,1.9793123599999998,cv
15.913715799921192,61,0.8599999999999999,-0.01141825,-2.28365,9.819694999999998,1.9639389999999999,cv
15.92511569999624,61,0.8599999999999999,-0.01125855,-2.25171,9.682352999999999,1.9364705999999998,cv
15.936668199952692,61,0.8599999999999999,-0.0110361,-2.20722,9.491045999999999,1.8982091999999997,cv
15.948037499911152,61,0.8599999999999999,-0.01083407,-2.1668139999999996,9.317300199999998,1.8634600399999994,cv
15.959442699910142,61,0.8599999999999999,-0.01100189,-2.2003779999999997,9.461625399999999,1.8923250799999995,cv
15.97086959995795,61,0.8599999999999999,-0.01140928,-2.2818560000000003,9.8119808,1.96239616,cv
15.982358999899589,61,0.8599999999999999,-0.01150745,-2.3014900000000003,9.896407,1.9792813999999999,cv
15.993799799936824,61,0.8599999999999999,-0.01140113,-2.280226,9.804971799999999,1.9609943599999995,cv
16.00518569990527,61,0.8599999999999999,-0.01123615,-2.24723,9.663089,1.9326177999999998,cv
16.016618499998003,61,0.8599999999999999,-0.01103697,-2.207394,9.4917942,1.8983588399999995,cv
16.02804219990503,61,0.8599999999999999,-0.01082977,-2.165954,9.3136022,1.86272044,cv
16.039445599890314,61,0.8599999999999999,-0.01101976,-2.203952,9.476993599999998,1.8953987199999998,cv
16.05091029999312,61,0.8599999999999999,-0.01142736,-2.2854719999999995,9.827529599999997,1.9655059199999994,cv
16.062316799885593,61,0.8599999999999999,-0.01150053,-2.300106,9.890455799999998,1.9780911599999997,cv
16.073689999990165,61,0.8599999999999999,-0.01140341,-2.2806819999999997,9.806932599999998,1.9613865199999994,cv
16.085098299896345,61,0.8599999999999999,-0.01124447,-2.248894,9.670244199999999,1.9340488399999998,cv
16.09649099991657,61,0.8599999999999999,-0.01104662,-2.209324,9.500093199999998,1.9000186399999999,cv
16.108072599978186,61,0.8599999999999999,-0.01083023,-2.166046,9.313997799999997,1.8627995599999998,cv
16.119711299892515,61,0.8599999999999999,-0.01108879,-2.217758,9.536359399999998,1.9072718799999997,cv
16.13286769995466,62,0.8699999999999999,-0.01133392,-2.2667840000000004,9.860510399999999,1.97210208,cv
16.144346299930476,62,0.8699999999999999,-0.01118904,-2.2378080000000002,9.7344648,1.94689296,cv
16.155773899983615,62,0.8699999999999999,-0.01100086,-2.200172,9.570748199999997,1.9141496399999995,cv
16.1671909999568,62,0.8699999999999999,-0.01079195,-2.15839,9.388996499999998,1.8777992999999995,cv
16.178621399914846,62,0.8699999999999999,-0.01071002,-2.142004,9.3177174,1.8635434799999997,cv
16.19005949993152,62,0.8699999999999999,-0.01113323,-2.2266459999999997,9.6859101,1.9371820199999994,cv
16.201468399958685,62,0.8699999999999999,-0.01135844,-2.271688,9.8818428,1.9763685599999998,cv
16.212912499904633,62,0.8699999999999999,-0.01131594,-2.263188,9.8448678,1.9689735599999998,cv
16.224316399893723,62,0.8699999999999999,-0.01117894,-2.2357880000000003,9.7256778,1.94513556,cv
16.235760899959132,62,0.8699999999999999,-0.01099649,-2.1992979999999998,9.566946299999998,1.9133892599999995,cv
16.247163399937563,62,0.8699999999999999,-0.01077888,-2.155776,9.377625599999998,1.8755251199999996,cv
16.258577499887906,62,0.8699999999999999,-0.01071653,-2.143306,9.323381099999999,1.8646762199999998,cv
16.27051219996065,62,0.8699999999999999,-0.01112171,-2.224342,9.675887699999999,1.9351775399999998,cv
16.281980699975975,62,0.8699999999999999,-0.01136107,-2.272214,9.884130899999997,1.9768261799999998,cv
16.29339499992784,62,0.8699999999999999,-0.01126325,-2.25265,9.7990275,1.9598054999999999,cv
16.30481219990179,62,0.8699999999999999,-0.01110797,-2.221594,9.6639339,1.9327867799999998,cv
16.31623219989706,62,0.8699999999999999,-0.01091118,-2.182236,9.492726599999997,1.8985453199999998,cv
16.327620299882255,62,0.8699999999999999,-0.01069478,-2.138956,9.304458599999997,1.8608917199999997,cv
16.33913329988718,62,0.8699999999999999,-0.01082663,-2.165326,9.419168099999998,1.8838336199999997,cv
16.350844799890183,62,0.8699999999999999,-0.01128965,-2.25793,9.821995499999998,1.9643990999999998,cv
16.36234449991025,62,0.8699999999999999,-0.01134938,-2.269876,9.873960599999998,1.9747921199999998,cv
16.375288699986413,63,0.8599999999999999,-0.01117736,-2.235472,9.612529599999998,1.9225059199999999,cv
16.386672999942675,63,0.8599999999999999,-0.01097428,-2.194856,9.437880799999999,1.8875761599999998,cv
16.398029299918562,63,0.8599999999999999,-0.01081435,-2.1628700000000003,9.300340999999998,1.8600682,cv
16.409462199895643,63,0.8599999999999999,-0.01111471,-2.222942,9.558650599999998,1.9117301199999999,cv
16.420889399945736,63,0.8599999999999999,-0.01146418,-2.292836,9.8591948,1.9718389599999997,cv
16.43228559999261,63,0.8599999999999999,-0.01147923,-2.295846,9.872137799999997,1.9744275599999999,cv
16.443709699902683,63,0.8599999999999999,-0.01136107,-2.272214,9.770520199999996,1.9541040399999996,cv
16.455092699965462,63,0.8599999999999999,-0.01118562,-2.237124,9.619633199999997,1.92392664,cv
16.466514299972914,63,0.8599999999999999,-0.01098534,-2.197068,9.447392399999998,1.8894784799999995,cv
16.477874099975452,63,0.8599999999999999,-0.01080557,-2.1611140000000004,9.292790199999999,1.8585580400000001,cv
16.489394299918786,63,0.8599999999999999,-0.0110858,-2.21716,9.533787999999998,1.9067575999999995,cv
16.500779799884185,63,0.8599999999999999,-0.01146393,-2.2927860000000004,9.858979799999998,1.9717959600000001,cv
16.51216459996067,63,0.8599999999999999,-0.01148261,-2.2965220000000004,9.875044599999999,1.97500892,cv
16.52358259994071,63,0.8599999999999999,-0.01136729,-2.273458,9.7758694,1.9551738799999998,cv
16.535145599977113,63,0.8599999999999999,-0.01118795,-2.23759,9.621636999999998,1.9243273999999997,cv
16.54671389993746,63,0.8599999999999999,-0.01094898,-2.1897960000000003,9.4161228,1.88322456,cv
16.558112699887715,63,0.8599999999999999,-0.01082737,-2.165474,9.3115382,1.8623076399999998,cv
16.569687399896793,63,0.8599999999999999,-0.01120337,-2.2406740000000003,9.634898199999999,1.9269796399999999,cv
16.581366099999286,63,0.8599999999999999,-0.01149204,-2.298408,9.883154399999999,1.9766308799999994,cv
16.593425399973057,63,0.8599999999999999,-0.01141592,-2.283184,9.817691199999997,1.9635382399999997,cv
16.605772299924865,63,0.8599999999999999,-0.01109018,-2.218036,9.537554799999999,1.9075109599999998,cv
16.618866899982095,64,0.8699999999999999,-0.01083139,-2.1662779999999997,9.423309299999998,1.8846618599999996,cv
16.630366399884224,64,0.8699999999999999,-0.01126483,-2.252966,9.8004021,1.9600804199999995,cv
16.641872599953786,64,0.8699999999999999,-0.01134847,-2.269694,9.873168899999998,1.9746337799999996,cv
16.653306599939242,64,0.8699999999999999,-0.0112332,-2.24664,9.772884,1.9545768,cv
16.664698399952613,64,0.8699999999999999,-0.01107011,-2.214022,9.630995699999998,1.9261991399999996,cv
16.67612239997834,64,0.8699999999999999,-0.01086907,-2.1738139999999997,9.456090899999998,1.8912181799999994,cv
16.687522999942303,64,0.8699999999999999,-0.01067006,-2.134012,9.2829522,1.8565904399999995,cv
16.698952399892733,64,0.8699999999999999,-0.01089001,-2.178002,9.4743087,1.8948617399999999,cv
16.71040949993767,64,0.8699999999999999,-0.01128448,-2.2568960000000002,9.8174976,1.96349952,cv
16.72182819992304,64,0.8699999999999999,-0.01134385,-2.2687700000000004,9.869149499999999,1.9738299000000001,cv
16.73330709990114,64,0.8699999999999999,-0.01122808,-2.245616,9.768429599999997,1.9536859199999999,cv
16.744743599905632,64,0.8699999999999999,-0.01105209,-2.2104179999999998,9.6153183,1.9230636599999995,cv
16.75616569991689,64,0.8699999999999999,-0.01084911,-2.169822,9.438725699999999,1.8877451399999996,cv
16.767579399980605,64,0.8699999999999999,-0.01065902,-2.131804,9.273347399999999,1.8546694799999996,cv
16.77899369993247,64,0.8699999999999999,-0.01092663,-2.185326,9.506168099999998,1.9012336199999997,cv
16.790401799953543,64,0.8699999999999999,-0.01129205,-2.25841,9.824083499999999,1.9648166999999999,cv
16.801788799930364,64,0.8699999999999999,-0.01133399,-2.266798,9.860571299999998,1.97211426,cv
16.813238599919714,64,0.8699999999999999,-0.01122552,-2.245104,9.766202399999997,1.9532404799999998,cv
16.824957699980587,64,0.8699999999999999,-0.01103254,-2.2065080000000004,9.5983098,1.91966196,cv
16.836508099921048,64,0.8699999999999999,-0.01078287,-2.156574,9.381096899999998,1.8762193799999998,cv
16.847963899956085,64,0.8699999999999999,-0.0106874,-2.13748,9.298037999999998,1.8596075999999997,cv
16.861083999974653,65,0.8599999999999999,-0.01149058,-2.298116,9.881898799999998,1.9763797599999995,cv
16.872480499907397,65,0.8599999999999999,-0.01142813,-2.2856259999999997,9.828191799999999,1.9656383599999994,cv
16.883847199962474,65,0.8599999999999999,-0.01128519,-2.257038,9.705263399999998,1.9410526799999999,cv
16.895260499906726,65,0.8599999999999999,-0.01109327,-2.218654,9.5402122,1.9080424399999996,cv
16.906713799922727,65,0.8599999999999999,-0.01087901,-2.175802,9.355948599999998,1.8711897199999998,cv
16.918828999972902,65,0.8599999999999999,-0.01086746,-2.1734920000000004,9.346015599999998,1.86920312,cv
16.930265499977395,65,0.8599999999999999,-0.01143265,-2.28653,9.832078999999998,1.9664157999999996,cv
16.941646099905483,65,0.8599999999999999,-0.01147825,-2.29565,9.871294999999998,1.974259,cv
16.95302539994009,65,0.8599999999999999,-0.01137072,-2.274144,9.7788192,1.95576384,cv
16.964437099988572,65,0.8599999999999999,-0.01120201,-2.240402,9.6337286,1.9267457199999998,cv
16.976180199882947,65,0.8599999999999999,-0.01100121,-2.2002420000000003,9.4610406,1.89220812,cv
16.987622799933888,65,0.8599999999999999,-0.01080377,-2.160754,9.2912422,1.8582484399999997,cv
16.999090799945407,65,0.8599999999999999,-0.01117481,-2.2349620000000003,9.610336599999998,1.92206732,cv
17.010477599920705,65,0.8599999999999999,-0.01146081,-2.2921620000000003,9.856296599999999,1.97125932,cv
17.02187519997824,65,0.8599999999999999,-0.01145557,-2.291114,9.851790199999998,1.9703580399999996,cv
17.03333979996387,65,0.8599999999999999,-0.01133053,-2.2661059999999997,9.7442558,1.9488511599999996,cv
17.04509019991383,65,0.8599999999999999,-0.01114386,-2.228772,9.583719599999998,1.9167439199999998,cv
17.05665239994414,65,0.8599999999999999,-0.0108629,-2.17258,9.342094,1.8684187999999997,cv
17.069162799976766,65,0.8599999999999999,-0.01087628,-2.175256,9.353600799999999,1.8707201599999999,cv
17.080764399957843,65,0.8599999999999999,-0.01147156,-2.294312,9.8655416,1.97310832,cv
17.095141499885358,65,0.8599999999999999,-0.01110599,-2.2211980000000002,9.551151399999997,1.91023028,cv
17.108509100042284,66,0.8499999999999999,-0.01104726,-2.2094519999999997,9.390170999999997,1.8780341999999994,cv
17.12408239999786,66,0.8499999999999999,-0.0114572,-2.29144,9.73862,1.9477239999999998,cv
17.13617610000074,66,0.8499999999999999,-0.01113748,-2.227496,9.466857999999998,1.8933715999999996,cv
17.14937130000908,66,0.8499999999999999,-0.01138991,-2.277982,9.681423499999998,1.9362846999999999,cv
17.160895899985917,66,0.8499999999999999,-0.01160887,-2.321774,9.8675395,1.9735078999999998,cv
17.17703000002075,66,0.8499999999999999,-0.0115353,-2.30706,9.805004999999998,1.9610009999999996,cv
17.19028400001116,66,0.8499999999999999,-0.01153484,-2.306968,9.804613999999997,1.9609227999999996,cv
17.201931299990974,66,0.8499999999999999,-0.01157904,-2.315808,9.842183999999998,1.9684367999999999,cv
17.2135905000614,66,0.8499999999999999,-0.01139905,-2.2798100000000003,9.689192499999999,1.9378385,cv
17.224989800015464,66,0.8499999999999999,-0.01121331,-2.242662,9.5313135,1.9062626999999999,cv
17.236602800083347,66,0.8499999999999999,-0.01099772,-2.1995440000000004,9.348061999999999,1.8696124,cv
17.248026599991135,66,0.8499999999999999,-0.01102702,-2.205404,9.372967,1.8745933999999997,cv
17.25948160002008,66,0.8499999999999999,-0.01147424,-2.294848,9.753103999999999,1.9506207999999996,cv
17.270962900016457,66,0.8499999999999999,-0.01160648,-2.3212960000000002,9.865507999999998,1.9731016,cv
17.28272590006236,66,0.8499999999999999,-0.01148942,-2.2978840000000003,9.766006999999998,1.9532014,cv
17.294110300019383,66,0.8499999999999999,-0.01132343,-2.264686,9.624915499999998,1.9249831,cv
17.305488600046374,66,0.8499999999999999,-0.0111217,-2.22434,9.453444999999999,1.8906889999999998,cv
17.317504500038922,66,0.8499999999999999,-0.01092235,-2.18447,9.283997499999998,1.8567994999999997,cv
17.32910690002609,66,0.8499999999999999,-0.01136863,-2.273726,9.663335499999999,1.9326670999999995,cv
17.34067820000928,66,0.8499999999999999,-0.01160259,-2.320518,9.862201499999998,1.9724402999999995,cv
17.352146700024605,66,0.8499999999999999,-0.01153559,-2.307118,9.805251499999999,1.9610502999999997,cv
17.365084399934858,67,0.8399999999999999,-0.01129525,-2.25905,9.488009999999997,1.8976019999999996,cv
17.37648429989349,67,0.8399999999999999,-0.01107142,-2.214284,9.299992799999998,1.8599985599999997,cv
17.3878573999973,67,0.8399999999999999,-0.01113146,-2.226292,9.350426399999998,1.8700852799999996,cv
17.39927979989443,67,0.8399999999999999,-0.0115595,-2.3119,9.709979999999998,1.9419959999999998,cv
17.4107054999331,67,0.8399999999999999,-0.01171797,-2.343594,9.8430948,1.9686189599999997,cv
17.422250099945813,67,0.8399999999999999,-0.01164778,-2.3295559999999997,9.784135199999998,1.9568270399999994,cv
17.43376109993551,67,0.8399999999999999,-0.0114636,-2.29272,9.629423999999997,1.9258847999999997,cv
17.445254299906082,67,0.8399999999999999,-0.01125628,-2.251256,9.455275199999999,1.89105504,cv
17.45666829997208,67,0.8399999999999999,-0.01103953,-2.2079060000000004,9.2732052,1.85464104,cv
17.46892269991804,67,0.8399999999999999,-0.01120527,-2.241054,9.412426799999999,1.8824853599999998,cv
17.482045899960212,67,0.8399999999999999,-0.01171355,-2.34271,9.839381999999997,1.9678763999999995,cv
17.494609899935313,67,0.8399999999999999,-0.01142027,-2.2840540000000003,9.593026799999997,1.91860536,cv
17.508341099950485,67,0.8399999999999999,-0.01112694,-2.2253879999999997,9.346629599999998,1.8693259199999994,cv
17.571316199959256,67,0.8399999999999999,-0.01170709,-2.341418,9.833955599999998,1.9667911199999997,cv
17.604310099966824,67,0.8399999999999999,-0.0115103,-2.30206,9.668651999999998,1.9337303999999997,cv
17.616153899929486,67,0.8399999999999999,-0.01110995,-2.22199,9.332358,1.8664715999999997,cv
17.627613899996504,67,0.8399999999999999,-0.01110372,-2.220744,9.327124799999998,1.8654249599999995,cv
17.63914419990033,67,0.8399999999999999,-0.01157764,-2.315528,9.725217599999999,1.9450435199999998,cv
17.65060429996811,67,0.8399999999999999,-0.01171151,-2.3423019999999997,9.837668399999998,1.9675336799999994,cv
17.662053199950606,67,0.8399999999999999,-0.01162346,-2.3246919999999998,9.763706399999998,1.9527412799999995,cv
17.67349629988894,67,0.8399999999999999,-0.01145435,-2.29087,9.621653999999998,1.9243307999999997,cv
17.68634079990443,68,0.8499999999999999,-0.01092462,-2.1849239999999996,9.285926999999997,1.8571853999999994,cv
17.699528299970552,68,0.8499999999999999,-0.01103684,-2.2073679999999998,9.381313999999998,1.8762627999999995,cv
17.710973299923353,68,0.8499999999999999,-0.01158393,-2.3167859999999996,9.846340499999998,1.9692680999999994,cv
17.72335009998642,68,0.8499999999999999,-0.0114729,-2.29458,9.751964999999998,1.9503929999999996,cv
17.73515659989789,68,0.8499999999999999,-0.0111117,-2.22234,9.444944999999999,1.8889889999999996,cv
17.746625699917786,68,0.8499999999999999,-0.01090617,-2.181234,9.270244499999999,1.8540488999999996,cv
17.758048599935137,68,0.8499999999999999,-0.01111433,-2.2228660000000002,9.4471805,1.8894361,cv
17.770445399917662,68,0.8499999999999999,-0.01156764,-2.3135280000000003,9.832493999999999,1.9664987999999999,cv
17.78333649993874,68,0.8499999999999999,-0.01148337,-2.296674,9.760864499999999,1.9521728999999997,cv
17.79496129998006,68,0.8499999999999999,-0.01115276,-2.230552,9.479845999999998,1.8959691999999997,cv
17.806503999978304,68,0.8499999999999999,-0.01091054,-2.182108,9.273958999999998,1.8547917999999997,cv
17.81809129996691,68,0.8499999999999999,-0.01114236,-2.228472,9.471006,1.8942011999999997,cv
17.829593299888074,68,0.8499999999999999,-0.01155376,-2.310752,9.820695999999998,1.9641391999999995,cv
17.841008999967016,68,0.8499999999999999,-0.01157236,-2.314472,9.836505999999998,1.9673011999999996,cv
17.852444399963133,68,0.8499999999999999,-0.01144791,-2.2895820000000002,9.730723499999998,1.9461446999999998,cv
17.8638925999403,68,0.8499999999999999,-0.01126751,-2.253502,9.577383499999998,1.9154766999999997,cv
17.87555319990497,68,0.8499999999999999,-0.01106569,-2.213138,9.4058365,1.8811672999999995,cv
17.887026499956846,68,0.8499999999999999,-0.01093794,-2.187588,9.297248999999999,1.8594497999999995,cv
17.900440899888054,68,0.8499999999999999,-0.01134148,-2.268296,9.640257999999998,1.9280515999999996,cv
17.91274269996211,68,0.8499999999999999,-0.01149071,-2.298142,9.767103499999997,1.9534206999999997,cv
17.925259599927813,68,0.8499999999999999,-0.01109822,-2.219644,9.433487,1.8866973999999999,cv
17.93856679997407,69,0.8399999999999999,-0.01150658,-2.3013160000000004,9.6655272,1.93310544,cv
17.949939799960703,69,0.8399999999999999,-0.01170031,-2.340062,9.828260399999998,1.9656520799999997,cv
17.961404799949378,69,0.8399999999999999,-0.01164953,-2.3299060000000003,9.7856052,1.9571210399999999,cv
17.97283149987925,69,0.8399999999999999,-0.01150007,-2.300014,9.660058799999998,1.9320117599999997,cv
17.98427629994694,69,0.8399999999999999,-0.01131943,-2.2638860000000003,9.5083212,1.90166424,cv
17.995719399885274,69,0.8399999999999999,-0.0111004,-2.2200800000000003,9.324335999999999,1.8648672,cv
18.00705009989906,69,0.8399999999999999,-0.0110667,-2.21334,9.296028,1.8592055999999997,cv
18.018413699930534,69,0.8399999999999999,-0.01148948,-2.297896,9.651163199999997,1.9302326399999998,cv
18.029803499928676,69,0.8399999999999999,-0.01169854,-2.339708,9.826773599999997,1.9653547199999997,cv
18.041229199967347,69,0.8399999999999999,-0.01166033,-2.332066,9.794677199999999,1.9589354399999999,cv
18.052614599931985,69,0.8399999999999999,-0.01151791,-2.3035819999999996,9.675044399999997,1.9350088799999994,cv
18.064069899963215,69,0.8399999999999999,-0.01133891,-2.267782,9.524684399999998,1.9049368799999997,cv
18.076746999868192,69,0.8399999999999999,-0.01107431,-2.214862,9.302420399999999,1.8604840799999998,cv
18.088095599901862,69,0.8399999999999999,-0.01139979,-2.2799579999999997,9.575823599999998,1.9151647199999995,cv
18.099536999943666,69,0.8399999999999999,-0.01168185,-2.33637,9.812753999999998,1.9625507999999998,cv
18.110942899947986,69,0.8399999999999999,-0.01166731,-2.333462,9.8005404,1.9601080799999997,cv
18.12236609996762,69,0.8399999999999999,-0.01154245,-2.30849,9.695657999999998,1.9391315999999996,cv
18.13386419985909,69,0.8399999999999999,-0.01135873,-2.271746,9.541333199999999,1.9082666399999995,cv
18.145372899947688,69,0.8399999999999999,-0.01113967,-2.2279340000000003,9.3573228,1.87146456,cv
18.15690129995346,69,0.8399999999999999,-0.01104447,-2.208894,9.277354799999998,1.8554709599999997,cv
18.169314799946733,69,0.8399999999999999,-0.01150088,-2.300176,9.660739199999998,1.9321478399999996,cv
18.183316600043327,70,0.8299999999999998,-0.01154234,-2.308468,9.5801422,1.9160284399999996,cv
18.2430188000435,70,0.8299999999999998,-0.01123004,-2.2460080000000002,9.320933199999999,1.8641866399999998,cv
18.26079980004579,70,0.8299999999999998,-0.01133601,-2.267202,9.4088883,1.8817776599999998,cv
18.272154600010253,70,0.8299999999999998,-0.01163998,-2.3279959999999997,9.661183399999997,1.9322366799999995,cv
18.296260399976745,70,0.8299999999999998,-0.01146419,-2.292838,9.5152777,1.9030555399999998,cv
18.310023199999705,70,0.8299999999999998,-0.01179756,-2.359512,9.791974799999998,1.9583949599999997,cv
18.321510300040245,70,0.8299999999999998,-0.01170756,-2.3415120000000003,9.717274799999998,1.94345496,cv
18.333028999972157,70,0.8299999999999998,-0.01155026,-2.3100519999999998,9.586715799999997,1.9173431599999995,cv
18.34450910007581,70,0.8299999999999998,-0.01131926,-2.263852,9.394985799999999,1.8789971599999997,cv
18.3559518000111,70,0.8299999999999998,-0.01111449,-2.222898,9.225026699999997,1.8450053399999995,cv
18.367598699987866,70,0.8299999999999998,-0.01132671,-2.265342,9.401169299999998,1.8802338599999997,cv
18.379328400013037,70,0.8299999999999998,-0.01178201,-2.356402,9.779068299999999,1.9558136599999998,cv
18.39138200005982,70,0.8299999999999998,-0.01176444,-2.3528879999999996,9.764485199999998,1.9528970399999994,cv
18.406045200070366,70,0.8299999999999998,-0.01117277,-2.234554,9.273399099999997,1.8546798199999999,cv
18.418125699972734,70,0.8299999999999998,-0.01151105,-2.30221,9.554171499999999,1.9108342999999997,cv
18.429926000069827,70,0.8299999999999998,-0.01179357,-2.358714,9.788663099999997,1.9577326199999996,cv
18.44432070001494,70,0.8299999999999998,-0.01137549,-2.2750980000000003,9.4416567,1.88833134,cv
18.456105899997056,70,0.8299999999999998,-0.01110531,-2.221062,9.2174073,1.8434814599999996,cv
18.467730700038373,70,0.8299999999999998,-0.01141487,-2.2829740000000003,9.474342099999998,1.8948684199999999,cv
18.47943559999112,70,0.8299999999999998,-0.01178599,-2.357198,9.782371699999999,1.9564743399999995,cv
18.49104710004758,70,0.8299999999999998,-0.01172289,-2.344578,9.729998699999998,1.9459997399999995,cv
18.503774799988605,71,0.8399999999999999,-0.01129954,-2.2599080000000002,9.491613599999999,1.89832272,cv
18.51525529997889,71,0.8399999999999999,-0.01107913,-2.215826,9.306469199999999,1.8612938399999996,cv
18.526808699942194,71,0.8399999999999999,-0.0110753,-2.2150600000000003,9.303251999999999,1.8606504,cv
18.541692999890074,71,0.8399999999999999,-0.0115948,-2.31896,9.739631999999999,1.9479263999999998,cv
18.5541399999056,71,0.8399999999999999,-0.01123487,-2.246974,9.437290799999998,1.8874581599999996,cv
18.566141999908723,71,0.8399999999999999,-0.01102499,-2.2049980000000002,9.260991599999999,1.8521983199999998,cv
18.57756129989866,71,0.8399999999999999,-0.01136584,-2.273168,9.547305599999998,1.9094611199999998,cv
18.5889456999721,71,0.8399999999999999,-0.01165637,-2.3312739999999996,9.791350799999998,1.9582701599999994,cv
18.60037849994842,71,0.8399999999999999,-0.01166737,-2.333474,9.800590799999998,1.9601181599999995,cv
18.611906199948862,71,0.8399999999999999,-0.01152542,-2.305084,9.681352799999997,1.9362705599999996,cv
18.623363299993798,71,0.8399999999999999,-0.01134346,-2.268692,9.528506399999998,1.9057012799999997,cv
18.634921099990606,71,0.8399999999999999,-0.01113053,-2.226106,9.349645199999998,1.8699290399999997,cv
18.64671219990123,71,0.8399999999999999,-0.01109594,-2.219188,9.320589599999998,1.8641179199999995,cv
18.658200999954715,71,0.8399999999999999,-0.01155177,-2.310354,9.703486799999997,1.9406973599999995,cv
18.669865699950606,71,0.8399999999999999,-0.01168615,-2.33723,9.816365999999999,1.9632731999999995,cv
18.681418199907057,71,0.8399999999999999,-0.01157544,-2.315088,9.723369599999998,1.9446739199999996,cv
18.693420099909417,71,0.8399999999999999,-0.01139061,-2.278122,9.568112399999999,1.91362248,cv
18.70654589997139,71,0.8399999999999999,-0.01105651,-2.2113020000000003,9.287468399999998,1.85749368,cv
18.72148179996293,71,0.8399999999999999,-0.01159438,-2.318876,9.739279199999997,1.9478558399999997,cv
18.73444719996769,71,0.8399999999999999,-0.01120448,-2.2408959999999998,9.411763199999998,1.8823526399999995,cv
18.765425999998115,71,0.8399999999999999,-0.01101741,-2.203482,9.254624399999997,1.8509248799999998,cv
18.781126699992456,72,0.8299999999999998,-0.0117774,-2.35548,9.775241999999999,1.9550483999999997,cv
18.79371859994717,72,0.8299999999999998,-0.01149326,-2.2986519999999997,9.539405799999997,1.9078811599999994,cv
18.807185599929653,72,0.8299999999999998,-0.01130553,-2.261106,9.383589899999997,1.8767179799999996,cv
18.81873779988382,72,0.8299999999999998,-0.01175175,-2.3503499999999997,9.753952499999997,1.9507904999999994,cv
18.830242999945767,72,0.8299999999999998,-0.01175432,-2.350864,9.756085599999999,1.9512171199999997,cv
18.841634799959138,72,0.8299999999999998,-0.01162335,-2.32467,9.647380499999997,1.9294760999999996,cv
18.853114999947138,72,0.8299999999999998,-0.01144779,-2.289558,9.501665699999998,1.9003331399999996,cv
18.864831599988975,72,0.8299999999999998,-0.01122592,-2.245184,9.317513599999998,1.8635027199999996,cv
18.87660779990256,72,0.8299999999999998,-0.01122695,-2.2453899999999996,9.318368499999998,1.8636736999999992,cv
18.887993399985135,72,0.8299999999999998,-0.01164434,-2.328868,9.664802199999997,1.9329604399999996,cv
18.899435099912807,72,0.8299999999999998,-0.01177978,-2.355956,9.777217399999998,1.9554434799999996,cv
18.910864099976607,72,0.8299999999999998,-0.01169139,-2.338278,9.703853699999998,1.9407707399999996,cv
18.922290099901147,72,0.8299999999999998,-0.01154118,-2.308236,9.5791794,1.9158358799999997,cv
18.933971499907784,72,0.8299999999999998,-0.01133728,-2.267456,9.409942399999998,1.8819884799999997,cv
18.945717399939895,72,0.8299999999999998,-0.01109494,-2.218988,9.208800199999997,1.8417600399999996,cv
18.958327299915254,72,0.8299999999999998,-0.01171459,-2.342918,9.723109699999998,1.9446219399999998,cv
18.96974639990367,72,0.8299999999999998,-0.01176664,-2.3533280000000003,9.766311199999999,1.95326224,cv
18.98112749995198,72,0.8299999999999998,-0.0116661,-2.33322,9.682862999999998,1.9365725999999994,cv
18.9929858999094,72,0.8299999999999998,-0.01149047,-2.298094,9.537090099999997,1.9074180199999995,cv
19.004954099887982,72,0.8299999999999998,-0.01116352,-2.232704,9.2657216,1.8531443199999997,cv
19.01649699988775,72,0.8299999999999998,-0.01122651,-2.245302,9.318003299999999,1.8636006599999997,cv
19.032613099901937,73,0.8199999999999998,-0.01186742,-2.373484,9.731284399999998,1.9462568799999995,cv
19.04423059988767,73,0.8199999999999998,-0.01136326,-2.272652,9.317873199999998,1.8635746399999995,cv
19.055703799938783,73,0.8199999999999998,-0.01118818,-2.237636,9.174307599999999,1.8348615199999998,cv
19.06882859999314,73,0.8199999999999998,-0.01153441,-2.306882,9.458216199999997,1.8916432399999996,cv
19.08096219995059,73,0.8199999999999998,-0.01176915,-2.3538300000000003,9.650702999999998,1.9301405999999999,cv
19.09249449998606,73,0.8199999999999998,-0.01157757,-2.315514,9.493607399999998,1.8987214799999994,cv
19.103977199993096,73,0.8199999999999998,-0.01137794,-2.275588,9.329910799999997,1.8659821599999995,cv
19.11570889991708,73,0.8199999999999998,-0.01117393,-2.234786,9.162622599999999,1.8325245199999998,cv
19.127859399886802,73,0.8199999999999998,-0.01167669,-2.335338,9.574885799999999,1.9149771599999998,cv
19.139229999971576,73,0.8199999999999998,-0.01186074,-2.372148,9.725806799999999,1.9451613599999997,cv
19.150621699984185,73,0.8199999999999998,-0.01177369,-2.354738,9.654425799999999,1.9308851599999999,cv
19.162107699899934,73,0.8199999999999998,-0.01161877,-2.323754,9.527391399999997,1.9054782799999996,cv
19.1737408998888,73,0.8199999999999998,-0.01138083,-2.276166,9.332280599999997,1.8664561199999996,cv
19.18517999991309,73,0.8199999999999998,-0.01118124,-2.2362480000000002,9.168616799999997,1.8337233599999998,cv
19.196628299891017,73,0.8199999999999998,-0.01139068,-2.278136,9.340357599999997,1.8680715199999995,cv
19.207982899970375,73,0.8199999999999998,-0.01177525,-2.35505,9.655704999999998,1.9311409999999996,cv
19.21942829992622,73,0.8199999999999998,-0.01185555,-2.37111,9.721550999999998,1.9443101999999994,cv
19.23290519998409,73,0.8199999999999998,-0.01174141,-2.348282,9.6279562,1.9255912399999997,cv
19.244542299886234,73,0.8199999999999998,-0.01125471,-2.2509419999999998,9.228862199999998,1.8457724399999995,cv
19.256177899893373,73,0.8199999999999998,-0.01125243,-2.250486,9.226992599999999,1.8453985199999996,cv
19.267833299934864,73,0.8199999999999998,-0.01175584,-2.351168,9.639788799999998,1.9279577599999995,cv
19.28095259994734,74,0.8299999999999998,-0.0116769,-2.33538,9.691826999999998,1.9383653999999995,cv
19.29239089996554,74,0.8299999999999998,-0.01147983,-2.295966,9.528258899999997,1.9056517799999997,cv
19.3039399998961,74,0.8299999999999998,-0.01124934,-2.249868,9.336952199999999,1.8673904399999999,cv
19.315389800001867,74,0.8299999999999998,-0.01108784,-2.217568,9.202907199999999,1.8405814399999996,cv
19.326856200001203,74,0.8299999999999998,-0.01143061,-2.286122,9.4874063,1.8974812599999997,cv
19.338333199964836,74,0.8299999999999998,-0.01174646,-2.349292,9.749561799999999,1.9499123599999997,cv
19.34980879991781,74,0.8299999999999998,-0.01173291,-2.3465819999999997,9.738315299999998,1.9476630599999993,cv
19.361239399993792,74,0.8299999999999998,-0.01160492,-2.320984,9.632083599999998,1.9264167199999997,cv
19.37267149996478,74,0.8299999999999998,-0.01140998,-2.2819960000000004,9.470283399999998,1.89405668,cv
19.384110199986026,74,0.8299999999999998,-0.01120737,-2.2414739999999997,9.302117099999998,1.8604234199999994,cv
19.39642929995898,74,0.8299999999999998,-0.01110518,-2.221036,9.217299399999998,1.8434598799999995,cv
19.408660999964923,74,0.8299999999999998,-0.01176851,-2.3537019999999997,9.767863299999997,1.9535726599999994,cv
19.420078499941155,74,0.8299999999999998,-0.01171478,-2.342956,9.723267399999997,1.9446534799999997,cv
19.431844199891202,74,0.8299999999999998,-0.01156681,-2.313362,9.600452299999997,1.9200904599999997,cv
19.443869999959134,74,0.8299999999999998,-0.01127326,-2.254652,9.356805799999998,1.8713611599999997,cv
19.455510100000538,74,0.8299999999999998,-0.0111135,-2.2227,9.224205,1.8448409999999997,cv
19.4671036999207,74,0.8299999999999998,-0.01150838,-2.301676,9.551955399999999,1.9103910799999997,cv
19.479457999928854,74,0.8299999999999998,-0.01177385,-2.3547700000000003,9.772295499999998,1.9544590999999998,cv
19.491261199931614,74,0.8299999999999998,-0.01161251,-2.322502,9.638383299999997,1.9276766599999997,cv
19.502848099917173,74,0.8299999999999998,-0.01139091,-2.278182,9.4544553,1.8908910599999997,cv
19.51437160000205,74,0.8299999999999998,-0.01116427,-2.232854,9.2663441,1.8532688199999998,cv
19.52744109998457,75,0.8399999999999999,-0.01154471,-2.308942,9.697556399999998,1.9395112799999996,cv
19.538935199961998,75,0.8399999999999999,-0.01166742,-2.333484,9.800632799999999,1.9601265599999995,cv
19.55036759993527,75,0.8399999999999999,-0.01156903,-2.313806,9.717985199999998,1.9435970399999998,cv
19.561797799891792,75,0.8399999999999999,-0.01140428,-2.280856,9.579595199999996,1.9159190399999997,cv
19.573148599942215,75,0.8399999999999999,-0.01120817,-2.241634,9.414862799999998,1.8829725599999996,cv
19.58457239996642,75,0.8399999999999999,-0.01099817,-2.199634,9.238462799999997,1.8476925599999998,cv
19.596081299940124,75,0.8399999999999999,-0.01114572,-2.229144,9.362404799999998,1.8724809599999994,cv
19.60758299997542,75,0.8399999999999999,-0.01157415,-2.3148299999999997,9.722285999999999,1.9444571999999993,cv
19.61901779996697,75,0.8399999999999999,-0.01165412,-2.3308240000000002,9.789460799999999,1.9578921599999999,cv
19.63048399996478,75,0.8399999999999999,-0.0115542,-2.31084,9.705527999999997,1.9411055999999995,cv
19.641916499938816,75,0.8399999999999999,-0.01137624,-2.275248,9.556041599999997,1.9112083199999996,cv
19.653361899894662,75,0.8399999999999999,-0.01116933,-2.233866,9.382237199999999,1.8764474399999995,cv
19.66488619998563,75,0.8399999999999999,-0.01098269,-2.196538,9.225459599999997,1.8450919199999996,cv
19.676340199890547,75,0.8399999999999999,-0.01127581,-2.255162,9.4716804,1.8943360799999995,cv
19.68773139989935,75,0.8399999999999999,-0.01161247,-2.322494,9.754474799999997,1.9508949599999996,cv
19.699099399964325,75,0.8399999999999999,-0.01165406,-2.3308120000000003,9.789410399999998,1.9578820799999999,cv
19.710461899987422,75,0.8399999999999999,-0.01154147,-2.308294,9.694834799999997,1.9389669599999997,cv
19.721861899946816,75,0.8399999999999999,-0.01138124,-2.276248,9.5602416,1.9120483199999996,cv
19.733471299987286,75,0.8399999999999999,-0.01117018,-2.234036,9.382951199999997,1.8765902399999999,cv
19.74507919989992,75,0.8399999999999999,-0.01098829,-2.1976579999999997,9.230163599999997,1.8460327199999995,cv
19.756616299971938,75,0.8399999999999999,-0.01140083,-2.2801660000000004,9.5766972,1.91533944,cv
19.769551599980332,76,0.8499999999999999,-0.01150897,-2.301794,9.782624499999999,1.9565248999999998,cv
19.78103749989532,76,0.8499999999999999,-0.01136367,-2.272734,9.6591195,1.9318238999999995,cv
19.79249219992198,76,0.8499999999999999,-0.01117427,-2.234854,9.4981295,1.8996258999999995,cv
19.803911999915726,76,0.8499999999999999,-0.01095392,-2.190784,9.310832,1.8621663999999996,cv
19.81532159994822,76,0.8499999999999999,-0.01091843,-2.183686,9.280665499999998,1.8561330999999994,cv
19.82673959992826,76,0.8499999999999999,-0.01133419,-2.266838,9.634061499999998,1.9268122999999997,cv
19.838157399906777,76,0.8499999999999999,-0.0115463,-2.30926,9.814354999999999,1.9628709999999998,cv
19.84953929996118,76,0.8499999999999999,-0.01149656,-2.2993119999999996,9.772075999999998,1.9544151999999992,cv
19.86095929995645,76,0.8499999999999999,-0.01135593,-2.271186,9.652540499999999,1.9305080999999997,cv
19.8723645999562,76,0.8499999999999999,-0.01117241,-2.2344820000000003,9.496548499999998,1.8993096999999999,cv
19.883800399955362,76,0.8499999999999999,-0.010963,-2.1926,9.318549999999998,1.8637099999999998,cv
19.89524309989065,76,0.8499999999999999,-0.0109064,-2.18128,9.270439999999997,1.8540879999999997,cv
19.906694599892944,76,0.8499999999999999,-0.01133693,-2.267386,9.636390499999997,1.9272780999999999,cv
19.918170199962333,76,0.8499999999999999,-0.01154199,-2.308398,9.810691499999997,1.9621382999999997,cv
19.929651699960232,76,0.8499999999999999,-0.01148727,-2.297454,9.7641795,1.9528358999999997,cv
19.941102899960242,76,0.8499999999999999,-0.01133473,-2.266946,9.634520499999999,1.9269040999999996,cv
19.952539299963973,76,0.8499999999999999,-0.01114235,-2.22847,9.470997499999998,1.8941994999999998,cv
19.963995400001295,76,0.8499999999999999,-0.01092562,-2.185124,9.286776999999999,1.8573553999999997,cv
19.975436299922876,76,0.8499999999999999,-0.01097301,-2.194602,9.3270585,1.8654117,cv
19.98695819999557,76,0.8499999999999999,-0.01139487,-2.278974,9.685639499999997,1.9371278999999995,cv
19.998696199967526,76,0.8499999999999999,-0.01154554,-2.309108,9.813709,1.9627417999999999,cv
20.011699799913913,77,0.8599999999999999,-0.01111815,-2.22363,9.561608999999999,1.9123217999999997,cv
20.023220899980515,77,0.8599999999999999,-0.01090967,-2.181934,9.3823162,1.8764632399999999,cv
20.03467839991208,77,0.8599999999999999,-0.01073788,-2.147576,9.234576799999997,1.8469153599999997,cv
20.046083999914117,77,0.8599999999999999,-0.01107064,-2.2141279999999997,9.520750399999999,1.9041500799999995,cv
20.05751179996878,77,0.8599999999999999,-0.01139411,-2.2788220000000003,9.798934599999999,1.95978692,cv
20.068930199951865,77,0.8599999999999999,-0.0114052,-2.28104,9.808471999999998,1.9616943999999996,cv
20.080381999956444,77,0.8599999999999999,-0.01128111,-2.256222,9.7017546,1.9403509199999998,cv
20.091861699940637,77,0.8599999999999999,-0.01109698,-2.2193959999999997,9.543402799999997,1.9086805599999994,cv
20.103384799906053,77,0.8599999999999999,-0.01087681,-2.1753620000000002,9.354056599999998,1.8708113199999998,cv
20.11478529998567,77,0.8599999999999999,-0.01076643,-2.153286,9.2591298,1.8518259599999998,cv
20.126154899946414,77,0.8599999999999999,-0.01113332,-2.2266640000000004,9.574655199999999,1.9149310400000001,cv
20.13758189987857,77,0.8599999999999999,-0.01141288,-2.2825759999999997,9.8150768,1.9630153599999995,cv
20.148983099963516,77,0.8599999999999999,-0.01140033,-2.280066,9.804283799999999,1.9608567599999998,cv
20.16043379995972,77,0.8599999999999999,-0.01126988,-2.2539759999999998,9.692096799999998,1.9384193599999995,cv
20.171882499940693,77,0.8599999999999999,-0.0110857,-2.21714,9.533702,1.9067404,cv
20.183373399893753,77,0.8599999999999999,-0.01087042,-2.174084,9.348561199999999,1.86971224,cv
20.194830999942496,77,0.8599999999999999,-0.0107765,-2.1553,9.267789999999998,1.8535579999999998,cv
20.20636959990952,77,0.8599999999999999,-0.0112244,-2.24488,9.652984,1.9305968,cv
20.21785669995006,77,0.8599999999999999,-0.01142556,-2.285112,9.825981599999999,1.9651963199999996,cv
20.22949419997167,77,0.8599999999999999,-0.01137334,-2.2746679999999997,9.781072399999998,1.9562144799999994,cv
20.24122489988804,77,0.8599999999999999,-0.01118573,-2.237146,9.619727799999998,1.9239455599999997,cv
20.254321600077674,78,0.8699999999999999,-0.01059859,-2.1197179999999998,9.2207733,1.8441546599999996,cv
20.26576630002819,78,0.8699999999999999,-0.01088727,-2.177454,9.471924899999998,1.8943849799999997,cv
20.27750140009448,78,0.8699999999999999,-0.0112442,-2.24884,9.782453999999998,1.9564907999999996,cv
20.288966300082393,78,0.8699999999999999,-0.01124616,-2.249232,9.784159199999998,1.9568318399999998,cv
20.300412300042808,78,0.8699999999999999,-0.01111385,-2.2227699999999997,9.669049499999998,1.9338098999999995,cv
20.31186570005957,78,0.8699999999999999,-0.01092421,-2.184842,9.5040627,1.90081254,cv
20.323402200010605,78,0.8699999999999999,-0.01070699,-2.1413979999999997,9.315081299999997,1.8630162599999995,cv
20.334862200077623,78,0.8699999999999999,-0.01065681,-2.1313619999999998,9.271424699999997,1.8542849399999994,cv
20.346309200045653,78,0.8699999999999999,-0.0110751,-2.21502,9.635336999999998,1.9270673999999997,cv
20.357786600012332,78,0.8699999999999999,-0.0112847,-2.2569399999999997,9.817689,1.9635377999999994,cv
20.369249500101432,78,0.8699999999999999,-0.01122602,-2.245204,9.766637399999999,1.95332748,cv
20.380739800049923,78,0.8699999999999999,-0.01107238,-2.214476,9.632970599999998,1.9265941199999996,cv
20.39224880002439,78,0.8699999999999999,-0.01087314,-2.174628,9.459631799999999,1.8919263599999996,cv
20.403736200067215,78,0.8699999999999999,-0.01064434,-2.1288679999999998,9.260575799999998,1.8521151599999996,cv
20.415206900099292,78,0.8699999999999999,-0.01074963,-2.149926,9.352178099999998,1.8704356199999996,cv
20.426640600082465,78,0.8699999999999999,-0.01118602,-2.2372039999999997,9.731837399999998,1.9463674799999995,cv
20.43806040007621,78,0.8699999999999999,-0.01128953,-2.257906,9.821891099999998,1.96437822,cv
20.44949670007918,78,0.8699999999999999,-0.01119608,-2.239216,9.740589599999998,1.9481179199999996,cv
20.460925600025803,78,0.8699999999999999,-0.01103925,-2.20785,9.604147499999998,1.9208294999999997,cv
20.47256170003675,78,0.8699999999999999,-0.01084012,-2.168024,9.4309044,1.8861808799999997,cv
20.484211200033315,78,0.8699999999999999,-0.01060255,-2.1205100000000003,9.2242185,1.8448437,cv
20.49744609987829,79,0.8599999999999999,-0.01142528,-2.285056,9.825740799999998,1.9651481599999996,cv
20.508824099902995,79,0.8599999999999999,-0.01138724,-2.277448,9.793026399999999,1.9586052799999998,cv
20.520266099949367,79,0.8599999999999999,-0.01125063,-2.250126,9.675541799999998,1.9351083599999996,cv
20.531734799966216,79,0.8599999999999999,-0.0110614,-2.2122800000000002,9.512804,1.9025607999999998,cv
20.543258599936962,79,0.8599999999999999,-0.01083888,-2.167776,9.321436799999999,1.8642873599999996,cv
20.55465089995414,79,0.8599999999999999,-0.01080761,-2.161522,9.2945446,1.85890892,cv
20.566095499903895,79,0.8599999999999999,-0.0112189,-2.24378,9.648253999999998,1.9296507999999999,cv
20.5776840999024,79,0.8599999999999999,-0.01142347,-2.284694,9.8241842,1.9648368399999998,cv
20.589142599957995,79,0.8599999999999999,-0.01135415,-2.27083,9.764569,1.9529138,cv
20.60053579986561,79,0.8599999999999999,-0.01120661,-2.2413220000000003,9.6376846,1.9275369199999999,cv
20.611933199921623,79,0.8599999999999999,-0.01101703,-2.203406,9.4746458,1.89492916,cv
20.623405699967407,79,0.8599999999999999,-0.01079853,-2.1597060000000003,9.286735799999999,1.85734716,cv
20.634834799915552,79,0.8599999999999999,-0.01085809,-2.171618,9.337957399999999,1.8675914799999997,cv
20.646226199925877,79,0.8599999999999999,-0.01128993,-2.257986,9.709339799999999,1.9418679599999995,cv
20.65760319994297,79,0.8599999999999999,-0.01143519,-2.287038,9.834263399999998,1.9668526799999997,cv
20.66899719997309,79,0.8599999999999999,-0.01136421,-2.272842,9.773220599999998,1.9546441199999995,cv
20.680440899915993,79,0.8599999999999999,-0.01121788,-2.243576,9.647376799999998,1.9294753599999996,cv
20.691952199907973,79,0.8599999999999999,-0.01101091,-2.202182,9.4693826,1.8938765199999998,cv
20.70355369988829,79,0.8599999999999999,-0.01079319,-2.158638,9.282143399999999,1.8564286799999996,cv
20.715112599893473,79,0.8599999999999999,-0.01093821,-2.187642,9.406860599999998,1.8813721199999995,cv
20.726649999967776,79,0.8599999999999999,-0.01137124,-2.274248,9.7792664,1.9558532799999997,cv
20.73947050003335,80,0.8499999999999999,-0.01145157,-2.290314,9.733834499999999,1.9467668999999996,cv
20.751099200104363,80,0.8499999999999999,-0.01127512,-2.2550239999999997,9.583851999999998,1.9167703999999994,cv
20.762583800009452,80,0.8499999999999999,-0.01102742,-2.2054839999999998,9.373306999999997,1.8746613999999995,cv
20.773983500082977,80,0.8499999999999999,-0.01087023,-2.1740459999999997,9.239695499999998,1.8479390999999994,cv
20.78534950001631,80,0.8499999999999999,-0.01118561,-2.2371220000000003,9.5077685,1.9015537,cv
20.796808700077236,80,0.8499999999999999,-0.01151721,-2.303442,9.789628499999997,1.9579256999999997,cv
20.808235000120476,80,0.8499999999999999,-0.01153197,-2.306394,9.802174499999998,1.9604348999999996,cv
20.81967200001236,80,0.8499999999999999,-0.01140904,-2.2818080000000003,9.697683999999999,1.9395368,cv
20.831144400057383,80,0.8499999999999999,-0.01123063,-2.246126,9.546035499999999,1.9092070999999995,cv
20.84260600002017,80,0.8499999999999999,-0.01101102,-2.202204,9.359366999999999,1.8718733999999997,cv
20.854064500075765,80,0.8499999999999999,-0.01088314,-2.176628,9.250668999999998,1.8501337999999996,cv
20.86553960002493,80,0.8499999999999999,-0.01125697,-2.251394,9.568424499999999,1.9136848999999996,cv
20.877062400104478,80,0.8499999999999999,-0.01154962,-2.309924,9.817176999999997,1.9634353999999998,cv
20.88854620011989,80,0.8499999999999999,-0.01151639,-2.3032779999999997,9.788931499999999,1.9577862999999995,cv
20.899967100122012,80,0.8499999999999999,-0.01137038,-2.274076,9.664822999999998,1.9329645999999996,cv
20.911385900108144,80,0.8499999999999999,-0.01118568,-2.237136,9.507827999999998,1.9015655999999996,cv
20.92279960005544,80,0.8499999999999999,-0.01097986,-2.195972,9.332880999999997,1.8665761999999995,cv
20.934211200103164,80,0.8499999999999999,-0.01091914,-2.183828,9.281269,1.8562537999999997,cv
20.945698800031096,80,0.8499999999999999,-0.01133164,-2.266328,9.631893999999999,1.9263787999999997,cv
20.957167600048706,80,0.8499999999999999,-0.01156736,-2.313472,9.832256,1.9664511999999996,cv
20.968742400058545,80,0.8499999999999999,-0.01150344,-2.300688,9.777923999999999,1.9555847999999998,cv
20.98167199990712,81,0.8599999999999999,-0.01102482,-2.204964,9.481345199999998,1.8962690399999997,cv
20.993161999969743,81,0.8599999999999999,-0.0107955,-2.1590999999999996,9.284129999999998,1.8568259999999994,cv
21.00517789996229,81,0.8599999999999999,-0.01090047,-2.180094,9.374404199999999,1.8748808399999997,cv
21.016573400003836,81,0.8599999999999999,-0.01140142,-2.280284,9.805221199999998,1.9610442399999997,cv
21.027954699937254,81,0.8599999999999999,-0.01141498,-2.282996,9.8168828,1.9633765599999995,cv
21.03932270000223,81,0.8599999999999999,-0.01129732,-2.259464,9.715695199999999,1.9431390399999997,cv
21.050735499942675,81,0.8599999999999999,-0.01112915,-2.22583,9.571069,1.9142138,cv
21.062198699917644,81,0.8599999999999999,-0.01093124,-2.186248,9.4008664,1.8801732799999997,cv
21.073658799985424,81,0.8599999999999999,-0.01074351,-2.1487019999999997,9.239418599999999,1.8478837199999993,cv
21.085080399992876,81,0.8599999999999999,-0.01105371,-2.2107419999999998,9.506190599999998,1.9012381199999995,cv
21.096500899991952,81,0.8599999999999999,-0.01139666,-2.2793319999999997,9.801127599999997,1.9602255199999994,cv
21.10789279988967,81,0.8599999999999999,-0.01141585,-2.28317,9.817630999999999,1.9635261999999998,cv
21.119306699954905,81,0.8599999999999999,-0.01130217,-2.260434,9.719866199999998,1.9439732399999998,cv
21.13076759991236,81,0.8599999999999999,-0.01112689,-2.225378,9.569125399999999,1.9138250799999998,cv
21.142551900004037,81,0.8599999999999999,-0.01091979,-2.183958,9.3910194,1.8782038799999998,cv
21.154027099953964,81,0.8599999999999999,-0.01079725,-2.15945,9.285635,1.8571269999999998,cv
21.16546649998054,81,0.8599999999999999,-0.01121598,-2.243196,9.645742799999999,1.9291485599999998,cv
21.176873699994758,81,0.8599999999999999,-0.01143766,-2.287532,9.8363876,1.96727752,cv
21.188324599992484,81,0.8599999999999999,-0.0113923,-2.27846,9.797377999999997,1.9594755999999998,cv
21.19980719999876,81,0.8599999999999999,-0.01125198,-2.250396,9.6767028,1.9353405599999995,cv
21.211407399969175,81,0.8599999999999999,-0.01104272,-2.2085440000000003,9.4967392,1.89934784,cv
21.224647099967115,82,0.8699999999999999,-0.01080993,-2.161986,9.404639099999999,1.88092782,cv
21.236214199918322,82,0.8699999999999999,-0.01123599,-2.247198,9.775311299999998,1.9550622599999998,cv
21.247676099883392,82,0.8699999999999999,-0.01129314,-2.258628,9.825031799999998,1.9650063599999996,cv
21.259159099892713,82,0.8699999999999999,-0.01117544,-2.235088,9.7226328,1.94452656,cv
21.270589499967173,82,0.8699999999999999,-0.01099236,-2.1984719999999998,9.563353199999998,1.9126706399999995,cv
21.28200809995178,82,0.8699999999999999,-0.01078998,-2.157996,9.387282599999997,1.8774565199999995,cv
21.293478399980813,82,0.8699999999999999,-0.01061459,-2.122918,9.2346933,1.8469386599999997,cv
21.30491519998759,82,0.8699999999999999,-0.01092891,-2.185782,9.508151699999999,1.9016303399999999,cv
21.31638109998312,82,0.8699999999999999,-0.01126459,-2.252918,9.8001933,1.96003866,cv
21.327841899939813,82,0.8699999999999999,-0.01127337,-2.254674,9.807831899999998,1.9615663799999998,cv
21.339304499910213,82,0.8699999999999999,-0.01114065,-2.22813,9.6923655,1.9384731,cv
21.350730899954215,82,0.8699999999999999,-0.01096195,-2.19239,9.5368965,1.9073792999999999,cv
21.36221429996658,82,0.8699999999999999,-0.01074991,-2.149982,9.352421699999999,1.8704843399999997,cv
21.373683999991044,82,0.8699999999999999,-0.01063174,-2.126348,9.249613799999999,1.8499227599999999,cv
21.38512509991415,82,0.8699999999999999,-0.0110279,-2.2055800000000003,9.594273,1.9188546,cv
21.396599299972877,82,0.8699999999999999,-0.01129035,-2.25807,9.822604499999999,1.9645208999999997,cv
21.408084499882534,82,0.8699999999999999,-0.01125775,-2.25155,9.7942425,1.9588484999999998,cv
21.419562899973243,82,0.8699999999999999,-0.01111223,-2.222446,9.6676401,1.9335280199999998,cv
21.43116159993224,82,0.8699999999999999,-0.01092199,-2.184398,9.502131299999997,1.9004262599999997,cv
21.44263179996051,82,0.8699999999999999,-0.01068658,-2.1373159999999998,9.297324599999998,1.8594649199999995,cv
21.454129399964586,82,0.8699999999999999,-0.01073077,-2.146154,9.335769899999999,1.8671539799999999,cv
21.469572599977255,83,0.8599999999999999,-0.01145243,-2.290486,9.849089799999998,1.9698179599999996,cv
21.483532699989155,83,0.8599999999999999,-0.01099551,-2.199102,9.4561386,1.8912277199999996,cv
21.4981091999216,83,0.8599999999999999,-0.01143166,-2.286332,9.831227599999998,1.9662455199999995,cv
21.509558399906382,83,0.8599999999999999,-0.01124708,-2.249416,9.672488799999998,1.9344977599999997,cv
21.521045599947684,83,0.8599999999999999,-0.01105388,-2.210776,9.5063368,1.9012673599999999,cv
21.53252889995929,83,0.8599999999999999,-0.01081837,-2.1636740000000003,9.3037982,1.86075964,cv
21.54427809990011,83,0.8599999999999999,-0.01086058,-2.172116,9.340098799999998,1.8680197599999997,cv
21.555855099926703,83,0.8599999999999999,-0.01137741,-2.275482,9.784572599999997,1.9569145199999995,cv
21.567309799953364,83,0.8599999999999999,-0.01143213,-2.286426,9.831631799999998,1.9663263599999998,cv
21.578712499933317,83,0.8599999999999999,-0.01132152,-2.264304,9.736507199999998,1.9473014399999997,cv
21.590109599987045,83,0.8599999999999999,-0.01115014,-2.230028,9.589120399999999,1.9178240799999997,cv
21.60153239988722,83,0.8599999999999999,-0.01095763,-2.191526,9.423561799999998,1.8847123599999998,cv
21.61300739995204,83,0.8599999999999999,-0.01074899,-2.1497979999999997,9.244131399999999,1.8488262799999995,cv
21.624436699901707,83,0.8599999999999999,-0.01100459,-2.200918,9.463947399999999,1.8927894799999998,cv
21.635843599913642,83,0.8599999999999999,-0.01138851,-2.277702,9.7941186,1.9588237199999998,cv
21.647241899976507,83,0.8599999999999999,-0.01142985,-2.28597,9.829670999999998,1.9659341999999995,cv
21.658613199950196,83,0.8599999999999999,-0.01132728,-2.265456,9.741460799999999,1.9482921599999996,cv
21.670115999993868,83,0.8599999999999999,-0.01116509,-2.2330180000000004,9.601977399999999,1.92039548,cv
21.681733899982646,83,0.8599999999999999,-0.01094097,-2.188194,9.409234199999998,1.88184684,cv
21.693489599972963,83,0.8599999999999999,-0.01077702,-2.155404,9.268237199999998,1.8536474399999996,cv
21.705179799930193,83,0.8599999999999999,-0.01120121,-2.240242,9.633040599999998,1.9266081199999996,cv
21.718083399930038,84,0.8499999999999999,-0.01151105,-2.30221,9.7843925,1.9568784999999997,cv
21.729502799920738,84,0.8499999999999999,-0.0113545,-2.2709,9.651324999999998,1.930265,cv
21.740941899945028,84,0.8499999999999999,-0.01116495,-2.23299,9.490207499999999,1.8980414999999997,cv
21.75236339995172,84,0.8499999999999999,-0.01094922,-2.189844,9.306837,1.8613673999999996,cv
21.76379149989225,84,0.8499999999999999,-0.01100516,-2.201032,9.354386,1.8708771999999998,cv
21.77520579996053,84,0.8499999999999999,-0.01143731,-2.2874619999999997,9.721713499999998,1.9443426999999993,cv
21.786606999929063,84,0.8499999999999999,-0.01157944,-2.315888,9.842524,1.9685047999999998,cv
21.79798239993397,84,0.8499999999999999,-0.01150571,-2.301142,9.7798535,1.9559706999999997,cv
21.809350599884056,84,0.8499999999999999,-0.01135654,-2.2713080000000003,9.653058999999999,1.9306117999999999,cv
21.82076359994244,84,0.8499999999999999,-0.01116445,-2.23289,9.489782499999999,1.8979564999999996,cv
21.832220799988136,84,0.8499999999999999,-0.01094916,-2.189832,9.306785999999997,1.8613571999999996,cv
21.843634099932387,84,0.8499999999999999,-0.0109723,-2.1944600000000003,9.326455,1.865291,cv
21.85508889995981,84,0.8499999999999999,-0.01140811,-2.281622,9.6968935,1.9393786999999998,cv
21.866485599894077,84,0.8499999999999999,-0.01157025,-2.3140500000000004,9.834712499999998,1.9669425,cv
21.877864599926397,84,0.8499999999999999,-0.01150651,-2.3013019999999997,9.780533499999997,1.9561066999999994,cv
21.889441299950704,84,0.8499999999999999,-0.01135577,-2.271154,9.652404499999998,1.9304808999999998,cv
21.900857299915515,84,0.8499999999999999,-0.01114164,-2.228328,9.470393999999999,1.8940787999999995,cv
21.91225019993726,84,0.8499999999999999,-0.01093177,-2.186354,9.2920045,1.8584009,cv
21.923668399918824,84,0.8499999999999999,-0.01100336,-2.200672,9.352855999999997,1.8705711999999997,cv
21.935149199911393,84,0.8499999999999999,-0.0114408,-2.28816,9.724679999999998,1.9449359999999998,cv
21.9466461999109,84,0.8499999999999999,-0.01157892,-2.315784,9.842081999999998,1.9684163999999995,cv
21.959584799944423,85,0.8399999999999999,-0.01143956,-2.287912,9.609230399999998,1.9218460799999997,cv
21.97097019990906,85,0.8399999999999999,-0.01123911,-2.247822,9.440852399999997,1.8881704799999999,cv
21.982383099966682,85,0.8399999999999999,-0.0110254,-2.2050799999999997,9.261335999999998,1.8522671999999993,cv
21.993763299891725,85,0.8399999999999999,-0.01117577,-2.235154,9.387646799999999,1.8775293599999998,cv
22.005171999917366,85,0.8399999999999999,-0.01158228,-2.316456,9.729115199999999,1.9458230399999998,cv
22.01662749995012,85,0.8399999999999999,-0.01169581,-2.339162,9.824480399999999,1.9648960799999997,cv
22.02831649989821,85,0.8399999999999999,-0.01159595,-2.31919,9.740598,1.9481195999999996,cv
22.039716999977827,85,0.8399999999999999,-0.01139835,-2.2796700000000003,9.574613999999999,1.9149228,cv
22.051093599991873,85,0.8399999999999999,-0.01119412,-2.238824,9.403060799999999,1.8806121599999999,cv
22.06255809997674,85,0.8399999999999999,-0.01099841,-2.199682,9.2386644,1.84773288,cv
22.07399770000484,85,0.8399999999999999,-0.0112525,-2.2504999999999997,9.452099999999998,1.8904199999999995,cv
22.085401499993168,85,0.8399999999999999,-0.01162503,-2.3250059999999997,9.765025199999998,1.9530050399999994,cv
22.09678089991212,85,0.8399999999999999,-0.01167197,-2.334394,9.804454799999998,1.9608909599999997,cv
22.10818749992177,85,0.8399999999999999,-0.01156287,-2.312574,9.712810799999998,1.9425621599999998,cv
22.119654699927196,85,0.8399999999999999,-0.01139777,-2.279554,9.574126799999998,1.9148253599999998,cv
22.131102899904363,85,0.8399999999999999,-0.01117869,-2.235738,9.390099599999997,1.8780199199999996,cv
22.1425842999015,85,0.8399999999999999,-0.01099585,-2.1991699999999996,9.236513999999998,1.8473027999999994,cv
22.154056999948807,85,0.8399999999999999,-0.01128477,-2.256954,9.479206799999996,1.8958413599999997,cv
22.16562989994418,85,0.8399999999999999,-0.01164334,-2.328668,9.780405599999998,1.9560811199999997,cv
22.177233599941246,85,0.8399999999999999,-0.01165748,-2.331496,9.792283199999998,1.9584566399999996,cv
22.188751799985766,85,0.8399999999999999,-0.01151075,-2.30215,9.66903,1.9338059999999997,cv
22.201783299911767,86,0.8499999999999999,-0.01095851,-2.191702,9.314733499999999,1.8629466999999995,cv
22.21321899991017,86,0.8499999999999999,-0.0109709,-2.1941800000000002,9.325265,1.8650529999999998,cv
22.224582399940118,86,0.8499999999999999,-0.01139189,-2.278378,9.6831065,1.9366212999999997,cv
22.235961999977008,86,0.8499999999999999,-0.0115742,-2.31484,9.838069999999998,1.9676139999999995,cv
22.247409699950367,86,0.8499999999999999,-0.01152372,-2.304744,9.795161999999998,1.9590323999999997,cv
22.258867999888025,86,0.8499999999999999,-0.01136636,-2.273272,9.661406,1.9322811999999996,cv
22.270260499906726,86,0.8499999999999999,-0.01117671,-2.235342,9.500203499999998,1.9000407,cv
22.281663699890487,86,0.8499999999999999,-0.01096579,-2.193158,9.320921499999997,1.8641842999999996,cv
22.293104499927722,86,0.8499999999999999,-0.0109499,-2.18998,9.307414999999999,1.8614829999999996,cv
22.304476699908264,86,0.8499999999999999,-0.01137106,-2.274212,9.665401,1.9330801999999996,cv
22.315880499896593,86,0.8499999999999999,-0.01156145,-2.31229,9.827232499999997,1.9654464999999997,cv
22.327268699998967,86,0.8499999999999999,-0.01150848,-2.301696,9.782207999999999,1.9564415999999998,cv
22.33872799994424,86,0.8499999999999999,-0.01136357,-2.2727139999999997,9.659034499999999,1.9318068999999993,cv
22.350199799984694,86,0.8499999999999999,-0.01116309,-2.232618,9.4886265,1.8977252999999996,cv
22.361675999942236,86,0.8499999999999999,-0.01094467,-2.188934,9.3029695,1.8605938999999998,cv
22.37314999999944,86,0.8499999999999999,-0.0109605,-2.1921,9.316424999999999,1.8632849999999996,cv
22.38456099992618,86,0.8499999999999999,-0.01139943,-2.2798860000000003,9.689515499999999,1.9379031,cv
22.396057599922642,86,0.8499999999999999,-0.01156393,-2.312786,9.829340499999999,1.9658680999999998,cv
22.40752969996538,86,0.8499999999999999,-0.01148629,-2.2972580000000002,9.763346499999999,1.9526693,cv
22.419130299938843,86,0.8499999999999999,-0.01132275,-2.26455,9.624337499999998,1.9248674999999995,cv
22.43060889991466,86,0.8499999999999999,-0.01110784,-2.2215680000000004,9.441664,1.8883328000000001,cv
22.443680599913932,87,0.8599999999999999,-0.01100027,-2.2000539999999997,9.460232199999998,1.8920464399999994,cv
22.455147999920882,87,0.8599999999999999,-0.0113914,-2.2782799999999996,9.796603999999999,1.9593207999999993,cv
22.46662279998418,87,0.8599999999999999,-0.01142557,-2.2851139999999996,9.8259902,1.9651980399999993,cv
22.478034999920055,87,0.8599999999999999,-0.01130384,-2.260768,9.721302399999999,1.9442604799999998,cv
22.489462599973194,87,0.8599999999999999,-0.01113233,-2.226466,9.573803799999997,1.9147607599999996,cv
22.50091409997549,87,0.8599999999999999,-0.01092936,-2.1858720000000003,9.3992496,1.8798499199999998,cv
22.512391199939884,87,0.8599999999999999,-0.01075857,-2.151714,9.252370199999998,1.85047404,cv
22.523894599988125,87,0.8599999999999999,-0.01109727,-2.219454,9.543652199999999,1.9087304399999996,cv
22.53536959993653,87,0.8599999999999999,-0.01141672,-2.283344,9.818379199999997,1.9636758399999998,cv
22.546828499995172,87,0.8599999999999999,-0.01140148,-2.2802960000000003,9.8052728,1.96105456,cv
22.558294899994507,87,0.8599999999999999,-0.01126488,-2.252976,9.6877968,1.9375593599999996,cv
22.569788899971172,87,0.8599999999999999,-0.01106959,-2.213918,9.5198474,1.9039694799999998,cv
22.581255299970508,87,0.8599999999999999,-0.01084802,-2.169604,9.329297199999997,1.8658594399999997,cv
22.592765799956396,87,0.8599999999999999,-0.0107869,-2.1573800000000003,9.276733999999998,1.8553468,cv
22.604220199980773,87,0.8599999999999999,-0.01122907,-2.245814,9.6570002,1.93140004,cv
22.615640199976042,87,0.8599999999999999,-0.0114255,-2.2851,9.825929999999998,1.9651859999999997,cv
22.62708019989077,87,0.8599999999999999,-0.01136915,-2.27383,9.777468999999998,1.9554937999999995,cv
22.638554799952544,87,0.8599999999999999,-0.01121724,-2.243448,9.646826399999998,1.9293652799999996,cv
22.650137499906123,87,0.8599999999999999,-0.01101284,-2.202568,9.471042399999998,1.8942084799999996,cv
22.66170689999126,87,0.8599999999999999,-0.01077306,-2.1546119999999997,9.264831599999999,1.8529663199999995,cv
22.67326809989754,87,0.8599999999999999,-0.01091968,-2.183936,9.390924799999999,1.8781849599999998,cv
22.686037199920975,88,0.8499999999999999,-0.01156141,-2.3122819999999997,9.827198499999998,1.9654396999999995,cv
22.697487799916416,88,0.8499999999999999,-0.01146714,-2.293428,9.747068999999998,1.9494137999999996,cv
22.708928999956697,88,0.8499999999999999,-0.01130231,-2.260462,9.606963499999997,1.9213926999999997,cv
22.72039529995527,88,0.8499999999999999,-0.01110046,-2.220092,9.435390999999997,1.8870782,cv
22.731898599886335,88,0.8499999999999999,-0.01088459,-2.1769179999999997,9.251901499999997,1.8503802999999994,cv
22.74341060000006,88,0.8499999999999999,-0.01113572,-2.227144,9.465361999999997,1.8930723999999997,cv
22.754863999900408,88,0.8499999999999999,-0.01151979,-2.303958,9.7918215,1.9583643,cv
22.766307599958964,88,0.8499999999999999,-0.01154971,-2.309942,9.817253499999998,1.9634506999999997,cv
22.777770099928603,88,0.8499999999999999,-0.01143056,-2.286112,9.715975999999998,1.9431952,cv
22.7892515999265,88,0.8499999999999999,-0.01124586,-2.249172,9.558980999999998,1.9117962,cv
22.800711399991997,88,0.8499999999999999,-0.01103272,-2.206544,9.377811999999997,1.8755623999999997,cv
22.812240100000054,88,0.8499999999999999,-0.01087728,-2.1754559999999996,9.245687999999998,1.8491375999999993,cv
22.82375289988704,88,0.8499999999999999,-0.01127017,-2.254034,9.579644499999999,1.9159288999999995,cv
22.8352520999033,88,0.8499999999999999,-0.01154479,-2.3089579999999996,9.813071499999998,1.9626142999999994,cv
22.846728999982588,88,0.8499999999999999,-0.01150715,-2.3014300000000003,9.781077499999999,1.9562154999999999,cv
22.858225999982096,88,0.8499999999999999,-0.011362,-2.2724,9.657699999999998,1.9315399999999998,cv
22.869680699892342,88,0.8499999999999999,-0.01116444,-2.232888,9.489773999999997,1.8979547999999997,cv
22.88115289993584,88,0.8499999999999999,-0.0109449,-2.18898,9.303164999999998,1.8606329999999995,cv
22.89273699990008,88,0.8499999999999999,-0.01094456,-2.188912,9.302876,1.8605751999999998,cv
22.904321699985303,88,0.8499999999999999,-0.0114265,-2.2853,9.712524999999998,1.9425049999999997,cv
22.915826299926266,88,0.8499999999999999,-0.01155234,-2.3104679999999997,9.819488999999997,1.9638977999999996,cv
22.928699099924415,89,0.8399999999999999,-0.01141091,-2.2821819999999997,9.585164399999998,1.9170328799999994,cv
22.94013789994642,89,0.8399999999999999,-0.01120742,-2.241484,9.414232799999999,1.8828465599999995,cv
22.951635999954306,89,0.8399999999999999,-0.01099185,-2.1983699999999997,9.233153999999997,1.8466307999999994,cv
22.963082199916244,89,0.8399999999999999,-0.011214,-2.2428,9.41976,1.8839519999999996,cv
22.974507699953392,89,0.8399999999999999,-0.01159846,-2.319692,9.7427064,1.9485412799999995,cv
22.985998999909498,89,0.8399999999999999,-0.01166561,-2.333122,9.799112399999999,1.9598224799999997,cv
22.99750179995317,89,0.8399999999999999,-0.01154687,-2.309374,9.699370799999999,1.9398741599999998,cv
23.00895369995851,89,0.8399999999999999,-0.0113617,-2.2723400000000002,9.543828,1.9087656,cv
23.020367799908854,89,0.8399999999999999,-0.01116514,-2.233028,9.3787176,1.8757435199999997,cv
23.03180249989964,89,0.8399999999999999,-0.01098305,-2.1966099999999997,9.225761999999998,1.8451523999999995,cv
23.0440814999165,89,0.8399999999999999,-0.01128251,-2.2565020000000002,9.477308399999998,1.89546168,cv
23.05553179990966,89,0.8399999999999999,-0.01166726,-2.3334520000000003,9.800498399999999,1.96009968,cv
23.066966999904253,89,0.8399999999999999,-0.0115738,-2.31476,9.721991999999998,1.9443983999999999,cv
23.07844259997364,89,0.8399999999999999,-0.01141289,-2.282578,9.586827599999998,1.9173655199999997,cv
23.08990999998059,89,0.8399999999999999,-0.01119852,-2.239704,9.406756799999998,1.8813513599999998,cv
23.101434899959713,89,0.8399999999999999,-0.01097247,-2.1944939999999997,9.216874799999998,1.8433749599999996,cv
23.112861100002192,89,0.8399999999999999,-0.01116612,-2.233224,9.3795408,1.8759081599999996,cv
23.124279399984516,89,0.8399999999999999,-0.01157181,-2.314362,9.720320399999999,1.9440640799999998,cv
23.135836399975233,89,0.8399999999999999,-0.01165422,-2.330844,9.789544799999998,1.9579089599999997,cv
23.147395799984224,89,0.8399999999999999,-0.01152954,-2.3059079999999996,9.684813599999998,1.9369627199999992,cv
23.158936699968763,89,0.8399999999999999,-0.01132872,-2.265744,9.5161248,1.9032249599999997,cv
23.171994699980132,90,0.8499999999999999,-0.01087017,-2.174034,9.239644499999997,1.8479288999999994,cv
23.183436899911612,90,0.8499999999999999,-0.01127657,-2.255314,9.585084499999999,1.9170168999999995,cv
23.194842499913648,90,0.8499999999999999,-0.01153433,-2.3068660000000003,9.8041805,1.9608360999999999,cv
23.20629010000266,90,0.8499999999999999,-0.0115096,-2.30192,9.783159999999999,1.9566319999999997,cv
23.21773289993871,90,0.8499999999999999,-0.01137018,-2.274036,9.664653,1.9329306,cv
23.229191999998875,90,0.8499999999999999,-0.01119034,-2.238068,9.511788999999998,1.9023577999999999,cv
23.240616599912755,90,0.8499999999999999,-0.01097292,-2.194584,9.326982,1.8653963999999996,cv
23.25205119990278,90,0.8499999999999999,-0.01089874,-2.179748,9.263929,1.8527857999999997,cv
23.26353029999882,90,0.8499999999999999,-0.01132767,-2.2655339999999997,9.628519499999998,1.9257038999999994,cv
23.274987799930386,90,0.8499999999999999,-0.01154437,-2.3088740000000003,9.812714499999998,1.9625428999999999,cv
23.286469799932092,90,0.8499999999999999,-0.01148813,-2.297626,9.764910499999997,1.9529820999999998,cv
23.297923899954185,90,0.8499999999999999,-0.01133634,-2.267268,9.635888999999999,1.9271777999999997,cv
23.309361699968576,90,0.8499999999999999,-0.01113915,-2.22783,9.4682775,1.8936554999999997,cv
23.320753899984993,90,0.8499999999999999,-0.01092643,-2.1852860000000005,9.2874655,1.8574931000000001,cv
23.332195599912666,90,0.8499999999999999,-0.01092443,-2.184886,9.2857655,1.8571531,cv
23.343697499949485,90,0.8499999999999999,-0.01136875,-2.27375,9.663437499999999,1.9326875,cv
23.35515509999823,90,0.8499999999999999,-0.01153512,-2.3070239999999997,9.804851999999997,1.9609703999999994,cv
23.366610399913043,90,0.8499999999999999,-0.01145713,-2.291426,9.738560499999998,1.9477120999999997,cv
23.378075099899434,90,0.8499999999999999,-0.01129837,-2.259674,9.603614499999997,1.9207228999999997,cv
23.389560899930075,90,0.8499999999999999,-0.01109716,-2.2194320000000003,9.432585999999999,1.8865172,cv
23.40110019990243,90,0.8499999999999999,-0.01086693,-2.173386,9.2368905,1.8473780999999996,cv
23.413786999997683,91,0.8599999999999999,-0.01127977,-2.255954,9.700602199999999,1.9401204399999998,cv
23.425274799927138,91,0.8599999999999999,-0.01140886,-2.281772,9.811619599999998,1.9623239199999998,cv
23.436741999932565,91,0.8599999999999999,-0.01131757,-2.263514,9.733110199999999,1.9466220399999996,cv
23.448189699905924,91,0.8599999999999999,-0.01116091,-2.232182,9.598382599999999,1.9196765199999997,cv
23.459699799888767,91,0.8599999999999999,-0.01094873,-2.189746,9.4159078,1.8831815599999997,cv
23.471135799889453,91,0.8599999999999999,-0.01073357,-2.1467140000000002,9.230870199999998,1.84617404,cv
23.482615999993868,91,0.8599999999999999,-0.01093612,-2.187224,9.405063199999999,1.8810126399999998,cv
23.494066999992356,91,0.8599999999999999,-0.01135479,-2.270958,9.7651194,1.9530238799999995,cv
23.505518699996173,91,0.8599999999999999,-0.01140463,-2.280926,9.807981799999999,1.9615963599999997,cv
23.51696629996877,91,0.8599999999999999,-0.01129284,-2.258568,9.711842399999998,1.9423684799999996,cv
23.52839219989255,91,0.8599999999999999,-0.01111944,-2.2238879999999996,9.562718399999998,1.9125436799999995,cv
23.539870199980214,91,0.8599999999999999,-0.01091477,-2.182954,9.3867022,1.8773404399999998,cv
23.551324200001545,91,0.8599999999999999,-0.010722,-2.1444,9.22092,1.8441839999999998,cv
23.56276869995054,91,0.8599999999999999,-0.01103016,-2.206032,9.4859376,1.8971875199999997,cv
23.574214099906385,91,0.8599999999999999,-0.01136792,-2.273584,9.776411199999998,1.9552822399999998,cv
23.58562369993888,91,0.8599999999999999,-0.01138153,-2.2763060000000004,9.788115799999998,1.95762316,cv
23.597039899905212,91,0.8599999999999999,-0.01126197,-2.252394,9.685294199999998,1.9370588399999995,cv
23.608470999985002,91,0.8599999999999999,-0.01108396,-2.2167920000000003,9.5322056,1.90644112,cv
23.620039099943824,91,0.8599999999999999,-0.01088006,-2.176012,9.356851599999999,1.8713703199999998,cv
23.63158129993826,91,0.8599999999999999,-0.01073333,-2.1466659999999997,9.230663799999999,1.8461327599999995,cv
23.64312829996925,91,0.8599999999999999,-0.01114507,-2.2290140000000003,9.584760199999998,1.91695204,cv
23.656168499961495,92,0.8699999999999999,-0.01119712,-2.239424,9.741494399999999,1.9482988799999998,cv
23.66761729994323,92,0.8699999999999999,-0.01105343,-2.210686,9.616484099999997,1.9232968199999996,cv
23.67904409999028,92,0.8699999999999999,-0.01086035,-2.17207,9.448504499999999,1.8897008999999998,cv
23.690472799935378,92,0.8699999999999999,-0.01064646,-2.129292,9.2624202,1.8524840399999998,cv
23.70188239996787,92,0.8699999999999999,-0.01066925,-2.13385,9.282247499999999,1.8564494999999996,cv
23.713401999906637,92,0.8699999999999999,-0.01110994,-2.221988,9.6656478,1.9331295599999998,cv
23.724842399940826,92,0.8699999999999999,-0.0112678,-2.25356,9.802985999999997,1.9605971999999996,cv
23.73630589991808,92,0.8699999999999999,-0.01119427,-2.238854,9.739014899999999,1.9478029799999996,cv
23.74777409993112,92,0.8699999999999999,-0.01102992,-2.205984,9.596030399999998,1.9192060799999997,cv
23.75931509991642,92,0.8699999999999999,-0.01082946,-2.1658920000000004,9.4216302,1.8843260400000001,cv
23.77087439992465,92,0.8699999999999999,-0.01058893,-2.1177859999999997,9.2123691,1.8424738199999995,cv
23.782377299969085,92,0.8699999999999999,-0.01080079,-2.160158,9.396687299999998,1.8793374599999997,cv
23.79386719991453,92,0.8699999999999999,-0.01121214,-2.242428,9.7545618,1.9509123599999996,cv
23.805348499910906,92,0.8699999999999999,-0.01125033,-2.250066,9.7877871,1.9575574199999997,cv
23.81681279989425,92,0.8699999999999999,-0.01112856,-2.2257119999999997,9.681847199999998,1.9363694399999996,cv
23.828341899905354,92,0.8699999999999999,-0.01093223,-2.1864459999999997,9.511040099999997,1.9022080199999996,cv
23.83979699993506,92,0.8699999999999999,-0.01072311,-2.1446219999999996,9.329105699999998,1.8658211399999993,cv
23.851238299976103,92,0.8699999999999999,-0.01058846,-2.117692,9.211960199999998,1.8423920399999996,cv
23.862659999984317,92,0.8699999999999999,-0.01095288,-2.190576,9.5290056,1.9058011199999998,cv
23.874283099896275,92,0.8699999999999999,-0.01123492,-2.2469840000000003,9.7743804,1.95487608,cv
23.885946099995635,92,0.8699999999999999,-0.01120538,-2.241076,9.748680599999998,1.9497361199999999,cv
23.898867099895142,93,0.8599999999999999,-0.01100114,-2.200228,9.460980399999997,1.8921960799999997,cv
23.910311099956743,93,0.8599999999999999,-0.01077056,-2.154112,9.262681599999999,1.8525363199999998,cv
23.92170929990243,93,0.8599999999999999,-0.01081422,-2.1628439999999998,9.300229199999997,1.8600458399999995,cv
23.933127399883233,93,0.8599999999999999,-0.01124231,-2.248462,9.668386599999998,1.9336773199999997,cv
23.94453129998874,93,0.8599999999999999,-0.01140317,-2.280634,9.8067262,1.9613452399999998,cv
23.955997199984267,93,0.8599999999999999,-0.01133746,-2.267492,9.750215599999999,1.9500431199999997,cv
23.96748839993961,93,0.8599999999999999,-0.01118044,-2.2360879999999996,9.615178399999998,1.9230356799999995,cv
23.978970399941318,93,0.8599999999999999,-0.01098474,-2.196948,9.446876399999999,1.8893752799999997,cv
23.990461699897423,93,0.8599999999999999,-0.01075242,-2.150484,9.247081199999998,1.8494162399999998,cv
24.001910099876113,93,0.8599999999999999,-0.01088891,-2.1777819999999997,9.364462599999998,1.8728925199999995,cv
24.0133949998999,93,0.8599999999999999,-0.01131926,-2.263852,9.734563599999998,1.9469127199999996,cv
24.024848599918187,93,0.8599999999999999,-0.01141026,-2.282052,9.8128236,1.9625647199999998,cv
24.03629349998664,93,0.8599999999999999,-0.0113075,-2.2615,9.72445,1.9448899999999996,cv
24.047683599987067,93,0.8599999999999999,-0.01114397,-2.2287939999999997,9.583814199999999,1.9167628399999994,cv
24.059695299947634,93,0.8599999999999999,-0.01094979,-2.189958,9.416819399999998,1.8833638799999997,cv
24.07129669992719,93,0.8599999999999999,-0.01076137,-2.152274,9.254778199999997,1.8509556399999996,cv
24.082768099964596,93,0.8599999999999999,-0.01119437,-2.238874,9.6271582,1.9254316399999998,cv
24.094198899925686,93,0.8599999999999999,-0.01139928,-2.2798559999999997,9.8033808,1.9606761599999993,cv
24.10582719987724,93,0.8599999999999999,-0.01134867,-2.269734,9.759856199999998,1.9519712399999998,cv
24.117362599936314,93,0.8599999999999999,-0.01116567,-2.233134,9.6024762,1.92049524,cv
24.128837399883196,93,0.8599999999999999,-0.01096595,-2.1931900000000004,9.430716999999998,1.8861434000000001,cv
24.1417938999366,94,0.8499999999999999,-0.01100086,-2.200172,9.350730999999998,1.8701461999999995,cv
24.153271099901758,94,0.8499999999999999,-0.01143301,-2.2866020000000002,9.7180585,1.9436117,cv
24.164668099954724,94,0.8499999999999999,-0.0115185,-2.3037,9.790724999999998,1.9581449999999998,cv
24.176113999914378,94,0.8499999999999999,-0.01141887,-2.283774,9.706039499999997,1.9412078999999998,cv
24.187491499935277,94,0.8499999999999999,-0.01126545,-2.25309,9.5756325,1.9151264999999995,cv
24.198940999922343,94,0.8499999999999999,-0.01106756,-2.213512,9.407425999999997,1.8814851999999997,cv
24.2103982999688,94,0.8499999999999999,-0.01085621,-2.171242,9.2277785,1.8455556999999996,cv
24.22184449993074,94,0.8499999999999999,-0.01105227,-2.210454,9.394429499999998,1.8788858999999996,cv
24.233310799929313,94,0.8499999999999999,-0.01146027,-2.292054,9.7412295,1.9482458999999996,cv
24.24468459992204,94,0.8499999999999999,-0.01152249,-2.3044979999999997,9.794116499999998,1.9588232999999995,cv
24.256114099989645,94,0.8499999999999999,-0.01142352,-2.284704,9.709992,1.9419983999999997,cv
24.267543999943882,94,0.8499999999999999,-0.01125737,-2.251474,9.568764499999999,1.9137528999999998,cv
24.278978399932384,94,0.8499999999999999,-0.01105511,-2.211022,9.396843499999997,1.8793686999999994,cv
24.29042509989813,94,0.8499999999999999,-0.01084709,-2.169418,9.2200265,1.8440052999999996,cv
24.301875199889764,94,0.8499999999999999,-0.01108025,-2.21605,9.4182125,1.8836424999999997,cv
24.31335259997286,94,0.8499999999999999,-0.01147163,-2.294326,9.750885499999999,1.9501770999999997,cv
24.32480509998277,94,0.8499999999999999,-0.01151029,-2.3020579999999997,9.783746499999998,1.9567492999999994,cv
24.336266699945554,94,0.8499999999999999,-0.01139782,-2.2795639999999997,9.688146999999997,1.9376293999999994,cv
24.34768849995453,94,0.8499999999999999,-0.0112097,-2.24194,9.528244999999998,1.9056489999999997,cv
24.35926759999711,94,0.8499999999999999,-0.01101417,-2.202834,9.362044499999998,1.8724089,cv
24.37076399999205,94,0.8499999999999999,-0.01084296,-2.168592,9.216515999999999,1.8433031999999996,cv
24.383622299996205,95,0.8599999999999999,-0.01136291,-2.2725820000000003,9.772102599999998,1.95442052,cv
24.39511759998277,95,0.8599999999999999,-0.01135375,-2.27075,9.764224999999998,1.9528449999999997,cv
24.406506899977103,95,0.8599999999999999,-0.01122085,-2.2441699999999996,9.649930999999999,1.9299861999999994,cv
24.41792539996095,95,0.8599999999999999,-0.01104546,-2.209092,9.499095599999999,1.8998191199999999,cv
24.42933919990901,95,0.8599999999999999,-0.01083819,-2.1676379999999997,9.320843399999998,1.8641686799999995,cv
24.440753799979575,95,0.8599999999999999,-0.01072624,-2.1452479999999996,9.224566399999999,1.8449132799999994,cv
24.45214039995335,95,0.8599999999999999,-0.01110274,-2.220548,9.5483564,1.9096712799999997,cv
24.463520399993286,95,0.8599999999999999,-0.0113762,-2.2752399999999997,9.783531999999997,1.9567063999999994,cv
24.47498189995531,95,0.8599999999999999,-0.01136905,-2.27381,9.777382999999999,1.9554766,cv
24.486380499904044,95,0.8599999999999999,-0.01123923,-2.247846,9.665737799999997,1.9331475599999997,cv
24.497804099926725,95,0.8599999999999999,-0.01106414,-2.212828,9.5151604,1.9030320799999998,cv
24.509230999974534,95,0.8599999999999999,-0.01085082,-2.170164,9.331705199999998,1.86634104,cv
24.520600899937563,95,0.8599999999999999,-0.01073136,-2.146272,9.2289696,1.84579392,cv
24.53205119993072,95,0.8599999999999999,-0.01109046,-2.218092,9.537795599999999,1.9075591199999997,cv
24.543487099930644,95,0.8599999999999999,-0.01138433,-2.276866,9.790523799999999,1.9581047599999997,cv
24.55486429994926,95,0.8599999999999999,-0.01137054,-2.274108,9.7786644,1.9557328799999998,cv
24.566263099899516,95,0.8599999999999999,-0.0112423,-2.24846,9.668377999999999,1.9336756,cv
24.577665899996646,95,0.8599999999999999,-0.01106718,-2.2134359999999997,9.517774799999998,1.9035549599999995,cv
24.58918739994988,95,0.8599999999999999,-0.01085593,-2.1711859999999996,9.3360998,1.8672199599999995,cv
24.600783000001684,95,0.8599999999999999,-0.01074555,-2.14911,9.241172999999998,1.8482345999999996,cv
24.613084899960086,95,0.8599999999999999,-0.01118562,-2.237124,9.619633199999997,1.92392664,cv
24.626292299944907,96,0.8699999999999999,-0.01108559,-2.217118,9.644463299999998,1.9288926599999998,cv
24.637721599894576,96,0.8699999999999999,-0.01090641,-2.181282,9.4885767,1.8977153399999998,cv
24.649138299981132,96,0.8699999999999999,-0.01069611,-2.1392219999999997,9.305615699999999,1.8611231399999995,cv
24.660546699888073,96,0.8699999999999999,-0.0105833,-2.11666,9.207470999999998,1.8414941999999996,cv
24.671967499889433,96,0.8699999999999999,-0.01095753,-2.191506,9.533051099999998,1.9066102199999997,cv
24.683463899884373,96,0.8699999999999999,-0.01123528,-2.2470559999999997,9.774693599999999,1.9549387199999995,cv
24.69488199998159,96,0.8699999999999999,-0.0112116,-2.2423200000000003,9.754091999999998,1.9508184,cv
24.706367899896577,96,0.8699999999999999,-0.01107279,-2.2145580000000002,9.6333273,1.92666546,cv
24.717848499887623,96,0.8699999999999999,-0.01088361,-2.1767220000000003,9.468740699999998,1.89374814,cv
24.729301399900578,96,0.8699999999999999,-0.0106653,-2.13306,9.278811,1.8557621999999998,cv
24.74093709990848,96,0.8699999999999999,-0.0106307,-2.12614,9.248709,1.8497417999999997,cv
24.75238309998531,96,0.8699999999999999,-0.01110171,-2.220342,9.658487699999998,1.9316975399999998,cv
24.763839899911545,96,0.8699999999999999,-0.01126132,-2.252264,9.797348399999999,1.9594696799999995,cv
24.77528989990242,96,0.8699999999999999,-0.01118479,-2.236958,9.730767299999998,1.9461534599999997,cv
24.786727399914525,96,0.8699999999999999,-0.01102835,-2.20567,9.594664499999997,1.9189328999999997,cv
24.798161499900743,96,0.8699999999999999,-0.01082865,-2.16573,9.4209255,1.8841850999999996,cv
24.809642699896358,96,0.8699999999999999,-0.01060679,-2.121358,9.2279073,1.8455814599999996,cv
24.8210909999907,96,0.8699999999999999,-0.01072437,-2.144874,9.3302019,1.8660403799999998,cv
24.83269609999843,96,0.8699999999999999,-0.01115589,-2.231178,9.705624299999998,1.9411248599999997,cv
24.844302099896595,96,0.8699999999999999,-0.0112501,-2.25002,9.787586999999998,1.9575174,cv
24.855849299929105,96,0.8699999999999999,-0.01111949,-2.2238979999999997,9.673956299999999,1.9347912599999995,cv
24.868675999925472,97,0.8599999999999999,-0.01088129,-2.176258,9.357909399999999,1.8715818799999995,cv
24.88017429993488,97,0.8599999999999999,-0.01071393,-2.142786,9.213979799999999,1.84279596,cv
24.891619200003333,97,0.8599999999999999,-0.01106105,-2.21221,9.512502999999999,1.9025005999999995,cv
24.903123099938966,97,0.8599999999999999,-0.01136846,-2.273692,9.776875599999999,1.9553751199999998,cv
24.9146272999933,97,0.8599999999999999,-0.01136013,-2.272026,9.7697118,1.9539423599999997,cv
24.926113899913616,97,0.8599999999999999,-0.01121817,-2.2436339999999997,9.6476262,1.9295252399999994,cv
24.937568499939516,97,0.8599999999999999,-0.0110348,-2.20696,9.489927999999999,1.8979855999999997,cv
24.949384499923326,97,0.8599999999999999,-0.01082109,-2.164218,9.306137399999999,1.8612274799999997,cv
24.960793299949728,97,0.8599999999999999,-0.01083086,-2.166172,9.314539599999998,1.8629079199999998,cv
24.972245799959637,97,0.8599999999999999,-0.01125655,-2.25131,9.680632999999998,1.9361266,cv
24.983744999975897,97,0.8599999999999999,-0.01139973,-2.279946,9.803767799999997,1.9607535599999995,cv
24.995159999933094,97,0.8599999999999999,-0.01131414,-2.262828,9.730160399999999,1.9460320799999995,cv
25.006600699969567,97,0.8599999999999999,-0.01115828,-2.231656,9.596120799999998,1.9192241599999997,cv
25.018075399915688,97,0.8599999999999999,-0.01095601,-2.191202,9.4221686,1.8844337199999999,cv
25.02955839992501,97,0.8599999999999999,-0.01073764,-2.147528,9.2343704,1.8468740799999996,cv
25.041168299969286,97,0.8599999999999999,-0.01090809,-2.181618,9.3809574,1.8761914799999997,cv
25.052632799954154,97,0.8599999999999999,-0.01134849,-2.269698,9.759701399999997,1.9519402799999996,cv
25.064166099997237,97,0.8599999999999999,-0.01139095,-2.27819,9.796216999999999,1.9592433999999996,cv
25.075781899970025,97,0.8599999999999999,-0.01125853,-2.2517059999999995,9.682335799999999,1.9364671599999994,cv
25.088232099893503,97,0.8599999999999999,-0.0110607,-2.2121399999999998,9.512201999999998,1.9024403999999995,cv
25.099684299901128,97,0.8599999999999999,-0.01072042,-2.144084,9.2195612,1.8439122399999996,cv
25.11264479998499,98,0.8699999999999999,-0.01120346,-2.240692,9.7470102,1.9494020399999998,cv
25.12405789992772,98,0.8699999999999999,-0.011239,-2.2478000000000002,9.77793,1.955586,cv
25.13546859996859,98,0.8699999999999999,-0.01112193,-2.224386,9.676079099999999,1.9352158199999998,cv
25.146896099904552,98,0.8699999999999999,-0.01095201,-2.1904019999999997,9.528248699999999,1.9056497399999994,cv
25.158328999998048,98,0.8699999999999999,-0.01075427,-2.150854,9.356214899999998,1.8712429799999997,cv
25.169760199962184,98,0.8699999999999999,-0.01057494,-2.114988,9.200197799999998,1.8400395599999997,cv
25.1811629999429,98,0.8699999999999999,-0.01086362,-2.1727239999999997,9.451349399999998,1.8902698799999995,cv
25.192596899927594,98,0.8699999999999999,-0.01120916,-2.2418319999999996,9.751969199999998,1.9503938399999994,cv
25.204055699985474,98,0.8699999999999999,-0.01123877,-2.247754,9.777729899999999,1.9555459799999997,cv
25.215501499944367,98,0.8699999999999999,-0.01112361,-2.2247220000000003,9.6775407,1.93550814,cv
25.227017299970612,98,0.8699999999999999,-0.0109428,-2.18856,9.520235999999999,1.9040471999999997,cv
25.23849039990455,98,0.8699999999999999,-0.01072816,-2.145632,9.3334992,1.8666998399999997,cv
25.249935899977572,98,0.8699999999999999,-0.01059423,-2.118846,9.216980099999999,1.8433960199999997,cv
25.261347699910402,98,0.8699999999999999,-0.01096519,-2.193038,9.539715299999997,1.9079430599999998,cv
25.272775699966587,98,0.8699999999999999,-0.01124667,-2.249334,9.7846029,1.9569205799999998,cv
25.2842607999919,98,0.8699999999999999,-0.01123492,-2.2469840000000003,9.7743804,1.95487608,cv
25.295743399998173,98,0.8699999999999999,-0.0110961,-2.21922,9.653606999999997,1.9307213999999997,cv
25.307208799989894,98,0.8699999999999999,-0.01090582,-2.181164,9.488063399999998,1.8976126799999997,cv
25.318743699928746,98,0.8699999999999999,-0.01069635,-2.1392700000000002,9.305824499999998,1.8611649,cv
25.33036959997844,98,0.8699999999999999,-0.01064843,-2.1296860000000004,9.2641341,1.8528268200000002,cv
25.34236539993435,98,0.8699999999999999,-0.01118468,-2.236936,9.730671599999999,1.9461343199999999,cv
25.355183600098826,99,0.8799999999999999,-0.01097862,-2.195724,9.661185599999998,1.9322371199999995,cv
25.36659230000805,99,0.8799999999999999,-0.01080811,-2.161622,9.5111368,1.9022273599999997,cv
25.378025000100024,99,0.8799999999999999,-0.01061144,-2.122288,9.3380672,1.86761344,cv
25.389484200044535,99,0.8799999999999999,-0.01041499,-2.0829980000000003,9.165191199999999,1.83303824,cv
25.400945900008082,99,0.8799999999999999,-0.010687,-2.1374000000000004,9.40456,1.8809120000000001,cv
25.412381100002676,99,0.8799999999999999,-0.01104999,-2.209998,9.723991199999999,1.94479824,cv
25.42378060007468,99,0.8799999999999999,-0.01107255,-2.2145099999999998,9.743844,1.9487687999999996,cv
25.43519330001436,99,0.8799999999999999,-0.01096555,-2.19311,9.649683999999999,1.9299367999999997,cv
25.446654900093563,99,0.8799999999999999,-0.01079492,-2.158984,9.499529599999999,1.8999059199999997,cv
25.458132000057958,99,0.8799999999999999,-0.01058701,-2.1174020000000002,9.316568799999999,1.86331376,cv
25.469601400080137,99,0.8799999999999999,-0.01042546,-2.085092,9.174404799999998,1.8348809599999998,cv
25.481054300093092,99,0.8799999999999999,-0.01075032,-2.150064,9.4602816,1.8920563199999998,cv
25.49248900008388,99,0.8799999999999999,-0.01107814,-2.2156279999999997,9.748763199999999,1.9497526399999996,cv
25.50396380003076,99,0.8799999999999999,-0.01107842,-2.215684,9.749009599999999,1.9498019199999999,cv
25.515460700029507,99,0.8799999999999999,-0.01094358,-2.188716,9.630350399999998,1.9260700799999997,cv
25.526956300018355,99,0.8799999999999999,-0.01075189,-2.150378,9.4616632,1.8923326399999998,cv
25.538484600023367,99,0.8799999999999999,-0.01053405,-2.10681,9.269963999999998,1.8539927999999997,cv
25.549992800108157,99,0.8799999999999999,-0.01047698,-2.095396,9.2197424,1.84394848,cv
25.561557300039567,99,0.8799999999999999,-0.01091241,-2.1824820000000003,9.6029208,1.92058416,cv
25.57332490000408,99,0.8799999999999999,-0.01110592,-2.221184,9.7732096,1.9546419199999998,cv
25.584857500041835,99,0.8799999999999999,-0.01099387,-2.198774,9.674605599999998,1.9349211199999996,cv
25.597846399992704,100,0.8699999999999999,-0.01077253,-2.1545060000000005,9.372101099999998,1.8744202200000002,cv
25.609287199913524,100,0.8699999999999999,-0.0105726,-2.1145199999999997,9.198162,1.8396323999999995,cv
25.620734899886884,100,0.8699999999999999,-0.01084278,-2.1685559999999997,9.433218599999998,1.8866437199999995,cv
25.632202199893072,100,0.8699999999999999,-0.01120952,-2.2419040000000003,9.752282399999999,1.95045648,cv
25.643680699984543,100,0.8699999999999999,-0.01123342,-2.2466839999999997,9.773075399999998,1.9546150799999995,cv
25.655082399956882,100,0.8699999999999999,-0.01111581,-2.223162,9.6707547,1.9341509399999997,cv
25.66679279995151,100,0.8699999999999999,-0.01094293,-2.188586,9.520349099999999,1.9040698199999997,cv
25.67830489994958,100,0.8699999999999999,-0.01067769,-2.135538,9.289590299999999,1.8579180599999996,cv
25.689745699986815,100,0.8699999999999999,-0.01061284,-2.1225680000000002,9.2331708,1.84663416,cv
25.701271199970506,100,0.8699999999999999,-0.01103591,-2.207182,9.6012417,1.9202483399999997,cv
25.712782599963248,100,0.8699999999999999,-0.01125552,-2.251104,9.792302399999997,1.9584604799999998,cv
25.72427909995895,100,0.8699999999999999,-0.01118584,-2.237168,9.7316808,1.9463361599999998,cv
25.73577559995465,100,0.8699999999999999,-0.01103388,-2.206776,9.5994756,1.9198951199999998,cv
25.747252699919045,100,0.8699999999999999,-0.01083581,-2.1671620000000003,9.427154699999999,1.88543094,cv
25.75875289994292,100,0.8699999999999999,-0.01061318,-2.122636,9.233466599999998,1.8466933199999997,cv
25.770244399900548,100,0.8699999999999999,-0.0107453,-2.1490599999999995,9.348410999999997,1.8696821999999993,cv
25.78170389996376,100,0.8699999999999999,-0.01116729,-2.2334579999999997,9.7155423,1.9431084599999995,cv
25.79320839990396,100,0.8699999999999999,-0.01125895,-2.25179,9.795286499999998,1.9590573,cv
25.80474619998131,100,0.8699999999999999,-0.01115351,-2.230702,9.703553699999999,1.9407107399999997,cv
25.816366099985316,100,0.8699999999999999,-0.01096236,-2.192472,9.5372532,1.9074506399999998,cv
25.82787959999405,100,0.8699999999999999,-0.01073038,-2.146076,9.335430599999999,1.8670861199999997,cv
25.840821699937806,101,0.8599999999999999,-0.01110455,-2.22091,9.549912999999998,1.9099825999999998,cv
25.852263699984178,101,0.8599999999999999,-0.01138309,-2.276618,9.789457399999998,1.9578914799999998,cv
25.863706899923272,101,0.8599999999999999,-0.01136234,-2.272468,9.771612399999999,1.9543224799999996,cv
25.875097499927506,101,0.8599999999999999,-0.01123068,-2.246136,9.658384799999999,1.9316769599999997,cv
25.88654179999139,101,0.8599999999999999,-0.0110511,-2.21022,9.503945999999997,1.9007891999999997,cv
25.897980799898505,101,0.8599999999999999,-0.01084203,-2.168406,9.324145799999998,1.8648291599999998,cv
25.909422099939547,101,0.8599999999999999,-0.0107402,-2.14804,9.236571999999999,1.8473143999999997,cv
25.920748899923638,101,0.8599999999999999,-0.01110063,-2.220126,9.546541799999998,1.9093083599999998,cv
25.93217049993109,101,0.8599999999999999,-0.01138059,-2.276118,9.7873074,1.9574614799999996,cv
25.943601599894464,101,0.8599999999999999,-0.01135903,-2.271806,9.768765799999999,1.95375316,cv
25.954979999922216,101,0.8599999999999999,-0.01123377,-2.246754,9.661042199999999,1.93220844,cv
25.966363799991086,101,0.8599999999999999,-0.0110615,-2.2123,9.512889999999999,1.9025779999999997,cv
25.977765699964948,101,0.8599999999999999,-0.01085813,-2.1716260000000003,9.3379918,1.86759836,cv
25.9891776998993,101,0.8599999999999999,-0.01072753,-2.145506,9.2256758,1.8451351599999999,cv
26.00056929991115,101,0.8599999999999999,-0.01107238,-2.214476,9.522246799999998,1.9044493599999996,cv
26.01200559991412,101,0.8599999999999999,-0.01137175,-2.27435,9.779704999999998,1.9559409999999997,cv
26.02362229989376,101,0.8599999999999999,-0.0113688,-2.2737600000000002,9.777168,1.9554335999999999,cv
26.035055699991062,101,0.8599999999999999,-0.01122467,-2.244934,9.6532162,1.93064324,cv
26.04659449995961,101,0.8599999999999999,-0.01103898,-2.207796,9.4935228,1.8987045599999999,cv
26.05809739988763,101,0.8599999999999999,-0.01080392,-2.160784,9.291371199999999,1.8582742399999999,cv
26.06959669990465,101,0.8599999999999999,-0.01078708,-2.157416,9.276888799999996,1.8553777599999997,cv
26.08240499999374,102,0.8499999999999999,-0.01152517,-2.305034,9.796394499999998,1.9592788999999997,cv
26.093844599905424,102,0.8499999999999999,-0.01146503,-2.2930059999999997,9.745275499999998,1.9490550999999994,cv
26.105230199988,102,0.8499999999999999,-0.01131831,-2.263662,9.620563499999998,1.9241126999999998,cv
26.11669900000561,102,0.8499999999999999,-0.01112379,-2.224758,9.455221499999999,1.8910442999999997,cv
26.12816159997601,102,0.8499999999999999,-0.01090204,-2.180408,9.266734,1.8533467999999995,cv
26.139650099910796,102,0.8499999999999999,-0.01092607,-2.1852139999999998,9.287159499999998,1.8574318999999995,cv
26.151086499914527,102,0.8499999999999999,-0.01137149,-2.274298,9.665766499999998,1.9331532999999996,cv
26.16257449996192,102,0.8499999999999999,-0.0115179,-2.3035799999999997,9.790214999999998,1.9580429999999995,cv
26.174043099978007,102,0.8499999999999999,-0.01143429,-2.2868579999999996,9.719146499999997,1.9438292999999993,cv
26.185499999905005,102,0.8499999999999999,-0.01126616,-2.253232,9.576235999999998,1.9152471999999998,cv
26.19694829999935,102,0.8499999999999999,-0.01107266,-2.2145319999999997,9.411760999999998,1.8823521999999995,cv
26.208379499963485,102,0.8499999999999999,-0.01085174,-2.1703479999999997,9.223978999999998,1.8447957999999995,cv
26.21982899995055,102,0.8499999999999999,-0.01100154,-2.200308,9.351308999999999,1.8702617999999998,cv
26.231321599916555,102,0.8499999999999999,-0.01142742,-2.2854840000000003,9.713306999999999,1.9426614,cv
26.24279769998975,102,0.8499999999999999,-0.01151291,-2.302582,9.785973499999997,1.9571946999999998,cv
26.25427029991988,102,0.8499999999999999,-0.01140542,-2.281084,9.694606999999998,1.9389213999999997,cv
26.2657206999138,102,0.8499999999999999,-0.01122888,-2.245776,9.544547999999999,1.9089095999999999,cv
26.277167199994437,102,0.8499999999999999,-0.01102649,-2.205298,9.3725165,1.8745032999999998,cv
26.28871120000258,102,0.8499999999999999,-0.01083087,-2.166174,9.206239499999997,1.8412478999999995,cv
26.300250399974175,102,0.8499999999999999,-0.01116067,-2.232134,9.486569499999998,1.8973138999999997,cv
26.31174989999272,102,0.8499999999999999,-0.01149243,-2.2984859999999996,9.768565499999998,1.9537130999999994,cv
26.324832299957052,103,0.8399999999999999,-0.01145184,-2.290368,9.619545599999999,1.9239091199999996,cv
26.336321899900213,103,0.8399999999999999,-0.01126342,-2.252684,9.461272799999998,1.8922545599999996,cv
26.34777699992992,103,0.8399999999999999,-0.0110393,-2.20786,9.273012,1.8546023999999999,cv
26.359209499903955,103,0.8399999999999999,-0.01099904,-2.199808,9.239193599999998,1.8478387199999997,cv
26.37064409989398,103,0.8399999999999999,-0.01143057,-2.286114,9.601678799999997,1.9203357599999997,cv
26.382330899941735,103,0.8399999999999999,-0.01162685,-2.32537,9.766554,1.9533107999999997,cv
26.393773399991915,103,0.8399999999999999,-0.01154879,-2.309758,9.700983599999997,1.9401967199999997,cv
26.405186499934644,103,0.8399999999999999,-0.0113873,-2.27746,9.565331999999998,1.9130663999999997,cv
26.416616599890403,103,0.8399999999999999,-0.01120125,-2.24025,9.409049999999999,1.8818099999999998,cv
26.428054199903272,103,0.8399999999999999,-0.01097472,-2.194944,9.218764799999999,1.8437529599999998,cv
26.439496799954213,103,0.8399999999999999,-0.01107262,-2.214524,9.301000799999999,1.8602001599999995,cv
26.450943899923004,103,0.8399999999999999,-0.011504,-2.3007999999999997,9.663359999999999,1.9326719999999995,cv
26.462420699885115,103,0.8399999999999999,-0.01162352,-2.3247039999999997,9.7637568,1.9527513599999995,cv
26.473875299911015,103,0.8399999999999999,-0.01153529,-2.307058,9.689643599999998,1.9379287199999997,cv
26.485368999885395,103,0.8399999999999999,-0.01136647,-2.273294,9.547834799999999,1.9095669599999996,cv
26.496866199886426,103,0.8399999999999999,-0.01116043,-2.232086,9.3747612,1.8749522399999996,cv
26.508328499970958,103,0.8399999999999999,-0.01094637,-2.189274,9.194950799999999,1.8389901599999998,cv
26.51977289991919,103,0.8399999999999999,-0.01118054,-2.2361079999999998,9.391653599999998,1.8783307199999995,cv
26.531367999967188,103,0.8399999999999999,-0.01156833,-2.313666,9.717397199999999,1.9434794399999997,cv
26.542912199976854,103,0.8399999999999999,-0.01160736,-2.321472,9.750182399999998,1.9500364799999996,cv
26.55448919988703,103,0.8399999999999999,-0.01146644,-2.293288,9.631809599999997,1.9263619199999997,cv
26.56754479999654,104,0.8499999999999999,-0.01092687,-2.185374,9.287839499999999,1.8575678999999996,cv
26.57900869997684,104,0.8499999999999999,-0.01088424,-2.176848,9.251603999999999,1.8503207999999998,cv
26.590493600000627,104,0.8499999999999999,-0.01131337,-2.2626739999999996,9.616364499999998,1.9232728999999993,cv
26.60198049992323,104,0.8499999999999999,-0.01150896,-2.301792,9.782615999999999,1.9565231999999995,cv
26.613497099955566,104,0.8499999999999999,-0.01144241,-2.288482,9.7260485,1.9452096999999997,cv
26.625002199900337,104,0.8499999999999999,-0.01127918,-2.255836,9.587302999999999,1.9174605999999996,cv
26.636457999935374,104,0.8499999999999999,-0.01107744,-2.2154879999999997,9.415823999999999,1.8831647999999994,cv
26.647904599900357,104,0.8499999999999999,-0.0108556,-2.17112,9.22726,1.8454519999999999,cv
26.659345699939877,104,0.8499999999999999,-0.01097666,-2.1953319999999996,9.330160999999999,1.8660321999999994,cv
26.67080469999928,104,0.8499999999999999,-0.0113905,-2.2781,9.681924999999998,1.9363849999999996,cv
26.682272599893622,104,0.8499999999999999,-0.01150401,-2.300802,9.7784085,1.9556816999999997,cv
26.69408659997862,104,0.8499999999999999,-0.01140614,-2.281228,9.695218999999998,1.9390437999999997,cv
26.70554059999995,104,0.8499999999999999,-0.01119323,-2.238646,9.5142455,1.9028490999999998,cv
26.717134299920872,104,0.8499999999999999,-0.01096467,-2.192934,9.319969499999997,1.8639938999999999,cv
26.728525499929674,104,0.8499999999999999,-0.01083778,-2.1675560000000003,9.212112999999999,1.8424226,cv
26.739954699994996,104,0.8499999999999999,-0.01119263,-2.238526,9.5137355,1.9027470999999996,cv
26.751427999930456,104,0.8499999999999999,-0.01149417,-2.2988340000000003,9.7700445,1.9540088999999998,cv
26.762872499995865,104,0.8499999999999999,-0.01147713,-2.295426,9.755560499999998,1.9511120999999996,cv
26.774417499895208,104,0.8499999999999999,-0.01134333,-2.268666,9.6418305,1.9283660999999999,cv
26.785930499900132,104,0.8499999999999999,-0.0111313,-2.22626,9.461604999999999,1.8923209999999997,cv
26.79739909991622,104,0.8499999999999999,-0.0109192,-2.18384,9.28132,1.8562639999999997,cv
26.810523599968292,105,0.8399999999999999,-0.011484,-2.2968,9.64656,1.929312,cv
26.821934799896553,105,0.8399999999999999,-0.01162574,-2.325148,9.7656216,1.9531243199999997,cv
26.833449499914423,105,0.8399999999999999,-0.01154215,-2.30843,9.695405999999998,1.9390811999999997,cv
26.844947299920022,105,0.8399999999999999,-0.01136806,-2.273612,9.549170399999998,1.9098340799999995,cv
26.856404799968004,105,0.8399999999999999,-0.01116374,-2.232748,9.377541599999999,1.8755083199999996,cv
26.867874999996275,105,0.8399999999999999,-0.01094228,-2.188456,9.191515199999998,1.8383030399999996,cv
26.87935269996524,105,0.8399999999999999,-0.01113617,-2.227234,9.3543828,1.87087656,cv
26.89087269990705,105,0.8399999999999999,-0.01154686,-2.309372,9.6993624,1.9398724799999998,cv
26.902296499931253,105,0.8399999999999999,-0.01160177,-2.320354,9.7454868,1.9490973599999997,cv
26.91374389990233,105,0.8399999999999999,-0.01149408,-2.298816,9.6550272,1.9310054399999996,cv
26.92518229992129,105,0.8399999999999999,-0.01132332,-2.264664,9.511588799999998,1.9023177599999994,cv
26.93658409989439,105,0.8399999999999999,-0.01111938,-2.2238759999999997,9.3402792,1.8680558399999994,cv
26.947987099993043,105,0.8399999999999999,-0.01092501,-2.185002,9.177008399999998,1.8354016799999997,cv
26.95952239993494,105,0.8399999999999999,-0.01120081,-2.240162,9.4086804,1.8817360799999998,cv
26.970910499920137,105,0.8399999999999999,-0.01157183,-2.314366,9.720337199999998,1.9440674399999998,cv
26.98232139996253,105,0.8399999999999999,-0.01160194,-2.320388,9.745629599999997,1.9491259199999995,cv
26.993763399892487,105,0.8399999999999999,-0.01148605,-2.2972099999999998,9.648281999999998,1.9296563999999994,cv
27.00521539989859,105,0.8399999999999999,-0.01130495,-2.26099,9.496157999999998,1.8992315999999998,cv
27.01670939999167,105,0.8399999999999999,-0.01110623,-2.221246,9.3292332,1.8658466399999996,cv
27.028392599895597,105,0.8399999999999999,-0.01093594,-2.187188,9.186189599999999,1.8372379199999995,cv
27.039796899887733,105,0.8399999999999999,-0.01133751,-2.267502,9.523508399999999,1.9047016799999996,cv
27.052948899916373,106,0.8499999999999999,-0.0114683,-2.29366,9.748054999999999,1.9496109999999998,cv
27.064458099892363,106,0.8499999999999999,-0.01129,-2.258,9.596499999999997,1.9192999999999998,cv
27.07583819993306,106,0.8499999999999999,-0.01110484,-2.220968,9.439113999999998,1.8878227999999997,cv
27.087296599987894,106,0.8499999999999999,-0.01089332,-2.178664,9.259322,1.8518643999999997,cv
27.09874689998105,106,0.8499999999999999,-0.0109196,-2.1839199999999996,9.281659999999999,1.8563319999999994,cv
27.110159599920735,106,0.8499999999999999,-0.01134954,-2.269908,9.647108999999999,1.9294217999999996,cv
27.12149499997031,106,0.8499999999999999,-0.01150475,-2.30095,9.779037499999998,1.9558074999999995,cv
27.1329420999391,106,0.8499999999999999,-0.01144347,-2.2886940000000005,9.726949499999998,1.9453899000000001,cv
27.14435409998987,106,0.8499999999999999,-0.01129122,-2.258244,9.597536999999997,1.9195073999999996,cv
27.155880199978128,106,0.8499999999999999,-0.01109507,-2.219014,9.430809499999999,1.8861618999999998,cv
27.16736569989007,106,0.8499999999999999,-0.01086819,-2.173638,9.237961499999999,1.8475922999999996,cv
27.178824699949473,106,0.8499999999999999,-0.01095248,-2.1904960000000004,9.309607999999999,1.8619216,cv
27.19024729996454,106,0.8499999999999999,-0.01138631,-2.277262,9.678363499999998,1.9356726999999996,cv
27.20168809988536,106,0.8499999999999999,-0.01150279,-2.300558,9.7773715,1.9554742999999999,cv
27.213132899953052,106,0.8499999999999999,-0.01141748,-2.2834960000000004,9.704857999999998,1.9409716000000001,cv
27.224552499945275,106,0.8499999999999999,-0.01125977,-2.2519540000000005,9.570804499999998,1.9141609000000002,cv
27.235893299919553,106,0.8499999999999999,-0.01106789,-2.213578,9.407706499999998,1.8815412999999996,cv
27.24726709991228,106,0.8499999999999999,-0.01086255,-2.17251,9.233167499999999,1.8466334999999996,cv
27.25871639989782,106,0.8499999999999999,-0.01093891,-2.187782,9.2980735,1.8596146999999996,cv
27.270255399984308,106,0.8499999999999999,-0.01139218,-2.278436,9.683352999999999,1.9366705999999998,cv
27.281733299954794,106,0.8499999999999999,-0.01150653,-2.301306,9.780550499999997,1.9561100999999996,cv
27.29445789998863,107,0.8599999999999999,-0.01114065,-2.22813,9.580958999999998,1.9161917999999998,cv
27.30591359990649,107,0.8599999999999999,-0.01094992,-2.189984,9.416931199999999,1.8833862399999997,cv
27.317384099937044,107,0.8599999999999999,-0.01072467,-2.144934,9.223216199999998,1.84464324,cv
27.328846799908206,107,0.8599999999999999,-0.01087198,-2.174396,9.349902799999999,1.86998056,cv
27.340245299972594,107,0.8599999999999999,-0.01128889,-2.2577779999999996,9.708445399999999,1.9416890799999993,cv
27.35167249990627,107,0.8599999999999999,-0.01138182,-2.276364,9.7883652,1.9576730399999998,cv
27.363151499885134,107,0.8599999999999999,-0.01127836,-2.2556719999999997,9.699389599999998,1.9398779199999994,cv
27.374605499906465,107,0.8599999999999999,-0.0111153,-2.22306,9.559157999999998,1.9118315999999995,cv
27.386023399885744,107,0.8599999999999999,-0.01090801,-2.181602,9.380888599999999,1.8761777199999996,cv
27.3974387999624,107,0.8599999999999999,-0.01070367,-2.140734,9.205156199999998,1.84103124,cv
27.40882759995293,107,0.8599999999999999,-0.01089954,-2.179908,9.373604399999998,1.87472088,cv
27.420292699942365,107,0.8599999999999999,-0.01129237,-2.258474,9.711438199999998,1.9422876399999998,cv
27.43175569991581,107,0.8599999999999999,-0.01136275,-2.27255,9.771964999999998,1.9543929999999996,cv
27.443207799922675,107,0.8599999999999999,-0.01125179,-2.250358,9.676539399999998,1.9353078799999996,cv
27.454650799976662,107,0.8599999999999999,-0.01109042,-2.218084,9.537761199999998,1.9075522399999998,cv
27.466129699954763,107,0.8599999999999999,-0.01088106,-2.176212,9.357711599999998,1.8715423199999999,cv
27.477570999995805,107,0.8599999999999999,-0.0106882,-2.13764,9.191851999999999,1.8383703999999998,cv
27.48888649989385,107,0.8599999999999999,-0.01093515,-2.18703,9.404228999999999,1.8808457999999997,cv
27.500394699978642,107,0.8599999999999999,-0.01130727,-2.2614539999999996,9.724252199999999,1.9448504399999993,cv
27.51188409992028,107,0.8599999999999999,-0.01136093,-2.272186,9.7703998,1.9540799599999998,cv
27.523392299888656,107,0.8599999999999999,-0.01123509,-2.2470179999999997,9.662177399999997,1.9324354799999994,cv
27.536270699929446,108,0.8499999999999999,-0.01096718,-2.193436,9.322102999999998,1.8644205999999999,cv
27.54768749990035,108,0.8499999999999999,-0.01082382,-2.164764,9.200246999999997,1.8400493999999996,cv
27.559121700003743,108,0.8499999999999999,-0.01115817,-2.231634,9.484444499999999,1.8968888999999998,cv
27.570523099973798,108,0.8499999999999999,-0.01147604,-2.2952079999999997,9.754633999999998,1.9509267999999995,cv
27.58196159999352,108,0.8499999999999999,-0.01148389,-2.296778,9.761306499999998,1.9522613,cv
27.5934050999349,108,0.8499999999999999,-0.0113546,-2.27092,9.651409999999997,1.9302819999999996,cv
27.60480029997416,108,0.8499999999999999,-0.01117689,-2.235378,9.500356499999997,1.9000712999999996,cv
27.61625749990344,108,0.8499999999999999,-0.01097512,-2.195024,9.328851999999998,1.8657703999999997,cv
27.627680699923076,108,0.8499999999999999,-0.01082616,-2.165232,9.202236,1.8404471999999998,cv
27.639116899925284,108,0.8499999999999999,-0.0111838,-2.2367600000000003,9.506229999999999,1.901246,cv
27.650556599954143,108,0.8499999999999999,-0.0114793,-2.2958600000000002,9.757404999999999,1.9514809999999998,cv
27.661981099983677,108,0.8499999999999999,-0.01146826,-2.293652,9.748020999999998,1.9496041999999996,cv
27.673443599953316,108,0.8499999999999999,-0.01133467,-2.266934,9.634469499999998,1.9268938999999996,cv
27.684903299901634,108,0.8499999999999999,-0.01115967,-2.231934,9.485719499999998,1.8971438999999997,cv
27.696370199904777,108,0.8499999999999999,-0.01094177,-2.188354,9.300504499999999,1.8601008999999997,cv
27.70780009997543,108,0.8499999999999999,-0.01084028,-2.168056,9.214238,1.8428475999999996,cv
27.71922609989997,108,0.8499999999999999,-0.01123912,-2.247824,9.553251999999999,1.9106503999999997,cv
27.730638699955307,108,0.8499999999999999,-0.01148859,-2.297718,9.765301499999998,1.9530602999999997,cv
27.742059299955145,108,0.8499999999999999,-0.01146107,-2.292214,9.741909499999998,1.9483818999999998,cv
27.75367139989976,108,0.8499999999999999,-0.01131687,-2.2633739999999998,9.619339499999999,1.9238678999999994,cv
27.76525469997432,108,0.8499999999999999,-0.01110284,-2.2205679999999997,9.437413999999999,1.8874827999999995,cv
27.778185699949972,109,0.8599999999999999,-0.01078067,-2.1561339999999998,9.271376199999999,1.8542752399999995,cv
27.789684599963948,109,0.8599999999999999,-0.01123934,-2.247868,9.6658324,1.9331664799999997,cv
27.801139699993655,109,0.8599999999999999,-0.01137671,-2.2753419999999998,9.783970599999998,1.9567941199999994,cv
27.81261059991084,109,0.8599999999999999,-0.01128954,-2.257908,9.709004399999998,1.9418008799999997,cv
27.8240044999402,109,0.8599999999999999,-0.01112927,-2.225854,9.571172199999998,1.9142344399999998,cv
27.835415499983355,109,0.8599999999999999,-0.01094165,-2.18833,9.409819,1.8819637999999999,cv
27.846902999910526,109,0.8599999999999999,-0.01071904,-2.1438080000000004,9.2183744,1.84367488,cv
27.858372399932705,109,0.8599999999999999,-0.01085146,-2.170292,9.332255599999998,1.8664511199999996,cv
27.869817299884744,109,0.8599999999999999,-0.01127976,-2.2559519999999997,9.700593599999998,1.9401187199999994,cv
27.881240999908186,109,0.8599999999999999,-0.01136577,-2.2731540000000003,9.7745622,1.95491244,cv
27.892658999888226,109,0.8599999999999999,-0.01127215,-2.25443,9.694048999999998,1.9388097999999998,cv
27.90407999989111,109,0.8599999999999999,-0.01110785,-2.2215700000000003,9.552751,1.9105501999999999,cv
27.915505899931304,109,0.8599999999999999,-0.01091356,-2.1827119999999995,9.385661599999997,1.8771323199999994,cv
27.926922499900684,109,0.8599999999999999,-0.01069658,-2.139316,9.1990588,1.8398117599999997,cv
27.938371099880897,109,0.8599999999999999,-0.01086901,-2.173802,9.3473486,1.8694697199999994,cv
27.950086299912073,109,0.8599999999999999,-0.01127598,-2.255196,9.697342799999998,1.93946856,cv
27.96150609990582,109,0.8599999999999999,-0.01134302,-2.2686040000000003,9.754997199999998,1.95099944,cv
27.972954299882986,109,0.8599999999999999,-0.01123306,-2.246612,9.660431599999999,1.9320863199999996,cv
27.984526499989443,109,0.8599999999999999,-0.01105301,-2.210602,9.505588599999998,1.9011177199999998,cv
27.995947599993087,109,0.8599999999999999,-0.01083535,-2.16707,9.318400999999998,1.8636801999999997,cv
28.007416799897328,109,0.8599999999999999,-0.01069513,-2.1390260000000003,9.197811799999998,1.83956236,cv
28.02036549989134,110,0.8499999999999999,-0.01148209,-2.296418,9.7597765,1.9519552999999998,cv
28.0317862998927,110,0.8499999999999999,-0.01145986,-2.2919720000000003,9.740880999999998,1.9481762,cv
28.04321309993975,110,0.8499999999999999,-0.0113253,-2.26506,9.626504999999998,1.9253009999999997,cv
28.054638599976897,110,0.8499999999999999,-0.0111513,-2.23026,9.478604999999998,1.8957209999999995,cv
28.06601640000008,110,0.8499999999999999,-0.01094158,-2.188316,9.300342999999998,1.8600685999999997,cv
28.07738629996311,110,0.8499999999999999,-0.01083796,-2.167592,9.212265999999998,1.8424531999999996,cv
28.0887210998917,110,0.8499999999999999,-0.01119682,-2.2393639999999997,9.517296999999997,1.9034593999999994,cv
28.100129499915056,110,0.8499999999999999,-0.01146691,-2.2933820000000003,9.7468735,1.9493747,cv
28.111505699926056,110,0.8499999999999999,-0.01147255,-2.29451,9.751667499999998,1.9503334999999995,cv
28.12286999996286,110,0.8499999999999999,-0.01135328,-2.270656,9.650287999999998,1.9300575999999996,cv
28.13423209998291,110,0.8499999999999999,-0.01118351,-2.236702,9.5059835,1.9011966999999999,cv
28.14669579989277,110,0.8499999999999999,-0.0109894,-2.19788,9.340989999999998,1.8681979999999998,cv
28.158125899964944,110,0.8499999999999999,-0.01097293,-2.194586,9.326990499999999,1.8653980999999997,cv
28.16957269993145,110,0.8499999999999999,-0.01140229,-2.2804580000000003,9.6919465,1.9383892999999999,cv
28.180978799937293,110,0.8499999999999999,-0.01149156,-2.298312,9.767825999999998,1.9535652,cv
28.192442199913785,110,0.8499999999999999,-0.01139343,-2.278686,9.684415499999998,1.9368830999999997,cv
28.20388309995178,110,0.8499999999999999,-0.01122591,-2.2451820000000002,9.542023499999997,1.9084047,cv
28.215258899959736,110,0.8499999999999999,-0.01102678,-2.205356,9.372762999999999,1.8745525999999997,cv
28.22666099993512,110,0.8499999999999999,-0.01082359,-2.1647179999999997,9.200051499999999,1.8400102999999994,cv
28.23820139991585,110,0.8499999999999999,-0.01099224,-2.198448,9.343404,1.8686807999999997,cv
28.249721099971794,110,0.8499999999999999,-0.01143095,-2.2861900000000004,9.7163075,1.9432615,cv
28.262737099896185,111,0.8399999999999999,-0.0114647,-2.2929399999999998,9.630347999999998,1.9260695999999995,cv
28.274231699993834,111,0.8399999999999999,-0.01128454,-2.256908,9.479013599999996,1.8958027199999998,cv
28.285654899897054,111,0.8399999999999999,-0.01108123,-2.216246,9.308233199999998,1.8616466399999996,cv
28.297090099891648,111,0.8399999999999999,-0.01092937,-2.185874,9.180670799999998,1.8361341599999998,cv
28.308542599901557,111,0.8399999999999999,-0.01128448,-2.2568960000000002,9.478963199999997,1.8957926399999998,cv
28.319987199967727,111,0.8399999999999999,-0.01158123,-2.316246,9.728233199999998,1.9456466399999996,cv
28.331427400000393,111,0.8399999999999999,-0.01157589,-2.315178,9.7237476,1.9447495199999996,cv
28.34285649994854,111,0.8399999999999999,-0.01144516,-2.2890319999999997,9.613934399999998,1.9227868799999994,cv
28.354266299982555,111,0.8399999999999999,-0.01127067,-2.254134,9.467362799999998,1.8934725599999997,cv
28.365658700000495,111,0.8399999999999999,-0.01106266,-2.2125320000000004,9.292634399999999,1.85852688,cv
28.377088699955493,111,0.8399999999999999,-0.01093362,-2.186724,9.184240799999998,1.8368481599999995,cv
28.38856059999671,111,0.8399999999999999,-0.01129294,-2.258588,9.486069599999997,1.8972139199999998,cv
28.399990999954753,111,0.8399999999999999,-0.01158215,-2.3164299999999995,9.729005999999998,1.9458011999999993,cv
28.41141629999038,111,0.8399999999999999,-0.01156622,-2.313244,9.715624799999999,1.9431249599999998,cv
28.42279999994207,111,0.8399999999999999,-0.01142655,-2.28531,9.598302,1.9196603999999997,cv
28.43422259995714,111,0.8399999999999999,-0.01125966,-2.251932,9.458114399999998,1.8916228799999997,cv
28.445613499963656,111,0.8399999999999999,-0.01104773,-2.209546,9.2800932,1.8560186399999996,cv
28.45703189994674,111,0.8399999999999999,-0.01092409,-2.184818,9.176235599999996,1.8352471199999996,cv
28.468417599913664,111,0.8399999999999999,-0.01128506,-2.257012,9.4794504,1.8958900799999996,cv
28.47990309994202,111,0.8399999999999999,-0.01156716,-2.3134319999999997,9.716414399999998,1.9432828799999995,cv
28.491401299950667,111,0.8399999999999999,-0.01155729,-2.311458,9.708123599999999,1.9416247199999996,cv
28.50409409997519,112,0.8499999999999999,-0.01115298,-2.230596,9.480032999999999,1.8960065999999995,cv
28.515527999959886,112,0.8499999999999999,-0.01094223,-2.188446,9.3008955,1.8601790999999996,cv
28.526895799906924,112,0.8499999999999999,-0.01080818,-2.161636,9.186952999999999,1.8373905999999998,cv
28.538270499906503,112,0.8499999999999999,-0.01114014,-2.228028,9.469118999999997,1.8938237999999998,cv
28.549653799971566,112,0.8499999999999999,-0.01144998,-2.289996,9.732482999999998,1.9464965999999997,cv
28.5610673999181,112,0.8499999999999999,-0.01146415,-2.29283,9.744527499999997,1.9489054999999997,cv
28.572488399920985,112,0.8499999999999999,-0.01134807,-2.269614,9.645859499999998,1.9291718999999996,cv
28.583927399944514,112,0.8499999999999999,-0.01116943,-2.2338859999999996,9.494015499999998,1.8988030999999994,cv
28.595369299990125,112,0.8499999999999999,-0.01096206,-2.192412,9.317750999999998,1.8635501999999997,cv
28.606809899909422,112,0.8499999999999999,-0.01080237,-2.160474,9.1820145,1.8364028999999995,cv
28.61823319992982,112,0.8499999999999999,-0.01113769,-2.227538,9.467036499999999,1.8934072999999998,cv
28.629648299887776,112,0.8499999999999999,-0.01145004,-2.290008,9.732533999999998,1.9465067999999996,cv
28.6410748999333,112,0.8499999999999999,-0.01145835,-2.2916700000000003,9.739597499999999,1.9479195,cv
28.652511599939317,112,0.8499999999999999,-0.01133712,-2.2674239999999997,9.636551999999998,1.9273103999999994,cv
28.663971299887635,112,0.8499999999999999,-0.01115502,-2.231004,9.481766999999998,1.8963533999999997,cv
28.6753612998873,112,0.8499999999999999,-0.01094821,-2.189642,9.305978499999998,1.8611956999999997,cv
28.686730099958368,112,0.8499999999999999,-0.01080725,-2.16145,9.186162499999998,1.8372324999999996,cv
28.698167599970475,112,0.8499999999999999,-0.01112368,-2.224736,9.455127999999998,1.8910255999999996,cv
28.709801299963146,112,0.8499999999999999,-0.01145627,-2.291254,9.737829499999998,1.9475658999999996,cv
28.721266599954106,112,0.8499999999999999,-0.01144044,-2.2880879999999997,9.724373999999997,1.9448747999999993,cv
28.732750199967995,112,0.8499999999999999,-0.01130029,-2.260058,9.605246499999998,1.9210492999999995,cv
28.745704000000842,113,0.8599999999999999,-0.01076619,-2.153238,9.258923399999999,1.8517846799999997,cv
28.75713389995508,113,0.8599999999999999,-0.01073431,-2.146862,9.2315066,1.8463013199999998,cv
28.768566299928352,113,0.8599999999999999,-0.01115153,-2.2303059999999997,9.590315799999999,1.9180631599999995,cv
28.780015699914657,113,0.8599999999999999,-0.01135297,-2.270594,9.763554199999998,1.9527108399999997,cv
28.791427799966186,113,0.8599999999999999,-0.01129808,-2.2596160000000003,9.716348799999999,1.94326976,cv
28.802854399895296,113,0.8599999999999999,-0.01115391,-2.230782,9.592362599999998,1.9184725199999997,cv
28.814288299996406,113,0.8599999999999999,-0.01096479,-2.192958,9.4297194,1.8859438799999997,cv
28.825748699950054,113,0.8599999999999999,-0.01075317,-2.1506339999999997,9.247726199999999,1.8495452399999994,cv
28.837227499927394,113,0.8599999999999999,-0.01075566,-2.151132,9.2498676,1.8499735199999998,cv
28.848694299929775,113,0.8599999999999999,-0.01119891,-2.239782,9.631062599999998,1.9262125199999998,cv
28.860097399912775,113,0.8599999999999999,-0.01135641,-2.2712820000000002,9.766512599999999,1.9533025199999998,cv
28.871523599955253,113,0.8599999999999999,-0.011284,-2.2568,9.704239999999999,1.940848,cv
28.882920499891043,113,0.8599999999999999,-0.01113722,-2.2274439999999998,9.578009199999997,1.9156018399999994,cv
28.894351699971594,113,0.8599999999999999,-0.01095136,-2.190272,9.418169599999999,1.8836339199999999,cv
28.90579190000426,113,0.8599999999999999,-0.01073298,-2.1465959999999997,9.2303628,1.8460725599999994,cv
28.91721429990139,113,0.8599999999999999,-0.01076881,-2.153762,9.261176599999999,1.8522353199999997,cv
28.928634599898942,113,0.8599999999999999,-0.01119876,-2.239752,9.630933599999999,1.9261867199999998,cv
28.940059899934568,113,0.8599999999999999,-0.01134978,-2.269956,9.760810799999998,1.9521621599999999,cv
28.951512799947523,113,0.8599999999999999,-0.01127885,-2.25577,9.699810999999999,1.9399621999999999,cv
28.96307199995499,113,0.8599999999999999,-0.01112246,-2.224492,9.565315599999998,1.91306312,cv
28.974716799915768,113,0.8599999999999999,-0.01089967,-2.1799340000000003,9.373716199999999,1.87474324,cv
28.98764639988076,114,0.8699999999999999,-0.01073943,-2.1478859999999997,9.343304099999997,1.8686608199999994,cv
28.999104899936356,114,0.8699999999999999,-0.01114799,-2.229598,9.6987513,1.9397502599999998,cv
29.010523699922487,114,0.8699999999999999,-0.01119793,-2.239586,9.742199099999999,1.9484398199999997,cv
29.021984199993312,114,0.8699999999999999,-0.01108233,-2.2164659999999996,9.641627099999997,1.9283254199999993,cv
29.033506599953398,114,0.8699999999999999,-0.01090536,-2.181072,9.487663199999998,1.8975326399999997,cv
29.04486109991558,114,0.8699999999999999,-0.01070553,-2.1411059999999997,9.313811099999997,1.8627622199999996,cv
29.056262799887918,114,0.8699999999999999,-0.0105313,-2.10626,9.162231,1.8324461999999997,cv
29.06766229995992,114,0.8699999999999999,-0.01080021,-2.160042,9.396182699999999,1.8792365399999995,cv
29.079143999959342,114,0.8699999999999999,-0.01115759,-2.2315180000000003,9.707103299999998,1.9414206600000001,cv
29.090590599924326,114,0.8699999999999999,-0.01119502,-2.239004,9.739667399999998,1.9479334799999997,cv
29.10219679994043,114,0.8699999999999999,-0.01107191,-2.214382,9.6325617,1.9265123399999997,cv
29.113685599993914,114,0.8699999999999999,-0.01086872,-2.173744,9.4557864,1.8911572799999998,cv
29.12511749996338,114,0.8699999999999999,-0.01066052,-2.132104,9.274652399999997,1.8549304799999997,cv
29.13658409996424,114,0.8699999999999999,-0.01054433,-2.108866,9.173567099999998,1.8347134199999997,cv
29.148011999903247,114,0.8699999999999999,-0.01094105,-2.18821,9.518713499999999,1.9037427,cv
29.159464499913156,114,0.8699999999999999,-0.01119468,-2.238936,9.7393716,1.9478743199999995,cv
29.171033699880354,114,0.8699999999999999,-0.0111681,-2.23362,9.716247,1.9432493999999998,cv
29.182676099939272,114,0.8699999999999999,-0.01099196,-2.198392,9.5630052,1.9126010399999998,cv
29.19409469992388,114,0.8699999999999999,-0.01079806,-2.159612,9.3943122,1.8788624399999998,cv
29.20565889996942,114,0.8699999999999999,-0.01058956,-2.1179119999999996,9.212917199999998,1.8425834399999994,cv
29.217233499977738,114,0.8699999999999999,-0.01067389,-2.134778,9.2862843,1.8572568599999997,cv
29.23021680000238,115,0.8599999999999999,-0.01133838,-2.2676760000000002,9.751006799999999,1.9502013599999999,cv
29.241633899975568,115,0.8599999999999999,-0.01123527,-2.247054,9.662332199999998,1.9324664399999996,cv
29.253020099946298,115,0.8599999999999999,-0.01107995,-2.21599,9.528756999999999,1.9057513999999998,cv
29.264471799950115,115,0.8599999999999999,-0.01088495,-2.17699,9.361056999999997,1.8722113999999996,cv
29.275917899911292,115,0.8599999999999999,-0.01067552,-2.135104,9.180947199999999,1.8361894399999998,cv
29.287302799988538,115,0.8599999999999999,-0.0108785,-2.1757,9.355509999999997,1.8711019999999996,cv
29.29870259994641,115,0.8599999999999999,-0.01126802,-2.253604,9.6904972,1.9380994399999998,cv
29.31011649989523,115,0.8599999999999999,-0.011347,-2.2694,9.75842,1.9516839999999998,cv
29.321570299915038,115,0.8599999999999999,-0.01124674,-2.249348,9.672196399999997,1.9344392799999997,cv
29.33298469998408,115,0.8599999999999999,-0.01108094,-2.216188,9.529608399999999,1.9059216799999996,cv
29.344401799957268,115,0.8599999999999999,-0.01088635,-2.17727,9.362260999999998,1.8724521999999997,cv
29.35583129990846,115,0.8599999999999999,-0.01067732,-2.135464,9.1824952,1.8364990399999996,cv
29.36726029997226,115,0.8599999999999999,-0.01087814,-2.175628,9.355200399999998,1.8710400799999998,cv
29.378660999936983,115,0.8599999999999999,-0.01127197,-2.254394,9.693894199999997,1.9387788399999997,cv
29.390040299971588,115,0.8599999999999999,-0.01134378,-2.2687559999999998,9.755650799999998,1.9511301599999995,cv
29.40142389992252,115,0.8599999999999999,-0.01124737,-2.249474,9.672738199999998,1.93454764,cv
29.41284409991931,115,0.8599999999999999,-0.01109019,-2.218038,9.5375634,1.9075126799999997,cv
29.4243020999711,115,0.8599999999999999,-0.01088499,-2.176998,9.3610914,1.87221828,cv
29.435858099954203,115,0.8599999999999999,-0.01067389,-2.134778,9.179545399999999,1.8359090799999995,cv
29.447410699911416,115,0.8599999999999999,-0.01090862,-2.181724,9.381413199999999,1.8762826399999997,cv
29.458896399941295,115,0.8599999999999999,-0.01128931,-2.2578620000000003,9.708806599999999,1.94176132,cv
29.471803699969314,116,0.8499999999999999,-0.01131889,-2.263778,9.6210565,1.9242112999999996,cv
29.483248599921353,116,0.8499999999999999,-0.01113984,-2.2279679999999997,9.468863999999998,1.8937727999999994,cv
29.494634399889037,116,0.8499999999999999,-0.01094345,-2.1886900000000002,9.3019325,1.8603865,cv
29.506017999956384,116,0.8499999999999999,-0.01078679,-2.157358,9.168771499999997,1.8337542999999996,cv
29.517337700002827,116,0.8499999999999999,-0.01109114,-2.218228,9.427468999999997,1.8854937999999997,cv
29.52870849997271,116,0.8499999999999999,-0.01141596,-2.283192,9.703565999999999,1.9407131999999998,cv
29.540112199960276,116,0.8499999999999999,-0.01145784,-2.2915680000000003,9.739163999999999,1.9478328,cv
29.55156089994125,116,0.8499999999999999,-0.01134519,-2.269038,9.6434115,1.9286822999999997,cv
29.562940999981947,116,0.8499999999999999,-0.01117642,-2.235284,9.499956999999998,1.8999913999999998,cv
29.574365499895066,116,0.8499999999999999,-0.01098951,-2.197902,9.341083499999998,1.8682166999999996,cv
29.585772799910046,116,0.8499999999999999,-0.01079357,-2.1587140000000002,9.1745345,1.8349069,cv
29.59721979999449,116,0.8499999999999999,-0.01103381,-2.206762,9.378738499999999,1.8757476999999996,cv
29.608609199989587,116,0.8499999999999999,-0.01141642,-2.283284,9.703956999999999,1.9407913999999997,cv
29.62002659996506,116,0.8499999999999999,-0.01145947,-2.291894,9.740549499999997,1.9481098999999997,cv
29.631487499922514,116,0.8499999999999999,-0.01135158,-2.2703160000000002,9.648843,1.9297685999999998,cv
29.642903499887325,116,0.8499999999999999,-0.01117698,-2.235396,9.500432999999997,1.9000865999999998,cv
29.654356899904087,116,0.8499999999999999,-0.01097967,-2.1959340000000003,9.3327195,1.8665439,cv
29.665837499895133,116,0.8499999999999999,-0.01078118,-2.156236,9.164003,1.8328005999999997,cv
29.67733189999126,116,0.8499999999999999,-0.01108126,-2.216252,9.419070999999999,1.8838141999999996,cv
29.688957499922253,116,0.8499999999999999,-0.01144073,-2.2881460000000002,9.724620499999999,1.9449241,cv
29.700400199973956,116,0.8499999999999999,-0.01143224,-2.286448,9.717403999999998,1.9434807999999997,cv
29.713095299899578,117,0.8599999999999999,-0.01101586,-2.203172,9.473639599999998,1.8947279199999996,cv
29.724527099984698,117,0.8599999999999999,-0.01081394,-2.162788,9.299988399999998,1.8599976799999998,cv
29.73595879995264,117,0.8599999999999999,-0.01066267,-2.132534,9.1698962,1.83397924,cv
29.747328999917954,117,0.8599999999999999,-0.01099729,-2.199458,9.457669399999999,1.8915338799999997,cv
29.758751199929975,117,0.8599999999999999,-0.01130045,-2.26009,9.718386999999998,1.9436773999999997,cv
29.77018579992,117,0.8599999999999999,-0.01131413,-2.262826,9.7301518,1.9460303599999997,cv
29.78162549994886,117,0.8599999999999999,-0.01118939,-2.2378780000000003,9.6228754,1.9245750799999999,cv
29.792983699939214,117,0.8599999999999999,-0.01101294,-2.202588,9.4711284,1.8942256799999997,cv
29.80433719989378,117,0.8599999999999999,-0.01082562,-2.1651239999999996,9.310033199999998,1.8620066399999995,cv
29.815686799935065,117,0.8599999999999999,-0.01065733,-2.131466,9.165303799999998,1.8330607599999997,cv
29.827113599982113,117,0.8599999999999999,-0.01092757,-2.185514,9.397710199999997,1.8795420399999996,cv
29.838534699985757,117,0.8599999999999999,-0.01128919,-2.257838,9.708703399999997,1.9417406799999997,cv
29.85013329994399,117,0.8599999999999999,-0.01132658,-2.265316,9.740858799999998,1.9481717599999997,cv
29.861556199961342,117,0.8599999999999999,-0.01118851,-2.237702,9.622118599999999,1.9244237199999998,cv
29.87294779997319,117,0.8599999999999999,-0.01101888,-2.203776,9.476236799999999,1.8952473599999997,cv
29.88435519998893,117,0.8599999999999999,-0.01082174,-2.164348,9.306696399999998,1.8613392799999997,cv
29.89587229990866,117,0.8599999999999999,-0.01066407,-2.1328139999999998,9.1711002,1.8342200399999995,cv
29.907312399940565,117,0.8599999999999999,-0.01103156,-2.2063119999999996,9.4871416,1.8974283199999993,cv
29.91889489989262,117,0.8599999999999999,-0.01131843,-2.2636860000000003,9.7338498,1.94676996,cv
29.93029819999356,117,0.8599999999999999,-0.01129941,-2.259882,9.717492599999998,1.94349852,cv
29.941728199948557,117,0.8599999999999999,-0.0111653,-2.23306,9.602157999999998,1.9204315999999997,cv
29.95448749989737,118,0.8499999999999999,-0.01091881,-2.1837619999999998,9.280988499999998,1.8561976999999994,cv
29.965918399975635,118,0.8499999999999999,-0.0107991,-2.1598200000000003,9.179234999999998,1.835847,cv
29.977367699961178,118,0.8499999999999999,-0.01117734,-2.235468,9.500738999999998,1.9001477999999996,cv
29.9887965999078,118,0.8499999999999999,-0.0114473,-2.28946,9.730204999999998,1.9460409999999997,cv
30.000244399998337,118,0.8499999999999999,-0.01142452,-2.284904,9.710842,1.9421683999999997,cv
30.011709499987774,118,0.8499999999999999,-0.01128417,-2.256834,9.591544499999998,1.9183088999999998,cv
30.02319599990733,118,0.8499999999999999,-0.01109659,-2.219318,9.432101499999998,1.8864202999999997,cv
30.034709099913016,118,0.8499999999999999,-0.01087365,-2.17473,9.242602499999998,1.8485204999999996,cv
30.04612949991133,118,0.8499999999999999,-0.01084417,-2.168834,9.217544499999999,1.8435088999999996,cv
30.057540599955246,118,0.8499999999999999,-0.01125511,-2.251022,9.566843499999997,1.9133686999999995,cv
30.06899469997734,118,0.8499999999999999,-0.01146283,-2.292566,9.743405499999998,1.9486810999999995,cv
30.080451599904336,118,0.8499999999999999,-0.01140915,-2.2818300000000002,9.697777499999999,1.9395555,cv
30.09188359999098,118,0.8499999999999999,-0.01126167,-2.2523340000000003,9.572419499999999,1.9144839,cv
30.103277299902402,118,0.8499999999999999,-0.01107372,-2.214744,9.412662,1.8825323999999997,cv
30.11471479991451,118,0.8499999999999999,-0.01086914,-2.173828,9.238768999999998,1.8477537999999996,cv
30.1261551999487,118,0.8499999999999999,-0.01086098,-2.172196,9.231832999999998,1.8463665999999996,cv
30.13752329989802,118,0.8499999999999999,-0.01127738,-2.2554760000000003,9.585773,1.9171546,cv
30.14890709996689,118,0.8499999999999999,-0.0114616,-2.29232,9.742359999999998,1.9484719999999998,cv
30.160379099892452,118,0.8499999999999999,-0.0114059,-2.28118,9.695014999999998,1.9390029999999996,cv
30.171911799930967,118,0.8499999999999999,-0.01126127,-2.2522539999999998,9.5720795,1.9144158999999994,cv
30.18405029992573,118,0.8499999999999999,-0.0110416,-2.20832,9.385359999999999,1.8770719999999999,cv
30.196943199960515,119,0.8599999999999999,-0.01094989,-2.189978,9.416905399999997,1.8833810799999997,cv
30.20839049993083,119,0.8599999999999999,-0.01129918,-2.2598360000000004,9.7172948,1.94345896,cv
30.219844099949114,119,0.8599999999999999,-0.0113067,-2.2613399999999997,9.723761999999999,1.9447523999999994,cv
30.231282699969597,119,0.8599999999999999,-0.01118159,-2.236318,9.616167399999998,1.9232334799999995,cv
30.24275399988983,119,0.8599999999999999,-0.01101101,-2.202202,9.469468599999999,1.89389372,cv
30.25420139997732,119,0.8599999999999999,-0.01079975,-2.15995,9.287785,1.8575569999999997,cv
30.26567329990212,119,0.8599999999999999,-0.01066902,-2.133804,9.175357199999997,1.8350714399999997,cv
30.277098099933937,119,0.8599999999999999,-0.01104825,-2.2096500000000003,9.501494999999998,1.900299,cv
30.28843649988994,119,0.8599999999999999,-0.01131157,-2.262314,9.727950199999999,1.9455900399999997,cv
30.299799599917606,119,0.8599999999999999,-0.01130529,-2.2610580000000002,9.722549399999998,1.94450988,cv
30.311161599936895,119,0.8599999999999999,-0.01118805,-2.23761,9.621723,1.9243445999999997,cv
30.322585299960338,119,0.8599999999999999,-0.01102266,-2.204532,9.479487599999999,1.8958975199999997,cv
30.334062599926256,119,0.8599999999999999,-0.01081573,-2.1631460000000002,9.301527799999999,1.86030556,cv
30.34548639995046,119,0.8599999999999999,-0.01065982,-2.131964,9.1674452,1.8334890399999997,cv
30.35694319999311,119,0.8599999999999999,-0.01100346,-2.200692,9.462975599999998,1.8925951199999997,cv
30.36836459999904,119,0.8599999999999999,-0.01131286,-2.2625719999999996,9.729059599999998,1.9458119199999993,cv
30.379754399997182,119,0.8599999999999999,-0.01130698,-2.261396,9.724002799999997,1.9448005599999998,cv
30.391118099913,119,0.8599999999999999,-0.01118823,-2.2376460000000002,9.6218778,1.9243755599999999,cv
30.402742099948227,119,0.8599999999999999,-0.01101964,-2.2039280000000003,9.476890399999998,1.89537808,cv
30.414268799941055,119,0.8599999999999999,-0.01077044,-2.154088,9.262578399999997,1.8525156799999996,cv
30.425701499916613,119,0.8599999999999999,-0.01068308,-2.1366159999999996,9.187448799999999,1.8374897599999993,cv
30.438719199970365,120,0.8699999999999999,-0.01118288,-2.236576,9.729105599999997,1.9458211199999997,cv
30.450139099964872,120,0.8699999999999999,-0.01113384,-2.2267680000000003,9.6864408,1.93728816,cv
30.461606499971822,120,0.8699999999999999,-0.01098851,-2.197702,9.560003699999998,1.9120007399999999,cv
30.473053199937567,120,0.8699999999999999,-0.01079882,-2.159764,9.3949734,1.8789946799999997,cv
30.484553599962965,120,0.8699999999999999,-0.01057515,-2.11503,9.2003805,1.8400760999999997,cv
30.495988699956797,120,0.8699999999999999,-0.01060022,-2.120044,9.2221914,1.8444382799999999,cv
30.507417799904943,120,0.8699999999999999,-0.01103329,-2.206658,9.598962299999998,1.9197924599999998,cv
30.518873499939218,120,0.8699999999999999,-0.01118536,-2.237072,9.731263199999999,1.9462526399999998,cv
30.53035169991199,120,0.8699999999999999,-0.01111553,-2.223106,9.670511099999999,1.9341022199999998,cv
30.54176389996428,120,0.8699999999999999,-0.01095822,-2.1916439999999997,9.533651399999998,1.9067302799999994,cv
30.55325689993333,120,0.8699999999999999,-0.0107657,-2.1531399999999996,9.366159,1.8732317999999994,cv
30.564690699917264,120,0.8699999999999999,-0.01054704,-2.109408,9.175924799999999,1.8351849599999999,cv
30.57616459997371,120,0.8699999999999999,-0.0106557,-2.1311400000000003,9.270459,1.8540918,cv
30.587574899895117,120,0.8699999999999999,-0.01107959,-2.215918,9.639243299999999,1.9278486599999995,cv
30.598993899999186,120,0.8699999999999999,-0.01118981,-2.237962,9.735134699999998,1.9470269399999998,cv
30.610503899981268,120,0.8699999999999999,-0.01109774,-2.219548,9.655033799999998,1.9310067599999998,cv
30.621917399927042,120,0.8699999999999999,-0.01092933,-2.185866,9.508517099999999,1.9017034199999996,cv
30.633377199992537,120,0.8699999999999999,-0.01073739,-2.147478,9.341529299999998,1.8683058599999998,cv
30.644859799998812,120,0.8699999999999999,-0.01051897,-2.103794,9.1515039,1.83030078,cv
30.656405999907292,120,0.8699999999999999,-0.01073769,-2.147538,9.341790299999998,1.8683580599999996,cv
30.667885499889962,120,0.8699999999999999,-0.01112508,-2.225016,9.678819599999999,1.9357639199999999,cv
30.680838399915956,121,0.8599999999999999,-0.01118777,-2.2375540000000003,9.621482199999997,1.92429644,cv
30.69225539988838,121,0.8599999999999999,-0.01102021,-2.2040420000000003,9.4773806,1.8954761199999999,cv
30.703753599897027,121,0.8599999999999999,-0.01081155,-2.16231,9.297932999999999,1.8595865999999999,cv
30.71520769991912,121,0.8599999999999999,-0.01064819,-2.129638,9.157443399999998,1.8314886799999996,cv
30.726643599919043,121,0.8599999999999999,-0.01099887,-2.1997739999999997,9.459028199999999,1.8918056399999994,cv
30.7381047999952,121,0.8599999999999999,-0.01129936,-2.259872,9.717449599999998,1.9434899199999998,cv
30.749518499942496,121,0.8599999999999999,-0.01129992,-2.259984,9.717931199999999,1.94358624,cv
30.760963299893774,121,0.8599999999999999,-0.01117108,-2.234216,9.607128799999998,1.9214257599999998,cv
30.77243119990453,121,0.8599999999999999,-0.01099282,-2.198564,9.453825199999999,1.8907650399999998,cv
30.783944599912502,121,0.8599999999999999,-0.01077434,-2.154868,9.265932399999999,1.8531864799999997,cv
30.795366099919192,121,0.8599999999999999,-0.01067354,-2.1347080000000003,9.1792444,1.83584888,cv
30.806774199940264,121,0.8599999999999999,-0.01106401,-2.2128020000000004,9.5150486,1.90300972,cv
30.818148599937558,121,0.8599999999999999,-0.01131035,-2.26207,9.726901,1.9453801999999998,cv
30.829513899981976,121,0.8599999999999999,-0.01129483,-2.258966,9.713553799999998,1.9427107599999998,cv
30.840887999976985,121,0.8599999999999999,-0.01116956,-2.233912,9.605821599999999,1.92116432,cv
30.852295099990442,121,0.8599999999999999,-0.0110008,-2.20016,9.460687999999998,1.8921375999999996,cv
30.863729999982752,121,0.8599999999999999,-0.01079347,-2.1586939999999997,9.2823842,1.8564768399999994,cv
30.875098199932836,121,0.8599999999999999,-0.01066051,-2.132102,9.1680386,1.8336077199999998,cv
30.886588699999265,121,0.8599999999999999,-0.01097783,-2.195566,9.440933799999996,1.8881867599999997,cv
30.898103699903004,121,0.8599999999999999,-0.01130806,-2.261612,9.724931599999998,1.9449863199999997,cv
30.909606399945915,121,0.8599999999999999,-0.01128813,-2.257626,9.707791799999999,1.94155836,cv
30.92238629993517,122,0.8499999999999999,-0.0111053,-2.22106,9.439504999999999,1.8879009999999998,cv
30.93383019999601,122,0.8499999999999999,-0.01088803,-2.177606,9.254825499999999,1.8509650999999996,cv
30.945264799986035,122,0.8499999999999999,-0.01078666,-2.157332,9.168660999999998,1.8337321999999996,cv
30.956728199962527,122,0.8499999999999999,-0.01118125,-2.23625,9.504062499999998,1.9008124999999998,cv
30.968175099929795,122,0.8499999999999999,-0.01143882,-2.287764,9.722997,1.9445993999999998,cv
30.979641999932937,122,0.8499999999999999,-0.01140433,-2.280866,9.6936805,1.9387360999999999,cv
30.99109049991239,122,0.8499999999999999,-0.01126423,-2.252846,9.574595499999997,1.9149190999999997,cv
31.002530499943532,122,0.8499999999999999,-0.01108098,-2.216196,9.418833,1.8837665999999997,cv
31.01414639991708,122,0.8499999999999999,-0.01085697,-2.1713940000000003,9.2284245,1.8456849,cv
31.025526799960062,122,0.8499999999999999,-0.01085209,-2.170418,9.224276499999998,1.8448552999999999,cv
31.03692629991565,122,0.8499999999999999,-0.01126389,-2.252778,9.574306499999999,1.9148612999999999,cv
31.048345299903303,122,0.8499999999999999,-0.01144628,-2.289256,9.729337999999998,1.9458675999999997,cv
31.05982999992557,122,0.8499999999999999,-0.01138054,-2.276108,9.673459,1.9346917999999995,cv
31.071318299975246,122,0.8499999999999999,-0.0112298,-2.2459599999999997,9.545329999999998,1.9090659999999995,cv
31.08276139991358,122,0.8499999999999999,-0.01102875,-2.20575,9.374437499999999,1.8748874999999998,cv
31.09419629990589,122,0.8499999999999999,-0.01082405,-2.16481,9.2004425,1.8400884999999998,cv
31.10558420000598,122,0.8499999999999999,-0.01088315,-2.17663,9.250677499999998,1.8501354999999995,cv
31.11696509993635,122,0.8499999999999999,-0.011304,-2.2608,9.608399999999998,1.9216799999999998,cv
31.1284231999889,122,0.8499999999999999,-0.01145614,-2.291228,9.737718999999998,1.9475437999999996,cv
31.139886799966916,122,0.8499999999999999,-0.01137438,-2.274876,9.668222999999998,1.9336445999999996,cv
31.15133809996769,122,0.8499999999999999,-0.01122865,-2.24573,9.544352499999999,1.9088704999999997,cv
31.164130299934186,123,0.8599999999999999,-0.01070652,-2.1413040000000003,9.207607199999998,1.84152144,cv
31.17566079995595,123,0.8599999999999999,-0.01076342,-2.152684,9.256541199999997,1.8513082399999996,cv
31.18709229992237,123,0.8599999999999999,-0.01119863,-2.239726,9.630821799999998,1.9261643599999998,cv
31.198498699930497,123,0.8599999999999999,-0.01132106,-2.264212,9.7361116,1.9472223199999998,cv
31.20988270000089,123,0.8599999999999999,-0.01123952,-2.2479039999999997,9.665987199999998,1.9331974399999994,cv
31.22128319996409,123,0.8599999999999999,-0.0110879,-2.21758,9.535593999999998,1.9071187999999997,cv
31.23266270000022,123,0.8599999999999999,-0.0109032,-2.18064,9.376751999999998,1.8753503999999996,cv
31.244065099977888,123,0.8599999999999999,-0.01069396,-2.138792,9.1968056,1.8393611199999997,cv
31.25545069994405,123,0.8599999999999999,-0.01074165,-2.14833,9.237819,1.8475637999999999,cv
31.266821199911647,123,0.8599999999999999,-0.01116187,-2.232374,9.5992082,1.9198416399999998,cv
31.27824969997164,123,0.8599999999999999,-0.01131564,-2.263128,9.7314504,1.9462900799999998,cv
31.28966779995244,123,0.8599999999999999,-0.01125074,-2.2501480000000003,9.6756364,1.93512728,cv
31.30112319998443,123,0.8599999999999999,-0.01110447,-2.220894,9.549844199999999,1.9099688399999997,cv
31.31252139993012,123,0.8599999999999999,-0.01092721,-2.185442,9.397400599999997,1.8794801199999998,cv
31.323953999904916,123,0.8599999999999999,-0.01070094,-2.140188,9.2028084,1.84056168,cv
31.335330299916677,123,0.8599999999999999,-0.01073082,-2.1461639999999997,9.228505199999999,1.8457010399999996,cv
31.346697799977846,123,0.8599999999999999,-0.01115118,-2.230236,9.590014799999999,1.91800296,cv
31.35812459990848,123,0.8599999999999999,-0.01131686,-2.263372,9.732499599999999,1.9464999199999997,cv
31.369657299946994,123,0.8599999999999999,-0.01125916,-2.2518320000000003,9.6828776,1.9365755199999999,cv
31.381124799954705,123,0.8599999999999999,-0.01109499,-2.218998,9.5416914,1.9083382799999997,cv
31.392600699909963,123,0.8599999999999999,-0.01090977,-2.181954,9.382402199999998,1.87648044,cv
31.405623099883087,124,0.8699999999999999,-0.01066477,-2.1329540000000002,9.2783499,1.85566998,cv
31.41706089989748,124,0.8699999999999999,-0.01107976,-2.2159519999999997,9.639391199999999,1.9278782399999994,cv
31.42853179993108,124,0.8699999999999999,-0.01117449,-2.2348980000000003,9.721806299999999,1.94436126,cv
31.440000899950974,124,0.8699999999999999,-0.01107057,-2.214114,9.6313959,1.9262791799999996,cv
31.451480999938212,124,0.8699999999999999,-0.01090389,-2.1807779999999997,9.486384299999997,1.8972768599999994,cv
31.462923599989153,124,0.8699999999999999,-0.01070063,-2.1401259999999995,9.309548099999999,1.8619096199999994,cv
31.474343999987468,124,0.8699999999999999,-0.01049686,-2.099372,9.132268199999999,1.8264536399999995,cv
31.48577279993333,124,0.8699999999999999,-0.01072443,-2.144886,9.3302541,1.8660508199999999,cv
31.497175599914044,124,0.8699999999999999,-0.01110344,-2.220688,9.659992799999998,1.9319985599999998,cv
31.508620899985544,124,0.8699999999999999,-0.01116346,-2.232692,9.712210199999998,1.9424420399999998,cv
31.52005339995958,124,0.8699999999999999,-0.01105458,-2.210916,9.6174846,1.9234969199999998,cv
31.531494799884968,124,0.8699999999999999,-0.01089255,-2.17851,9.4765185,1.8953037,cv
31.542991199996322,124,0.8699999999999999,-0.01068226,-2.1364520000000002,9.293566199999999,1.85871324,cv
31.55448459996842,124,0.8699999999999999,-0.0104917,-2.09834,9.127778999999999,1.8255557999999996,cv
31.565955799887888,124,0.8699999999999999,-0.01079613,-2.159226,9.3926331,1.8785266199999997,cv
31.57739649992436,124,0.8699999999999999,-0.01114147,-2.228294,9.6930789,1.9386157799999997,cv
31.588820299948566,124,0.8699999999999999,-0.01115332,-2.230664,9.703388399999998,1.9406776799999996,cv
31.60037639993243,124,0.8699999999999999,-0.0110304,-2.2060799999999996,9.596447999999999,1.9192895999999995,cv
31.6119585998822,124,0.8699999999999999,-0.01083912,-2.1678240000000004,9.430034399999998,1.88600688,cv
31.62339049996808,124,0.8699999999999999,-0.01061376,-2.1227519999999998,9.233971199999997,1.8467942399999995,cv
31.634881799924187,124,0.8699999999999999,-0.0105299,-2.1059799999999997,9.161012999999999,1.8322025999999996,cv
31.647773399949074,125,0.8599999999999999,-0.01131679,-2.263358,9.732439399999999,1.9464878799999998,cv
31.6591810999671,125,0.8599999999999999,-0.01126509,-2.253018,9.6879774,1.9375954799999997,cv
31.67061329993885,125,0.8599999999999999,-0.01112711,-2.225422,9.5693146,1.9138629199999997,cv
31.68204829993192,125,0.8599999999999999,-0.01094071,-2.188142,9.409010599999998,1.8818021199999997,cv
31.693523099995218,125,0.8599999999999999,-0.01072826,-2.145652,9.2263036,1.8452607199999997,cv
31.70493509992957,125,0.8599999999999999,-0.01069635,-2.1392700000000002,9.198860999999999,1.8397721999999999,cv
31.71632889995817,125,0.8599999999999999,-0.01111153,-2.222306,9.5559158,1.9111831599999998,cv
31.727764899958856,125,0.8599999999999999,-0.0113072,-2.26144,9.724191999999999,1.9448383999999996,cv
31.739221399999224,125,0.8599999999999999,-0.01126226,-2.252452,9.685543599999999,1.9371087199999997,cv
31.75060469994787,125,0.8599999999999999,-0.01111658,-2.2233159999999996,9.560258799999998,1.9120517599999993,cv
31.762030699988827,125,0.8599999999999999,-0.0109345,-2.1869,9.403669999999998,1.8807339999999997,cv
31.773476099944673,125,0.8599999999999999,-0.01072235,-2.14447,9.221220999999998,1.8442442,cv
31.784885699977167,125,0.8599999999999999,-0.01070077,-2.140154,9.202662199999999,1.8405324399999996,cv
31.796303499955684,125,0.8599999999999999,-0.01111314,-2.2226280000000003,9.557300399999999,1.91146008,cv
31.807724199956283,125,0.8599999999999999,-0.01131204,-2.262408,9.7283544,1.94567088,cv
31.81914469995536,125,0.8599999999999999,-0.01125334,-2.250668,9.677872399999998,1.9355744799999999,cv
31.830615299986675,125,0.8599999999999999,-0.01111461,-2.222922,9.5585646,1.9117129199999998,cv
31.842085599899292,125,0.8599999999999999,-0.01091932,-2.183864,9.3906152,1.8781230399999995,cv
31.853732599993236,125,0.8599999999999999,-0.01070913,-2.141826,9.209851800000001,1.8419703599999997,cv
31.865244299988262,125,0.8599999999999999,-0.01077695,-2.15539,9.268177,1.8536354,cv
31.876694799982943,125,0.8599999999999999,-0.01121218,-2.242436,9.642474799999999,1.9284949599999999,cv
31.88965389993973,126,0.8499999999999999,-0.01134222,-2.2684439999999997,9.640887,1.9281773999999994,cv
31.90107589995023,126,0.8499999999999999,-0.01117776,-2.2355519999999998,9.501095999999999,1.9002191999999996,cv
31.912524799932726,126,0.8499999999999999,-0.01097293,-2.194586,9.326990499999999,1.8653980999999997,cv
31.92396269994788,126,0.8499999999999999,-0.01076956,-2.1539119999999996,9.154125999999998,1.8308251999999994,cv
31.935390300001018,126,0.8499999999999999,-0.01098467,-2.1969339999999997,9.336969499999999,1.8673938999999995,cv
31.94682599999942,126,0.8499999999999999,-0.01137763,-2.275526,9.670985499999999,1.9341970999999998,cv
31.958366899983957,126,0.8499999999999999,-0.01143272,-2.286544,9.717811999999999,1.9435623999999998,cv
31.969831999973394,126,0.8499999999999999,-0.01131331,-2.2626619999999997,9.616313499999999,1.9232626999999995,cv
31.981268899980932,126,0.8499999999999999,-0.01113553,-2.227106,9.465200499999998,1.8930400999999997,cv
31.992731699952856,126,0.8499999999999999,-0.01093791,-2.187582,9.297223499999998,1.8594446999999996,cv
32.0041703999741,126,0.8499999999999999,-0.01075805,-2.1516100000000002,9.144342499999997,1.8288685,cv
32.01560749998316,126,0.8499999999999999,-0.011069,-2.2138,9.40865,1.8817299999999997,cv
32.027029799995944,126,0.8499999999999999,-0.01140084,-2.280168,9.690714,1.9381427999999998,cv
32.038474199944176,126,0.8499999999999999,-0.01141298,-2.282596,9.701032999999997,1.9402065999999996,cv
32.049893599934876,126,0.8499999999999999,-0.0112926,-2.25852,9.598709999999999,1.9197419999999996,cv
32.06130679999478,126,0.8499999999999999,-0.01111914,-2.223828,9.451268999999998,1.8902537999999998,cv
32.07275109994225,126,0.8499999999999999,-0.0109232,-2.18464,9.284719999999998,1.8569439999999997,cv
32.08417229994666,126,0.8499999999999999,-0.01076491,-2.152982,9.1501735,1.8300347,cv
32.09566679992713,126,0.8499999999999999,-0.01107464,-2.214928,9.413443999999998,1.8826887999999997,cv
32.10736459994223,126,0.8499999999999999,-0.01142394,-2.284788,9.710348999999999,1.9420697999999996,cv
32.11879939993378,126,0.8499999999999999,-0.01138629,-2.2772580000000002,9.678346499999998,1.9356692999999998,cv
32.13162729993928,127,0.8599999999999999,-0.01095344,-2.190688,9.419958399999999,1.8839916799999998,cv
32.14311639999505,127,0.8599999999999999,-0.01073625,-2.14725,9.233174999999997,1.8466349999999998,cv
32.154539099894464,127,0.8599999999999999,-0.01068583,-2.137166,9.189813799999998,1.83796276,cv
32.1659622999141,127,0.8599999999999999,-0.0111014,-2.2202800000000003,9.547204,1.9094408,cv
32.17736249999143,127,0.8599999999999999,-0.01130633,-2.261266,9.723443799999998,1.9446887599999998,cv
32.188801399897784,127,0.8599999999999999,-0.01126265,-2.25253,9.685879,1.9371758,cv
32.20026259997394,127,0.8599999999999999,-0.0111128,-2.22256,9.557007999999998,1.9114015999999998,cv
32.21173669991549,127,0.8599999999999999,-0.01093118,-2.186236,9.4008148,1.8801629599999998,cv
32.22320399992168,127,0.8599999999999999,-0.01070914,-2.1418280000000003,9.209860399999998,1.84197208,cv
32.23463639989495,127,0.8599999999999999,-0.01070612,-2.1412240000000002,9.207263199999998,1.84145264,cv
32.24614219996147,127,0.8599999999999999,-0.01114205,-2.2284100000000002,9.582163,1.9164325999999998,cv
32.2575151999481,127,0.8599999999999999,-0.01130482,-2.260964,9.722145199999998,1.9444290399999997,cv
32.268919899943285,127,0.8599999999999999,-0.01123841,-2.247682,9.6650326,1.93300652,cv
32.28033809992485,127,0.8599999999999999,-0.01109373,-2.218746,9.540607799999998,1.9081215599999997,cv
32.29176179994829,127,0.8599999999999999,-0.01090947,-2.181894,9.382144199999997,1.8764288399999995,cv
32.30321419995744,127,0.8599999999999999,-0.01069471,-2.1389419999999997,9.197450599999998,1.8394901199999996,cv
32.314596799900755,127,0.8599999999999999,-0.01071717,-2.143434,9.216766199999999,1.84335324,cv
32.32604529999662,127,0.8599999999999999,-0.01113861,-2.227722,9.579204599999999,1.9158409199999997,cv
32.3375565999886,127,0.8599999999999999,-0.01130581,-2.2611619999999997,9.722996599999998,1.9445993199999994,cv
32.349069499992765,127,0.8599999999999999,-0.01122375,-2.24475,9.652424999999997,1.9304849999999996,cv
32.36050389998127,127,0.8599999999999999,-0.01106506,-2.213012,9.5159516,1.9031903199999998,cv
32.37348689988721,128,0.8499999999999999,-0.0107777,-2.15554,9.161044999999998,1.8322089999999995,cv
32.38495749991853,128,0.8499999999999999,-0.0109331,-2.18662,9.293134999999998,1.8586269999999998,cv
32.39642229990568,128,0.8499999999999999,-0.01135307,-2.270614,9.6501095,1.9300218999999998,cv
32.407884899992496,128,0.8499999999999999,-0.0114295,-2.2859000000000003,9.715074999999999,1.943015,cv
32.41938019997906,128,0.8499999999999999,-0.01132046,-2.2640919999999998,9.622390999999997,1.9244781999999996,cv
32.43083459988702,128,0.8499999999999999,-0.01114639,-2.229278,9.4744315,1.8948862999999996,cv
32.442259199917316,128,0.8499999999999999,-0.01094827,-2.189654,9.306029499999998,1.8612058999999996,cv
32.45372749993112,128,0.8499999999999999,-0.01075781,-2.1515619999999998,9.144138499999997,1.8288276999999995,cv
32.465097799897194,128,0.8499999999999999,-0.01101888,-2.203776,9.366047999999997,1.8732095999999996,cv
32.47648739989381,128,0.8499999999999999,-0.01137367,-2.274734,9.667619499999999,1.9335238999999997,cv
32.48785619996488,128,0.8499999999999999,-0.01142165,-2.2843299999999997,9.7084025,1.9416804999999995,cv
32.499218499986455,128,0.8499999999999999,-0.01131591,-2.263182,9.618523499999998,1.9237046999999998,cv
32.51055629993789,128,0.8499999999999999,-0.011161,-2.2322,9.48685,1.8973699999999998,cv
32.52198389999103,128,0.8499999999999999,-0.01097754,-2.195508,9.330908999999998,1.8661817999999994,cv
32.53341469995212,128,0.8499999999999999,-0.01075945,-2.1518900000000003,9.1455325,1.8291065,cv
32.54482079995796,128,0.8499999999999999,-0.01093822,-2.1876439999999997,9.297486999999999,1.8594973999999995,cv
32.55626759992447,128,0.8499999999999999,-0.01134517,-2.269034,9.643394499999998,1.9286788999999998,cv
32.56768909993116,128,0.8499999999999999,-0.01141852,-2.2837039999999997,9.705741999999999,1.9411483999999994,cv
32.579106199904345,128,0.8499999999999999,-0.01131828,-2.263656,9.620537999999998,1.9241075999999997,cv
32.59066289989278,128,0.8499999999999999,-0.01115676,-2.2313520000000002,9.483246,1.8966492,cv
32.602185699972324,128,0.8499999999999999,-0.01092775,-2.18555,9.288587499999998,1.8577174999999997,cv
32.61515889992006,129,0.8599999999999999,-0.01091512,-2.183024,9.387003199999999,1.8774006399999998,cv
32.626531899906695,129,0.8599999999999999,-0.01126156,-2.2523120000000003,9.684941599999998,1.93698832,cv
32.63795319991186,129,0.8599999999999999,-0.0112819,-2.2563799999999996,9.702433999999998,1.9404867999999993,cv
32.64940879994538,129,0.8599999999999999,-0.01116706,-2.233412,9.603671599999998,1.9207343199999998,cv
32.66086289996747,129,0.8599999999999999,-0.01098735,-2.19747,9.449120999999998,1.8898241999999998,cv
32.672296199947596,129,0.8599999999999999,-0.01078642,-2.1572839999999998,9.276321199999998,1.8552642399999995,cv
32.68376269994769,129,0.8599999999999999,-0.01062108,-2.1242159999999997,9.1341288,1.8268257599999995,cv
32.695161899900995,129,0.8599999999999999,-0.01096741,-2.1934820000000004,9.4319726,1.88639452,cv
32.70680909999646,129,0.8599999999999999,-0.01127034,-2.254068,9.692492399999999,1.9384984799999998,cv
32.71821049996652,129,0.8599999999999999,-0.01125766,-2.251532,9.681587599999999,1.9363175199999998,cv
32.72963919991162,129,0.8599999999999999,-0.01112838,-2.225676,9.570406799999999,1.9140813599999997,cv
32.74103579996154,129,0.8599999999999999,-0.0109495,-2.1898999999999997,9.416569999999997,1.8833139999999995,cv
32.75250469997991,129,0.8599999999999999,-0.01074344,-2.148688,9.239358399999999,1.8478716799999997,cv
32.764001499977894,129,0.8599999999999999,-0.01064887,-2.129774,9.158028199999999,1.8316056399999996,cv
32.77545429999009,129,0.8599999999999999,-0.01105749,-2.2114979999999997,9.509441399999998,1.9018882799999994,cv
32.7869147999445,129,0.8599999999999999,-0.0112901,-2.25802,9.709486,1.9418971999999999,cv
32.79838579997886,129,0.8599999999999999,-0.01123976,-2.247952,9.666193599999998,1.9332387199999999,cv
32.809799999929965,129,0.8599999999999999,-0.01109145,-2.21829,9.538646999999997,1.9077293999999998,cv
32.821380399982445,129,0.8599999999999999,-0.01091234,-2.182468,9.384612399999998,1.8769224799999997,cv
32.83288599993102,129,0.8599999999999999,-0.01067175,-2.1343500000000004,9.177705,1.835541,cv
32.844335299916565,129,0.8599999999999999,-0.01071762,-2.143524,9.2171532,1.84343064,cv
32.85730509995483,130,0.8499999999999999,-0.01141939,-2.283878,9.706481499999997,1.9412962999999999,cv
32.868752499925904,130,0.8499999999999999,-0.01133094,-2.266188,9.631298999999999,1.9262597999999997,cv
32.88018789992202,130,0.8499999999999999,-0.01117078,-2.234156,9.495163,1.8990325999999997,cv
32.89159499993548,130,0.8499999999999999,-0.01098351,-2.196702,9.3359835,1.8671966999999998,cv
32.903006999986246,130,0.8499999999999999,-0.01076896,-2.153792,9.153615999999998,1.8307231999999998,cv
32.91438219998963,130,0.8499999999999999,-0.01089209,-2.1784179999999997,9.2582765,1.8516552999999996,cv
32.925742999999784,130,0.8499999999999999,-0.01129923,-2.259846,9.604345499999999,1.9208690999999998,cv
32.9370973999612,130,0.8499999999999999,-0.01141786,-2.2835720000000004,9.705180999999998,1.9410362,cv
32.948489199974574,130,0.8499999999999999,-0.01134557,-2.2691139999999996,9.643734499999997,1.9287468999999995,cv
32.959979399922304,130,0.8499999999999999,-0.01118723,-2.237446,9.509145499999999,1.9018290999999996,cv
32.971395100001246,130,0.8499999999999999,-0.0109985,-2.1997,9.348724999999998,1.8697449999999998,cv
32.98287149996031,130,0.8499999999999999,-0.01078207,-2.156414,9.164759499999997,1.8329518999999996,cv
32.99433819996193,130,0.8499999999999999,-0.01087667,-2.175334,9.2451695,1.8490338999999996,cv
33.005757799954154,130,0.8499999999999999,-0.01130016,-2.260032,9.605135999999998,1.9210271999999995,cv
33.01720879995264,130,0.8499999999999999,-0.01140944,-2.281888,9.698023999999998,1.9396047999999997,cv
33.02860229997896,130,0.8499999999999999,-0.01131539,-2.2630779999999997,9.618081499999999,1.9236162999999995,cv
33.0400797999464,130,0.8499999999999999,-0.0111589,-2.2317799999999997,9.485064999999997,1.8970129999999994,cv
33.05155279999599,130,0.8499999999999999,-0.01096251,-2.192502,9.318133499999998,1.8636266999999997,cv
33.0629863999784,130,0.8499999999999999,-0.01075386,-2.1507720000000004,9.140780999999999,1.8281562,cv
33.07457559998147,130,0.8499999999999999,-0.01091419,-2.1828380000000003,9.277061499999999,1.8554123,cv
33.08615409990307,130,0.8499999999999999,-0.01135601,-2.2712019999999997,9.652608499999998,1.9305216999999995,cv
33.09912569995504,131,0.8599999999999999,-0.01114077,-2.228154,9.581062199999998,1.9162124399999998,cv
33.1105746999383,131,0.8599999999999999,-0.01095872,-2.191744,9.424499199999998,1.8848998399999997,cv
33.12194749992341,131,0.8599999999999999,-0.01076107,-2.152214,9.254520199999998,1.8509040399999996,cv
33.13339559989981,131,0.8599999999999999,-0.01060822,-2.121644,9.123069199999998,1.8246138399999996,cv
33.144817899912596,131,0.8599999999999999,-0.01094,-2.1879999999999997,9.408399999999999,1.8816799999999996,cv
33.156252099899575,131,0.8599999999999999,-0.01125561,-2.2511219999999996,9.679824599999998,1.9359649199999993,cv
33.167705399915576,131,0.8599999999999999,-0.0112573,-2.25146,9.681277999999997,1.9362555999999995,cv
33.179132999968715,131,0.8599999999999999,-0.01112785,-2.2255700000000003,9.569950999999998,1.9139902,cv
33.19051119987853,131,0.8599999999999999,-0.01095368,-2.1907360000000002,9.420164799999998,1.8840329599999999,cv
33.20193769992329,131,0.8599999999999999,-0.01075583,-2.151166,9.250013799999998,1.8500027599999997,cv
33.213408099953085,131,0.8599999999999999,-0.01061284,-2.1225680000000002,9.127042399999999,1.8254084799999999,cv
33.22479119990021,131,0.8599999999999999,-0.01095851,-2.191702,9.4243186,1.8848637199999996,cv
33.23621869995259,131,0.8599999999999999,-0.01125377,-2.2507539999999997,9.678242199999998,1.9356484399999994,cv
33.24765809997916,131,0.8599999999999999,-0.01125202,-2.250404,9.676737199999998,1.9353474399999997,cv
33.25910489994567,131,0.8599999999999999,-0.01112385,-2.22477,9.566510999999998,1.9133021999999997,cv
33.270528099965304,131,0.8599999999999999,-0.01094857,-2.189714,9.415770199999997,1.8831540399999998,cv
33.28195199999027,131,0.8599999999999999,-0.01074584,-2.149168,9.241422399999998,1.8482844799999998,cv
33.2934082999127,131,0.8599999999999999,-0.01061743,-2.123486,9.1309898,1.82619796,cv
33.30481519992463,131,0.8599999999999999,-0.01097042,-2.1940839999999997,9.4345612,1.8869122399999996,cv
33.316306999884546,131,0.8599999999999999,-0.0112577,-2.25154,9.681621999999999,1.9363243999999995,cv
33.32781459996477,131,0.8599999999999999,-0.01124543,-2.249086,9.6710698,1.93421396,cv
33.341139899916016,132,0.8499999999999999,-0.01099067,-2.198134,9.342069499999997,1.8684138999999997,cv
33.35264569998253,132,0.8499999999999999,-0.01076461,-2.1529220000000002,9.1499185,1.8299836999999999,cv
33.36407169990707,132,0.8499999999999999,-0.01087808,-2.175616,9.246367999999999,1.8492735999999999,cv
33.375465099932626,132,0.8499999999999999,-0.01129747,-2.259494,9.602849499999998,1.9205698999999998,cv
33.386938599986024,132,0.8499999999999999,-0.0114106,-2.28212,9.69901,1.9398019999999996,cv
33.398661299957894,132,0.8499999999999999,-0.01128644,-2.257288,9.593473999999997,1.9186947999999997,cv
33.410109199932776,132,0.8499999999999999,-0.01112459,-2.2249179999999997,9.4559015,1.8911802999999994,cv
33.42156129993964,132,0.8499999999999999,-0.01091233,-2.182466,9.275480499999999,1.8550960999999995,cv
33.43306069995742,132,0.8499999999999999,-0.01072071,-2.144142,9.112603499999999,1.8225206999999997,cv
33.444525399943814,132,0.8499999999999999,-0.01101765,-2.2035299999999998,9.3650025,1.8730004999999994,cv
33.45592849992681,132,0.8499999999999999,-0.01136477,-2.272954,9.660054499999998,1.9320108999999996,cv
33.46732149994932,132,0.8499999999999999,-0.01138602,-2.2772040000000002,9.678116999999999,1.9356233999999999,cv
33.478725699940696,132,0.8499999999999999,-0.01127273,-2.254546,9.581820499999997,1.9163640999999996,cv
33.49010639998596,132,0.8499999999999999,-0.01110372,-2.220744,9.438161999999998,1.8876323999999995,cv
33.50151759991422,132,0.8499999999999999,-0.01090874,-2.181748,9.272428999999999,1.8544857999999995,cv
33.51299249997828,132,0.8499999999999999,-0.01072188,-2.144376,9.113598,1.8227195999999997,cv
33.524423499940895,132,0.8499999999999999,-0.01102003,-2.204006,9.367025499999999,1.8734050999999998,cv
33.53590689995326,132,0.8499999999999999,-0.01136228,-2.272456,9.657938,1.9315875999999996,cv
33.547291999915615,132,0.8499999999999999,-0.01138014,-2.276028,9.673119,1.9346237999999998,cv
33.558878899901174,132,0.8499999999999999,-0.01126138,-2.2522759999999997,9.572172999999998,1.9144345999999994,cv
33.57038469996769,132,0.8499999999999999,-0.01106848,-2.213696,9.408208,1.8816415999999998,cv
33.58345290005673,133,0.8599999999999999,-0.01063755,-2.12751,9.148293,1.8296585999999997,cv
33.59486580011435,133,0.8599999999999999,-0.01105773,-2.211546,9.509647799999998,1.9019295599999995,cv
33.60623930010479,133,0.8599999999999999,-0.01127052,-2.254104,9.692647199999998,1.9385294399999997,cv
33.617600800003856,133,0.8599999999999999,-0.01123269,-2.246538,9.660113399999998,1.9320226799999998,cv
33.62897730001714,133,0.8599999999999999,-0.01110411,-2.220822,9.5495346,1.9099069199999998,cv
33.6403601000784,133,0.8599999999999999,-0.0109231,-2.18462,9.393866,1.8787731999999995,cv
33.65186600002926,133,0.8599999999999999,-0.01072838,-2.145676,9.226406799999998,1.8452813599999998,cv
33.66330310003832,133,0.8599999999999999,-0.01063179,-2.126358,9.143339399999999,1.8286678799999998,cv
33.674717700108886,133,0.8599999999999999,-0.01103364,-2.206728,9.4889304,1.8977860799999997,cv
33.68611990008503,133,0.8599999999999999,-0.01126992,-2.253984,9.692131199999997,1.9384262399999996,cv
33.697517100023106,133,0.8599999999999999,-0.01123469,-2.246938,9.661833399999999,1.93236668,cv
33.708896100055426,133,0.8599999999999999,-0.01110337,-2.220674,9.548898199999998,1.9097796399999996,cv
33.72025150002446,133,0.8599999999999999,-0.01092898,-2.185796,9.3989228,1.8797845599999996,cv
33.73162030009553,133,0.8599999999999999,-0.01073676,-2.147352,9.2336136,1.8467227199999998,cv
33.743021900067106,133,0.8599999999999999,-0.01060637,-2.121274,9.1214782,1.8242956399999999,cv
33.7544315000996,133,0.8599999999999999,-0.01096205,-2.1924099999999997,9.427362999999998,1.8854725999999995,cv
33.7658791000722,133,0.8599999999999999,-0.01124708,-2.249416,9.672488799999998,1.9344977599999997,cv
33.77731950010639,133,0.8599999999999999,-0.01124038,-2.248076,9.666726799999998,1.93334536,cv
33.788775700028054,133,0.8599999999999999,-0.01111152,-2.2223040000000003,9.555907199999998,1.91118144,cv
33.80025710002519,133,0.8599999999999999,-0.01092839,-2.1856780000000002,9.3984154,1.87968308,cv
33.8117973000044,133,0.8599999999999999,-0.01070107,-2.140214,9.2029202,1.8405840399999995,cv
33.82474099996034,134,0.8699999999999999,-0.01089686,-2.179372,9.480268199999998,1.8960536399999997,cv
33.83624299999792,134,0.8699999999999999,-0.01112449,-2.2248980000000005,9.6783063,1.9356612600000003,cv
33.847692299983464,134,0.8699999999999999,-0.01106675,-2.21335,9.6280725,1.9256144999999998,cv
33.85913779994007,134,0.8699999999999999,-0.01091964,-2.183928,9.500086799999998,1.9000173599999997,cv
33.870606099953875,134,0.8699999999999999,-0.01073368,-2.146736,9.3383016,1.86766032,cv
33.88202469993848,134,0.8699999999999999,-0.01051699,-2.103398,9.149781299999999,1.8299562599999997,cv
33.89350509992801,134,0.8699999999999999,-0.01054572,-2.1091439999999997,9.174776399999999,1.8349552799999995,cv
33.905110199935734,134,0.8699999999999999,-0.01098229,-2.1964580000000002,9.5545923,1.91091846,cv
33.91681069997139,134,0.8699999999999999,-0.01111983,-2.223966,9.674252099999999,1.9348504199999996,cv
33.92876799998339,134,0.8699999999999999,-0.01097861,-2.195722,9.551390699999999,1.9102781399999997,cv
33.94047549995594,134,0.8699999999999999,-0.01074165,-2.14833,9.345235499999998,1.8690470999999997,cv
33.952080499962904,134,0.8699999999999999,-0.01051635,-2.10327,9.149224499999999,1.8298448999999999,cv
33.9636183999246,134,0.8699999999999999,-0.01058258,-2.116516,9.206844599999998,1.8413689199999996,cv
33.97531649994198,134,0.8699999999999999,-0.01101822,-2.203644,9.5858514,1.91717028,cv
33.9874334000051,134,0.8699999999999999,-0.01109599,-2.219198,9.653511299999998,1.9307022599999997,cv
33.99928469990846,134,0.8699999999999999,-0.01087756,-2.175512,9.463477199999998,1.8926954399999996,cv
34.01074089994654,134,0.8699999999999999,-0.01069516,-2.139032,9.304789199999998,1.8609578399999995,cv
34.02237659995444,134,0.8699999999999999,-0.01047971,-2.095942,9.117347699999998,1.8234695399999998,cv
34.033965099952184,134,0.8699999999999999,-0.01070384,-2.140768,9.312340799999998,1.8624681599999997,cv
34.045367699931376,134,0.8699999999999999,-0.01107435,-2.2148700000000003,9.634684499999999,1.9269369,cv
34.05691179994028,134,0.8699999999999999,-0.01110528,-2.221056,9.6615936,1.9323187199999996,cv
34.070085499901325,135,0.8599999999999999,-0.01093692,-2.1873839999999998,9.405751199999997,1.8811502399999995,cv
34.082300899899565,135,0.8599999999999999,-0.01069319,-2.138638,9.196143399999999,1.8392286799999995,cv
34.09434719989076,135,0.8599999999999999,-0.01097298,-2.1945959999999998,9.436762799999999,1.8873525599999996,cv
34.10572879994288,135,0.8599999999999999,-0.01125701,-2.2514019999999997,9.6810286,1.9362057199999994,cv
34.11736299993936,135,0.8599999999999999,-0.0112316,-2.24632,9.659175999999999,1.9318351999999996,cv
34.12919199990574,135,0.8599999999999999,-0.01103137,-2.206274,9.4869782,1.8973956399999998,cv
34.14068489999045,135,0.8599999999999999,-0.01083697,-2.167394,9.319794199999999,1.8639588399999996,cv
34.1521809999831,135,0.8599999999999999,-0.01061528,-2.123056,9.129140799999998,1.8258281599999997,cv
34.16383639990818,135,0.8599999999999999,-0.01078871,-2.157742,9.278290599999998,1.8556581199999995,cv
34.175631499965675,135,0.8599999999999999,-0.01124573,-2.249146,9.671327799999998,1.9342655599999998,cv
34.18718779995106,135,0.8599999999999999,-0.01122621,-2.245242,9.654540599999999,1.9309081199999998,cv
34.19850889989175,135,0.8599999999999999,-0.01110396,-2.220792,9.549405599999998,1.9098811199999997,cv
34.20994209998753,135,0.8599999999999999,-0.01093414,-2.1868279999999998,9.4033604,1.8806720799999996,cv
34.22137439996004,135,0.8599999999999999,-0.01072036,-2.144072,9.219509599999999,1.8439019199999998,cv
34.232825899962336,135,0.8599999999999999,-0.01061551,-2.1231020000000003,9.129338599999999,1.82586772,cv
34.24428619991522,135,0.8599999999999999,-0.01101661,-2.203322,9.474284599999999,1.8948569199999998,cv
34.25705269991886,135,0.8599999999999999,-0.01124906,-2.249812,9.674191599999999,1.9348383199999997,cv
34.26910119992681,135,0.8599999999999999,-0.01105796,-2.211592,9.509845599999998,1.9019691199999997,cv
34.28105859993957,135,0.8599999999999999,-0.01076425,-2.15285,9.257254999999999,1.8514509999999997,cv
34.29339679994155,135,0.8599999999999999,-0.0105981,-2.11962,9.114365999999999,1.8228731999999996,cv
34.30614939995576,135,0.8599999999999999,-0.01126336,-2.252672,9.686489599999998,1.9372979199999998,cv
34.319144499953836,136,0.8699999999999999,-0.01088389,-2.176778,9.468984299999999,1.89379686,cv
34.33065059990622,136,0.8699999999999999,-0.01066878,-2.133756,9.281838599999999,1.8563677199999997,cv
34.342047499958426,136,0.8699999999999999,-0.01046233,-2.0924660000000004,9.102227099999999,1.82044542,cv
34.35350149997976,136,0.8699999999999999,-0.01063377,-2.126754,9.251379899999998,1.8502759799999997,cv
34.364900299930014,136,0.8699999999999999,-0.01103935,-2.20787,9.604234499999999,1.9208469,cv
34.37628259998746,136,0.8699999999999999,-0.01111908,-2.2238160000000002,9.6735996,1.93471992,cv
34.38770619989373,136,0.8699999999999999,-0.01103086,-2.206172,9.596848199999998,1.9193696399999998,cv
34.3991737999022,136,0.8699999999999999,-0.01086197,-2.1723939999999997,9.449913899999999,1.8899827799999995,cv
34.410663199960254,136,0.8699999999999999,-0.01066738,-2.1334760000000004,9.280620599999999,1.85612412,cv
34.42208699998446,136,0.8699999999999999,-0.01045621,-2.0912420000000003,9.0969027,1.81938054,cv
34.433631899999455,136,0.8699999999999999,-0.01065913,-2.1318259999999998,9.2734431,1.8546886199999995,cv
34.44506729999557,136,0.8699999999999999,-0.01107255,-2.2145099999999998,9.6331185,1.9266236999999995,cv
34.45652639993932,136,0.8699999999999999,-0.01110739,-2.2214780000000003,9.663429299999999,1.93268586,cv
34.468083299929276,136,0.8699999999999999,-0.01099519,-2.1990380000000003,9.565815299999999,1.91316306,cv
34.479619699995965,136,0.8699999999999999,-0.01080159,-2.1603179999999997,9.3973833,1.8794766599999995,cv
34.49105359998066,136,0.8699999999999999,-0.01059533,-2.119066,9.217937099999999,1.8435874199999998,cv
34.53455739992205,136,0.8699999999999999,-0.01045669,-2.091338,9.097320299999998,1.8194640599999996,cv
34.553430199972354,136,0.8699999999999999,-0.01059294,-2.118588,9.2158578,1.8431715599999996,cv
34.57117149990518,136,0.8699999999999999,-0.01104766,-2.2095320000000003,9.611464199999999,1.92229284,cv
34.58272259996738,136,0.8699999999999999,-0.01046896,-2.0937919999999997,9.107995199999998,1.8215990399999995,cv
34.59426119993441,136,0.8699999999999999,-0.01093914,-2.187828,9.517051799999999,1.9034103599999999,cv
34.607240499928594,137,0.8599999999999999,-0.01119387,-2.2387740000000003,9.626728199999999,1.92534564,cv
34.61867119988892,137,0.8599999999999999,-0.0110511,-2.21022,9.503945999999997,1.9007891999999997,cv
34.63014349993318,137,0.8599999999999999,-0.01085273,-2.170546,9.333347799999999,1.8666695599999996,cv
34.64162049989682,137,0.8599999999999999,-0.01064006,-2.128012,9.150451599999998,1.8300903199999998,cv
34.65310349990614,137,0.8599999999999999,-0.01072065,-2.1441299999999996,9.219759,1.8439517999999995,cv
34.664509199908935,137,0.8599999999999999,-0.01114675,-2.22935,9.586204999999998,1.917241,cv
34.67594669992104,137,0.8599999999999999,-0.01125636,-2.251272,9.680469599999999,1.9360939199999998,cv
34.687371099949814,137,0.8599999999999999,-0.01117815,-2.2356299999999996,9.613208999999998,1.9226417999999994,cv
34.69883589993697,137,0.8599999999999999,-0.01102393,-2.204786,9.480579799999997,1.8961159599999997,cv
34.710298999911174,137,0.8599999999999999,-0.01082673,-2.165346,9.310987799999998,1.8621975599999998,cv
34.72174670000095,137,0.8599999999999999,-0.01061254,-2.1225080000000003,9.126784399999998,1.82535688,cv
34.73315699992236,137,0.8599999999999999,-0.01076629,-2.153258,9.259009399999998,1.8518018799999998,cv
34.74468519992661,137,0.8599999999999999,-0.0111731,-2.23462,9.608865999999999,1.9217731999999998,cv
34.75614749989472,137,0.8599999999999999,-0.01125282,-2.250564,9.677425199999998,1.9354850399999994,cv
34.76757269992959,137,0.8599999999999999,-0.0111489,-2.22978,9.588053999999998,1.9176107999999996,cv
34.77901669999119,137,0.8599999999999999,-0.01098798,-2.197596,9.449662799999999,1.8899325599999997,cv
34.79049439996015,137,0.8599999999999999,-0.01078718,-2.157436,9.2769748,1.85539496,cv
34.80194489995483,137,0.8599999999999999,-0.0105773,-2.1154599999999997,9.096477999999998,1.8192955999999993,cv
34.81346139998641,137,0.8599999999999999,-0.01083859,-2.167718,9.321187399999998,1.8642374799999997,cv
34.825047499965876,137,0.8599999999999999,-0.01121689,-2.243378,9.646525399999998,1.9293050799999996,cv
34.836567299906164,137,0.8599999999999999,-0.01122696,-2.245392,9.655185599999998,1.9310371199999996,cv
34.84966219996568,138,0.8499999999999999,-0.01101894,-2.203788,9.366098999999998,1.8732197999999995,cv
34.86110679991543,138,0.8499999999999999,-0.0108106,-2.1621200000000003,9.18901,1.837802,cv
34.872566299978644,138,0.8499999999999999,-0.01075307,-2.150614,9.140109499999998,1.8280218999999998,cv
34.88402249990031,138,0.8499999999999999,-0.01119082,-2.2381640000000003,9.512196999999999,1.9024394,cv
34.89545159996487,138,0.8499999999999999,-0.01138421,-2.2768420000000003,9.6765785,1.9353156999999999,cv
34.90740059991367,138,0.8499999999999999,-0.01132372,-2.264744,9.625162,1.9250323999999996,cv
34.91876519995276,138,0.8499999999999999,-0.01111977,-2.223954,9.451804499999998,1.8903608999999997,cv
34.93016489990987,138,0.8499999999999999,-0.0109307,-2.18614,9.291094999999999,1.8582189999999996,cv
34.94162099994719,138,0.8499999999999999,-0.01072338,-2.1446759999999996,9.114872999999998,1.8229745999999993,cv
34.95310199994128,138,0.8499999999999999,-0.0108946,-2.17892,9.260409999999998,1.8520819999999998,cv
34.96449099993333,138,0.8499999999999999,-0.01130402,-2.260804,9.608416999999998,1.9216833999999996,cv
34.9759487999836,138,0.8499999999999999,-0.01137577,-2.275154,9.669404499999999,1.9338809,cv
34.98736909998115,138,0.8499999999999999,-0.01127644,-2.255288,9.584973999999999,1.9169947999999999,cv
34.99878489994444,138,0.8499999999999999,-0.01111053,-2.222106,9.4439505,1.8887900999999998,cv
35.010177799966186,138,0.8499999999999999,-0.01092228,-2.184456,9.283938,1.8567875999999996,cv
35.021585699985735,138,0.8499999999999999,-0.01071611,-2.1432219999999997,9.108693499999998,1.8217386999999996,cv
35.033052499988116,138,0.8499999999999999,-0.01088284,-2.176568,9.250414,1.8500827999999998,cv
35.044491199892946,138,0.8499999999999999,-0.01130838,-2.261676,9.612122999999999,1.9224245999999998,cv
35.055932999937795,138,0.8499999999999999,-0.01137089,-2.274178,9.665256499999998,1.9330512999999998,cv
35.06748239998706,138,0.8499999999999999,-0.01126731,-2.253462,9.5772135,1.9154426999999996,cv
35.07895739993546,138,0.8499999999999999,-0.01108064,-2.216128,9.418543999999997,1.8837087999999995,cv
35.09197189996485,139,0.8599999999999999,-0.01057317,-2.1146339999999997,9.092926199999999,1.8185852399999995,cv
35.103567999904044,139,0.8599999999999999,-0.01097258,-2.1945159999999997,9.436418799999997,1.8872837599999994,cv
35.11503389989957,139,0.8599999999999999,-0.01123243,-2.246486,9.659889799999998,1.9319779599999998,cv
35.12650829995982,139,0.8599999999999999,-0.01120981,-2.241962,9.6404366,1.9280873199999997,cv
35.13800639996771,139,0.8599999999999999,-0.01106621,-2.213242,9.5169406,1.9033881199999998,cv
35.149472399964,139,0.8599999999999999,-0.01088557,-2.1771140000000004,9.361590199999998,1.8723180400000001,cv
35.16091219999362,139,0.8599999999999999,-0.01067279,-2.1345579999999997,9.1785994,1.8357198799999994,cv
35.172376599977724,139,0.8599999999999999,-0.01063406,-2.126812,9.145291599999998,1.82905832,cv
35.18385849997867,139,0.8599999999999999,-0.01107813,-2.215626,9.527191799999999,1.9054383599999996,cv
35.19531049998477,139,0.8599999999999999,-0.01125474,-2.250948,9.679076399999998,1.93581528,cv
35.206764299888164,139,0.8599999999999999,-0.01117973,-2.235946,9.6145678,1.9229135599999998,cv
35.21824509999715,139,0.8599999999999999,-0.01103459,-2.206918,9.489747399999999,1.8979494799999996,cv
35.22973759996239,139,0.8599999999999999,-0.01084022,-2.1680439999999996,9.322589199999998,1.8645178399999993,cv
35.241201099939644,139,0.8599999999999999,-0.01061574,-2.123148,9.1295364,1.8259072799999998,cv
35.25266319990624,139,0.8599999999999999,-0.01070402,-2.140804,9.205457199999998,1.8410914399999998,cv
35.264144699904136,139,0.8599999999999999,-0.01114147,-2.228294,9.581664199999999,1.9163328399999997,cv
35.27658739988692,139,0.8599999999999999,-0.01119883,-2.239766,9.630993799999997,1.9261987599999997,cv
35.288001099950634,139,0.8599999999999999,-0.01105294,-2.2105880000000004,9.5055284,1.9011056800000001,cv
35.299419099930674,139,0.8599999999999999,-0.01086458,-2.172916,9.3435388,1.8687077599999995,cv
35.3109928999329,139,0.8599999999999999,-0.01065342,-2.130684,9.1619412,1.8323882399999998,cv
35.32249759999104,139,0.8599999999999999,-0.01067307,-2.134614,9.178840199999998,1.8357680399999998,cv
35.3354802998947,140,0.8499999999999999,-0.01137431,-2.2748619999999997,9.668163499999999,1.9336326999999995,cv
35.34696939995047,140,0.8499999999999999,-0.01128051,-2.2561020000000003,9.588433499999999,1.9176867,cv
35.35841599991545,140,0.8499999999999999,-0.01111884,-2.223768,9.451013999999999,1.8902028,cv
35.369867399916984,140,0.8499999999999999,-0.01092682,-2.1853640000000003,9.287797,1.8575594,cv
35.38133129989728,140,0.8499999999999999,-0.0107096,-2.14192,9.103159999999999,1.8206319999999996,cv
35.39283489994705,140,0.8499999999999999,-0.01090488,-2.1809760000000002,9.269148,1.8538295999999999,cv
35.40426949993707,140,0.8499999999999999,-0.01131238,-2.2624760000000004,9.615523,1.9231046,cv
35.41571759991348,140,0.8499999999999999,-0.01136239,-2.272478,9.658031499999998,1.9316062999999997,cv
35.427199599915184,140,0.8499999999999999,-0.0112555,-2.2511,9.567174999999999,1.9134349999999998,cv
35.43867799988948,140,0.8499999999999999,-0.01108565,-2.21713,9.4228025,1.8845604999999996,cv
35.4501260999823,140,0.8499999999999999,-0.01087972,-2.1759440000000003,9.247762,1.8495523999999999,cv
35.46162399998866,140,0.8499999999999999,-0.01069798,-2.139596,9.093282999999998,1.8186565999999997,cv
35.47312819992658,140,0.8499999999999999,-0.01101683,-2.203366,9.364305499999999,1.8728610999999997,cv
35.48454380000476,140,0.8499999999999999,-0.01134577,-2.269154,9.643904499999998,1.9287808999999996,cv
35.49598109989893,140,0.8499999999999999,-0.01134705,-2.2694099999999997,9.644992499999997,1.9289984999999994,cv
35.50744959991425,140,0.8499999999999999,-0.011219,-2.2438,9.53615,1.9072299999999995,cv
35.51891979994252,140,0.8499999999999999,-0.01103708,-2.207416,9.381517999999998,1.8763035999999995,cv
35.5303658999037,140,0.8499999999999999,-0.01082857,-2.165714,9.204284499999998,1.8408568999999997,cv
35.54185089992825,140,0.8499999999999999,-0.01070803,-2.1416060000000003,9.101825499999999,1.8203651,cv
35.5535103000002,140,0.8499999999999999,-0.01113087,-2.226174,9.461239499999998,1.8922478999999996,cv
35.564987599966116,140,0.8499999999999999,-0.01136797,-2.273594,9.6627745,1.9325548999999997,cv
35.57795239996631,141,0.8399999999999999,-0.0112637,-2.25274,9.461507999999998,1.8923016,cv
35.58942749991547,141,0.8399999999999999,-0.01107289,-2.2145780000000004,9.301227599999999,1.86024552,cv
35.600898399949074,141,0.8399999999999999,-0.01085288,-2.170576,9.116419199999998,1.8232838399999998,cv
35.61234439990949,141,0.8399999999999999,-0.0109285,-2.1857,9.179939999999998,1.835988,cv
35.62387609994039,141,0.8399999999999999,-0.01136414,-2.272828,9.545877599999999,1.9091755199999998,cv
35.635324199916795,141,0.8399999999999999,-0.01147453,-2.294906,9.638605199999999,1.9277210399999998,cv
35.64679969998542,141,0.8399999999999999,-0.01137794,-2.275588,9.557469599999997,1.9114939199999996,cv
35.65827429993078,141,0.8399999999999999,-0.01121543,-2.243086,9.420961199999997,1.8841922399999995,cv
35.6697528999066,141,0.8399999999999999,-0.01101991,-2.2039820000000003,9.2567244,1.8513448799999999,cv
35.68115629989188,141,0.8399999999999999,-0.01080353,-2.1607060000000002,9.074965199999998,1.8149930399999998,cv
35.69257739989553,141,0.8399999999999999,-0.01101004,-2.202008,9.248433599999998,1.8496867199999998,cv
35.70404719992075,141,0.8399999999999999,-0.01140742,-2.281484,9.582232799999998,1.9164465599999996,cv
35.71550709998701,141,0.8399999999999999,-0.01146758,-2.293516,9.632767199999998,1.9265534399999995,cv
35.727004099986516,141,0.8399999999999999,-0.01135589,-2.271178,9.538947599999998,1.9077895199999997,cv
35.73846689995844,141,0.8399999999999999,-0.0111774,-2.23548,9.389015999999998,1.8778031999999996,cv
35.74994249991141,141,0.8399999999999999,-0.01098084,-2.196168,9.223905599999998,1.8447811199999997,cv
35.761401499970816,141,0.8399999999999999,-0.01080039,-2.160078,9.0723276,1.8144655199999997,cv
35.772851899964735,141,0.8399999999999999,-0.0111075,-2.2215,9.330299999999998,1.8660599999999996,cv
35.784515199949965,141,0.8399999999999999,-0.01144758,-2.289516,9.615967199999998,1.9231934399999995,cv
35.796033399994485,141,0.8399999999999999,-0.01143673,-2.2873460000000003,9.6068532,1.92137064,cv
35.80757139995694,141,0.8399999999999999,-0.01129238,-2.258476,9.485599199999998,1.8971198399999996,cv
35.8206327999942,142,0.8499999999999999,-0.01075334,-2.150668,9.140338999999999,1.8280677999999997,cv
35.83215599996038,142,0.8499999999999999,-0.01079689,-2.159378,9.177356499999998,1.8354712999999996,cv
35.84364419989288,142,0.8499999999999999,-0.01124316,-2.2486319999999997,9.556686,1.9113371999999995,cv
35.855092699988745,142,0.8499999999999999,-0.0113624,-2.27248,9.658039999999998,1.9316079999999995,cv
35.86652869998943,142,0.8499999999999999,-0.01127487,-2.254974,9.583639499999999,1.9167278999999995,cv
35.878455499885604,142,0.8499999999999999,-0.01111534,-2.223068,9.448038999999998,1.8896077999999998,cv
35.89024499990046,142,0.8499999999999999,-0.01080324,-2.160648,9.182754,1.8365508,cv
35.901693399995565,142,0.8499999999999999,-0.01072641,-2.1452820000000004,9.117448499999998,1.8234897,cv
35.913122699945234,142,0.8499999999999999,-0.01112774,-2.2255480000000003,9.458578999999999,1.8917158,cv
35.92456219997257,142,0.8499999999999999,-0.01135757,-2.2715140000000003,9.653934499999998,1.9307869,cv
35.9360078999307,142,0.8499999999999999,-0.01131297,-2.262594,9.616024499999998,1.9232048999999998,cv
35.947400699951686,142,0.8499999999999999,-0.01117427,-2.234854,9.4981295,1.8996258999999995,cv
35.958835499943234,142,0.8499999999999999,-0.01099433,-2.1988659999999998,9.345180499999998,1.8690360999999995,cv
35.97027839999646,142,0.8499999999999999,-0.01079322,-2.158644,9.174236999999998,1.8348473999999995,cv
35.981716899899766,142,0.8499999999999999,-0.0107317,-2.14634,9.121945,1.8243889999999996,cv
35.99315209989436,142,0.8499999999999999,-0.01115112,-2.230224,9.478451999999999,1.8956903999999999,cv
36.004602299886756,142,0.8499999999999999,-0.01135839,-2.271678,9.654631499999999,1.9309262999999999,cv
36.01602429989725,142,0.8499999999999999,-0.01130144,-2.260288,9.606223999999997,1.9212447999999998,cv
36.027507299906574,142,0.8499999999999999,-0.01116177,-2.232354,9.487504499999998,1.8975008999999996,cv
36.039132199948654,142,0.8499999999999999,-0.01095797,-2.191594,9.314274499999996,1.8628548999999996,cv
36.05058529996313,142,0.8499999999999999,-0.01072903,-2.145806,9.119675499999998,1.8239350999999997,cv
36.06342460005544,143,0.8599999999999999,-0.01109291,-2.218582,9.5399026,1.9079805199999997,cv
36.0748956000898,143,0.8599999999999999,-0.0112298,-2.2459599999999997,9.657627999999997,1.9315255999999994,cv
36.08637980010826,143,0.8599999999999999,-0.01114419,-2.228838,9.584003399999999,1.9168006799999997,cv
36.097874500090256,143,0.8599999999999999,-0.01097786,-2.1955720000000003,9.4409596,1.88819192,cv
36.10936980007682,143,0.8599999999999999,-0.0107774,-2.15548,9.268563999999998,1.8537127999999996,cv
36.12086140003521,143,0.8599999999999999,-0.01055223,-2.110446,9.074917799999998,1.8149835599999997,cv
36.13232520001475,143,0.8599999999999999,-0.01077689,-2.1553780000000002,9.268125399999999,1.85362508,cv
36.14381030004006,143,0.8599999999999999,-0.01117245,-2.23449,9.608306999999998,1.9216613999999999,cv
36.155260500032455,143,0.8599999999999999,-0.01121926,-2.243852,9.648563599999997,1.9297127199999997,cv
36.16674610006157,143,0.8599999999999999,-0.0111064,-2.22128,9.551504,1.9103008,cv
36.1782190001104,143,0.8599999999999999,-0.01093112,-2.186224,9.400763199999998,1.88015264,cv
36.189729100093246,143,0.8599999999999999,-0.01072519,-2.1450380000000004,9.2236634,1.8447326800000001,cv
36.201134200091474,143,0.8599999999999999,-0.0105595,-2.1119,9.081169999999998,1.8162339999999997,cv
36.21261260006577,143,0.8599999999999999,-0.01089616,-2.179232,9.370697599999998,1.8741395199999995,cv
36.22404350002762,143,0.8599999999999999,-0.01120799,-2.2415979999999998,9.6388714,1.9277742799999995,cv
36.23549420002382,143,0.8599999999999999,-0.01120131,-2.2402620000000004,9.6331266,1.92662532,cv
36.2469406001037,143,0.8599999999999999,-0.01107161,-2.214322,9.521584599999999,1.9043169199999999,cv
36.25842670002021,143,0.8599999999999999,-0.01088972,-2.177944,9.365159199999999,1.87303184,cv
36.27004780003335,143,0.8599999999999999,-0.01067983,-2.135966,9.184653799999998,1.8369307599999996,cv
36.28156440006569,143,0.8599999999999999,-0.01060248,-2.120496,9.118132799999998,1.82362656,cv
36.293127400102094,143,0.8599999999999999,-0.01104417,-2.2088340000000004,9.4979862,1.89959724,cv
36.30593549995683,144,0.8699999999999999,-0.01102224,-2.204448,9.5893488,1.9178697599999999,cv
36.31736559991259,144,0.8699999999999999,-0.01087121,-2.174242,9.457952699999998,1.8915905399999997,cv
36.32887420000043,144,0.8699999999999999,-0.01068535,-2.13707,9.296254499999998,1.8592508999999997,cv
36.34032949991524,144,0.8699999999999999,-0.01046298,-2.092596,9.102792599999999,1.8205585199999996,cv
36.35183419997338,144,0.8699999999999999,-0.01052955,-2.10591,9.1607085,1.8321417,cv
36.363334199995734,144,0.8699999999999999,-0.01097327,-2.194654,9.546744899999998,1.9093489799999996,cv
36.37478159996681,144,0.8699999999999999,-0.01108069,-2.216138,9.640200299999998,1.9280400599999996,cv
36.38617149996571,144,0.8699999999999999,-0.01099731,-2.199462,9.567659699999998,1.9135319399999997,cv
36.39759189996403,144,0.8699999999999999,-0.0108415,-2.1683,9.432105,1.8864209999999997,cv
36.40902679995634,144,0.8699999999999999,-0.01065586,-2.131172,9.270598199999998,1.8541196399999995,cv
36.42052769998554,144,0.8699999999999999,-0.01044284,-2.088568,9.0852708,1.8170541599999996,cv
36.43201200000476,144,0.8699999999999999,-0.01060207,-2.120414,9.223800899999999,1.8447601799999995,cv
36.44344409997575,144,0.8699999999999999,-0.01101806,-2.203612,9.5857122,1.91714244,cv
36.45488749991637,144,0.8699999999999999,-0.01107853,-2.215706,9.638321099999997,1.9276642199999996,cv
36.466283199959435,144,0.8699999999999999,-0.01098206,-2.196412,9.554392199999999,1.9108784399999998,cv
36.477740700007416,144,0.8699999999999999,-0.01082253,-2.1645060000000003,9.415601099999998,1.88312022,cv
36.489223999902606,144,0.8699999999999999,-0.01062079,-2.124158,9.240087299999997,1.8480174599999997,cv
36.5007877999451,144,0.8699999999999999,-0.01041348,-2.082696,9.059727599999997,1.8119455199999996,cv
36.512488599983044,144,0.8699999999999999,-0.01072531,-2.1450620000000002,9.331019699999999,1.86620394,cv
36.524075699970126,144,0.8699999999999999,-0.01107382,-2.2147639999999997,9.6342234,1.9268446799999994,cv
36.535522699938156,144,0.8699999999999999,-0.01103852,-2.207704,9.603512399999998,1.9207024799999999,cv
36.548437299905345,145,0.8599999999999999,-0.01085323,-2.170646,9.333777799999998,1.8667555599999999,cv
36.559852199978195,145,0.8599999999999999,-0.01064464,-2.128928,9.154390399999999,1.83087808,cv
36.57126709993463,145,0.8599999999999999,-0.01060102,-2.1202039999999998,9.116877199999998,1.8233754399999995,cv
36.582750999950804,145,0.8599999999999999,-0.01101924,-2.203848,9.476546399999998,1.8953092799999995,cv
36.594219899969175,145,0.8599999999999999,-0.01122614,-2.245228,9.654480399999999,1.9308960799999997,cv
36.60567709989846,145,0.8599999999999999,-0.01116907,-2.2338139999999997,9.605400199999998,1.9210800399999994,cv
36.61712129996158,145,0.8599999999999999,-0.01101823,-2.203646,9.475677799999998,1.8951355599999997,cv
36.62860989989713,145,0.8599999999999999,-0.01083004,-2.166008,9.3138344,1.86276688,cv
36.640017599915154,145,0.8599999999999999,-0.01061724,-2.1234480000000002,9.130826399999998,1.82616528,cv
36.65141869999934,145,0.8599999999999999,-0.01063993,-2.1279860000000004,9.1503398,1.83006796,cv
36.662861299933866,145,0.8599999999999999,-0.01106847,-2.213694,9.518884199999999,1.9037768399999995,cv
36.674315899959765,145,0.8599999999999999,-0.01123037,-2.246074,9.658118199999997,1.9316236399999998,cv
36.68575389997568,145,0.8599999999999999,-0.01116067,-2.232134,9.598176199999997,1.9196352399999996,cv
36.69716989994049,145,0.8599999999999999,-0.01101143,-2.202286,9.469829799999998,1.8939659599999996,cv
36.70858909992967,145,0.8599999999999999,-0.0108318,-2.16636,9.315348,1.8630695999999998,cv
36.719991999911144,145,0.8599999999999999,-0.01061678,-2.123356,9.1304308,1.8260861599999996,cv
36.73141329991631,145,0.8599999999999999,-0.01065278,-2.130556,9.1613908,1.8322781599999995,cv
36.74285159993451,145,0.8599999999999999,-0.0110883,-2.21766,9.535938,1.9071875999999996,cv
36.75436259992421,145,0.8599999999999999,-0.01123213,-2.246426,9.659631799999998,1.9319263599999998,cv
36.76586609997321,145,0.8599999999999999,-0.01114373,-2.228746,9.583607799999998,1.9167215599999998,cv
36.77735439990647,145,0.8599999999999999,-0.01099043,-2.198086,9.4517698,1.8903539599999997,cv
36.79008429998066,146,0.8499999999999999,-0.01071919,-2.1438379999999997,9.111311499999998,1.8222622999999996,cv
36.80151489994023,146,0.8499999999999999,-0.01081154,-2.162308,9.189808999999999,1.8379617999999995,cv
36.81293719995301,146,0.8499999999999999,-0.01123786,-2.2475720000000003,9.552180999999997,1.9104362,cv
36.8243842999218,146,0.8499999999999999,-0.01135367,-2.270734,9.6506195,1.9301238999999997,cv
36.83583519991953,146,0.8499999999999999,-0.0112625,-2.2525,9.573124999999997,1.9146249999999996,cv
36.84726149996277,146,0.8499999999999999,-0.01110844,-2.221688,9.442174,1.8884347999999995,cv
36.85867449990474,146,0.8499999999999999,-0.0109224,-2.1844799999999998,9.28404,1.8568079999999996,cv
36.87014629994519,146,0.8499999999999999,-0.01070669,-2.141338,9.100686499999998,1.8201372999999998,cv
36.8815609999001,146,0.8499999999999999,-0.01085086,-2.170172,9.223230999999998,1.8446461999999997,cv
36.89299779990688,146,0.8499999999999999,-0.01125121,-2.2502419999999996,9.563528499999999,1.9127056999999994,cv
36.9044318998931,146,0.8499999999999999,-0.01135541,-2.271082,9.652098499999997,1.9304196999999996,cv
36.915884199901484,146,0.8499999999999999,-0.01126127,-2.2522539999999998,9.5720795,1.9144158999999994,cv
36.92733259999659,146,0.8499999999999999,-0.01109889,-2.2197780000000003,9.434056499999999,1.8868113,cv
36.93881619989406,146,0.8499999999999999,-0.01089787,-2.179574,9.2631895,1.8526378999999997,cv
36.95027809997555,146,0.8499999999999999,-0.01069355,-2.13871,9.089517499999998,1.8179035,cv
36.96203559997957,146,0.8499999999999999,-0.01091022,-2.1820440000000003,9.273686999999999,1.8547373999999999,cv
36.97352069988847,146,0.8499999999999999,-0.01133199,-2.2663979999999997,9.632191499999998,1.9264382999999994,cv
36.984964399947785,146,0.8499999999999999,-0.01132959,-2.265918,9.6301515,1.9260302999999999,cv
36.99657329998445,146,0.8499999999999999,-0.01120392,-2.2407839999999997,9.523331999999996,1.9046663999999993,cv
37.00822069996502,146,0.8499999999999999,-0.01098781,-2.1975620000000005,9.3396385,1.8679277,cv
37.01980679994449,146,0.8499999999999999,-0.01074194,-2.1483879999999997,9.130649,1.8261297999999995,cv
37.03267089999281,147,0.8599999999999999,-0.0110754,-2.2150799999999995,9.524843999999998,1.9049687999999994,cv
37.044152899994515,147,0.8599999999999999,-0.01122142,-2.244284,9.650421199999998,1.9300842399999998,cv
37.055504599935375,147,0.8599999999999999,-0.01114258,-2.228516,9.582618799999999,1.9165237599999996,cv
37.066959899966605,147,0.8599999999999999,-0.0109916,-2.19832,9.452776,1.8905551999999997,cv
37.078429399989545,147,0.8599999999999999,-0.01080235,-2.16047,9.290021,1.8580041999999999,cv
37.08989689999726,147,0.8599999999999999,-0.01059069,-2.118138,9.107993399999998,1.8215986799999997,cv
37.10144879994914,147,0.8599999999999999,-0.01068972,-2.137944,9.193159199999998,1.8386318399999997,cv
37.11291569995228,147,0.8599999999999999,-0.01112901,-2.225802,9.5709486,1.9141897199999995,cv
37.124368399963714,147,0.8599999999999999,-0.01121636,-2.243272,9.646069599999997,1.9292139199999998,cv
37.13583529996686,147,0.8599999999999999,-0.0111122,-2.2224399999999997,9.556491999999999,1.9112983999999995,cv
37.147276300005615,147,0.8599999999999999,-0.01095327,-2.190654,9.419812199999999,1.8839624399999997,cv
37.15870539995376,147,0.8599999999999999,-0.01075328,-2.150656,9.2478208,1.84956416,cv
37.170151399914175,147,0.8599999999999999,-0.01055626,-2.111252,9.078383599999999,1.8156767199999997,cv
37.181600999902,147,0.8599999999999999,-0.01078136,-2.156272,9.271969599999998,1.8543939199999997,cv
37.19308329990599,147,0.8599999999999999,-0.01116507,-2.233014,9.601960199999997,1.9203920399999996,cv
37.20452479994856,147,0.8599999999999999,-0.01120956,-2.241912,9.640221599999999,1.92804432,cv
37.21598029998131,147,0.8599999999999999,-0.01109408,-2.218816,9.540908799999997,1.9081817599999997,cv
37.22745619993657,147,0.8599999999999999,-0.01092746,-2.185492,9.3976156,1.8795231199999998,cv
37.238924099947326,147,0.8599999999999999,-0.0107199,-2.14398,9.219114,1.8438227999999997,cv
37.25059179996606,147,0.8599999999999999,-0.01056079,-2.112158,9.0822794,1.8164558799999997,cv
37.26207149995025,147,0.8599999999999999,-0.01096793,-2.1935860000000003,9.4324198,1.8864839599999998,cv
37.27497749996837,148,0.8699999999999999,-0.01103642,-2.207284,9.6016854,1.9203370799999997,cv
37.28642689995468,148,0.8699999999999999,-0.01090088,-2.1801760000000003,9.4837656,1.89675312,cv
37.29800219996832,148,0.8699999999999999,-0.01071535,-2.1430700000000003,9.3223545,1.8644709,cv
37.31022669991944,148,0.8699999999999999,-0.01046477,-2.0929539999999998,9.104349899999999,1.8208699799999994,cv
37.32164949993603,148,0.8699999999999999,-0.01068745,-2.13749,9.298081499999999,1.8596162999999999,cv
37.333158399909735,148,0.8699999999999999,-0.01103714,-2.207428,9.602311799999999,1.92046236,cv
37.34463009994943,148,0.8699999999999999,-0.01105365,-2.21073,9.616675499999998,1.9233350999999996,cv
37.35608619998675,148,0.8699999999999999,-0.01093094,-2.186188,9.509917799999998,1.9019835599999997,cv
37.36755419999827,148,0.8699999999999999,-0.01075333,-2.150666,9.3553971,1.8710794199999998,cv
37.37905150000006,148,0.8699999999999999,-0.01054508,-2.109016,9.174219599999999,1.8348439199999997,cv
37.3905356999021,148,0.8699999999999999,-0.01043365,-2.0867299999999998,9.077275499999997,1.8154550999999994,cv
37.40203899994958,148,0.8699999999999999,-0.01083177,-2.1663539999999997,9.423639899999998,1.8847279799999994,cv
37.413546999916434,148,0.8699999999999999,-0.01107283,-2.214566,9.6333621,1.9266724199999998,cv
37.42501179990359,148,0.8699999999999999,-0.0110259,-2.20518,9.592532999999998,1.9185065999999997,cv
37.43653249996714,148,0.8699999999999999,-0.01087598,-2.175196,9.4621026,1.89242052,cv
37.448016299982555,148,0.8699999999999999,-0.01068303,-2.136606,9.2942361,1.8588472199999997,cv
37.45947439991869,148,0.8699999999999999,-0.01046517,-2.093034,9.104697899999998,1.8209395799999997,cv
37.470931399962865,148,0.8699999999999999,-0.01050861,-2.1017219999999996,9.142490699999998,1.8284981399999995,cv
37.48285199992824,148,0.8699999999999999,-0.01094641,-2.189282,9.523376699999998,1.9046753399999996,cv
37.49436859996058,148,0.8699999999999999,-0.01106256,-2.2125120000000003,9.6244272,1.92488544,cv
37.50589329993818,148,0.8699999999999999,-0.01094465,-2.18893,9.5218455,1.9043690999999998,cv
37.51890669995919,149,0.8599999999999999,-0.01069303,-2.138606,9.196005799999998,1.8392011599999996,cv
37.53037809988018,149,0.8599999999999999,-0.01056722,-2.1134440000000003,9.0878092,1.81756184,cv
37.541879699914716,149,0.8599999999999999,-0.01094961,-2.189922,9.416664599999999,1.8833329199999997,cv
37.55336859996896,149,0.8599999999999999,-0.01120816,-2.241632,9.639017599999999,1.9278035199999999,cv
37.56489369994961,149,0.8599999999999999,-0.01116972,-2.233944,9.605959199999997,1.9211918399999999,cv
37.5763182999799,149,0.8599999999999999,-0.01102409,-2.2048180000000004,9.480717399999998,1.89614348,cv
37.587766099954024,149,0.8599999999999999,-0.01083456,-2.166912,9.317721599999999,1.8635443199999997,cv
37.59924119990319,149,0.8599999999999999,-0.01062189,-2.124378,9.134825399999999,1.82696508,cv
37.61066479992587,149,0.8599999999999999,-0.01061668,-2.123336,9.1303448,1.8260689599999997,cv
37.62209909991361,149,0.8599999999999999,-0.01103527,-2.2070540000000003,9.490332199999997,1.89806644,cv
37.63363219995517,149,0.8599999999999999,-0.01121957,-2.2439139999999997,9.648830199999997,1.9297660399999994,cv
37.64508919988293,149,0.8599999999999999,-0.01114647,-2.2292940000000003,9.585964199999998,1.91719284,cv
37.65656129992567,149,0.8599999999999999,-0.0109948,-2.1989600000000005,9.455528,1.8911056000000002,cv
37.668055999907665,149,0.8599999999999999,-0.01080218,-2.160436,9.289874799999998,1.8579749599999995,cv
37.679527599946596,149,0.8599999999999999,-0.01058073,-2.116146,9.099427799999999,1.81988556,cv
37.690999099984765,149,0.8599999999999999,-0.0107089,-2.14178,9.209653999999999,1.8419307999999996,cv
37.702477899962105,149,0.8599999999999999,-0.01113244,-2.2264880000000002,9.5738984,1.9147796799999999,cv
37.71400499995798,149,0.8599999999999999,-0.01121415,-2.24283,9.644169,1.9288337999999998,cv
37.72548329993151,149,0.8599999999999999,-0.01110571,-2.221142,9.550910599999998,1.9101821199999998,cv
37.73695009993389,149,0.8599999999999999,-0.01094002,-2.1880040000000003,9.408417199999999,1.88168344,cv
37.74845629988704,149,0.8599999999999999,-0.01074647,-2.149294,9.241964199999998,1.8483928399999996,cv
37.761371099972166,150,0.8699999999999999,-0.01070193,-2.1403860000000003,9.310679099999998,1.86213582,cv
37.77287079999223,150,0.8699999999999999,-0.01104375,-2.2087499999999998,9.608062499999999,1.9216124999999995,cv
37.78438269998878,150,0.8699999999999999,-0.01104771,-2.209542,9.611507699999999,1.9223015399999996,cv
37.79586599988397,150,0.8699999999999999,-0.01091802,-2.183604,9.498677399999998,1.8997354799999997,cv
37.807372899958864,150,0.8699999999999999,-0.01073727,-2.147454,9.3414249,1.8682849799999999,cv
37.818874199991114,150,0.8699999999999999,-0.01052403,-2.104806,9.1559061,1.8311812199999997,cv
37.830371399992146,150,0.8699999999999999,-0.01044343,-2.088686,9.0857841,1.81715682,cv
37.841864999965765,150,0.8699999999999999,-0.01087627,-2.175254,9.4623549,1.8924709799999995,cv
37.85329399991315,150,0.8699999999999999,-0.01107477,-2.2149539999999996,9.635049899999999,1.9270099799999993,cv
37.864745699916966,150,0.8699999999999999,-0.0110156,-2.20312,9.583571999999998,1.9167143999999998,cv
37.87616029998753,150,0.8699999999999999,-0.01086678,-2.173356,9.454098599999998,1.8908197199999999,cv
37.88762069994118,150,0.8699999999999999,-0.01069534,-2.139068,9.304945799999999,1.8609891599999997,cv
37.89907159993891,150,0.8699999999999999,-0.01047674,-2.095348,9.114763799999999,1.8229527599999997,cv
37.91053389990702,150,0.8699999999999999,-0.01049426,-2.098852,9.130006199999999,1.8260012399999996,cv
37.92204169998877,150,0.8699999999999999,-0.01092785,-2.18557,9.5072295,1.9014458999999995,cv
37.93354739993811,150,0.8699999999999999,-0.01107603,-2.2152060000000002,9.6361461,1.9272292199999999,cv
37.94498189992737,150,0.8699999999999999,-0.01099456,-2.198912,9.5652672,1.9130534399999997,cv
37.95640819997061,150,0.8699999999999999,-0.01083939,-2.1678780000000004,9.430269299999999,1.88605386,cv
37.967750799958594,150,0.8699999999999999,-0.01066559,-2.1331180000000005,9.279063299999999,1.8558126600000002,cv
37.97930579993408,150,0.8699999999999999,-0.01044983,-2.089966,9.091352099999998,1.8182704199999997,cv
37.990876799914986,150,0.8699999999999999,-0.01057549,-2.115098,9.200676299999998,1.8401352599999998,cv
38.00387649994809,151,0.8599999999999999,-0.01120969,-2.241938,9.640333399999998,1.92806668,cv
38.01536869991105,151,0.8599999999999999,-0.01108691,-2.2173819999999997,9.534742599999998,1.9069485199999996,cv
38.02687489998061,151,0.8599999999999999,-0.0109225,-2.1845,9.393349999999998,1.8786699999999996,cv
38.0383716999786,151,0.8599999999999999,-0.01071232,-2.1424639999999995,9.212595199999997,1.8425190399999993,cv
38.04980449995492,151,0.8599999999999999,-0.01055264,-2.110528,9.075270399999999,1.8150540799999997,cv
38.061236499925144,151,0.8599999999999999,-0.01087394,-2.1747880000000004,9.351588399999999,1.87031768,cv
38.072690699948,151,0.8599999999999999,-0.01118142,-2.236284,9.616021199999999,1.9232042399999996,cv
38.08417439996265,151,0.8599999999999999,-0.01118194,-2.236388,9.616468399999999,1.9232936799999996,cv
38.0956298999954,151,0.8599999999999999,-0.01105154,-2.2103080000000004,9.504324399999998,1.90086488,cv
38.10713779996149,151,0.8599999999999999,-0.01087604,-2.175208,9.353394399999999,1.8706788799999998,cv
38.11861779994797,151,0.8599999999999999,-0.01066685,-2.13337,9.173490999999999,1.8346981999999998,cv
38.13007689989172,151,0.8599999999999999,-0.01057533,-2.115066,9.094783799999998,1.8189567599999998,cv
38.14165369991679,151,0.8599999999999999,-0.0109888,-2.1977599999999997,9.450368,1.8900735999999996,cv
38.15314909990411,151,0.8599999999999999,-0.01121276,-2.2425520000000003,9.642973599999998,1.92859472,cv
38.164600399904884,151,0.8599999999999999,-0.01114727,-2.229454,9.586652199999998,1.9173304399999997,cv
38.17605479992926,151,0.8599999999999999,-0.01099701,-2.199402,9.457428599999998,1.8914857199999997,cv
38.18755759997293,151,0.8599999999999999,-0.01080794,-2.161588,9.294828399999998,1.8589656799999998,cv
38.19905009993818,151,0.8599999999999999,-0.01058752,-2.117504,9.105267199999998,1.8210534399999996,cv
38.21067659999244,151,0.8599999999999999,-0.01067959,-2.1359179999999998,9.184447399999998,1.8368894799999995,cv
38.222221799893305,151,0.8599999999999999,-0.01113082,-2.226164,9.572505199999998,1.9145010399999995,cv
38.233715199981816,151,0.8599999999999999,-0.01120479,-2.240958,9.636119399999998,1.9272238799999997,cv
38.246478499961086,152,0.8499999999999999,-0.01107196,-2.214392,9.411165999999998,1.8822331999999997,cv
38.257776299957186,152,0.8499999999999999,-0.01088825,-2.1776500000000003,9.2550125,1.8510024999999999,cv
38.269220599904656,152,0.8499999999999999,-0.01068189,-2.1363779999999997,9.079606499999999,1.8159212999999994,cv
38.28070369991474,152,0.8499999999999999,-0.01085952,-2.171904,9.230591999999998,1.8461183999999997,cv
38.292185799917206,152,0.8499999999999999,-0.01126667,-2.2533339999999997,9.576669499999998,1.9153338999999994,cv
38.30367659998592,152,0.8499999999999999,-0.01132791,-2.2655819999999998,9.628723499999998,1.9257446999999994,cv
38.31512229994405,152,0.8499999999999999,-0.01121806,-2.2436119999999997,9.535350999999999,1.9070701999999995,cv
38.326586499926634,152,0.8499999999999999,-0.01104695,-2.20939,9.3899075,1.8779814999999997,cv
38.33808689995203,152,0.8499999999999999,-0.01084359,-2.168718,9.217051499999998,1.8434102999999997,cv
38.34954529989045,152,0.8499999999999999,-0.01066302,-2.132604,9.063566999999999,1.8127133999999998,cv
38.36101019999478,152,0.8499999999999999,-0.01098068,-2.196136,9.333578,1.8667155999999998,cv
38.372498699929565,152,0.8499999999999999,-0.0113047,-2.26094,9.608994999999998,1.9217989999999998,cv
38.38399599993136,152,0.8499999999999999,-0.01130418,-2.2608360000000003,9.608552999999999,1.9217106,cv
38.395410999888554,152,0.8499999999999999,-0.01117683,-2.235366,9.500305499999998,1.9000610999999996,cv
38.40683369990438,152,0.8499999999999999,-0.01100403,-2.200806,9.353425499999998,1.8706850999999998,cv
38.41823739989195,152,0.8499999999999999,-0.01080194,-2.160388,9.181648999999998,1.8363298,cv
38.42961859994102,152,0.8499999999999999,-0.01068042,-2.136084,9.078356999999999,1.8156713999999996,cv
38.44105609995313,152,0.8499999999999999,-0.01101974,-2.203948,9.366779,1.8733557999999997,cv
38.4526532999007,152,0.8499999999999999,-0.01131592,-2.263184,9.618531999999998,1.9237063999999995,cv
38.464123499928974,152,0.8499999999999999,-0.01129307,-2.258614,9.599109499999999,1.9198218999999999,cv
38.475545799941756,152,0.8499999999999999,-0.01115501,-2.231002,9.481758499999998,1.8963516999999999,cv
38.48839199997019,153,0.8599999999999999,-0.01065417,-2.1308339999999997,9.162586199999998,1.8325172399999994,cv
38.49988759995904,153,0.8599999999999999,-0.01057682,-2.1153640000000005,9.0960652,1.8192130400000002,cv
38.511422199895605,153,0.8599999999999999,-0.01100183,-2.200366,9.4615738,1.8923147599999997,cv
38.522869499982335,153,0.8599999999999999,-0.01120643,-2.2412859999999997,9.6375298,1.9275059599999995,cv
38.534290199982934,153,0.8599999999999999,-0.01114135,-2.2282699999999998,9.581560999999999,1.9163121999999995,cv
38.54565989994444,153,0.8599999999999999,-0.01100351,-2.2007019999999997,9.463018599999998,1.8926037199999994,cv
38.55709689995274,153,0.8599999999999999,-0.01082848,-2.1656959999999996,9.3124928,1.8624985599999995,cv
38.56857759994455,153,0.8599999999999999,-0.01061527,-2.1230539999999998,9.129132199999999,1.8258264399999995,cv
38.58001149992924,153,0.8599999999999999,-0.01061697,-2.1233940000000002,9.130594199999997,1.82611884,cv
38.59144099999685,153,0.8599999999999999,-0.01103842,-2.207684,9.493041199999999,1.8986082399999997,cv
38.60286429990083,153,0.8599999999999999,-0.01120432,-2.240864,9.635715199999998,1.9271430399999998,cv
38.61429179995321,153,0.8599999999999999,-0.01113674,-2.227348,9.577596399999997,1.9155192799999998,cv
38.62568449997343,153,0.8599999999999999,-0.0109927,-2.19854,9.453721999999997,1.8907443999999998,cv
38.63713099993765,153,0.8599999999999999,-0.01081196,-2.162392,9.2982856,1.8596571199999998,cv
38.64857909991406,153,0.8599999999999999,-0.01060643,-2.121286,9.121529799999998,1.8243059599999998,cv
38.66001489991322,153,0.8599999999999999,-0.01063091,-2.126182,9.142582599999999,1.8285165199999998,cv
38.6714221999282,153,0.8599999999999999,-0.01104527,-2.2090539999999996,9.498932199999997,1.8997864399999993,cv
38.682904699933715,153,0.8599999999999999,-0.01120497,-2.2409939999999997,9.636274199999997,1.9272548399999996,cv
38.694333099992946,153,0.8599999999999999,-0.01112571,-2.225142,9.568110599999999,1.9136221199999996,cv
38.70590119995177,153,0.8599999999999999,-0.01098624,-2.1972479999999996,9.448166399999998,1.8896332799999995,cv
38.71755999990273,153,0.8599999999999999,-0.01077148,-2.154296,9.263472799999999,1.8526945599999998,cv
38.730902499868535,154,0.8499999999999999,-0.01101091,-2.202182,9.359273499999999,1.8718546999999999,cv
38.742372699896805,154,0.8499999999999999,-0.0113193,-2.2638599999999998,9.621404999999998,1.9242809999999995,cv
38.75369859987404,154,0.8499999999999999,-0.0113013,-2.2602599999999997,9.606104999999998,1.9212209999999994,cv
38.76509309990797,154,0.8499999999999999,-0.01118089,-2.2361779999999998,9.503756499999998,1.9007512999999996,cv
38.77652719989419,154,0.8499999999999999,-0.01100531,-2.2010620000000003,9.3545135,1.8709027,cv
38.788123499951325,154,0.8499999999999999,-0.01080386,-2.160772,9.183280999999997,1.8366561999999997,cv
38.799577999976464,154,0.8499999999999999,-0.01069085,-2.1381699999999997,9.0872225,1.8174444999999995,cv
38.811015399871394,154,0.8499999999999999,-0.01109817,-2.219634,9.433444499999997,1.8866888999999998,cv
38.822445799945854,154,0.8499999999999999,-0.01132465,-2.26493,9.625952499999999,1.9251904999999998,cv
38.83397019992117,154,0.8499999999999999,-0.01127563,-2.2551259999999997,9.584285499999998,1.9168570999999994,cv
38.84541929990519,154,0.8499999999999999,-0.01113412,-2.226824,9.464001999999999,1.8928003999999998,cv
38.85689029993955,154,0.8499999999999999,-0.01094873,-2.189746,9.3064205,1.8612840999999998,cv
38.868314899969846,154,0.8499999999999999,-0.01073973,-2.147946,9.128770499999998,1.8257541,cv
38.879762599943206,154,0.8499999999999999,-0.01073002,-2.146004,9.120516999999998,1.8241033999999998,cv
38.89117749989964,154,0.8499999999999999,-0.01115302,-2.230604,9.480066999999998,1.8960133999999997,cv
38.902568199904636,154,0.8499999999999999,-0.01132581,-2.265162,9.6269385,1.9253876999999997,cv
38.91405979997944,154,0.8499999999999999,-0.01126452,-2.252904,9.574841999999999,1.9149683999999998,cv
38.92553979996592,154,0.8499999999999999,-0.01111308,-2.2226159999999995,9.446117999999998,1.8892235999999993,cv
38.937087199883536,154,0.8499999999999999,-0.01092635,-2.18527,9.287397499999999,1.8574794999999997,cv
38.948840699973516,154,0.8499999999999999,-0.01069233,-2.138466,9.0884805,1.8176960999999998,cv
38.960459399968386,154,0.8499999999999999,-0.01093898,-2.1877959999999996,9.298132999999998,1.8596265999999995,cv
38.9734569999855,155,0.8399999999999999,-0.0114214,-2.28428,9.593976,1.9187951999999995,cv
38.98512109997682,155,0.8399999999999999,-0.01128576,-2.257152,9.480038399999998,1.8960076799999996,cv
38.996633899980225,155,0.8399999999999999,-0.01107622,-2.2152439999999998,9.304024799999997,1.8608049599999994,cv
39.00803649995942,155,0.8399999999999999,-0.01087448,-2.174896,9.134563199999999,1.8269126399999995,cv
39.01947800000198,155,0.8399999999999999,-0.0108006,-2.16012,9.072503999999999,1.8145007999999998,cv
39.03095679997932,155,0.8399999999999999,-0.01121078,-2.242156,9.417055199999998,1.8834110399999997,cv
39.042421699967235,155,0.8399999999999999,-0.01143211,-2.286422,9.6029724,1.9205944799999997,cv
39.05400969996117,155,0.8399999999999999,-0.0113742,-2.27484,9.554327999999998,1.9108656,cv
39.065456399926916,155,0.8399999999999999,-0.01122089,-2.2441780000000002,9.425547599999998,1.8851095199999999,cv
39.07690189999994,155,0.8399999999999999,-0.01103096,-2.2061919999999997,9.266006399999998,1.8532012799999995,cv
39.088343899929896,155,0.8399999999999999,-0.01082399,-2.1647980000000002,9.0921516,1.8184303199999998,cv
39.099727599998005,155,0.8399999999999999,-0.01086871,-2.173742,9.129716399999998,1.8259432799999995,cv
39.111098899971694,155,0.8399999999999999,-0.0112787,-2.25574,9.474108,1.8948215999999996,cv
39.12253079994116,155,0.8399999999999999,-0.01143718,-2.287436,9.607231199999998,1.9214462399999996,cv
39.13401809998322,155,0.8399999999999999,-0.01136298,-2.272596,9.544903199999998,1.9089806399999998,cv
39.14545799989719,155,0.8399999999999999,-0.01121124,-2.242248,9.4174416,1.8834883199999997,cv
39.15695199999027,155,0.8399999999999999,-0.01102324,-2.2046479999999997,9.2595216,1.8519043199999994,cv
39.16855839989148,155,0.8399999999999999,-0.01080556,-2.161112,9.0766704,1.8153340799999997,cv
39.18036969995592,155,0.8399999999999999,-0.01100066,-2.200132,9.240554399999999,1.8481108799999997,cv
39.19179129996337,155,0.8399999999999999,-0.01139299,-2.278598,9.570111599999999,1.9140223199999997,cv
39.20333529997151,155,0.8399999999999999,-0.01141351,-2.282702,9.5873484,1.9174696799999997,cv
39.21608359995298,156,0.8499999999999999,-0.01101234,-2.202468,9.360489,1.8720977999999997,cv
39.22751289990265,156,0.8499999999999999,-0.0108234,-2.16468,9.199889999999998,1.839978,cv
39.238948999904096,156,0.8499999999999999,-0.01065556,-2.131112,9.057225999999998,1.8114451999999996,cv
39.250383799895644,156,0.8499999999999999,-0.01097882,-2.195764,9.331996999999998,1.8663993999999997,cv
39.261865399894305,156,0.8499999999999999,-0.01129425,-2.25885,9.600112499999998,1.9200224999999995,cv
39.27333919994999,156,0.8499999999999999,-0.01129313,-2.258626,9.599160499999998,1.9198320999999998,cv
39.28479849989526,156,0.8499999999999999,-0.01116431,-2.232862,9.489663499999999,1.8979326999999997,cv
39.296185499988496,156,0.8499999999999999,-0.01098758,-2.197516,9.339443,1.8678885999999995,cv
39.30756200000178,156,0.8499999999999999,-0.01079496,-2.158992,9.175716,1.8351431999999996,cv
39.31900689995382,156,0.8499999999999999,-0.01065114,-2.130228,9.053468999999998,1.8106937999999995,cv
39.330498899915256,156,0.8499999999999999,-0.01101648,-2.203296,9.364007999999998,1.8728015999999996,cv
39.34197929990478,156,0.8499999999999999,-0.01130306,-2.260612,9.607600999999999,1.9215201999999998,cv
39.353596700006165,156,0.8499999999999999,-0.01128393,-2.256786,9.591340499999998,1.9182680999999997,cv
39.365359799936414,156,0.8499999999999999,-0.0110872,-2.2174400000000003,9.424119999999998,1.884824,cv
39.376798199955374,156,0.8499999999999999,-0.01089966,-2.179932,9.264710999999998,1.8529421999999998,cv
39.388317499891855,156,0.8499999999999999,-0.01069471,-2.1389419999999997,9.090503499999997,1.8181006999999993,cv
39.39987470000051,156,0.8499999999999999,-0.01082916,-2.165832,9.204785999999999,1.8409571999999996,cv
39.411351199960336,156,0.8499999999999999,-0.01123928,-2.247856,9.553388,1.9106775999999999,cv
39.42294580000453,156,0.8499999999999999,-0.0113129,-2.2625800000000003,9.615965,1.923193,cv
39.434506099903956,156,0.8499999999999999,-0.01118122,-2.236244,9.504036999999999,1.9008073999999997,cv
39.446013399981894,156,0.8499999999999999,-0.01100748,-2.2014959999999997,9.356357999999998,1.8712715999999994,cv
39.45900439994875,157,0.8399999999999999,-0.01077763,-2.155526,9.0532092,1.8106418399999997,cv
39.47041419998277,157,0.8399999999999999,-0.01114354,-2.228708,9.360573599999999,1.87211472,cv
39.4818717999151,157,0.8399999999999999,-0.01141525,-2.2830500000000002,9.588809999999999,1.917762,cv
39.49334029993042,157,0.8399999999999999,-0.0113902,-2.27804,9.567767999999997,1.9135535999999995,cv
39.504808599944226,157,0.8399999999999999,-0.01126061,-2.2521220000000004,9.458912399999999,1.89178248,cv
39.516266499995254,157,0.8399999999999999,-0.0110722,-2.21444,9.300648,1.8601295999999998,cv
39.5277048998978,157,0.8399999999999999,-0.01087045,-2.17409,9.131177999999998,1.8262355999999997,cv
39.53916379995644,157,0.8399999999999999,-0.01080328,-2.1606560000000004,9.074755199999998,1.81495104,cv
39.55060799990315,157,0.8399999999999999,-0.0112149,-2.24298,9.420516,1.8841031999999998,cv
39.56209699995816,157,0.8399999999999999,-0.01142834,-2.2856680000000003,9.599805599999998,1.91996112,cv
39.57357549993321,157,0.8399999999999999,-0.01136682,-2.273364,9.548128799999999,1.9096257599999997,cv
39.58503359998576,157,0.8399999999999999,-0.01122199,-2.244398,9.426471599999998,1.8852943199999996,cv
39.59650999994483,157,0.8399999999999999,-0.01103597,-2.2071940000000003,9.2702148,1.85404296,cv
39.60799229994882,157,0.8399999999999999,-0.01081522,-2.163044,9.0847848,1.81695696,cv
39.61941809998825,157,0.8399999999999999,-0.01086737,-2.1734739999999997,9.128590799999998,1.8257181599999994,cv
39.63081129989587,157,0.8399999999999999,-0.01128047,-2.256094,9.4755948,1.8951189599999998,cv
39.64219749998301,157,0.8399999999999999,-0.01142904,-2.2858080000000003,9.600393599999999,1.92007872,cv
39.65364919998683,157,0.8399999999999999,-0.01135862,-2.271724,9.541240799999999,1.9082481599999996,cv
39.66519799991511,157,0.8399999999999999,-0.01121318,-2.242636,9.4190712,1.8838142399999998,cv
39.67661299998872,157,0.8399999999999999,-0.01100073,-2.200146,9.240613199999999,1.84812264,cv
39.688024399918504,157,0.8399999999999999,-0.01080373,-2.160746,9.075133199999998,1.8150266399999997,cv
39.701049399911426,158,0.8499999999999999,-0.01122427,-2.2448539999999997,9.540629499999998,1.9081258999999995,cv
39.71250229992438,158,0.8499999999999999,-0.01131422,-2.2628440000000003,9.617086999999998,1.9234174,cv
39.72399410000071,158,0.8499999999999999,-0.01121144,-2.242288,9.529723999999998,1.9059447999999997,cv
39.7354385999497,158,0.8499999999999999,-0.01104905,-2.20981,9.391692499999998,1.8783384999999997,cv
39.7468944999855,158,0.8499999999999999,-0.01084802,-2.169604,9.220816999999998,1.8441633999999998,cv
39.75832609995268,158,0.8499999999999999,-0.01064603,-2.1292060000000004,9.049125499999999,1.8098251,cv
39.769805099931546,158,0.8499999999999999,-0.01087683,-2.175366,9.245305499999999,1.8490610999999997,cv
39.781258299946785,158,0.8499999999999999,-0.01125341,-2.2506820000000003,9.565398499999999,1.9130797,cv
39.792754099937156,158,0.8499999999999999,-0.01129923,-2.259846,9.604345499999999,1.9208690999999998,cv
39.80425029993057,158,0.8499999999999999,-0.01118414,-2.236828,9.506518999999997,1.9013037999999998,cv
39.81570699997246,158,0.8499999999999999,-0.0110034,-2.2006799999999997,9.352889999999999,1.8705779999999994,cv
39.82718129991554,158,0.8499999999999999,-0.01080551,-2.161102,9.184683499999998,1.8369366999999999,cv
39.83867409999948,158,0.8499999999999999,-0.01065097,-2.130194,9.053324499999997,1.8106648999999997,cv
39.85015149996616,158,0.8499999999999999,-0.01100414,-2.2008280000000005,9.353518999999999,1.8707038,cv
39.86159459990449,158,0.8499999999999999,-0.01129645,-2.25929,9.601982499999998,1.9203964999999996,cv
39.87305189995095,158,0.8499999999999999,-0.01127802,-2.255604,9.586317,1.9172633999999997,cv
39.884510200005025,158,0.8499999999999999,-0.01114849,-2.229698,9.4762165,1.8952432999999997,cv
39.896008999901824,158,0.8499999999999999,-0.0109631,-2.1926200000000002,9.318634999999999,1.863727,cv
39.907593699987046,158,0.8499999999999999,-0.01075298,-2.150596,9.140032999999999,1.8280066,cv
39.919072499964386,158,0.8499999999999999,-0.01070774,-2.1415480000000002,9.101579,1.8203158,cv
39.93111509992741,158,0.8499999999999999,-0.01124916,-2.249832,9.561785999999998,1.9123571999999998,cv
39.94410029996652,159,0.8599999999999999,-0.01106847,-2.213694,9.518884199999999,1.9037768399999995,cv
39.955516399932094,159,0.8599999999999999,-0.01088872,-2.1777439999999997,9.3642992,1.8728598399999994,cv
39.966910899966024,159,0.8599999999999999,-0.0107,-2.1399999999999997,9.201999999999998,1.8403999999999994,cv
39.97831529995892,159,0.8599999999999999,-0.01051781,-2.103562,9.0453166,1.80906332,cv
39.989747599931434,159,0.8599999999999999,-0.01078148,-2.156296,9.272072799999998,1.85441456,cv
40.00119249999989,159,0.8599999999999999,-0.0111418,-2.22836,9.581947999999999,1.9163895999999996,cv
40.012597399996594,159,0.8599999999999999,-0.01116851,-2.233702,9.604918599999998,1.9209837199999997,cv
40.02412560000084,159,0.8599999999999999,-0.01104632,-2.209264,9.4998352,1.8999670399999997,cv
40.035584199940786,159,0.8599999999999999,-0.01087405,-2.17481,9.351682999999998,1.8703365999999997,cv
40.04698019998614,159,0.8599999999999999,-0.01068314,-2.136628,9.1875004,1.8375000799999996,cv
40.05845689994749,159,0.8599999999999999,-0.01051338,-2.1026759999999998,9.041506799999999,1.8083013599999995,cv
40.06991899991408,159,0.8599999999999999,-0.01085271,-2.170542,9.333330599999998,1.8666661199999999,cv
40.081386799924076,159,0.8599999999999999,-0.01116368,-2.232736,9.6007648,1.9201529599999998,cv
40.09287369996309,159,0.8599999999999999,-0.01115569,-2.231138,9.593893399999997,1.9187786799999997,cv
40.104325799969956,159,0.8599999999999999,-0.01101933,-2.203866,9.476623799999999,1.8953247599999998,cv
40.115800399915315,159,0.8599999999999999,-0.01084109,-2.168218,9.323337399999998,1.8646674799999998,cv
40.12725389993284,159,0.8599999999999999,-0.01063649,-2.127298,9.147381399999999,1.82947628,cv
40.13871999992989,159,0.8599999999999999,-0.01055286,-2.1105720000000003,9.075459599999999,1.81509192,cv
40.150445199920796,159,0.8599999999999999,-0.01095578,-2.1911560000000003,9.421970799999999,1.88439416,cv
40.162203099927865,159,0.8599999999999999,-0.01118234,-2.236468,9.616812399999999,1.9233624799999995,cv
40.173709199996665,159,0.8599999999999999,-0.01108162,-2.216324,9.5301932,1.9060386399999998,cv
40.18648149992805,160,0.8499999999999999,-0.01086987,-2.1739740000000003,9.239389499999998,1.8478778999999999,cv
40.19797649991233,160,0.8499999999999999,-0.0106572,-2.13144,9.058619999999998,1.8117239999999997,cv
40.2094171999488,160,0.8499999999999999,-0.01085516,-2.1710320000000003,9.226886,1.8453772,cv
40.22089399991091,160,0.8499999999999999,-0.011246,-2.2492,9.559099999999999,1.9118199999999999,cv
40.23236069991253,160,0.8499999999999999,-0.01130156,-2.260312,9.606326,1.9212651999999997,cv
40.24382009997498,160,0.8499999999999999,-0.0111939,-2.2387799999999998,9.514814999999997,1.9029629999999995,cv
40.25524869991932,160,0.8499999999999999,-0.01102318,-2.204636,9.369702999999998,1.8739405999999996,cv
40.2666965998942,160,0.8499999999999999,-0.01082992,-2.165984,9.205431999999998,1.8410863999999996,cv
40.278153499937616,160,0.8499999999999999,-0.01063888,-2.127776,9.043047999999999,1.8086095999999996,cv
40.289601099910215,160,0.8499999999999999,-0.01092475,-2.18495,9.286037499999999,1.8572075,cv
40.30102629994508,160,0.8499999999999999,-0.01126347,-2.252694,9.573949499999998,1.9147898999999997,cv
40.312505599926226,160,0.8499999999999999,-0.0112943,-2.25886,9.600154999999999,1.9200309999999996,cv
40.324030299903825,160,0.8499999999999999,-0.01116401,-2.2328020000000004,9.4894085,1.8978817000000001,cv
40.335476999985985,160,0.8499999999999999,-0.01098729,-2.197458,9.339196499999998,1.8678392999999998,cv
40.34689889999572,160,0.8499999999999999,-0.01079195,-2.15839,9.173157499999999,1.8346314999999995,cv
40.35837949998677,160,0.8499999999999999,-0.01065594,-2.131188,9.057548999999998,1.8115097999999996,cv
40.3698357999092,160,0.8499999999999999,-0.01101922,-2.2038439999999997,9.366337,1.8732673999999994,cv
40.38130629993975,160,0.8499999999999999,-0.01129196,-2.2583919999999997,9.598165999999999,1.9196331999999994,cv
40.39289259992074,160,0.8499999999999999,-0.01126614,-2.2532279999999996,9.576218999999996,1.9152437999999994,cv
40.40447469998617,160,0.8499999999999999,-0.01110995,-2.22199,9.4434575,1.8886914999999995,cv
40.416016999981366,160,0.8499999999999999,-0.01091552,-2.1831039999999997,9.278191999999997,1.8556383999999995,cv
40.42883049999364,161,0.8599999999999999,-0.01058915,-2.11783,9.106669,1.8213338,cv
40.44030729995575,161,0.8599999999999999,-0.01102585,-2.20517,9.482230999999999,1.8964461999999995,cv
40.451769699924625,161,0.8599999999999999,-0.0111799,-2.23598,9.614713999999998,1.9229427999999997,cv
40.46322319994215,161,0.8599999999999999,-0.01110464,-2.220928,9.5499904,1.9099980799999996,cv
40.47465189988725,161,0.8599999999999999,-0.01095076,-2.1901520000000003,9.4176536,1.88353072,cv
40.48613439989276,161,0.8599999999999999,-0.01076519,-2.1530379999999996,9.258063399999998,1.8516126799999995,cv
40.49762889998965,161,0.8599999999999999,-0.01054636,-2.109272,9.069869599999999,1.8139739199999996,cv
40.50909939990379,161,0.8599999999999999,-0.01066901,-2.133802,9.1753486,1.83506972,cv
40.520559199969284,161,0.8599999999999999,-0.01108778,-2.217556,9.5354908,1.9070981599999999,cv
40.53203219990246,161,0.8599999999999999,-0.01117106,-2.2342120000000003,9.6071116,1.92142232,cv
40.54356499994174,161,0.8599999999999999,-0.01106741,-2.213482,9.517972599999998,1.9035945199999997,cv
40.55502239998896,161,0.8599999999999999,-0.01089971,-2.179942,9.373750599999997,1.8747501199999999,cv
40.566503899986856,161,0.8599999999999999,-0.01070203,-2.1404059999999996,9.203745799999998,1.8407491599999994,cv
40.57800319988746,161,0.8599999999999999,-0.01051098,-2.102196,9.039442799999998,1.8078885599999999,cv
40.58947179990355,161,0.8599999999999999,-0.01080672,-2.161344,9.2937792,1.85875584,cv
40.60093979991507,161,0.8599999999999999,-0.0111449,-2.22898,9.584613999999998,1.9169227999999996,cv
40.61240399989765,161,0.8599999999999999,-0.01115617,-2.2312339999999997,9.594306199999998,1.9188612399999996,cv
40.6239241999574,161,0.8599999999999999,-0.01102107,-2.2042140000000003,9.4781202,1.89562404,cv
40.635410899994895,161,0.8599999999999999,-0.01083812,-2.167624,9.320783199999997,1.8641566399999998,cv
40.64698589988984,161,0.8599999999999999,-0.01063394,-2.126788,9.145188399999999,1.8290376799999997,cv
40.65863569988869,161,0.8599999999999999,-0.01056295,-2.11259,9.084136999999998,1.8168273999999998,cv
40.67144749988802,162,0.8499999999999999,-0.01130353,-2.260706,9.608000499999998,1.9216000999999996,cv
40.682956799981184,162,0.8499999999999999,-0.01124807,-2.2496140000000002,9.5608595,1.9121719,cv
40.69443179992959,162,0.8499999999999999,-0.01109406,-2.218812,9.429950999999997,1.8859901999999995,cv
40.7058640999021,162,0.8499999999999999,-0.0109053,-2.18106,9.269504999999999,1.8539009999999998,cv
40.71729829988908,162,0.8499999999999999,-0.01070041,-2.140082,9.0953485,1.8190696999999998,cv
40.72871719999239,162,0.8499999999999999,-0.01074415,-2.14883,9.132527499999998,1.8265054999999994,cv
40.740410699974746,162,0.8499999999999999,-0.01116758,-2.233516,9.492442999999998,1.8984885999999996,cv
40.75182509992737,162,0.8499999999999999,-0.01130219,-2.2604379999999997,9.606861499999999,1.9213722999999994,cv
40.76329939998686,162,0.8499999999999999,-0.01121567,-2.2431340000000004,9.533319499999998,1.9066639,cv
40.77459409995936,162,0.8499999999999999,-0.01106323,-2.2126460000000003,9.4037455,1.8807491,cv
40.786027399939485,162,0.8499999999999999,-0.01087994,-2.175988,9.247948999999998,1.8495897999999995,cv
40.79750879993662,162,0.8499999999999999,-0.01066842,-2.1336839999999997,9.068157,1.8136313999999996,cv
40.80899799999315,162,0.8499999999999999,-0.01082725,-2.16545,9.2031625,1.8406324999999997,cv
40.820467299898155,162,0.8499999999999999,-0.01123312,-2.2466239999999997,9.548151999999996,1.9096303999999995,cv
40.83191159996204,162,0.8499999999999999,-0.01130499,-2.260998,9.609241499999998,1.9218482999999995,cv
40.84335649991408,162,0.8499999999999999,-0.01120257,-2.240514,9.5221845,1.9044368999999999,cv
40.85472429997753,162,0.8499999999999999,-0.01103741,-2.2074819999999997,9.381798499999999,1.8763596999999994,cv
40.86605579999741,162,0.8499999999999999,-0.01086446,-2.172892,9.234790999999998,1.8469581999999998,cv
40.87754119990859,162,0.8499999999999999,-0.01066168,-2.132336,9.062427999999999,1.8124855999999998,cv
40.88895849999972,162,0.8499999999999999,-0.01083241,-2.1664820000000002,9.2075485,1.8415097,cv
40.90041219990235,162,0.8499999999999999,-0.01122881,-2.245762,9.544488499999998,1.9088976999999998,cv
40.91330520005431,163,0.8399999999999999,-0.01131574,-2.263148,9.505221599999999,1.9010443199999998,cv
40.924764600000344,163,0.8399999999999999,-0.01115343,-2.230686,9.368881199999999,1.8737762399999995,cv
40.9362258000765,163,0.8399999999999999,-0.01095572,-2.1911440000000004,9.2028048,1.8405609600000001,cv
40.94763910002075,163,0.8399999999999999,-0.01076205,-2.15241,9.040122,1.8080243999999999,cv
40.959078400046565,163,0.8399999999999999,-0.01098955,-2.1979100000000003,9.231221999999999,1.8462444,cv
40.970493700006045,163,0.8399999999999999,-0.01137169,-2.274338,9.552219599999999,1.9104439199999999,cv
40.98193670006003,163,0.8399999999999999,-0.0114181,-2.28362,9.591204,1.9182407999999997,cv
40.993385900044814,163,0.8399999999999999,-0.01130191,-2.260382,9.493604399999997,1.8987208799999995,cv
41.0048488000175,163,0.8399999999999999,-0.01114111,-2.2282219999999997,9.358532399999998,1.8717064799999994,cv
41.016295300098136,163,0.8399999999999999,-0.01093939,-2.187878,9.189087599999997,1.8378175199999998,cv
41.02773870003875,163,0.8399999999999999,-0.01076008,-2.152016,9.0384672,1.8076934399999998,cv
41.03917180001736,163,0.8399999999999999,-0.01104655,-2.20931,9.279102,1.8558203999999996,cv
41.05061780009419,163,0.8399999999999999,-0.0113828,-2.27656,9.561551999999999,1.9123103999999995,cv
41.06205860001501,163,0.8399999999999999,-0.01140768,-2.281536,9.582451199999998,1.9164902399999997,cv
41.073522000107914,163,0.8399999999999999,-0.0112869,-2.2573800000000004,9.480996,1.8961992,cv
41.084999400074594,163,0.8399999999999999,-0.01111569,-2.2231379999999996,9.337179599999999,1.8674359199999992,cv
41.096455500111915,163,0.8399999999999999,-0.01090541,-2.1810820000000004,9.1605444,1.83210888,cv
41.10792190011125,163,0.8399999999999999,-0.01075797,-2.1515940000000002,9.036694799999998,1.8073389599999998,cv
41.1194431000622,163,0.8399999999999999,-0.01112745,-2.22549,9.347057999999999,1.8694115999999998,cv
41.13096070010215,163,0.8399999999999999,-0.01141502,-2.283004,9.588616799999999,1.9177233599999997,cv
41.14243450004142,163,0.8399999999999999,-0.0113832,-2.27664,9.561887999999998,1.9123775999999997,cv
41.155316499993205,164,0.8499999999999999,-0.01094204,-2.188408,9.300733999999999,1.8601467999999997,cv
41.166787799913436,164,0.8499999999999999,-0.01073966,-2.147932,9.128710999999997,1.8257421999999996,cv
41.17817899992224,164,0.8499999999999999,-0.01070494,-2.1409879999999997,9.099198999999999,1.8198397999999993,cv
41.18962729990017,164,0.8499999999999999,-0.01109221,-2.218442,9.428378499999999,1.8856756999999997,cv
41.20109989994671,164,0.8499999999999999,-0.01130796,-2.2615920000000003,9.611766,1.9223531999999999,cv
41.212525099981576,164,0.8499999999999999,-0.01125696,-2.251392,9.568415999999997,1.9136831999999997,cv
41.224014499923214,164,0.8499999999999999,-0.0111054,-2.2210799999999997,9.439589999999997,1.8879179999999995,cv
41.2354504999239,164,0.8499999999999999,-0.01092251,-2.1845019999999997,9.284133499999998,1.8568266999999994,cv
41.24687619996257,164,0.8499999999999999,-0.01072291,-2.144582,9.114473499999999,1.8228947,cv
41.258305199909955,164,0.8499999999999999,-0.01072681,-2.145362,9.117788499999998,1.8235576999999996,cv
41.26974099990912,164,0.8499999999999999,-0.01115198,-2.230396,9.479182999999999,1.8958365999999995,cv
41.2812028999906,164,0.8499999999999999,-0.01131633,-2.263266,9.618880499999998,1.9237760999999995,cv
41.29262639989611,164,0.8499999999999999,-0.01124334,-2.248668,9.556838999999998,1.9113677999999996,cv
41.30410959990695,164,0.8499999999999999,-0.01109522,-2.219044,9.430936999999998,1.8861873999999996,cv
41.3155293999007,164,0.8499999999999999,-0.01090193,-2.180386,9.2666405,1.8533280999999997,cv
41.326979699893855,164,0.8499999999999999,-0.01070181,-2.140362,9.0965385,1.8193076999999998,cv
41.33841639989987,164,0.8499999999999999,-0.01076247,-2.152494,9.148099499999997,1.8296198999999997,cv
41.349922099965625,164,0.8499999999999999,-0.01118861,-2.237722,9.510318499999999,1.9020636999999998,cv
41.36148259998299,164,0.8499999999999999,-0.01131447,-2.262894,9.6172995,1.9234599,cv
41.37292459991295,164,0.8499999999999999,-0.01121868,-2.2437359999999997,9.535877999999997,1.9071755999999995,cv
41.38457849994302,164,0.8499999999999999,-0.01105214,-2.210428,9.394318999999998,1.8788637999999995,cv
41.39861919998657,165,0.8599999999999999,-0.01051832,-2.1036639999999998,9.045755199999999,1.8091510399999995,cv
41.41130349994637,165,0.8599999999999999,-0.0111803,-2.23606,9.615058,1.9230116,cv
41.42275399994105,165,0.8599999999999999,-0.01110173,-2.220346,9.547487799999999,1.90949756,cv
41.43422499997541,165,0.8599999999999999,-0.01093896,-2.187792,9.407505599999997,1.8815011199999996,cv
41.44564539997373,165,0.8599999999999999,-0.01075409,-2.150818,9.248517399999997,1.8497034799999998,cv
41.45710189989768,165,0.8599999999999999,-0.01054298,-2.108596,9.0669628,1.8133925599999996,cv
41.46847999992315,165,0.8599999999999999,-0.0106743,-2.1348599999999998,9.179898,1.8359795999999995,cv
41.47990529995877,165,0.8599999999999999,-0.01106731,-2.2134620000000003,9.517886599999999,1.90357732,cv
41.49128529999871,165,0.8599999999999999,-0.01118107,-2.236214,9.615720199999998,1.9231440399999997,cv
41.502650899928994,165,0.8599999999999999,-0.01110184,-2.2203679999999997,9.5475824,1.9095164799999995,cv
41.51411409990396,165,0.8599999999999999,-0.01094896,-2.189792,9.416105599999998,1.88322112,cv
41.52552459994331,165,0.8599999999999999,-0.01076199,-2.1523980000000003,9.255311399999998,1.85106228,cv
41.53698109998368,165,0.8599999999999999,-0.0105556,-2.11112,9.077815999999999,1.8155632,cv
41.548380599939264,165,0.8599999999999999,-0.01065324,-2.130648,9.161786399999999,1.8323572799999996,cv
41.55981529993005,165,0.8599999999999999,-0.01106462,-2.212924,9.515573199999999,1.9031146399999999,cv
41.571243199985474,165,0.8599999999999999,-0.0111789,-2.23578,9.613853999999998,1.9227708,cv
41.5826953999931,165,0.8599999999999999,-0.01109395,-2.21879,9.540796999999998,1.9081593999999995,cv
41.59417569998186,165,0.8599999999999999,-0.01093442,-2.186884,9.403601199999999,1.8807202399999998,cv
41.60576169996057,165,0.8599999999999999,-0.010745,-2.149,9.240699999999997,1.8481399999999997,cv
41.61724629998207,165,0.8599999999999999,-0.010526,-2.1052,9.052359999999998,1.8104719999999996,cv
41.628769899951294,165,0.8599999999999999,-0.01074955,-2.1499099999999998,9.244613,1.8489225999999996,cv
41.641505599953234,166,0.8499999999999999,-0.01130556,-2.261112,9.609725999999997,1.9219451999999995,cv
41.65291249996517,166,0.8499999999999999,-0.01119274,-2.2385479999999998,9.513828999999998,1.9027657999999994,cv
41.66438389988616,166,0.8499999999999999,-0.01103648,-2.207296,9.381007999999998,1.8762015999999997,cv
41.6758466999745,166,0.8499999999999999,-0.01083707,-2.167414,9.2115095,1.8423018999999996,cv
41.68727389990818,166,0.8499999999999999,-0.010649,-2.1298000000000004,9.05165,1.81033,cv
41.69879929989111,166,0.8499999999999999,-0.01090012,-2.180024,9.265101999999997,1.8530203999999997,cv
41.71026819990948,166,0.8499999999999999,-0.01127621,-2.255242,9.584778499999999,1.9169556999999997,cv
41.72172789997421,166,0.8499999999999999,-0.01129179,-2.258358,9.598021499999998,1.9196042999999996,cv
41.733205599943176,166,0.8499999999999999,-0.01116904,-2.2338080000000002,9.493683999999998,1.8987368,cv
41.7446388999233,166,0.8499999999999999,-0.01099503,-2.199006,9.345775499999998,1.8691550999999995,cv
41.756045599933714,166,0.8499999999999999,-0.01080368,-2.160736,9.183127999999998,1.8366255999999996,cv
41.76745769998524,166,0.8499999999999999,-0.01065237,-2.130474,9.054514499999998,1.8109028999999996,cv
41.77889989991672,166,0.8499999999999999,-0.0109795,-2.1959,9.332574999999997,1.8665149999999997,cv
41.790312199969776,166,0.8499999999999999,-0.01128767,-2.257534,9.594519499999999,1.9189038999999999,cv
41.80175589991268,166,0.8499999999999999,-0.01129131,-2.258262,9.5976135,1.9195227,cv
41.813201599987224,166,0.8499999999999999,-0.01116239,-2.232478,9.488031499999996,1.8976062999999996,cv
41.824668499990366,166,0.8499999999999999,-0.01099049,-2.1980980000000003,9.341916499999998,1.8683833,cv
41.83614139992278,166,0.8499999999999999,-0.01078376,-2.156752,9.166195999999998,1.8332391999999997,cv
41.84770189994015,166,0.8499999999999999,-0.01067314,-2.134628,9.072168999999999,1.8144338,cv
41.8592463999521,166,0.8499999999999999,-0.01106429,-2.2128579999999998,9.404646499999997,1.8809292999999996,cv
41.87076939991675,166,0.8499999999999999,-0.01130942,-2.2618840000000002,9.613007,1.9226013999999998,cv
41.883383599924855,167,0.8399999999999999,-0.01125736,-2.2514719999999997,9.456182399999998,1.8912364799999994,cv
41.89484709990211,167,0.8399999999999999,-0.0110712,-2.2142399999999998,9.299807999999999,1.8599615999999994,cv
41.90626089996658,167,0.8399999999999999,-0.01086621,-2.1732419999999997,9.127616399999999,1.8255232799999994,cv
41.91765399998985,167,0.8399999999999999,-0.01079776,-2.159552,9.070118399999998,1.8140236799999998,cv
41.92905329994392,167,0.8399999999999999,-0.01117961,-2.235922,9.390872399999997,1.8781744799999998,cv
41.94051089999266,167,0.8399999999999999,-0.01141879,-2.2837579999999997,9.5917836,1.9183567199999993,cv
41.95198859996162,167,0.8399999999999999,-0.01137786,-2.275572,9.557402399999997,1.9114804799999996,cv
41.96344089997001,167,0.8399999999999999,-0.01124119,-2.2482379999999997,9.4425996,1.8885199199999994,cv
41.9749244999839,167,0.8399999999999999,-0.01105357,-2.2107140000000003,9.2849988,1.8569997599999999,cv
41.986384699936025,167,0.8399999999999999,-0.01084573,-2.169146,9.110413199999998,1.8220826399999996,cv
41.997811599983834,167,0.8399999999999999,-0.01082493,-2.164986,9.092941199999999,1.8185882399999995,cv
42.009227599948645,167,0.8399999999999999,-0.01124016,-2.2480320000000003,9.441734399999998,1.8883468799999998,cv
42.02066359994933,167,0.8399999999999999,-0.01142833,-2.285666,9.5997972,1.9199594399999997,cv
42.032087399973534,167,0.8399999999999999,-0.01137049,-2.274098,9.551211599999998,1.9102423199999996,cv
42.043586599989794,167,0.8399999999999999,-0.0112219,-2.24438,9.426395999999999,1.8852791999999998,cv
42.05504179990385,167,0.8399999999999999,-0.01103474,-2.2069479999999997,9.269181599999998,1.8538363199999994,cv
42.06649849994574,167,0.8399999999999999,-0.01082869,-2.165738,9.096099599999999,1.8192199199999999,cv
42.07803629990667,167,0.8399999999999999,-0.01085596,-2.171192,9.119006399999998,1.8238012799999996,cv
42.08956769993529,167,0.8399999999999999,-0.01129755,-2.2595099999999997,9.489941999999997,1.8979883999999994,cv
42.10103229992092,167,0.8399999999999999,-0.01142554,-2.285108,9.597453599999998,1.9194907199999998,cv
42.11247649998404,167,0.8399999999999999,-0.01133314,-2.266628,9.519837599999999,1.9039675199999995,cv
42.1255471999757,168,0.8499999999999999,-0.01084813,-2.169626,9.220910499999999,1.8441820999999998,cv
42.13699199992698,168,0.8499999999999999,-0.01064271,-2.128542,9.046303499999999,1.8092606999999996,cv
42.148449199972674,168,0.8499999999999999,-0.01088493,-2.176986,9.252190499999998,1.8504380999999996,cv
42.159851099946536,168,0.8499999999999999,-0.01125149,-2.250298,9.563766499999998,1.9127532999999997,cv
42.17130259994883,168,0.8499999999999999,-0.01129364,-2.258728,9.599594,1.9199187999999998,cv
42.18273839994799,168,0.8499999999999999,-0.01117803,-2.2356059999999998,9.5013255,1.9002650999999995,cv
42.1941864999244,168,0.8499999999999999,-0.01101503,-2.203006,9.362775499999998,1.8725550999999996,cv
42.20565239991993,168,0.8499999999999999,-0.01082148,-2.1642959999999998,9.198258,1.8396515999999996,cv
42.217073099920526,168,0.8499999999999999,-0.01064254,-2.128508,9.046159,1.8092317999999998,cv
42.22849419992417,168,0.8499999999999999,-0.01092931,-2.1858619999999997,9.289913499999999,1.8579826999999995,cv
42.239948399947025,168,0.8499999999999999,-0.01126031,-2.252062,9.5712635,1.9142526999999998,cv
42.25141839997377,168,0.8499999999999999,-0.01128528,-2.257056,9.592487999999998,1.9184975999999996,cv
42.26289629994426,168,0.8499999999999999,-0.01116722,-2.233444,9.492137,1.8984273999999997,cv
42.27436399995349,168,0.8499999999999999,-0.01098456,-2.196912,9.336875999999998,1.8673752,cv
42.28580289997626,168,0.8499999999999999,-0.01078846,-2.157692,9.170190999999997,1.8340381999999997,cv
42.29726199992001,168,0.8499999999999999,-0.01066017,-2.132034,9.061144499999997,1.8122288999999998,cv
42.30864889989607,168,0.8499999999999999,-0.0110177,-2.20354,9.365044999999999,1.8730089999999995,cv
42.320074799936265,168,0.8499999999999999,-0.01128696,-2.2573920000000003,9.593915999999998,1.9187832,cv
42.33149309991859,168,0.8499999999999999,-0.01128068,-2.256136,9.588577999999998,1.9177155999999997,cv
42.34297219989821,168,0.8499999999999999,-0.01115426,-2.2308519999999996,9.481120999999998,1.8962241999999994,cv
42.35454549989663,168,0.8499999999999999,-0.01097385,-2.19477,9.3277725,1.8655544999999998,cv
42.36742159991991,169,0.8599999999999999,-0.0105506,-2.11012,9.073515999999998,1.8147031999999998,cv
42.37890349992085,169,0.8599999999999999,-0.01094424,-2.1888479999999997,9.4120464,1.8824092799999994,cv
42.39041249989532,169,0.8599999999999999,-0.01117677,-2.235354,9.612022199999998,1.9224044399999998,cv
42.40185449994169,169,0.8599999999999999,-0.01112327,-2.224654,9.566012199999998,1.9132024399999998,cv
42.41328769992106,169,0.8599999999999999,-0.01097431,-2.1948619999999996,9.437906599999998,1.8875813199999993,cv
42.42477629997302,169,0.8599999999999999,-0.01079909,-2.1598180000000005,9.2872174,1.8574434800000001,cv
42.43621269997675,169,0.8599999999999999,-0.01058033,-2.116066,9.099083799999999,1.8198167599999997,cv
42.44767319993116,169,0.8599999999999999,-0.01060154,-2.120308,9.117324399999998,1.8234648799999997,cv
42.45913199998904,169,0.8599999999999999,-0.0110312,-2.20624,9.486832,1.8973664,cv
42.47061199997552,169,0.8599999999999999,-0.01117799,-2.2355980000000004,9.613071399999999,1.9226142800000001,cv
42.48205689992756,169,0.8599999999999999,-0.01110389,-2.220778,9.5493454,1.9098690799999998,cv
42.49348659988027,169,0.8599999999999999,-0.01094575,-2.18915,9.413344999999998,1.882669,cv
42.504947699955665,169,0.8599999999999999,-0.01077096,-2.1541919999999997,9.263025599999999,1.8526051199999996,cv
42.51639579993207,169,0.8599999999999999,-0.010547,-2.1094,9.070419999999999,1.8140839999999996,cv
42.52787959994748,169,0.8599999999999999,-0.0106525,-2.1305,9.16115,1.8322299999999998,cv
42.53930739988573,169,0.8599999999999999,-0.01107342,-2.214684,9.5231412,1.9046282399999999,cv
42.55076879996341,169,0.8599999999999999,-0.0111741,-2.23482,9.609725999999997,1.9219451999999997,cv
42.562163499882445,169,0.8599999999999999,-0.01109067,-2.218134,9.5379762,1.9075952399999998,cv
42.57373809989076,169,0.8599999999999999,-0.01092937,-2.185874,9.3992582,1.8798516399999998,cv
42.585350599954836,169,0.8599999999999999,-0.01071379,-2.142758,9.2138594,1.84277188,cv
42.59688049997203,169,0.8599999999999999,-0.01051414,-2.1028279999999997,9.042160399999998,1.8084320799999996,cv
42.60969239997212,170,0.8499999999999999,-0.01125807,-2.251614,9.5693595,1.9138718999999997,cv
42.62112339993473,170,0.8499999999999999,-0.01129058,-2.2581160000000002,9.596992999999998,1.9193985999999998,cv
42.63256909989286,170,0.8499999999999999,-0.0111674,-2.2334799999999997,9.492289999999997,1.8984579999999995,cv
42.64423239999451,170,0.8499999999999999,-0.01099438,-2.198876,9.345222999999997,1.8690445999999996,cv
42.655795299913734,170,0.8499999999999999,-0.01075177,-2.150354,9.139004499999999,1.8278008999999997,cv
42.66726309992373,170,0.8499999999999999,-0.01067023,-2.134046,9.069695499999996,1.8139390999999998,cv
42.67871509992983,170,0.8499999999999999,-0.01108133,-2.216266,9.4191305,1.8838260999999998,cv
42.69078229996376,170,0.8499999999999999,-0.01129942,-2.259884,9.604506999999998,1.9209013999999998,cv
42.70243139995728,170,0.8499999999999999,-0.01118374,-2.2367479999999995,9.506178999999998,1.9012357999999994,cv
42.71392689994536,170,0.8499999999999999,-0.01100962,-2.201924,9.358177,1.8716353999999997,cv
42.72535249998327,170,0.8499999999999999,-0.01080923,-2.1618459999999997,9.187845499999998,1.8375690999999994,cv
42.73684249992948,170,0.8499999999999999,-0.01064504,-2.129008,9.048283999999999,1.8096567999999995,cv
42.74827589991037,170,0.8499999999999999,-0.01095285,-2.19057,9.309922499999997,1.8619844999999997,cv
42.75973569997586,170,0.8499999999999999,-0.01127806,-2.255612,9.586350999999999,1.9172702,cv
42.7712263999274,170,0.8499999999999999,-0.01128051,-2.2561020000000003,9.588433499999999,1.9176867,cv
42.78269079991151,170,0.8499999999999999,-0.01115286,-2.230572,9.479930999999999,1.8959861999999996,cv
42.79420079989359,170,0.8499999999999999,-0.01096454,-2.192908,9.319858999999997,1.8639717999999998,cv
42.805657299933955,170,0.8499999999999999,-0.01077026,-2.154052,9.154720999999999,1.8309441999999998,cv
42.81713419989683,170,0.8499999999999999,-0.0106711,-2.13422,9.070434999999998,1.8140869999999998,cv
42.82868579996284,170,0.8499999999999999,-0.01107511,-2.2150220000000003,9.4138435,1.8827687,cv
42.84032059996389,170,0.8499999999999999,-0.01130797,-2.261594,9.6117745,1.9223548999999998,cv
42.85327799990773,171,0.8399999999999999,-0.01119951,-2.239902,9.407588399999998,1.8815176799999995,cv
42.86475239996798,171,0.8399999999999999,-0.0110067,-2.2013399999999996,9.245627999999998,1.8491255999999994,cv
42.8761877999641,171,0.8399999999999999,-0.0107887,-2.15774,9.062508,1.8125015999999996,cv
42.88764309999533,171,0.8399999999999999,-0.01089819,-2.1796379999999997,9.1544796,1.8308959199999995,cv
42.89912349998485,171,0.8399999999999999,-0.01131471,-2.262942,9.504356399999999,1.9008712799999996,cv
42.91057249996811,171,0.8399999999999999,-0.01141875,-2.28375,9.591749999999998,1.9183499999999996,cv
42.922068399959244,171,0.8399999999999999,-0.01132291,-2.264582,9.511244399999999,1.9022488799999995,cv
42.93353049992584,171,0.8399999999999999,-0.01115861,-2.231722,9.373232399999997,1.8746464799999996,cv
42.9449944999069,171,0.8399999999999999,-0.01096599,-2.1931979999999998,9.2114316,1.8422863199999995,cv
42.956440899986774,171,0.8399999999999999,-0.01075689,-2.1513780000000002,9.035787599999997,1.8071575199999999,cv
42.96785389992874,171,0.8399999999999999,-0.01096712,-2.193424,9.2123808,1.8424761599999995,cv
42.979302899912,171,0.8399999999999999,-0.01134924,-2.269848,9.533361599999997,1.9066723199999998,cv
42.99074109992944,171,0.8399999999999999,-0.01140589,-2.2811779999999997,9.580947599999998,1.9161895199999994,cv
43.00219169992488,171,0.8399999999999999,-0.01129771,-2.259542,9.490076399999998,1.8980152799999999,cv
43.01360659999773,171,0.8399999999999999,-0.0111314,-2.22628,9.350375999999999,1.8700751999999996,cv
43.025024399976246,171,0.8399999999999999,-0.0109489,-2.18978,9.197076,1.8394151999999995,cv
43.03644539997913,171,0.8399999999999999,-0.01075676,-2.151352,9.035678399999998,1.8071356799999998,cv
43.04789519996848,171,0.8399999999999999,-0.01098408,-2.196816,9.2266272,1.8453254399999999,cv
43.05960309994407,171,0.8399999999999999,-0.01136064,-2.272128,9.542937599999998,1.9085875199999995,cv
43.07116799999494,171,0.8399999999999999,-0.01138343,-2.276686,9.562081199999998,1.9124162399999998,cv
43.0827452999074,171,0.8399999999999999,-0.01124126,-2.248252,9.442658399999997,1.8885316799999996,cv
43.09554929996375,172,0.8499999999999999,-0.01075246,-2.1504920000000003,9.139591,1.8279182,cv
43.10703409998678,172,0.8499999999999999,-0.01066761,-2.133522,9.067468499999999,1.8134936999999998,cv
43.11849139991682,172,0.8499999999999999,-0.01108421,-2.216842,9.421578499999999,1.8843157,cv
43.129883499932475,172,0.8499999999999999,-0.01129696,-2.259392,9.602416,1.9204831999999998,cv
43.14129449997563,172,0.8499999999999999,-0.01125578,-2.251156,9.567412999999998,1.9134825999999996,cv
43.152742699952796,172,0.8499999999999999,-0.01111522,-2.2230440000000002,9.447936999999998,1.8895874,cv
43.16421189997345,172,0.8499999999999999,-0.01093076,-2.186152,9.291145999999998,1.8582291999999996,cv
43.17564989998937,172,0.8499999999999999,-0.01072501,-2.145002,9.116258499999999,1.8232516999999997,cv
43.187115899985656,172,0.8499999999999999,-0.01069599,-2.139198,9.0915915,1.8183182999999996,cv
43.19854829995893,172,0.8499999999999999,-0.0111157,-2.22314,9.448344999999998,1.8896689999999996,cv
43.209991499898024,172,0.8499999999999999,-0.01129928,-2.259856,9.604387999999998,1.9208775999999999,cv
43.22144599992316,172,0.8499999999999999,-0.01124148,-2.248296,9.555257999999998,1.9110515999999995,cv
43.23291349993087,172,0.8499999999999999,-0.01108655,-2.2173100000000003,9.423567499999999,1.8847135,cv
43.2443819999462,172,0.8499999999999999,-0.01090365,-2.18073,9.2681025,1.8536204999999997,cv
43.25587479991373,172,0.8499999999999999,-0.01069378,-2.138756,9.089713,1.8179425999999996,cv
43.26729359989986,172,0.8499999999999999,-0.01074333,-2.148666,9.131830499999998,1.8263660999999998,cv
43.27866599999834,172,0.8499999999999999,-0.01116414,-2.232828,9.489518999999998,1.8979037999999997,cv
43.29018519993406,172,0.8499999999999999,-0.01130179,-2.260358,9.6065215,1.9213042999999999,cv
43.340724199893884,172,0.8499999999999999,-0.01121549,-2.243098,9.533166499999998,1.9066332999999995,cv
43.35354479996022,172,0.8499999999999999,-0.01100634,-2.201268,9.355388999999999,1.8710777999999995,cv
43.36496859998442,172,0.8499999999999999,-0.0108106,-2.1621200000000003,9.18901,1.837802,cv
43.378400899935514,173,0.8599999999999999,-0.0109724,-2.19448,9.436263999999998,1.8872527999999997,cv
43.389786599902436,173,0.8599999999999999,-0.01116621,-2.2332419999999997,9.602940599999998,1.9205881199999995,cv
43.40115879999939,173,0.8599999999999999,-0.01112007,-2.224014,9.563260199999998,1.9126520399999998,cv
43.41253769991454,173,0.8599999999999999,-0.01098804,-2.197608,9.449714399999998,1.8899428799999995,cv
43.42433989990968,173,0.8599999999999999,-0.01080545,-2.1610899999999997,9.292686999999997,1.8585373999999995,cv
43.43622209993191,173,0.8599999999999999,-0.01056577,-2.113154,9.0865622,1.8173124399999998,cv
43.44753319991287,173,0.8599999999999999,-0.01071396,-2.142792,9.214005599999998,1.8428011199999998,cv
43.4589369999012,173,0.8599999999999999,-0.0110916,-2.21832,9.538775999999999,1.9077551999999995,cv
43.47043029998895,173,0.8599999999999999,-0.01116448,-2.2328959999999998,9.601452799999999,1.9202905599999995,cv
43.48180909990333,173,0.8599999999999999,-0.01105871,-2.211742,9.510490599999997,1.9020981199999998,cv
43.49329389992636,173,0.8599999999999999,-0.01089901,-2.179802,9.373148599999999,1.8746297199999997,cv
43.50475429999642,173,0.8599999999999999,-0.01070337,-2.1406739999999997,9.204898199999999,1.8409796399999996,cv
43.51621129992418,173,0.8599999999999999,-0.01050472,-2.100944,9.0340592,1.80681184,cv
43.527644599904306,173,0.8599999999999999,-0.01074321,-2.1486419999999997,9.2391606,1.8478321199999994,cv
43.53909279999789,173,0.8599999999999999,-0.01112118,-2.224236,9.564214799999998,1.9128429599999996,cv
43.55052789999172,173,0.8599999999999999,-0.01115436,-2.230872,9.5927496,1.9185499199999998,cv
43.56195719994139,173,0.8599999999999999,-0.0110432,-2.20864,9.497151999999998,1.8994303999999997,cv
43.57341599999927,173,0.8599999999999999,-0.01087342,-2.174684,9.351141199999997,1.8702282399999999,cv
43.58502369991038,173,0.8599999999999999,-0.01067529,-2.135058,9.180749399999998,1.8361498799999996,cv
43.59645789989736,173,0.8599999999999999,-0.01051373,-2.1027460000000002,9.041807799999999,1.80836156,cv
43.60791999998037,173,0.8599999999999999,-0.01084731,-2.1694620000000002,9.3286866,1.86573732,cv
43.62102119997144,174,0.8699999999999999,-0.01098048,-2.196096,9.5530176,1.9106035199999996,cv
43.63250439998228,174,0.8699999999999999,-0.01083434,-2.166868,9.425875799999998,1.8851751599999997,cv
43.644050199887715,174,0.8699999999999999,-0.01064842,-2.129684,9.2641254,1.85282508,cv
43.65553339989856,174,0.8699999999999999,-0.01042975,-2.08595,9.073882499999998,1.8147764999999998,cv
43.66696989990305,174,0.8699999999999999,-0.01044825,-2.08965,9.089977499999998,1.8179954999999997,cv
43.67844359995797,174,0.8699999999999999,-0.01086279,-2.172558,9.450627299999999,1.8901254599999997,cv
43.68993429990951,174,0.8699999999999999,-0.01102252,-2.2045039999999996,9.589592399999997,1.9179184799999993,cv
43.70161199988797,174,0.8699999999999999,-0.01092605,-2.18521,9.505663499999999,1.9011326999999998,cv
43.71310499997344,174,0.8699999999999999,-0.01076036,-2.152072,9.3615132,1.8723026399999998,cv
43.72470549994614,174,0.8699999999999999,-0.01056135,-2.11227,9.188374499999998,1.8376749,cv
43.736138799926266,174,0.8699999999999999,-0.01035426,-2.070852,9.008206199999998,1.8016412399999997,cv
43.74753409996629,174,0.8699999999999999,-0.01061625,-2.12325,9.2361375,1.8472274999999998,cv
43.758937099948525,174,0.8699999999999999,-0.0109724,-2.19448,9.545987999999998,1.9091975999999997,cv
43.77037239994388,174,0.8699999999999999,-0.01101293,-2.202586,9.581249099999999,1.9162498199999998,cv
43.78179289994296,174,0.8699999999999999,-0.01090236,-2.180472,9.4850532,1.8970106399999997,cv
43.793212199932896,174,0.8699999999999999,-0.01073909,-2.147818,9.3430083,1.8686016599999997,cv
43.80461429990828,174,0.8699999999999999,-0.01055177,-2.110354,9.180039899999999,1.8360079799999998,cv
43.81607599998824,174,0.8699999999999999,-0.01036699,-2.073398,9.019281299999998,1.8038562599999999,cv
43.827654799912125,174,0.8699999999999999,-0.01063668,-2.127336,9.253911599999999,1.8507823199999998,cv
43.83924609993119,174,0.8699999999999999,-0.0110041,-2.2008199999999998,9.573566999999999,1.9147133999999995,cv
43.85078999993857,174,0.8699999999999999,-0.01098765,-2.19753,9.559255499999999,1.9118510999999998,cv
43.86385159997735,175,0.8599999999999999,-0.0108014,-2.1602799999999998,9.289203999999998,1.8578407999999995,cv
43.87530899990816,175,0.8599999999999999,-0.01058566,-2.1171320000000002,9.103667599999998,1.8207335199999999,cv
43.88676929997746,175,0.8599999999999999,-0.01057292,-2.114584,9.092711199999998,1.8185422399999995,cv
43.89822579990141,175,0.8599999999999999,-0.01099072,-2.198144,9.4520192,1.8904038399999998,cv
43.909790999954566,175,0.8599999999999999,-0.01116575,-2.23315,9.602545,1.9205089999999998,cv
43.92133019992616,175,0.8599999999999999,-0.01108457,-2.216914,9.5327302,1.9065460399999998,cv
43.93287519994192,175,0.8599999999999999,-0.01091662,-2.183324,9.388293199999998,1.8776586399999995,cv
43.94453019998036,175,0.8599999999999999,-0.01071412,-2.142824,9.214143199999999,1.8428286399999998,cv
43.95604699989781,175,0.8599999999999999,-0.01050751,-2.101502,9.036458599999998,1.8072917199999998,cv
43.96756749995984,175,0.8599999999999999,-0.01080893,-2.161786,9.295679799999998,1.85913596,cv
43.97902859991882,175,0.8599999999999999,-0.0111414,-2.22828,9.581603999999999,1.9163207999999996,cv
43.990422699949704,175,0.8599999999999999,-0.01114954,-2.229908,9.5886044,1.9177208799999996,cv
44.001869099913165,175,0.8599999999999999,-0.01103166,-2.206332,9.487227599999999,1.8974455199999998,cv
44.01335859997198,175,0.8599999999999999,-0.01085808,-2.171616,9.3379488,1.86758976,cv
44.02489909995347,175,0.8599999999999999,-0.01064906,-2.1298120000000003,9.158191599999999,1.83163832,cv
44.03641019994393,175,0.8599999999999999,-0.01053496,-2.106992,9.060065599999998,1.8120131199999998,cv
44.04788619989995,175,0.8599999999999999,-0.01093286,-2.1865720000000004,9.402259599999999,1.88045192,cv
44.0593468999723,175,0.8599999999999999,-0.01116867,-2.233734,9.605056199999998,1.92101124,cv
44.07098599988967,175,0.8599999999999999,-0.01111488,-2.222976,9.5587968,1.9117593599999998,cv
44.082406299887225,175,0.8599999999999999,-0.0109621,-2.1924200000000003,9.427406,1.8854811999999999,cv
44.09391009993851,175,0.8599999999999999,-0.01077567,-2.155134,9.267076199999998,1.8534152399999997,cv
44.106756299966946,176,0.8499999999999999,-0.01073466,-2.146932,9.124460999999998,1.8248921999999999,cv
44.11820359993726,176,0.8499999999999999,-0.0111532,-2.23064,9.48022,1.8960439999999998,cv
44.12968119990546,176,0.8499999999999999,-0.01130179,-2.260358,9.6065215,1.9213042999999999,cv
44.14114989992231,176,0.8499999999999999,-0.01121968,-2.2439359999999997,9.536727999999998,1.9073455999999995,cv
44.152573699946515,176,0.8499999999999999,-0.01105992,-2.211984,9.400932,1.8801864,cv
44.16408389993012,176,0.8499999999999999,-0.01087163,-2.1743259999999998,9.2408855,1.8481770999999996,cv
44.17556079989299,176,0.8499999999999999,-0.01065633,-2.131266,9.0578805,1.8115761,cv
44.18705919990316,176,0.8499999999999999,-0.01081352,-2.162704,9.191491999999998,1.8382983999999998,cv
44.19852119998541,176,0.8499999999999999,-0.01122596,-2.2451920000000003,9.542065999999998,1.9084132,cv
44.20999309991021,176,0.8499999999999999,-0.0112948,-2.25896,9.600579999999999,1.9201159999999997,cv
44.22143599996343,176,0.8499999999999999,-0.01119165,-2.23833,9.512902499999997,1.9025804999999996,cv
44.232874499983154,176,0.8499999999999999,-0.01103042,-2.206084,9.375857,1.8751714,cv
44.24435729999095,176,0.8499999999999999,-0.01083293,-2.1665859999999997,9.207990499999998,1.8415980999999995,cv
44.255804599961266,176,0.8499999999999999,-0.01064132,-2.1282639999999997,9.045121999999997,1.8090243999999995,cv
44.267249399912544,176,0.8499999999999999,-0.01090167,-2.180334,9.2664195,1.8532838999999999,cv
44.27874539990444,176,0.8499999999999999,-0.01126278,-2.252556,9.573362999999999,1.9146725999999996,cv
44.290228099911474,176,0.8499999999999999,-0.01128748,-2.257496,9.594358,1.9188716,cv
44.3018427999923,176,0.8499999999999999,-0.01116386,-2.2327719999999998,9.489280999999998,1.8978561999999994,cv
44.313448300003074,176,0.8499999999999999,-0.0109696,-2.19392,9.324159999999997,1.8648319999999996,cv
44.32484279992059,176,0.8499999999999999,-0.01076263,-2.152526,9.148235499999998,1.8296470999999996,cv
44.33638849994168,176,0.8499999999999999,-0.01069216,-2.138432,9.088335999999996,1.8176671999999996,cv
44.34922259999439,177,0.8599999999999999,-0.01117391,-2.234782,9.6095626,1.9219125199999998,cv
44.360676399897784,177,0.8599999999999999,-0.01112715,-2.2254300000000002,9.569348999999999,1.9138697999999998,cv
44.37214120000135,177,0.8599999999999999,-0.01097831,-2.195662,9.4413466,1.8882693199999998,cv
44.38362659991253,177,0.8599999999999999,-0.01079526,-2.159052,9.2839236,1.8567847199999996,cv
44.39510239998344,177,0.8599999999999999,-0.01058026,-2.116052,9.099023599999999,1.8198047199999996,cv
44.40658159996383,177,0.8599999999999999,-0.01059975,-2.1199500000000002,9.115784999999997,1.823157,cv
44.41805119998753,177,0.8599999999999999,-0.0110305,-2.2061,9.486229999999999,1.8972459999999998,cv
44.42950420000125,177,0.8599999999999999,-0.01117594,-2.235188,9.611308399999999,1.9222616799999996,cv
44.44097989995498,177,0.8599999999999999,-0.01109569,-2.219138,9.542293399999998,1.9084586799999999,cv
44.452719699940644,177,0.8599999999999999,-0.01093948,-2.187896,9.407952799999999,1.8815905599999996,cv
44.464212699909694,177,0.8599999999999999,-0.01071209,-2.142418,9.212397399999999,1.84247948,cv
44.47568659996614,177,0.8599999999999999,-0.01051094,-2.102188,9.0394084,1.8078816799999997,cv
44.48708099999931,177,0.8599999999999999,-0.01075874,-2.151748,9.252516399999998,1.8505032799999996,cv
44.498540599946864,177,0.8599999999999999,-0.01112379,-2.224758,9.566459399999998,1.9132918799999998,cv
44.510009599966,177,0.8599999999999999,-0.01116055,-2.23211,9.598073,1.9196145999999998,cv
44.5214765999699,177,0.8599999999999999,-0.01104562,-2.209124,9.499233199999999,1.8998466399999998,cv
44.53294119995553,177,0.8599999999999999,-0.01087673,-2.1753460000000002,9.353987799999999,1.87079756,cv
44.54440519993659,177,0.8599999999999999,-0.0106768,-2.13536,9.182047999999998,1.8364095999999996,cv
44.55594629992265,177,0.8599999999999999,-0.01052141,-2.104282,9.048412599999999,1.8096825199999997,cv
44.56747219990939,177,0.8599999999999999,-0.01089818,-2.179636,9.372434799999999,1.8744869599999996,cv
44.578936200006865,177,0.8599999999999999,-0.01115995,-2.23199,9.597556999999998,1.9195113999999998,cv
44.591739299939945,178,0.8699999999999999,-0.01086178,-2.1723559999999997,9.449748599999998,1.8899497199999995,cv
44.603203199920245,178,0.8699999999999999,-0.01069198,-2.138396,9.302022599999999,1.86040452,cv
44.614707999979146,178,0.8699999999999999,-0.01048493,-2.0969860000000002,9.121889099999999,1.82437782,cv
44.62621539994143,178,0.8699999999999999,-0.01041329,-2.082658,9.0595623,1.8119124599999996,cv
44.63766469992697,178,0.8699999999999999,-0.01082248,-2.164496,9.4155576,1.88311152,cv
44.64919749996625,178,0.8699999999999999,-0.01102439,-2.204878,9.591219299999999,1.9182438599999996,cv
44.66067139990628,178,0.8699999999999999,-0.01096629,-2.193258,9.540672299999999,1.9081344599999999,cv
44.672140599926934,178,0.8699999999999999,-0.0108126,-2.1625199999999998,9.406962,1.8813923999999995,cv
44.68360059999395,178,0.8699999999999999,-0.01062974,-2.125948,9.247873799999999,1.8495747599999999,cv
44.69507769995835,178,0.8699999999999999,-0.01041097,-2.0821940000000003,9.057543899999999,1.81150878,cv
44.706532899988815,178,0.8699999999999999,-0.01047983,-2.095966,9.1174521,1.82349042,cv
44.71803339989856,178,0.8699999999999999,-0.0109107,-2.18214,9.492308999999999,1.8984617999999998,cv
44.729532999917865,178,0.8699999999999999,-0.0110267,-2.20534,9.593229,1.9186457999999997,cv
44.74102409998886,178,0.8699999999999999,-0.01093394,-2.186788,9.512527799999999,1.9025055599999998,cv
44.75246959994547,178,0.8699999999999999,-0.01077478,-2.154956,9.374058599999998,1.8748117199999996,cv
44.76395929988939,178,0.8699999999999999,-0.01058059,-2.116118,9.205113299999999,1.84102266,cv
44.77543359994888,178,0.8699999999999999,-0.01038119,-2.076238,9.031635299999998,1.8063270599999999,cv
44.78691719996277,178,0.8699999999999999,-0.01060999,-2.121998,9.230691299999998,1.8461382599999998,cv
44.798511300003156,178,0.8699999999999999,-0.01098292,-2.196584,9.555140399999999,1.91102808,cv
44.81017779989634,178,0.8699999999999999,-0.01100519,-2.2010379999999996,9.5745153,1.9149030599999994,cv
44.82178589992691,178,0.8699999999999999,-0.01085724,-2.1714480000000003,9.445798799999999,1.88915976,cv
44.83470009989105,179,0.8599999999999999,-0.01060863,-2.1217260000000002,9.1234218,1.82468436,cv
44.846178399981,179,0.8599999999999999,-0.01057858,-2.115716,9.097578799999999,1.8195157599999996,cv
44.85759529995266,179,0.8599999999999999,-0.0110003,-2.2000599999999997,9.460257999999998,1.8920515999999994,cv
44.86906119994819,179,0.8599999999999999,-0.01117245,-2.23449,9.608306999999998,1.9216613999999999,cv
44.88051799999084,179,0.8599999999999999,-0.0111161,-2.22322,9.559845999999999,1.9119691999999997,cv
44.892000399995595,179,0.8599999999999999,-0.01096669,-2.193338,9.431353399999999,1.8862706799999995,cv
44.90347529994324,179,0.8599999999999999,-0.01077971,-2.155942,9.270550599999998,1.8541101199999999,cv
44.91495099989697,179,0.8599999999999999,-0.01056157,-2.112314,9.082950199999999,1.8165900399999997,cv
44.92644779989496,179,0.8599999999999999,-0.01063595,-2.1271899999999997,9.146916999999998,1.8293833999999995,cv
44.93790309992619,179,0.8599999999999999,-0.01106003,-2.2120059999999997,9.5116258,1.9023251599999995,cv
44.94937249994837,179,0.8599999999999999,-0.0111736,-2.2347200000000003,9.609296,1.9218591999999999,cv
44.96084489999339,179,0.8599999999999999,-0.01108097,-2.216194,9.5296342,1.90592684,cv
44.972278799978085,179,0.8599999999999999,-0.01092019,-2.184038,9.391363399999998,1.8782726799999998,cv
44.98371699999552,179,0.8599999999999999,-0.01072885,-2.1457699999999997,9.226810999999998,1.8453621999999994,cv
44.995118199964054,179,0.8599999999999999,-0.01052798,-2.105596,9.054062799999999,1.8108125599999996,cv
45.00654779991601,179,0.8599999999999999,-0.01068627,-2.1372539999999995,9.190192199999998,1.8380384399999994,cv
45.01799399999436,179,0.8599999999999999,-0.01108196,-2.216392,9.530485599999999,1.9060971199999996,cv
45.029450799920596,179,0.8599999999999999,-0.01116821,-2.233642,9.604660599999999,1.9209321199999998,cv
45.0410204998916,179,0.8599999999999999,-0.01106911,-2.213822,9.519434599999999,1.9038869199999997,cv
45.05243309994694,179,0.8599999999999999,-0.01089661,-2.179322,9.371084599999998,1.8742169199999996,cv
45.063963199965656,179,0.8599999999999999,-0.0106988,-2.13976,9.200967999999998,1.8401935999999997,cv
45.07697359996382,180,0.8499999999999999,-0.01097181,-2.194362,9.326038499999997,1.8652076999999996,cv
45.088398099993356,180,0.8499999999999999,-0.01127276,-2.254552,9.581845999999999,1.9163691999999997,cv
45.09988169989083,180,0.8499999999999999,-0.01127958,-2.255916,9.587643,1.9175285999999998,cv
45.111377399996854,180,0.8499999999999999,-0.01114705,-2.22941,9.474992499999999,1.8949984999999998,cv
45.12314359995071,180,0.8499999999999999,-0.010971,-2.1942,9.325349999999998,1.8650699999999996,cv
45.13460109999869,180,0.8499999999999999,-0.01072641,-2.1452820000000004,9.117448499999998,1.8234897,cv
45.146075399941765,180,0.8499999999999999,-0.01071354,-2.142708,9.106508999999999,1.8213017999999996,cv
45.15752469992731,180,0.8499999999999999,-0.01114551,-2.229102,9.4736835,1.8947366999999997,cv
45.168979899957776,180,0.8499999999999999,-0.01130465,-2.2609299999999997,9.6089525,1.9217904999999995,cv
45.18045079999138,180,0.8499999999999999,-0.01123079,-2.246158,9.546171499999996,1.9092342999999996,cv
45.191883499966934,180,0.8499999999999999,-0.01108061,-2.216122,9.4185185,1.8837036999999996,cv
45.20335119997617,180,0.8499999999999999,-0.01089965,-2.17993,9.264702499999999,1.8529404999999999,cv
45.2147836999502,180,0.8499999999999999,-0.01068871,-2.1377420000000003,9.085403499999998,1.8170807,cv
45.22623439994641,180,0.8499999999999999,-0.01076297,-2.152594,9.148524499999997,1.8297048999999999,cv
45.237686899956316,180,0.8499999999999999,-0.01117831,-2.235662,9.5015635,1.9003126999999997,cv
45.249163599917665,180,0.8499999999999999,-0.01129906,-2.2598119999999997,9.604200999999998,1.9208401999999996,cv
45.26062789990101,180,0.8499999999999999,-0.01120897,-2.241794,9.527624499999998,1.9055248999999999,cv
45.27209369989578,180,0.8499999999999999,-0.01105451,-2.210902,9.396333499999997,1.8792666999999996,cv
45.28364519996103,180,0.8499999999999999,-0.01085735,-2.1714700000000002,9.228747499999999,1.8457495,cv
45.29510769993067,180,0.8499999999999999,-0.01064842,-2.129684,9.051156999999998,1.8102314,cv
45.30662279995158,180,0.8499999999999999,-0.01087063,-2.174126,9.2400355,1.8480070999999996,cv
45.319375599967316,181,0.8399999999999999,-0.01141293,-2.282586,9.586861199999998,1.9173722399999995,cv
45.33082139992621,181,0.8399999999999999,-0.01130591,-2.2611820000000002,9.496964399999998,1.89939288,cv
45.34228639991488,181,0.8399999999999999,-0.01113948,-2.2278960000000003,9.357163199999999,1.8714326399999999,cv
45.35377859999426,181,0.8399999999999999,-0.0109379,-2.18758,9.187835999999999,1.8375671999999998,cv
45.36525949998759,181,0.8399999999999999,-0.01075466,-2.150932,9.033914399999997,1.8067828799999996,cv
45.376830699970014,181,0.8399999999999999,-0.01105877,-2.211754,9.289366799999998,1.8578733599999997,cv
45.38832589995582,181,0.8399999999999999,-0.011396,-2.2792,9.572639999999998,1.9145279999999996,cv
45.399797399993986,181,0.8399999999999999,-0.01138907,-2.2778140000000002,9.566818799999998,1.91336376,cv
45.41127119993325,181,0.8399999999999999,-0.01126218,-2.2524360000000003,9.460231199999999,1.89204624,cv
45.42276149999816,181,0.8399999999999999,-0.01107766,-2.215532,9.305234399999998,1.8610468799999997,cv
45.43427430000156,181,0.8399999999999999,-0.01086382,-2.172764,9.125608799999998,1.8251217599999996,cv
45.44575219997205,181,0.8399999999999999,-0.01080363,-2.160726,9.075049199999999,1.8150098399999997,cv
45.45722769992426,181,0.8399999999999999,-0.01121693,-2.243386,9.4222212,1.8844442399999997,cv
45.46871459996328,181,0.8399999999999999,-0.01141566,-2.2831319999999997,9.589154399999998,1.9178308799999995,cv
45.48011249990668,181,0.8399999999999999,-0.01135918,-2.271836,9.541711199999998,1.9083422399999996,cv
45.491518699913286,181,0.8399999999999999,-0.01121548,-2.243096,9.421003199999998,1.8842006399999998,cv
45.50297789997421,181,0.8399999999999999,-0.01104142,-2.208284,9.274792799999998,1.8549585599999996,cv
45.514420399907976,181,0.8399999999999999,-0.01082439,-2.164878,9.092487599999997,1.8184975199999995,cv
45.52583979989868,181,0.8399999999999999,-0.01083695,-2.16739,9.103038,1.8206075999999998,cv
45.53734359994996,181,0.8399999999999999,-0.01124532,-2.2490639999999997,9.446068799999999,1.8892137599999994,cv
45.548992199939676,181,0.8399999999999999,-0.01141346,-2.282692,9.5873064,1.9174612799999997,cv
45.56198320002295,182,0.8499999999999999,-0.01104946,-2.209892,9.392040999999999,1.8784081999999998,cv
45.57344569999259,182,0.8499999999999999,-0.01084522,-2.169044,9.218436999999998,1.8436873999999996,cv
45.58486860000994,182,0.8499999999999999,-0.01064759,-2.129518,9.0504515,1.8100902999999997,cv
45.596267600078136,182,0.8499999999999999,-0.01083137,-2.166274,9.206664499999999,1.8413328999999998,cv
45.60765220003668,182,0.8499999999999999,-0.01121944,-2.243888,9.536524,1.9073047999999997,cv
45.61897280008998,182,0.8499999999999999,-0.0112947,-2.25894,9.600494999999999,1.9200989999999996,cv
45.63029930007178,182,0.8499999999999999,-0.01120793,-2.241586,9.526740499999999,1.9053480999999997,cv
45.64168410003185,182,0.8499999999999999,-0.01106713,-2.2134259999999997,9.407060499999998,1.8814120999999995,cv
45.65309040003922,182,0.8499999999999999,-0.01088249,-2.176498,9.250116499999999,1.8500232999999997,cv
45.6645166000817,182,0.8499999999999999,-0.01067936,-2.135872,9.077456,1.8154911999999996,cv
45.67592850001529,182,0.8499999999999999,-0.01076222,-2.152444,9.147886999999999,1.8295773999999998,cv
45.6873435000889,182,0.8499999999999999,-0.01116541,-2.2330820000000005,9.490598499999999,1.8981197,cv
45.698784000007436,182,0.8499999999999999,-0.01130033,-2.260066,9.6052805,1.9210560999999997,cv
45.71028280002065,182,0.8499999999999999,-0.01121972,-2.243944,9.536762,1.9073523999999997,cv
45.721770300064236,182,0.8499999999999999,-0.01106063,-2.212126,9.4015355,1.8803070999999998,cv
45.73324120009784,182,0.8499999999999999,-0.01086563,-2.173126,9.235785499999999,1.8471570999999996,cv
45.74475700000767,182,0.8499999999999999,-0.01065424,-2.130848,9.056104,1.8112207999999996,cv
45.75633050000761,182,0.8499999999999999,-0.01084958,-2.1699159999999997,9.222142999999999,1.8444285999999994,cv
45.767868700088,182,0.8499999999999999,-0.01124938,-2.249876,9.561972999999998,1.9123945999999996,cv
45.77943260001484,182,0.8499999999999999,-0.01128091,-2.256182,9.588773499999999,1.9177546999999997,cv
45.79093480005395,182,0.8499999999999999,-0.01114954,-2.229908,9.477108999999997,1.8954217999999996,cv
45.8038455999922,183,0.8599999999999999,-0.01064976,-2.129952,9.158793599999997,1.8317587199999996,cv
45.8152799999807,183,0.8599999999999999,-0.01053404,-2.106808,9.0592744,1.8118548799999998,cv
45.8267288999632,183,0.8599999999999999,-0.01091093,-2.1821859999999997,9.383399799999998,1.8766799599999995,cv
45.83816779998597,183,0.8599999999999999,-0.0111657,-2.23314,9.602502,1.9205003999999999,cv
45.84963399998378,183,0.8599999999999999,-0.01113786,-2.227572,9.578559599999998,1.9157119199999997,cv
45.86112539994065,183,0.8599999999999999,-0.01100042,-2.200084,9.4603612,1.8920722399999996,cv
45.872633099905215,183,0.8599999999999999,-0.01081624,-2.163248,9.301966399999998,1.8603932799999996,cv
45.88416019990109,183,0.8599999999999999,-0.01059555,-2.11911,9.112173,1.8224345999999998,cv
45.8956289999187,183,0.8599999999999999,-0.01060008,-2.120016,9.116068799999999,1.8232137599999998,cv
45.90705319994595,183,0.8599999999999999,-0.01101897,-2.203794,9.4763142,1.8952628399999996,cv
45.918439199915156,183,0.8599999999999999,-0.01117641,-2.2352819999999998,9.611712599999997,1.9223425199999995,cv
45.92984349990729,183,0.8599999999999999,-0.01111565,-2.22313,9.559458999999997,1.9118917999999996,cv
45.94127599999774,183,0.8599999999999999,-0.01097403,-2.194806,9.437665799999998,1.8875331599999996,cv
45.95271589991171,183,0.8599999999999999,-0.01078983,-2.157966,9.2792538,1.8558507599999998,cv
45.96421019989066,183,0.8599999999999999,-0.01058275,-2.11655,9.101165,1.8202329999999998,cv
45.97567309997976,183,0.8599999999999999,-0.01061858,-2.1237160000000004,9.131978799999999,1.82639576,cv
45.9871223999653,183,0.8599999999999999,-0.01104071,-2.208142,9.495010599999999,1.8990021199999998,cv
45.99857419996988,183,0.8599999999999999,-0.01117722,-2.235444,9.612409199999998,1.9224818399999999,cv
46.010119699989446,183,0.8599999999999999,-0.01109231,-2.2184619999999997,9.539386599999998,1.9078773199999994,cv
46.02168000000529,183,0.8599999999999999,-0.01091726,-2.183452,9.388843599999998,1.8777687199999997,cv
46.03320760000497,183,0.8599999999999999,-0.0107257,-2.14514,9.224101999999998,1.8448203999999997,cv
46.04617529991083,184,0.8699999999999999,-0.0106209,-2.12418,9.240182999999998,1.8480365999999997,cv
46.05764349992387,184,0.8699999999999999,-0.01098146,-2.196292,9.553870199999999,1.91077404,cv
46.06912839994766,184,0.8699999999999999,-0.0110109,-2.2021800000000002,9.579483,1.9158966,cv
46.080622499925084,184,0.8699999999999999,-0.01088987,-2.177974,9.4741869,1.8948373799999996,cv
46.092116199899465,184,0.8699999999999999,-0.01071646,-2.143292,9.3233202,1.8646640399999999,cv
46.103546699974686,184,0.8699999999999999,-0.01051425,-2.1028499999999997,9.147397499999999,1.8294794999999995,cv
46.11497569992207,184,0.8699999999999999,-0.01037672,-2.0753440000000003,9.0277464,1.80554928,cv
46.126390999997966,184,0.8699999999999999,-0.01071849,-2.143698,9.325086299999999,1.86501726,cv
46.1378314999165,184,0.8699999999999999,-0.01100357,-2.200714,9.5731059,1.9146211799999997,cv
46.14933399995789,184,0.8699999999999999,-0.01099648,-2.199296,9.5669376,1.9133875199999997,cv
46.16083189996425,184,0.8699999999999999,-0.01086052,-2.172104,9.448652399999999,1.8897304799999999,cv
46.1722948999377,184,0.8699999999999999,-0.01067353,-2.1347060000000004,9.285971099999998,1.8571942200000002,cv
46.18380559992511,184,0.8699999999999999,-0.0104701,-2.09402,9.108986999999999,1.8217973999999997,cv
46.19528259988874,184,0.8699999999999999,-0.01041194,-2.082388,9.058387799999998,1.8116775599999997,cv
46.20677099993918,184,0.8699999999999999,-0.010833,-2.1666,9.42471,1.8849419999999997,cv
46.218256299966015,184,0.8699999999999999,-0.01102363,-2.204726,9.590558099999999,1.9181116199999997,cv
46.22972549998667,184,0.8699999999999999,-0.01096095,-2.19219,9.536026499999998,1.9072052999999998,cv
46.24120699998457,184,0.8699999999999999,-0.01081271,-2.1625419999999997,9.4070577,1.8814115399999995,cv
46.25278479990084,184,0.8699999999999999,-0.01062108,-2.1242159999999997,9.240339599999999,1.8480679199999994,cv
46.26449380000122,184,0.8699999999999999,-0.01038364,-2.076728,9.033766799999999,1.8067533599999999,cv
46.276004799990915,184,0.8699999999999999,-0.010602,-2.1204,9.22374,1.8447479999999998,cv
46.288860099972226,185,0.8599999999999999,-0.0111507,-2.2301399999999996,9.589601999999998,1.9179203999999994,cv
46.30032359994948,185,0.8599999999999999,-0.01104224,-2.2084479999999997,9.4963264,1.8992652799999996,cv
46.312523199943826,185,0.8599999999999999,-0.01087737,-2.1754740000000004,9.3545382,1.87090764,cv
46.324208899983205,185,0.8599999999999999,-0.01054252,-2.108504,9.066567199999998,1.8133134399999997,cv
46.335676299990155,185,0.8599999999999999,-0.01067797,-2.135594,9.183054199999999,1.8366108399999999,cv
46.34715679998044,185,0.8599999999999999,-0.01108348,-2.2166959999999998,9.531792799999998,1.9063585599999995,cv
46.35863659996539,185,0.8599999999999999,-0.0111703,-2.23406,9.606457999999998,1.9212915999999998,cv
46.37013369996566,185,0.8599999999999999,-0.01106306,-2.212612,9.514231599999999,1.9028463199999996,cv
46.381986399996094,185,0.8599999999999999,-0.01089278,-2.178556,9.367790799999998,1.8735581599999998,cv
46.393492199946195,185,0.8599999999999999,-0.01063259,-2.126518,9.144027399999999,1.8288054799999998,cv
46.404958199942484,185,0.8599999999999999,-0.01053786,-2.1075720000000002,9.062559599999998,1.81251192,cv
46.41632919991389,185,0.8599999999999999,-0.01089249,-2.178498,9.367541399999999,1.8735082799999996,cv
46.427803999977186,185,0.8599999999999999,-0.01115464,-2.230928,9.5929904,1.9185980799999998,cv
46.43927309999708,185,0.8599999999999999,-0.01112546,-2.225092,9.5678956,1.9135791199999999,cv
46.45073239994235,185,0.8599999999999999,-0.01098589,-2.197178,9.447865399999998,1.8895730799999997,cv
46.46220729989,185,0.8599999999999999,-0.0108105,-2.1621,9.29703,1.859406,cv
46.47367679991294,185,0.8599999999999999,-0.01060487,-2.120974,9.1201882,1.8240376399999996,cv
46.485025299945846,185,0.8599999999999999,-0.01055421,-2.110842,9.076620599999998,1.8153241199999997,cv
46.496579699916765,185,0.8599999999999999,-0.01095563,-2.1911259999999997,9.4218418,1.8843683599999994,cv
46.50800959998742,185,0.8599999999999999,-0.01116518,-2.233036,9.6020548,1.9204109599999994,cv
46.51947899989318,185,0.8599999999999999,-0.01111254,-2.2225080000000004,9.5567844,1.91135688,cv
46.53223159990739,186,0.8499999999999999,-0.0109275,-2.1855,9.288374999999998,1.857675,cv
46.54366429988295,186,0.8499999999999999,-0.01071536,-2.143072,9.108055999999998,1.8216111999999998,cv
46.55514859990217,186,0.8499999999999999,-0.01070262,-2.140524,9.097226999999998,1.8194453999999998,cv
46.56660149991512,186,0.8499999999999999,-0.01112742,-2.2254840000000002,9.458307,1.8916613999999998,cv
46.578061799984425,186,0.8499999999999999,-0.01130138,-2.260276,9.606172999999998,1.9212345999999998,cv
46.58947549993172,186,0.8499999999999999,-0.01123503,-2.247006,9.549775499999997,1.9099550999999995,cv
46.60092589992564,186,0.8499999999999999,-0.01109215,-2.21843,9.428327499999998,1.8856654999999998,cv
46.612398399971426,186,0.8499999999999999,-0.01090383,-2.1807659999999998,9.268255499999997,1.8536510999999996,cv
46.62389449996408,186,0.8499999999999999,-0.01068517,-2.1370340000000003,9.082394499999998,1.8164789,cv
46.635376299964264,186,0.8499999999999999,-0.01077212,-2.1544239999999997,9.156301999999998,1.8312603999999995,cv
46.64684769988526,186,0.8499999999999999,-0.0111856,-2.23712,9.50776,1.9015519999999997,cv
46.658307799953036,186,0.8499999999999999,-0.01129754,-2.259508,9.602908999999999,1.9205817999999997,cv
46.66973599989433,186,0.8499999999999999,-0.01120299,-2.240598,9.522541499999999,1.9045082999999996,cv
46.68119879998267,186,0.8499999999999999,-0.01105178,-2.210356,9.394013,1.8788025999999998,cv
46.69266639999114,186,0.8499999999999999,-0.01085532,-2.1710640000000003,9.227021999999998,1.8454044,cv
46.704176699975505,186,0.8499999999999999,-0.0106461,-2.12922,9.049185,1.809837,cv
46.71565309993457,186,0.8499999999999999,-0.0108626,-2.17252,9.233209999999998,1.8466419999999997,cv
46.72712169995066,186,0.8499999999999999,-0.01124095,-2.24819,9.554807499999999,1.9109614999999998,cv
46.738598199910484,186,0.8499999999999999,-0.0112848,-2.25696,9.592079999999997,1.9184159999999997,cv
46.75007969990838,186,0.8499999999999999,-0.01117088,-2.2341759999999997,9.495247999999998,1.8990495999999994,cv
46.76171099988278,186,0.8499999999999999,-0.01099814,-2.1996279999999997,9.348418999999998,1.8696837999999993,cv
46.77467259997502,187,0.8599999999999999,-0.01054199,-2.108398,9.066111399999999,1.81322228,cv
46.78610429994296,187,0.8599999999999999,-0.01090255,-2.18051,9.376192999999999,1.8752385999999996,cv
46.79751889989711,187,0.8599999999999999,-0.01115954,-2.2319080000000002,9.5972044,1.91944088,cv
46.808922899886966,187,0.8599999999999999,-0.01113494,-2.226988,9.5760484,1.9152096799999998,cv
46.82036509993486,187,0.8599999999999999,-0.01100265,-2.2005299999999997,9.462278999999999,1.8924557999999994,cv
46.831815899931826,187,0.8599999999999999,-0.01082567,-2.165134,9.3100762,1.8620152399999998,cv
46.84330409998074,187,0.8599999999999999,-0.01062618,-2.125236,9.1385148,1.8277029599999999,cv
46.85471389989834,187,0.8599999999999999,-0.01055053,-2.110106,9.0734558,1.8146911599999997,cv
46.86615439993329,187,0.8599999999999999,-0.01093256,-2.1865119999999996,9.402001599999998,1.8804003199999995,cv
46.87763019988779,187,0.8599999999999999,-0.01116733,-2.233466,9.6039038,1.9207807599999998,cv
46.88912959990557,187,0.8599999999999999,-0.01111871,-2.223742,9.562090599999998,1.9124181199999999,cv
46.900597099913284,187,0.8599999999999999,-0.01097077,-2.194154,9.434862199999998,1.8869724399999999,cv
46.91204989992548,187,0.8599999999999999,-0.01078891,-2.157782,9.2784626,1.8556925199999998,cv
46.923527799895965,187,0.8599999999999999,-0.0105845,-2.1169000000000002,9.102669999999998,1.8205339999999999,cv
46.93500529997982,187,0.8599999999999999,-0.01059757,-2.119514,9.1139102,1.8227820399999999,cv
46.94647869991604,187,0.8599999999999999,-0.01102288,-2.2045760000000003,9.4796768,1.89593536,cv
46.95795919990633,187,0.8599999999999999,-0.01116611,-2.233222,9.602854599999999,1.9205709199999998,cv
46.96943749987986,187,0.8599999999999999,-0.01108365,-2.21673,9.531939,1.9063877999999999,cv
46.98090319999028,187,0.8599999999999999,-0.01092936,-2.1858720000000003,9.3992496,1.8798499199999998,cv
46.99246789992321,187,0.8599999999999999,-0.0107367,-2.1473400000000002,9.233562,1.8467124,cv
47.00402469991241,187,0.8599999999999999,-0.01051996,-2.103992,9.0471656,1.8094331199999996,cv
47.016903699957766,188,0.8499999999999999,-0.01122939,-2.2458780000000003,9.544981499999999,1.9089962999999999,cv
47.02836919995025,188,0.8499999999999999,-0.01127632,-2.255264,9.584871999999997,1.9169743999999997,cv
47.039770699921064,188,0.8499999999999999,-0.01117163,-2.2343260000000003,9.495885499999998,1.8991771,cv
47.05120399990119,188,0.8499999999999999,-0.01100811,-2.201622,9.356893499999998,1.8713786999999997,cv
47.06267909996677,188,0.8499999999999999,-0.01081747,-2.1634939999999996,9.194849499999998,1.8389698999999993,cv
47.07416939991526,188,0.8499999999999999,-0.01063597,-2.1271940000000003,9.040574499999998,1.8081148999999999,cv
47.08560029999353,188,0.8499999999999999,-0.01093477,-2.186954,9.294554499999998,1.8589108999999997,cv
47.097023799899034,188,0.8499999999999999,-0.01125712,-2.251424,9.568551999999999,1.9137103999999998,cv
47.10846209991723,188,0.8499999999999999,-0.01127264,-2.254528,9.581744,1.9163487999999997,cv
47.11990439996589,188,0.8499999999999999,-0.0111582,-2.23164,9.484469999999998,1.8968939999999999,cv
47.131373599986546,188,0.8499999999999999,-0.01098832,-2.197664,9.340071999999997,1.8680143999999999,cv
47.14282489998732,188,0.8499999999999999,-0.01078503,-2.157006,9.167275499999999,1.8334550999999997,cv
47.154298799927346,188,0.8499999999999999,-0.01064452,-2.128904,9.047842,1.8095683999999996,cv
47.16573999996763,188,0.8499999999999999,-0.01099919,-2.199838,9.349311499999999,1.8698622999999999,cv
47.17720839998219,188,0.8499999999999999,-0.01127275,-2.25455,9.581837499999999,1.9163674999999998,cv
47.18863849993795,188,0.8499999999999999,-0.0112573,-2.25146,9.568704999999998,1.9137409999999995,cv
47.20003899990115,188,0.8499999999999999,-0.01113247,-2.2264939999999998,9.462599499999998,1.8925198999999995,cv
47.21149869996589,188,0.8499999999999999,-0.010966,-2.1932,9.3211,1.8642199999999998,cv
47.22306099999696,188,0.8499999999999999,-0.01075832,-2.151664,9.144571999999998,1.8289143999999995,cv
47.23468679992948,188,0.8499999999999999,-0.01068835,-2.13767,9.085097499999998,1.8170194999999998,cv
47.246211499907076,188,0.8499999999999999,-0.01111737,-2.223474,9.449764499999997,1.8899528999999997,cv
47.259198599960655,189,0.8399999999999999,-0.01132517,-2.265034,9.513142799999999,1.9026285599999997,cv
47.270656299893744,189,0.8399999999999999,-0.01116883,-2.233766,9.381817199999999,1.8763634399999998,cv
47.28213529998902,189,0.8399999999999999,-0.01098229,-2.1964580000000002,9.2251236,1.8450247199999998,cv
47.29359999997541,189,0.8399999999999999,-0.0107605,-2.1521,9.038819999999998,1.8077639999999997,cv
47.305096499971114,189,0.8399999999999999,-0.01090173,-2.180346,9.157453199999999,1.8314906399999997,cv
47.316567799891345,189,0.8399999999999999,-0.01131131,-2.262262,9.501500399999998,1.9003000799999998,cv
47.328048900002614,189,0.8399999999999999,-0.01138972,-2.277944,9.567364799999998,1.9134729599999998,cv
47.33950729994103,189,0.8399999999999999,-0.01128406,-2.256812,9.478610399999999,1.8957220799999996,cv
47.350958099938,189,0.8399999999999999,-0.01112557,-2.225114,9.345478799999997,1.8690957599999998,cv
47.36239319993183,189,0.8399999999999999,-0.01093196,-2.186392,9.182846399999999,1.8365692799999997,cv
47.373813599930145,189,0.8399999999999999,-0.01074413,-2.148826,9.025069199999997,1.8050138399999998,cv
47.38516720000189,189,0.8399999999999999,-0.01096815,-2.1936299999999997,9.213245999999998,1.8426491999999994,cv
47.39657429989893,189,0.8399999999999999,-0.01132843,-2.265686,9.515881199999999,1.9031762399999999,cv
47.408032099949196,189,0.8399999999999999,-0.01139118,-2.278236,9.568591199999998,1.91371824,cv
47.41951469995547,189,0.8399999999999999,-0.0112808,-2.2561600000000004,9.475871999999997,1.8951744,cv
47.43100089998916,189,0.8399999999999999,-0.01110836,-2.221672,9.331022399999998,1.8662044799999995,cv
47.44246489997022,189,0.8399999999999999,-0.01091534,-2.183068,9.1688856,1.8337771199999997,cv
47.45393829990644,189,0.8399999999999999,-0.01073739,-2.147478,9.019407599999997,1.8038815199999998,cv
47.46554419992026,189,0.8399999999999999,-0.0110426,-2.20852,9.275783999999998,1.8551567999999998,cv
47.47716619994026,189,0.8399999999999999,-0.01137995,-2.2759899999999997,9.559157999999998,1.9118315999999995,cv
47.488694199942984,189,0.8399999999999999,-0.01134755,-2.26951,9.531941999999997,1.9063883999999995,cv
47.50156129989773,190,0.8499999999999999,-0.01091051,-2.182102,9.273933499999998,1.8547866999999998,cv
47.51309769996442,190,0.8499999999999999,-0.01071209,-2.142418,9.105276499999999,1.8210552999999998,cv
47.52514579996932,190,0.8499999999999999,-0.01086202,-2.172404,9.232716999999997,1.8465433999999996,cv
47.53662489994895,190,0.8499999999999999,-0.0112281,-2.2456199999999997,9.543884999999998,1.9087769999999995,cv
47.548084499896504,190,0.8499999999999999,-0.01127149,-2.254298,9.5807665,1.9161532999999997,cv
47.55955349991564,190,0.8499999999999999,-0.01115487,-2.2309740000000002,9.4816395,1.8963279,cv
47.57099489995744,190,0.8499999999999999,-0.01097645,-2.19529,9.329982499999998,1.8659964999999996,cv
47.58248189999722,190,0.8499999999999999,-0.01078511,-2.1570220000000004,9.1673435,1.8334687,cv
47.59391359996516,190,0.8499999999999999,-0.01062848,-2.125696,9.034207999999998,1.8068415999999998,cv
47.60538269998506,190,0.8499999999999999,-0.01094797,-2.189594,9.305774499999998,1.8611548999999998,cv
47.61687179992441,190,0.8499999999999999,-0.01126422,-2.252844,9.574587,1.9149173999999998,cv
47.628329499973916,190,0.8499999999999999,-0.01125049,-2.2500980000000004,9.5629165,1.9125833,cv
47.63980329991318,190,0.8499999999999999,-0.01112325,-2.2246499999999996,9.454762499999998,1.8909524999999994,cv
47.651261499966495,190,0.8499999999999999,-0.01094594,-2.189188,9.304049,1.8608097999999997,cv
47.662753199925646,190,0.8499999999999999,-0.01073697,-2.147394,9.126424499999999,1.8252848999999995,cv
47.67425409995485,190,0.8499999999999999,-0.01066853,-2.133706,9.0682505,1.8136500999999998,cv
47.68574419990182,190,0.8499999999999999,-0.01107434,-2.214868,9.413189,1.8826377999999997,cv
47.69725769991055,190,0.8499999999999999,-0.01127905,-2.25581,9.587192499999999,1.9174384999999996,cv
47.708812800003216,190,0.8499999999999999,-0.01121501,-2.2430019999999997,9.532758499999998,1.9065516999999994,cv
47.72043049999047,190,0.8499999999999999,-0.01104068,-2.208136,9.384578,1.8769155999999998,cv
47.73198709997814,190,0.8499999999999999,-0.01083241,-2.1664820000000002,9.2075485,1.8415097,cv
47.744817700004205,191,0.8599999999999999,-0.01065957,-2.131914,9.167230199999999,1.8334460399999999,cv
47.75629409996327,191,0.8599999999999999,-0.01107259,-2.214518,9.522427399999998,1.9044854799999997,cv
47.76776069996413,191,0.8599999999999999,-0.01114042,-2.228084,9.5807612,1.9161522399999997,cv
47.77922759996727,191,0.8599999999999999,-0.01103939,-2.207878,9.493875399999999,1.8987750799999998,cv
47.79071199998725,191,0.8599999999999999,-0.01086585,-2.17317,9.344631,1.8689261999999995,cv
47.802192299976014,191,0.8599999999999999,-0.01067069,-2.134138,9.1767934,1.83535868,cv
47.81366899993736,191,0.8599999999999999,-0.01048542,-2.097084,9.017461199999998,1.80349224,cv
47.82525459991302,191,0.8599999999999999,-0.01082154,-2.1643079999999997,9.306524399999999,1.8613048799999994,cv
47.836715499986894,191,0.8599999999999999,-0.0111329,-2.22658,9.574293999999998,1.9148587999999995,cv
47.84818179998547,191,0.8599999999999999,-0.01111964,-2.223928,9.562890399999999,1.9125780799999996,cv
47.85967279993929,191,0.8599999999999999,-0.01098856,-2.197712,9.450161599999998,1.8900323199999998,cv
47.87113079999108,191,0.8599999999999999,-0.0108105,-2.1621,9.29703,1.859406,cv
47.88259499997366,191,0.8599999999999999,-0.01060911,-2.121822,9.123834599999999,1.8247669199999996,cv
47.89406789990608,191,0.8599999999999999,-0.01052139,-2.104278,9.048395399999999,1.8096790799999996,cv
47.90549039992038,191,0.8599999999999999,-0.01092865,-2.18573,9.398639,1.8797277999999997,cv
47.91695019998588,191,0.8599999999999999,-0.01114453,-2.228906,9.584295799999998,1.9168591599999996,cv
47.928370099980384,191,0.8599999999999999,-0.01110039,-2.220078,9.546335399999998,1.9092670799999998,cv
47.93977109994739,191,0.8599999999999999,-0.01096447,-2.192894,9.429444199999999,1.8858888399999996,cv
47.95122499996796,191,0.8599999999999999,-0.01078839,-2.1576779999999998,9.2780154,1.8556030799999996,cv
47.96278149995487,191,0.8599999999999999,-0.0105863,-2.11726,9.104218,1.8208435999999997,cv
47.97424859995954,191,0.8599999999999999,-0.0105692,-2.11384,9.089512,1.8179024,cv
47.98716089990921,192,0.8499999999999999,-0.01127702,-2.255404,9.585466999999998,1.9170933999999997,cv
47.99864109989721,192,0.8499999999999999,-0.0112049,-2.24098,9.524165,1.9048329999999998,cv
48.01011709996965,192,0.8499999999999999,-0.01105341,-2.210682,9.395398499999999,1.8790796999999995,cv
48.021550399949774,192,0.8499999999999999,-0.01086266,-2.172532,9.233260999999997,1.8466521999999996,cv
48.03297479997855,192,0.8499999999999999,-0.0106527,-2.13054,9.054794999999997,1.8109589999999995,cv
48.04438979993574,192,0.8499999999999999,-0.01075124,-2.1502480000000004,9.138554,1.8277108,cv
48.05574229999911,192,0.8499999999999999,-0.01115104,-2.230208,9.478383999999998,1.8956768,cv
48.067154499934986,192,0.8499999999999999,-0.01127957,-2.2559139999999998,9.587634499999997,1.9175268999999995,cv
48.07856699998956,192,0.8499999999999999,-0.01120601,-2.2412020000000004,9.525108499999998,1.9050217,cv
48.09000269998796,192,0.8499999999999999,-0.01105202,-2.2104039999999996,9.394216999999998,1.8788433999999994,cv
48.10145519999787,192,0.8499999999999999,-0.01087015,-2.17403,9.239627499999997,1.8479254999999999,cv
48.11286429991014,192,0.8499999999999999,-0.01066759,-2.1335179999999996,9.067451499999999,1.8134902999999993,cv
48.12434419989586,192,0.8499999999999999,-0.01074321,-2.1486419999999997,9.131728499999998,1.8263456999999994,cv
48.13574589998461,192,0.8499999999999999,-0.01115648,-2.231296,9.483007999999998,1.8966015999999997,cv
48.14717569993809,192,0.8499999999999999,-0.01127643,-2.2552860000000003,9.5849655,1.9169931,cv
48.158628599951044,192,0.8499999999999999,-0.01119763,-2.239526,9.5179855,1.9035970999999998,cv
48.17005659989081,192,0.8499999999999999,-0.01104515,-2.20903,9.388377499999997,1.8776754999999996,cv
48.181499899947084,192,0.8499999999999999,-0.01085713,-2.171426,9.228560499999999,1.8457120999999996,cv
48.19308439991437,192,0.8499999999999999,-0.01064829,-2.129658,9.051046499999998,1.8102092999999997,cv
48.204748199903406,192,0.8499999999999999,-0.01083357,-2.166714,9.208534499999999,1.8417068999999995,cv
48.21621849993244,192,0.8499999999999999,-0.011233,-2.2466,9.548049999999998,1.9096099999999996,cv
48.229040999896824,193,0.8399999999999999,-0.01126405,-2.2528099999999998,9.461801999999999,1.8923603999999994,cv
48.240511999931186,193,0.8399999999999999,-0.01109789,-2.219578,9.322227599999998,1.8644455199999996,cv
48.2519538999768,193,0.8399999999999999,-0.0109004,-2.18008,9.156335999999998,1.8312671999999994,cv
48.26339370000642,193,0.8399999999999999,-0.01073303,-2.146606,9.015745199999998,1.8031490399999994,cv
48.27481709991116,193,0.8399999999999999,-0.01102927,-2.205854,9.264586799999998,1.8529173599999997,cv
48.28626500000246,193,0.8399999999999999,-0.01135883,-2.2717660000000004,9.5414172,1.90828344,cv
48.297665899968706,193,0.8399999999999999,-0.01137288,-2.274576,9.5532192,1.9106438399999999,cv
48.30945879989304,193,0.8399999999999999,-0.01121734,-2.243468,9.422565599999999,1.8845131199999996,cv
48.32088609994389,193,0.8399999999999999,-0.01104114,-2.208228,9.274557599999998,1.8549115199999997,cv
48.33232419996057,193,0.8399999999999999,-0.01084061,-2.168122,9.106112399999999,1.8212224799999996,cv
48.343761799973436,193,0.8399999999999999,-0.01077654,-2.155308,9.052293599999999,1.8104587199999995,cv
48.355172799900174,193,0.8399999999999999,-0.01117705,-2.23541,9.388721999999998,1.8777443999999996,cv
48.3665900999913,193,0.8399999999999999,-0.0113904,-2.27808,9.567936,1.9135871999999998,cv
48.37797839997802,193,0.8399999999999999,-0.0113508,-2.2701599999999997,9.534671999999997,1.9069343999999995,cv
48.38937899994198,193,0.8399999999999999,-0.01121414,-2.242828,9.419877599999998,1.8839755199999995,cv
48.400803399970755,193,0.8399999999999999,-0.01104294,-2.2085879999999998,9.276069599999998,1.8552139199999995,cv
48.41223939997144,193,0.8399999999999999,-0.01084085,-2.1681700000000004,9.106314,1.8212628,cv
48.423698099912144,193,0.8399999999999999,-0.01076925,-2.15385,9.046169999999998,1.8092339999999996,cv
48.43525729991961,193,0.8399999999999999,-0.01117814,-2.2356279999999997,9.389637599999999,1.8779275199999994,cv
48.4468161999248,193,0.8399999999999999,-0.01139211,-2.278422,9.569372399999999,1.9138744799999996,cv
48.45829779992346,193,0.8399999999999999,-0.0113157,-2.26314,9.505187999999997,1.9010375999999995,cv
48.471218499937095,194,0.8499999999999999,-0.01086028,-2.172056,9.231238,1.8462475999999997,cv
48.48265309992712,194,0.8499999999999999,-0.01066569,-2.1331379999999998,9.065836499999998,1.8131672999999995,cv
48.49417219997849,194,0.8499999999999999,-0.01075843,-2.1516859999999998,9.144665499999999,1.8289330999999995,cv
48.505615299916826,194,0.8499999999999999,-0.01117203,-2.234406,9.496225499999998,1.8992450999999997,cv
48.517044299980626,194,0.8499999999999999,-0.01127375,-2.2547500000000005,9.582687499999999,1.9165375,cv
48.52854959992692,194,0.8499999999999999,-0.01118101,-2.236202,9.503858499999998,1.9007716999999997,cv
48.54067949997261,194,0.8499999999999999,-0.0109351,-2.18702,9.294834999999997,1.8589669999999996,cv
48.55209189991001,194,0.8499999999999999,-0.01073106,-2.1462120000000002,9.121400999999999,1.8242802,cv
48.563479899894446,194,0.8499999999999999,-0.01064317,-2.128634,9.0466945,1.8093388999999998,cv
48.57490639993921,194,0.8499999999999999,-0.01100968,-2.2019360000000003,9.358228,1.8716456,cv
48.58634369994979,194,0.8499999999999999,-0.01126247,-2.252494,9.573099499999998,1.9146198999999997,cv
48.597750999964774,194,0.8499999999999999,-0.0112352,-2.24704,9.54992,1.909984,cv
48.609204299980775,194,0.8499999999999999,-0.0111054,-2.2210799999999997,9.439589999999997,1.8879179999999995,cv
48.62062589998823,194,0.8499999999999999,-0.01093081,-2.186162,9.291188499999999,1.8582376999999997,cv
48.63204810000025,194,0.8499999999999999,-0.01072931,-2.145862,9.1199135,1.8239827,cv
48.64350529992953,194,0.8499999999999999,-0.01065039,-2.130078,9.052831499999996,1.8105662999999999,cv
48.65494149993174,194,0.8499999999999999,-0.01104143,-2.208286,9.3852155,1.8770430999999999,cv
48.666372199892066,194,0.8499999999999999,-0.01126667,-2.2533339999999997,9.576669499999998,1.9153338999999994,cv
48.67792979988735,194,0.8499999999999999,-0.01122724,-2.245448,9.543153999999998,1.9086307999999998,cv
48.68940259993542,194,0.8499999999999999,-0.01107626,-2.215252,9.414820999999998,1.8829641999999998,cv
48.70089199999347,194,0.8499999999999999,-0.01089402,-2.1788040000000004,9.259917,1.8519834,cv
48.7137430999428,195,0.8599999999999999,-0.01056833,-2.1136660000000003,9.0887638,1.8177527599999999,cv
48.72515589999966,195,0.8599999999999999,-0.01098745,-2.1974899999999997,9.449206999999998,1.8898413999999994,cv
48.73665509989951,195,0.8599999999999999,-0.01114435,-2.22887,9.584140999999999,1.9168281999999999,cv
48.74809139990248,195,0.8599999999999999,-0.01106276,-2.2125519999999996,9.513973599999998,1.9027947199999995,cv
48.759516699938104,195,0.8599999999999999,-0.01092318,-2.184636,9.393934799999998,1.8787869599999996,cv
48.77098819997627,195,0.8599999999999999,-0.01073599,-2.1471980000000004,9.2329514,1.84659028,cv
48.78246419993229,195,0.8599999999999999,-0.01052692,-2.105384,9.0531512,1.8106302399999996,cv
48.793941199895926,195,0.8599999999999999,-0.0106199,-2.12398,9.133113999999997,1.8266227999999998,cv
48.80537139996886,195,0.8599999999999999,-0.01103887,-2.2077739999999997,9.493428199999997,1.8986856399999994,cv
48.816856499994174,195,0.8599999999999999,-0.01114047,-2.2280939999999996,9.580804199999998,1.9161608399999994,cv
48.828289399971254,195,0.8599999999999999,-0.01104614,-2.209228,9.499680399999999,1.8999360799999998,cv
48.839730899897404,195,0.8599999999999999,-0.01088679,-2.177358,9.362639399999999,1.8725278799999996,cv
48.851159299956635,195,0.8599999999999999,-0.01070469,-2.140938,9.206033399999997,1.8412066799999995,cv
48.86260029999539,195,0.8599999999999999,-0.0105003,-2.10006,9.030258,1.8060515999999998,cv
48.87405879993457,195,0.8599999999999999,-0.01067028,-2.134056,9.1764408,1.83528816,cv
48.88553619990125,195,0.8599999999999999,-0.01107074,-2.2141480000000002,9.5208364,1.90416728,cv
48.89699759997893,195,0.8599999999999999,-0.01113774,-2.227548,9.578456399999999,1.9156912799999999,cv
48.90842209989205,195,0.8599999999999999,-0.01102835,-2.20567,9.484380999999999,1.8968761999999997,cv
48.91997019993141,195,0.8599999999999999,-0.01086712,-2.173424,9.345723199999998,1.8691446399999996,cv
48.93159499997273,195,0.8599999999999999,-0.01063899,-2.127798,9.149531399999997,1.8299062799999997,cv
48.943169499980286,195,0.8599999999999999,-0.01049064,-2.098128,9.0219504,1.8043900799999997,cv
48.95609169988893,196,0.8499999999999999,-0.01125956,-2.251912,9.570625999999999,1.9141251999999995,cv
48.967556299990974,196,0.8499999999999999,-0.0112269,-2.24538,9.542864999999997,1.9085729999999996,cv
48.97901739994995,196,0.8499999999999999,-0.01108854,-2.2177079999999996,9.425258999999999,1.8850517999999994,cv
48.99045009992551,196,0.8499999999999999,-0.01091407,-2.1828139999999996,9.276959499999997,1.8553918999999994,cv
49.001900799921714,196,0.8499999999999999,-0.01071552,-2.143104,9.108191999999997,1.8216383999999999,cv
49.01340539997909,196,0.8499999999999999,-0.0106537,-2.1307400000000003,9.055645,1.811129,cv
49.02487709990237,196,0.8499999999999999,-0.01108899,-2.217798,9.425641499999998,1.8851282999999999,cv
49.03638789989054,196,0.8499999999999999,-0.01127096,-2.254192,9.580315999999998,1.9160632,cv
49.04784049990121,196,0.8499999999999999,-0.01119489,-2.2389780000000004,9.515656499999999,1.9031313,cv
49.059274899889715,196,0.8499999999999999,-0.01105323,-2.210646,9.3952455,1.8790490999999998,cv
49.07072869990952,196,0.8499999999999999,-0.01086382,-2.172764,9.234246999999998,1.8468493999999995,cv
49.082176900003105,196,0.8499999999999999,-0.01065742,-2.131484,9.058806999999998,1.8117613999999997,cv
49.0936161999125,196,0.8499999999999999,-0.01072785,-2.14557,9.118672499999999,1.8237344999999998,cv
49.105089199962094,196,0.8499999999999999,-0.01114167,-2.228334,9.470419499999998,1.8940838999999996,cv
49.11649479996413,196,0.8499999999999999,-0.01127185,-2.25437,9.5810725,1.9162145,cv
49.127934999996796,196,0.8499999999999999,-0.01118409,-2.2368180000000004,9.5064765,1.9012953000000001,cv
49.139377899933606,196,0.8499999999999999,-0.01103508,-2.207016,9.379817999999998,1.8759635999999995,cv
49.15092349995393,196,0.8499999999999999,-0.01084463,-2.168926,9.217935499999998,1.8435870999999997,cv
49.16254469996784,196,0.8499999999999999,-0.0106198,-2.12396,9.02683,1.8053659999999996,cv
49.17407729988918,196,0.8499999999999999,-0.01087405,-2.17481,9.242942499999998,1.8485884999999995,cv
49.18560509989038,196,0.8499999999999999,-0.01123426,-2.2468519999999996,9.549120999999998,1.9098241999999994,cv
49.19854469993152,197,0.8399999999999999,-0.01123652,-2.247304,9.438676799999998,1.8877353599999998,cv
49.2099912998965,197,0.8399999999999999,-0.0110626,-2.21252,9.292584,1.8585167999999996,cv
49.221407899982296,197,0.8399999999999999,-0.01086962,-2.173924,9.130480799999999,1.8260961599999996,cv
49.23287929990329,197,0.8399999999999999,-0.01073675,-2.14735,9.018869999999998,1.8037739999999995,cv
49.24434969993308,197,0.8399999999999999,-0.01110301,-2.220602,9.326528399999999,1.8653056799999996,cv
49.255812399904244,197,0.8399999999999999,-0.01137359,-2.274718,9.553815599999998,1.9107631199999997,cv
49.267268399940804,197,0.8399999999999999,-0.01134895,-2.26979,9.533117999999998,1.9066235999999996,cv
49.27870379993692,197,0.8399999999999999,-0.0112121,-2.24242,9.418163999999997,1.8836327999999998,cv
49.290153999929316,197,0.8399999999999999,-0.01103927,-2.207854,9.272986799999998,1.8545973599999999,cv
49.30162980000023,197,0.8399999999999999,-0.01083178,-2.1663559999999995,9.098695199999998,1.8197390399999993,cv
49.31310679996386,197,0.8399999999999999,-0.01076983,-2.1539659999999996,9.046657199999997,1.8093314399999993,cv
49.32455849996768,197,0.8399999999999999,-0.0111861,-2.2372199999999998,9.396323999999998,1.8792647999999994,cv
49.33602179994341,197,0.8399999999999999,-0.01138601,-2.277202,9.564248399999999,1.9128496799999997,cv
49.34746249997988,197,0.8399999999999999,-0.01133069,-2.2661379999999998,9.517779599999997,1.9035559199999994,cv
49.35885849990882,197,0.8399999999999999,-0.01119032,-2.238064,9.399868799999998,1.8799737599999997,cv
49.37025799998082,197,0.8399999999999999,-0.01101032,-2.202064,9.248668799999999,1.8497337599999997,cv
49.38170949998312,197,0.8399999999999999,-0.01081316,-2.162632,9.083054399999998,1.8166108799999996,cv
49.393130799988285,197,0.8399999999999999,-0.01079147,-2.1582939999999997,9.064834799999998,1.8129669599999994,cv
49.40459930000361,197,0.8399999999999999,-0.01120256,-2.240512,9.4101504,1.8820300799999996,cv
49.41619189991616,197,0.8399999999999999,-0.01138298,-2.276596,9.561703199999997,1.9123406399999998,cv
49.42766029993072,197,0.8399999999999999,-0.01129863,-2.259726,9.490849199999998,1.8981698399999998,cv
49.440564399934374,198,0.8499999999999999,-0.01085279,-2.1705579999999998,9.224871499999999,1.8449742999999994,cv
49.45216129999608,198,0.8499999999999999,-0.01064691,-2.129382,9.0498735,1.8099746999999997,cv
49.46361419989262,198,0.8499999999999999,-0.01079504,-2.159008,9.175784,1.8351567999999998,cv
49.47503219998907,198,0.8499999999999999,-0.01119508,-2.239016,9.515818,1.9031635999999996,cv
49.4864760999335,198,0.8499999999999999,-0.01126491,-2.252982,9.575173499999996,1.9150346999999996,cv
49.49796989990864,198,0.8499999999999999,-0.01116571,-2.233142,9.490853499999998,1.8981706999999997,cv
49.509349299944006,198,0.8499999999999999,-0.01099711,-2.1994219999999998,9.347543499999999,1.8695086999999995,cv
49.520784799940884,198,0.8499999999999999,-0.01081335,-2.16267,9.1913475,1.8382694999999996,cv
49.5321849999018,198,0.8499999999999999,-0.0106116,-2.12232,9.01986,1.803972,cv
49.54361960000824,198,0.8499999999999999,-0.0108163,-2.16326,9.193854999999997,1.838771,cv
49.55512919998728,198,0.8499999999999999,-0.01119846,-2.2396920000000002,9.518690999999999,1.9037381999999998,cv
49.566551099997014,198,0.8499999999999999,-0.01125589,-2.251178,9.567506499999999,1.9135012999999996,cv
49.577948099933565,198,0.8499999999999999,-0.0111489,-2.22978,9.476564999999997,1.8953129999999996,cv
49.58933139999863,198,0.8499999999999999,-0.01099118,-2.198236,9.342502999999999,1.8685005999999997,cv
49.60067999991588,198,0.8499999999999999,-0.01081288,-2.162576,9.190947999999999,1.8381895999999998,cv
49.61209389998112,198,0.8499999999999999,-0.0106141,-2.12282,9.021984999999997,1.8043969999999996,cv
49.62348499998916,198,0.8499999999999999,-0.01079548,-2.159096,9.176158,1.8352315999999997,cv
49.63490780000575,198,0.8499999999999999,-0.01118752,-2.237504,9.509391999999998,1.9018783999999997,cv
49.64638389996253,198,0.8499999999999999,-0.01126259,-2.252518,9.573201499999998,1.9146402999999996,cv
49.65795819996856,198,0.8499999999999999,-0.01115703,-2.2314060000000002,9.483475499999997,1.8966950999999999,cv
49.66940859996248,198,0.8499999999999999,-0.01098052,-2.196104,9.333442,1.8666883999999997,cv
49.68237140006386,199,0.8599999999999999,-0.01047877,-2.0957540000000003,9.011742199999999,1.80234844,cv
49.693906700005755,199,0.8599999999999999,-0.01080172,-2.1603440000000003,9.289479199999999,1.8578958399999999,cv
49.70532180008013,199,0.8599999999999999,-0.01110638,-2.2212760000000005,9.5514868,1.9102973600000002,cv
49.716737600043416,199,0.8599999999999999,-0.01111215,-2.22243,9.556448999999999,1.9112897999999998,cv
49.72818780003581,199,0.8599999999999999,-0.01098594,-2.1971879999999997,9.447908399999998,1.8895816799999994,cv
49.73959030001424,199,0.8599999999999999,-0.01081823,-2.163646,9.303677799999999,1.8607355599999997,cv
49.75101770006586,199,0.8599999999999999,-0.01062584,-2.1251679999999995,9.138222399999998,1.8276444799999993,cv
49.76247560000047,199,0.8599999999999999,-0.01048773,-2.0975460000000004,9.019447799999998,1.80388956,cv
49.7739405001048,199,0.8599999999999999,-0.0108509,-2.1701799999999998,9.331774,1.8663547999999996,cv
49.78535100002773,199,0.8599999999999999,-0.0111172,-2.22344,9.560792,1.9121583999999998,cv
49.79678130010143,199,0.8599999999999999,-0.01110352,-2.220704,9.5490272,1.9098054399999997,cv
49.80822840007022,199,0.8599999999999999,-0.01097484,-2.1949680000000003,9.438362399999999,1.88767248,cv
49.81964650005102,199,0.8599999999999999,-0.01080409,-2.160818,9.2915174,1.8583034799999996,cv
49.83107590000145,199,0.8599999999999999,-0.01060527,-2.121054,9.120532199999998,1.8241064399999998,cv
49.842514500021935,199,0.8599999999999999,-0.01049919,-2.099838,9.0293034,1.8058606799999999,cv
49.85398710006848,199,0.8599999999999999,-0.01087458,-2.174916,9.352138799999999,1.8704277599999999,cv
49.8654336000327,199,0.8599999999999999,-0.01112498,-2.224996,9.567482799999999,1.9134965599999998,cv
49.87688180000987,199,0.8599999999999999,-0.0110933,-2.2186600000000003,9.540237999999999,1.9080476,cv
49.88831140007824,199,0.8599999999999999,-0.0109599,-2.19198,9.425513999999998,1.8851027999999999,cv
49.89971430005971,199,0.8599999999999999,-0.01078752,-2.1575040000000003,9.277267199999997,1.85545344,cv
49.91127830010373,199,0.8599999999999999,-0.01058985,-2.11797,9.107270999999999,1.8214541999999998,cv
49.92409189988393,200,0.8499999999999999,-0.01104928,-2.209856,9.391888,1.8783775999999996,cv
49.93566479999572,200,0.8499999999999999,-0.01126219,-2.252438,9.572861499999998,1.9145723,cv
49.9471760999877,200,0.8499999999999999,-0.01119799,-2.239598,9.518291499999998,1.9036582999999996,cv
49.95864999992773,200,0.8499999999999999,-0.01104782,-2.209564,9.390646999999998,1.8781293999999995,cv
49.97004499996547,200,0.8499999999999999,-0.01086085,-2.17217,9.2317225,1.8463444999999996,cv
49.98147889995016,200,0.8499999999999999,-0.01066659,-2.133318,9.066601499999999,1.8133202999999998,cv
49.99305959988851,200,0.8499999999999999,-0.01074746,-2.149492,9.135340999999999,1.8270681999999996,cv
50.004526599892415,200,0.8499999999999999,-0.0111685,-2.2337,9.493224999999997,1.8986449999999995,cv
50.01601839996874,200,0.8499999999999999,-0.01126852,-2.253704,9.578242,1.9156483999999996,cv
50.02747579989955,200,0.8499999999999999,-0.01116932,-2.233864,9.493921999999998,1.8987843999999998,cv
50.03893449995667,200,0.8499999999999999,-0.01100954,-2.201908,9.358108999999999,1.8716217999999998,cv
50.050357199972495,200,0.8499999999999999,-0.01081765,-2.16353,9.1950025,1.8390004999999998,cv
50.0617959999945,200,0.8499999999999999,-0.01061625,-2.12325,9.023812499999998,1.8047624999999998,cv
50.07328059989959,200,0.8499999999999999,-0.01081875,-2.16375,9.1959375,1.8391874999999995,cv
50.084714499884285,200,0.8499999999999999,-0.01120687,-2.241374,9.5258395,1.9051678999999997,cv
50.09615409991238,200,0.8499999999999999,-0.01125776,-2.251552,9.569095999999998,1.9138191999999998,cv
50.10759379994124,200,0.8499999999999999,-0.011149,-2.2298,9.476649999999998,1.8953299999999997,cv
50.11906189995352,200,0.8499999999999999,-0.01098593,-2.197186,9.338040499999998,1.8676080999999995,cv
50.13061889994424,200,0.8499999999999999,-0.01078648,-2.1572959999999997,9.168508,1.8337015999999995,cv
50.1421286999248,200,0.8499999999999999,-0.01060967,-2.121934,9.018219499999999,1.8036438999999997,cv
50.15364649996627,200,0.8499999999999999,-0.01096483,-2.1929659999999997,9.320105499999999,1.8640210999999995,cv
50.16662139992695,201,0.8399999999999999,-0.01134673,-2.2693459999999996,9.531253199999997,1.9062506399999994,cv
50.17835289996583,201,0.8399999999999999,-0.01119804,-2.2396079999999996,9.4063536,1.8812707199999994,cv
50.189889999921434,201,0.8399999999999999,-0.01096721,-2.193442,9.212456399999997,1.8424912799999997,cv
50.20128169993404,201,0.8399999999999999,-0.01076471,-2.1529420000000004,9.042356399999997,1.80847128,cv
50.21266889991239,201,0.8399999999999999,-0.01080467,-2.160934,9.075922799999999,1.8151845599999998,cv
50.224086699890904,201,0.8399999999999999,-0.01123165,-2.24633,9.434585999999998,1.8869171999999996,cv
50.235466399928555,201,0.8399999999999999,-0.01138145,-2.27629,9.560417999999997,1.9120835999999997,cv
50.246828499948606,201,0.8399999999999999,-0.01131656,-2.263312,9.505910399999998,1.9011820799999997,cv
50.258277499931864,201,0.8399999999999999,-0.01117011,-2.2340220000000004,9.3828924,1.87657848,cv
50.26971949997824,201,0.8399999999999999,-0.01098706,-2.197412,9.229130399999999,1.8458260799999997,cv
50.28110129991546,201,0.8399999999999999,-0.01078362,-2.156724,9.058240799999998,1.8116481599999998,cv
50.2925055999076,201,0.8399999999999999,-0.01078495,-2.15699,9.059357999999998,1.8118715999999997,cv
50.3039627999533,201,0.8399999999999999,-0.01121036,-2.2420720000000003,9.416702399999998,1.88334048,cv
50.31537319999188,201,0.8399999999999999,-0.01138069,-2.2761380000000004,9.559779599999999,1.91195592,cv
50.32679389999248,201,0.8399999999999999,-0.01131433,-2.262866,9.504037199999997,1.9008074399999995,cv
50.3382478998974,201,0.8399999999999999,-0.01117028,-2.234056,9.383035199999997,1.8766070399999994,cv
50.34963179996703,201,0.8399999999999999,-0.01099064,-2.1981279999999996,9.232137599999998,1.8464275199999993,cv
50.36105459998362,201,0.8399999999999999,-0.01079624,-2.1592480000000003,9.068841599999999,1.8137683199999999,cv
50.37259489996359,201,0.8399999999999999,-0.01079716,-2.159432,9.069614399999999,1.8139228799999996,cv
50.38407319993712,201,0.8399999999999999,-0.01124131,-2.2482619999999995,9.442700399999998,1.8885400799999994,cv
50.395513399969786,201,0.8399999999999999,-0.01137789,-2.2755780000000003,9.557427599999999,1.91148552,cv
50.40842769993469,202,0.8499999999999999,-0.01103421,-2.206842,9.379078499999997,1.8758156999999998,cv
50.41990519990213,202,0.8499999999999999,-0.01083404,-2.166808,9.208934,1.8417867999999997,cv
50.43142649997026,202,0.8499999999999999,-0.01062251,-2.124502,9.029133499999999,1.8058267,cv
50.44284109992441,202,0.8499999999999999,-0.01078921,-2.157842,9.170828499999999,1.8341656999999998,cv
50.45445359998848,202,0.8499999999999999,-0.01118302,-2.2366040000000003,9.505566999999997,1.9011133999999998,cv
50.46588949998841,202,0.8499999999999999,-0.0112474,-2.2494799999999997,9.560289999999997,1.9120579999999994,cv
50.47728989995085,202,0.8499999999999999,-0.01114314,-2.2286279999999996,9.471668999999999,1.8943337999999994,cv
50.48870819993317,202,0.8499999999999999,-0.01098564,-2.197128,9.337793999999999,1.8675587999999999,cv
50.50015449989587,202,0.8499999999999999,-0.0107899,-2.15798,9.171414999999998,1.8342829999999994,cv
50.51146999991033,202,0.8499999999999999,-0.01060736,-2.121472,9.016255999999998,1.8032511999999996,cv
50.52283739997074,202,0.8499999999999999,-0.01080734,-2.161468,9.186238999999999,1.8372477999999999,cv
50.53430089994799,202,0.8499999999999999,-0.01119409,-2.238818,9.5149765,1.9029953,cv
50.5457559999777,202,0.8499999999999999,-0.01125822,-2.2516439999999998,9.569486999999999,1.9138973999999995,cv
50.55719419999514,202,0.8499999999999999,-0.01114918,-2.2298359999999997,9.476802999999999,1.8953605999999994,cv
50.5693525999086,202,0.8499999999999999,-0.01099135,-2.19827,9.342647499999998,1.8685294999999997,cv
50.58117919997312,202,0.8499999999999999,-0.01063403,-2.1268059999999998,9.038925499999998,1.8077850999999996,cv
50.59257069998421,202,0.8499999999999999,-0.01073931,-2.147862,9.128413499999999,1.8256826999999998,cv
50.603995099896565,202,0.8499999999999999,-0.01115472,-2.230944,9.481511999999999,1.8963023999999997,cv
50.61554759996943,202,0.8499999999999999,-0.01126631,-2.2532620000000003,9.5763635,1.9152727,cv
50.62703679990955,202,0.8499999999999999,-0.01115913,-2.231826,9.485260499999999,1.8970520999999996,cv
50.63853849994484,202,0.8499999999999999,-0.0110007,-2.20014,9.350595,1.8701189999999999,cv
50.6515253999969,203,0.8599999999999999,-0.01047766,-2.095532,9.010787599999999,1.8021575199999997,cv
50.662998399930075,203,0.8599999999999999,-0.01073965,-2.1479299999999997,9.236099,1.8472197999999995,cv
50.67447609989904,203,0.8599999999999999,-0.01110389,-2.220778,9.5493454,1.9098690799999998,cv
50.68590749998111,203,0.8599999999999999,-0.01111602,-2.223204,9.5597772,1.9119554399999996,cv
50.697374399984255,203,0.8599999999999999,-0.01099478,-2.198956,9.455510799999997,1.8911021599999998,cv
50.708826999994926,203,0.8599999999999999,-0.01081904,-2.1638080000000004,9.304374399999999,1.8608748800000001,cv
50.72029479988851,203,0.8599999999999999,-0.01062271,-2.124542,9.1355306,1.8271061199999996,cv
50.73170219990425,203,0.8599999999999999,-0.01048487,-2.0969740000000003,9.0169882,1.80339764,cv
50.743178399978206,203,0.8599999999999999,-0.01081608,-2.1632160000000002,9.3018288,1.8603657599999999,cv
50.75465759995859,203,0.8599999999999999,-0.01112087,-2.224174,9.563948199999999,1.9127896399999997,cv
50.76614639989566,203,0.8599999999999999,-0.01109627,-2.2192540000000003,9.5427922,1.90855844,cv
50.777603299939074,203,0.8599999999999999,-0.01096211,-2.192422,9.427414599999999,1.8854829199999998,cv
50.78904009994585,203,0.8599999999999999,-0.01078124,-2.1562479999999997,9.271866399999999,1.8543732799999995,cv
50.800486099906266,203,0.8599999999999999,-0.01058403,-2.116806,9.102265799999998,1.8204531599999998,cv
50.81191549997311,203,0.8599999999999999,-0.0105093,-2.10186,9.037997999999998,1.8075995999999996,cv
50.82338059996255,203,0.8599999999999999,-0.01090802,-2.1816039999999997,9.380897199999998,1.8761794399999994,cv
50.83493099990301,203,0.8599999999999999,-0.01113371,-2.226742,9.574990599999998,1.91499812,cv
50.84634389996063,203,0.8599999999999999,-0.01107294,-2.214588,9.522728399999998,1.9045456799999998,cv
50.85787879989948,203,0.8599999999999999,-0.0109285,-2.1857,9.398509999999998,1.879702,cv
50.869452599901706,203,0.8599999999999999,-0.01074313,-2.148626,9.239091799999999,1.8478183599999998,cv
50.881030799937434,203,0.8599999999999999,-0.01049697,-2.0993939999999998,9.027394199999998,1.8054788399999995,cv
50.8940635001054,204,0.8499999999999999,-0.01119396,-2.2387919999999997,9.514865999999998,1.9029731999999995,cv
50.90552470006514,204,0.8499999999999999,-0.01124947,-2.249894,9.562049499999997,1.9124098999999997,cv
50.916984700015746,204,0.8499999999999999,-0.01113494,-2.226988,9.464698999999998,1.8929397999999997,cv
50.92842340003699,204,0.8499999999999999,-0.01097066,-2.194132,9.325061,1.8650121999999998,cv
50.93986730009783,204,0.8499999999999999,-0.01078461,-2.1569220000000002,9.1669185,1.8333837,cv
50.951357100042515,204,0.8499999999999999,-0.01059502,-2.119004,9.005766999999999,1.8011533999999996,cv
50.96279660006985,204,0.8499999999999999,-0.01088256,-2.176512,9.250176,1.8500351999999995,cv
50.97427310002968,204,0.8499999999999999,-0.01122991,-2.2459819999999997,9.545423499999997,1.9090846999999995,cv
50.98564660002012,204,0.8499999999999999,-0.01123917,-2.247834,9.553294499999998,1.9106588999999998,cv
50.9970433000708,204,0.8499999999999999,-0.01112407,-2.224814,9.4554595,1.8910918999999995,cv
51.00844790006522,204,0.8499999999999999,-0.01095081,-2.190162,9.308188499999998,1.8616376999999997,cv
51.01983290002681,204,0.8499999999999999,-0.01076764,-2.153528,9.152493999999999,1.8304987999999998,cv
51.031234400114045,204,0.8499999999999999,-0.01059327,-2.1186540000000003,9.004279499999999,1.8008559,cv
51.042686200118624,204,0.8499999999999999,-0.01086549,-2.173098,9.235666499999999,1.8471332999999996,cv
51.05413970001973,204,0.8499999999999999,-0.01122287,-2.2445739999999996,9.539439499999999,1.9078878999999993,cv
51.06552050006576,204,0.8499999999999999,-0.01123791,-2.247582,9.552223499999998,1.9104446999999998,cv
51.07692600006703,204,0.8499999999999999,-0.01113103,-2.2262060000000004,9.461375499999999,1.8922751,cv
51.088373100035824,204,0.8499999999999999,-0.01096104,-2.192208,9.316884,1.8633767999999997,cv
51.09982350002974,204,0.8499999999999999,-0.01076659,-2.1533179999999996,9.151601499999998,1.8303202999999995,cv
51.11140040005557,204,0.8499999999999999,-0.01059776,-2.1195519999999997,9.008095999999998,1.8016191999999995,cv
51.12284020008519,204,0.8499999999999999,-0.01095549,-2.1910979999999998,9.312166499999998,1.8624332999999995,cv
51.135772999958135,205,0.8399999999999999,-0.01133958,-2.267916,9.525247199999997,1.9050494399999998,cv
51.14727199997287,205,0.8399999999999999,-0.01120169,-2.2403380000000004,9.409419599999998,1.88188392,cv
51.1587352999486,205,0.8399999999999999,-0.01102525,-2.20505,9.261209999999998,1.8522419999999997,cv
51.1701370999217,205,0.8399999999999999,-0.01082351,-2.1647019999999997,9.091748399999998,1.8183496799999994,cv
51.18156649998855,205,0.8399999999999999,-0.0107443,-2.14886,9.025211999999998,1.8050423999999996,cv
51.19302979996428,205,0.8399999999999999,-0.01113552,-2.2271039999999998,9.353836799999998,1.8707673599999994,cv
51.20444359991234,205,0.8399999999999999,-0.0113661,-2.2732200000000002,9.547523999999997,1.9095048,cv
51.21585519996006,205,0.8399999999999999,-0.01132654,-2.265308,9.514293599999998,1.9028587199999998,cv
51.22730069991667,205,0.8399999999999999,-0.01118589,-2.237178,9.396147599999997,1.8792295199999998,cv
51.23872589995153,205,0.8399999999999999,-0.01101532,-2.2030640000000004,9.2528688,1.85057376,cv
51.250118599971756,205,0.8399999999999999,-0.01081375,-2.16275,9.083549999999999,1.8167099999999996,cv
51.26185149990488,205,0.8399999999999999,-0.01074128,-2.1482560000000004,9.022675199999998,1.80453504,cv
51.27323529997375,205,0.8399999999999999,-0.01120715,-2.2414300000000003,9.414005999999999,1.8828011999999998,cv
51.2846366999438,205,0.8399999999999999,-0.01136999,-2.2739979999999997,9.550791599999998,1.9101583199999994,cv
51.29605909995735,205,0.8399999999999999,-0.01129986,-2.2599720000000003,9.491882399999998,1.89837648,cv
51.307486399891786,205,0.8399999999999999,-0.01116035,-2.2320699999999998,9.374693999999998,1.8749387999999996,cv
51.31897289992776,205,0.8399999999999999,-0.01097549,-2.1950979999999998,9.219411599999997,1.8438823199999994,cv
51.33043549989816,205,0.8399999999999999,-0.01074955,-2.1499099999999998,9.029622,1.8059243999999994,cv
51.34188099997118,205,0.8399999999999999,-0.01081096,-2.162192,9.081206399999997,1.8162412799999998,cv
51.35354169993661,205,0.8399999999999999,-0.01123757,-2.247514,9.439558799999999,1.8879117599999995,cv
51.36517589993309,205,0.8399999999999999,-0.01135627,-2.271254,9.539266799999998,1.9078533599999996,cv
51.37806049990468,206,0.8499999999999999,-0.01096344,-2.192688,9.318923999999997,1.8637847999999997,cv
51.38954899995588,206,0.8499999999999999,-0.01076368,-2.152736,9.149127999999997,1.8298255999999997,cv
51.40101019991562,206,0.8499999999999999,-0.01058607,-2.1172139999999997,8.998159499999998,1.7996318999999994,cv
51.41247719991952,206,0.8499999999999999,-0.01089079,-2.178158,9.257171499999998,1.8514342999999995,cv
51.42396689997986,206,0.8499999999999999,-0.0112185,-2.2436999999999996,9.535724999999998,1.9071449999999994,cv
51.43540029996075,206,0.8499999999999999,-0.0112241,-2.24482,9.540485,1.9080969999999995,cv
51.446876799920574,206,0.8499999999999999,-0.01109754,-2.219508,9.432908999999999,1.8865817999999996,cv
51.45833689998835,206,0.8499999999999999,-0.01092267,-2.184534,9.284269499999999,1.8568539,cv
51.47010449995287,206,0.8499999999999999,-0.01071843,-2.1436859999999998,9.110665499999998,1.8221330999999996,cv
51.4815382999368,206,0.8499999999999999,-0.01064941,-2.129882,9.051998499999998,1.8103996999999996,cv
51.49295849993359,206,0.8499999999999999,-0.01106834,-2.2136679999999997,9.408088999999999,1.8816177999999995,cv
51.50441289995797,206,0.8499999999999999,-0.0112481,-2.24962,9.560884999999999,1.9121769999999998,cv
51.51584629993886,206,0.8499999999999999,-0.01118746,-2.237492,9.509340999999997,1.9018681999999998,cv
51.52727809990756,206,0.8499999999999999,-0.01103922,-2.207844,9.383337,1.8766673999999999,cv
51.538720199954696,206,0.8499999999999999,-0.01086241,-2.1724819999999996,9.233048499999999,1.8466096999999992,cv
51.5501452999888,206,0.8499999999999999,-0.01065695,-2.13139,9.0584075,1.8116814999999997,cv
51.56157479993999,206,0.8499999999999999,-0.01066907,-2.133814,9.068709499999997,1.8137419,cv
51.57299839996267,206,0.8499999999999999,-0.01108848,-2.2176959999999997,9.425207999999998,1.8850415999999994,cv
51.5845982999308,206,0.8499999999999999,-0.01124659,-2.249318,9.5596015,1.9119202999999998,cv
51.59619989991188,206,0.8499999999999999,-0.01115617,-2.2312339999999997,9.482744499999999,1.8965488999999995,cv
51.60768759995699,206,0.8499999999999999,-0.01099163,-2.1983260000000002,9.342885499999998,1.8685771,cv
51.62063489994034,207,0.8599999999999999,-0.01046127,-2.092254,8.996692199999998,1.7993384399999999,cv
51.632107999990694,207,0.8599999999999999,-0.01068203,-2.136406,9.1865458,1.8373091599999998,cv
51.64363299997058,207,0.8599999999999999,-0.01106626,-2.2132519999999998,9.5169836,1.9033967199999995,cv
51.65524569991976,207,0.8599999999999999,-0.01108871,-2.2177420000000003,9.5362906,1.90725812,cv
51.66664429998491,207,0.8599999999999999,-0.01096041,-2.192082,9.425952599999999,1.8851905199999999,cv
51.67804309993517,207,0.8599999999999999,-0.01080352,-2.160704,9.2910272,1.8582054399999997,cv
51.68946869997308,207,0.8599999999999999,-0.01061118,-2.122236,9.125614799999997,1.8251229599999998,cv
51.7009221999906,207,0.8599999999999999,-0.01046367,-2.0927339999999997,8.998756199999997,1.7997512399999995,cv
51.71236179990228,207,0.8599999999999999,-0.01080526,-2.161052,9.292523599999999,1.85850472,cv
51.72381399990991,207,0.8599999999999999,-0.01109196,-2.218392,9.539085599999998,1.9078171199999998,cv
51.73528139991686,207,0.8599999999999999,-0.0110838,-2.21676,9.532067999999997,1.9064135999999996,cv
51.746714799897745,207,0.8599999999999999,-0.01095215,-2.19043,9.418849,1.8837697999999998,cv
51.75814149994403,207,0.8599999999999999,-0.01078331,-2.156662,9.2736466,1.8547293199999997,cv
51.76957029988989,207,0.8599999999999999,-0.01058654,-2.117308,9.104424399999997,1.8208848799999997,cv
51.780950799933635,207,0.8599999999999999,-0.0104769,-2.09538,9.010133999999999,1.8020267999999997,cv
51.79239089996554,207,0.8599999999999999,-0.01083216,-2.166432,9.3156576,1.8631315199999996,cv
51.80382029991597,207,0.8599999999999999,-0.01110058,-2.220116,9.546498799999998,1.9092997599999997,cv
51.8152473999653,207,0.8599999999999999,-0.01108341,-2.216682,9.531732599999998,1.9063465199999998,cv
51.82688239996787,207,0.8599999999999999,-0.01094679,-2.189358,9.414239399999998,1.8828478799999997,cv
51.83838529989589,207,0.8599999999999999,-0.01075321,-2.150642,9.247760599999998,1.8495521199999996,cv
51.84987439995166,207,0.8599999999999999,-0.01053087,-2.106174,9.056548199999998,1.81130964,cv
51.86288299993612,208,0.8499999999999999,-0.0110997,-2.2199400000000002,9.434745,1.886949,cv
51.87439909996465,208,0.8499999999999999,-0.01124526,-2.249052,9.558470999999999,1.9116941999999995,cv
51.885703899897635,208,0.8499999999999999,-0.01117054,-2.234108,9.494959,1.8989917999999997,cv
51.89713419997133,208,0.8499999999999999,-0.01102555,-2.2051100000000003,9.371717499999999,1.8743435,cv
51.90856759995222,208,0.8499999999999999,-0.01084665,-2.1693299999999995,9.219652499999999,1.8439304999999993,cv
51.920012799906544,208,0.8499999999999999,-0.01063839,-2.127678,9.042631499999999,1.8085262999999996,cv
51.93143829994369,208,0.8499999999999999,-0.01069877,-2.139754,9.093954499999997,1.8187908999999998,cv
51.94283610000275,208,0.8499999999999999,-0.01111086,-2.222172,9.444230999999998,1.8888461999999997,cv
51.954383199918084,208,0.8499999999999999,-0.01124781,-2.249562,9.5606385,1.9121276999999997,cv
51.96588259993587,208,0.8499999999999999,-0.01115353,-2.230706,9.4805005,1.8961000999999997,cv
51.97742839995772,208,0.8499999999999999,-0.01099327,-2.198654,9.344279499999999,1.8688558999999996,cv
51.98881899996195,208,0.8499999999999999,-0.01079345,-2.15869,9.174432499999998,1.8348864999999996,cv
52.00019949988928,208,0.8499999999999999,-0.01059486,-2.118972,9.005630999999997,1.8011261999999997,cv
52.01158989989199,208,0.8499999999999999,-0.01075391,-2.150782,9.1408235,1.8281646999999996,cv
52.022975499974564,208,0.8499999999999999,-0.0111568,-2.23136,9.483279999999999,1.8966559999999997,cv
52.03439829999115,208,0.8499999999999999,-0.01124217,-2.248434,9.555844499999997,1.9111688999999998,cv
52.04588109999895,208,0.8499999999999999,-0.01115268,-2.230536,9.479777999999998,1.8959555999999995,cv
52.057324299938045,208,0.8499999999999999,-0.01098845,-2.19769,9.3401825,1.8680364999999999,cv
52.06891349994112,208,0.8499999999999999,-0.01079567,-2.159134,9.176319499999998,1.8352638999999997,cv
52.08039509993978,208,0.8499999999999999,-0.01058286,-2.116572,8.995430999999998,1.7990861999999999,cv
52.09180469997227,208,0.8499999999999999,-0.01083783,-2.167566,9.212155499999998,1.8424310999999995,cv
52.104791699908674,209,0.8399999999999999,-0.01134104,-2.268208,9.526473599999997,1.9052947199999997,cv
52.11623259994667,209,0.8399999999999999,-0.01122434,-2.244868,9.428445599999998,1.8856891199999997,cv
52.12769439991098,209,0.8399999999999999,-0.01105236,-2.210472,9.2839824,1.8567964799999999,cv
52.13913219992537,209,0.8399999999999999,-0.01085613,-2.171226,9.119149199999999,1.8238298399999995,cv
52.150640299892984,209,0.8399999999999999,-0.01071586,-2.1431720000000003,9.0013224,1.80026448,cv
52.16210079996381,209,0.8399999999999999,-0.01106232,-2.2124639999999998,9.2923488,1.8584697599999995,cv
52.17357039998751,209,0.8399999999999999,-0.01134357,-2.268714,9.5285988,1.9057197599999998,cv
52.18500569998287,209,0.8399999999999999,-0.01132533,-2.265066,9.513277199999997,1.9026554399999998,cv
52.19649949995801,209,0.8399999999999999,-0.01118773,-2.237546,9.397693199999997,1.8795386399999998,cv
52.207953799981624,209,0.8399999999999999,-0.01100803,-2.201606,9.246745199999998,1.8493490399999997,cv
52.21935859997757,209,0.8399999999999999,-0.01080863,-2.161726,9.079249199999998,1.8158498399999996,cv
52.230748799978755,209,0.8399999999999999,-0.01073042,-2.1460839999999997,9.013552799999998,1.8027105599999995,cv
52.2421835999703,209,0.8399999999999999,-0.01111815,-2.22363,9.339246,1.8678491999999998,cv
52.253636299981736,209,0.8399999999999999,-0.01135208,-2.270416,9.535747199999998,1.9071494399999998,cv
52.2650557999732,209,0.8399999999999999,-0.01131116,-2.262232,9.501374399999998,1.9002748799999998,cv
52.276524099987,209,0.8399999999999999,-0.01117841,-2.2356819999999997,9.389864399999999,1.8779728799999995,cv
52.287991799996234,209,0.8399999999999999,-0.01099667,-2.199334,9.237202799999999,1.8474405599999997,cv
52.29942099994514,209,0.8399999999999999,-0.01079321,-2.1586419999999995,9.066296399999999,1.8132592799999994,cv
52.31096349994186,209,0.8399999999999999,-0.01075889,-2.151778,9.037467599999998,1.80749352,cv
52.32256969995797,209,0.8399999999999999,-0.01121693,-2.243386,9.4222212,1.8844442399999997,cv
52.33402439998463,209,0.8399999999999999,-0.01136075,-2.27215,9.543029999999998,1.9086059999999996,cv
52.346953799948096,210,0.8499999999999999,-0.01100216,-2.200432,9.351835999999999,1.8703671999999998,cv
52.35839969990775,210,0.8499999999999999,-0.01082027,-2.164054,9.197229499999999,1.8394458999999999,cv
52.369846799992956,210,0.8499999999999999,-0.01060449,-2.120898,9.013816499999999,1.8027632999999996,cv
52.38130419992376,210,0.8499999999999999,-0.01074676,-2.149352,9.134745999999998,1.8269491999999996,cv
52.39273189997766,210,0.8499999999999999,-0.01115882,-2.231764,9.484996999999998,1.8969993999999997,cv
52.40417949995026,210,0.8499999999999999,-0.01123857,-2.2477139999999998,9.552784499999998,1.9105568999999996,cv
52.41563219996169,210,0.8499999999999999,-0.01114081,-2.228162,9.469688499999998,1.8939377,cv
52.42698639992159,210,0.8499999999999999,-0.01098764,-2.197528,9.339493999999998,1.8678987999999999,cv
52.43844889989123,210,0.8499999999999999,-0.01080376,-2.160752,9.183195999999999,1.8366391999999998,cv
52.44987549993675,210,0.8499999999999999,-0.01059548,-2.119096,9.006158,1.8012315999999997,cv
52.46126359992195,210,0.8499999999999999,-0.0107667,-2.15334,9.151695,1.8303389999999997,cv
52.47265749995131,210,0.8499999999999999,-0.01115099,-2.230198,9.478341499999997,1.8956682999999999,cv
52.48410379991401,210,0.8499999999999999,-0.01123682,-2.247364,9.551296999999998,1.9102593999999997,cv
52.49552779993974,210,0.8499999999999999,-0.01114209,-2.228418,9.470776499999998,1.8941552999999998,cv
52.506920899963006,210,0.8499999999999999,-0.01098385,-2.19677,9.336272499999998,1.8672544999999996,cv
52.51834859990049,210,0.8499999999999999,-0.01080299,-2.160598,9.1825415,1.8365082999999995,cv
52.529770899913274,210,0.8499999999999999,-0.01059356,-2.118712,9.004525999999998,1.8009051999999997,cv
52.54119779996108,210,0.8499999999999999,-0.01074947,-2.149894,9.1370495,1.8274099,cv
52.552627999917604,210,0.8499999999999999,-0.01115501,-2.231002,9.481758499999998,1.8963516999999999,cv
52.56423849996645,210,0.8499999999999999,-0.01123102,-2.2462039999999996,9.546366999999998,1.9092733999999993,cv
52.575693399994634,210,0.8499999999999999,-0.01111984,-2.223968,9.451863999999999,1.8903727999999997,cv
52.58861619990785,211,0.8599999999999999,-0.010634,-2.1268,9.14524,1.8290479999999996,cv
52.60005809995346,211,0.8599999999999999,-0.01045301,-2.090602,8.9895886,1.7979177199999998,cv
52.611478699953295,211,0.8599999999999999,-0.01072861,-2.145722,9.226604599999998,1.8453209199999998,cv
52.62292069999967,211,0.8599999999999999,-0.01106684,-2.213368,9.517482399999999,1.9034964799999998,cv
52.634380399947986,211,0.8599999999999999,-0.01108906,-2.217812,9.536591599999998,1.9073183199999997,cv
52.645895699970424,211,0.8599999999999999,-0.01096518,-2.193036,9.430054799999999,1.88601096,cv
52.6596040999284,211,0.8599999999999999,-0.0107289,-2.14578,9.226853999999998,1.8453707999999995,cv
52.6712071999209,211,0.8599999999999999,-0.01064857,-2.129714,9.157770199999998,1.8315540399999997,cv
52.682657299912535,211,0.8599999999999999,-0.01104364,-2.208728,9.497530399999999,1.8995060799999997,cv
52.69422409997787,211,0.8599999999999999,-0.01110366,-2.220732,9.549147599999998,1.9098295199999997,cv
52.70564439997543,211,0.8599999999999999,-0.01098397,-2.1967939999999997,9.446214199999996,1.8892428399999994,cv
52.717060899944045,211,0.8599999999999999,-0.01082096,-2.164192,9.306025599999998,1.8612051199999997,cv
52.72853799990844,211,0.8599999999999999,-0.01062283,-2.124566,9.135633799999999,1.8271267599999998,cv
52.73996659996919,211,0.8599999999999999,-0.01045207,-2.090414,8.988780199999999,1.7977560399999997,cv
52.75141689996235,211,0.8599999999999999,-0.01073541,-2.147082,9.2324526,1.84649052,cv
52.762862899922766,211,0.8599999999999999,-0.01106818,-2.213636,9.5186348,1.90372696,cv
52.77432569989469,211,0.8599999999999999,-0.01108416,-2.2168319999999997,9.532377599999997,1.9064755199999994,cv
52.7857918998925,211,0.8599999999999999,-0.01095827,-2.191654,9.4241122,1.88482244,cv
52.797217699931934,211,0.8599999999999999,-0.01079356,-2.1587120000000004,9.2824616,1.85649232,cv
52.80875249998644,211,0.8599999999999999,-0.01059805,-2.1196099999999998,9.114322999999999,1.8228645999999995,cv
52.820242299931124,211,0.8599999999999999,-0.01046696,-2.093392,9.001585599999999,1.8003171199999999,cv
52.833426099969074,212,0.8499999999999999,-0.01123316,-2.2466320000000004,9.548185999999998,1.9096372000000001,cv
52.84491749992594,212,0.8499999999999999,-0.01117043,-2.234086,9.494865499999998,1.8989730999999996,cv
52.856382399913855,212,0.8499999999999999,-0.01102428,-2.204856,9.370637999999998,1.8741275999999996,cv
52.8678818999324,212,0.8499999999999999,-0.01083276,-2.1665520000000003,9.207845999999998,1.8415692,cv
52.8793664999539,212,0.8499999999999999,-0.01062236,-2.124472,9.029005999999999,1.8058011999999997,cv
52.89080099994317,212,0.8499999999999999,-0.01071762,-2.143524,9.109976999999999,1.8219953999999998,cv
52.90223409992177,212,0.8499999999999999,-0.01112795,-2.2255899999999995,9.458757499999997,1.8917514999999994,cv
52.913673399947584,212,0.8499999999999999,-0.0112405,-2.2481,9.554424999999998,1.9108849999999997,cv
52.92511439998634,212,0.8499999999999999,-0.01114866,-2.229732,9.476360999999997,1.8952721999999995,cv
52.936513599939644,212,0.8499999999999999,-0.0109961,-2.19922,9.346684999999999,1.8693369999999996,cv
52.94793969998136,212,0.8499999999999999,-0.01081572,-2.163144,9.193361999999999,1.8386723999999997,cv
52.9593801998999,212,0.8499999999999999,-0.01060764,-2.121528,9.016493999999998,1.8032987999999999,cv
52.97083639993798,212,0.8499999999999999,-0.0107364,-2.14728,9.12594,1.8251879999999996,cv
52.98227669997141,212,0.8499999999999999,-0.0111511,-2.23022,9.478435,1.8956869999999997,cv
52.993715499993414,212,0.8499999999999999,-0.0112363,-2.24726,9.550854999999999,1.9101709999999996,cv
53.00513659999706,212,0.8499999999999999,-0.01114186,-2.228372,9.470581,1.8941161999999996,cv
53.01660019997507,212,0.8499999999999999,-0.01097802,-2.195604,9.331316999999999,1.8662633999999996,cv
53.02805689990055,212,0.8499999999999999,-0.0107799,-2.15598,9.162914999999998,1.8325829999999996,cv
53.03959869989194,212,0.8499999999999999,-0.01057852,-2.115704,8.991741999999999,1.7983483999999998,cv
53.0511061999714,212,0.8499999999999999,-0.01080444,-2.160888,9.183773999999998,1.8367547999999996,cv
53.06257519999053,212,0.8499999999999999,-0.01119264,-2.238528,9.513743999999999,1.9027487999999997,cv
53.0756693999283,213,0.8399999999999999,-0.01120297,-2.2405939999999998,9.410494799999999,1.8820989599999995,cv
53.08708789991215,213,0.8399999999999999,-0.0110198,-2.20396,9.256632,1.8513263999999996,cv
53.098488299991004,213,0.8399999999999999,-0.01082055,-2.16411,9.089262,1.8178523999999996,cv
53.10992419999093,213,0.8399999999999999,-0.01069576,-2.139152,8.984438399999998,1.7968876799999998,cv
53.12136929994449,213,0.8399999999999999,-0.01105643,-2.2112860000000003,9.2874012,1.85748024,cv
53.13289679994341,213,0.8399999999999999,-0.01133416,-2.266832,9.520694399999998,1.9041388799999996,cv
53.14439789997414,213,0.8399999999999999,-0.01130143,-2.260286,9.493201199999998,1.8986402399999995,cv
53.15587049990427,213,0.8399999999999999,-0.01116763,-2.233526,9.380809199999998,1.8761618399999995,cv
53.16733729990665,213,0.8399999999999999,-0.01098757,-2.197514,9.2295588,1.8459117599999997,cv
53.17878919991199,213,0.8399999999999999,-0.01078791,-2.157582,9.061844399999998,1.8123688799999997,cv
53.19021539995447,213,0.8399999999999999,-0.01075872,-2.151744,9.037324799999999,1.8074649599999997,cv
53.201636599958874,213,0.8399999999999999,-0.0111621,-2.23242,9.376163999999998,1.8752327999999996,cv
53.21308459993452,213,0.8399999999999999,-0.01134918,-2.269836,9.533311199999998,1.9066622399999997,cv
53.22451469989028,213,0.8399999999999999,-0.01128182,-2.256364,9.476728799999998,1.8953457599999997,cv
53.23595939995721,213,0.8399999999999999,-0.01114301,-2.228602,9.360128399999999,1.8720256799999997,cv
53.24733919999562,213,0.8399999999999999,-0.01095465,-2.19093,9.201905999999997,1.8403811999999995,cv
53.258760800003074,213,0.8399999999999999,-0.01076646,-2.153292,9.043826399999999,1.8087652799999996,cv
53.27019929990638,213,0.8399999999999999,-0.01075639,-2.151278,9.035367599999999,1.8070735199999997,cv
53.28177149989642,213,0.8399999999999999,-0.01116965,-2.23393,9.382506,1.8765011999999996,cv
53.29336129990406,213,0.8399999999999999,-0.01134714,-2.269428,9.531597599999998,1.9063195199999996,cv
53.304956699954346,213,0.8399999999999999,-0.01124602,-2.249204,9.4466568,1.88933136,cv
53.31795269995928,214,0.8499999999999999,-0.01076624,-2.153248,9.151304,1.8302607999999998,cv
53.329394300002605,214,0.8499999999999999,-0.01057287,-2.114574,8.986939499999998,1.7973879,cv
53.3408361999318,214,0.8499999999999999,-0.0108163,-2.16326,9.193854999999997,1.838771,cv
53.35230569995474,214,0.8499999999999999,-0.01118262,-2.236524,9.505227,1.9010453999999999,cv
53.363782699918374,214,0.8499999999999999,-0.0112181,-2.24362,9.535384999999998,1.9070769999999997,cv
53.37519809999503,214,0.8499999999999999,-0.01110266,-2.220532,9.437261,1.8874521999999996,cv
53.38669149996713,214,0.8499999999999999,-0.01093972,-2.187944,9.298761999999998,1.8597523999999996,cv
53.398132799891755,214,0.8499999999999999,-0.0107403,-2.14806,9.129254999999997,1.825851,cv
53.409631999908015,214,0.8499999999999999,-0.01058147,-2.1162940000000003,8.994249499999999,1.7988499,cv
53.421029999968596,214,0.8499999999999999,-0.01091545,-2.18309,9.2781325,1.8556264999999996,cv
53.432476999936625,214,0.8499999999999999,-0.0112028,-2.24056,9.522379999999998,1.9044759999999996,cv
53.44386169989593,214,0.8499999999999999,-0.01120385,-2.24077,9.523272499999997,1.9046544999999997,cv
53.45530959998723,214,0.8499999999999999,-0.0110862,-2.21724,9.423269999999997,1.8846539999999996,cv
53.466746799997054,214,0.8499999999999999,-0.01091471,-2.1829419999999997,9.277503499999998,1.8555006999999994,cv
53.47815629991237,214,0.8499999999999999,-0.01071703,-2.143406,9.109475499999999,1.8218950999999999,cv
53.489519399940036,214,0.8499999999999999,-0.01057366,-2.114732,8.987611,1.7975221999999997,cv
53.50089079991449,214,0.8499999999999999,-0.01088119,-2.176238,9.2490115,1.8498023,cv
53.51236579997931,214,0.8499999999999999,-0.01119239,-2.2384779999999997,9.5135315,1.9027062999999995,cv
53.52399599994533,214,0.8499999999999999,-0.01119611,-2.2392220000000003,9.516693499999999,1.9033387,cv
53.535640799906105,214,0.8499999999999999,-0.01104881,-2.209762,9.391488499999998,1.8782976999999996,cv
53.547048199921846,214,0.8499999999999999,-0.01086033,-2.172066,9.231280499999997,1.8462560999999997,cv
53.55995579995215,215,0.8599999999999999,-0.01050046,-2.100092,9.030395599999999,1.8060791199999997,cv
53.571410199976526,215,0.8599999999999999,-0.01090626,-2.1812519999999997,9.379383599999997,1.8758767199999995,cv
53.58285609993618,215,0.8599999999999999,-0.01109469,-2.218938,9.541433399999999,1.9082866799999998,cv
53.594375999993645,215,0.8599999999999999,-0.01103247,-2.206494,9.487924199999998,1.89758484,cv
53.60584119998384,215,0.8599999999999999,-0.01088353,-2.1767060000000003,9.359835799999999,1.8719671599999999,cv
53.6172927999869,215,0.8599999999999999,-0.01069865,-2.13973,9.200838999999998,1.8401678,cv
53.62876549991779,215,0.8599999999999999,-0.01049745,-2.0994900000000003,9.027807,1.8055614,cv
53.64025729999412,215,0.8599999999999999,-0.01057276,-2.114552,9.0925736,1.8185147199999998,cv
53.6517633999465,215,0.8599999999999999,-0.01099095,-2.19819,9.452217,1.8904433999999997,cv
53.66403799992986,215,0.8599999999999999,-0.01109574,-2.2191479999999997,9.542336399999998,1.9084672799999995,cv
53.67670469998848,215,0.8599999999999999,-0.01092116,-2.1842319999999997,9.392197599999998,1.8784395199999995,cv
53.68817029998172,215,0.8599999999999999,-0.01056752,-2.113504,9.0880672,1.8176134399999997,cv
53.69963059993461,215,0.8599999999999999,-0.01047457,-2.094914,9.008130199999998,1.80162604,cv
53.71105059992988,215,0.8599999999999999,-0.01085172,-2.170344,9.332479199999998,1.8664958399999998,cv
53.722438699915074,215,0.8599999999999999,-0.01108835,-2.21767,9.535981,1.9071961999999998,cv
53.73387249989901,215,0.8599999999999999,-0.01106301,-2.212602,9.514188599999999,1.9028377199999997,cv
53.745327899931,215,0.8599999999999999,-0.01092332,-2.184664,9.394055199999999,1.8788110399999998,cv
53.75673879997339,215,0.8599999999999999,-0.01075467,-2.150934,9.249016199999998,1.8498032399999997,cv
53.768306299927644,215,0.8599999999999999,-0.01055415,-2.11083,9.076568999999997,1.8153137999999998,cv
53.779805599944666,215,0.8599999999999999,-0.01048796,-2.0975919999999997,9.019645599999997,1.8039291199999994,cv
53.79125719994772,215,0.8599999999999999,-0.0109097,-2.18194,9.382341999999998,1.8764683999999998,cv
53.803918699966744,216,0.8499999999999999,-0.01118041,-2.236082,9.503348499999998,1.9006697,cv
53.81541279994417,216,0.8499999999999999,-0.01104706,-2.2094119999999995,9.390000999999998,1.8780001999999993,cv
53.82697119994555,216,0.8499999999999999,-0.01085958,-2.1719160000000004,9.230642999999999,1.8461286000000001,cv
53.83844799990766,216,0.8499999999999999,-0.01063957,-2.1279139999999996,9.043634499999998,1.8087268999999995,cv
53.84986249997746,216,0.8499999999999999,-0.01065004,-2.1300079999999997,9.052533999999998,1.8105067999999995,cv
53.861278599943034,216,0.8499999999999999,-0.01106003,-2.2120059999999997,9.401025499999998,1.8802050999999995,cv
53.87273809988983,216,0.8499999999999999,-0.01122862,-2.245724,9.544327,1.9088653999999998,cv
53.884222699911334,216,0.8499999999999999,-0.01115274,-2.2305479999999998,9.479828999999999,1.8959657999999995,cv
53.89568249997683,216,0.8499999999999999,-0.01100741,-2.201482,9.3562985,1.8712596999999997,cv
53.90713169996161,216,0.8499999999999999,-0.01082312,-2.1646240000000003,9.199651999999999,1.8399304,cv
53.91855519998353,216,0.8499999999999999,-0.0106181,-2.12362,9.025384999999998,1.8050769999999996,cv
53.92998169991188,216,0.8499999999999999,-0.01069262,-2.138524,9.088726999999999,1.8177453999999995,cv
53.941345699946396,216,0.8499999999999999,-0.01109441,-2.218882,9.430248499999998,1.8860496999999996,cv
53.95271879993379,216,0.8499999999999999,-0.01123009,-2.2460180000000003,9.545576499999997,1.9091152999999998,cv
53.96417179994751,216,0.8499999999999999,-0.01115878,-2.231756,9.484962999999999,1.8969925999999995,cv
53.97560849995352,216,0.8499999999999999,-0.01100567,-2.201134,9.354819499999998,1.8709638999999998,cv
53.98702989995945,216,0.8499999999999999,-0.01082985,-2.16597,9.2053725,1.8410745,cv
53.998464399948716,216,0.8499999999999999,-0.01062288,-2.1245760000000002,9.029447999999999,1.8058896,cv
54.009894699906,216,0.8499999999999999,-0.01068137,-2.1362740000000002,9.0791645,1.8158329,cv
54.02142429992091,216,0.8499999999999999,-0.0110905,-2.2181,9.426924999999997,1.8853849999999999,cv
54.03300079994369,216,0.8499999999999999,-0.01122253,-2.244506,9.539150499999998,1.9078300999999995,cv
54.045945999911055,217,0.8399999999999999,-0.01107232,-2.214464,9.300748799999997,1.8601497599999997,cv
54.057362199993804,217,0.8399999999999999,-0.01088913,-2.177826,9.1468692,1.8293738399999997,cv
54.06878489989322,217,0.8399999999999999,-0.01069018,-2.138036,8.979751199999999,1.7959502399999998,cv
54.08011829992756,217,0.8399999999999999,-0.01088068,-2.176136,9.139771199999998,1.8279542399999997,cv
54.091476999921724,217,0.8399999999999999,-0.01125042,-2.250084,9.4503528,1.8900705599999998,cv
54.10283989994787,217,0.8399999999999999,-0.01133831,-2.267662,9.524180399999999,1.9048360799999997,cv
54.114269799902104,217,0.8399999999999999,-0.01124904,-2.2498080000000003,9.4491936,1.88983872,cv
54.12570699991193,217,0.8399999999999999,-0.01110387,-2.220774,9.3272508,1.8654501599999997,cv
54.137165599968284,217,0.8399999999999999,-0.01091056,-2.182112,9.164870399999998,1.8329740799999998,cv
54.148555399966426,217,0.8399999999999999,-0.01069969,-2.139938,8.987739599999998,1.7975479199999995,cv
54.159959799959324,217,0.8399999999999999,-0.01084217,-2.168434,9.107422799999998,1.8214845599999996,cv
54.17139369994402,217,0.8399999999999999,-0.01123809,-2.247618,9.439995599999998,1.8879991199999997,cv
54.182826199918054,217,0.8399999999999999,-0.01133686,-2.2673720000000004,9.522962399999999,1.90459248,cv
54.194238999974914,217,0.8399999999999999,-0.01124438,-2.248876,9.445279199999998,1.8890558399999997,cv
54.20567489997484,217,0.8399999999999999,-0.01109556,-2.219112,9.320270399999998,1.8640540799999996,cv
54.21712819999084,217,0.8399999999999999,-0.01090294,-2.1805879999999997,9.158469599999998,1.8316939199999995,cv
54.2285300999647,217,0.8399999999999999,-0.01069963,-2.139926,8.987689199999998,1.7975378399999997,cv
54.23996149993036,217,0.8399999999999999,-0.01085008,-2.170016,9.114067199999997,1.8228134399999996,cv
54.25150399992708,217,0.8399999999999999,-0.01124124,-2.248248,9.442641599999998,1.8885283199999996,cv
54.26310449989978,217,0.8399999999999999,-0.01132504,-2.265008,9.513033599999998,1.9026067199999996,cv
54.27470009995159,217,0.8399999999999999,-0.01120101,-2.240202,9.4088484,1.8817696799999997,cv
54.28759089997038,218,0.8499999999999999,-0.01071559,-2.1431180000000003,9.1082515,1.8216503,cv
54.29901479999535,218,0.8499999999999999,-0.01056996,-2.113992,8.984465999999998,1.7968931999999997,cv
54.31044799997471,218,0.8499999999999999,-0.01090523,-2.181046,9.2694455,1.8538890999999995,cv
54.32185879989993,218,0.8499999999999999,-0.01119566,-2.239132,9.516310999999998,1.9032622,cv
54.333284899941646,218,0.8499999999999999,-0.01119833,-2.2396659999999997,9.518580499999999,1.9037160999999994,cv
54.344686699914746,218,0.8499999999999999,-0.01107114,-2.214228,9.410468999999999,1.8820937999999996,cv
54.35609269991983,218,0.8499999999999999,-0.01091308,-2.1826160000000003,9.276117999999999,1.8552236,cv
54.36746379989199,218,0.8499999999999999,-0.01071696,-2.1433919999999995,9.109416,1.8218831999999994,cv
54.37883539998438,218,0.8499999999999999,-0.0105649,-2.11298,8.980164999999998,1.7960329999999995,cv
54.390203499933705,218,0.8499999999999999,-0.01084399,-2.168798,9.217391499999998,1.8434782999999995,cv
54.40158219996374,218,0.8499999999999999,-0.0111796,-2.2359199999999997,9.502659999999997,1.9005319999999994,cv
54.41304079990368,218,0.8499999999999999,-0.01120663,-2.241326,9.5256355,1.9051270999999996,cv
54.42450639989693,218,0.8499999999999999,-0.01108428,-2.216856,9.421637999999998,1.8843275999999995,cv
54.435926399892196,218,0.8499999999999999,-0.01092222,-2.184444,9.283886999999998,1.8567773999999997,cv
54.44727319991216,218,0.8499999999999999,-0.01073168,-2.1463360000000002,9.121928,1.8243855999999998,cv
54.458614100003615,218,0.8499999999999999,-0.01055672,-2.111344,8.973212,1.7946423999999996,cv
54.46994909993373,218,0.8499999999999999,-0.01078358,-2.156716,9.166042999999998,1.8332085999999996,cv
54.48134019994177,218,0.8499999999999999,-0.01114243,-2.2284859999999997,9.471065499999998,1.8942130999999995,cv
54.492839699960314,218,0.8499999999999999,-0.01121084,-2.242168,9.529213999999998,1.9058427999999996,cv
54.50450779998209,218,0.8499999999999999,-0.01107597,-2.215194,9.414574499999999,1.8829148999999996,cv
54.5159193999134,218,0.8499999999999999,-0.01091087,-2.182174,9.274239499999998,1.8548478999999995,cv
54.52885499992408,219,0.8599999999999999,-0.01042544,-2.085088,8.965878399999998,1.7931756799999996,cv
54.54029229993466,219,0.8599999999999999,-0.01075804,-2.151608,9.251914399999999,1.8503828799999997,cv
54.55170019995421,219,0.8599999999999999,-0.01106136,-2.2122719999999996,9.512769599999999,1.9025539199999995,cv
54.56317819992546,219,0.8599999999999999,-0.01106014,-2.2120279999999997,9.511720399999998,1.9023440799999993,cv
54.574755399953574,219,0.8599999999999999,-0.01092283,-2.184566,9.393633799999998,1.8787267599999995,cv
54.586161299957894,219,0.8599999999999999,-0.01074691,-2.149382,9.242342599999999,1.84846852,cv
54.59761929989327,219,0.8599999999999999,-0.01055338,-2.1106759999999998,9.075906799999998,1.8151813599999995,cv
54.60905709990766,219,0.8599999999999999,-0.01046488,-2.0929759999999997,8.999796799999997,1.7999593599999995,cv
54.620528299943544,219,0.8599999999999999,-0.01084665,-2.1693299999999995,9.328118999999997,1.8656237999999994,cv
54.631976099917665,219,0.8599999999999999,-0.01107988,-2.2159760000000004,9.528696799999999,1.90573936,cv
54.64337869989686,219,0.8599999999999999,-0.01104137,-2.2082740000000003,9.495578199999999,1.89911564,cv
54.65478689991869,219,0.8599999999999999,-0.01090388,-2.180776,9.377336799999998,1.8754673599999996,cv
54.66615259996615,219,0.8599999999999999,-0.01073262,-2.1465240000000003,9.230053199999999,1.84601064,cv
54.67764389992226,219,0.8599999999999999,-0.01053826,-2.1076520000000003,9.0629036,1.81258072,cv
54.6900729999179,219,0.8599999999999999,-0.01047197,-2.0943940000000003,9.0058942,1.80117884,cv
54.701491999905556,219,0.8599999999999999,-0.01104898,-2.209796,9.502122799999999,1.9004245599999996,cv
54.712930999929085,219,0.8599999999999999,-0.01106917,-2.213834,9.519486199999998,1.9038972399999996,cv
54.724428699933924,219,0.8599999999999999,-0.01094092,-2.188184,9.409191199999999,1.8818382399999998,cv
54.73599209997337,219,0.8599999999999999,-0.01077292,-2.1545840000000003,9.264711199999999,1.85294224,cv
54.74756970000453,219,0.8599999999999999,-0.01054542,-2.109084,9.069061199999998,1.8138122399999999,cv
54.75906199996825,219,0.8599999999999999,-0.0104615,-2.0923000000000003,8.996889999999999,1.799378,cv
54.771966799977235,220,0.8499999999999999,-0.01120862,-2.2417240000000005,9.527326999999998,1.9054654000000002,cv
54.78342189989053,220,0.8499999999999999,-0.01115523,-2.231046,9.481945499999998,1.8963890999999997,cv
54.79482749989256,220,0.8499999999999999,-0.01101341,-2.2026820000000003,9.361398499999998,1.8722797,cv
54.80624879989773,220,0.8499999999999999,-0.01084281,-2.168562,9.216388499999999,1.8432776999999998,cv
54.81772219995037,220,0.8499999999999999,-0.01063917,-2.127834,9.043294499999998,1.8086588999999997,cv
54.829173999954946,220,0.8499999999999999,-0.01062421,-2.124842,9.030578499999999,1.8061156999999999,cv
54.84060649992898,220,0.8499999999999999,-0.01104085,-2.20817,9.384722499999999,1.8769444999999996,cv
54.85207779996563,220,0.8499999999999999,-0.01120949,-2.241898,9.5280665,1.9056132999999997,cv
54.86353859992232,220,0.8499999999999999,-0.0111444,-2.22888,9.472739999999998,1.894548,cv
54.87495409999974,220,0.8499999999999999,-0.0109956,-2.1991199999999997,9.34626,1.8692519999999995,cv
54.886316699907184,220,0.8499999999999999,-0.01082287,-2.164574,9.199439499999999,1.8398878999999997,cv
54.89769379992504,220,0.8499999999999999,-0.01063381,-2.1267620000000003,9.0387385,1.8077477,cv
54.90912259998731,220,0.8499999999999999,-0.01062847,-2.125694,9.034199499999998,1.8068399,cv
54.92056199989747,220,0.8499999999999999,-0.01105288,-2.210576,9.394947999999998,1.8789895999999997,cv
54.932025699992664,220,0.8499999999999999,-0.01121763,-2.243526,9.534985499999998,1.9069971,cv
54.943466499913484,220,0.8499999999999999,-0.01114488,-2.228976,9.473147999999997,1.8946295999999996,cv
54.95487359992694,220,0.8499999999999999,-0.01100252,-2.200504,9.352141999999999,1.8704283999999998,cv
54.966297999955714,220,0.8499999999999999,-0.01082143,-2.1642859999999997,9.198215499999998,1.8396430999999995,cv
54.977803099900484,220,0.8499999999999999,-0.01062294,-2.124588,9.029499,1.8058998,cv
54.98936259991024,220,0.8499999999999999,-0.01068831,-2.1376619999999997,9.085063499999999,1.8170126999999996,cv
55.00079549988732,220,0.8499999999999999,-0.01110108,-2.2202159999999997,9.435917999999997,1.8871835999999995,cv
55.01372709998395,221,0.8399999999999999,-0.01123867,-2.247734,9.440482799999998,1.8880965599999997,cv
55.025171599932946,221,0.8399999999999999,-0.01107447,-2.214894,9.302554799999998,1.8605109599999998,cv
55.036842499976046,221,0.8399999999999999,-0.01089591,-2.179182,9.1525644,1.8305128799999997,cv
55.04825120000169,221,0.8399999999999999,-0.0106708,-2.13416,8.963471999999998,1.7926943999999998,cv
55.06262169999536,221,0.8399999999999999,-0.01092353,-2.1847060000000003,9.1757652,1.83515304,cv
55.07406039990019,221,0.8399999999999999,-0.01119316,-2.238632,9.402254399999999,1.8804508799999997,cv
55.08764129993506,221,0.8399999999999999,-0.01103507,-2.207014,9.269458799999999,1.8538917599999998,cv
55.10091179993469,221,0.8399999999999999,-0.01082339,-2.164678,9.091647599999998,1.8183295199999996,cv
55.11486469989177,221,0.8399999999999999,-0.01116116,-2.232232,9.375374399999998,1.8750748799999999,cv
55.126377899898216,221,0.8399999999999999,-0.01092256,-2.184512,9.174950399999998,1.8349900799999994,cv
55.13778549991548,221,0.8399999999999999,-0.01070417,-2.1408340000000003,8.9915028,1.79830056,cv
55.149161899928,221,0.8399999999999999,-0.01079578,-2.159156,9.068455199999999,1.8136910399999995,cv
55.16055769997183,221,0.8399999999999999,-0.0112021,-2.24042,9.409763999999997,1.8819527999999996,cv
55.172355599934235,221,0.8399999999999999,-0.01133701,-2.2674019999999997,9.523088399999997,1.9046176799999994,cv
55.183760099927895,221,0.8399999999999999,-0.01121774,-2.243548,9.422901599999998,1.8845803199999998,cv
55.195130699896254,221,0.8399999999999999,-0.01106887,-2.213774,9.297850799999999,1.8595701599999996,cv
55.20652919996064,221,0.8399999999999999,-0.01088905,-2.17781,9.146802,1.8293603999999997,cv
55.21794249990489,221,0.8399999999999999,-0.01068272,-2.1365439999999998,8.9734848,1.7946969599999996,cv
55.229477799963206,221,0.8399999999999999,-0.01085801,-2.171602,9.120728399999999,1.8241456799999998,cv
55.240965899894945,221,0.8399999999999999,-0.01127724,-2.255448,9.4728816,1.8945763199999996,cv
55.25239459995646,221,0.8399999999999999,-0.01132335,-2.2646699999999997,9.511613999999998,1.9023227999999994,cv
55.26535539992619,222,0.8499999999999999,-0.01092273,-2.184546,9.284320499999998,1.8568640999999997,cv
55.33930339990184,222,0.8499999999999999,-0.01072938,-2.1458760000000003,9.119972999999998,1.8239946,cv
55.36284519999754,222,0.8499999999999999,-0.01120229,-2.240458,9.521946499999999,1.9043892999999996,cv
55.37462269992102,222,0.8499999999999999,-0.01100375,-2.20075,9.353187499999999,1.8706375,cv
55.38604349992238,222,0.8499999999999999,-0.01082439,-2.164878,9.200731499999998,1.8401462999999996,cv
55.397435599938035,222,0.8499999999999999,-0.01062991,-2.1259819999999996,9.035423499999998,1.8070846999999994,cv
55.408885299926624,222,0.8499999999999999,-0.01066533,-2.1330660000000004,9.065530499999998,1.8131061,cv
55.42036879993975,222,0.8499999999999999,-0.0110648,-2.21296,9.405079999999998,1.8810159999999996,cv
55.43175849993713,222,0.8499999999999999,-0.011221,-2.2442,9.537849999999999,1.9075699999999998,cv
55.44313849997707,222,0.8499999999999999,-0.01115139,-2.230278,9.478681499999999,1.8957362999999998,cv
55.45455539994873,222,0.8499999999999999,-0.01100478,-2.200956,9.354063,1.8708125999999998,cv
55.465939799905755,222,0.8499999999999999,-0.01082793,-2.1655860000000002,9.203740499999999,1.8407480999999999,cv
55.47744539997075,222,0.8499999999999999,-0.01063515,-2.12703,9.039877499999998,1.8079754999999997,cv
55.48886990000028,222,0.8499999999999999,-0.01066753,-2.1335059999999997,9.067400499999998,1.8134800999999994,cv
55.5002674999414,222,0.8499999999999999,-0.01107137,-2.214274,9.4106645,1.8821328999999998,cv
55.51163999992423,222,0.8499999999999999,-0.01122432,-2.2448639999999997,9.540671999999999,1.9081343999999996,cv
55.52305629989132,222,0.8499999999999999,-0.01115865,-2.23173,9.4848525,1.8969705,cv
55.53447779989801,222,0.8499999999999999,-0.01100775,-2.20155,9.3565875,1.8713174999999997,cv
55.54587199992966,222,0.8499999999999999,-0.01083262,-2.166524,9.207726999999998,1.8415453999999996,cv
55.55726109992247,222,0.8499999999999999,-0.01064347,-2.1286940000000003,9.046949499999998,1.8093899,cv
55.56871859997045,222,0.8499999999999999,-0.01063724,-2.127448,9.041653999999998,1.8083307999999996,cv
55.581534199998714,223,0.8599999999999999,-0.01109068,-2.2181360000000003,9.5379848,1.90759696,cv
55.5929781999439,223,0.8599999999999999,-0.0110277,-2.20554,9.483821999999998,1.8967643999999997,cv
55.6044666999951,223,0.8599999999999999,-0.01087504,-2.175008,9.3525344,1.8705068799999998,cv
55.61595059989486,223,0.8599999999999999,-0.01069041,-2.138082,9.193752599999996,1.8387505199999996,cv
55.627423199941404,223,0.8599999999999999,-0.01048593,-2.0971859999999998,9.017899799999999,1.8035799599999995,cv
55.63887629995588,223,0.8599999999999999,-0.01056044,-2.1120880000000004,9.081978399999999,1.81639568,cv
55.650402699946426,223,0.8599999999999999,-0.01097751,-2.195502,9.440658599999999,1.8881317199999996,cv
55.66218909993768,223,0.8599999999999999,-0.01107519,-2.2150380000000003,9.5246634,1.90493268,cv
55.67363649990875,223,0.8599999999999999,-0.01095885,-2.19177,9.424610999999997,1.8849221999999997,cv
55.68513839994557,223,0.8599999999999999,-0.01079084,-2.158168,9.280122399999998,1.8560244799999996,cv
55.6967047000071,223,0.8599999999999999,-0.01059351,-2.118702,9.1104186,1.8220837199999995,cv
55.708160399924964,223,0.8599999999999999,-0.01044847,-2.089694,8.985684199999998,1.7971368399999998,cv
55.7196024999721,223,0.8599999999999999,-0.01080206,-2.160412,9.2897716,1.8579543199999997,cv
55.73100119992159,223,0.8599999999999999,-0.01107148,-2.214296,9.521472799999998,1.9042945599999999,cv
55.74244639999233,223,0.8599999999999999,-0.01105528,-2.211056,9.5075408,1.90150816,cv
55.753868800005876,223,0.8599999999999999,-0.01092966,-2.185932,9.3995076,1.87990152,cv
55.76617689989507,223,0.8599999999999999,-0.01064451,-2.1289019999999996,9.154278599999998,1.8308557199999995,cv
55.77756129996851,223,0.8599999999999999,-0.01044799,-2.089598,8.9852714,1.7970542799999998,cv
55.789007199928164,223,0.8599999999999999,-0.01060601,-2.1212020000000003,9.1211686,1.82423372,cv
55.80060009995941,223,0.8599999999999999,-0.01100478,-2.200956,9.4641108,1.89282216,cv
55.81230329989921,223,0.8599999999999999,-0.01107729,-2.215458,9.5264694,1.9052938799999997,cv
55.82506689999718,224,0.8699999999999999,-0.01063945,-2.12789,9.256321499999999,1.8512642999999995,cv
55.83650179998949,224,0.8699999999999999,-0.01045144,-2.090288,9.092752799999998,1.8185505599999998,cv
55.84796079993248,224,0.8699999999999999,-0.01029453,-2.058906,8.956241099999998,1.7912482199999997,cv
55.85936249990482,224,0.8699999999999999,-0.01060148,-2.120296,9.223287599999999,1.84465752,cv
55.870759399957024,224,0.8699999999999999,-0.01091021,-2.182042,9.4918827,1.89837654,cv
55.882157199899666,224,0.8699999999999999,-0.01092087,-2.1841739999999996,9.501156899999998,1.9002313799999995,cv
55.89355819998309,224,0.8699999999999999,-0.0108049,-2.16098,9.400262999999997,1.8800525999999997,cv
55.90494869998656,224,0.8699999999999999,-0.01064496,-2.1289919999999998,9.261115199999999,1.8522230399999995,cv
55.916358599904925,224,0.8699999999999999,-0.01046272,-2.0925439999999997,9.102566399999999,1.8205132799999995,cv
55.9277627998963,224,0.8699999999999999,-0.01029156,-2.058312,8.9536572,1.7907314399999996,cv
55.939221999957226,224,0.8699999999999999,-0.01056267,-2.1125339999999997,9.189522899999998,1.8379045799999996,cv
55.95068759995047,224,0.8699999999999999,-0.01090423,-2.180846,9.4866801,1.8973360199999996,cv
55.962194399908185,224,0.8699999999999999,-0.01091639,-2.183278,9.497259299999998,1.8994518599999999,cv
55.973660599906,224,0.8699999999999999,-0.01079253,-2.158506,9.389501099999999,1.8779002199999997,cv
55.985116399941035,224,0.8699999999999999,-0.01061927,-2.123854,9.238764899999998,1.8477529799999999,cv
55.99655809998512,224,0.8699999999999999,-0.01042626,-2.0852519999999997,9.070846199999998,1.8141692399999996,cv
56.00801989994943,224,0.8699999999999999,-0.0103096,-2.0619199999999998,8.969352,1.7938703999999996,cv
56.01947389997076,224,0.8699999999999999,-0.01066818,-2.133636,9.281316599999998,1.8562633199999998,cv
56.031045399955474,224,0.8699999999999999,-0.01093394,-2.186788,9.512527799999999,1.9025055599999998,cv
56.04270029999316,224,0.8699999999999999,-0.0108919,-2.1783799999999998,9.475952999999999,1.8951905999999996,cv
56.05434279993642,224,0.8699999999999999,-0.01071216,-2.1424320000000003,9.3195792,1.86391584,cv
56.06729809998069,225,0.8599999999999999,-0.01045987,-2.091974,8.995488199999999,1.7990976399999998,cv
56.078740599914454,225,0.8599999999999999,-0.01059716,-2.1194319999999998,9.113557599999998,1.8227115199999995,cv
56.09016599995084,225,0.8599999999999999,-0.01100247,-2.200494,9.462124199999998,1.8924248399999997,cv
56.10159310000017,225,0.8599999999999999,-0.01108358,-2.2167160000000004,9.5318788,1.90637576,cv
56.11299809999764,225,0.8599999999999999,-0.01099472,-2.198944,9.455459199999998,1.8910918399999996,cv
56.12446409999393,225,0.8599999999999999,-0.0108384,-2.16768,9.321024,1.8642047999999996,cv
56.135891899932176,225,0.8599999999999999,-0.01065817,-2.131634,9.166026199999997,1.8332052399999998,cv
56.1473427999299,225,0.8599999999999999,-0.01046034,-2.0920680000000003,8.995892399999999,1.79917848,cv
56.15871629992034,225,0.8599999999999999,-0.0106269,-2.12538,9.139133999999999,1.8278267999999995,cv
56.170090499916114,225,0.8599999999999999,-0.01101205,-2.20241,9.470362999999999,1.8940725999999997,cv
56.181484999950044,225,0.8599999999999999,-0.01109747,-2.219494,9.543824199999998,1.9087648399999997,cv
56.19289219996426,225,0.8599999999999999,-0.01100786,-2.2015719999999996,9.466759599999998,1.8933519199999995,cv
56.20429839997087,225,0.8599999999999999,-0.01085108,-2.1702160000000004,9.3319288,1.86638576,cv
56.21569299988914,225,0.8599999999999999,-0.01067935,-2.13587,9.184241,1.8368482,cv
56.227122899959795,225,0.8599999999999999,-0.01048069,-2.0961380000000003,9.0133934,1.80267868,cv
56.238548499997705,225,0.8599999999999999,-0.01057938,-2.1158759999999996,9.098266799999998,1.8196533599999993,cv
56.24993319995701,225,0.8599999999999999,-0.01098665,-2.19733,9.448519,1.8897037999999997,cv
56.26133819995448,225,0.8599999999999999,-0.01109114,-2.218228,9.538380399999998,1.9076760799999997,cv
56.27280079992488,225,0.8599999999999999,-0.01101508,-2.203016,9.472968799999999,1.8945937599999996,cv
56.28430469997693,225,0.8599999999999999,-0.01084772,-2.169544,9.329039199999999,1.8658078399999998,cv
56.296785899903625,225,0.8599999999999999,-0.01066807,-2.133614,9.1745402,1.8349080399999997,cv
56.31089340010658,226,0.8499999999999999,-0.01121326,-2.242652,9.531270999999997,1.9062541999999998,cv
56.322316300007515,226,0.8499999999999999,-0.01117692,-2.235384,9.500381999999998,1.9000763999999994,cv
56.33371460007038,226,0.8499999999999999,-0.01104177,-2.208354,9.385504499999998,1.8771008999999996,cv
56.34511850005947,226,0.8499999999999999,-0.01087091,-2.1741819999999996,9.240273499999999,1.8480546999999994,cv
56.356508400058374,226,0.8499999999999999,-0.01067917,-2.135834,9.077294499999999,1.8154588999999997,cv
56.36790830001701,226,0.8499999999999999,-0.01060891,-2.121782,9.017573499999997,1.8035146999999998,cv
56.37925630004611,226,0.8499999999999999,-0.01098315,-2.19663,9.3356775,1.8671354999999996,cv
56.39063110004645,226,0.8499999999999999,-0.01121525,-2.2430499999999998,9.532962499999998,1.9065924999999995,cv
56.401998500106856,226,0.8499999999999999,-0.01119188,-2.2383759999999997,9.513097999999998,1.9026195999999995,cv
56.41341380006634,226,0.8499999999999999,-0.01107032,-2.214064,9.409771999999998,1.8819543999999997,cv
56.42480280005839,226,0.8499999999999999,-0.01089762,-2.179524,9.262977,1.8525953999999996,cv
56.436176100047305,226,0.8499999999999999,-0.0107164,-2.14328,9.108939999999997,1.8217879999999995,cv
56.44757600000594,226,0.8499999999999999,-0.01058375,-2.11675,8.996187499999998,1.7992374999999998,cv
56.45901930006221,226,0.8499999999999999,-0.01090084,-2.180168,9.265714,1.8531427999999999,cv
56.470477100112475,226,0.8499999999999999,-0.01120436,-2.240872,9.523705999999999,1.9047411999999997,cv
56.48186870000791,226,0.8499999999999999,-0.01119611,-2.2392220000000003,9.516693499999999,1.9033387,cv
56.493245400022715,226,0.8499999999999999,-0.01107591,-2.215182,9.414523499999998,1.8829046999999997,cv
56.504685900057666,226,0.8499999999999999,-0.01090626,-2.1812519999999997,9.270320999999997,1.8540641999999994,cv
56.516086900024675,226,0.8499999999999999,-0.01072482,-2.144964,9.116096999999998,1.8232193999999997,cv
56.52749960008077,226,0.8499999999999999,-0.01057721,-2.1154420000000003,8.990628499999998,1.7981257,cv
56.53904040006455,226,0.8499999999999999,-0.01088502,-2.177004,9.252267,1.8504534,cv
56.551986799924634,227,0.8399999999999999,-0.01130171,-2.260342,9.493436399999998,1.8986872799999996,cv
56.56348859996069,227,0.8399999999999999,-0.01117627,-2.2352540000000003,9.388066799999999,1.87761336,cv
56.57488689990714,227,0.8399999999999999,-0.01100152,-2.200304,9.241276799999998,1.8482553599999998,cv
56.586346499971114,227,0.8399999999999999,-0.01079834,-2.159668,9.070605599999999,1.8141211199999996,cv
56.597745599923655,227,0.8399999999999999,-0.01072164,-2.144328,9.006177599999997,1.8012355199999994,cv
56.6091446998762,227,0.8399999999999999,-0.01110405,-2.22081,9.327402,1.8654803999999998,cv
56.620769499917515,227,0.8399999999999999,-0.01133157,-2.266314,9.518518799999997,1.9037037599999995,cv
56.63219669996761,227,0.8399999999999999,-0.01128386,-2.256772,9.478442399999999,1.8956884799999996,cv
56.6438142999541,227,0.8399999999999999,-0.01112277,-2.2245540000000004,9.343126799999999,1.86862536,cv
56.65522289997898,227,0.8399999999999999,-0.01094443,-2.188886,9.193321199999998,1.8386642399999997,cv
56.66661129996646,227,0.8399999999999999,-0.01073548,-2.1470960000000003,9.0178032,1.80356064,cv
56.6780059998855,227,0.8399999999999999,-0.01077083,-2.154166,9.047497199999999,1.8094994399999997,cv
56.689375999965705,227,0.8399999999999999,-0.01117634,-2.235268,9.388125599999999,1.8776251199999998,cv
56.70084619987756,227,0.8399999999999999,-0.01134137,-2.268274,9.526750799999999,1.9053501599999996,cv
56.71228539990261,227,0.8399999999999999,-0.0112755,-2.2551,9.47142,1.8942839999999999,cv
56.72366969997529,227,0.8399999999999999,-0.01113225,-2.22645,9.351089999999997,1.8702179999999995,cv
56.73537829995621,227,0.8399999999999999,-0.01095763,-2.191526,9.204409199999997,1.8408818399999998,cv
56.74684449995402,227,0.8399999999999999,-0.01071448,-2.142896,9.0001632,1.8000326399999995,cv
56.75864969997201,227,0.8399999999999999,-0.01084789,-2.1695780000000005,9.1122276,1.82244552,cv
56.77048659988213,227,0.8399999999999999,-0.01130237,-2.2604740000000003,9.493990799999999,1.89879816,cv
56.78245519998018,227,0.8399999999999999,-0.01128946,-2.257892,9.483146399999997,1.8966292799999998,cv
56.79644449998159,228,0.8499999999999999,-0.01070092,-2.140184,9.095781999999998,1.8191563999999998,cv
56.80802830005996,228,0.8499999999999999,-0.01067935,-2.13587,9.077447499999998,1.8154894999999998,cv
56.819473700015806,228,0.8499999999999999,-0.01109046,-2.218092,9.426890999999998,1.8853781999999997,cv
56.83088800008409,228,0.8499999999999999,-0.01122989,-2.245978,9.545406499999997,1.9090812999999998,cv
56.84230999997817,228,0.8499999999999999,-0.01114652,-2.229304,9.474542,1.8949083999999996,cv
56.85373780003283,228,0.8499999999999999,-0.01100099,-2.200198,9.350841499999998,1.8701682999999996,cv
56.8652160000056,228,0.8499999999999999,-0.01081617,-2.163234,9.193744499999998,1.8387489,cv
56.8767446000129,228,0.8499999999999999,-0.01061085,-2.1221699999999997,9.019222499999998,1.8038444999999994,cv
56.88815960008651,228,0.8499999999999999,-0.01072737,-2.145474,9.118264499999999,1.8236529,cv
56.899594200076535,228,0.8499999999999999,-0.01112545,-2.2250900000000002,9.4566325,1.8913265,cv
56.91106990003027,228,0.8499999999999999,-0.01121817,-2.2436339999999997,9.535444499999999,1.9070888999999995,cv
56.92251699999906,228,0.8499999999999999,-0.01112464,-2.224928,9.455943999999999,1.8911887999999994,cv
56.93396469997242,228,0.8499999999999999,-0.01096616,-2.193232,9.321236,1.8642471999999997,cv
56.945430600084364,228,0.8499999999999999,-0.01077711,-2.1554219999999997,9.160543499999998,1.8321086999999996,cv
56.9568618000485,228,0.8499999999999999,-0.01058154,-2.116308,8.994309,1.7988617999999998,cv
56.96836300007999,228,0.8499999999999999,-0.0107913,-2.15826,9.172604999999999,1.8345209999999996,cv
56.97978090005927,228,0.8499999999999999,-0.01116954,-2.233908,9.494108999999998,1.8988217999999997,cv
56.991223599994555,228,0.8499999999999999,-0.01122141,-2.2442819999999997,9.538198499999998,1.9076396999999994,cv
57.002784900018014,228,0.8499999999999999,-0.01110784,-2.2215680000000004,9.441664,1.8883328000000001,cv
57.01443300000392,228,0.8499999999999999,-0.01091731,-2.1834619999999996,9.279713499999998,1.8559426999999993,cv
57.02594379999209,228,0.8499999999999999,-0.01070965,-2.14193,9.103202499999998,1.8206404999999997,cv
57.038831799989566,229,0.8599999999999999,-0.01083643,-2.167286,9.319329799999998,1.8638659599999996,cv
57.05027239990886,229,0.8599999999999999,-0.01109009,-2.218018,9.537477399999998,1.9074954799999995,cv
57.06175659992732,229,0.8599999999999999,-0.01105521,-2.211042,9.507480599999997,1.9014961199999998,cv
57.07325799996033,229,0.8599999999999999,-0.01092052,-2.184104,9.3916472,1.8783294399999997,cv
57.08472369995434,229,0.8599999999999999,-0.01073455,-2.14691,9.231713,1.8463425999999998,cv
57.09614309994504,229,0.8599999999999999,-0.01054017,-2.108034,9.064546199999999,1.8129092399999998,cv
57.10758109996095,229,0.8599999999999999,-0.01050121,-2.100242,9.031040599999999,1.80620812,cv
57.11899339989759,229,0.8599999999999999,-0.01091041,-2.1820820000000003,9.3829526,1.87659052,cv
57.13041709992103,229,0.8599999999999999,-0.01109919,-2.219838,9.545303399999998,1.9090606799999998,cv
57.141844899975695,229,0.8599999999999999,-0.01104916,-2.209832,9.5022776,1.9004555199999997,cv
57.153229699935764,229,0.8599999999999999,-0.01091144,-2.182288,9.383838399999998,1.8767676799999995,cv
57.16455709992442,229,0.8599999999999999,-0.01074524,-2.1490479999999996,9.240906399999998,1.8481812799999995,cv
57.17597109999042,229,0.8599999999999999,-0.01055507,-2.111014,9.0773602,1.8154720399999997,cv
57.18738239991944,229,0.8599999999999999,-0.01048488,-2.096976,9.0169968,1.8033993599999998,cv
57.19876599998679,229,0.8599999999999999,-0.0108634,-2.17268,9.342524,1.8685048,cv
57.21014789992478,229,0.8599999999999999,-0.01109074,-2.2181480000000002,9.538036399999998,1.90760728,cv
57.221527999965474,229,0.8599999999999999,-0.01105985,-2.21197,9.511470999999998,1.9022941999999998,cv
57.23300049989484,229,0.8599999999999999,-0.01093465,-2.1869300000000003,9.403799,1.8807597999999999,cv
57.24462479993235,229,0.8599999999999999,-0.01075192,-2.150384,9.246651199999999,1.8493302399999996,cv
57.25609819998499,229,0.8599999999999999,-0.01054065,-2.10813,9.064959,1.8129917999999998,cv
57.26758569991216,229,0.8599999999999999,-0.01050864,-2.101728,9.0374304,1.8074860799999999,cv
57.28018559992779,230,0.8699999999999999,-0.01094126,-2.188252,9.518896199999999,1.9037792399999995,cv
57.29164479998872,230,0.8699999999999999,-0.01090859,-2.1817179999999996,9.490473299999998,1.8980946599999995,cv
57.303106599953026,230,0.8699999999999999,-0.01077269,-2.1545379999999996,9.3722403,1.8744480599999995,cv
57.31463359994814,230,0.8699999999999999,-0.01058722,-2.117444,9.2108814,1.8421762799999997,cv
57.326148899970576,230,0.8699999999999999,-0.01038276,-2.076552,9.033001199999998,1.8066002399999996,cv
57.33762879995629,230,0.8699999999999999,-0.01038497,-2.076994,9.034923899999999,1.8069847799999998,cv
57.349092299933545,230,0.8699999999999999,-0.01080885,-2.1617699999999997,9.4036995,1.8807398999999996,cv
57.36057619994972,230,0.8699999999999999,-0.01095529,-2.191058,9.531102299999999,1.9062204599999997,cv
57.37200759991538,230,0.8699999999999999,-0.01087871,-2.175742,9.464477699999998,1.8928955399999998,cv
57.38347469992004,230,0.8699999999999999,-0.01072564,-2.145128,9.331306799999998,1.86626136,cv
57.3949332999764,230,0.8699999999999999,-0.01054629,-2.1092579999999996,9.1752723,1.8350544599999994,cv
57.406383399968036,230,0.8699999999999999,-0.01033116,-2.0662320000000003,8.9881092,1.79762184,cv
57.41784429992549,230,0.8699999999999999,-0.01044212,-2.088424,9.084644399999998,1.8169288799999996,cv
57.429311299929395,230,0.8699999999999999,-0.01085852,-2.171704,9.446912399999999,1.8893824799999999,cv
57.44077629991807,230,0.8699999999999999,-0.01095167,-2.190334,9.527952899999999,1.9055905799999997,cv
57.45226049993653,230,0.8699999999999999,-0.0108523,-2.17046,9.441501,1.8883001999999995,cv
57.463757299934514,230,0.8699999999999999,-0.01068981,-2.137962,9.3001347,1.8600269399999996,cv
57.47524399997201,230,0.8699999999999999,-0.01049673,-2.0993459999999997,9.132155099999997,1.8264310199999996,cv
57.48679229989648,230,0.8699999999999999,-0.01030029,-2.060058,8.961252299999998,1.79225046,cv
57.49830929993186,230,0.8699999999999999,-0.01061671,-2.123342,9.236537699999998,1.8473075399999999,cv
57.50981339998543,230,0.8699999999999999,-0.01091429,-2.182858,9.4954323,1.8990864599999997,cv
57.52275159989949,231,0.8599999999999999,-0.0109254,-2.18508,9.395843999999999,1.8791687999999998,cv
57.53424609999638,231,0.8599999999999999,-0.01076511,-2.153022,9.257994599999998,1.8515989199999998,cv
57.54575389996171,231,0.8599999999999999,-0.0105606,-2.11212,9.082115999999997,1.8164231999999998,cv
57.55725779989734,231,0.8599999999999999,-0.01048761,-2.097522,9.019344599999998,1.8038689199999998,cv
57.568703899974935,231,0.8599999999999999,-0.01089422,-2.178844,9.369029199999998,1.8738058399999995,cv
57.58014340000227,231,0.8599999999999999,-0.01108736,-2.217472,9.535129599999998,1.9070259199999997,cv
57.59163269994315,231,0.8599999999999999,-0.01103899,-2.207798,9.4935314,1.8987062799999996,cv
57.603139599901624,231,0.8599999999999999,-0.01089232,-2.178464,9.367395199999999,1.8734790399999997,cv
57.6145155999111,231,0.8599999999999999,-0.01071737,-2.1434740000000003,9.216938199999998,1.84338764,cv
57.62599979992956,231,0.8599999999999999,-0.01051506,-2.103012,9.042951599999999,1.8085903199999998,cv
57.637497299932875,231,0.8599999999999999,-0.0105353,-2.1070599999999997,9.060357999999997,1.8120715999999994,cv
57.64900909992866,231,0.8599999999999999,-0.01096511,-2.193022,9.429994599999999,1.8859989199999998,cv
57.6605080999434,231,0.8599999999999999,-0.01109806,-2.219612,9.5443316,1.9088663199999998,cv
57.67201089998707,231,0.8599999999999999,-0.01100931,-2.2018619999999998,9.468006599999999,1.8936013199999995,cv
57.68350399995688,231,0.8599999999999999,-0.01084501,-2.169002,9.326708599999998,1.8653417199999995,cv
57.69501419994049,231,0.8599999999999999,-0.01065589,-2.131178,9.164065399999997,1.8328130799999995,cv
57.70647169998847,231,0.8599999999999999,-0.01044621,-2.0892419999999996,8.983740599999997,1.7967481199999995,cv
57.717896699905396,231,0.8599999999999999,-0.01065981,-2.131962,9.167436599999998,1.83348732,cv
57.729376899893396,231,0.8599999999999999,-0.01104084,-2.2081679999999997,9.495122399999998,1.8990244799999993,cv
57.74082439998165,231,0.8599999999999999,-0.01108666,-2.217332,9.534527599999999,1.9069055199999996,cv
57.75241239997558,231,0.8599999999999999,-0.0109732,-2.19464,9.436951999999998,1.8873904,cv
57.76523940009065,232,0.8499999999999999,-0.01074338,-2.148676,9.131872999999999,1.8263745999999998,cv
57.77703300002031,232,0.8499999999999999,-0.01060286,-2.120572,9.012431,1.8024862,cv
57.78850870009046,232,0.8499999999999999,-0.01099797,-2.199594,9.348274499999999,1.8696548999999996,cv
57.79997870011721,232,0.8499999999999999,-0.01122373,-2.244746,9.540170499999999,1.9080340999999998,cv
57.81144950003363,232,0.8499999999999999,-0.01117761,-2.235522,9.500968499999999,1.9001936999999998,cv
57.822902200045064,232,0.8499999999999999,-0.01103217,-2.2064340000000002,9.3773445,1.8754689,cv
57.83432880009059,232,0.8499999999999999,-0.0108551,-2.17102,9.226834999999998,1.8453669999999998,cv
57.84575320011936,232,0.8499999999999999,-0.01066252,-2.132504,9.063141999999997,1.8126283999999997,cv
57.85720730002504,232,0.8499999999999999,-0.01064307,-2.128614,9.046609499999999,1.8093218999999996,cv
57.868672400014475,232,0.8499999999999999,-0.01105785,-2.2115699999999996,9.399172499999999,1.8798344999999994,cv
57.880151600111276,232,0.8499999999999999,-0.01122729,-2.245458,9.543196499999999,1.9086393,cv
57.89160560001619,232,0.8499999999999999,-0.0111568,-2.23136,9.483279999999999,1.8966559999999997,cv
57.90310750005301,232,0.8499999999999999,-0.01101141,-2.202282,9.359698499999997,1.8719396999999995,cv
57.91477960010525,232,0.8499999999999999,-0.01079199,-2.158398,9.173191499999998,1.8346382999999997,cv
57.92625380004756,232,0.8499999999999999,-0.01059009,-2.118018,9.001576499999999,1.8003152999999998,cv
57.93773540004622,232,0.8499999999999999,-0.01077297,-2.154594,9.157024499999999,1.8314048999999997,cv
57.949211200117134,232,0.8499999999999999,-0.01117029,-2.234058,9.494746499999998,1.8989492999999997,cv
57.960705600096844,232,0.8499999999999999,-0.0112195,-2.2439,9.536575,1.9073149999999996,cv
57.97230650007259,232,0.8499999999999999,-0.01110685,-2.22137,9.440822499999998,1.8881644999999996,cv
57.98384750005789,232,0.8499999999999999,-0.01091436,-2.182872,9.277205999999998,1.8554411999999998,cv
57.9953406000277,232,0.8499999999999999,-0.01071279,-2.142558,9.105871499999997,1.8211742999999998,cv
58.008103699889034,233,0.8599999999999999,-0.01079419,-2.1588380000000003,9.283003399999998,1.85660068,cv
58.01950859988574,233,0.8599999999999999,-0.01107776,-2.215552,9.5268736,1.90537472,cv
58.03094979992602,233,0.8599999999999999,-0.01107144,-2.2142880000000003,9.5214384,1.90428768,cv
58.04242649988737,233,0.8599999999999999,-0.01094185,-2.18837,9.409990999999998,1.8819981999999997,cv
58.05390129995067,233,0.8599999999999999,-0.01076641,-2.153282,9.2591126,1.8518225199999996,cv
58.06540399999358,233,0.8599999999999999,-0.01056466,-2.112932,9.085607599999998,1.8171215199999995,cv
58.076871199999005,233,0.8599999999999999,-0.01047923,-2.0958460000000003,9.0121378,1.80242756,cv
58.088325599906966,233,0.8599999999999999,-0.01087224,-2.174448,9.350126399999999,1.8700252799999997,cv
58.09975719999056,233,0.8599999999999999,-0.01108742,-2.217484,9.5351812,1.9070362399999996,cv
58.11117939988617,233,0.8599999999999999,-0.01104787,-2.209574,9.501168199999999,1.9002336399999997,cv
58.12266119988635,233,0.8599999999999999,-0.01090388,-2.180776,9.377336799999998,1.8754673599999996,cv
58.13417869992554,233,0.8599999999999999,-0.0107228,-2.14456,9.221607999999998,1.8443215999999996,cv
58.14565369999036,233,0.8599999999999999,-0.01052069,-2.104138,9.047793399999998,1.8095586799999996,cv
58.157122399890795,233,0.8599999999999999,-0.01052419,-2.104838,9.050803399999998,1.8101606799999996,cv
58.16854919993784,233,0.8599999999999999,-0.01095308,-2.190616,9.4196488,1.8839297599999996,cv
58.18000299995765,233,0.8599999999999999,-0.01109876,-2.2197519999999997,9.544933599999998,1.9089867199999995,cv
58.1914998999564,233,0.8599999999999999,-0.01102345,-2.2046900000000003,9.480167,1.8960333999999999,cv
58.202942599891685,233,0.8599999999999999,-0.01086753,-2.173506,9.3460758,1.8692151599999998,cv
58.214423399884254,233,0.8599999999999999,-0.01068963,-2.137926,9.1930818,1.8386163599999998,cv
58.22599399997853,233,0.8599999999999999,-0.01047335,-2.09467,9.007080999999998,1.8014161999999996,cv
58.23759539995808,233,0.8599999999999999,-0.01063416,-2.126832,9.1453776,1.8290755199999995,cv
58.250678900047205,234,0.8699999999999999,-0.01093464,-2.186928,9.513136799999998,1.9026273599999997,cv
58.26204560010228,234,0.8699999999999999,-0.01082061,-2.164122,9.413930699999998,1.8827861399999997,cv
58.27356930007227,234,0.8699999999999999,-0.01065049,-2.130098,9.2659263,1.8531852599999996,cv
58.285026099998504,234,0.8699999999999999,-0.01044911,-2.089822,9.090725699999998,1.8181451399999997,cv
58.29649740003515,234,0.8699999999999999,-0.01030111,-2.0602220000000004,8.9619657,1.7923931400000002,cv
58.307999000069685,234,0.8699999999999999,-0.010658,-2.1316,9.27246,1.8544919999999998,cv
58.319472200004384,234,0.8699999999999999,-0.01093745,-2.18749,9.515581499999998,1.9031162999999998,cv
58.33095880004112,234,0.8699999999999999,-0.0109164,-2.18328,9.497267999999998,1.8994535999999997,cv
58.342453100020066,234,0.8699999999999999,-0.01077145,-2.15429,9.3711615,1.8742322999999999,cv
58.353950200020336,234,0.8699999999999999,-0.01059393,-2.118786,9.216719099999997,1.8433438199999999,cv
58.36541359999683,234,0.8699999999999999,-0.01038798,-2.077596,9.037542599999998,1.8075085199999998,cv
58.37690280005336,234,0.8699999999999999,-0.01036309,-2.072618,9.015888299999999,1.8031776599999996,cv
58.388345800107345,234,0.8699999999999999,-0.01079019,-2.158038,9.387465299999999,1.8774930599999997,cv
58.39973980002105,234,0.8699999999999999,-0.01095337,-2.190674,9.529431899999999,1.9058863799999997,cv
58.411157900001854,234,0.8699999999999999,-0.01089549,-2.179098,9.4790763,1.89581526,cv
58.42258310003672,234,0.8699999999999999,-0.01075245,-2.15049,9.354631499999998,1.8709262999999998,cv
58.434059200109914,234,0.8699999999999999,-0.01057868,-2.115736,9.2034516,1.8406903199999998,cv
58.44552670000121,234,0.8699999999999999,-0.01036873,-2.073746,9.020795099999997,1.8041590199999997,cv
58.45713260001503,234,0.8699999999999999,-0.01038624,-2.077248,9.036028799999999,1.8072057599999998,cv
58.46867630002089,234,0.8699999999999999,-0.01084782,-2.169564,9.437603399999997,1.8875206799999995,cv
58.48024280008394,234,0.8699999999999999,-0.01094959,-2.189918,9.5261433,1.9052286599999997,cv
58.49314299994148,235,0.8599999999999999,-0.01082723,-2.165446,9.3114178,1.8622835599999998,cv
58.50461019994691,235,0.8599999999999999,-0.01063265,-2.12653,9.144079,1.8288157999999997,cv
58.5160272999201,235,0.8599999999999999,-0.01044613,-2.089226,8.9836718,1.7967343599999999,cv
58.527532599982806,235,0.8599999999999999,-0.01068295,-2.13659,9.187337,1.8374673999999998,cv
58.53903319989331,235,0.8599999999999999,-0.01105386,-2.210772,9.506319599999998,1.9012639199999997,cv
58.55046079994645,235,0.8599999999999999,-0.01108055,-2.21611,9.529272999999998,1.9058545999999998,cv
58.56192079989705,235,0.8599999999999999,-0.01096023,-2.192046,9.425797799999998,1.8851595599999997,cv
58.573364099953324,235,0.8599999999999999,-0.0107942,-2.15884,9.283011999999998,1.8566023999999999,cv
58.58487309992779,235,0.8599999999999999,-0.01059333,-2.118666,9.110263799999998,1.8220527599999998,cv
58.59640539996326,235,0.8599999999999999,-0.01045754,-2.091508,8.993484399999998,1.7986968799999998,cv
58.60790589998942,235,0.8599999999999999,-0.01083089,-2.166178,9.3145654,1.8629130799999998,cv
58.61935499997344,235,0.8599999999999999,-0.01108335,-2.21667,9.531680999999999,1.9063362,cv
58.63083329994697,235,0.8599999999999999,-0.01105764,-2.2115280000000004,9.5095704,1.90191408,cv
58.642260499997064,235,0.8599999999999999,-0.01090719,-2.181438,9.380183399999998,1.8760366799999997,cv
58.65367179992609,235,0.8599999999999999,-0.01074412,-2.148824,9.239943199999997,1.8479886399999996,cv
58.66518679994624,235,0.8599999999999999,-0.01054989,-2.109978,9.072905399999998,1.8145810799999997,cv
58.67666159989312,235,0.8599999999999999,-0.01050185,-2.10037,9.031590999999999,1.8063181999999995,cv
58.688149499939755,235,0.8599999999999999,-0.01091401,-2.1828019999999997,9.386048599999999,1.8772097199999995,cv
58.699645199929364,235,0.8599999999999999,-0.0111008,-2.22016,9.546687999999998,1.9093375999999997,cv
58.71122029994149,235,0.8599999999999999,-0.01102933,-2.205866,9.4852238,1.8970447599999996,cv
58.72279249993153,235,0.8599999999999999,-0.01085165,-2.17033,9.332418999999998,1.8664837999999997,cv
58.73572419991251,236,0.8499999999999999,-0.01059408,-2.118816,9.004967999999998,1.8009935999999995,cv
58.74715509999078,236,0.8499999999999999,-0.01075507,-2.151014,9.141809499999999,1.8283618999999998,cv
58.75861279992387,236,0.8499999999999999,-0.01115103,-2.230206,9.478375499999999,1.8956750999999996,cv
58.77007359999698,236,0.8499999999999999,-0.01122908,-2.2458160000000005,9.544718,1.9089436000000002,cv
58.78158299997449,236,0.8499999999999999,-0.01111806,-2.223612,9.450351,1.8900701999999998,cv
58.79301449994091,236,0.8499999999999999,-0.01095715,-2.19143,9.3135775,1.8627154999999997,cv
58.80451799998991,236,0.8499999999999999,-0.01075599,-2.151198,9.142591499999998,1.8285182999999996,cv
58.815953899989836,236,0.8499999999999999,-0.01057013,-2.114026,8.984610499999999,1.7969220999999997,cv
58.827431199955754,236,0.8499999999999999,-0.01085514,-2.1710279999999997,9.226868999999999,1.8453737999999995,cv
58.838979899999686,236,0.8499999999999999,-0.01120308,-2.240616,9.522617999999998,1.9045235999999999,cv
58.85049609991256,236,0.8499999999999999,-0.01120633,-2.2412660000000004,9.525380499999999,1.9050761,cv
58.86192589998245,236,0.8499999999999999,-0.01107644,-2.215288,9.414973999999997,1.8829947999999999,cv
58.873377299983986,236,0.8499999999999999,-0.01090737,-2.181474,9.271264499999997,1.8542528999999999,cv
58.88488939998206,236,0.8499999999999999,-0.01070122,-2.140244,9.096036999999997,1.8192073999999998,cv
58.89639529993292,236,0.8499999999999999,-0.01060938,-2.121876,9.017972999999998,1.8035945999999996,cv
58.90784659993369,236,0.8499999999999999,-0.01101757,-2.203514,9.3649345,1.8729869,cv
58.919321099994704,236,0.8499999999999999,-0.01122833,-2.245666,9.544080499999998,1.9088160999999997,cv
58.93078259995673,236,0.8499999999999999,-0.01118011,-2.236022,9.503093499999999,1.9006186999999999,cv
58.94232139992528,236,0.8499999999999999,-0.01103234,-2.206468,9.377488999999999,1.8754977999999998,cv
58.95372819993645,236,0.8499999999999999,-0.0108493,-2.16986,9.221904999999998,1.8443809999999996,cv
58.965188100002706,236,0.8499999999999999,-0.01064723,-2.129446,9.0501455,1.8100291,cv
58.978174899937585,237,0.8599999999999999,-0.01096284,-2.192568,9.428042399999997,1.8856084799999997,cv
58.98959259991534,237,0.8599999999999999,-0.01110115,-2.22023,9.546988999999998,1.9093977999999996,cv
59.000990199972875,237,0.8599999999999999,-0.01102176,-2.204352,9.478713599999999,1.8957427199999999,cv
59.01240039989352,237,0.8599999999999999,-0.01087969,-2.1759379999999995,9.356533399999998,1.8713066799999993,cv
59.0238684999058,237,0.8599999999999999,-0.01069115,-2.13823,9.194389,1.8388778,cv
59.035370699944906,237,0.8599999999999999,-0.01046672,-2.093344,9.001379199999999,1.8002758399999998,cv
59.04686549992766,237,0.8599999999999999,-0.01057194,-2.114388,9.0918684,1.8183736799999997,cv
59.05830009991769,237,0.8599999999999999,-0.01098941,-2.197882,9.450892599999998,1.8901785199999996,cv
59.06975269992836,237,0.8599999999999999,-0.01109118,-2.218236,9.538414799999998,1.9076829599999998,cv
59.081256499979645,237,0.8599999999999999,-0.01099389,-2.198778,9.454745399999997,1.8909490799999997,cv
59.092726399889216,237,0.8599999999999999,-0.0108303,-2.16606,9.314057999999998,1.8628115999999997,cv
59.10422289988492,237,0.8599999999999999,-0.01063097,-2.126194,9.1426342,1.8285268399999997,cv
59.11569609993603,237,0.8599999999999999,-0.01043421,-2.086842,8.973420599999999,1.7946841199999997,cv
59.12729249999393,237,0.8599999999999999,-0.01068266,-2.136532,9.1870876,1.8374175199999996,cv
59.13880799990147,237,0.8599999999999999,-0.01106423,-2.212846,9.515237799999998,1.9030475599999996,cv
59.15025389997754,237,0.8599999999999999,-0.01106742,-2.2134840000000002,9.5179812,1.90359624,cv
59.161684799939394,237,0.8599999999999999,-0.01093854,-2.1877079999999998,9.4071444,1.8814288799999994,cv
59.173173999995925,237,0.8599999999999999,-0.0107682,-2.15364,9.260651999999999,1.8521303999999998,cv
59.18478469992988,237,0.8599999999999999,-0.01056426,-2.112852,9.0852636,1.81705272,cv
59.19639429997187,237,0.8599999999999999,-0.0104789,-2.09578,9.011853999999998,1.8023707999999998,cv
59.207973999902606,237,0.8599999999999999,-0.01093122,-2.186244,9.400849199999998,1.8801698399999995,cv
59.22165749990381,238,0.8699999999999999,-0.01084414,-2.1688280000000004,9.434401799999998,1.8868803600000001,cv
59.233259499887936,238,0.8699999999999999,-0.01060654,-2.121308,9.227689799999997,1.8455379599999997,cv
59.24472419999074,238,0.8699999999999999,-0.01040293,-2.080586,9.050549099999998,1.8101098199999996,cv
59.25615469994955,238,0.8699999999999999,-0.01032633,-2.0652660000000003,8.9839071,1.79678142,cv
59.267568999901414,238,0.8699999999999999,-0.01071343,-2.142686,9.3206841,1.8641368199999997,cv
59.27902179991361,238,0.8699999999999999,-0.01094301,-2.188602,9.520418699999999,1.9040837399999997,cv
59.29050079989247,238,0.8699999999999999,-0.01090597,-2.181194,9.488193899999999,1.8976387799999999,cv
59.301983399898745,238,0.8699999999999999,-0.01076675,-2.15335,9.367072499999999,1.8734144999999998,cv
59.31347629998345,238,0.8699999999999999,-0.01058253,-2.116506,9.206801099999998,1.8413602199999999,cv
59.32498139992822,238,0.8699999999999999,-0.01036856,-2.073712,9.020647199999999,1.8041294399999999,cv
59.33648069994524,238,0.8699999999999999,-0.01039158,-2.078316,9.040674599999997,1.8081349199999999,cv
59.347936299978755,238,0.8699999999999999,-0.01082082,-2.164164,9.414113399999998,1.8828226799999996,cv
59.359342099982314,238,0.8699999999999999,-0.01094627,-2.1892539999999996,9.523254899999998,1.9046509799999993,cv
59.370762299979106,238,0.8699999999999999,-0.0108755,-2.1751,9.461685,1.8923369999999997,cv
59.38216109992936,238,0.8699999999999999,-0.01072568,-2.145136,9.331341599999998,1.8662683199999996,cv
59.39356479991693,238,0.8699999999999999,-0.01055338,-2.1106759999999998,9.181440599999998,1.8362881199999996,cv
59.40500639996026,238,0.8699999999999999,-0.01035775,-2.0715500000000002,9.011242499999998,1.8022485,cv
59.41650579997804,238,0.8699999999999999,-0.01040479,-2.080958,9.052167299999999,1.8104334599999996,cv
59.42807799996808,238,0.8699999999999999,-0.01083303,-2.1666060000000003,9.424736099999999,1.88494722,cv
59.43959039996844,238,0.8699999999999999,-0.01095053,-2.190106,9.526961099999998,1.9053922199999997,cv
59.45113099995069,238,0.8699999999999999,-0.01084485,-2.16897,9.4350195,1.8870038999999996,cv
59.46398659993429,239,0.8599999999999999,-0.01063689,-2.1273779999999998,9.147725399999999,1.8295450799999995,cv
59.47535759990569,239,0.8599999999999999,-0.01044968,-2.089936,8.986724799999998,1.7973449599999995,cv
59.48674069996923,239,0.8599999999999999,-0.01064061,-2.1281220000000003,9.1509246,1.83018492,cv
59.49813879991416,239,0.8599999999999999,-0.01101664,-2.203328,9.474310399999998,1.8948620799999998,cv
59.509545099921525,239,0.8599999999999999,-0.01109324,-2.2186480000000004,9.5401864,1.90803728,cv
59.520962399896234,239,0.8599999999999999,-0.01099761,-2.199522,9.4579446,1.8915889199999998,cv
59.53239839989692,239,0.8599999999999999,-0.01084193,-2.168386,9.324059799999997,1.8648119599999997,cv
59.54390749998856,239,0.8599999999999999,-0.01065811,-2.131622,9.165974599999998,1.83319492,cv
59.55559729994275,239,0.8599999999999999,-0.01044346,-2.088692,8.9813756,1.7962751199999998,cv
59.56699919991661,239,0.8599999999999999,-0.01073621,-2.147242,9.233140599999999,1.8466281199999997,cv
59.57840189989656,239,0.8599999999999999,-0.01105701,-2.211402,9.509028599999999,1.9018057199999998,cv
59.58982609992381,239,0.8599999999999999,-0.01108143,-2.2162859999999998,9.5300298,1.9060059599999994,cv
59.60122899990529,239,0.8599999999999999,-0.01096547,-2.193094,9.430304199999998,1.8860608399999996,cv
59.61261729989201,239,0.8599999999999999,-0.01080256,-2.1605119999999998,9.290201599999998,1.8580403199999995,cv
59.624026499921456,239,0.8599999999999999,-0.01061851,-2.1237019999999998,9.131918599999999,1.8263837199999995,cv
59.63543429994024,239,0.8599999999999999,-0.0104376,-2.08752,8.976335999999998,1.7952671999999998,cv
59.64685629995074,239,0.8599999999999999,-0.01069197,-2.138394,9.195094199999998,1.8390188399999996,cv
59.65825300000142,239,0.8599999999999999,-0.01104439,-2.208878,9.498175399999997,1.8996350799999997,cv
59.66976139997132,239,0.8599999999999999,-0.0110841,-2.21682,9.532326,1.9064651999999995,cv
59.681432899902575,239,0.8599999999999999,-0.01094612,-2.1892240000000003,9.413663199999998,1.88273264,cv
59.69295949989464,239,0.8599999999999999,-0.01075721,-2.151442,9.251200599999999,1.8502401199999996,cv
59.706006399937905,240,0.8499999999999999,-0.01061689,-2.1233779999999998,9.024356499999998,1.8048712999999996,cv
59.71745739993639,240,0.8499999999999999,-0.01103101,-2.206202,9.376358499999998,1.8752716999999999,cv
59.7289393999381,240,0.8499999999999999,-0.01122135,-2.2442699999999998,9.5381475,1.9076294999999994,cv
59.74043029989116,240,0.8499999999999999,-0.0111593,-2.23186,9.485404999999998,1.8970809999999998,cv
59.751877999980934,240,0.8499999999999999,-0.01101224,-2.202448,9.360403999999997,1.8720807999999998,cv
59.763375199981965,240,0.8499999999999999,-0.01083042,-2.166084,9.205857,1.8411714,cv
59.77488329994958,240,0.8499999999999999,-0.0106152,-2.12304,9.02292,1.8045839999999997,cv
59.78634439990856,240,0.8499999999999999,-0.01070222,-2.140444,9.096886999999999,1.8193773999999998,cv
59.79778659995645,240,0.8499999999999999,-0.01111288,-2.222576,9.445948,1.8891895999999997,cv
59.809153999900445,240,0.8499999999999999,-0.01122268,-2.244536,9.539277999999998,1.9078555999999998,cv
59.820593699929304,240,0.8499999999999999,-0.01113756,-2.227512,9.466925999999999,1.8933851999999995,cv
59.83206139993854,240,0.8499999999999999,-0.01099137,-2.198274,9.342664499999998,1.8685328999999997,cv
59.84358429990243,240,0.8499999999999999,-0.01079706,-2.159412,9.177501,1.8355001999999998,cv
59.85504369996488,240,0.8499999999999999,-0.01058344,-2.116688,8.995923999999999,1.7991847999999997,cv
59.86668279999867,240,0.8499999999999999,-0.01080293,-2.160586,9.1824905,1.8364980999999996,cv
59.87818899995182,240,0.8499999999999999,-0.0111736,-2.2347200000000003,9.497559999999998,1.8995119999999999,cv
59.88964769989252,240,0.8499999999999999,-0.01120426,-2.2408520000000003,9.523621,1.9047242,cv
59.901156099978834,240,0.8499999999999999,-0.01108784,-2.217568,9.424663999999998,1.8849327999999996,cv
59.91281559993513,240,0.8499999999999999,-0.01090004,-2.180008,9.265033999999998,1.8530067999999997,cv
59.924300399958156,240,0.8499999999999999,-0.01068831,-2.1376619999999997,9.085063499999999,1.8170126999999996,cv
59.93582259991672,240,0.8499999999999999,-0.01060816,-2.121632,9.016935999999998,1.8033871999999997,cv
59.94867249997333,241,0.8599999999999999,-0.01109096,-2.218192,9.538225599999999,1.90764512,cv
59.96016419993248,241,0.8599999999999999,-0.01104281,-2.2085619999999997,9.496816599999999,1.8993633199999995,cv
59.971681499970146,241,0.8599999999999999,-0.0108997,-2.1799399999999998,9.373742,1.8747483999999994,cv
59.98316979990341,241,0.8599999999999999,-0.01071204,-2.142408,9.212354399999999,1.8424708799999998,cv
59.99470079992898,241,0.8599999999999999,-0.01049807,-2.099614,9.028340199999999,1.8056680399999996,cv
60.00624339992646,241,0.8599999999999999,-0.01055803,-2.1116059999999996,9.079905799999997,1.8159811599999995,cv
60.01768379996065,241,0.8599999999999999,-0.0109897,-2.19794,9.451141999999999,1.8902283999999998,cv
60.0290577999549,241,0.8599999999999999,-0.01109589,-2.2191780000000003,9.542465399999998,1.90849308,cv
60.04047889995854,241,0.8599999999999999,-0.01101104,-2.2022079999999997,9.469494399999999,1.8938988799999994,cv
60.05184679990634,241,0.8599999999999999,-0.0108634,-2.17268,9.342524,1.8685048,cv
60.06327999988571,241,0.8599999999999999,-0.01068485,-2.13697,9.188970999999997,1.8377941999999996,cv
60.07478899997659,241,0.8599999999999999,-0.01047678,-2.0953559999999998,9.0100308,1.8020061599999995,cv
60.08628109993879,241,0.8599999999999999,-0.01059456,-2.118912,9.111321599999998,1.8222643199999997,cv
60.09773249994032,241,0.8599999999999999,-0.01099343,-2.198686,9.4543498,1.8908699599999996,cv
60.10922389989719,241,0.8599999999999999,-0.01108935,-2.21787,9.536840999999999,1.9073681999999996,cv
60.12067809992004,241,0.8599999999999999,-0.01098599,-2.1971979999999998,9.447951399999997,1.8895902799999995,cv
60.13213739998173,241,0.8599999999999999,-0.01083124,-2.1662480000000004,9.3148664,1.86297328,cv
60.143607699894346,241,0.8599999999999999,-0.01063556,-2.127112,9.1465816,1.8293163199999996,cv
60.15509759995621,241,0.8599999999999999,-0.01044451,-2.088902,8.982278599999999,1.7964557199999998,cv
60.16681939992122,241,0.8599999999999999,-0.01069389,-2.138778,9.196745399999998,1.8393490799999996,cv
60.178591599920765,241,0.8599999999999999,-0.01108591,-2.2171819999999998,9.533882599999998,1.9067765199999995,cv
