time(s),cycle,voltage(V),current(A),j_current(mA/cm²),power(mW),power_density(mW/cm²),method
1.4534027999034151,0,3.8,-0.0232901,-0.9316040000000001,88.50238,3.5400952,fixed
1.5370330999139696,0,3.8,-0.02330327,-0.9321308,88.552426,3.54209704,fixed
1.6207957998849452,0,3.8,-0.02323888,-0.9295551999999999,88.307744,3.5323097599999995,fixed
1.7047654999187216,0,3.8,-0.02327674,-0.9310696,88.451612,3.53806448,fixed
1.7888596998527646,0,3.8,-0.02327596,-0.9310383999999999,88.44864799999999,3.5379459199999994,fixed
1.8731183998752385,0,3.8,-0.02312428,-0.9249712,87.87226399999999,3.51489056,fixed
1.9583846998866647,0,3.8,-0.02314279,-0.9257116000000001,87.942602,3.51770408,fixed
2.04241719993297,0,3.8,-0.02317954,-0.9271815999999999,88.08225199999998,3.5232900799999998,fixed
2.1281915000872687,1,3.9,-0.02316965,-0.926786,90.36163499999999,3.6144654,fixed
2.212273000041023,1,3.9,-0.02323663,-0.9294652000000001,90.622857,3.6249142800000005,fixed
2.296480100019835,1,3.9,-0.02303598,-0.9214392000000001,89.840322,3.5936128800000002,fixed
2.3806270000059158,1,3.9,-0.0233526,-0.934104,91.07514,3.6430056,fixed
2.4646039000945166,1,3.9,-0.02337134,-0.9348536,91.148226,3.6459290399999995,fixed
2.5485773000400513,1,3.9,-0.02336329,-0.9345316,91.11683099999999,3.64467324,fixed
2.6327343999873847,1,3.9,-0.0233758,-0.935032,91.16561999999999,3.6466247999999997,fixed
2.716727300081402,1,3.9,-0.0233489,-0.933956,91.06070999999999,3.6424284,fixed
2.800759300007485,1,3.9,-0.02331745,-0.932698,90.938055,3.6375222,fixed
2.8848578000906855,1,3.9,-0.02331847,-0.9327388000000001,90.94203300000001,3.6376813200000004,fixed
2.9688898000167683,1,3.9,-0.02337411,-0.9349644,91.159029,3.64636116,fixed
3.0530475000850856,1,3.9,-0.02338624,-0.9354496,91.206336,3.64825344,fixed
3.137100600055419,1,3.9,-0.02338034,-0.9352136,91.183326,3.64733304,fixed
3.2211518000112846,1,3.9,-0.02307994,-0.9231976000000001,90.011766,3.60047064,fixed
3.3053360000485554,1,3.9,-0.02302378,-0.9209512000000001,89.79274199999999,3.59170968,fixed
3.38957920006942,1,3.9,-0.02301578,-0.9206312,89.761542,3.5904616799999998,fixed
3.4737388000357896,1,3.9,-0.02302084,-0.9208336,89.781276,3.59125104,fixed
3.5578508999897167,1,3.9,-0.02337084,-0.9348336,91.146276,3.64585104,fixed
3.6418933999957517,1,3.9,-0.02334882,-0.9339528,91.060398,3.64241592,fixed
3.7260935000376776,1,3.9,-0.02344402,-0.9377608,91.431678,3.6572671199999998,fixed
3.809938900056295,1,3.9,-0.0234454,-0.9378160000000001,91.43706,3.6574824,fixed
3.893899100017734,1,3.9,-0.02345484,-0.9381936000000001,91.47387599999999,3.6589550400000004,fixed
3.9779788000741974,1,3.9,-0.02346045,-0.9384180000000001,91.495755,3.6598302,fixed
4.062029700027779,1,3.9,-0.02346963,-0.9387852,91.53155699999999,3.66126228,fixed
4.147617800044827,2,4.0,-0.02317209,-0.9268836,92.68836,3.7075344,fixed
4.232109900098294,2,4.0,-0.02294367,-0.9177468000000001,91.77468,3.6709872000000003,fixed
4.315920400083996,2,4.0,-0.0232296,-0.9291839999999999,92.91839999999999,3.7167359999999996,fixed
4.3994657000293955,2,4.0,-0.02323613,-0.9294452,92.94452,3.7177808,fixed
4.483078200020827,2,4.0,-0.02332608,-0.9330431999999999,93.30431999999999,3.7321727999999994,fixed
4.566740000038408,2,4.0,-0.02326563,-0.9306251999999999,93.06251999999999,3.7225007999999997,fixed
4.6505011999979615,2,4.0,-0.02294486,-0.9177944000000001,91.77944000000001,3.6711776000000005,fixed
4.734391400008462,2,4.0,-0.02290468,-0.9161872,91.61872,3.6647488,fixed
4.818613399984315,2,4.0,-0.02329953,-0.9319811999999998,93.19811999999999,3.7279247999999994,fixed
4.902667100075632,2,4.0,-0.02328919,-0.9315676,93.15676,3.7262704,fixed
4.9868476000847295,2,4.0,-0.02304274,-0.9217095999999999,92.17096,3.6868383999999996,fixed
5.0710155999986455,2,4.0,-0.02322286,-0.9289144,92.89144,3.7156576,fixed
5.1553407000610605,2,4.0,-0.02329788,-0.9319151999999999,93.19152,3.7276607999999998,fixed
5.239512800006196,2,4.0,-0.02327862,-0.9311448,93.11448,3.7245792,fixed
5.323611900093965,2,4.0,-0.02330056,-0.9320224,93.20224,3.7280896,fixed
5.407898800098337,2,4.0,-0.02332471,-0.9329883999999999,93.29884,3.7319535999999998,fixed
5.492090700077824,2,4.0,-0.023348,-0.93392,93.392,3.73568,fixed
5.576342000043951,2,4.0,-0.02334431,-0.9337724000000001,93.37724,3.7350896000000002,fixed
5.660648700082675,2,4.0,-0.02338009,-0.9352035999999999,93.52036,3.7408143999999997,fixed
5.744997800095007,2,4.0,-0.02339331,-0.9357324,93.57324,3.7429296,fixed
5.8293562000617385,2,4.0,-0.02336062,-0.9344247999999999,93.44247999999999,3.7376991999999998,fixed
5.913493000087328,2,4.0,-0.02329697,-0.9318788000000001,93.18788,3.7275152000000005,fixed
5.9978533000685275,2,4.0,-0.02335841,-0.9343364,93.43364,3.7373456,fixed
6.082263700081967,2,4.0,-0.02337679,-0.9350716,93.50716,3.7402864,fixed
6.1679567999672145,3,4.1,-0.02312213,-0.9248852000000001,94.800733,3.79202932,fixed
6.252184699871577,3,4.1,-0.02313697,-0.9254787999999999,94.86157699999998,3.7944630799999994,fixed
6.336148099973798,3,4.1,-0.02314385,-0.925754,94.88978499999999,3.7955913999999997,fixed
6.420038899872452,3,4.1,-0.02313622,-0.9254488,94.85850199999999,3.7943400799999996,fixed
6.504187999875285,3,4.1,-0.02312835,-0.9251339999999999,94.82623499999998,3.7930493999999992,fixed
6.5883931999560446,3,4.1,-0.02313266,-0.9253063999999999,94.84390599999999,3.793756239999999,fixed
6.672638299874961,3,4.1,-0.02312608,-0.9250432000000001,94.81692799999999,3.79267712,fixed
6.757097699912265,3,4.1,-0.02312362,-0.9249448000000001,94.806842,3.79227368,fixed
6.841463499935344,3,4.1,-0.02314179,-0.9256716,94.88133899999998,3.79525356,fixed
6.925844399956986,3,4.1,-0.02315243,-0.9260972000000001,94.924963,3.79699852,fixed
7.010080299922265,3,4.1,-0.02314762,-0.9259048,94.905242,3.7962096799999996,fixed
7.094352999934927,3,4.1,-0.02318113,-0.9272452,95.042633,3.8017053199999995,fixed
7.178488899953663,3,4.1,-0.02316855,-0.926742,94.99105499999999,3.7996421999999996,fixed
7.262789199943654,3,4.1,-0.02316391,-0.9265564,94.97203099999999,3.7988812399999996,fixed
7.347086599911563,3,4.1,-0.02315407,-0.9261627999999998,94.93168699999998,3.797267479999999,fixed
7.431511899922043,3,4.1,-0.02311434,-0.9245736000000001,94.76879399999999,3.79075176,fixed
7.5156747999135405,3,4.1,-0.02316179,-0.9264716,94.96333899999999,3.7985335599999996,fixed
7.599287599907257,3,4.1,-0.02318047,-0.9272188000000001,95.03992699999999,3.80159708,fixed
7.683155099977739,3,4.1,-0.02313573,-0.9254292,94.85649299999999,3.7942597199999994,fixed
7.76733379997313,3,4.1,-0.02310756,-0.9243024,94.740996,3.7896398399999995,fixed
7.851490699918941,3,4.1,-0.02314862,-0.9259448,94.909342,3.79637368,fixed
7.935817999881692,3,4.1,-0.02319461,-0.9277844000000001,95.097901,3.80391604,fixed
8.022581899887882,3,4.1,-0.02321343,-0.9285372,95.175063,3.8070025199999993,fixed
8.10763819993008,3,4.1,-0.0231983,-0.9279320000000001,95.11303,3.8045212,fixed
8.196254099952057,4,4.199999999999999,-0.02285704,-0.9142815999999999,95.99956799999998,3.839982719999999,fixed
8.2804442999186,4,4.199999999999999,-0.02291013,-0.9164052000000001,96.222546,3.84890184,fixed
8.364494899986312,4,4.199999999999999,-0.02292069,-0.9168276,96.26689799999998,3.850675919999999,fixed
8.44837599992752,4,4.199999999999999,-0.02286534,-0.9146136,96.03442799999999,3.8413771199999993,fixed
8.532948899897747,4,4.199999999999999,-0.02247929,-0.8991716,94.41301799999998,3.7765207199999993,fixed
8.617666599922813,4,4.199999999999999,-0.02287391,-0.9149564000000001,96.070422,3.84281688,fixed
8.702019099961035,4,4.199999999999999,-0.02287578,-0.9150311999999999,96.07827599999997,3.843131039999999,fixed
8.786327999900095,4,4.199999999999999,-0.02289846,-0.9159384,96.17353199999998,3.8469412799999994,fixed
8.870399999897927,4,4.199999999999999,-0.02290605,-0.916242,96.20540999999999,3.848216399999999,fixed
8.954425199888647,4,4.199999999999999,-0.02287145,-0.9148580000000002,96.06008999999999,3.8424036,fixed
9.038755099871196,4,4.199999999999999,-0.02287559,-0.9150236,96.077478,3.8430991199999998,fixed
9.122905199881643,4,4.199999999999999,-0.02288397,-0.9153588,96.11267399999998,3.8445069599999995,fixed
9.20700209995266,4,4.199999999999999,-0.02288905,-0.915562,96.13400999999999,3.8453603999999992,fixed
9.29136449994985,4,4.199999999999999,-0.02287274,-0.9149096,96.06550799999998,3.842620319999999,fixed
9.375654599978589,4,4.199999999999999,-0.02259724,-0.9038896,94.90840799999998,3.796336319999999,fixed
9.459759199875407,4,4.199999999999999,-0.02290423,-0.9161692000000001,96.19776599999999,3.84791064,fixed
9.544219099916518,4,4.199999999999999,-0.02286267,-0.9145068000000001,96.023214,3.8409285599999996,fixed
9.62858169991523,4,4.199999999999999,-0.02286229,-0.9144916000000001,96.02161799999999,3.8408647199999995,fixed
9.71294619992841,4,4.199999999999999,-0.02289413,-0.9157651999999998,96.15534599999998,3.8462138399999986,fixed
9.797216599923559,4,4.199999999999999,-0.02285718,-0.9142872,96.00015599999999,3.8400062399999992,fixed
9.88158669997938,4,4.199999999999999,-0.02287121,-0.9148483999999999,96.05908199999998,3.842363279999999,fixed
9.96596639987547,4,4.199999999999999,-0.02288465,-0.915386,96.11552999999998,3.8446211999999993,fixed
10.050349699915387,4,4.199999999999999,-0.02288759,-0.9155036,96.12787799999998,3.845115119999999,fixed
10.134718899964355,4,4.199999999999999,-0.02291563,-0.9166252,96.24564599999998,3.8498258399999994,fixed
10.22034029988572,5,4.299999999999999,-0.02252718,-0.9010872000000001,96.86687399999998,3.8746749599999992,fixed
10.304724899935536,5,4.299999999999999,-0.0225736,-0.902944,97.06647999999997,3.882659199999999,fixed
10.388559599872679,5,4.299999999999999,-0.02256018,-0.9024072,97.00877399999997,3.880350959999999,fixed
10.4724794998765,5,4.299999999999999,-0.02256261,-0.9025044,97.01922299999997,3.880768919999999,fixed
10.556640099966899,5,4.299999999999999,-0.02256661,-0.9026644,97.03642299999998,3.8814569199999993,fixed
10.64097149996087,5,4.299999999999999,-0.02258083,-0.9032332,97.09756899999998,3.883902759999999,fixed
10.725328699918464,5,4.299999999999999,-0.02244055,-0.897622,96.49436499999997,3.8597745999999993,fixed
10.809581599896774,5,4.299999999999999,-0.02256765,-0.902706,97.04089499999999,3.881635799999999,fixed
10.893932099919766,5,4.299999999999999,-0.02255247,-0.9020988000000001,96.97562099999999,3.8790248399999996,fixed
10.97831649996806,5,4.299999999999999,-0.02257383,-0.9029532,97.06746899999997,3.882698759999999,fixed
11.062579699908383,5,4.299999999999999,-0.0225566,-0.902264,96.99337999999997,3.879735199999999,fixed
11.147193299955688,5,4.299999999999999,-0.02196845,-0.878738,94.46433499999998,3.778573399999999,fixed
11.231548499898054,5,4.299999999999999,-0.02201432,-0.8805728,94.66157599999998,3.7864630399999992,fixed
11.31599049991928,5,4.299999999999999,-0.02209243,-0.8836972,94.99744899999997,3.7998979599999987,fixed
11.400269899982959,5,4.299999999999999,-0.02201805,-0.8807220000000001,94.67761499999997,3.7871045999999997,fixed
11.484315799898468,5,4.299999999999999,-0.02196949,-0.8787796,94.46880699999998,3.778752279999999,fixed
11.568741999915801,5,4.299999999999999,-0.02194674,-0.8778695999999999,94.37098199999998,3.774839279999999,fixed
11.653116799890995,5,4.299999999999999,-0.0219657,-0.8786280000000001,94.45250999999998,3.7781003999999996,fixed
11.73731059988495,5,4.299999999999999,-0.02202852,-0.8811408000000001,94.72263599999997,3.7889054399999993,fixed
11.821762599982321,5,4.299999999999999,-0.02199525,-0.8798100000000001,94.57957499999999,3.7831829999999993,fixed
11.90613569994457,5,4.299999999999999,-0.02254,-0.9016000000000001,96.92199999999998,3.8768799999999994,fixed
11.990447599906474,5,4.299999999999999,-0.02253132,-0.9012528000000001,96.88467599999997,3.8753870399999992,fixed
12.07476649992168,5,4.299999999999999,-0.02251902,-0.9007608,96.83178599999998,3.873271439999999,fixed
12.15916139993351,5,4.299999999999999,-0.02257752,-0.9031008,97.08333599999997,3.883333439999999,fixed
12.244757099892013,6,4.399999999999999,-0.02218439,-0.8873755999999999,97.61131599999996,3.9044526399999984,fixed
12.328866199939512,6,4.399999999999999,-0.02210029,-0.8840116,97.24127599999997,3.8896510399999986,fixed
12.41259069996886,6,4.399999999999999,-0.02218073,-0.8872292,97.59521199999996,3.903808479999999,fixed
12.496585199958645,6,4.399999999999999,-0.02219365,-0.8877459999999999,97.65205999999996,3.9060823999999985,fixed
12.580859899986535,6,4.399999999999999,-0.02221985,-0.8887940000000001,97.76733999999996,3.910693599999999,fixed
12.665118699893355,6,4.399999999999999,-0.02220394,-0.8881576,97.69733599999996,3.9078934399999987,fixed
12.749491499969736,6,4.399999999999999,-0.02220298,-0.8881192,97.69311199999997,3.907724479999999,fixed
12.833635999937542,6,4.399999999999999,-0.0216874,-0.867496,95.42455999999996,3.8169823999999988,fixed
12.91793129988946,6,4.399999999999999,-0.02166128,-0.8664512000000001,95.30963199999998,3.812385279999999,fixed
13.002299099927768,6,4.399999999999999,-0.02164599,-0.8658396,95.24235599999997,3.809694239999999,fixed
13.086678999941796,6,4.399999999999999,-0.02165297,-0.8661188,95.27306799999998,3.8109227199999984,fixed
13.171006299904548,6,4.399999999999999,-0.02164993,-0.8659972,95.25969199999997,3.810387679999999,fixed
13.255377499968745,6,4.399999999999999,-0.02167305,-0.866922,95.36141999999997,3.8144567999999985,fixed
13.339770799968392,6,4.399999999999999,-0.02170021,-0.8680084000000001,95.48092399999997,3.819236959999999,fixed
13.424150399980135,6,4.399999999999999,-0.02218858,-0.8875432,97.62975199999997,3.905190079999999,fixed
13.508522899937816,6,4.399999999999999,-0.0219732,-0.8789279999999999,96.68207999999996,3.8672831999999984,fixed
13.592997799976729,6,4.399999999999999,-0.02188415,-0.8753660000000001,96.29025999999998,3.8516103999999993,fixed
13.677244799910113,6,4.399999999999999,-0.02185224,-0.8740895999999999,96.14985599999996,3.8459942399999982,fixed
13.761455199914053,6,4.399999999999999,-0.02185221,-0.8740884,96.14972399999996,3.845988959999999,fixed
13.845627499977127,6,4.399999999999999,-0.02186694,-0.8746775999999999,96.21453599999998,3.8485814399999985,fixed
13.929926099954173,6,4.399999999999999,-0.0218737,-0.874948,96.24427999999996,3.8497711999999984,fixed
14.014270099927671,6,4.399999999999999,-0.02166848,-0.8667391999999999,95.34131199999997,3.8136524799999987,fixed
14.09850009996444,6,4.399999999999999,-0.0216524,-0.866096,95.27055999999996,3.810822399999999,fixed
14.183487899950705,6,4.399999999999999,-0.021638,-0.8655200000000001,95.20719999999997,3.8082879999999992,fixed
14.269317899947055,7,4.499999999999998,-0.02122581,-0.8490324000000001,95.51614499999997,3.820645799999999,fixed
14.353683899971657,7,4.499999999999998,-0.02126797,-0.8507188000000001,95.70586499999996,3.828234599999999,fixed
14.437574799871072,7,4.499999999999998,-0.02126558,-0.8506232,95.69510999999996,3.8278043999999984,fixed
14.521300399908796,7,4.499999999999998,-0.02123994,-0.8495975999999998,95.57972999999996,3.8231891999999976,fixed
14.60547409998253,7,4.499999999999998,-0.02123412,-0.8493647999999999,95.55353999999996,3.822141599999998,fixed
14.68971009994857,7,4.499999999999998,-0.02126874,-0.8507496,95.70932999999997,3.8283731999999984,fixed
14.773990899906494,7,4.499999999999998,-0.02124828,-0.8499312,95.61725999999997,3.8246903999999984,fixed
14.858239899971522,7,4.499999999999998,-0.0212405,-0.8496199999999999,95.58224999999995,3.8232899999999983,fixed
14.942495999974199,7,4.499999999999998,-0.02122205,-0.848882,95.49922499999997,3.8199689999999986,fixed
15.026745399925858,7,4.499999999999998,-0.02125613,-0.8502452000000001,95.65258499999997,3.826103399999999,fixed
15.111098199966364,7,4.499999999999998,-0.02126425,-0.8505699999999998,95.68912499999996,3.8275649999999977,fixed
15.195510299876332,7,4.499999999999998,-0.02122035,-0.848814,95.49157499999995,3.8196629999999985,fixed
15.279945699963719,7,4.499999999999998,-0.02124773,-0.8499092,95.61478499999997,3.8245913999999988,fixed
15.36418379994575,7,4.499999999999998,-0.02126223,-0.8504892,95.68003499999998,3.827201399999998,fixed
15.448500199941918,7,4.499999999999998,-0.02126061,-0.8504244,95.67274499999996,3.8269097999999984,fixed
15.53292149992194,7,4.499999999999998,-0.02125556,-0.8502223999999999,95.65001999999996,3.8260007999999983,fixed
15.617277199984528,7,4.499999999999998,-0.021257,-0.85028,95.65649999999997,3.8262599999999987,fixed
15.701679199934006,7,4.499999999999998,-0.0212482,-0.8499279999999999,95.61689999999994,3.824675999999998,fixed
15.786073799943551,7,4.499999999999998,-0.02125181,-0.8500724,95.63314499999996,3.825325799999998,fixed
15.87025089992676,7,4.499999999999998,-0.0212682,-0.850728,95.70689999999998,3.8282759999999985,fixed
15.954510899959132,7,4.499999999999998,-0.02127039,-0.8508156,95.71675499999996,3.8286701999999986,fixed
16.03878269996494,7,4.499999999999998,-0.02126734,-0.8506936,95.70302999999996,3.8281211999999987,fixed
16.12325259996578,7,4.499999999999998,-0.02130053,-0.8520212,95.85238499999997,3.8340953999999985,fixed
16.20751749991905,7,4.499999999999998,-0.02131541,-0.8526164,95.91934499999996,3.8367737999999987,fixed
16.293450599885546,8,4.449999999999998,-0.02172195,-0.868878,96.66267749999996,3.866507099999999,fixed
16.377891999902204,8,4.449999999999998,-0.02151177,-0.8604708,95.72737649999996,3.8290950599999984,fixed
16.461955899954773,8,4.449999999999998,-0.02153663,-0.8614652,95.83800349999997,3.8335201399999987,fixed
16.545819699880667,8,4.449999999999998,-0.02152816,-0.8611264,95.80031199999998,3.8320124799999986,fixed
16.629874099977314,8,4.449999999999998,-0.02199431,-0.8797723999999999,97.87467949999997,3.914987179999998,fixed
16.714127699960954,8,4.449999999999998,-0.02186239,-0.8744955999999999,97.28763549999995,3.8915054199999983,fixed
16.800083599984646,8,4.449999999999998,-0.02152993,-0.8611972,95.80818849999996,3.8323275399999988,fixed
16.884176699910313,8,4.449999999999998,-0.021974,-0.87896,97.78429999999996,3.9113719999999983,fixed
16.96820299990941,8,4.449999999999998,-0.02198517,-0.8794067999999998,97.83400649999996,3.913360259999998,fixed
17.052160599967465,8,4.449999999999998,-0.02198549,-0.8794196,97.83543049999996,3.9134172199999986,fixed
17.136554799973965,8,4.449999999999998,-0.02201127,-0.8804508,97.95015149999996,3.9180060599999984,fixed
17.22074589994736,8,4.449999999999998,-0.02201448,-0.8805792,97.96443599999996,3.9185774399999986,fixed
17.304993499885313,8,4.449999999999998,-0.02201496,-0.8805983999999999,97.96657199999996,3.918662879999998,fixed
17.389192699920386,8,4.449999999999998,-0.02201691,-0.8806764,97.97524949999998,3.919009979999999,fixed
17.473340699914843,8,4.449999999999998,-0.02194938,-0.8779752000000001,97.67474099999997,3.906989639999999,fixed
17.557414699927904,8,4.449999999999998,-0.02136555,-0.854622,95.07669749999998,3.8030678999999985,fixed
17.641380699933507,8,4.449999999999998,-0.02168329,-0.8673316,96.49064049999997,3.8596256199999983,fixed
17.72554119990673,8,4.449999999999998,-0.02202736,-0.8810943999999999,98.02175199999996,3.9208700799999985,fixed
17.80996789992787,8,4.449999999999998,-0.02206252,-0.8825008,98.17821399999995,3.9271285599999985,fixed
17.89431209990289,8,4.449999999999998,-0.02200892,-0.8803567999999999,97.93969399999996,3.917587759999998,fixed
17.97896769992076,8,4.449999999999998,-0.02202161,-0.8808644,97.99616449999996,3.9198465799999984,fixed
18.063360399915837,8,4.449999999999998,-0.02200449,-0.8801796000000001,97.91998049999998,3.916799219999999,fixed
18.147731799981557,8,4.449999999999998,-0.02194628,-0.8778511999999999,97.66094599999995,3.9064378399999984,fixed
18.232172299874946,8,4.449999999999998,-0.02200089,-0.8800355999999999,97.90396049999995,3.916158419999998,fixed
18.317945700022392,9,4.399999999999999,-0.02220326,-0.8881304,97.69434399999996,3.9077737599999987,fixed
18.40226610004902,9,4.399999999999999,-0.02220634,-0.8882536000000001,97.70789599999998,3.9083158399999993,fixed
18.486321300035343,9,4.399999999999999,-0.02218021,-0.8872084,97.59292399999997,3.903716959999999,fixed
18.56982940004673,9,4.399999999999999,-0.02220369,-0.8881476,97.69623599999998,3.907849439999999,fixed
18.65342490002513,9,4.399999999999999,-0.02216946,-0.8867783999999999,97.54562399999996,3.901824959999998,fixed
18.737068600021303,9,4.399999999999999,-0.02215965,-0.886386,97.50245999999997,3.9000983999999987,fixed
18.82105330005288,9,4.399999999999999,-0.02217824,-0.8871296,97.58425599999997,3.9033702399999988,fixed
18.905296600074507,9,4.399999999999999,-0.02218369,-0.8873475999999999,97.60823599999996,3.9043294399999984,fixed
18.989693299983628,9,4.399999999999999,-0.02218333,-0.8873332,97.60665199999997,3.904266079999999,fixed
19.074045700021088,9,4.399999999999999,-0.02218779,-0.8875116,97.62627599999998,3.9050510399999987,fixed
19.158318200032227,9,4.399999999999999,-0.02221501,-0.8886004,97.74604399999998,3.9098417599999986,fixed
19.24275870004203,9,4.399999999999999,-0.02220117,-0.8880467999999999,97.68514799999997,3.907405919999998,fixed
19.32690960005857,9,4.399999999999999,-0.02220077,-0.8880308000000001,97.68338799999998,3.9073355199999993,fixed
19.410901400027797,9,4.399999999999999,-0.02223049,-0.8892196,97.81415599999995,3.9125662399999985,fixed
19.49542609998025,9,4.399999999999999,-0.02220708,-0.8882832,97.71115199999997,3.908446079999999,fixed
19.57955770008266,9,4.399999999999999,-0.02211212,-0.8844847999999998,97.29332799999997,3.8917331199999983,fixed
19.663949400070123,9,4.399999999999999,-0.0216614,-0.866456,95.31015999999998,3.8124063999999986,fixed
19.748328100075014,9,4.399999999999999,-0.02165779,-0.8663116,95.29427599999997,3.8117710399999987,fixed
19.832670200034045,9,4.399999999999999,-0.02165841,-0.8663364,95.29700399999996,3.811880159999999,fixed
19.917206400074065,9,4.399999999999999,-0.02164815,-0.8659260000000001,95.25185999999998,3.810074399999999,fixed
20.000961299985647,9,4.399999999999999,-0.02167173,-0.8668692,95.35561199999997,3.8142244799999987,fixed
20.084962400025688,9,4.399999999999999,-0.0216765,-0.86706,95.37659999999998,3.815063999999999,fixed
20.169084700057283,9,4.399999999999999,-0.02169735,-0.867894,95.46833999999997,3.818733599999999,fixed
20.253390400088392,9,4.399999999999999,-0.02216757,-0.8867028,97.53730799999998,3.9014923199999987,fixed
20.339536299929023,10,4.449999999999998,-0.02191262,-0.8765048,97.51115899999998,3.9004463599999983,fixed
20.42388639994897,10,4.449999999999998,-0.02202735,-0.881094,98.02170749999998,3.9208682999999986,fixed
20.507823499967344,10,4.449999999999998,-0.02197558,-0.8790232,97.79133099999997,3.911653239999999,fixed
20.591732299886644,10,4.449999999999998,-0.02186911,-0.8747644,97.31753949999997,3.8927015799999984,fixed
20.675697499886155,10,4.449999999999998,-0.02144809,-0.8579236,95.44400049999996,3.817760019999999,fixed
20.75989899993874,10,4.449999999999998,-0.02147686,-0.8590744000000001,95.57202699999996,3.8228810799999993,fixed
20.84460859990213,10,4.449999999999998,-0.02146487,-0.8585948000000001,95.51867149999997,3.820746859999999,fixed
20.929002399905585,10,4.449999999999998,-0.0214418,-0.857672,95.41600999999997,3.8166403999999985,fixed
21.01333819993306,10,4.449999999999998,-0.02145266,-0.8581063999999999,95.46433699999996,3.818573479999998,fixed
21.097670699935406,10,4.449999999999998,-0.02145807,-0.8583227999999999,95.48841149999997,3.8195364599999984,fixed
21.18202189996373,10,4.449999999999998,-0.02149173,-0.8596692,95.63819849999996,3.825527939999999,fixed
21.266356499982066,10,4.449999999999998,-0.02150499,-0.8601996000000001,95.69720549999998,3.827888219999999,fixed
21.350605099927634,10,4.449999999999998,-0.02145894,-0.8583575999999999,95.49228299999996,3.8196913199999982,fixed
21.43759149988182,10,4.449999999999998,-0.02142332,-0.8569328,95.33377399999996,3.813350959999999,fixed
21.523163999896497,10,4.449999999999998,-0.02142883,-0.8571532,95.35829349999997,3.8143317399999983,fixed
21.60802349995356,10,4.449999999999998,-0.021425,-0.857,95.34124999999996,3.8136499999999987,fixed
21.69206019991543,10,4.449999999999998,-0.02144058,-0.8576232,95.41058099999997,3.816423239999999,fixed
21.776388799888082,10,4.449999999999998,-0.02142903,-0.8571612000000001,95.35918349999997,3.814367339999999,fixed
21.86070779990405,10,4.449999999999998,-0.02144873,-0.8579491999999999,95.44684849999996,3.817873939999998,fixed
21.946366799878888,10,4.449999999999998,-0.0214388,-0.857552,95.40265999999997,3.8161063999999985,fixed
22.030672299908474,10,4.449999999999998,-0.02143539,-0.8574155999999999,95.38748549999997,3.8154994199999983,fixed
22.114913999917917,10,4.449999999999998,-0.02147216,-0.8588863999999999,95.55111199999996,3.8220444799999984,fixed
22.199306499911472,10,4.449999999999998,-0.02142675,-0.8570700000000001,95.34903749999997,3.813961499999999,fixed
22.283709399984218,10,4.449999999999998,-0.02141698,-0.8566792,95.30556099999995,3.8122224399999984,fixed
22.369488599942997,11,4.399999999999999,-0.02164648,-0.8658592,95.24451199999996,3.809780479999999,fixed
22.453827699879184,11,4.399999999999999,-0.02163591,-0.8654364000000001,95.19800399999997,3.807920159999999,fixed
22.538023099885322,11,4.399999999999999,-0.02169154,-0.8676616,95.44277599999997,3.817711039999999,fixed
22.621969099971466,11,4.399999999999999,-0.02163601,-0.8654404000000001,95.19844399999997,3.8079377599999993,fixed
22.706149799982086,11,4.399999999999999,-0.02162399,-0.8649595999999999,95.14555599999997,3.8058222399999986,fixed
22.79030499991495,11,4.399999999999999,-0.02165106,-0.8660424,95.26466399999997,3.8105865599999986,fixed
22.87493099994026,11,4.399999999999999,-0.02165066,-0.8660264,95.26290399999996,3.810516159999999,fixed
22.959125299938023,11,4.399999999999999,-0.02163498,-0.8653992000000001,95.19391199999998,3.807756479999999,fixed
23.04342059988994,11,4.399999999999999,-0.02162503,-0.8650011999999999,95.15013199999997,3.8060052799999986,fixed
23.127719899872318,11,4.399999999999999,-0.02166204,-0.8664816000000001,95.31297599999996,3.8125190399999993,fixed
23.211878299945965,11,4.399999999999999,-0.0216291,-0.8651639999999999,95.16803999999996,3.8067215999999986,fixed
23.296255499939434,11,4.399999999999999,-0.02162584,-0.8650336,95.15369599999997,3.8061478399999986,fixed
23.38094129995443,11,4.399999999999999,-0.02162563,-0.8650252,95.15277199999997,3.806110879999999,fixed
23.465447899885476,11,4.399999999999999,-0.02162553,-0.8650212,95.15233199999996,3.806093279999999,fixed
23.549854899873026,11,4.399999999999999,-0.02163637,-0.8654548,95.20002799999996,3.808001119999999,fixed
23.63404899998568,11,4.399999999999999,-0.02164352,-0.8657408,95.23148799999996,3.8092595199999986,fixed
23.718489699880593,11,4.399999999999999,-0.02166942,-0.8667767999999999,95.34544799999996,3.813817919999998,fixed
23.802822099882178,11,4.399999999999999,-0.02164155,-0.8656619999999999,95.22281999999996,3.8089127999999985,fixed
23.886952999979258,11,4.399999999999999,-0.02162695,-0.8650779999999999,95.15857999999996,3.8063431999999984,fixed
23.97105669998564,11,4.399999999999999,-0.02160587,-0.8642348,95.06582799999997,3.8026331199999985,fixed
24.055300899897702,11,4.399999999999999,-0.02162683,-0.8650731999999999,95.15805199999997,3.8063220799999984,fixed
24.13952659990173,11,4.399999999999999,-0.02167916,-0.8671664,95.38830399999996,3.8155321599999987,fixed
24.223646399914287,11,4.399999999999999,-0.02164135,-0.8656539999999999,95.22193999999996,3.8088775999999984,fixed
24.308130899909884,11,4.399999999999999,-0.02160933,-0.8643732,95.08105199999997,3.8032420799999986,fixed
24.39386229997035,12,4.449999999999998,-0.02143718,-0.8574872,95.39545099999997,3.8158180399999986,fixed
24.478264699922875,12,4.449999999999998,-0.02143629,-0.8574516,95.39149049999996,3.8156596199999986,fixed
24.56221889995504,12,4.449999999999998,-0.02145948,-0.8583792,95.49468599999997,3.8197874399999985,fixed
24.646184899960645,12,4.449999999999998,-0.02146692,-0.8586768,95.52779399999997,3.8211117599999986,fixed
24.730386999901384,12,4.449999999999998,-0.02140668,-0.8562672,95.25972599999997,3.8103890399999987,fixed
24.814474999904633,12,4.449999999999998,-0.02141886,-0.8567544000000001,95.31392699999996,3.812557079999999,fixed
24.898818499874324,12,4.449999999999998,-0.02144347,-0.8577387999999999,95.42344149999995,3.8169376599999985,fixed
24.983137799892575,12,4.449999999999998,-0.02147193,-0.8588772,95.55008849999996,3.8220035399999985,fixed
25.06760429998394,12,4.449999999999998,-0.02146156,-0.8584624000000001,95.50394199999997,3.820157679999999,fixed
25.152093599899672,12,4.449999999999998,-0.02142926,-0.8571704,95.36020699999996,3.8144082799999985,fixed
25.23632019991055,12,4.449999999999998,-0.02146114,-0.8584456,95.50207299999997,3.8200829199999986,fixed
25.32121969992295,12,4.449999999999998,-0.02141823,-0.8567292000000001,95.31112349999997,3.812444939999999,fixed
25.405429699923843,12,4.449999999999998,-0.02142789,-0.8571156000000001,95.35411049999998,3.814164419999999,fixed
25.489526699879207,12,4.449999999999998,-0.02142133,-0.8568531999999999,95.32491849999997,3.812996739999998,fixed
25.573741299915127,12,4.449999999999998,-0.02140545,-0.8562179999999999,95.25425249999996,3.8101700999999983,fixed
25.65798239992,12,4.449999999999998,-0.02145968,-0.8583871999999999,95.49557599999996,3.8198230399999984,fixed
25.742395499954,12,4.449999999999998,-0.02144749,-0.8578996,95.44133049999996,3.8176532199999986,fixed
25.826787099940702,12,4.449999999999998,-0.02142685,-0.8570740000000001,95.34948249999997,3.8139792999999993,fixed
25.911192199913785,12,4.449999999999998,-0.02142036,-0.8568144,95.32060199999997,3.8128240799999986,fixed
25.995585099910386,12,4.449999999999998,-0.02141166,-0.8564664,95.28188699999997,3.8112754799999986,fixed
26.07994049997069,12,4.449999999999998,-0.02144499,-0.8577996,95.43020549999996,3.8172082199999986,fixed
26.164327299920842,12,4.449999999999998,-0.02143744,-0.8574976,95.39660799999997,3.8158643199999984,fixed
26.248723999946378,12,4.449999999999998,-0.02143416,-0.8573664000000001,95.38201199999997,3.815280479999999,fixed
26.33296569995582,12,4.449999999999998,-0.02143469,-0.8573876,95.38437049999997,3.815374819999999,fixed
26.418603400001302,13,4.499999999999998,-0.02119975,-0.8479899999999999,95.39887499999996,3.815954999999998,fixed
26.503034200053662,13,4.499999999999998,-0.02123823,-0.8495292000000001,95.57203499999996,3.822881399999999,fixed
26.587403599987738,13,4.499999999999998,-0.02120475,-0.84819,95.42137499999997,3.8168549999999986,fixed
26.671344900038093,13,4.499999999999998,-0.02121946,-0.8487783999999999,95.48756999999995,3.819502799999998,fixed
26.75554710009601,13,4.499999999999998,-0.02124212,-0.8496848,95.58953999999996,3.8235815999999985,fixed
26.839908000081778,13,4.499999999999998,-0.02123061,-0.8492244000000001,95.53774499999997,3.821509799999999,fixed
26.924391000065953,13,4.499999999999998,-0.02121891,-0.8487564000000001,95.48509499999996,3.819403799999999,fixed
27.008595500024967,13,4.499999999999998,-0.02122124,-0.8488495999999999,95.49557999999996,3.819823199999998,fixed
27.09293050004635,13,4.499999999999998,-0.02124528,-0.8498111999999999,95.60375999999995,3.824150399999998,fixed
27.17714650009293,13,4.499999999999998,-0.02126234,-0.8504936000000001,95.68052999999998,3.827221199999999,fixed
27.2615317000309,13,4.499999999999998,-0.02123378,-0.8493512,95.55200999999997,3.822080399999998,fixed
27.345906500006095,13,4.499999999999998,-0.02122609,-0.8490436,95.51740499999995,3.8206961999999987,fixed
27.43024710007012,13,4.499999999999998,-0.0212385,-0.8495400000000001,95.57324999999997,3.8229299999999986,fixed
27.514483600039966,13,4.499999999999998,-0.02124607,-0.8498428,95.60731499999996,3.8242925999999984,fixed
27.598937200033106,13,4.499999999999998,-0.0212436,-0.849744,95.59619999999997,3.8238479999999986,fixed
27.68333310005255,13,4.499999999999998,-0.02121257,-0.8485028,95.45656499999997,3.8182625999999984,fixed
27.767748999991454,13,4.499999999999998,-0.02122891,-0.8491563999999999,95.53009499999997,3.821203799999998,fixed
27.852097800001502,13,4.499999999999998,-0.02123797,-0.8495187999999999,95.57086499999996,3.822834599999998,fixed
27.93636380007956,13,4.499999999999998,-0.02123408,-0.8493632,95.55335999999996,3.8221343999999986,fixed
28.02066660008859,13,4.499999999999998,-0.02122636,-0.8490544,95.51861999999996,3.8207447999999986,fixed
28.10480950004421,13,4.499999999999998,-0.0212369,-0.8494759999999999,95.56604999999996,3.822641999999998,fixed
28.18944410001859,13,4.499999999999998,-0.02125271,-0.8501084,95.63719499999996,3.8254877999999986,fixed
28.273625600035302,13,4.499999999999998,-0.0212324,-0.8492959999999999,95.54579999999996,3.8218319999999983,fixed
28.357938200002536,13,4.499999999999998,-0.02125781,-0.8503124,95.66014499999996,3.8264057999999985,fixed
28.443667700048536,14,4.549999999999998,-0.02100211,-0.8400844000000001,95.55960049999997,3.8223840199999986,fixed
28.528025700012222,14,4.549999999999998,-0.02161145,-0.8644580000000001,98.33209749999996,3.9332838999999984,fixed
28.612124899984337,14,4.549999999999998,-0.02164972,-0.8659888000000001,98.50622599999996,3.940249039999999,fixed
28.695970800006762,14,4.549999999999998,-0.02162244,-0.8648976,98.38210199999996,3.9352840799999984,fixed
28.78017980000004,14,4.549999999999998,-0.02137011,-0.8548044,97.23400049999996,3.8893600199999985,fixed
28.864559900015593,14,4.549999999999998,-0.02161407,-0.8645628,98.34401849999995,3.933760739999998,fixed
28.948944900068454,14,4.549999999999998,-0.02138693,-0.8554771999999999,97.31053149999995,3.892421259999998,fixed
29.03315650008153,14,4.549999999999998,-0.02146131,-0.8584524,97.64896049999996,3.9059584199999984,fixed
29.11760310002137,14,4.549999999999998,-0.02159967,-0.8639867999999999,98.27849849999997,3.9311399399999982,fixed
29.2017103000544,14,4.549999999999998,-0.02141861,-0.8567444000000001,97.45467549999996,3.8981870199999986,fixed
29.285851299995556,14,4.549999999999998,-0.02164068,-0.8656272,98.46509399999995,3.9386037599999986,fixed
29.370037900051102,14,4.549999999999998,-0.0216363,-0.8654520000000001,98.44516499999996,3.9378065999999987,fixed
29.454018000047654,14,4.549999999999998,-0.0216283,-0.865132,98.40876499999996,3.936350599999998,fixed
29.538010100019164,14,4.549999999999998,-0.02163762,-0.8655048,98.45117099999996,3.938046839999998,fixed
29.62262660008855,14,4.549999999999998,-0.02132145,-0.8528579999999999,97.01259749999996,3.8805038999999977,fixed
29.707142600091174,14,4.549999999999998,-0.02106346,-0.8425384,95.83874299999995,3.8335497199999984,fixed
29.791611000080593,14,4.549999999999998,-0.02120637,-0.8482548,96.48898349999996,3.8595593399999983,fixed
29.87597260007169,14,4.549999999999998,-0.02124002,-0.8496007999999999,96.64209099999995,3.865683639999998,fixed
29.960246000089683,14,4.549999999999998,-0.02163102,-0.8652408,98.42114099999996,3.9368456399999983,fixed
30.04447429999709,14,4.549999999999998,-0.02156072,-0.8624288,98.10127599999994,3.9240510399999984,fixed
30.128442300017923,14,4.549999999999998,-0.02163563,-0.8654252,98.44211649999995,3.937684659999998,fixed
30.212862399988808,14,4.549999999999998,-0.02163837,-0.8655348,98.45458349999996,3.9381833399999984,fixed
30.2970305000199,14,4.549999999999998,-0.02162205,-0.864882,98.38032749999996,3.9352130999999986,fixed
30.381112300092354,14,4.549999999999998,-0.02161564,-0.8646256,98.35116199999995,3.9340464799999983,fixed
30.46673969994299,15,4.599999999999998,-0.02138704,-0.8554816,98.38038399999995,3.935215359999998,fixed
30.55132109997794,15,4.599999999999998,-0.02143515,-0.857406,98.60168999999995,3.944067599999998,fixed
30.63540919998195,15,4.599999999999998,-0.02144622,-0.8578487999999999,98.65261199999995,3.9461044799999976,fixed
30.71930729993619,15,4.599999999999998,-0.02141718,-0.8566872000000001,98.51902799999995,3.9407611199999986,fixed
30.80368859996088,15,4.599999999999998,-0.02141248,-0.8564992000000001,98.49740799999995,3.9398963199999986,fixed
30.887980199884623,15,4.599999999999998,-0.02143908,-0.8575632,98.61976799999995,3.944790719999998,fixed
30.972077899961732,15,4.599999999999998,-0.0214411,-0.8576440000000001,98.62905999999997,3.9451623999999983,fixed
31.056410799967125,15,4.599999999999998,-0.02141312,-0.8565248,98.50035199999996,3.940014079999998,fixed
31.140638699871488,15,4.599999999999998,-0.02139544,-0.8558176000000001,98.41902399999996,3.9367609599999986,fixed
31.22496349993162,15,4.599999999999998,-0.02142619,-0.8570476,98.56047399999996,3.942418959999998,fixed
31.309272699872963,15,4.599999999999998,-0.02141992,-0.8567967999999999,98.53163199999996,3.941265279999998,fixed
31.393810499925166,15,4.599999999999998,-0.02141963,-0.8567851999999999,98.53029799999995,3.941211919999998,fixed
31.478134599979967,15,4.599999999999998,-0.02141008,-0.8564032,98.48636799999996,3.9394547199999983,fixed
31.56226139992941,15,4.599999999999998,-0.02141669,-0.8566676,98.51677399999994,3.940670959999998,fixed
31.646405499894172,15,4.599999999999998,-0.02139046,-0.8556184,98.39611599999995,3.9358446399999982,fixed
31.730487199965864,15,4.599999999999998,-0.02141333,-0.8565332000000001,98.50131799999997,3.940052719999999,fixed
31.814845399931073,15,4.599999999999998,-0.02141201,-0.8564803999999999,98.49524599999995,3.939809839999998,fixed
31.899154099985026,15,4.599999999999998,-0.02138762,-0.8555048,98.38305199999996,3.935322079999998,fixed
31.983238499960862,15,4.599999999999998,-0.02142137,-0.8568548,98.53830199999996,3.941532079999998,fixed
32.06740419997368,15,4.599999999999998,-0.02142654,-0.8570616,98.56208399999996,3.942483359999998,fixed
32.15174679993652,15,4.599999999999998,-0.02140372,-0.8561488,98.45711199999995,3.9382844799999983,fixed
32.236108299926855,15,4.599999999999998,-0.02136498,-0.8545992,98.27890799999994,3.931156319999998,fixed
32.32047749997582,15,4.599999999999998,-0.02142727,-0.8570908,98.56544199999996,3.9426176799999983,fixed
32.40484889992513,15,4.599999999999998,-0.02143208,-0.8572831999999999,98.58756799999995,3.943502719999998,fixed
32.490298999939114,16,4.649999999999998,-0.0211752,-0.847008,98.46467999999996,3.938587199999998,fixed
32.574539899942465,16,4.649999999999998,-0.02120731,-0.8482924,98.61399149999995,3.9445596599999977,fixed
32.65844569995534,16,4.649999999999998,-0.02120352,-0.8481408,98.59636799999994,3.9438547199999983,fixed
32.74209659988992,16,4.649999999999998,-0.02115934,-0.8463736000000001,98.39093099999995,3.9356372399999984,fixed
32.8261596999364,16,4.649999999999998,-0.0211584,-0.846336,98.38655999999996,3.935462399999998,fixed
32.91036149987485,16,4.649999999999998,-0.0211616,-0.846464,98.40143999999995,3.936057599999998,fixed
32.99481619987637,16,4.649999999999998,-0.02115367,-0.8461468,98.36456549999994,3.934582619999998,fixed
33.08234129997436,16,4.649999999999998,-0.02115857,-0.8463428000000001,98.38735049999995,3.9354940199999984,fixed
33.16639609995764,16,4.649999999999998,-0.02115281,-0.8461124000000001,98.36056649999995,3.9344226599999983,fixed
33.250714499969035,16,4.649999999999998,-0.02116205,-0.8464820000000001,98.40353249999995,3.9361412999999983,fixed
33.33506919990759,16,4.649999999999998,-0.0211726,-0.846904,98.45258999999996,3.938103599999998,fixed
33.41928759997245,16,4.649999999999998,-0.02117396,-0.8469583999999999,98.45891399999994,3.9383565599999977,fixed
33.50363429996651,16,4.649999999999998,-0.02116831,-0.8467323999999999,98.43264149999995,3.9373056599999976,fixed
33.58782739995513,16,4.649999999999998,-0.02115628,-0.8462512,98.37670199999995,3.935068079999998,fixed
33.672138699912466,16,4.649999999999998,-0.02116321,-0.8465284,98.40892649999994,3.936357059999998,fixed
33.75659969996195,16,4.649999999999998,-0.02116757,-0.8467028000000001,98.42920049999995,3.9371680199999983,fixed
33.84098739991896,16,4.649999999999998,-0.02118622,-0.8474488,98.51592299999994,3.940636919999998,fixed
33.925358599983156,16,4.649999999999998,-0.02115048,-0.8460192,98.34973199999996,3.933989279999998,fixed
34.01150359993335,16,4.649999999999998,-0.02117432,-0.8469728000000001,98.46058799999994,3.9384235199999984,fixed
34.09545879997313,16,4.649999999999998,-0.0212102,-0.8484079999999998,98.62742999999995,3.945097199999997,fixed
34.17967989994213,16,4.649999999999998,-0.02117142,-0.8468568000000001,98.44710299999996,3.9378841199999983,fixed
34.26398689998314,16,4.649999999999998,-0.02114937,-0.8459748,98.34457049999995,3.933782819999998,fixed
34.348251799936406,16,4.649999999999998,-0.02119788,-0.8479151999999999,98.57014199999995,3.9428056799999975,fixed
34.43260619987268,16,4.649999999999998,-0.02116898,-0.8467592,98.43575699999995,3.9374302799999983,fixed
34.51859589992091,17,4.599999999999998,-0.02138767,-0.8555068,98.38328199999997,3.9353312799999984,fixed
34.60299369995482,17,4.599999999999998,-0.02137535,-0.855014,98.32660999999997,3.9330643999999984,fixed
34.68710329988971,17,4.599999999999998,-0.02137802,-0.8551208,98.33889199999996,3.9335556799999982,fixed
34.77101219992619,17,4.599999999999998,-0.02137468,-0.8549872000000001,98.32352799999995,3.9329411199999984,fixed
34.85529279988259,17,4.599999999999998,-0.02137018,-0.8548071999999999,98.30282799999995,3.9321131199999977,fixed
34.93963459995575,17,4.599999999999998,-0.02095439,-0.8381756,96.39019399999995,3.8556077599999985,fixed
35.02397799992468,17,4.599999999999998,-0.02139577,-0.8558308000000001,98.42054199999995,3.9368216799999987,fixed
35.10826679994352,17,4.599999999999998,-0.02138792,-0.8555168000000001,98.38443199999996,3.9353772799999986,fixed
35.19247869995888,17,4.599999999999998,-0.02137803,-0.8551211999999999,98.33893799999994,3.9335575199999977,fixed
35.276740999892354,17,4.599999999999998,-0.02138594,-0.8554375999999999,98.37532399999995,3.9350129599999977,fixed
35.361066499957815,17,4.599999999999998,-0.02139437,-0.8557748,98.41410199999994,3.936564079999998,fixed
35.445401199976914,17,4.599999999999998,-0.02141402,-0.8565607999999999,98.50449199999994,3.9401796799999977,fixed
35.52969059988391,17,4.599999999999998,-0.02138247,-0.8552988,98.35936199999996,3.9343744799999985,fixed
35.61392359994352,17,4.599999999999998,-0.02140711,-0.8562844,98.47270599999995,3.9389082399999977,fixed
35.69777739990968,17,4.599999999999998,-0.02139821,-0.8559284000000001,98.43176599999997,3.937270639999999,fixed
35.78208839998115,17,4.599999999999998,-0.02139347,-0.8557388,98.40996199999996,3.9363984799999985,fixed
35.866118499892764,17,4.599999999999998,-0.0213923,-0.8556919999999999,98.40457999999995,3.9361831999999977,fixed
35.950114799896255,17,4.599999999999998,-0.02138222,-0.8552888,98.35821199999995,3.934328479999998,fixed
36.034421899938025,17,4.599999999999998,-0.02138312,-0.8553247999999999,98.36235199999994,3.9344940799999977,fixed
36.118794999900274,17,4.599999999999998,-0.02139564,-0.8558256,98.41994399999996,3.936797759999998,fixed
36.20298249996267,17,4.599999999999998,-0.02140896,-0.8563584,98.48121599999996,3.939248639999998,fixed
36.287799899932,17,4.599999999999998,-0.02137685,-0.855074,98.33350999999996,3.9333403999999983,fixed
36.372422399930656,17,4.599999999999998,-0.02139617,-0.8558467999999999,98.42238199999994,3.9368952799999977,fixed
36.45671519997995,17,4.599999999999998,-0.02139757,-0.8559028000000001,98.42882199999995,3.9371528799999984,fixed
36.54224499990232,18,4.649999999999998,-0.02116957,-0.8467828000000001,98.43850049999995,3.9375400199999984,fixed
36.62636999995448,18,4.649999999999998,-0.02119307,-0.8477228000000001,98.54777549999996,3.9419110199999987,fixed
36.71026819990948,18,4.649999999999998,-0.02118221,-0.8472884,98.49727649999996,3.939891059999998,fixed
36.79406189988367,18,4.649999999999998,-0.02118597,-0.8474387999999999,98.51476049999994,3.9405904199999977,fixed
36.88079989992548,18,4.649999999999998,-0.02118266,-0.8473063999999999,98.49936899999994,3.9399747599999975,fixed
36.96502939995844,18,4.649999999999998,-0.02118788,-0.8475152,98.52364199999995,3.9409456799999982,fixed
37.04937279992737,18,4.649999999999998,-0.02120026,-0.8480104,98.58120899999994,3.9432483599999983,fixed
37.13359009998385,18,4.649999999999998,-0.02115621,-0.8462484,98.37637649999996,3.935055059999998,fixed
37.21780599991325,18,4.649999999999998,-0.02119798,-0.8479192000000001,98.57060699999997,3.9428242799999986,fixed
37.30206609994639,18,4.649999999999998,-0.02122193,-0.8488772,98.68197449999995,3.947278979999998,fixed
37.386320299934596,18,4.649999999999998,-0.0211758,-0.8470320000000001,98.46746999999996,3.9386987999999987,fixed
37.470536099979654,18,4.649999999999998,-0.02119878,-0.8479512,98.57432699999995,3.942973079999998,fixed
37.554239699966274,18,4.649999999999998,-0.02117879,-0.8471516,98.48137349999996,3.939254939999998,fixed
37.637708599912,18,4.649999999999998,-0.02119096,-0.8476383999999999,98.53796399999993,3.941518559999998,fixed
37.72116029995959,18,4.649999999999998,-0.02115518,-0.8462071999999999,98.37158699999993,3.934863479999998,fixed
37.804612499894574,18,4.649999999999998,-0.02118557,-0.8474228,98.51290049999996,3.9405160199999982,fixed
37.88807379989885,18,4.649999999999998,-0.02120416,-0.8481663999999999,98.59934399999995,3.9439737599999973,fixed
37.971957899979316,18,4.649999999999998,-0.02121849,-0.8487395999999999,98.66597849999995,3.9466391399999976,fixed
38.056225599953905,18,4.649999999999998,-0.02119669,-0.8478676,98.56460849999996,3.9425843399999985,fixed
38.14065779990051,18,4.649999999999998,-0.02120899,-0.8483596,98.62180349999996,3.944872139999998,fixed
38.22500739991665,18,4.649999999999998,-0.0211782,-0.847128,98.47862999999995,3.939145199999998,fixed
38.309336299891584,18,4.649999999999998,-0.0211729,-0.8469160000000001,98.45398499999995,3.9381593999999986,fixed
38.393680799985304,18,4.649999999999998,-0.0211855,-0.8474200000000001,98.51257499999996,3.9405029999999983,fixed
38.47783949994482,18,4.649999999999998,-0.02120349,-0.8481396,98.59622849999994,3.943849139999998,fixed
38.56358330009971,19,4.6999999999999975,-0.02099252,-0.8397007999999999,98.66484399999995,3.9465937599999976,fixed
38.64796460000798,19,4.6999999999999975,-0.02101339,-0.8405356,98.76293299999995,3.950517319999998,fixed
38.73197130009066,19,4.6999999999999975,-0.02101734,-0.8406935999999999,98.78149799999994,3.9512599199999974,fixed
38.81598680000752,19,4.6999999999999975,-0.02100375,-0.84015,98.71762499999996,3.9487049999999977,fixed
38.90034849999938,19,4.6999999999999975,-0.02101674,-0.8406695999999999,98.77867799999994,3.9511471199999977,fixed
38.984740799991414,19,4.6999999999999975,-0.02101382,-0.8405528,98.76495399999995,3.950598159999998,fixed
39.06903200002853,19,4.6999999999999975,-0.02099813,-0.8399252,98.69121099999994,3.9476484399999983,fixed
39.15333240001928,19,4.6999999999999975,-0.02097285,-0.838914,98.57239499999996,3.9428957999999983,fixed
39.2380712000886,19,4.6999999999999975,-0.0210076,-0.840304,98.73571999999996,3.949428799999998,fixed
39.3228074000217,19,4.6999999999999975,-0.02101529,-0.8406116,98.77186299999994,3.950874519999998,fixed
39.40707170008682,19,4.6999999999999975,-0.02096126,-0.8384503999999999,98.51792199999994,3.9407168799999974,fixed
39.4912010000553,19,4.6999999999999975,-0.02098538,-0.8394152000000001,98.63128599999996,3.9452514399999985,fixed
39.57535880000796,19,4.6999999999999975,-0.02102386,-0.8409544,98.81214199999994,3.952485679999998,fixed
39.6595229000086,19,4.6999999999999975,-0.02097146,-0.8388584,98.56586199999995,3.942634479999998,fixed
39.74392790009733,19,4.6999999999999975,-0.02097802,-0.8391208,98.59669399999994,3.943867759999998,fixed
39.82793380005751,19,4.6999999999999975,-0.02096048,-0.8384192,98.51425599999995,3.9405702399999982,fixed
39.91211750009097,19,4.6999999999999975,-0.02097473,-0.8389892,98.58123099999995,3.943249239999998,fixed
39.99661690008361,19,4.6999999999999975,-0.02099974,-0.8399896,98.69877799999995,3.9479511199999977,fixed
40.081011500093155,19,4.6999999999999975,-0.02097287,-0.8389148,98.57248899999996,3.9428995599999976,fixed
40.165450300090015,19,4.6999999999999975,-0.02098225,-0.83929,98.61657499999995,3.944662999999998,fixed
40.25001690001227,19,4.6999999999999975,-0.02096207,-0.8384828,98.52172899999995,3.940869159999998,fixed
40.33442880003713,19,4.6999999999999975,-0.02096869,-0.8387476,98.55284299999995,3.9421137199999983,fixed
40.418706500087865,19,4.6999999999999975,-0.02095318,-0.8381272,98.47994599999994,3.9391978399999976,fixed
40.50310209998861,19,4.6999999999999975,-0.02090876,-0.8363503999999999,98.27117199999994,3.9308468799999976,fixed
40.58893719990738,20,4.749999999999997,-0.02073444,-0.8293775999999999,98.48858999999995,3.9395435999999977,fixed
40.673318499932066,20,4.749999999999997,-0.02075192,-0.8300768,98.57161999999994,3.9428647999999975,fixed
40.75752309989184,20,4.749999999999997,-0.02076619,-0.8306476,98.63940249999995,3.945576099999998,fixed
40.84147649991792,20,4.749999999999997,-0.02075889,-0.8303555999999999,98.60472749999994,3.9441890999999973,fixed
40.925555899972096,20,4.749999999999997,-0.02073693,-0.8294772,98.50041749999995,3.940016699999998,fixed
41.00979569996707,20,4.749999999999997,-0.0207031,-0.828124,98.33972499999993,3.933588999999998,fixed
41.094064499950036,20,4.749999999999997,-0.02071455,-0.8285820000000002,98.39411249999995,3.9357644999999986,fixed
41.17831139988266,20,4.749999999999997,-0.02074984,-0.8299936,98.56173999999994,3.9424695999999977,fixed
41.26266259991098,20,4.749999999999997,-0.02069327,-0.8277307999999999,98.29303249999995,3.9317212999999973,fixed
41.34678019990679,20,4.749999999999997,-0.02018669,-0.8074676,95.88677749999995,3.8354710999999977,fixed
41.43121169996448,20,4.749999999999997,-0.02072855,-0.8291419999999999,98.46061249999994,3.9384244999999973,fixed
41.51536119997036,20,4.749999999999997,-0.02073927,-0.8295708,98.51153249999994,3.940461299999998,fixed
41.599499899894,20,4.749999999999997,-0.02074325,-0.82973,98.53043749999996,3.941217499999998,fixed
41.683849999913946,20,4.749999999999997,-0.02071032,-0.8284128,98.37401999999994,3.9349607999999976,fixed
41.76800939987879,20,4.749999999999997,-0.02011044,-0.8044176000000001,95.52458999999995,3.820983599999998,fixed
41.8523352999473,20,4.749999999999997,-0.02009883,-0.8039532000000001,95.46944249999996,3.8187776999999987,fixed
41.9367470999714,20,4.749999999999997,-0.02007524,-0.8030096,95.35738999999995,3.8142955999999977,fixed
42.02111939992756,20,4.749999999999997,-0.02008079,-0.8032316,95.38375249999994,3.815350099999998,fixed
42.105488399975,20,4.749999999999997,-0.02006444,-0.8025775999999999,95.30608999999994,3.8122435999999973,fixed
42.18977879988961,20,4.749999999999997,-0.02007182,-0.8028727999999999,95.34114499999994,3.8136457999999975,fixed
42.27399429993238,20,4.749999999999997,-0.02006738,-0.8026952,95.32005499999994,3.812802199999998,fixed
42.358549399883486,20,4.749999999999997,-0.0200663,-0.8026519999999999,95.31492499999995,3.8125969999999976,fixed
42.44282279990148,20,4.749999999999997,-0.02008484,-0.8033936,95.40298999999995,3.816119599999998,fixed
42.52705799997784,20,4.749999999999997,-0.02006666,-0.8026664,95.31663499999995,3.812665399999998,fixed
42.61247869988438,21,4.6999999999999975,-0.02033808,-0.8135232000000001,95.58897599999995,3.8235590399999984,fixed
42.69639089994598,21,4.6999999999999975,-0.02030403,-0.8121612,95.42894099999995,3.8171576399999982,fixed
42.78026589995716,21,4.6999999999999975,-0.020285,-0.8114,95.33949999999996,3.813579999999998,fixed
42.86378999997396,21,4.6999999999999975,-0.02031673,-0.8126692000000001,95.48863099999997,3.8195452399999983,fixed
42.94732039992232,21,4.6999999999999975,-0.02027643,-0.8110572,95.29922099999996,3.8119688399999982,fixed
43.03085779992398,21,4.6999999999999975,-0.02029107,-0.8116428,95.36802899999995,3.814721159999998,fixed
43.114792199921794,21,4.6999999999999975,-0.0203079,-0.812316,95.44712999999994,3.8178851999999983,fixed
43.198895199922845,21,4.6999999999999975,-0.02033556,-0.8134223999999999,95.57713199999993,3.8230852799999973,fixed
43.28308279986959,21,4.6999999999999975,-0.02035235,-0.8140940000000001,95.65604499999995,3.8262417999999982,fixed
43.36772169987671,21,4.6999999999999975,-0.02032867,-0.8131468,95.54474899999995,3.8217899599999976,fixed
43.451960299978964,21,4.6999999999999975,-0.02033644,-0.8134576,95.58126799999995,3.823250719999998,fixed
43.536050199880265,21,4.6999999999999975,-0.02033168,-0.8132672000000001,95.55889599999995,3.8223558399999984,fixed
43.620132299955,21,4.6999999999999975,-0.02031935,-0.812774,95.50094499999994,3.820037799999998,fixed
43.70444769994356,21,4.6999999999999975,-0.02036089,-0.8144356,95.69618299999995,3.8278473199999983,fixed
43.78870749997441,21,4.6999999999999975,-0.02037758,-0.8151031999999999,95.77462599999994,3.8309850399999976,fixed
43.872697999933735,21,4.6999999999999975,-0.02041989,-0.8167956,95.97348299999994,3.838939319999998,fixed
43.957031499943696,21,4.6999999999999975,-0.02025228,-0.8100912000000001,95.18571599999994,3.8074286399999986,fixed
44.04130359995179,21,4.6999999999999975,-0.02027504,-0.8110016,95.29268799999996,3.811707519999998,fixed
44.125649499939755,21,4.6999999999999975,-0.02090928,-0.8363712,98.27361599999993,3.9309446399999977,fixed
44.20983939990401,21,4.6999999999999975,-0.02093154,-0.8372615999999999,98.37823799999994,3.9351295199999976,fixed
44.2940708999522,21,4.6999999999999975,-0.02041262,-0.8165048,95.93931399999994,3.837572559999998,fixed
44.378357699955814,21,4.6999999999999975,-0.02027589,-0.8110356,95.29668299999994,3.811867319999998,fixed
44.462408599909395,21,4.6999999999999975,-0.0209468,-0.8378720000000002,98.44995999999996,3.937998399999999,fixed
44.5464622998843,21,4.6999999999999975,-0.0209237,-0.836948,98.34138999999995,3.933655599999998,fixed
44.63194329990074,22,4.749999999999997,-0.020207,-0.80828,95.98324999999994,3.8393299999999977,fixed
44.71834439993836,22,4.749999999999997,-0.02020375,-0.8081499999999999,95.96781249999994,3.8387124999999975,fixed
44.80207499989774,22,4.749999999999997,-0.02016818,-0.8067272,95.79885499999995,3.8319541999999975,fixed
44.88611349998973,22,4.749999999999997,-0.02017236,-0.8068944,95.81870999999994,3.832748399999998,fixed
44.970449399901554,22,4.749999999999997,-0.02020174,-0.8080696,95.95826499999994,3.838330599999998,fixed
45.0549642998958,22,4.749999999999997,-0.02018689,-0.8074756,95.88772749999994,3.8355090999999977,fixed
45.13933829998132,22,4.749999999999997,-0.02026219,-0.8104876,96.24540249999994,3.8498160999999977,fixed
45.22383739997167,22,4.749999999999997,-0.02072539,-0.8290156000000001,98.44560249999994,3.937824099999998,fixed
45.30806709988974,22,4.749999999999997,-0.02075581,-0.8302324,98.59009749999994,3.9436038999999976,fixed
45.39237029990181,22,4.749999999999997,-0.02071239,-0.8284956,98.38385249999995,3.935354099999998,fixed
45.47654809989035,22,4.749999999999997,-0.02071353,-0.8285412000000001,98.38926749999995,3.935570699999998,fixed
45.560757399885915,22,4.749999999999997,-0.02074246,-0.8296984000000001,98.52668499999994,3.941067399999998,fixed
45.64527649991214,22,4.749999999999997,-0.02075849,-0.8303396000000001,98.60282749999995,3.9441130999999983,fixed
45.72963859990705,22,4.749999999999997,-0.02072617,-0.8290468,98.44930749999995,3.9379722999999975,fixed
45.81399259995669,22,4.749999999999997,-0.02072388,-0.8289552,98.43842999999995,3.9375371999999977,fixed
45.89832259994,22,4.749999999999997,-0.02075038,-0.8300152,98.56430499999993,3.9425721999999976,fixed
45.98249489988666,22,4.749999999999997,-0.020759,-0.83036,98.60524999999996,3.9442099999999978,fixed
46.067311999970116,22,4.749999999999997,-0.02075117,-0.8300468,98.56805749999994,3.9427222999999976,fixed
46.15130759996828,22,4.749999999999997,-0.02073324,-0.8293295999999999,98.48288999999995,3.9393155999999974,fixed
46.235398999881,22,4.749999999999997,-0.02071926,-0.8287703999999999,98.41648499999994,3.9366593999999973,fixed
46.31976469990332,22,4.749999999999997,-0.02072406,-0.8289623999999999,98.43928499999994,3.9375713999999973,fixed
46.40388009988237,22,4.749999999999997,-0.02074436,-0.8297744,98.53570999999994,3.9414283999999977,fixed
46.48759199993219,22,4.749999999999997,-0.02076994,-0.8307976,98.65721499999995,3.9462885999999977,fixed
46.57129939994775,22,4.749999999999997,-0.02046352,-0.8185408,97.20171999999994,3.8880687999999974,fixed
46.65631759993266,23,4.799999999999997,-0.02047214,-0.8188856,98.26627199999994,3.9306508799999977,fixed
46.73992849991191,23,4.799999999999997,-0.02051698,-0.8206792,98.48150399999994,3.939260159999998,fixed
46.823539699893445,23,4.799999999999997,-0.02051966,-0.8207863999999999,98.49436799999992,3.9397747199999973,fixed
46.907136800000444,23,4.799999999999997,-0.02054274,-0.8217096,98.60515199999995,3.944206079999998,fixed
46.99077539995778,23,4.799999999999997,-0.02055167,-0.8220668000000001,98.64801599999996,3.945920639999998,fixed
47.07439689990133,23,4.799999999999997,-0.02055143,-0.8220572,98.64686399999994,3.945874559999998,fixed
47.157979799900204,23,4.799999999999997,-0.02054319,-0.8217276,98.60731199999994,3.944292479999998,fixed
47.241620299988426,23,4.799999999999997,-0.02055432,-0.8221728,98.66073599999994,3.946429439999998,fixed
47.32526259997394,23,4.799999999999997,-0.02056019,-0.8224075999999999,98.68891199999993,3.947556479999997,fixed
47.40880089998245,23,4.799999999999997,-0.02052811,-0.8211244,98.53492799999994,3.9413971199999978,fixed
47.492343699908815,23,4.799999999999997,-0.02053916,-0.8215664000000001,98.58796799999995,3.9435187199999984,fixed
47.57598519988824,23,4.799999999999997,-0.02052913,-0.8211651999999999,98.53982399999994,3.9415929599999973,fixed
47.65969109989237,23,4.799999999999997,-0.02047176,-0.8188704,98.26444799999993,3.9305779199999975,fixed
47.743531099986285,23,4.799999999999997,-0.02053625,-0.82145,98.57399999999994,3.9429599999999976,fixed
47.82709159993101,23,4.799999999999997,-0.0205351,-0.821404,98.56847999999995,3.942739199999998,fixed
47.91083439998329,23,4.799999999999997,-0.02052882,-0.8211528,98.53833599999993,3.941533439999998,fixed
47.994798699975945,23,4.799999999999997,-0.02048755,-0.819502,98.34023999999994,3.9336095999999974,fixed
48.07865799998399,23,4.799999999999997,-0.02052578,-0.8210312000000001,98.52374399999994,3.940949759999998,fixed
48.16304329992272,23,4.799999999999997,-0.02054713,-0.8218852,98.62622399999994,3.9450489599999976,fixed
48.247140799998306,23,4.799999999999997,-0.02053842,-0.8215368000000001,98.58441599999995,3.943376639999998,fixed
48.33139189996291,23,4.799999999999997,-0.02051619,-0.8206476,98.47771199999994,3.939108479999998,fixed
48.41531709989067,23,4.799999999999997,-0.02051807,-0.8207228,98.48673599999994,3.9394694399999977,fixed
48.49913749995176,23,4.799999999999997,-0.02057069,-0.8228276,98.73931199999994,3.949572479999998,fixed
48.58339269994758,23,4.799999999999997,-0.02053087,-0.8212348,98.54817599999994,3.9419270399999977,fixed
48.66861619986594,24,4.849999999999997,-0.0202417,-0.809668,98.17224499999995,3.926889799999998,fixed
48.752648199908435,24,4.849999999999997,-0.02030075,-0.81203,98.45863749999994,3.938345499999998,fixed
48.8364005999174,24,4.849999999999997,-0.02036473,-0.8145892,98.76894049999994,3.9507576199999974,fixed
48.91999399987981,24,4.849999999999997,-0.02032049,-0.8128196,98.55437649999995,3.9421750599999976,fixed
49.003766499925405,24,4.849999999999997,-0.02029736,-0.8118944,98.44219599999994,3.9376878399999975,fixed
49.08791999996174,24,4.849999999999997,-0.02028495,-0.811398,98.38200749999994,3.9352802999999974,fixed
49.171901699970476,24,4.849999999999997,-0.02028724,-0.8114896,98.39311399999995,3.935724559999998,fixed
49.25568729988299,24,4.849999999999997,-0.02032226,-0.8128904,98.56296099999994,3.9425184399999975,fixed
49.33940159995109,24,4.849999999999997,-0.02033067,-0.8132267999999999,98.60374949999994,3.944149979999997,fixed
49.423006899887696,24,4.849999999999997,-0.02032249,-0.8128995999999999,98.56407649999993,3.9425630599999972,fixed
49.50666749989614,24,4.849999999999997,-0.02034955,-0.813982,98.69531749999994,3.9478126999999974,fixed
49.59038459986914,24,4.849999999999997,-0.020314,-0.81256,98.52289999999992,3.9409159999999974,fixed
49.674320999882184,24,4.849999999999997,-0.02033467,-0.8133868,98.62314949999994,3.944925979999997,fixed
49.75809129991103,24,4.849999999999997,-0.02029016,-0.8116064000000001,98.40727599999995,3.9362910399999977,fixed
49.841798099922016,24,4.849999999999997,-0.02029388,-0.8117552,98.42531799999995,3.9370127199999976,fixed
49.92565519991331,24,4.849999999999997,-0.02032142,-0.8128568,98.55888699999994,3.9423554799999976,fixed
50.00970159994904,24,4.849999999999997,-0.02032079,-0.8128316,98.55583149999993,3.9422332599999974,fixed
50.0937010999769,24,4.849999999999997,-0.02035147,-0.8140588,98.70462949999994,3.948185179999997,fixed
50.177295699948445,24,4.849999999999997,-0.02032776,-0.8131104,98.58963599999994,3.9435854399999974,fixed
50.260789999971166,24,4.849999999999997,-0.02030404,-0.8121616,98.47459399999993,3.938983759999998,fixed
50.34433089988306,24,4.849999999999997,-0.02035039,-0.8140156000000001,98.69939149999995,3.9479756599999978,fixed
50.42789419996552,24,4.849999999999997,-0.02032384,-0.8129536,98.57062399999994,3.9428249599999976,fixed
50.51152709987946,24,4.849999999999997,-0.02033876,-0.8135504,98.64298599999995,3.9457194399999977,fixed
50.59534809994511,24,4.849999999999997,-0.02036251,-0.8145004,98.75817349999994,3.9503269399999974,fixed
50.681042499956675,25,4.899999999999997,-0.02008111,-0.8032444,98.39743899999993,3.9358975599999972,fixed
50.765402099932544,25,4.899999999999997,-0.02012774,-0.8051096000000001,98.62592599999995,3.9450370399999977,fixed
50.849495799979195,25,4.899999999999997,-0.02010343,-0.8041372,98.50680699999994,3.9402722799999976,fixed
50.93343999993522,25,4.899999999999997,-0.02013072,-0.8052288,98.64052799999993,3.945621119999997,fixed
51.01730799989309,25,4.899999999999997,-0.02013459,-0.8053836,98.65949099999995,3.9463796399999973,fixed
51.101022799964994,25,4.899999999999997,-0.02010318,-0.8041271999999999,98.50558199999992,3.940223279999997,fixed
51.184847299940884,25,4.899999999999997,-0.02010462,-0.8041848,98.51263799999992,3.9405055199999977,fixed
51.26878889987711,25,4.899999999999997,-0.02010406,-0.8041624,98.50989399999993,3.9403957599999977,fixed
51.35240159998648,25,4.899999999999997,-0.02010004,-0.8040016,98.49019599999993,3.939607839999997,fixed
51.43630549998488,25,4.899999999999997,-0.02012108,-0.8048432,98.59329199999993,3.9437316799999973,fixed
51.520234899944626,25,4.899999999999997,-0.02008831,-0.8035324,98.43271899999995,3.9373087599999974,fixed
51.603919499902986,25,4.899999999999997,-0.02011688,-0.8046752,98.57271199999994,3.9429084799999976,fixed
51.687693399959244,25,4.899999999999997,-0.02008884,-0.8035536000000001,98.43531599999994,3.937412639999998,fixed
51.77147249993868,25,4.899999999999997,-0.02010206,-0.8040824000000001,98.50009399999995,3.940003759999998,fixed
51.8553597999271,25,4.899999999999997,-0.02011308,-0.8045232,98.55409199999993,3.9421636799999975,fixed
51.93929309991654,25,4.899999999999997,-0.02009207,-0.8036828,98.45114299999993,3.9380457199999976,fixed
52.0233132999856,25,4.899999999999997,-0.02010137,-0.8040548,98.49671299999994,3.9398685199999974,fixed
52.10734699992463,25,4.899999999999997,-0.02010781,-0.8043124,98.52826899999994,3.9411307599999974,fixed
52.19177599996328,25,4.899999999999997,-0.02009132,-0.8036528,98.44746799999993,3.937898719999997,fixed
52.27580769988708,25,4.899999999999997,-0.02010655,-0.804262,98.52209499999994,3.9408837999999977,fixed
52.36002549994737,25,4.899999999999997,-0.02009175,-0.8036699999999999,98.44957499999992,3.937982999999997,fixed
52.44403679994866,25,4.899999999999997,-0.02010889,-0.8043556000000001,98.53356099999993,3.941342439999998,fixed
52.527992499875836,25,4.899999999999997,-0.02008683,-0.8034732,98.42546699999993,3.9370186799999973,fixed
52.6119598998921,25,4.899999999999997,-0.02010024,-0.8040096,98.49117599999992,3.9396470399999974,fixed
52.69720509997569,26,4.849999999999997,-0.02034727,-0.8138908,98.68425949999994,3.9473703799999975,fixed
52.78068969992455,26,4.849999999999997,-0.02029338,-0.8117352,98.42289299999995,3.9369157199999973,fixed
52.86413629993331,26,4.849999999999997,-0.02031673,-0.8126692000000001,98.53614049999996,3.941445619999998,fixed
52.94763819989748,26,4.849999999999997,-0.02028727,-0.8114908,98.39325949999994,3.935730379999997,fixed
53.03137349989265,26,4.849999999999997,-0.02026156,-0.8104624000000001,98.26856599999995,3.9307426399999983,fixed
53.11533639987465,26,4.849999999999997,-0.02031997,-0.8127988,98.55185449999993,3.942074179999998,fixed
53.19920349994209,26,4.849999999999997,-0.02031258,-0.8125032,98.51601299999994,3.9406405199999974,fixed
53.282770599937066,26,4.849999999999997,-0.02028469,-0.8113876000000001,98.38074649999994,3.935229859999998,fixed
53.3662508999696,26,4.849999999999997,-0.02029068,-0.8116271999999999,98.40979799999994,3.936391919999997,fixed
53.44977079995442,26,4.849999999999997,-0.02029632,-0.8118527999999999,98.43715199999993,3.937486079999997,fixed
53.53354659990873,26,4.849999999999997,-0.02028879,-0.8115516,98.40063149999995,3.936025259999998,fixed
53.61756359995343,26,4.849999999999997,-0.02028775,-0.81151,98.39558749999993,3.9358234999999975,fixed
53.701554099912755,26,4.849999999999997,-0.0202953,-0.8118119999999999,98.43220499999994,3.9372881999999967,fixed
53.78522439987864,26,4.849999999999997,-0.02031603,-0.8126412,98.53274549999993,3.941309819999997,fixed
53.868842999916524,26,4.849999999999997,-0.02030551,-0.8122204,98.48172349999994,3.939268939999997,fixed
53.95249829988461,26,4.849999999999997,-0.02027322,-0.8109288000000001,98.32511699999995,3.933004679999998,fixed
54.03639239992481,26,4.849999999999997,-0.02026401,-0.8105604,98.28044849999993,3.931217939999997,fixed
54.12053479987662,26,4.849999999999997,-0.02028222,-0.8112887999999999,98.36876699999993,3.934750679999997,fixed
54.20453829993494,26,4.849999999999997,-0.02029375,-0.81175,98.42468749999995,3.936987499999997,fixed
54.2885783999227,26,4.849999999999997,-0.02029096,-0.8116384000000001,98.41115599999995,3.936446239999998,fixed
54.37229479989037,26,4.849999999999997,-0.02031145,-0.812458,98.51053249999994,3.9404212999999975,fixed
54.45572889992036,26,4.849999999999997,-0.02028871,-0.8115484000000001,98.40024349999995,3.936009739999998,fixed
54.539521399885416,26,4.849999999999997,-0.02030842,-0.8123368000000001,98.49583699999995,3.939833479999998,fixed
54.62363809987437,26,4.849999999999997,-0.02031363,-0.8125452,98.52110549999993,3.9408442199999976,fixed
54.70922569988761,27,4.899999999999997,-0.02004371,-0.8017484,98.21417899999993,3.9285671599999974,fixed
54.7931112999795,27,4.899999999999997,-0.02007116,-0.8028464000000001,98.34868399999993,3.9339473599999977,fixed
54.87685949995648,27,4.899999999999997,-0.02006889,-0.8027556,98.33756099999994,3.9335024399999976,fixed
54.960504699964076,27,4.899999999999997,-0.02008809,-0.8035236,98.43164099999993,3.9372656399999975,fixed
55.04467999993358,27,4.899999999999997,-0.020094,-0.80376,98.46059999999994,3.9384239999999977,fixed
55.12849799997639,27,4.899999999999997,-0.02007345,-0.802938,98.35990499999993,3.9343961999999975,fixed
55.21196089987643,27,4.899999999999997,-0.02006173,-0.8024692,98.30247699999993,3.9320990799999973,fixed
55.295487899915315,27,4.899999999999997,-0.02009987,-0.8039948,98.48936299999993,3.9395745199999976,fixed
55.37898109992966,27,4.899999999999997,-0.0201043,-0.8041719999999999,98.51106999999992,3.940442799999997,fixed
55.4625226999633,27,4.899999999999997,-0.02008572,-0.8034288,98.42002799999993,3.9368011199999975,fixed
55.54659009992611,27,4.899999999999997,-0.02008367,-0.8033468,98.40998299999994,3.9363993199999974,fixed
55.631058499915525,27,4.899999999999997,-0.02012519,-0.8050076,98.61343099999995,3.9445372399999976,fixed
55.71514989994466,27,4.899999999999997,-0.02009747,-0.8038987999999999,98.47760299999993,3.939104119999997,fixed
55.7990479998989,27,4.899999999999997,-0.0200598,-0.802392,98.29301999999993,3.9317207999999972,fixed
55.888287699897774,27,4.899999999999997,-0.02010035,-0.804014,98.49171499999994,3.9396685999999974,fixed
55.97166259994265,27,4.899999999999997,-0.0200961,-0.803844,98.47088999999994,3.9388355999999973,fixed
56.05523429997265,27,4.899999999999997,-0.02009178,-0.8036712,98.44972199999994,3.9379888799999976,fixed
56.138745299889706,27,4.899999999999997,-0.0200895,-0.8035800000000001,98.43854999999994,3.937541999999998,fixed
56.2222375998972,27,4.899999999999997,-0.02009385,-0.803754,98.45986499999994,3.9383945999999974,fixed
56.30579139990732,27,4.899999999999997,-0.02008554,-0.8034216,98.41914599999993,3.9367658399999974,fixed
56.38927009992767,27,4.899999999999997,-0.02010184,-0.8040735999999999,98.49901599999993,3.939960639999997,fixed
56.472727899905294,27,4.899999999999997,-0.0201019,-0.804076,98.49930999999994,3.9399723999999976,fixed
56.55620089988224,27,4.899999999999997,-0.02011731,-0.8046924,98.57481899999993,3.9429927599999974,fixed
56.639690499869175,27,4.899999999999997,-0.02009061,-0.8036243999999999,98.44398899999993,3.937759559999997,fixed
56.72451450000517,28,4.849999999999997,-0.02032048,-0.8128192,98.55432799999993,3.9421731199999974,fixed
56.80811779992655,28,4.849999999999997,-0.02029748,-0.8118992,98.44277799999993,3.9377111199999977,fixed
56.891631499980576,28,4.849999999999997,-0.02031505,-0.8126019999999999,98.52799249999994,3.941119699999997,fixed
56.975185799994506,28,4.849999999999997,-0.02033165,-0.813266,98.60850249999993,3.9443400999999976,fixed
57.058656099950895,28,4.849999999999997,-0.0203175,-0.8127,98.53987499999992,3.9415949999999973,fixed
57.142221899935976,28,4.849999999999997,-0.02029586,-0.8118344,98.43492099999995,3.9373968399999972,fixed
57.2257404999109,28,4.849999999999997,-0.02026337,-0.8105347999999999,98.27734449999993,3.931093779999997,fixed
57.30922799999826,28,4.849999999999997,-0.02027818,-0.8111271999999999,98.34917299999994,3.9339669199999974,fixed
57.392680699937046,28,4.849999999999997,-0.02033412,-0.8133648000000001,98.62048199999994,3.944819279999998,fixed
57.47631739999633,28,4.849999999999997,-0.0203012,-0.8120479999999999,98.46081999999994,3.938432799999997,fixed
57.559950699913315,28,4.849999999999997,-0.02027634,-0.8110536,98.34024899999993,3.933609959999998,fixed
57.643507799948566,28,4.849999999999997,-0.02029049,-0.8116196000000001,98.40887649999995,3.936355059999998,fixed
57.72733939997852,28,4.849999999999997,-0.0202981,-0.8119239999999999,98.44578499999994,3.9378313999999968,fixed
57.811318499967456,28,4.849999999999997,-0.02031888,-0.8127552,98.54656799999995,3.9418627199999974,fixed
57.89497579995077,28,4.849999999999997,-0.02032435,-0.8129740000000001,98.57309749999995,3.942923899999998,fixed
57.97855609992985,28,4.849999999999997,-0.02033361,-0.8133444,98.61800849999993,3.9447203399999973,fixed
58.062455000006594,28,4.849999999999997,-0.0202877,-0.8115079999999999,98.39534499999993,3.935813799999997,fixed
58.146577499923296,28,4.849999999999997,-0.02031614,-0.8126456000000001,98.53327899999994,3.941331159999998,fixed
58.23056049994193,28,4.849999999999997,-0.02033409,-0.8133636,98.62033649999994,3.9448134599999976,fixed
58.314781199907884,28,4.849999999999997,-0.02031953,-0.8127812,98.54972049999994,3.9419888199999975,fixed
58.39899489993695,28,4.849999999999997,-0.0202942,-0.811768,98.42686999999994,3.9370747999999978,fixed
58.48325479996856,28,4.849999999999997,-0.02029407,-0.8117628,98.42623949999994,3.9370495799999974,fixed
58.56943189993035,28,4.849999999999997,-0.02032865,-0.813146,98.59395249999994,3.943758099999998,fixed
58.65350719995331,28,4.849999999999997,-0.02029997,-0.8119988,98.45485449999994,3.9381941799999978,fixed
58.738842899911106,29,4.799999999999997,-0.02050935,-0.8203739999999999,98.44487999999994,3.9377951999999974,fixed
58.82303219998721,29,4.799999999999997,-0.02051079,-0.8204316,98.45179199999994,3.938071679999998,fixed
58.906763699953444,29,4.799999999999997,-0.02049241,-0.8196964,98.36356799999994,3.934542719999998,fixed
58.99093739991076,29,4.799999999999997,-0.02047925,-0.8191700000000001,98.30039999999994,3.932015999999998,fixed
59.07477869989816,29,4.799999999999997,-0.02046648,-0.8186591999999999,98.23910399999994,3.9295641599999973,fixed
59.15861019992735,29,4.799999999999997,-0.02048113,-0.8192452,98.30942399999994,3.932376959999998,fixed
59.24271499994211,29,4.799999999999997,-0.02047027,-0.8188108,98.25729599999994,3.9302918399999975,fixed
59.326790699968114,29,4.799999999999997,-0.02045426,-0.8181704,98.18044799999993,3.9272179199999977,fixed
59.411013299948536,29,4.799999999999997,-0.02046846,-0.8187384,98.24860799999995,3.9299443199999975,fixed
59.49504599987995,29,4.799999999999997,-0.02050867,-0.8203467999999999,98.44161599999994,3.9376646399999973,fixed
59.57932809996419,29,4.799999999999997,-0.02047493,-0.8189972,98.27966399999994,3.9311865599999978,fixed
59.66335699998308,29,4.799999999999997,-0.02045556,-0.8182224000000001,98.18668799999995,3.927467519999998,fixed
59.74742489994969,29,4.799999999999997,-0.02045948,-0.8183792,98.20550399999993,3.9282201599999977,fixed
59.8315900999587,29,4.799999999999997,-0.02044408,-0.8177632,98.13158399999993,3.925263359999998,fixed
59.91575459996238,29,4.799999999999997,-0.02045201,-0.8180804,98.16964799999994,3.9267859199999977,fixed
59.999953399877995,29,4.799999999999997,-0.02042415,-0.8169659999999999,98.03591999999993,3.921436799999997,fixed
60.08412139990833,29,4.799999999999997,-0.02044688,-0.8178752,98.14502399999994,3.925800959999998,fixed
60.16793749993667,29,4.799999999999997,-0.02042279,-0.8169116,98.02939199999994,3.9211756799999975,fixed
60.251388899981976,29,4.799999999999997,-0.0204458,-0.8178319999999999,98.13983999999994,3.9255935999999974,fixed
60.33532569988165,29,4.799999999999997,-0.02046601,-0.8186404,98.23684799999995,3.9294739199999977,fixed
60.41945189994294,29,4.799999999999997,-0.02044614,-0.8178456,98.14147199999995,3.9256588799999976,fixed
60.503662499948405,29,4.799999999999997,-0.02044541,-0.8178164,98.13796799999994,3.9255187199999977,fixed
60.58809799992014,29,4.799999999999997,-0.02046047,-0.8184188,98.21025599999996,3.9284102399999976,fixed
60.67216299998108,29,4.799999999999997,-0.02044892,-0.8179567999999999,98.15481599999994,3.9261926399999973,fixed
60.7575081998948,30,4.849999999999997,-0.02024964,-0.8099856,98.21075399999994,3.9284301599999973,fixed
60.84134529996663,30,4.849999999999997,-0.02025819,-0.8103275999999999,98.25222149999993,3.930088859999997,fixed
60.9251545999432,30,4.849999999999997,-0.02027817,-0.8111268000000001,98.34912449999995,3.933964979999998,fixed
61.0089500999311,30,4.849999999999997,-0.0202797,-0.811188,98.35654499999995,3.9342617999999976,fixed
61.09304979990702,30,4.849999999999997,-0.02026881,-0.8107524,98.30372849999995,3.9321491399999977,fixed
61.17720089992508,30,4.849999999999997,-0.02028224,-0.8112896,98.36886399999995,3.934754559999998,fixed
61.261462199967355,30,4.849999999999997,-0.01936339,-0.7745356000000001,93.91244149999994,3.756497659999998,fixed
61.34568699996453,30,4.849999999999997,-0.01946176,-0.7784704000000001,94.38953599999995,3.775581439999998,fixed
61.42995559994597,30,4.849999999999997,-0.01978495,-0.7913979999999999,95.95700749999995,3.8382802999999974,fixed
61.514279699884355,30,4.849999999999997,-0.02030131,-0.8120524,98.46135349999993,3.9384541399999975,fixed
61.59831749997102,30,4.849999999999997,-0.0203208,-0.8128319999999999,98.55587999999995,3.942235199999997,fixed
61.68256219988689,30,4.849999999999997,-0.02028038,-0.8112152,98.35984299999994,3.934393719999998,fixed
61.76679539994802,30,4.849999999999997,-0.01938666,-0.7754664,94.02530099999994,3.7610120399999976,fixed
61.85094689996913,30,4.849999999999997,-0.01940753,-0.7763011999999999,94.12652049999994,3.7650608199999973,fixed
61.93524249992333,30,4.849999999999997,-0.01935869,-0.7743476000000001,93.88964649999996,3.7555858599999983,fixed
62.01937789993826,30,4.849999999999997,-0.01936338,-0.7745352,93.91239299999994,3.7564957199999975,fixed
62.10362409998197,30,4.849999999999997,-0.01934454,-0.7737816000000001,93.82101899999995,3.752840759999998,fixed
62.187975799897686,30,4.849999999999997,-0.01934851,-0.7739404000000001,93.84027349999994,3.753610939999998,fixed
62.272386899916455,30,4.849999999999997,-0.01935764,-0.7743056,93.88455399999994,3.7553821599999977,fixed
62.35664279991761,30,4.849999999999997,-0.01935025,-0.77401,93.84871249999995,3.7539484999999977,fixed
62.44094159989618,30,4.849999999999997,-0.01932912,-0.7731648000000001,93.74623199999995,3.749849279999998,fixed
62.52539099997375,30,4.849999999999997,-0.01933307,-0.7733228,93.76538949999996,3.7506155799999976,fixed
62.60950799996499,30,4.849999999999997,-0.01932876,-0.7731504,93.74448599999995,3.7497794399999975,fixed
62.69371169991791,30,4.849999999999997,-0.0193435,-0.77374,93.81597499999994,3.7526389999999976,fixed
62.77929509989917,31,4.799999999999997,-0.01965069,-0.7860275999999999,94.32331199999993,3.7729324799999975,fixed
62.863663199939765,31,4.799999999999997,-0.01959784,-0.7839135999999999,94.06963199999993,3.762785279999997,fixed
62.94787389994599,31,4.799999999999997,-0.01958906,-0.7835624,94.02748799999993,3.761099519999998,fixed
63.032284799963236,31,4.799999999999997,-0.0196008,-0.7840320000000002,94.08383999999995,3.7633535999999985,fixed
63.116438099881634,31,4.799999999999997,-0.01961688,-0.7846751999999999,94.16102399999994,3.7664409599999975,fixed
63.200645499979146,31,4.799999999999997,-0.01959794,-0.7839176000000001,94.07011199999995,3.7628044799999985,fixed
63.28502449998632,31,4.799999999999997,-0.01960223,-0.7840891999999999,94.09070399999995,3.7636281599999974,fixed
63.36938929988537,31,4.799999999999997,-0.01959713,-0.7838852,94.06622399999995,3.7626489599999977,fixed
63.45376649987884,31,4.799999999999997,-0.01959981,-0.7839923999999999,94.07908799999994,3.7631635199999973,fixed
63.53799189988058,31,4.799999999999997,-0.01965299,-0.7861195999999999,94.33435199999994,3.7733740799999973,fixed
63.62207879987545,31,4.799999999999997,-0.02028759,-0.8115036000000001,97.38043199999994,3.895217279999998,fixed
63.70635389990639,31,4.799999999999997,-0.0197305,-0.7892200000000001,94.70639999999996,3.7882559999999983,fixed
63.79061049991287,31,4.799999999999997,-0.01971261,-0.7885043999999999,94.62052799999994,3.784821119999997,fixed
63.8748956999043,31,4.799999999999997,-0.01969002,-0.7876008,94.51209599999993,3.780483839999998,fixed
63.95903399994131,31,4.799999999999997,-0.0197004,-0.7880159999999999,94.56191999999994,3.7824767999999973,fixed
64.04306989989709,31,4.799999999999997,-0.01969495,-0.787798,94.53575999999994,3.781430399999998,fixed
64.12732819991652,31,4.799999999999997,-0.01969858,-0.7879432,94.55318399999994,3.7821273599999974,fixed
64.21151939989068,31,4.799999999999997,-0.01971141,-0.7884563999999998,94.61476799999993,3.784590719999997,fixed
64.29571499989834,31,4.799999999999997,-0.01972441,-0.7889764000000001,94.67716799999995,3.7870867199999982,fixed
64.38009339990094,31,4.799999999999997,-0.01977353,-0.7909412,94.91294399999994,3.7965177599999977,fixed
64.46416619990487,31,4.799999999999997,-0.02048264,-0.8193056,98.31667199999994,3.9326668799999975,fixed
64.54822079988662,31,4.799999999999997,-0.02048513,-0.8194052000000001,98.32862399999995,3.933144959999998,fixed
64.63203569990583,31,4.799999999999997,-0.02048478,-0.8193912,98.32694399999994,3.9330777599999975,fixed
64.71599869988859,31,4.799999999999997,-0.02045246,-0.8180983999999999,98.17180799999993,3.926872319999997,fixed
64.80146179988515,32,4.849999999999997,-0.02027239,-0.8108956,98.32109149999994,3.932843659999998,fixed
64.88593869993929,32,4.849999999999997,-0.02028746,-0.8114984,98.39418099999995,3.9357672399999974,fixed
64.97008569992613,32,4.849999999999997,-0.02027398,-0.8109592000000001,98.32880299999994,3.933152119999998,fixed
65.05354919994716,32,4.849999999999997,-0.02028687,-0.8114747999999998,98.39131949999994,3.9356527799999967,fixed
65.13717379991431,32,4.849999999999997,-0.02026675,-0.8106700000000001,98.29373749999993,3.9317494999999982,fixed
65.22117809997872,32,4.849999999999997,-0.02007234,-0.8028936,97.35084899999995,3.8940339599999976,fixed
65.30521669995505,32,4.849999999999997,-0.02028797,-0.8115187999999999,98.39665449999993,3.935866179999997,fixed
65.38898119993974,32,4.849999999999997,-0.02028909,-0.8115635999999999,98.40208649999992,3.936083459999997,fixed
65.4728150999872,32,4.849999999999997,-0.02007711,-0.8030843999999999,97.37398349999992,3.894959339999997,fixed
65.55654179991689,32,4.849999999999997,-0.02027863,-0.8111452,98.35135549999993,3.9340542199999975,fixed
65.64037759997882,32,4.849999999999997,-0.02025349,-0.8101396,98.22942649999995,3.9291770599999976,fixed
65.72408369998448,32,4.849999999999997,-0.02027466,-0.8109864,98.33210099999994,3.9332840399999975,fixed
65.80769159994088,32,4.849999999999997,-0.0202611,-0.8104439999999999,98.26633499999994,3.930653399999997,fixed
65.8914748999523,32,4.849999999999997,-0.02025201,-0.8100804,98.22224849999995,3.9288899399999977,fixed
65.97559879987966,32,4.849999999999997,-0.02028969,-0.8115876,98.40499649999994,3.936199859999997,fixed
66.06004999997094,32,4.849999999999997,-0.02026751,-0.8107003999999999,98.29742349999994,3.931896939999997,fixed
66.14428239990957,32,4.849999999999997,-0.02026693,-0.8106772,98.29461049999993,3.9317844199999974,fixed
66.2285168999806,32,4.849999999999997,-0.0202817,-0.811268,98.36624499999994,3.9346497999999976,fixed
66.31283779989462,32,4.849999999999997,-0.02026591,-0.8106364,98.28966349999995,3.931586539999998,fixed
66.39721799991094,32,4.849999999999997,-0.0202898,-0.811592,98.40552999999994,3.9362211999999976,fixed
66.48127889994066,32,4.849999999999997,-0.02026695,-0.8106779999999999,98.29470749999994,3.931788299999997,fixed
66.56508139998186,32,4.849999999999997,-0.0202377,-0.809508,98.15284499999994,3.9261137999999978,fixed
66.64911759993993,32,4.849999999999997,-0.02028518,-0.8114072,98.38312299999993,3.9353249199999976,fixed
66.7332422999898,32,4.849999999999997,-0.02029035,-0.8116140000000001,98.40819749999993,3.936327899999998,fixed
66.81906819995493,33,4.899999999999997,-0.02004229,-0.8016916000000001,98.20722099999995,3.928288839999998,fixed
66.90295269992203,33,4.899999999999997,-0.02007378,-0.8029512,98.36152199999994,3.9344608799999974,fixed
66.98640919988975,33,4.899999999999997,-0.02008297,-0.8033188,98.40655299999993,3.9362621199999976,fixed
67.07010979996994,33,4.899999999999997,-0.02008047,-0.8032187999999999,98.39430299999994,3.935772119999997,fixed
67.15388579992577,33,4.899999999999997,-0.01906713,-0.7626852000000001,93.42893699999995,3.737157479999998,fixed
67.23787059995811,33,4.899999999999997,-0.0190595,-0.76238,93.39154999999994,3.7356619999999974,fixed
67.32166349992622,33,4.899999999999997,-0.01933597,-0.7734388,94.74625299999995,3.7898501199999974,fixed
67.40534039994236,33,4.899999999999997,-0.02008312,-0.8033248000000001,98.40728799999992,3.936291519999998,fixed
67.48895809997339,33,4.899999999999997,-0.01915182,-0.7660728,93.84391799999995,3.7537567199999975,fixed
67.57278139994014,33,4.899999999999997,-0.01916453,-0.7665812,93.90619699999992,3.7562478799999974,fixed
67.65672669990454,33,4.899999999999997,-0.01914358,-0.7657432,93.80354199999994,3.752141679999997,fixed
67.7410490999464,33,4.899999999999997,-0.0200619,-0.8024760000000001,98.30330999999994,3.9321323999999978,fixed
67.82495139993262,33,4.899999999999997,-0.02007489,-0.8029956,98.36696099999995,3.9346784399999977,fixed
67.90864539996255,33,4.899999999999997,-0.02007318,-0.8029272000000001,98.35858199999993,3.9343432799999976,fixed
67.99234729993623,33,4.899999999999997,-0.02009605,-0.8038420000000001,98.47064499999993,3.938825799999998,fixed
68.07633479987271,33,4.899999999999997,-0.02006281,-0.8025123999999999,98.30776899999994,3.932310759999997,fixed
68.16057209996507,33,4.899999999999997,-0.02006874,-0.8027496000000001,98.33682599999995,3.9334730399999978,fixed
68.24480259988923,33,4.899999999999997,-0.02007902,-0.8031608,98.38719799999994,3.9354879199999973,fixed
68.32896819990128,33,4.899999999999997,-0.01912454,-0.7649816,93.71024599999993,3.7484098399999977,fixed
68.41312679997645,33,4.899999999999997,-0.01906125,-0.7624499999999999,93.40012499999993,3.736004999999997,fixed
68.49664489994757,33,4.899999999999997,-0.02005911,-0.8023644,98.28963899999994,3.931585559999997,fixed
68.58042369992472,33,4.899999999999997,-0.02005903,-0.8023612,98.28924699999993,3.9315698799999974,fixed
68.66472539992537,33,4.899999999999997,-0.02008951,-0.8035804,98.43859899999994,3.9375439599999975,fixed
68.7491308999015,33,4.899999999999997,-0.02006713,-0.8026852,98.32893699999994,3.9331574799999975,fixed
68.83472499996424,34,4.849999999999997,-0.02030521,-0.8122083999999999,98.48026849999994,3.9392107399999974,fixed
68.91902539995499,34,4.849999999999997,-0.02025127,-0.8100508,98.21865949999993,3.9287463799999975,fixed
69.00333289988339,34,4.849999999999997,-0.02024744,-0.8098975999999999,98.20008399999993,3.928003359999997,fixed
69.08740009996109,34,4.849999999999997,-0.02030193,-0.8120771999999999,98.46436049999993,3.9385744199999975,fixed
69.17126999993343,34,4.849999999999997,-0.02015699,-0.8062796,97.76140149999995,3.9104560599999973,fixed
69.25561269989703,34,4.849999999999997,-0.01962559,-0.7850235999999999,95.18411149999993,3.8073644599999974,fixed
69.33999509993009,34,4.849999999999997,-0.01963801,-0.7855204,95.24434849999994,3.8097739399999977,fixed
69.42422489996534,34,4.849999999999997,-0.01977407,-0.7909628000000001,95.90423949999995,3.836169579999998,fixed
69.50848349987064,34,4.849999999999997,-0.02027155,-0.8108619999999999,98.31701749999993,3.932680699999997,fixed
69.5931336999638,34,4.849999999999997,-0.02010098,-0.8040392,97.48975299999994,3.8995901199999974,fixed
69.67711229994893,34,4.849999999999997,-0.02028435,-0.811374,98.37909749999994,3.935163899999998,fixed
69.761340499972,34,4.849999999999997,-0.02026739,-0.8106956,98.29684149999994,3.9318736599999973,fixed
69.84561599988956,34,4.849999999999997,-0.02025533,-0.8102131999999999,98.23835049999994,3.929534019999997,fixed
69.92994329996873,34,4.849999999999997,-0.02029796,-0.8119184,98.44510599999994,3.937804239999998,fixed
70.01417579990812,34,4.849999999999997,-0.02027334,-0.8109336,98.32569899999994,3.9330279599999978,fixed
70.09871229995042,34,4.849999999999997,-0.02026705,-0.810682,98.29519249999994,3.9318076999999976,fixed
70.18292959989049,34,4.849999999999997,-0.02027828,-0.8111311999999999,98.34965799999993,3.933986319999997,fixed
70.2675234999042,34,4.849999999999997,-0.02027039,-0.8108156,98.31139149999993,3.9324556599999974,fixed
70.35189619997982,34,4.849999999999997,-0.02027735,-0.811094,98.34514749999994,3.9338058999999976,fixed
70.43627379997633,34,4.849999999999997,-0.02024967,-0.8099868000000001,98.21089949999995,3.928435979999998,fixed
70.52055809996091,34,4.849999999999997,-0.02028141,-0.8112564,98.36483849999993,3.9345935399999976,fixed
70.60475209995639,34,4.849999999999997,-0.02030706,-0.8122824,98.48924099999994,3.9395696399999975,fixed
70.68869359989185,34,4.849999999999997,-0.0202619,-0.810476,98.27021499999994,3.9308085999999975,fixed
70.77281979995314,34,4.849999999999997,-0.02027984,-0.8111936,98.35722399999993,3.9342889599999973,fixed
70.85836890002247,35,4.799999999999997,-0.02049449,-0.8197795999999999,98.37355199999995,3.9349420799999972,fixed
70.94270100002177,35,4.799999999999997,-0.02046331,-0.8185324,98.22388799999995,3.928955519999998,fixed
71.02714930009097,35,4.799999999999997,-0.02047751,-0.8191004000000001,98.29204799999995,3.931681919999998,fixed
71.11151399998926,35,4.799999999999997,-0.02045535,-0.818214,98.18567999999995,3.9274271999999977,fixed
71.19584070006385,35,4.799999999999997,-0.02045859,-0.8183436,98.20123199999993,3.9280492799999975,fixed
71.28028489998542,35,4.799999999999997,-0.02044443,-0.8177772,98.13326399999994,3.9253305599999977,fixed
71.36445910006296,35,4.799999999999997,-0.02043204,-0.8172815999999998,98.07379199999994,3.922951679999997,fixed
71.44875840004534,35,4.799999999999997,-0.02045959,-0.8183836,98.20603199999994,3.9282412799999977,fixed
71.53365690005012,35,4.799999999999997,-0.01963431,-0.7853724,94.24468799999994,3.7697875199999977,fixed
71.61799310008064,35,4.799999999999997,-0.01965849,-0.7863396,94.36075199999995,3.774430079999998,fixed
71.7023822000483,35,4.799999999999997,-0.0196794,-0.7871760000000001,94.46111999999994,3.778444799999998,fixed
71.7867914000526,35,4.799999999999997,-0.01966415,-0.786566,94.38791999999994,3.775516799999998,fixed
71.87123520008754,35,4.799999999999997,-0.02042771,-0.8171084000000001,98.05300799999995,3.922120319999998,fixed
71.95572249998804,35,4.799999999999997,-0.02042992,-0.8171968,98.06361599999995,3.9225446399999973,fixed
72.03994110005442,35,4.799999999999997,-0.02044873,-0.8179491999999999,98.15390399999993,3.9261561599999975,fixed
72.12408259999938,35,4.799999999999997,-0.020447,-0.8178799999999999,98.14559999999994,3.9258239999999973,fixed
72.20812309999019,35,4.799999999999997,-0.02044162,-0.8176648,98.11977599999994,3.9247910399999975,fixed
72.29245499998797,35,4.799999999999997,-0.02045576,-0.8182304,98.18764799999995,3.927505919999998,fixed
72.3766732000513,35,4.799999999999997,-0.0204844,-0.819376,98.32511999999994,3.9330047999999977,fixed
72.46090499998536,35,4.799999999999997,-0.02047802,-0.8191208,98.29449599999994,3.9317798399999977,fixed
72.54525620001368,35,4.799999999999997,-0.0204611,-0.818444,98.21327999999994,3.9285311999999974,fixed
72.6296108000679,35,4.799999999999997,-0.02045148,-0.8180592,98.16710399999995,3.9266841599999975,fixed
72.71389020001516,35,4.799999999999997,-0.02044305,-0.817722,98.12663999999995,3.9250655999999973,fixed
72.79792720009573,35,4.799999999999997,-0.02046917,-0.8187667999999999,98.25201599999993,3.9300806399999972,fixed
72.88348809990566,36,4.849999999999997,-0.02025102,-0.8100408,98.21744699999995,3.9286978799999974,fixed
72.96786629990675,36,4.849999999999997,-0.02027445,-0.810978,98.33108249999994,3.9332432999999973,fixed
73.05211069993675,36,4.849999999999997,-0.02026782,-0.8107128,98.29892699999994,3.9319570799999974,fixed
73.1364863999188,36,4.849999999999997,-0.02025744,-0.8102976000000001,98.24858399999995,3.929943359999998,fixed
73.2206621998921,36,4.849999999999997,-0.02025595,-0.8102380000000001,98.24135749999995,3.9296542999999984,fixed
73.30505039996933,36,4.849999999999997,-0.02026807,-0.8107228,98.30013949999994,3.9320055799999976,fixed
73.389143499895,36,4.849999999999997,-0.02028834,-0.8115336,98.39844899999993,3.9359379599999973,fixed
73.4733185999794,36,4.849999999999997,-0.02024602,-0.8098408,98.19319699999994,3.9277278799999977,fixed
73.55742819991428,36,4.849999999999997,-0.02025934,-0.8103736,98.25779899999993,3.930311959999998,fixed
73.64178089995403,36,4.849999999999997,-0.02027817,-0.8111268000000001,98.34912449999995,3.933964979999998,fixed
73.72617009992246,36,4.849999999999997,-0.02029019,-0.8116076,98.40742149999994,3.9362968599999975,fixed
73.81059889995959,36,4.849999999999997,-0.02027803,-0.8111211999999999,98.34844549999994,3.933937819999997,fixed
73.89484239998274,36,4.849999999999997,-0.02027499,-0.8109995999999999,98.33370149999995,3.933348059999997,fixed
73.9791015998926,36,4.849999999999997,-0.02028199,-0.8112796,98.36765149999994,3.9347060599999977,fixed
74.06323619990144,36,4.849999999999997,-0.02027352,-0.8109408,98.32657199999993,3.933062879999998,fixed
74.14800559997093,36,4.849999999999997,-0.02027212,-0.8108848000000001,98.31978199999993,3.932791279999998,fixed
74.23282299994025,36,4.849999999999997,-0.02027867,-0.8111468,98.35154949999993,3.9340619799999974,fixed
74.31722229998559,36,4.849999999999997,-0.02027117,-0.8108468000000001,98.31517449999996,3.932606979999998,fixed
74.40194549993612,36,4.849999999999997,-0.02028067,-0.8112268,98.36124949999994,3.9344499799999975,fixed
74.48621729994193,36,4.849999999999997,-0.02026989,-0.8107956000000001,98.30896649999993,3.932358659999998,fixed
74.57061349996366,36,4.849999999999997,-0.02028945,-0.8115780000000001,98.40383249999994,3.936153299999998,fixed
74.65475009987131,36,4.849999999999997,-0.02030278,-0.8121111999999999,98.46848299999994,3.938739319999997,fixed
74.73872879997361,36,4.849999999999997,-0.02024506,-0.8098023999999999,98.18854099999993,3.927541639999997,fixed
74.82304599997588,36,4.849999999999997,-0.02026708,-0.8106832,98.29533799999994,3.9318135199999977,fixed
74.9086144999601,37,4.899999999999997,-0.02006635,-0.802654,98.32511499999994,3.933004599999997,fixed
74.99299229995813,37,4.899999999999997,-0.02009684,-0.8038736,98.47451599999994,3.9389806399999974,fixed
75.07698339992203,37,4.899999999999997,-0.02006079,-0.8024315999999999,98.29787099999993,3.931914839999997,fixed
75.16078239993658,37,4.899999999999997,-0.02001104,-0.8004416000000001,98.05409599999994,3.922163839999998,fixed
75.24494329991285,37,4.899999999999997,-0.02006243,-0.8024971999999999,98.30590699999993,3.932236279999997,fixed
75.32913199998438,37,4.899999999999997,-0.02008129,-0.8032516000000001,98.39832099999994,3.9359328399999978,fixed
75.41342869994696,37,4.899999999999997,-0.0200638,-0.802552,98.31261999999994,3.9325047999999976,fixed
75.49760539992712,37,4.899999999999997,-0.02006365,-0.802546,98.31188499999993,3.9324753999999973,fixed
75.58187279989943,37,4.899999999999997,-0.02007366,-0.8029464000000001,98.36093399999994,3.9344373599999978,fixed
75.6662680999143,37,4.899999999999997,-0.02007132,-0.8028528,98.34946799999994,3.9339787199999976,fixed
75.75054879987147,37,4.899999999999997,-0.02007728,-0.8030911999999999,98.37867199999994,3.935146879999997,fixed
75.83469879988115,37,4.899999999999997,-0.02004733,-0.8018932,98.23191699999994,3.9292766799999974,fixed
75.91905999998562,37,4.899999999999997,-0.02007322,-0.8029288,98.35877799999994,3.9343511199999974,fixed
76.00343779998366,37,4.899999999999997,-0.02010263,-0.8041052000000001,98.50288699999993,3.940115479999998,fixed
76.08764859987423,37,4.899999999999997,-0.02007587,-0.8030347999999999,98.37176299999993,3.934870519999997,fixed
76.17195259989239,37,4.899999999999997,-0.02006249,-0.8024996,98.30620099999993,3.9322480399999975,fixed
76.25625539990142,37,4.899999999999997,-0.02007024,-0.8028095999999999,98.34417599999993,3.933767039999997,fixed
76.34053239994682,37,4.899999999999997,-0.02009223,-0.8036892,98.45192699999993,3.9380770799999976,fixed
76.42492129991297,37,4.899999999999997,-0.02007407,-0.8029628,98.36294299999994,3.9345177199999974,fixed
76.50900629989337,37,4.899999999999997,-0.02005839,-0.8023355999999999,98.28611099999992,3.9314444399999973,fixed
76.59268729994074,37,4.899999999999997,-0.02009983,-0.8039932000000001,98.48916699999994,3.9395666799999978,fixed
76.67619819997344,37,4.899999999999997,-0.01897741,-0.7590964,92.98930899999993,3.7195723599999977,fixed
76.75978309987113,37,4.899999999999997,-0.01898417,-0.7593668000000001,93.02243299999995,3.720897319999998,fixed
76.84332699992228,37,4.899999999999997,-0.01901828,-0.7607311999999999,93.18957199999993,3.7275828799999973,fixed
76.92809369997121,38,4.849999999999997,-0.0192757,-0.771028,93.48714499999994,3.739485799999998,fixed
77.01173049991485,38,4.849999999999997,-0.01924795,-0.769918,93.35255749999995,3.7341022999999978,fixed
77.09532339998987,38,4.849999999999997,-0.01925897,-0.7703588,93.40600449999995,3.7362401799999976,fixed
77.17891079990659,38,4.849999999999997,-0.01927077,-0.7708307999999999,93.46323449999994,3.7385293799999975,fixed
77.26256499998271,38,4.849999999999997,-0.0192864,-0.771456,93.53903999999993,3.7415615999999976,fixed
77.34617949998938,38,4.849999999999997,-0.01925664,-0.7702655999999999,93.39470399999993,3.735788159999997,fixed
77.42976619990077,38,4.849999999999997,-0.01927474,-0.7709895999999999,93.48248899999993,3.7392995599999974,fixed
77.51358689996414,38,4.849999999999997,-0.0192624,-0.770496,93.42263999999993,3.7369055999999974,fixed
77.59754899994005,38,4.849999999999997,-0.01924854,-0.7699416000000001,93.35541899999996,3.734216759999998,fixed
77.68160589993931,38,4.849999999999997,-0.01927163,-0.7708652,93.46740549999994,3.738696219999998,fixed
77.76577499997802,38,4.849999999999997,-0.01924949,-0.7699796000000001,93.36002649999995,3.734401059999998,fixed
77.84978379996028,38,4.849999999999997,-0.01926684,-0.7706736000000001,93.44417399999995,3.737766959999998,fixed
77.93397159990855,38,4.849999999999997,-0.01922468,-0.7689872,93.23969799999995,3.7295879199999975,fixed
78.01801159989554,38,4.849999999999997,-0.01923021,-0.7692084,93.26651849999995,3.7306607399999976,fixed
78.10216599993873,38,4.849999999999997,-0.01920895,-0.7683579999999999,93.16340749999993,3.726536299999997,fixed
78.18637489993125,38,4.849999999999997,-0.01922,-0.7688000000000001,93.21699999999996,3.7286799999999984,fixed
78.27032909996342,38,4.849999999999997,-0.01922759,-0.7691036,93.25381149999994,3.7301524599999976,fixed
78.35439609992318,38,4.849999999999997,-0.01919645,-0.7678579999999999,93.10278249999993,3.7241112999999975,fixed
78.43851569993421,38,4.849999999999997,-0.01920234,-0.7680935999999999,93.13134899999993,3.725253959999997,fixed
78.52261769992765,38,4.849999999999997,-0.01922341,-0.7689364000000001,93.23353849999994,3.729341539999998,fixed
78.6067553999601,38,4.849999999999997,-0.01921296,-0.7685184,93.18285599999996,3.727314239999998,fixed
78.69087219994981,38,4.849999999999997,-0.01925401,-0.7701603999999999,93.38194849999994,3.735277939999997,fixed
78.77522489998955,38,4.849999999999997,-0.01927011,-0.7708044,93.46003349999994,3.7384013399999976,fixed
78.85944289993495,38,4.849999999999997,-0.01926143,-0.7704572000000001,93.41793549999994,3.736717419999998,fixed
78.94490730005782,39,4.899999999999997,-0.01896707,-0.7586828,92.93864299999993,3.7175457199999977,fixed
79.02902240003459,39,4.899999999999997,-0.01899781,-0.7599124,93.08926899999994,3.7235707599999976,fixed
79.1127628000686,39,4.899999999999997,-0.01900102,-0.7600408000000001,93.10499799999994,3.724199919999998,fixed
79.19666970008984,39,4.899999999999997,-0.01900008,-0.7600032,93.10039199999993,3.7240156799999977,fixed
79.28079780004919,39,4.899999999999997,-0.01902623,-0.7610492000000001,93.22852699999996,3.729141079999998,fixed
79.36482840008102,39,4.899999999999997,-0.01897805,-0.759122,92.99244499999993,3.7196977999999974,fixed
79.44892880006228,39,4.899999999999997,-0.01898487,-0.7593948,93.02586299999994,3.7210345199999977,fixed
79.53287960006855,39,4.899999999999997,-0.01900824,-0.7603296,93.14037599999995,3.725615039999998,fixed
79.61691209999844,39,4.899999999999997,-0.01900571,-0.7602283999999999,93.12797899999993,3.725119159999997,fixed
79.70098620001227,39,4.899999999999997,-0.01898826,-0.7595304,93.04247399999994,3.7216989599999977,fixed
79.78500800009351,39,4.899999999999997,-0.01897958,-0.7591832,92.99994199999993,3.7199976799999974,fixed
79.86893930006772,39,4.899999999999997,-0.01897634,-0.7590536,92.98406599999994,3.7193626399999977,fixed
79.95257369999308,39,4.899999999999997,-0.01898863,-0.7595452,93.04428699999994,3.721771479999998,fixed
80.03621230006684,39,4.899999999999997,-0.01897632,-0.7590528000000001,92.98396799999995,3.719358719999998,fixed
80.11993100005202,39,4.899999999999997,-0.0189994,-0.7599760000000001,93.09705999999994,3.723882399999998,fixed
80.20360180002172,39,4.899999999999997,-0.01900331,-0.7601323999999999,93.11621899999993,3.7246487599999973,fixed
80.28720750007778,39,4.899999999999997,-0.01899111,-0.7596444,93.05643899999994,3.7222575599999974,fixed
80.37081160000525,39,4.899999999999997,-0.01898314,-0.7593255999999999,93.01738599999995,3.7206954399999974,fixed
80.45454679999966,39,4.899999999999997,-0.01898142,-0.7592568,93.00895799999994,3.720358319999997,fixed
80.53817810001783,39,4.899999999999997,-0.0189626,-0.758504,92.91673999999995,3.7166695999999972,fixed
80.62179220002145,39,4.899999999999997,-0.01897277,-0.7589108,92.96657299999994,3.7186629199999977,fixed
80.70544690010138,39,4.899999999999997,-0.01897781,-0.7591124,92.99126899999995,3.7196507599999977,fixed
80.78910700010601,39,4.899999999999997,-0.01898919,-0.7595676,93.04703099999993,3.7218812399999974,fixed
80.87301930005196,39,4.899999999999997,-0.0189658,-0.7586320000000001,92.93241999999995,3.717296799999998,fixed
80.9584725999739,40,4.849999999999997,-0.01928749,-0.7714996000000001,93.54432649999994,3.741773059999998,fixed
81.0426610999275,40,4.849999999999997,-0.01923452,-0.7693808,93.28742199999995,3.7314968799999977,fixed
81.12672749988269,40,4.849999999999997,-0.01923045,-0.7692180000000001,93.26768249999994,3.730707299999998,fixed
81.21093779988587,40,4.849999999999997,-0.01925093,-0.7700372,93.36701049999995,3.7346804199999974,fixed
81.29515369993169,40,4.849999999999997,-0.01925165,-0.7700659999999999,93.37050249999994,3.734820099999997,fixed
81.37921409995761,40,4.849999999999997,-0.01926526,-0.7706103999999999,93.43651099999994,3.7374604399999973,fixed
81.46313079993706,40,4.849999999999997,-0.01926506,-0.7706024,93.43554099999994,3.7374216399999978,fixed
81.54733539989684,40,4.849999999999997,-0.02002912,-0.8011648000000001,97.14123199999995,3.885649279999998,fixed
81.63145769992843,40,4.849999999999997,-0.02025048,-0.8100191999999999,98.21482799999995,3.9285931199999973,fixed
81.71558559988625,40,4.849999999999997,-0.0202748,-0.8109919999999999,98.33277999999994,3.9333111999999972,fixed
81.79969139990862,40,4.849999999999997,-0.02023216,-0.8092864,98.12597599999994,3.9250390399999975,fixed
81.88373699993826,40,4.849999999999997,-0.02020702,-0.8082808,98.00404699999994,3.9201618799999975,fixed
81.96781129995361,40,4.849999999999997,-0.02023818,-0.8095272,98.15517299999995,3.9262069199999976,fixed
82.05200119991787,40,4.849999999999997,-0.0202682,-0.810728,98.30076999999994,3.9320307999999975,fixed
82.13612199993804,40,4.849999999999997,-0.02025239,-0.8100955999999999,98.22409149999993,3.9289636599999973,fixed
82.22029049997218,40,4.849999999999997,-0.02024443,-0.8097772000000001,98.18548549999994,3.927419419999998,fixed
82.30443739995826,40,4.849999999999997,-0.02021874,-0.8087496000000001,98.06088899999993,3.922435559999998,fixed
82.38854549988173,40,4.849999999999997,-0.02026709,-0.8106836000000002,98.29538649999995,3.9318154599999984,fixed
82.47247689997312,40,4.849999999999997,-0.02025555,-0.810222,98.23941749999994,3.9295766999999975,fixed
82.55666689993814,40,4.849999999999997,-0.02024052,-0.8096208,98.16652199999994,3.926660879999998,fixed
82.64099399989937,40,4.849999999999997,-0.0202531,-0.810124,98.22753499999993,3.9291013999999973,fixed
82.72518369997852,40,4.849999999999997,-0.02022321,-0.8089283999999999,98.08256849999992,3.923302739999997,fixed
82.80944369989447,40,4.849999999999997,-0.02022181,-0.8088724,98.07577849999993,3.9230311399999978,fixed
82.89365949993953,40,4.849999999999997,-0.02026448,-0.8105792,98.28272799999995,3.9313091199999977,fixed
82.97903680009767,41,4.799999999999997,-0.02046933,-0.8187732,98.25278399999993,3.9301113599999975,fixed
83.06295130006038,41,4.799999999999997,-0.02043824,-0.8175296,98.10355199999994,3.9241420799999975,fixed
83.14681240008213,41,4.799999999999997,-0.02042647,-0.8170588,98.04705599999994,3.9218822399999977,fixed
83.23037580004893,41,4.799999999999997,-0.02045385,-0.8181539999999999,98.17847999999994,3.9271391999999974,fixed
83.31414090003818,41,4.799999999999997,-0.02045508,-0.8182031999999999,98.18438399999994,3.9273753599999974,fixed
83.3977307000896,41,4.799999999999997,-0.02046964,-0.8187856000000001,98.25427199999994,3.930170879999998,fixed
83.48125160008203,41,4.799999999999997,-0.02042127,-0.8168508,98.02209599999993,3.9208838399999975,fixed
83.56479510001373,41,4.799999999999997,-0.02041562,-0.8166248,97.99497599999994,3.919799039999998,fixed
83.64850200002547,41,4.799999999999997,-0.02041792,-0.8167167999999999,98.00601599999993,3.920240639999997,fixed
83.73212820000481,41,4.799999999999997,-0.02045074,-0.8180296,98.16355199999992,3.9265420799999977,fixed
83.81576300004963,41,4.799999999999997,-0.02018879,-0.8075516,96.90619199999995,3.876247679999998,fixed
83.89942140004132,41,4.799999999999997,-0.02042439,-0.8169755999999999,98.03707199999995,3.9214828799999975,fixed
83.98303190001752,41,4.799999999999997,-0.02046251,-0.8185003999999999,98.22004799999993,3.928801919999997,fixed
84.06664160010405,41,4.799999999999997,-0.02041529,-0.8166116,97.99339199999994,3.919735679999998,fixed
84.1503063000273,41,4.799999999999997,-0.02041237,-0.8164948,97.97937599999993,3.9191750399999976,fixed
84.23383690009359,41,4.799999999999997,-0.02045024,-0.8180096,98.16115199999994,3.9264460799999976,fixed
84.31784240005072,41,4.799999999999997,-0.02043895,-0.8175580000000001,98.10695999999996,3.924278399999998,fixed
84.40211510006338,41,4.799999999999997,-0.02042928,-0.8171712000000001,98.06054399999995,3.922421759999998,fixed
84.48637330008205,41,4.799999999999997,-0.02041587,-0.8166347999999999,97.99617599999993,3.919847039999997,fixed
84.57021790009458,41,4.799999999999997,-0.02043587,-0.8174347999999999,98.09217599999994,3.9236870399999972,fixed
84.65400470001623,41,4.799999999999997,-0.02045972,-0.8183888,98.20665599999995,3.928266239999998,fixed
84.73835350002628,41,4.799999999999997,-0.02043045,-0.817218,98.06615999999994,3.922646399999998,fixed
84.82254950003698,41,4.799999999999997,-0.02044954,-0.8179816,98.15779199999994,3.9263116799999978,fixed
84.90671290003229,41,4.799999999999997,-0.02044176,-0.8176703999999999,98.12044799999994,3.924817919999997,fixed
84.99215519998688,42,4.749999999999997,-0.02063605,-0.825442,98.02123749999994,3.920849499999998,fixed
85.07626999996137,42,4.749999999999997,-0.02061224,-0.8244896,97.90813999999995,3.916325599999998,fixed
85.16032789996825,42,4.749999999999997,-0.02063209,-0.8252835999999999,98.00242749999994,3.9200970999999973,fixed
85.24439549993258,42,4.749999999999997,-0.02061718,-0.8246872,97.93160499999993,3.9172641999999978,fixed
85.32855159998871,42,4.749999999999997,-0.02060295,-0.824118,97.86401249999993,3.9145604999999977,fixed
85.41269579995424,42,4.749999999999997,-0.02061915,-0.8247659999999999,97.94096249999994,3.917638499999997,fixed
85.49686889990699,42,4.749999999999997,-0.02066438,-0.8265752000000001,98.15580499999994,3.926232199999998,fixed
85.58103679993656,42,4.749999999999997,-0.02062653,-0.8250611999999999,97.97601749999994,3.9190406999999974,fixed
85.66502349998336,42,4.749999999999997,-0.02065751,-0.8263004,98.12317249999995,3.924926899999998,fixed
85.7492255999241,42,4.749999999999997,-0.02066808,-0.8267232,98.17337999999994,3.9269351999999977,fixed
85.83342279994395,42,4.749999999999997,-0.02063819,-0.8255276,98.03140249999994,3.921256099999998,fixed
85.91753239987884,42,4.749999999999997,-0.02063842,-0.8255368,98.03249499999995,3.9212997999999977,fixed
86.0016239999095,42,4.749999999999997,-0.02065779,-0.8263115999999999,98.12450249999993,3.9249800999999973,fixed
86.08555799990427,42,4.749999999999997,-0.0200996,-0.8039839999999999,95.47309999999993,3.8189239999999973,fixed
86.16930009995122,42,4.749999999999997,-0.02007036,-0.8028143999999999,95.33420999999994,3.8133683999999977,fixed
86.25283269991633,42,4.749999999999997,-0.02066602,-0.8266408,98.16359499999994,3.9265437999999975,fixed
86.33660309994593,42,4.749999999999997,-0.02065532,-0.8262128,98.11276999999994,3.9245107999999975,fixed
86.42043409997132,42,4.749999999999997,-0.02068217,-0.8272868,98.24030749999994,3.929612299999998,fixed
86.50476459995843,42,4.749999999999997,-0.02069012,-0.8276048,98.27806999999994,3.931122799999998,fixed
86.5889976999024,42,4.749999999999997,-0.02068272,-0.8273088000000002,98.24291999999996,3.9297167999999987,fixed
86.6730412999168,42,4.749999999999997,-0.02067258,-0.8269032,98.19475499999994,3.9277901999999973,fixed
86.75766999996267,42,4.749999999999997,-0.02066373,-0.8265492000000001,98.15271749999995,3.926108699999998,fixed
86.84179389989004,42,4.749999999999997,-0.02065916,-0.8263664,98.13100999999993,3.9252403999999976,fixed
86.9256787999766,42,4.749999999999997,-0.02067764,-0.8271056,98.21878999999994,3.928751599999998,fixed
87.01078279991634,43,4.799999999999997,-0.02047378,-0.8189512000000001,98.27414399999994,3.930965759999998,fixed
87.09480819990858,43,4.799999999999997,-0.02046413,-0.8185652,98.22782399999996,3.9291129599999977,fixed
87.17876079992857,43,4.799999999999997,-0.02047081,-0.8188324,98.25988799999993,3.9303955199999976,fixed
87.26458629989065,43,4.799999999999997,-0.02049396,-0.8197583999999999,98.37100799999995,3.934840319999997,fixed
87.34856119996402,43,4.799999999999997,-0.02049673,-0.8198692,98.38430399999994,3.9353721599999973,fixed
87.43283809989225,43,4.799999999999997,-0.02050252,-0.8201008000000001,98.41209599999993,3.936483839999998,fixed
87.51649289997295,43,4.799999999999997,-0.02048731,-0.8194924,98.33908799999995,3.9335635199999976,fixed
87.60023559990805,43,4.799999999999997,-0.02046896,-0.8187584000000001,98.25100799999994,3.930040319999998,fixed
87.68397469993215,43,4.799999999999997,-0.02048839,-0.8195355999999999,98.34427199999995,3.9337708799999973,fixed
87.76787139999215,43,4.799999999999997,-0.0204676,-0.8187039999999999,98.24447999999994,3.929779199999997,fixed
87.85165219998453,43,4.799999999999997,-0.02048392,-0.8193567999999999,98.32281599999993,3.932912639999997,fixed
87.93544869998004,43,4.799999999999997,-0.02048108,-0.8192432,98.30918399999995,3.9323673599999975,fixed
88.01928039989434,43,4.799999999999997,-0.02047334,-0.8189336,98.27203199999994,3.9308812799999977,fixed
88.10340189991985,43,4.799999999999997,-0.02050328,-0.8201312000000001,98.41574399999993,3.936629759999998,fixed
88.18752839998342,43,4.799999999999997,-0.02046025,-0.81841,98.20919999999994,3.9283679999999976,fixed
88.27158769988455,43,4.799999999999997,-0.02047796,-0.8191184,98.29420799999994,3.931768319999998,fixed
88.35533339995891,43,4.799999999999997,-0.02049104,-0.8196416,98.35699199999993,3.9342796799999977,fixed
88.43919209996238,43,4.799999999999997,-0.02045522,-0.8182088000000001,98.18505599999993,3.927402239999998,fixed
88.52314169995952,43,4.799999999999997,-0.02047426,-0.8189704,98.27644799999995,3.9310579199999975,fixed
88.60689029993955,43,4.799999999999997,-0.02049399,-0.8197596,98.37115199999995,3.934846079999998,fixed
88.69065659993794,43,4.799999999999997,-0.02047969,-0.8191875999999999,98.30251199999994,3.9321004799999972,fixed
88.77456669998355,43,4.799999999999997,-0.02047224,-0.8188896,98.26675199999994,3.930670079999998,fixed
88.8586129999021,43,4.799999999999997,-0.02047772,-0.8191088000000001,98.29305599999995,3.9317222399999983,fixed
88.94230249989778,43,4.799999999999997,-0.02048552,-0.8194208000000001,98.33049599999995,3.933219839999998,fixed
89.02720959996805,44,4.849999999999997,-0.02025644,-0.8102576,98.24373399999995,3.9297493599999975,fixed
89.11248479993083,44,4.849999999999997,-0.02027884,-0.8111535999999999,98.35237399999994,3.9340949599999973,fixed
89.19617949996609,44,4.849999999999997,-0.020276,-0.81104,98.33859999999993,3.9335439999999973,fixed
89.28024379990529,44,4.849999999999997,-0.0202442,-0.8097679999999999,98.18436999999994,3.9273747999999973,fixed
89.36466769990511,44,4.849999999999997,-0.02025146,-0.8100584,98.21958099999993,3.9287832399999973,fixed
89.44921299989801,44,4.849999999999997,-0.02025047,-0.8100188,98.21477949999993,3.928591179999998,fixed
89.53299909993075,44,4.849999999999997,-0.02025575,-0.81023,98.24038749999994,3.9296154999999975,fixed
89.61653739993926,44,4.849999999999997,-0.02024923,-0.8099692000000001,98.20876549999993,3.928350619999998,fixed
89.70023539999966,44,4.849999999999997,-0.02024776,-0.8099104,98.20163599999994,3.928065439999998,fixed
89.78393449995201,44,4.849999999999997,-0.02023381,-0.8093524000000001,98.13397849999994,3.925359139999998,fixed
89.86745679995511,44,4.849999999999997,-0.02024565,-0.809826,98.19140249999994,3.927656099999998,fixed
89.9510719999671,44,4.849999999999997,-0.02027162,-0.8108648,98.31735699999994,3.932694279999998,fixed
90.034748999984,44,4.849999999999997,-0.02025249,-0.8100996,98.22457649999996,3.9289830599999975,fixed
90.1183955000015,44,4.849999999999997,-0.02025596,-0.8102383999999999,98.24140599999994,3.9296562399999972,fixed
90.20210619992577,44,4.849999999999997,-0.02025235,-0.810094,98.22389749999994,3.9289558999999974,fixed
90.285742499982,44,4.849999999999997,-0.02024512,-0.8098048,98.18883199999993,3.9275532799999975,fixed
90.36953189992346,44,4.849999999999997,-0.02026647,-0.8106588000000001,98.29237949999994,3.931695179999998,fixed
90.45416619989555,44,4.849999999999997,-0.02023023,-0.8092092,98.11661549999994,3.9246646199999975,fixed
90.53829019994009,44,4.849999999999997,-0.02025818,-0.8103272,98.25217299999994,3.9300869199999977,fixed
90.62285990000237,44,4.849999999999997,-0.02025738,-0.8102951999999999,98.24829299999993,3.929931719999997,fixed
90.70673499989789,44,4.849999999999997,-0.02027775,-0.81111,98.34708749999994,3.9338834999999976,fixed
90.7905159998918,44,4.849999999999997,-0.02028564,-0.8114256000000001,98.38535399999994,3.935414159999998,fixed
90.87434519990347,44,4.849999999999997,-0.0202868,-0.811472,98.39097999999994,3.9356391999999976,fixed
90.95873660000507,44,4.849999999999997,-0.0202821,-0.811284,98.36818499999994,3.9347273999999977,fixed
91.04418879991863,45,4.799999999999997,-0.02049511,-0.8198044,98.37652799999995,3.9350611199999976,fixed
91.12841849995311,45,4.799999999999997,-0.02046089,-0.8184355999999999,98.21227199999993,3.9284908799999974,fixed
91.2128147999756,45,4.799999999999997,-0.02044577,-0.8178308,98.13969599999993,3.9255878399999977,fixed
91.29684499988798,45,4.799999999999997,-0.02047189,-0.8188755999999999,98.26507199999993,3.9306028799999972,fixed
91.38070619991049,45,4.799999999999997,-0.02050025,-0.82001,98.40119999999995,3.9360479999999978,fixed
91.46468659990933,45,4.799999999999997,-0.02046701,-0.8186804000000001,98.24164799999994,3.929665919999998,fixed
91.54857119987719,45,4.799999999999997,-0.02044955,-0.8179820000000001,98.15783999999994,3.926313599999998,fixed
91.6325428999262,45,4.799999999999997,-0.02047076,-0.8188304000000001,98.25964799999996,3.930385919999998,fixed
91.71655739995185,45,4.799999999999997,-0.02048108,-0.8192432,98.30918399999995,3.9323673599999975,fixed
91.80066389997955,45,4.799999999999997,-0.02050537,-0.8202148,98.42577599999994,3.9370310399999977,fixed
91.88467829988804,45,4.799999999999997,-0.02047045,-0.8188179999999999,98.25815999999995,3.9303263999999976,fixed
91.96865949989296,45,4.799999999999997,-0.02045683,-0.8182732,98.19278399999993,3.9277113599999978,fixed
92.05240839987528,45,4.799999999999997,-0.02049191,-0.8196763999999999,98.36116799999994,3.934446719999997,fixed
92.13628079998307,45,4.799999999999997,-0.02047249,-0.8188996000000001,98.26795199999994,3.930718079999998,fixed
92.2201294999104,45,4.799999999999997,-0.02045784,-0.8183136000000001,98.19763199999996,3.9279052799999983,fixed
92.30416619998869,45,4.799999999999997,-0.02045748,-0.8182992,98.19590399999994,3.927836159999998,fixed
92.3885196999181,45,4.799999999999997,-0.02044837,-0.8179348000000001,98.15217599999994,3.926087039999998,fixed
92.47301049996167,45,4.799999999999997,-0.02047383,-0.8189531999999999,98.27438399999994,3.9309753599999975,fixed
92.55724659992848,45,4.799999999999997,-0.02046872,-0.8187487999999999,98.24985599999994,3.9299942399999974,fixed
92.64116329990793,45,4.799999999999997,-0.02045665,-0.8182659999999999,98.19191999999995,3.9276767999999973,fixed
92.72491369990166,45,4.799999999999997,-0.02046658,-0.8186632,98.23958399999995,3.929583359999998,fixed
92.80860099988058,45,4.799999999999997,-0.02047994,-0.8191976,98.30371199999993,3.9321484799999977,fixed
92.89216069993563,45,4.799999999999997,-0.02044025,-0.81761,98.11319999999994,3.9245279999999974,fixed
92.97568249993492,45,4.799999999999997,-0.0204515,-0.81806,98.16719999999994,3.9266879999999977,fixed
93.06061449996196,46,4.849999999999997,-0.02023273,-0.8093092,98.12874049999994,3.9251496199999973,fixed
93.14439749997109,46,4.849999999999997,-0.02025611,-0.8102444,98.24213349999994,3.9296853399999976,fixed
93.22801999992225,46,4.849999999999997,-0.02027737,-0.8110947999999999,98.34524449999994,3.933809779999997,fixed
93.31201239989605,46,4.849999999999997,-0.02025053,-0.8100211999999999,98.21507049999992,3.928602819999997,fixed
93.3959492999129,46,4.849999999999997,-0.02025331,-0.8101324,98.22855349999995,3.9291421399999975,fixed
93.47999029990751,46,4.849999999999997,-0.02027456,-0.8109824,98.33161599999994,3.9332646399999973,fixed
93.56423989997711,46,4.849999999999997,-0.02029095,-0.811638,98.41110749999993,3.9364442999999976,fixed
93.6486296999501,46,4.849999999999997,-0.02027702,-0.8110808,98.34354699999993,3.9337418799999977,fixed
93.73307409998961,46,4.849999999999997,-0.02025986,-0.8103944,98.26032099999995,3.9304128399999976,fixed
93.81708249996882,46,4.849999999999997,-0.02028952,-0.8115808,98.40417199999993,3.9361668799999974,fixed
93.90124779997859,46,4.849999999999997,-0.02028297,-0.8113188000000001,98.37240449999994,3.934896179999998,fixed
93.98566189990379,46,4.849999999999997,-0.02027717,-0.8110868000000001,98.34427449999994,3.933770979999998,fixed
94.06981789995916,46,4.849999999999997,-0.02029937,-0.8119748,98.45194449999994,3.9380777799999978,fixed
94.15411759994458,46,4.849999999999997,-0.02026379,-0.8105516,98.27938149999994,3.9311752599999976,fixed
94.2382951999316,46,4.849999999999997,-0.02027472,-0.8109888,98.33239199999994,3.9332956799999974,fixed
94.32259749993682,46,4.849999999999997,-0.02027604,-0.8110415999999999,98.33879399999994,3.933551759999997,fixed
94.40683869994245,46,4.849999999999997,-0.02026431,-0.8105724000000001,98.28190349999994,3.931276139999998,fixed
94.49123619997408,46,4.849999999999997,-0.02027932,-0.8111727999999999,98.35470199999993,3.934188079999997,fixed
94.57564459997229,46,4.849999999999997,-0.02028712,-0.8114847999999999,98.39253199999993,3.935701279999997,fixed
94.65997159993276,46,4.849999999999997,-0.0202756,-0.8110240000000001,98.33665999999995,3.933466399999998,fixed
94.74422799993772,46,4.849999999999997,-0.02028478,-0.8113911999999999,98.38118299999992,3.935247319999997,fixed
94.8283316999441,46,4.849999999999997,-0.02029576,-0.8118304,98.43443599999993,3.9373774399999975,fixed
94.9125214999076,46,4.849999999999997,-0.02027895,-0.811158,98.35290749999994,3.9341162999999977,fixed
94.9969306999119,46,4.849999999999997,-0.02028668,-0.8114672,98.39039799999995,3.935615919999998,fixed
95.08254099998157,47,4.899999999999997,-0.02002954,-0.8011815999999999,98.14474599999993,3.925789839999997,fixed
95.16661859990563,47,4.899999999999997,-0.02006261,-0.8025044000000001,98.30678899999995,3.932271559999998,fixed
95.25022509996779,47,4.899999999999997,-0.02007282,-0.8029128,98.35681799999995,3.9342727199999974,fixed
95.3342308999272,47,4.899999999999997,-0.02006911,-0.8027644,98.33863899999993,3.9335455599999976,fixed
95.41864959988743,47,4.899999999999997,-0.02003343,-0.8013372000000001,98.16380699999993,3.926552279999998,fixed
95.50288779998664,47,4.899999999999997,-0.02006619,-0.8026476000000001,98.32433099999994,3.932973239999998,fixed
95.58723459998146,47,4.899999999999997,-0.02007111,-0.8028444,98.34843899999994,3.9339375599999973,fixed
95.67138109996449,47,4.899999999999997,-0.02004988,-0.8019951999999999,98.24441199999994,3.929776479999997,fixed
95.75568199995905,47,4.899999999999997,-0.02002617,-0.8010468000000001,98.12823299999994,3.9251293199999977,fixed
95.83998959988821,47,4.899999999999997,-0.02008538,-0.8034152,98.41836199999995,3.9367344799999975,fixed
95.92433149996214,47,4.899999999999997,-0.0200723,-0.802892,98.35426999999994,3.9341707999999977,fixed
96.0086874999106,47,4.899999999999997,-0.0200377,-0.8015079999999999,98.18472999999993,3.927389199999997,fixed
96.09298719989602,47,4.899999999999997,-0.0200614,-0.802456,98.30085999999993,3.9320343999999974,fixed
96.17719459987711,47,4.899999999999997,-0.02005713,-0.8022852,98.27993699999993,3.9311974799999976,fixed
96.26136489992496,47,4.899999999999997,-0.02002216,-0.8008864,98.10858399999994,3.9243433599999973,fixed
96.34550909989048,47,4.899999999999997,-0.0200499,-0.8019959999999999,98.24450999999993,3.929780399999997,fixed
96.43138149997685,47,4.899999999999997,-0.02006673,-0.8026692,98.32697699999994,3.9330790799999975,fixed
96.51536559988745,47,4.899999999999997,-0.02007413,-0.8029652,98.36323699999994,3.9345294799999975,fixed
96.59960809990298,47,4.899999999999997,-0.02004635,-0.8018540000000001,98.22711499999994,3.9290845999999977,fixed
96.68381939991377,47,4.899999999999997,-0.0200241,-0.800964,98.11808999999994,3.9247235999999974,fixed
96.7680489999475,47,4.899999999999997,-0.02006971,-0.8027884000000001,98.34157899999994,3.933663159999998,fixed
96.85221119993366,47,4.899999999999997,-0.02006991,-0.8027964,98.34255899999994,3.933702359999997,fixed
96.93647749989759,47,4.899999999999997,-0.02006294,-0.8025176,98.30840599999995,3.9323362399999975,fixed
97.02065929991659,47,4.899999999999997,-0.02007898,-0.8031592000000001,98.38700199999994,3.935480079999998,fixed
97.10626269993372,48,4.849999999999997,-0.02027934,-0.8111736,98.35479899999994,3.934191959999998,fixed
97.19062429992482,48,4.849999999999997,-0.02023981,-0.8095924000000001,98.16307849999994,3.9265231399999982,fixed
97.27471849997528,48,4.849999999999997,-0.02027138,-0.8108551999999999,98.31619299999993,3.932647719999997,fixed
97.35881039989181,48,4.849999999999997,-0.02026252,-0.8105007999999999,98.27322199999993,3.930928879999997,fixed
97.44301939988509,48,4.849999999999997,-0.02024259,-0.8097036,98.17656149999993,3.9270624599999975,fixed
97.52683769993018,48,4.849999999999997,-0.02025002,-0.8100008,98.21259699999995,3.9285038799999974,fixed
97.61037059989758,48,4.849999999999997,-0.02025671,-0.8102684000000001,98.24504349999995,3.929801739999998,fixed
97.69382229994517,48,4.849999999999997,-0.02025747,-0.8102987999999999,98.24872949999994,3.929949179999997,fixed
97.77737549995072,48,4.849999999999997,-0.02025062,-0.8100248000000001,98.21550699999993,3.928620279999998,fixed
97.86095979996026,48,4.849999999999997,-0.02027312,-0.8109248,98.32463199999992,3.9329852799999974,fixed
97.94471099996008,48,4.849999999999997,-0.02026275,-0.8105100000000001,98.27433749999993,3.9309734999999977,fixed
98.02878189994954,48,4.849999999999997,-0.02025814,-0.8103256000000001,98.25197899999995,3.930079159999998,fixed
98.11308959987946,48,4.849999999999997,-0.02024976,-0.8099903999999999,98.21133599999993,3.928453439999997,fixed
98.19708049995825,48,4.849999999999997,-0.02024408,-0.8097632,98.18378799999994,3.9273515199999975,fixed
98.28093819995411,48,4.849999999999997,-0.02025704,-0.8102816,98.24664399999993,3.929865759999998,fixed
98.3650252999505,48,4.849999999999997,-0.02023022,-0.8092088,98.11656699999995,3.9246626799999973,fixed
98.44936429988593,48,4.849999999999997,-0.02023001,-0.8092004,98.11554849999995,3.924621939999998,fixed
98.5335282998858,48,4.849999999999997,-0.02025962,-0.8103847999999999,98.25915699999993,3.930366279999997,fixed
98.61787099996582,48,4.849999999999997,-0.02025313,-0.8101252000000001,98.22768049999995,3.929107219999998,fixed
98.7021911998745,48,4.849999999999997,-0.02023166,-0.8092663999999999,98.12355099999994,3.9249420399999972,fixed
98.78663009987213,48,4.849999999999997,-0.02023937,-0.8095748,98.16094449999993,3.926437779999998,fixed
98.87098099989817,48,4.849999999999997,-0.02023888,-0.8095552,98.15856799999995,3.926342719999998,fixed
98.95513659995049,48,4.849999999999997,-0.02025789,-0.8103156,98.25076649999994,3.9300306599999977,fixed
99.03935699991416,48,4.849999999999997,-0.02026401,-0.8105604,98.28044849999993,3.931217939999997,fixed
99.12482449994422,49,4.899999999999997,-0.02005598,-0.8022392,98.27430199999993,3.9309720799999974,fixed
99.20916549989488,49,4.899999999999997,-0.02003507,-0.8014027999999999,98.17184299999992,3.9268737199999966,fixed
99.29304799996316,49,4.899999999999997,-0.0200275,-0.8011,98.13474999999994,3.9253899999999975,fixed
99.37691589992028,49,4.899999999999997,-0.0200616,-0.802464,98.30183999999993,3.932073599999997,fixed
99.46105739998166,49,4.899999999999997,-0.02004705,-0.801882,98.23054499999994,3.9292217999999974,fixed
99.54546459997073,49,4.899999999999997,-0.02005897,-0.8023587999999999,98.28895299999994,3.931558119999997,fixed
99.62985739996657,49,4.899999999999997,-0.02007187,-0.8028747999999999,98.35216299999992,3.934086519999997,fixed
99.71418479993008,49,4.899999999999997,-0.02006448,-0.8025791999999999,98.31595199999992,3.932638079999997,fixed
99.79846289998386,49,4.899999999999997,-0.02004774,-0.8019096,98.23392599999994,3.9293570399999975,fixed
99.8827930999687,49,4.899999999999997,-0.0200525,-0.8021,98.25724999999993,3.9302899999999976,fixed
99.9672213998856,49,4.899999999999997,-0.02006301,-0.8025203999999999,98.30874899999993,3.932349959999997,fixed
100.05143249989487,49,4.899999999999997,-0.02005769,-0.8023076,98.28268099999993,3.9313072399999975,fixed
100.13583749998361,49,4.899999999999997,-0.02003497,-0.8013987999999999,98.17135299999994,3.9268541199999967,fixed
100.22013749997132,49,4.899999999999997,-0.02003533,-0.8014132,98.17311699999993,3.9269246799999977,fixed
100.30440269992687,49,4.899999999999997,-0.0200238,-0.8009520000000001,98.11661999999994,3.924664799999998,fixed
100.38870309991762,49,4.899999999999997,-0.02004199,-0.8016795999999999,98.20575099999994,3.928230039999997,fixed
100.47384669992607,49,4.899999999999997,-0.02002357,-0.8009428,98.11549299999994,3.9246197199999973,fixed
100.55807229992934,49,4.899999999999997,-0.02003136,-0.8012544000000001,98.15366399999995,3.926146559999998,fixed
100.64237599994522,49,4.899999999999997,-0.02001722,-0.8006888,98.08437799999993,3.9233751199999976,fixed
100.72669989988208,49,4.899999999999997,-0.02004166,-0.8016664,98.20413399999993,3.9281653599999973,fixed
100.81104479997884,49,4.899999999999997,-0.02004682,-0.8018728,98.22941799999992,3.929176719999998,fixed
100.89537609997205,49,4.899999999999997,-0.02005575,-0.80223,98.27317499999994,3.9309269999999974,fixed
100.97975159995258,49,4.899999999999997,-0.02004613,-0.8018451999999999,98.22603699999993,3.929041479999997,fixed
101.06415179988835,49,4.899999999999997,-0.02004657,-0.8018628,98.22819299999993,3.929127719999997,fixed
