time(s),cycle,voltage(V),current(A),j_current(mA/cm²),power(mW),power_density(mW/cm²),method
0.020748599898070097,0,3.692,-0.01934351,-0.7737404000000001,71.41623892000001,2.8566495568000003,fixed
0.04182939988095313,0,3.8,-0.0203661,-0.8146440000000001,77.39118,3.0956472000000006,fixed
0.06267349992413074,0,3.8,-0.02063391,-0.8253563999999999,78.40885799999998,3.1363543199999993,fixed
0.08378299989271909,0,3.8,-0.02072682,-0.8290728,78.761916,3.15047664,fixed
0.11933029990177602,0,3.8,-0.02077601,-0.8310404,78.948838,3.15795352,fixed
0.1421314999461174,0,3.8,-0.02082155,-0.8328620000000001,79.12189,3.1648756000000002,fixed
0.1637945999391377,0,3.8,-0.02079423,-0.8317692,79.018074,3.1607229599999997,fixed
0.18822849995922297,0,3.8,-0.02079423,-0.8317692,79.018074,3.1607229599999997,fixed
0.20982019987422973,0,3.8,-0.02085252,-0.8341008,79.23957599999999,3.1695830399999996,fixed
0.2349419998936355,0,3.8,-0.02085252,-0.8341008,79.23957599999999,3.1695830399999996,fixed
0.255919799907133,0,3.8,-0.02084342,-0.8337368000000001,79.204996,3.16819984,fixed
0.2817423999076709,0,3.8,-0.02087439,-0.8349755999999999,79.32268199999999,3.1729072799999996,fixed
0.30278779997024685,0,3.8,-0.02086892,-0.8347568,79.301896,3.1720758399999998,fixed
0.32793849997688085,0,3.8,-0.02087439,-0.8349755999999999,79.32268199999999,3.1729072799999996,fixed
0.34871799987740815,0,3.8,-0.02091265,-0.8365060000000001,79.46807,3.1787228,fixed
0.3697268998948857,0,3.8,-0.02090536,-0.8362144,79.44036799999999,3.17761472,fixed
0.39097449998371303,0,3.8,-0.02089625,-0.8358500000000001,79.40575,3.1762300000000003,fixed
0.4117323999525979,0,3.8,-0.02088714,-0.8354855999999999,79.371132,3.1748452799999995,fixed
0.43273389991372824,0,3.8,-0.0208671,-0.834684,79.29498,3.1717991999999997,fixed
0.45360549993347377,0,3.8,-0.0208671,-0.834684,79.29498,3.1717991999999997,fixed
0.4747002999065444,0,3.8,-0.02087803,-0.8351212,79.336514,3.17346056,fixed
0.49954639992211014,0,3.8,-0.02089625,-0.8358500000000001,79.40575,3.1762300000000003,fixed
0.5208080998854712,0,3.8,-0.02091811,-0.8367243999999999,79.48881800000001,3.1795527199999998,fixed
0.5466668999288231,0,3.8,-0.02090536,-0.8362144,79.44036799999999,3.17761472,fixed
0.5677284998819232,0,3.8,-0.02091447,-0.8365788000000001,79.474986,3.17899944,fixed
0.592323699966073,0,3.8,-0.02092358,-0.8369432,79.509604,3.18038416,fixed
0.6137286999728531,0,3.8,-0.02088168,-0.8352672,79.35038399999999,3.17401536,fixed
0.6389509999426082,0,3.8,-0.02089261,-0.8357043999999999,79.39191799999999,3.1756767199999993,fixed
0.6597373998956755,0,3.8,-0.02093997,-0.8375988,79.57188599999999,3.1828754399999997,fixed
0.6858850999269634,0,3.8,-0.02093451,-0.8373804,79.551138,3.18204552,fixed
0.7067418999504298,0,3.8,-0.02093086,-0.8372343999999999,79.537268,3.1814907199999998,fixed
0.732490099966526,0,3.8,-0.02094362,-0.8377448,79.58575599999999,3.18343024,fixed
0.753712399979122,0,3.8,-0.02090536,-0.8362144,79.44036799999999,3.17761472,fixed
0.7747275999281555,0,3.8,-0.020909,-0.83636,79.4542,3.178168,fixed
0.7958060998935252,0,3.8,-0.02092176,-0.8368704000000001,79.502688,3.1801075200000004,fixed
0.8166871999856085,0,3.8,-0.02093815,-0.837526,79.56497,3.1825987999999996,fixed
0.8377485999371856,0,3.8,-0.02095455,-0.8381819999999999,79.62728999999999,3.1850915999999994,fixed
0.8586716998834163,0,3.8,-0.02097641,-0.8390564,79.710358,3.18841432,fixed
0.8796718999510631,0,3.8,-0.02098552,-0.8394208000000001,79.744976,3.18979904,fixed
0.904403799911961,0,3.8,-0.02098916,-0.8395663999999999,79.758808,3.1903523199999997,fixed
0.9257143998984247,0,3.8,-0.0209673,-0.8386920000000001,79.67573999999999,3.1870296000000002,fixed
0.9504235999193043,0,3.8,-0.02097277,-0.8389108000000001,79.696526,3.18786104,fixed
0.9716963999671862,0,3.8,-0.02096001,-0.8384004,79.648038,3.18592152,fixed
0.9972607999807224,0,3.8,-0.02093268,-0.8373071999999999,79.54418399999999,3.1817673599999994,fixed
1.0187198999337852,0,3.8,-0.02095637,-0.8382548,79.63420599999999,3.18536824,fixed
1.045253099873662,0,3.8,-0.02096365,-0.838546,79.66187,3.1864748,fixed
1.0667156999697909,0,3.8,-0.02097641,-0.8390564,79.710358,3.18841432,fixed
1.0921932999044657,0,3.8,-0.02100556,-0.8402223999999999,79.82112799999999,3.1928451199999994,fixed
1.1137319998815656,0,3.8,-0.02096912,-0.8387648,79.68265600000001,3.18730624,fixed
1.1392613999778405,0,3.8,-0.02096183,-0.8384731999999999,79.654954,3.1861981599999996,fixed
1.1606944999657571,0,3.8,-0.02099098,-0.8396392,79.76572399999999,3.19062896,fixed
1.1868594998959452,0,3.8,-0.02096912,-0.8387648,79.68265600000001,3.18730624,fixed
1.2076458999654278,0,3.8,-0.02097459,-0.8389836000000002,79.703442,3.1881376800000005,fixed
1.228652699966915,0,3.8,-0.02098005,-0.8392019999999999,79.72419000000001,3.1889675999999993,fixed
1.2504213999491185,0,3.8,-0.02099827,-0.8399307999999999,79.793426,3.191737039999999,fixed
1.271679199882783,0,3.8,-0.02099645,-0.839858,79.78650999999999,3.1914604,fixed
1.2926501999609172,0,3.8,-0.02098916,-0.8395663999999999,79.758808,3.1903523199999997,fixed
1.3139094999060035,0,3.8,-0.02097276,-0.8389104000000001,79.696488,3.18785952,fixed
1.3346383998868987,0,3.8,-0.02096912,-0.8387648,79.68265600000001,3.18730624,fixed
1.3556383999530226,0,3.8,-0.02097276,-0.8389104000000001,79.696488,3.18785952,fixed
1.3775137999327853,0,3.8,-0.02098187,-0.8392748,79.731106,3.18924424,fixed
1.3986078999005258,0,3.8,-0.02100373,-0.8401492,79.81417400000001,3.19256696,fixed
1.4195657998789102,0,3.8,-0.0210092,-0.840368,79.83496,3.1933984,fixed
1.4408443999709561,0,3.8,-0.02101467,-0.8405868,79.855746,3.1942298399999998,fixed
1.461613499908708,0,3.8,-0.02101649,-0.8406596,79.86266199999999,3.19450648,fixed
1.4873716998845339,0,3.8,-0.02100191,-0.8400764,79.80725799999999,3.1922903199999997,fixed
1.5086304999422282,0,3.8,-0.02101649,-0.8406596,79.86266199999999,3.19450648,fixed
1.5343893999233842,0,3.8,-0.02101102,-0.8404408,79.841876,3.19367504,fixed
1.5556037998758256,0,3.8,-0.02095272,-0.8381088,79.620336,3.1848134399999997,fixed
1.5815628999844193,0,3.8,-0.02096365,-0.838546,79.66187,3.1864748,fixed
1.602587299887091,0,3.8,-0.0209509,-0.838036,79.61342,3.1845368,fixed
1.6284784999443218,0,3.8,-0.02095272,-0.8381088,79.620336,3.1848134399999997,fixed
1.6495815999805927,0,3.8,-0.0210256,-0.8410239999999999,79.89727999999998,3.1958911999999993,fixed
1.6706698999041691,0,3.8,-0.02104564,-0.8418256000000001,79.973432,3.19893728,fixed
1.6915695999050513,0,3.8,-0.02104928,-0.8419712,79.987264,3.19949056,fixed
1.7125819999491796,0,3.8,-0.02103653,-0.8414612000000001,79.938814,3.1975525600000005,fixed
1.7380284998798743,0,3.8,-0.02102195,-0.840878,79.88341,3.1953364,fixed
1.7595507999649271,0,3.8,-0.02104928,-0.8419712,79.987264,3.19949056,fixed
1.780575699871406,0,3.8,-0.0210256,-0.8410239999999999,79.89727999999998,3.1958911999999993,fixed
1.8015773999504745,0,3.8,-0.0210092,-0.840368,79.83496,3.1933984,fixed
1.8225728999823332,0,3.8,-0.02098916,-0.8395663999999999,79.758808,3.1903523199999997,fixed
1.847707899985835,0,3.8,-0.0209928,-0.839712,79.77264,3.1909056,fixed
1.8685662999050692,0,3.8,-0.0210511,-0.8420439999999999,79.99418,3.1997671999999997,fixed
1.889581699972041,0,3.8,-0.02106203,-0.8424812,80.035714,3.20142856,fixed
1.9104752999264747,0,3.8,-0.02106021,-0.8424084,80.028798,3.2011519199999996,fixed
1.9315871999133378,0,3.8,-0.02103835,-0.841534,79.94573,3.1978291999999997,fixed
1.9574534998973832,0,3.8,-0.02101284,-0.8405136,79.848792,3.1939516799999996,fixed
1.9786183999385685,0,3.8,-0.02102377,-0.8409508,79.890326,3.19561304,fixed
2.004563199938275,0,3.8,-0.02102195,-0.840878,79.88341,3.1953364,fixed
2.0265694999834523,1,3.899,-0.02069999,-0.8279996,80.70926101,3.2283704404,fixed
2.0525694999378175,1,3.9,-0.02075465,-0.8301859999999999,80.943135,3.2377253999999995,fixed
2.0739679998951033,1,3.899,-0.02074007,-0.8296028,80.86553293,3.2346213172,fixed
2.0997717999853194,1,3.899,-0.02075829,-0.8303316,80.93657271000001,3.2374629084,fixed
2.121683199889958,1,3.899,-0.02078015,-0.831206,81.02180485000001,3.240872194,fixed
2.1475808998802677,1,3.899,-0.02076193,-0.8304772000000001,80.95076507,3.2380306028000008,fixed
2.169958799961023,1,3.899,-0.02078015,-0.831206,81.02180485000001,3.240872194,fixed
2.1984109999611974,1,3.9,-0.02077469,-0.8309875999999999,81.02129099999999,3.24085164,fixed
2.2208264999790117,1,3.899,-0.02079473,-0.8317892,81.07865227,3.2431460908,fixed
2.2431656998815015,1,3.899,-0.02077286,-0.8309144,80.99338114,3.2397352456000004,fixed
2.2653872999362648,1,3.9,-0.02075829,-0.8303316,80.957331,3.2382932399999995,fixed
2.291092099971138,1,3.9,-0.02078015,-0.831206,81.042585,3.2417034,fixed
2.313572399900295,1,3.899,-0.02078744,-0.8314976000000001,81.05022856000001,3.2420091424,fixed
2.3366966999601573,1,3.899,-0.02077286,-0.8309144,80.99338114,3.2397352456000004,fixed
2.359874799964018,1,3.9,-0.02081659,-0.8326636,81.184701,3.2473880399999997,fixed
2.3836807999759912,1,3.899,-0.02079837,-0.8319348,81.09284462999999,3.2437137851999998,fixed
2.4055010998854414,1,3.9,-0.02076558,-0.8306232,80.985762,3.23943048,fixed
2.4310815999051556,1,3.899,-0.02079108,-0.8316432,81.06442092,3.2425768368,fixed
2.454002199927345,1,3.899,-0.02078926,-0.8315703999999999,81.05732474000001,3.2422929895999997,fixed
2.4772429999429733,1,3.9,-0.02077469,-0.8309875999999999,81.02129099999999,3.24085164,fixed
2.4994708999292925,1,3.899,-0.02080383,-0.8321531999999999,81.11413316999999,3.2445653267999996,fixed
2.5252776999259368,1,3.9,-0.02080384,-0.8321536,81.134976,3.24539904,fixed
2.5474616999272257,1,3.899,-0.02078926,-0.8315703999999999,81.05732474000001,3.2422929895999997,fixed
2.5716848999727517,1,3.899,-0.02080748,-0.8322991999999999,81.12836451999999,3.2451345808,fixed
2.5929872998967767,1,3.899,-0.02078379,-0.8313516,81.03599721,3.2414398884,fixed
2.6177776999538764,1,3.899,-0.02076375,-0.8305500000000001,80.95786125,3.2383144500000003,fixed
2.6396484998986125,1,3.899,-0.02080566,-0.8322264,81.12126834,3.2448507336000003,fixed
2.6650806999532506,1,3.899,-0.02079837,-0.8319348,81.09284462999999,3.2437137851999998,fixed
2.6869574999436736,1,3.899,-0.02077286,-0.8309144,80.99338114,3.2397352456000004,fixed
2.7114729998866096,1,3.899,-0.02079655,-0.831862,81.08574845000001,3.243429938,fixed
2.7328885999741033,1,3.899,-0.02077286,-0.8309144,80.99338114,3.2397352456000004,fixed
2.7587899998761714,1,3.9,-0.02075647,-0.8302588,80.950233,3.2380093199999997,fixed
2.7807975999312475,1,3.899,-0.02080383,-0.8321531999999999,81.11413316999999,3.2445653267999996,fixed
2.8073189998976886,1,3.899,-0.02078744,-0.8314976000000001,81.05022856000001,3.2420091424,fixed
2.828848799923435,1,3.899,-0.02080383,-0.8321531999999999,81.11413316999999,3.2445653267999996,fixed
2.8545451998943463,1,3.899,-0.02081294,-0.8325175999999999,81.14965305999999,3.2459861223999993,fixed
2.875838699983433,1,3.899,-0.02077468,-0.8309872,81.00047732,3.2400190928000003,fixed
2.9005431999685243,1,3.899,-0.02080566,-0.8322264,81.12126834,3.2448507336000003,fixed
2.9216660999227315,1,3.899,-0.02082205,-0.832882,81.18517295000001,3.2474069180000003,fixed
2.946841799886897,1,3.9,-0.0207929,-0.831716,81.09231,3.2436924,fixed
2.968810399877839,1,3.9,-0.02083663,-0.8334652,81.262857,3.25051428,fixed
2.995070799952373,1,3.899,-0.02083845,-0.8335380000000001,81.24911655,3.2499646620000004,fixed
3.0168470998760313,1,3.9,-0.02080384,-0.8321536,81.134976,3.24539904,fixed
3.040862899972126,1,3.899,-0.02081659,-0.8326636,81.16388441,3.2465553764,fixed
3.0628876999253407,1,3.899,-0.02079837,-0.8319348,81.09284462999999,3.2437137851999998,fixed
3.087301299907267,1,3.9,-0.02076922,-0.8307688,80.99995799999999,3.2399983199999998,fixed
3.1088387998752296,1,3.899,-0.02080748,-0.8322991999999999,81.12836451999999,3.2451345808,fixed
3.134535999968648,1,3.9,-0.02082205,-0.832882,81.205995,3.2482398,fixed
3.155819599982351,1,3.9,-0.02078926,-0.8315703999999999,81.078114,3.2431245599999996,fixed
3.1812774998834357,1,3.9,-0.02081477,-0.8325908,81.177603,3.24710412,fixed
3.2031573998974636,1,3.899,-0.02080748,-0.8322991999999999,81.12836451999999,3.2451345808,fixed
3.227828499977477,1,3.899,-0.02078015,-0.831206,81.02180485000001,3.240872194,fixed
3.2497653999598697,1,3.9,-0.0208257,-0.8330279999999999,81.22022999999999,3.2488091999999993,fixed
3.2749410999240354,1,3.899,-0.02082387,-0.8329548000000001,81.19226913000001,3.2476907652,fixed
3.2968626999063417,1,3.899,-0.02081112,-0.8324448,81.14255688,3.2457022751999998,fixed
3.32232669997029,1,3.899,-0.02082934,-0.8331736,81.21359666,3.2485438664,fixed
3.3437807998852804,1,3.9,-0.02080384,-0.8321536,81.134976,3.24539904,fixed
3.3704161999048665,1,3.899,-0.02079473,-0.8317892,81.07865227,3.2431460908,fixed
3.3917893999023363,1,3.899,-0.02082023,-0.8328091999999999,81.17807676999999,3.2471230708,fixed
3.417194199981168,1,3.899,-0.02078015,-0.831206,81.02180485000001,3.240872194,fixed
3.438773899921216,1,3.899,-0.02081294,-0.8325175999999999,81.14965305999999,3.2459861223999993,fixed
3.463162999949418,1,3.899,-0.02082934,-0.8331736,81.21359666,3.2485438664,fixed
3.4847355999518186,1,3.899,-0.02081294,-0.8325175999999999,81.14965305999999,3.2459861223999993,fixed
3.5100664999336004,1,3.899,-0.02083298,-0.8333191999999999,81.22778902000002,3.2491115608,fixed
3.532126799924299,1,3.899,-0.0208512,-0.8340479999999999,81.2988288,3.2519531519999996,fixed
3.5576954999705777,1,3.899,-0.02081659,-0.8326636,81.16388441,3.2465553764,fixed
3.580386999878101,1,3.899,-0.02083845,-0.8335380000000001,81.24911655,3.2499646620000004,fixed
3.605196399963461,1,3.899,-0.0208257,-0.8330279999999999,81.1994043,3.2479761719999996,fixed
3.6273848998825997,1,3.899,-0.02080748,-0.8322991999999999,81.12836451999999,3.2451345808,fixed
3.6519181999610737,1,3.899,-0.02084391,-0.8337564000000001,81.27040509,3.2508162036000003,fixed
3.67434179992415,1,3.899,-0.0208348,-0.833392,81.23488520000001,3.2493954080000003,fixed
3.6970329999458045,1,3.899,-0.02084391,-0.8337564000000001,81.27040509,3.2508162036000003,fixed
3.71893969993107,1,3.899,-0.02086942,-0.8347767999999999,81.36986858,3.2547947431999997,fixed
3.7433818998979405,1,3.899,-0.02086395,-0.8345579999999999,81.34854105,3.2539416419999996,fixed
3.764653699938208,1,3.899,-0.02080019,-0.8320076000000001,81.09994080999999,3.2439976324,fixed
3.7903456998756155,1,3.899,-0.02080201,-0.8320803999999999,81.10703699,3.2442814795999997,fixed
3.8116325999144465,1,3.899,-0.02081841,-0.8327364,81.17098059,3.2468392236000003,fixed
3.837426499929279,1,3.9,-0.02079473,-0.8317892,81.09944700000001,3.24397788,fixed
3.8584807999432087,1,3.899,-0.02083663,-0.8334652,81.24202036999999,3.2496808148,fixed
3.8841445998987183,1,3.899,-0.02085302,-0.8341208,81.30592498,3.2522369992,fixed
3.9056070998776704,1,3.899,-0.02081294,-0.8325175999999999,81.14965305999999,3.2459861223999993,fixed
3.932113999966532,1,3.9,-0.02082934,-0.8331736,81.23442599999998,3.2493770399999997,fixed
3.9537292999448255,1,3.899,-0.02079655,-0.831862,81.08574845000001,3.243429938,fixed
3.978689199895598,1,3.899,-0.02079108,-0.8316432,81.06442092,3.2425768368,fixed
4.001084799878299,1,3.899,-0.02084027,-0.8336108,81.25621273,3.2502485092,fixed
4.025521099916659,1,3.899,-0.02082934,-0.8331736,81.21359666,3.2485438664,fixed
4.047531499876641,2,3.999,-0.02052195,-0.820878,82.06727805000001,3.282691122,fixed
4.0729260998778045,2,4.0,-0.02058026,-0.8232104,82.32104,3.2928416,fixed
4.0943703999510035,2,4.0,-0.02053653,-0.8214612,82.14612,3.2858448,fixed
4.119905699975789,2,4.0,-0.02053835,-0.8215340000000001,82.1534,3.2861360000000004,fixed
4.141849499894306,2,4.0,-0.02057115,-0.822846,82.2846,3.291384,fixed
4.168218099977821,2,4.0,-0.02052924,-0.8211696,82.11696,3.2846784,fixed
4.19053649995476,2,4.0,-0.02056204,-0.8224816,82.24816,3.2899264,fixed
4.21587799990084,2,4.0,-0.020542,-0.8216800000000001,82.168,3.2867200000000003,fixed
4.238450599950738,2,4.0,-0.02053835,-0.8215340000000001,82.1534,3.2861360000000004,fixed
4.263352799927816,2,4.0,-0.02056932,-0.8227727999999999,82.27727999999999,3.2910911999999994,fixed
4.285541799967177,2,4.0,-0.02053289,-0.8213156,82.13156000000001,3.2852624,fixed
4.311379999970086,2,4.0,-0.02055657,-0.8222628000000001,82.22628,3.2890512000000003,fixed
4.333366099977866,2,4.0,-0.02056568,-0.8226272,82.26272,3.2905088,fixed
4.358843399910256,2,4.0,-0.02053653,-0.8214612,82.14612,3.2858448,fixed
4.381326699978672,2,4.0,-0.0205839,-0.823356,82.3356,3.293424,fixed
4.404407599940896,2,4.0,-0.0205675,-0.8227,82.27,3.2908,fixed
4.426610299968161,2,4.0,-0.02054382,-0.8217528000000001,82.17528,3.2870112000000002,fixed
4.44984289992135,2,4.0,-0.0205839,-0.823356,82.3356,3.293424,fixed
4.47256139991805,2,4.0,-0.02059847,-0.8239388,82.39388,3.2957552,fixed
4.496447799960151,2,4.0,-0.0205675,-0.8227,82.27,3.2908,fixed
4.519271999946795,2,4.0,-0.02058572,-0.8234288,82.34288,3.2937152,fixed
4.543433899874799,2,4.0,-0.02059665,-0.823866,82.3866,3.295464,fixed
4.566253499942832,2,4.0,-0.02054746,-0.8218984,82.18984,3.2875936,fixed
4.590737599879503,2,4.001,-0.0205584,-0.8223360000000001,82.25415840000001,3.2901663360000004,fixed
4.613432499929331,2,4.0,-0.02055657,-0.8222628000000001,82.22628,3.2890512000000003,fixed
4.6385261999676,2,4.0,-0.02053289,-0.8213156,82.13156000000001,3.2852624,fixed
4.661302799941041,2,4.0,-0.02057843,-0.8231372,82.31372,3.2925488,fixed
4.685363099910319,2,4.0,-0.02057115,-0.822846,82.2846,3.291384,fixed
4.707401899970137,2,4.001,-0.02057115,-0.822846,82.30517115,3.292206846,fixed
4.732107799965888,2,4.0,-0.02059301,-0.8237204,82.37204,3.2948816,fixed
4.75457149988506,2,4.0,-0.0205675,-0.8227,82.27,3.2908,fixed
4.778456599917263,2,4.0,-0.02055111,-0.8220444,82.20444,3.2881776,fixed
4.801491599879228,2,4.0,-0.02058208,-0.8232831999999999,82.32831999999999,3.2931327999999995,fixed
4.827161999884993,2,4.0,-0.02055475,-0.82219,82.219,3.28876,fixed
4.849763799924403,2,4.0,-0.02058026,-0.8232104,82.32104,3.2928416,fixed
4.874808999942616,2,4.0,-0.02058026,-0.8232104,82.32104,3.2928416,fixed
4.897563699982129,2,4.0,-0.02055839,-0.8223355999999999,82.23356,3.2893423999999998,fixed
4.9229338999139145,2,4.0,-0.02060576,-0.8242304,82.42304,3.2969216,fixed
4.945467599900439,2,4.0,-0.02057115,-0.822846,82.2846,3.291384,fixed
4.969075199915096,2,4.0,-0.02058572,-0.8234288,82.34288,3.2937152,fixed
4.991487599909306,2,4.0,-0.02059301,-0.8237204,82.37204,3.2948816,fixed
5.016335899941623,2,4.0,-0.02054928,-0.8219712,82.19712,3.2878848,fixed
5.0385677999584,2,4.0,-0.02056568,-0.8226272,82.26272,3.2905088,fixed
5.063218099880032,2,4.0,-0.02061123,-0.8244492000000001,82.44492000000001,3.2977968000000004,fixed
5.085372499888763,2,4.0,-0.02058026,-0.8232104,82.32104,3.2928416,fixed
5.1096437999513,2,4.0,-0.02059301,-0.8237204,82.37204,3.2948816,fixed
5.132719699875452,2,4.0,-0.02060029,-0.8240116000000001,82.40116,3.2960464000000003,fixed
5.15512889996171,2,4.0,-0.02055111,-0.8220444,82.20444,3.2881776,fixed
5.177144299959764,2,4.0,-0.02054928,-0.8219712,82.19712,3.2878848,fixed
5.203284099930897,2,4.0,-0.02056204,-0.8224816,82.24816,3.2899264,fixed
5.225363899953663,2,4.0,-0.02053107,-0.8212427999999999,82.12428,3.2849711999999998,fixed
5.249964399961755,2,4.0,-0.02054928,-0.8219712,82.19712,3.2878848,fixed
5.272495499928482,2,4.0,-0.02060758,-0.8243031999999999,82.43032,3.2972127999999996,fixed
5.29772559995763,2,4.0,-0.0205839,-0.823356,82.3356,3.293424,fixed
5.320462799980305,2,4.0,-0.02062216,-0.8248864,82.48864,3.2995456,fixed
5.344457299914211,2,4.0,-0.02060394,-0.8241576,82.41576,3.2966304,fixed
5.36754609993659,2,4.001,-0.02058026,-0.8232104,82.34162026000001,3.2936648104,fixed
5.391766699962318,2,4.0,-0.02061305,-0.8245220000000001,82.4522,3.2980880000000004,fixed
5.415777799906209,2,4.0,-0.02057843,-0.8231372,82.31372,3.2925488,fixed
5.438466399908066,2,4.0,-0.02058572,-0.8234288,82.34288,3.2937152,fixed
5.4613246999215335,2,4.0,-0.02061487,-0.8245948,82.45948,3.2983792,fixed
5.4851771999383345,2,4.0,-0.02060212,-0.8240848000000001,82.40848000000001,3.2963392000000002,fixed
5.507665199926123,2,4.0,-0.02057843,-0.8231372,82.31372,3.2925488,fixed
5.532173899933696,2,4.0,-0.02059847,-0.8239388,82.39388,3.2957552,fixed
5.554447899921797,2,4.0,-0.02055839,-0.8223355999999999,82.23356,3.2893423999999998,fixed
5.579646099940874,2,4.0,-0.02055111,-0.8220444,82.20444,3.2881776,fixed
5.602299399906769,2,4.0,-0.02059665,-0.823866,82.3866,3.295464,fixed
5.627198199974373,2,4.0,-0.02058754,-0.8235016000000001,82.35016,3.2940064000000002,fixed
5.649507799884304,2,4.0,-0.02061123,-0.8244492000000001,82.44492000000001,3.2977968000000004,fixed
5.674538499908522,2,4.0,-0.02062033,-0.8248131999999999,82.48132,3.2992527999999997,fixed
5.69744209991768,2,4.0,-0.02057479,-0.8229916,82.29916,3.2919664,fixed
5.721514799981378,2,4.0,-0.02060394,-0.8241576,82.41576,3.2966304,fixed
5.74450159992557,2,4.0,-0.02057297,-0.8229188,82.29187999999999,3.2916752,fixed
5.768618899979629,2,4.0,-0.0205675,-0.8227,82.27,3.2908,fixed
5.791540999896824,2,4.0,-0.02060576,-0.8242304,82.42304,3.2969216,fixed
5.815042799920775,2,4.0,-0.0205839,-0.823356,82.3356,3.293424,fixed
5.837507399963215,2,4.0,-0.02056932,-0.8227727999999999,82.27727999999999,3.2910911999999994,fixed
5.861512799980119,2,4.0,-0.02059301,-0.8237204,82.37204,3.2948816,fixed
5.885130099952221,2,4.0,-0.0205675,-0.8227,82.27,3.2908,fixed
5.910027299891226,2,4.0,-0.02056568,-0.8226272,82.26272,3.2905088,fixed
5.932092299917713,2,4.0,-0.02060029,-0.8240116000000001,82.40116,3.2960464000000003,fixed
5.955789899919182,2,4.0,-0.02056568,-0.8226272,82.26272,3.2905088,fixed
5.977564699947834,2,4.0,-0.0205675,-0.8227,82.27,3.2908,fixed
6.001513899886049,2,4.0,-0.02058572,-0.8234288,82.34288,3.2937152,fixed
6.023718899930827,2,4.0,-0.02056386,-0.8225543999999999,82.25544,3.2902175999999996,fixed
6.0472822999581695,2,4.0,-0.02055657,-0.8222628000000001,82.22628,3.2890512000000003,fixed
6.069683699985035,3,4.098,-0.02027103,-0.8108412,83.07068093999999,3.3228272376,fixed
6.094712799880654,3,4.1,-0.02032023,-0.8128092000000001,83.312943,3.3325177200000002,fixed
6.117238099919632,3,4.1,-0.02029108,-0.8116432,83.19342799999998,3.3277371199999997,fixed
6.141845199977979,3,4.1,-0.02031295,-0.8125180000000001,83.28309499999999,3.3313238,fixed
6.163709199870937,3,4.1,-0.02028744,-0.8114976,83.178504,3.32714016,fixed
6.190723899984732,3,4.1,-0.02027651,-0.8110604000000001,83.133691,3.3253476400000004,fixed
6.213410599972121,3,4.1,-0.02031295,-0.8125180000000001,83.28309499999999,3.3313238,fixed
6.23646209994331,3,4.1,-0.02029291,-0.8117164,83.200931,3.3280372399999996,fixed
6.25937929993961,3,4.1,-0.02032205,-0.812882,83.320405,3.3328162,fixed
6.2825532999122515,3,4.1,-0.02033299,-0.8133195999999999,83.36525899999998,3.334610359999999,fixed
6.304083999944851,3,4.1,-0.02030019,-0.8120076,83.23077899999998,3.32923116,fixed
6.328004599898122,3,4.1,-0.02029291,-0.8117164,83.200931,3.3280372399999996,fixed
6.349062099936418,3,4.1,-0.02033299,-0.8133195999999999,83.36525899999998,3.334610359999999,fixed
6.374883499927819,3,4.1,-0.0203257,-0.8130279999999999,83.33537,3.333414799999999,fixed
6.3961831999477,3,4.1,-0.02028198,-0.8112792,83.156118,3.3262447199999996,fixed
6.421191899920814,3,4.1,-0.02029837,-0.8119348,83.223317,3.3289326799999994,fixed
6.442159499973059,3,4.1,-0.02032752,-0.8131008000000002,83.342832,3.3337132800000004,fixed
6.467686199932359,3,4.1,-0.02031295,-0.8125180000000001,83.28309499999999,3.3313238,fixed
6.489686999935657,3,4.1,-0.02034209,-0.8136836,83.402569,3.3361027599999997,fixed
6.514769899891689,3,4.1,-0.02033663,-0.8134652000000001,83.380183,3.3352073200000003,fixed
6.537375299958512,3,4.1,-0.02029837,-0.8119348,83.223317,3.3289326799999994,fixed
6.562750099925324,3,4.1,-0.02032388,-0.8129552,83.327908,3.33311632,fixed
6.584991699899547,3,4.1,-0.02028015,-0.811206,83.14861499999999,3.3259445999999997,fixed
6.610185399884358,3,4.1,-0.02027469,-0.8109876000000001,83.126229,3.3250491600000003,fixed
6.632679599919356,3,4.1,-0.02032205,-0.812882,83.320405,3.3328162,fixed
6.656832899898291,3,4.099,-0.02028015,-0.811206,83.12833485,3.3251333940000003,fixed
6.679243999882601,3,4.1,-0.02031659,-0.8126635999999999,83.29801899999998,3.3319207599999996,fixed
6.703945099958219,3,4.099,-0.02033298,-0.8133192,83.34488502,3.3337954008,fixed
6.726201699930243,3,4.1,-0.02030019,-0.8120076,83.23077899999998,3.32923116,fixed
6.7506415998796,3,4.1,-0.02032934,-0.8131736,83.35029399999999,3.33401176,fixed
6.773594799917191,3,4.1,-0.0203257,-0.8130279999999999,83.33537,3.333414799999999,fixed
6.797291199909523,3,4.1,-0.02027469,-0.8109876000000001,83.126229,3.3250491600000003,fixed
6.820180999930017,3,4.1,-0.02030202,-0.8120807999999999,83.238282,3.3295312799999994,fixed
6.843640399980359,3,4.1,-0.02031295,-0.8125180000000001,83.28309499999999,3.3313238,fixed
6.866578999906778,3,4.099,-0.02030566,-0.8122264,83.23290034,3.3293160136,fixed
6.890454399981536,3,4.1,-0.02034574,-0.8138295999999999,83.417534,3.3367013599999993,fixed
6.9135798999341205,3,4.1,-0.02034756,-0.8139024,83.42499600000001,3.33699984,fixed
6.937176899984479,3,4.099,-0.02031112,-0.8124448,83.25528088,3.3302112352,fixed
6.960345499916002,3,4.1,-0.02034574,-0.8138295999999999,83.417534,3.3367013599999993,fixed
6.983335199882276,3,4.1,-0.02033299,-0.8133195999999999,83.36525899999998,3.334610359999999,fixed
7.006419399986044,3,4.1,-0.02029837,-0.8119348,83.223317,3.3289326799999994,fixed
7.030620799981989,3,4.099,-0.02032388,-0.8129552,83.30758412,3.3323033648,fixed
7.053610099945217,3,4.099,-0.02032752,-0.8131008000000002,83.32250448000002,3.332900179200001,fixed
7.0773293998790905,3,4.1,-0.02028744,-0.8114976,83.178504,3.32714016,fixed
7.1005029999651015,3,4.1,-0.02031659,-0.8126635999999999,83.29801899999998,3.3319207599999996,fixed
7.124563499935903,3,4.1,-0.02031841,-0.8127364,83.30548099999999,3.3322192399999997,fixed
7.147430099896155,3,4.1,-0.02029291,-0.8117164,83.200931,3.3280372399999996,fixed
7.171487599960528,3,4.099,-0.02032388,-0.8129552,83.30758412,3.3323033648,fixed
7.194427399896085,3,4.1,-0.02030748,-0.8122991999999999,83.260668,3.3304267199999993,fixed
7.218145599937998,3,4.1,-0.02029108,-0.8116432,83.19342799999998,3.3277371199999997,fixed
7.241487099905498,3,4.1,-0.02033481,-0.8133923999999999,83.37272099999998,3.3349088399999993,fixed
7.264889799873345,3,4.1,-0.02031295,-0.8125180000000001,83.28309499999999,3.3313238,fixed
7.2872058999491856,3,4.1,-0.02030202,-0.8120807999999999,83.238282,3.3295312799999994,fixed
7.311799999908544,3,4.1,-0.02034392,-0.8137568000000001,83.410072,3.33640288,fixed
7.334700199891813,3,4.1,-0.02034027,-0.8136108,83.395107,3.3358042799999996,fixed
7.3583349998807535,3,4.1,-0.02032205,-0.812882,83.320405,3.3328162,fixed
7.3814663998782635,3,4.1,-0.02036031,-0.8144123999999999,83.47727099999999,3.3390908399999994,fixed
7.405041899881326,3,4.099,-0.02033298,-0.8133192,83.34488502,3.3337954008,fixed
7.4274511999683455,3,4.1,-0.02030566,-0.8122264,83.25320599999999,3.3301282399999996,fixed
7.452516699908301,3,4.1,-0.02033481,-0.8133923999999999,83.37272099999998,3.3349088399999993,fixed
7.475160099915229,3,4.1,-0.02030384,-0.8121536,83.245744,3.32982976,fixed
7.497666999930516,3,4.1,-0.02031295,-0.8125180000000001,83.28309499999999,3.3313238,fixed
7.5199253999162465,3,4.1,-0.02034756,-0.8139024,83.42499600000001,3.33699984,fixed
7.545448199962266,3,4.099,-0.02036213,-0.8144852,83.46437087,3.3385748348,fixed
7.567855899920687,3,4.099,-0.0203257,-0.8130279999999999,83.3150443,3.3326017719999994,fixed
7.5911903999513015,3,4.1,-0.02034392,-0.8137568000000001,83.410072,3.33640288,fixed
7.614281499874778,3,4.1,-0.0203257,-0.8130279999999999,83.33537,3.333414799999999,fixed
7.638502299902029,3,4.099,-0.02028744,-0.8114976,83.15821656000001,3.3263286624000004,fixed
7.661358799901791,3,4.099,-0.02032752,-0.8131008000000002,83.32250448000002,3.332900179200001,fixed
7.685723599977791,3,4.099,-0.0203093,-0.812372,83.2478207,3.329912828,fixed
7.707994299940765,3,4.1,-0.02030566,-0.8122264,83.25320599999999,3.3301282399999996,fixed
7.7332468999084085,3,4.1,-0.02033299,-0.8133195999999999,83.36525899999998,3.334610359999999,fixed
7.7563882999820635,3,4.1,-0.02030384,-0.8121536,83.245744,3.32982976,fixed
7.77917949995026,3,4.1,-0.02033116,-0.8132464,83.357756,3.3343102399999998,fixed
7.802520699915476,3,4.099,-0.02035485,-0.814194,83.43453015,3.337381206,fixed
7.826065799919888,3,4.099,-0.02032934,-0.8131736,83.32996466,3.3331985864000004,fixed
7.849372899974696,3,4.1,-0.02034574,-0.8138295999999999,83.417534,3.3367013599999993,fixed
7.872995899873786,3,4.1,-0.02036214,-0.8144856,83.484774,3.33939096,fixed
7.895110499928705,3,4.1,-0.02031841,-0.8127364,83.30548099999999,3.3322192399999997,fixed
7.919309999910183,3,4.1,-0.02032023,-0.8128092000000001,83.312943,3.3325177200000002,fixed
7.941998699912801,3,4.099,-0.0203676,-0.814704,83.4867924,3.339471696,fixed
7.9669823999283835,3,4.1,-0.02033299,-0.8133195999999999,83.36525899999998,3.334610359999999,fixed
7.990375199937262,3,4.1,-0.02035121,-0.8140484000000001,83.439961,3.3375984400000003,fixed
8.013167099910788,3,4.099,-0.02034574,-0.8138295999999999,83.39718826000001,3.3358875304,fixed
8.03712159988936,3,4.1,-0.02029655,-0.811862,83.21585499999999,3.3286341999999998,fixed
8.060886099934578,3,4.099,-0.02032388,-0.8129552,83.30758412,3.3323033648,fixed
8.085201399866492,4,4.198,-0.01994725,-0.79789,83.7385555,3.3495422200000005,fixed
8.108329699956812,4,4.199,-0.01997458,-0.7989832,83.87326141999999,3.3549304568,fixed
8.131406399887055,4,4.199,-0.02001649,-0.8006596,84.04924151,3.3619696604,fixed
8.154733199859038,4,4.199,-0.0200092,-0.800368,84.01863080000001,3.3607452319999997,fixed
8.178333799936809,4,4.199,-0.02000191,-0.8000764000000001,83.98802009,3.3595208036000006,fixed
8.202912799897604,4,4.199,-0.0200511,-0.802044,84.1945689,3.367782756,fixed
8.225998599897139,4,4.199,-0.02002377,-0.8009508,84.07981022999999,3.3631924092,fixed
8.250311799929477,4,4.199,-0.02002742,-0.8010967999999999,84.09513657999999,3.3638054632,fixed
8.273041799897328,4,4.199,-0.02003653,-0.8014612,84.13338947,3.3653355788,fixed
8.295869899913669,4,4.199,-0.01998552,-0.7994208,83.91919847999999,3.3567679392,fixed
8.318232499877922,4,4.199,-0.01999645,-0.799858,83.96509354999999,3.3586037419999997,fixed
8.345572699909098,4,4.199,-0.02001102,-0.8004408000000001,84.02627298,3.3610509192,fixed
8.368168799905106,4,4.199,-0.01997823,-0.7991292,83.88858777,3.3555435108,fixed
8.390398499905132,4,4.199,-0.02003288,-0.8013151999999999,84.11806311999999,3.3647225247999994,fixed
8.412284399964847,4,4.199,-0.02004928,-0.8019712,84.18692672,3.3674770688,fixed
8.438958899932913,4,4.198,-0.02003288,-0.8013151999999999,84.09803024000001,3.3639212096,fixed
8.462175399879925,4,4.198,-0.02005292,-0.8021167999999999,84.18215816,3.3672863264,fixed
8.485746499965899,4,4.199,-0.02001831,-0.8007324,84.05688369,3.3622753476,fixed
8.509096499881707,4,4.199,-0.02001649,-0.8006596,84.04924151,3.3619696604,fixed
8.532224799972028,4,4.199,-0.02004199,-0.8016795999999999,84.15631601,3.3662526403999995,fixed
8.555238199885935,4,4.198,-0.02001102,-0.8004408000000001,84.00626196,3.3602504784000007,fixed
8.578980299877003,4,4.199,-0.02000738,-0.8002952000000001,84.01098862,3.3604395448,fixed
8.6021771999076,4,4.199,-0.02004017,-0.8016068,84.14867382999999,3.3659469531999995,fixed
8.625925999949686,4,4.199,-0.02001831,-0.8007324,84.05688369,3.3622753476,fixed
8.64921559987124,4,4.199,-0.02002924,-0.8011696,84.10277875999999,3.3641111504,fixed
8.672679299954325,4,4.199,-0.02005657,-0.8022628,84.21753743,3.3687014972,fixed
8.696277999901213,4,4.199,-0.02001466,-0.8005863999999999,84.04155734,3.3616622935999994,fixed
8.71937009994872,4,4.199,-0.02001831,-0.8007324,84.05688369,3.3622753476,fixed
8.74218919989653,4,4.199,-0.02004746,-0.8018984,84.17928454,3.3671713816,fixed
8.766210399917327,4,4.199,-0.02002742,-0.8010967999999999,84.09513657999999,3.3638054632,fixed
8.78921179997269,4,4.199,-0.0200256,-0.8010240000000001,84.0874944,3.3634997760000003,fixed
8.813628399861045,4,4.199,-0.02004199,-0.8016795999999999,84.15631601,3.3662526403999995,fixed
8.837240599910729,4,4.199,-0.01998916,-0.7995663999999999,83.93448283999999,3.3573793135999996,fixed
8.861699699889868,4,4.199,-0.02001831,-0.8007324,84.05688369,3.3622753476,fixed
8.88519529986661,4,4.199,-0.02001649,-0.8006596,84.04924151,3.3619696604,fixed
8.911790499929339,4,4.199,-0.02002013,-0.8008052000000001,84.06452587,3.3625810348000003,fixed
8.934869399876334,4,4.199,-0.02002742,-0.8010967999999999,84.09513657999999,3.3638054632,fixed
8.958008199930191,4,4.199,-0.02000191,-0.8000764000000001,83.98802009,3.3595208036000006,fixed
8.980980199878104,4,4.199,-0.02002742,-0.8010967999999999,84.09513657999999,3.3638054632,fixed
9.00427019991912,4,4.199,-0.02001649,-0.8006596,84.04924151,3.3619696604,fixed
9.02721649990417,4,4.199,-0.01998369,-0.7993475999999999,83.91151430999999,3.3564605723999996,fixed
9.052202599938028,4,4.199,-0.02002013,-0.8008052000000001,84.06452587,3.3625810348000003,fixed
9.074947799905203,4,4.199,-0.02001831,-0.8007324,84.05688369,3.3622753476,fixed
9.098931099870242,4,4.199,-0.02002013,-0.8008052000000001,84.06452587,3.3625810348000003,fixed
9.121955799870193,4,4.198,-0.02005292,-0.8021167999999999,84.18215816,3.3672863264,fixed
9.145798999932595,4,4.199,-0.02002013,-0.8008052000000001,84.06452587,3.3625810348000003,fixed
9.169119899859652,4,4.199,-0.02001831,-0.8007324,84.05688369,3.3622753476,fixed
9.193436699919403,4,4.199,-0.02003835,-0.8015340000000001,84.14103165,3.3656412660000004,fixed
9.215874699875712,4,4.199,-0.0199928,-0.7997120000000001,83.9497672,3.357990688,fixed
9.240343799930997,4,4.199,-0.01999827,-0.7999307999999999,83.97273573,3.3589094291999997,fixed
9.263048299937509,4,4.199,-0.02002013,-0.8008052000000001,84.06452587,3.3625810348000003,fixed
9.288741299882531,4,4.199,-0.01999462,-0.7997848000000001,83.95740938,3.3582963752,fixed
9.31189649994485,4,4.199,-0.02004564,-0.8018255999999999,84.17164235999999,3.3668656943999995,fixed
9.334917299915105,4,4.199,-0.02002195,-0.800878,84.07216804999999,3.362886722,fixed
9.35822009993717,4,4.199,-0.02001102,-0.8004408000000001,84.02627298,3.3610509192,fixed
9.381214599939995,4,4.199,-0.02004017,-0.8016068,84.14867382999999,3.3659469531999995,fixed
9.403868699911982,4,4.199,-0.0200256,-0.8010240000000001,84.0874944,3.3634997760000003,fixed
9.427486799890175,4,4.199,-0.01998005,-0.799202,83.89622994999999,3.3558491979999996,fixed
9.450812299968675,4,4.199,-0.02001102,-0.8004408000000001,84.02627298,3.3610509192,fixed
9.475536699872464,4,4.199,-0.02001831,-0.8007324,84.05688369,3.3622753476,fixed
9.498821599874645,4,4.199,-0.02001466,-0.8005863999999999,84.04155734,3.3616622935999994,fixed
9.521703899954446,4,4.199,-0.02004199,-0.8016795999999999,84.15631601,3.3662526403999995,fixed
9.544609599863179,4,4.199,-0.02001649,-0.8006596,84.04924151,3.3619696604,fixed
9.568360299919732,4,4.199,-0.01999462,-0.7997848000000001,83.95740938,3.3582963752,fixed
9.590619299910031,4,4.199,-0.0200256,-0.8010240000000001,84.0874944,3.3634997760000003,fixed
9.615628899889998,4,4.199,-0.02001466,-0.8005863999999999,84.04155734,3.3616622935999994,fixed
9.63910519995261,4,4.199,-0.01998005,-0.799202,83.89622994999999,3.3558491979999996,fixed
9.661861699889414,4,4.199,-0.02002013,-0.8008052000000001,84.06452587,3.3625810348000003,fixed
9.68500969989691,4,4.199,-0.02002013,-0.8008052000000001,84.06452587,3.3625810348000003,fixed
9.70862619986292,4,4.199,-0.02003288,-0.8013151999999999,84.11806311999999,3.3647225247999994,fixed
9.731774699874222,4,4.199,-0.02007296,-0.8029184,84.28635904,3.3714543616,fixed
9.757699699955992,4,4.199,-0.02005292,-0.8021167999999999,84.20221108,3.368088443199999,fixed
9.78119779995177,4,4.199,-0.02006567,-0.8026268000000001,84.25574833,3.3702299332,fixed
9.803653999930248,4,4.199,-0.0200511,-0.802044,84.1945689,3.367782756,fixed
9.826950299902819,4,4.199,-0.02001284,-0.8005136,84.03391516,3.3613566064000002,fixed
9.850192299927585,4,4.199,-0.02003835,-0.8015340000000001,84.14103165,3.3656412660000004,fixed
9.872875099885277,4,4.199,-0.0200511,-0.802044,84.1945689,3.367782756,fixed
9.89734329993371,4,4.199,-0.02001284,-0.8005136,84.03391516,3.3613566064000002,fixed
9.920098999864422,4,4.199,-0.02003288,-0.8013151999999999,84.11806311999999,3.3647225247999994,fixed
9.94543649989646,4,4.199,-0.0200511,-0.802044,84.1945689,3.367782756,fixed
9.969120999914594,4,4.199,-0.02004017,-0.8016068,84.14867382999999,3.3659469531999995,fixed
9.993634199956432,4,4.199,-0.02008207,-0.8032828000000001,84.32461193,3.3729844772,fixed
10.016855699941516,4,4.199,-0.02004017,-0.8016068,84.14867382999999,3.3659469531999995,fixed
10.041623099939898,4,4.199,-0.0200511,-0.802044,84.1945689,3.367782756,fixed
10.064761099871248,4,4.199,-0.0200347,-0.8013879999999999,84.12570529999999,3.3650282119999995,fixed
10.088684299960732,5,4.297,-0.01961618,-0.7846472,84.29072545999999,3.3716290183999997,fixed
10.112001099972986,5,4.298,-0.01968359,-0.7873436000000001,84.60006982,3.3840027928000005,fixed
10.134847299894318,5,4.298,-0.01966537,-0.7866148000000002,84.52176026000001,3.380870410400001,fixed
10.157675699912943,5,4.298,-0.0196508,-0.7860320000000001,84.4591384,3.3783655360000004,fixed
10.182223999872804,5,4.298,-0.01969452,-0.7877808000000001,84.64704696,3.3858818784,fixed
10.204706499935128,5,4.298,-0.01969452,-0.7877808000000001,84.64704696,3.3858818784,fixed
10.22930979996454,5,4.298,-0.01969452,-0.7877808000000001,84.64704696,3.3858818784,fixed
10.251887999940664,5,4.298,-0.01974736,-0.7898943999999999,84.87415327999999,3.3949661311999995,fixed
10.276188899879344,5,4.298,-0.01971821,-0.7887284,84.74886658,3.3899546632,fixed
10.298534899950027,5,4.298,-0.01970181,-0.7880724000000001,84.67837938,3.3871351752000005,fixed
10.323290899861604,5,4.298,-0.01972914,-0.7891655999999999,84.79584372,3.3918337487999994,fixed
10.345907999901101,5,4.298,-0.01970728,-0.7882912000000001,84.70188944,3.3880755776000004,fixed
10.371589999878779,5,4.298,-0.01972003,-0.7888012000000001,84.75668894,3.3902675576000005,fixed
10.39495259989053,5,4.298,-0.01972914,-0.7891655999999999,84.79584372,3.3918337487999994,fixed
10.418745899922214,5,4.298,-0.01969634,-0.7878535999999999,84.65486932,3.3861947727999997,fixed
10.44168969988823,5,4.298,-0.01972185,-0.788874,84.7645113,3.390580452,fixed
10.465518099954352,5,4.298,-0.01969999,-0.7879996,84.67055702,3.3868222808,fixed
10.488842599908821,5,4.298,-0.01968541,-0.7874164,84.60789218000001,3.3843156872,fixed
10.51242619997356,5,4.298,-0.01971274,-0.7885096,84.72535652,3.3890142608000002,fixed
10.536195899941958,5,4.298,-0.01967813,-0.7871252,84.57660274,3.3830641096,fixed
10.565079999971204,5,4.298,-0.01968359,-0.7873436000000001,84.60006982,3.3840027928000005,fixed
10.591521199909039,5,4.298,-0.01968906,-0.7875624000000001,84.62357988000001,3.3849431952000004,fixed
10.614774199901149,5,4.298,-0.01971274,-0.7885096,84.72535652,3.3890142608000002,fixed
10.639505399973132,5,4.298,-0.01969817,-0.7879268,84.66273466,3.3865093864,fixed
10.663464499870315,5,4.298,-0.01974189,-0.7896756,84.85064322000001,3.3940257288,fixed
10.68681249988731,5,4.298,-0.01970545,-0.788218,84.69402410000001,3.387760964,fixed
10.710019299876876,5,4.298,-0.01971821,-0.7887284,84.74886658,3.3899546632,fixed
10.734752199961804,5,4.298,-0.01972732,-0.7890927999999999,84.78802135999999,3.3915208543999995,fixed
10.75793139997404,5,4.298,-0.01967266,-0.7869064,84.55309268,3.3821237072,fixed
10.781425199937075,5,4.298,-0.01971092,-0.7884368,84.71753416,3.3887013664000003,fixed
10.804953199927695,5,4.298,-0.01971092,-0.7884368,84.71753416,3.3887013664000003,fixed
10.82776599994395,5,4.298,-0.01969634,-0.7878535999999999,84.65486932,3.3861947727999997,fixed
10.850754199898802,5,4.298,-0.01973278,-0.7893111999999999,84.81148844,3.3924595375999993,fixed
10.876672499929555,5,4.298,-0.01973278,-0.7893111999999999,84.81148844,3.3924595375999993,fixed
10.89952859992627,5,4.298,-0.0197091,-0.788364,84.70971180000001,3.388388472,fixed
10.923555599874817,5,4.298,-0.01972367,-0.7889468,84.77233365999999,3.3908933464,fixed
10.946909999940544,5,4.298,-0.0196672,-0.7866879999999999,84.52962559999999,3.3811850239999997,fixed
10.971073899883777,5,4.298,-0.01969634,-0.7878535999999999,84.65486932,3.3861947727999997,fixed
10.993610399891622,5,4.298,-0.01973096,-0.7892384,84.80366608,3.3921466432000003,fixed
11.018764399923384,5,4.298,-0.0197091,-0.788364,84.70971180000001,3.388388472,fixed
11.041903099860065,5,4.298,-0.019751,-0.7900400000000001,84.889798,3.39559192,fixed
11.065769599867053,5,4.298,-0.01972185,-0.788874,84.7645113,3.390580452,fixed
11.088636899949051,5,4.298,-0.0196927,-0.7877080000000001,84.6392246,3.3855689840000003,fixed
11.11279259994626,5,4.298,-0.01972003,-0.7888012000000001,84.75668894,3.3902675576000005,fixed
11.135787899955176,5,4.298,-0.01968724,-0.7874896000000001,84.61575752,3.3846303008000005,fixed
11.159487399971113,5,4.298,-0.01968541,-0.7874164,84.60789218000001,3.3843156872,fixed
11.182926299865358,5,4.298,-0.01972367,-0.7889468,84.77233365999999,3.3908933464,fixed
11.207353599951603,5,4.298,-0.01970728,-0.7882912000000001,84.70188944,3.3880755776000004,fixed
11.231641199905425,5,4.298,-0.01973642,-0.7894568000000001,84.82713316000002,3.3930853264000005,fixed
11.254796999972314,5,4.298,-0.0197346,-0.789384,84.81931080000001,3.392772432,fixed
11.2778683998622,5,4.298,-0.01969817,-0.7879268,84.66273466,3.3865093864,fixed
11.30134179990273,5,4.298,-0.01971821,-0.7887284,84.74886658,3.3899546632,fixed
11.324781199917197,5,4.298,-0.01971821,-0.7887284,84.74886658,3.3899546632,fixed
11.348447499913163,5,4.298,-0.01968541,-0.7874164,84.60789218000001,3.3843156872,fixed
11.371901399921626,5,4.298,-0.01972367,-0.7889468,84.77233365999999,3.3908933464,fixed
11.397038399940357,5,4.298,-0.01969817,-0.7879268,84.66273466,3.3865093864,fixed
11.419854099862278,5,4.298,-0.01970181,-0.7880724000000001,84.67837938,3.3871351752000005,fixed
11.4437163999537,5,4.298,-0.01973096,-0.7892384,84.80366608,3.3921466432000003,fixed
11.466683799866587,5,4.298,-0.01969088,-0.7876352,84.63140224,3.3852560896,fixed
11.48968309990596,5,4.298,-0.0197091,-0.788364,84.70971180000001,3.388388472,fixed
11.512929099961184,5,4.298,-0.01972185,-0.788874,84.7645113,3.390580452,fixed
11.537248799926601,5,4.298,-0.01968541,-0.7874164,84.60789218000001,3.3843156872,fixed
11.560398299945518,5,4.298,-0.01969088,-0.7876352,84.63140224,3.3852560896,fixed
11.585993299959227,5,4.298,-0.01970181,-0.7880724000000001,84.67837938,3.3871351752000005,fixed
11.608329999959096,5,4.298,-0.01967813,-0.7871252,84.57660274,3.3830641096,fixed
11.630698699969798,5,4.298,-0.01972367,-0.7889468,84.77233365999999,3.3908933464,fixed
11.652607299969532,5,4.298,-0.019751,-0.7900400000000001,84.889798,3.39559192,fixed
11.677360799862072,5,4.298,-0.01974007,-0.7896027999999999,84.84282086,3.3937128343999996,fixed
11.69966319995001,5,4.298,-0.01975282,-0.7901128,84.89762036,3.3959048143999997,fixed
11.724384999950416,5,4.298,-0.01976193,-0.7904772,84.93677514000001,3.3974710056,fixed
11.746712899883278,5,4.298,-0.01970181,-0.7880724000000001,84.67837938,3.3871351752000005,fixed
11.771448099869303,5,4.298,-0.01970363,-0.7881452,84.68620174,3.3874480696,fixed
11.793784799869172,5,4.298,-0.01970545,-0.788218,84.69402410000001,3.387760964,fixed
11.818689399864525,5,4.298,-0.01967084,-0.7868335999999999,84.54527031999999,3.3818108127999995,fixed
11.840655699954368,5,4.298,-0.01970728,-0.7882912000000001,84.70188944,3.3880755776000004,fixed
11.866076899925247,5,4.298,-0.01972003,-0.7888012000000001,84.75668894,3.3902675576000005,fixed
11.887594599975273,5,4.298,-0.01970728,-0.7882912000000001,84.70188944,3.3880755776000004,fixed
11.911714499932714,5,4.298,-0.01973825,-0.7895299999999998,84.8349985,3.3933999399999992,fixed
11.933640999952331,5,4.298,-0.01974553,-0.7898212000000001,84.86628794,3.3946515176000007,fixed
11.958093499881215,5,4.298,-0.01970728,-0.7882912000000001,84.70188944,3.3880755776000004,fixed
11.979563999921083,5,4.298,-0.01972367,-0.7889468,84.77233365999999,3.3908933464,fixed
12.005487199872732,5,4.298,-0.01973825,-0.7895299999999998,84.8349985,3.3933999399999992,fixed
12.027621799963526,5,4.298,-0.01969634,-0.7878535999999999,84.65486932,3.3861947727999997,fixed
12.05232569994405,5,4.298,-0.01972003,-0.7888012000000001,84.75668894,3.3902675576000005,fixed
12.07459899992682,5,4.298,-0.01970728,-0.7882912000000001,84.70188944,3.3880755776000004,fixed
12.09990209992975,6,4.396,-0.0192851,-0.771404,84.77729959999999,3.391091984,fixed
12.12161459994968,6,4.397,-0.01937438,-0.7749752,85.18914886,3.4075659544,fixed
12.146561999921687,6,4.397,-0.0193762,-0.7750480000000001,85.19715140000001,3.4078860560000006,fixed
12.16859559994191,6,4.397,-0.01936527,-0.7746107999999999,85.14909219,3.4059636876,fixed
12.19461499992758,6,4.397,-0.01938713,-0.7754852,85.24521061,3.4098084244,fixed
12.217329699895345,6,4.397,-0.01934523,-0.7738092000000001,85.06097631000002,3.4024390524000006,fixed
12.242921299883164,6,4.397,-0.01937256,-0.7749024,85.18114632000001,3.4072458528,fixed
12.2656681999797,6,4.397,-0.01936709,-0.7746836,85.15709473000001,3.4062837892,fixed
12.29038739996031,6,4.397,-0.01936163,-0.7744652000000001,85.13308711,3.4053234844000007,fixed
12.313265899894759,6,4.397,-0.01939442,-0.7757768,85.27726473999999,3.4110905896000006,fixed
12.33729729987681,6,4.397,-0.01935252,-0.7741008,85.09303044,3.4037212176000002,fixed
12.360538899898529,6,4.397,-0.01936527,-0.7746107999999999,85.14909219,3.4059636876,fixed
12.384641699958593,6,4.397,-0.01937073,-0.7748291999999999,85.17309981,3.4069239924,fixed
12.40746269992087,6,4.397,-0.01932337,-0.7729348,84.96485789,3.3985943156000005,fixed
12.431000299868174,6,4.397,-0.01935069,-0.7740276,85.08498393,3.4033993572000005,fixed
12.45394969987683,6,4.397,-0.01936345,-0.7745380000000001,85.14108965,3.4056435860000005,fixed
12.477750499965623,6,4.397,-0.01933248,-0.7732992,85.00491456,3.4001965824,fixed
12.500696399947628,6,4.397,-0.01936527,-0.7746107999999999,85.14909219,3.4059636876,fixed
12.524540799902752,6,4.397,-0.01938349,-0.7753395999999999,85.22920553,3.4091682212,fixed
12.547506999922916,6,4.397,-0.01935252,-0.7741008,85.09303044,3.4037212176000002,fixed
12.571592599968426,6,4.397,-0.01937984,-0.7751935999999999,85.21315648,3.4085262592,fixed
12.594583199941553,6,4.397,-0.0193926,-0.775704,85.2692622,3.410770488,fixed
12.622378199943341,6,4.397,-0.01934705,-0.773882,85.06897885000001,3.402759154,fixed
12.649629899882711,6,4.397,-0.01935798,-0.7743192000000001,85.11703806000001,3.4046815224000007,fixed
12.672553499927744,6,4.397,-0.01938895,-0.7755579999999999,85.25321315,3.4101285259999994,fixed
12.696321999887004,6,4.397,-0.01936345,-0.7745380000000001,85.14108965,3.4056435860000005,fixed
12.71969909989275,6,4.397,-0.01934705,-0.773882,85.06897885000001,3.402759154,fixed
12.744220099877566,6,4.397,-0.0193762,-0.7750480000000001,85.19715140000001,3.4078860560000006,fixed
12.767689299886115,6,4.397,-0.0193343,-0.773372,85.0129171,3.400516684,fixed
12.791084799915552,6,4.397,-0.01936527,-0.7746107999999999,85.14909219,3.4059636876,fixed
12.814415499917232,6,4.397,-0.01936891,-0.7747564,85.16509727,3.4066038908,fixed
12.838236599927768,6,4.397,-0.01932337,-0.7729348,84.96485789,3.3985943156000005,fixed
12.861627799924463,6,4.397,-0.01936891,-0.7747564,85.16509727,3.4066038908,fixed
12.887261499883607,6,4.397,-0.01938166,-0.7752664,85.22115901999999,3.4088463608,fixed
12.910494999960065,6,4.397,-0.01937438,-0.7749752,85.18914886,3.4075659544,fixed
12.93421509990003,6,4.397,-0.01937802,-0.7751207999999999,85.20515394,3.4082061576,fixed
12.957727099885233,6,4.397,-0.01933065,-0.7732260000000001,84.99686805,3.3998747220000007,fixed
12.981207699980587,6,4.397,-0.01935434,-0.7741736,85.10103298,3.4040413192,fixed
13.004446199978702,6,4.397,-0.01936527,-0.7746107999999999,85.14909219,3.4059636876,fixed
13.027448099921457,6,4.397,-0.0193343,-0.773372,85.0129171,3.400516684,fixed
13.050602299976163,6,4.397,-0.01935434,-0.7741736,85.10103298,3.4040413192,fixed
13.073987099924125,6,4.397,-0.01937984,-0.7751935999999999,85.21315648,3.4085262592,fixed
13.096630799933337,6,4.397,-0.01936527,-0.7746107999999999,85.14909219,3.4059636876,fixed
13.120613799896091,6,4.397,-0.01937256,-0.7749024,85.18114632000001,3.4072458528,fixed
13.143709299969487,6,4.397,-0.01938895,-0.7755579999999999,85.25321315,3.4101285259999994,fixed
13.167344099958427,6,4.397,-0.01934523,-0.7738092000000001,85.06097631000002,3.4024390524000006,fixed
13.190287899924442,6,4.397,-0.01935434,-0.7741736,85.10103298,3.4040413192,fixed
13.215473599964753,6,4.397,-0.01937073,-0.7748291999999999,85.17309981,3.4069239924,fixed
13.23839929990936,6,4.397,-0.0193343,-0.773372,85.0129171,3.400516684,fixed
13.261960199917667,6,4.397,-0.01937256,-0.7749024,85.18114632000001,3.4072458528,fixed
13.284385899896733,6,4.397,-0.01938166,-0.7752664,85.22115901999999,3.4088463608,fixed
13.309334199875593,6,4.397,-0.01934887,-0.7739548,85.07698139000001,3.4030792556000002,fixed
13.332642399938777,6,4.397,-0.0193926,-0.775704,85.2692622,3.410770488,fixed
13.355864699929953,6,4.397,-0.01936891,-0.7747564,85.16509727,3.4066038908,fixed
13.37831739988178,6,4.397,-0.01934887,-0.7739548,85.07698139000001,3.4030792556000002,fixed
13.404608299955726,6,4.397,-0.01937438,-0.7749752,85.18914886,3.4075659544,fixed
13.427600299939513,6,4.397,-0.01936709,-0.7746836,85.15709473000001,3.4062837892,fixed
13.450879699899815,6,4.397,-0.01939077,-0.7756308000000002,85.26121569000001,3.410448627600001,fixed
13.473548699868843,6,4.397,-0.01940717,-0.7762868,85.33332649000002,3.4133330596,fixed
13.498011199873872,6,4.397,-0.01935252,-0.7741008,85.09303044,3.4037212176000002,fixed
13.521624899934977,6,4.397,-0.01936709,-0.7746836,85.15709473000001,3.4062837892,fixed
13.545588299981318,6,4.397,-0.01936345,-0.7745380000000001,85.14108965,3.4056435860000005,fixed
13.568295499891974,6,4.397,-0.01933065,-0.7732260000000001,84.99686805,3.3998747220000007,fixed
13.59347219998017,6,4.397,-0.01938166,-0.7752664,85.22115901999999,3.4088463608,fixed
13.616242999909446,6,4.397,-0.01937073,-0.7748291999999999,85.17309981,3.4069239924,fixed
13.639960699947551,6,4.397,-0.01937256,-0.7749024,85.18114632000001,3.4072458528,fixed
13.662744699977338,6,4.397,-0.01938713,-0.7754852,85.24521061,3.4098084244,fixed
13.688212399953045,6,4.397,-0.01935798,-0.7743192000000001,85.11703806000001,3.4046815224000007,fixed
13.711513899965212,6,4.397,-0.01936527,-0.7746107999999999,85.14909219,3.4059636876,fixed
13.734150099917315,6,4.397,-0.01936527,-0.7746107999999999,85.14909219,3.4059636876,fixed
13.757720499881543,6,4.397,-0.01933065,-0.7732260000000001,84.99686805,3.3998747220000007,fixed
13.779988699941896,6,4.397,-0.01936527,-0.7746107999999999,85.14909219,3.4059636876,fixed
13.803363999933936,6,4.397,-0.01939442,-0.7757768,85.27726473999999,3.4110905896000006,fixed
13.827943099895492,6,4.397,-0.01936527,-0.7746107999999999,85.14909219,3.4059636876,fixed
13.850531599950045,6,4.397,-0.01937438,-0.7749752,85.18914886,3.4075659544,fixed
13.874361599911936,6,4.397,-0.01938166,-0.7752664,85.22115901999999,3.4088463608,fixed
13.897295599919744,6,4.397,-0.01932519,-0.7730076,84.97286043000001,3.3989144172000003,fixed
13.922042799880728,6,4.397,-0.01934705,-0.773882,85.06897885000001,3.402759154,fixed
13.945352699956857,6,4.397,-0.01936709,-0.7746836,85.15709473000001,3.4062837892,fixed
13.969270499888808,6,4.397,-0.01934887,-0.7739548,85.07698139000001,3.4030792556000002,fixed
13.992592999944463,6,4.397,-0.0193926,-0.775704,85.2692622,3.410770488,fixed
14.016157499980181,6,4.397,-0.01937438,-0.7749752,85.18914886,3.4075659544,fixed
14.03926359990146,6,4.397,-0.01935616,-0.7742464,85.10903552,3.4043614208000004,fixed
14.062072499888018,6,4.397,-0.01938166,-0.7752664,85.22115901999999,3.4088463608,fixed
14.08516639994923,6,4.397,-0.01936709,-0.7746836,85.15709473000001,3.4062837892,fixed
14.11023909994401,7,4.495,-0.01890484,-0.7561936,84.9772558,3.3990902320000003,fixed
14.133673199918121,7,4.496,-0.01898136,-0.7592544,85.34019456,3.4136077824,fixed
14.157168999896385,7,4.496,-0.01894857,-0.7579428,85.19277072000001,3.4077108288000004,fixed
14.180583799956366,7,4.496,-0.01894492,-0.7577967999999999,85.17636032,3.4070544128,fixed
14.204526199959219,7,4.496,-0.0189595,-0.75838,85.24191200000001,3.409676480000001,fixed
14.227386699873023,7,4.496,-0.01893399,-0.7573596,85.12721904000001,3.4050887616000005,fixed
14.251734599936754,7,4.496,-0.01897043,-0.7588172,85.29105328000001,3.4116421312000003,fixed
14.274311799905263,7,4.496,-0.0190014,-0.7600560000000001,85.43029440000001,3.4172117760000007,fixed
14.301194299943745,7,4.496,-0.01895768,-0.7583072,85.23372928000002,3.4093491712,fixed
14.323825899977237,7,4.496,-0.01898683,-0.7594732000000001,85.36478768,3.414591507200001,fixed
14.345148399937898,7,4.496,-0.01895403,-0.7581612,85.21731888000001,3.4086927552,fixed
14.367033899878152,7,4.496,-0.01893217,-0.7572868000000001,85.11903632000002,3.404761452800001,fixed
14.39079769991804,7,4.496,-0.01894675,-0.7578699999999999,85.184588,3.40738352,fixed
14.412039399961941,7,4.496,-0.01897772,-0.7591088,85.32382912000001,3.4129531648000007,fixed
14.438112099887803,7,4.496,-0.01896496,-0.7585983999999999,85.26646016000001,3.4106584064,fixed
14.460004099877551,7,4.496,-0.01896496,-0.7585983999999999,85.26646016000001,3.4106584064,fixed
14.484519199933857,7,4.497,-0.01897408,-0.7589632000000001,85.32643776,3.4130575104000003,fixed
14.505968099925667,7,4.496,-0.01893035,-0.7572139999999998,85.11085360000001,3.4044341439999997,fixed
14.531428399961442,7,4.496,-0.0189176,-0.756704,85.0535296,3.4021411840000004,fixed
14.553004199871793,7,4.496,-0.01895403,-0.7581612,85.21731888000001,3.4086927552,fixed
14.577413399936631,7,4.496,-0.01892488,-0.7569952000000001,85.08626048,3.403450419200001,fixed
14.599030899931677,7,4.496,-0.01894857,-0.7579428,85.19277072000001,3.4077108288000004,fixed
14.623995099915192,7,4.496,-0.01897407,-0.7589627999999999,85.30741872,3.4122967488000002,fixed
14.645979099906981,7,4.496,-0.01894675,-0.7578699999999999,85.184588,3.40738352,fixed
14.670418599969707,7,4.496,-0.01893764,-0.7575055999999999,85.14362944000001,3.4057451775999996,fixed
14.692408999893814,7,4.496,-0.01896314,-0.7585256,85.25827744,3.4103310976000003,fixed
14.718335299869068,7,4.496,-0.01894128,-0.7576512000000001,85.15999488000001,3.406399795200001,fixed
14.741468699881807,7,4.496,-0.01894128,-0.7576512000000001,85.15999488000001,3.406399795200001,fixed
14.765898499870673,7,4.496,-0.01895768,-0.7583072,85.23372928000002,3.4093491712,fixed
14.788393399911001,7,4.496,-0.01892671,-0.7570684,85.09448816000001,3.4037795264,fixed
14.813623599940911,7,4.496,-0.01896496,-0.7585983999999999,85.26646016000001,3.4106584064,fixed
14.836331099970266,7,4.496,-0.01894857,-0.7579428,85.19277072000001,3.4077108288000004,fixed
14.859662399976514,7,4.496,-0.01894857,-0.7579428,85.19277072000001,3.4077108288000004,fixed
14.882474899874069,7,4.496,-0.01898501,-0.7594004,85.35660496000001,3.4142641984,fixed
14.906348599935882,7,4.496,-0.01898318,-0.7593271999999999,85.34837728,3.4139350912,fixed
14.929100299952552,7,4.496,-0.01898501,-0.7594004,85.35660496000001,3.4142641984,fixed
14.952132899896242,7,4.496,-0.01901598,-0.7606392,85.49584608,3.4198338432,fixed
14.975191499921493,7,4.496,-0.01899411,-0.7597644000000001,85.39751856000001,3.4159007424000007,fixed
14.998956199968234,7,4.497,-0.01894857,-0.7579428,85.21171929,3.4084687716,fixed
15.022499099955894,7,4.496,-0.0189759,-0.7590359999999999,85.31564640000002,3.412625856,fixed
15.045368299935944,7,4.496,-0.0189595,-0.75838,85.24191200000001,3.409676480000001,fixed
15.068224199931137,7,4.496,-0.01893399,-0.7573596,85.12721904000001,3.4050887616000005,fixed
15.091857399907894,7,4.496,-0.01897043,-0.7588172,85.29105328000001,3.4116421312000003,fixed
15.115232299896888,7,4.496,-0.01897407,-0.7589627999999999,85.30741872,3.4122967488000002,fixed
15.139983799890615,7,4.496,-0.0189431,-0.7577240000000001,85.1681776,3.4067271040000007,fixed
15.16339879995212,7,4.496,-0.01899047,-0.7596187999999999,85.38115312,3.4152461248,fixed
15.187463499954902,7,4.496,-0.01896861,-0.7587444000000001,85.28287056000002,3.411314822400001,fixed
15.210138599970378,7,4.496,-0.0189595,-0.75838,85.24191200000001,3.409676480000001,fixed
15.234046299941838,7,4.496,-0.01897043,-0.7588172,85.29105328000001,3.4116421312000003,fixed
15.257235399913043,7,4.496,-0.01892306,-0.7569224,85.07807776,3.4031231104,fixed
15.280975499888882,7,4.496,-0.01895768,-0.7583072,85.23372928000002,3.4093491712,fixed
15.304380099871196,7,4.496,-0.01899958,-0.7599832,85.42211168,3.4168844672,fixed
15.328384299878962,7,4.496,-0.01897225,-0.75889,85.29923600000001,3.41196944,fixed
15.351523699937388,7,4.496,-0.01899411,-0.7597644000000001,85.39751856000001,3.4159007424000007,fixed
15.375872999895364,7,4.496,-0.0190014,-0.7600560000000001,85.43029440000001,3.4172117760000007,fixed
15.40035569993779,7,4.496,-0.01895586,-0.7582344000000001,85.22554656000001,3.409021862400001,fixed
15.423838499933481,7,4.496,-0.01898501,-0.7594004,85.35660496000001,3.4142641984,fixed
15.447229699930176,7,4.496,-0.01895221,-0.7580884,85.20913616,3.4083654464000004,fixed
15.471280699945055,7,4.496,-0.01897225,-0.75889,85.29923600000001,3.41196944,fixed
15.49424069991801,7,4.496,-0.01899958,-0.7599832,85.42211168,3.4168844672,fixed
15.518513799877837,7,4.496,-0.01896861,-0.7587444000000001,85.28287056000002,3.411314822400001,fixed
15.541430099867284,7,4.496,-0.01898683,-0.7594732000000001,85.36478768,3.414591507200001,fixed
15.565364899928682,7,4.496,-0.01899047,-0.7596187999999999,85.38115312,3.4152461248,fixed
15.588410599972121,7,4.496,-0.01894675,-0.7578699999999999,85.184588,3.40738352,fixed
15.6126871999586,7,4.496,-0.0189759,-0.7590359999999999,85.31564640000002,3.412625856,fixed
15.635322799906135,7,4.496,-0.01899047,-0.7596187999999999,85.38115312,3.4152461248,fixed
15.659378499956802,7,4.496,-0.01896496,-0.7585983999999999,85.26646016000001,3.4106584064,fixed
15.682050199946389,7,4.496,-0.01900322,-0.7601288,85.43847712,3.4175390848000005,fixed
15.709227499901317,7,4.496,-0.01899047,-0.7596187999999999,85.38115312,3.4152461248,fixed
15.736954399966635,7,4.496,-0.01899047,-0.7596187999999999,85.38115312,3.4152461248,fixed
15.76001919992268,7,4.496,-0.01895768,-0.7583072,85.23372928000002,3.4093491712,fixed
15.783960099914111,7,4.496,-0.01898683,-0.7594732000000001,85.36478768,3.414591507200001,fixed
15.807336899917573,7,4.496,-0.01895586,-0.7582344000000001,85.22554656000001,3.409021862400001,fixed
15.831337099894881,7,4.496,-0.0189759,-0.7590359999999999,85.31564640000002,3.412625856,fixed
15.854428499937057,7,4.496,-0.01901233,-0.7604932000000001,85.47943568000001,3.4191774272000006,fixed
15.87941669987049,7,4.496,-0.01897954,-0.7591816,85.33201184,3.4132804736000004,fixed
15.902034999919124,7,4.496,-0.01899958,-0.7599832,85.42211168,3.4168844672,fixed
15.926160499919206,7,4.496,-0.01899229,-0.7596915999999999,85.38933584,3.4155734336,fixed
15.948927099932916,7,4.496,-0.01896679,-0.7586716,85.27468784000001,3.4109875136000003,fixed
15.972795799956657,7,4.496,-0.01899776,-0.7599104,85.41392896,3.4165571584000003,fixed
15.996385299949907,7,4.496,-0.01896679,-0.7586716,85.27468784000001,3.4109875136000003,fixed
16.02023649995681,7,4.496,-0.01896679,-0.7586716,85.27468784000001,3.4109875136000003,fixed
16.04309739987366,7,4.496,-0.0190178,-0.760712,85.50402880000001,3.4201611520000004,fixed
16.068344099912792,7,4.496,-0.01899776,-0.7599104,85.41392896,3.4165571584000003,fixed
16.091473399894312,7,4.496,-0.01900687,-0.7602747999999999,85.45488752000001,3.4181955008,fixed
16.115331399952993,8,4.595,-0.0185009,-0.740036,85.0116355,3.4004654199999997,fixed
16.138120399904437,8,4.597,-0.01850455,-0.7401820000000001,85.06541635000002,3.402616654000001,fixed
16.161320099956356,8,4.597,-0.01853006,-0.7412024000000002,85.18268582,3.407307432800001,fixed
16.18411249993369,8,4.597,-0.01854281,-0.7417123999999999,85.24129757000001,3.4096519028,fixed
16.208324399893172,8,4.597,-0.01852095,-0.7408380000000001,85.14080715000001,3.405632286000001,fixed
16.231016199919395,8,4.597,-0.01854645,-0.741858,85.25803065,3.410321226,fixed
16.25479189993348,8,4.597,-0.01857378,-0.7429512000000001,85.38366666,3.415346666400001,fixed
16.278384499950334,8,4.597,-0.01854645,-0.741858,85.25803065,3.410321226,fixed
16.30175339989364,8,4.597,-0.01857742,-0.7430968,85.40039974000001,3.4160159896000004,fixed
16.324614199926145,8,4.597,-0.01858107,-0.7432428,85.41717879000002,3.4166871516,fixed
16.347006299882196,8,4.597,-0.01855374,-0.7421495999999999,85.29154278,3.4116617112,fixed
16.369429799960926,8,4.597,-0.01856831,-0.7427324,85.35852107000001,3.4143408428,fixed
16.396361699909903,8,4.597,-0.01858471,-0.7433884000000001,85.43391187000002,3.4173564748000005,fixed
16.419187999912538,8,4.597,-0.01854099,-0.7416396000000001,85.23293103000002,3.4093172412000006,fixed
16.44282219989691,8,4.597,-0.0185592,-0.742368,85.31664240000002,3.4126656960000004,fixed
16.46625779988244,8,4.597,-0.01854098,-0.7416391999999999,85.23288506,3.4093154024,fixed
16.48968729993794,8,4.597,-0.01852277,-0.7409108000000001,85.14917369000001,3.4059669476000005,fixed
16.51397539989557,8,4.597,-0.01856831,-0.7427324,85.35852107000001,3.4143408428,fixed
16.53712789993733,8,4.597,-0.01854099,-0.7416396000000001,85.23293103000002,3.4093172412000006,fixed
16.559967099921778,8,4.597,-0.0185592,-0.742368,85.31664240000002,3.4126656960000004,fixed
16.582902999944054,8,4.597,-0.018592,-0.7436800000000001,85.46742400000001,3.418696960000001,fixed
16.606156299938448,8,4.597,-0.01858107,-0.7432428,85.41717879000002,3.4166871516,fixed
16.630404399940744,8,4.597,-0.0185592,-0.742368,85.31664240000002,3.4126656960000004,fixed
16.653020399971865,8,4.597,-0.01858107,-0.7432428,85.41717879000002,3.4166871516,fixed
16.677290099905804,8,4.597,-0.01854827,-0.7419308,85.26639718999999,3.4106558876000004,fixed
16.699899199884385,8,4.597,-0.01852823,-0.7411292,85.17427331,3.4069709324000006,fixed
16.724014499923214,8,4.597,-0.01855374,-0.7421495999999999,85.29154278,3.4116617112,fixed
16.747038399917074,8,4.597,-0.0185337,-0.741348,85.1994189,3.4079767560000005,fixed
16.77043039991986,8,4.597,-0.01855556,-0.7422224,85.29990932000001,3.4119963728,fixed
16.793010199908167,8,4.597,-0.018592,-0.7436800000000001,85.46742400000001,3.418696960000001,fixed
16.81833459995687,8,4.597,-0.01858107,-0.7432428,85.41717879000002,3.4166871516,fixed
16.841320699895732,8,4.597,-0.01857196,-0.7428783999999999,85.37530011999999,3.4150120048,fixed
16.86443709989544,8,4.597,-0.01857742,-0.7430968,85.40039974000001,3.4160159896000004,fixed
16.88668329990469,8,4.597,-0.01853916,-0.7415664,85.22451852,3.4089807408,fixed
16.909971399931237,8,4.597,-0.01854463,-0.7417851999999999,85.24966411000001,3.4099865644,fixed
16.932818499975838,8,4.597,-0.01856831,-0.7427324,85.35852107000001,3.4143408428,fixed
16.956856899894774,8,4.597,-0.01855374,-0.7421495999999999,85.29154278,3.4116617112,fixed
16.98011729994323,8,4.597,-0.0185592,-0.742368,85.31664240000002,3.4126656960000004,fixed
17.004738899879158,8,4.597,-0.01859928,-0.7439712,85.50089016000001,3.4200356064000004,fixed
17.028143799863756,8,4.597,-0.01856467,-0.7425868,85.34178799,3.4136715196000003,fixed
17.051953799906187,8,4.597,-0.01859017,-0.7436068,85.45901149,3.4183604596000006,fixed
17.0749327999074,8,4.597,-0.01858471,-0.7433884000000001,85.43391187000002,3.4173564748000005,fixed
17.099054299877025,8,4.597,-0.01854281,-0.7417123999999999,85.24129757000001,3.4096519028,fixed
17.121945199905895,8,4.597,-0.01857014,-0.7428056,85.36693358,3.4146773432,fixed
17.145980899920687,8,4.597,-0.01855192,-0.7420768,85.28317624,3.4113270496,fixed
17.169154499890283,8,4.597,-0.01852095,-0.7408380000000001,85.14080715000001,3.405632286000001,fixed
17.193593799951486,8,4.597,-0.01856285,-0.7425139999999999,85.33342145,3.4133368579999996,fixed
17.217175799887627,8,4.597,-0.0185592,-0.742368,85.31664240000002,3.4126656960000004,fixed
17.240493099903688,8,4.597,-0.01857196,-0.7428783999999999,85.37530011999999,3.4150120048,fixed
17.263243899913505,8,4.597,-0.01859746,-0.7438984,85.49252362000001,3.4197009448,fixed
17.287209799862467,8,4.597,-0.01857014,-0.7428056,85.36693358,3.4146773432,fixed
17.310114999883808,8,4.597,-0.01854827,-0.7419308,85.26639718999999,3.4106558876000004,fixed
17.33386619994417,8,4.597,-0.01856831,-0.7427324,85.35852107000001,3.4143408428,fixed
17.356970999971963,8,4.597,-0.01853552,-0.7414207999999999,85.20778544000001,3.4083114176,fixed
17.382126199896447,8,4.597,-0.01853552,-0.7414207999999999,85.20778544000001,3.4083114176,fixed
17.405071599874645,8,4.597,-0.01856285,-0.7425139999999999,85.33342145,3.4133368579999996,fixed
17.429737399914302,8,4.597,-0.01854281,-0.7417123999999999,85.24129757000001,3.4096519028,fixed
17.453225899953395,8,4.597,-0.01858835,-0.7435339999999999,85.45064495,3.418025798,fixed
17.476225499878637,8,4.597,-0.01857742,-0.7430968,85.40039974000001,3.4160159896000004,fixed
17.498826199909672,8,4.597,-0.0185592,-0.742368,85.31664240000002,3.4126656960000004,fixed
17.5226061999565,8,4.597,-0.0185756,-0.743024,85.39203320000001,3.4156813280000002,fixed
17.54614229989238,8,4.597,-0.01856102,-0.7424408000000001,85.32500894000002,3.413000357600001,fixed
17.57040329987649,8,4.597,-0.01853916,-0.7415664,85.22451852,3.4089807408,fixed
17.592919099959545,8,4.597,-0.01857378,-0.7429512000000001,85.38366666,3.415346666400001,fixed
17.61631539987866,8,4.597,-0.0185592,-0.742368,85.31664240000002,3.4126656960000004,fixed
17.639151499955915,8,4.597,-0.01854099,-0.7416396000000001,85.23293103000002,3.4093172412000006,fixed
17.662834099959582,8,4.597,-0.01857742,-0.7430968,85.40039974000001,3.4160159896000004,fixed
17.686191399930976,8,4.597,-0.01857742,-0.7430968,85.40039974000001,3.4160159896000004,fixed
17.70885409996845,8,4.597,-0.01856285,-0.7425139999999999,85.33342145,3.4133368579999996,fixed
17.732770799892023,8,4.597,-0.01859564,-0.7438256,85.48415708000002,3.4193662832,fixed
17.756050399970263,8,4.597,-0.01858289,-0.7433156000000001,85.42554533000002,3.4170218132000008,fixed
17.778991999919526,8,4.597,-0.01855556,-0.7422224,85.29990932000001,3.4119963728,fixed
17.801813799887896,8,4.597,-0.01857013,-0.7428051999999999,85.36688761,3.4146755044,fixed
17.82482039986644,8,4.597,-0.01856649,-0.7426596000000001,85.35015453000001,3.414006181200001,fixed
17.8485609999625,8,4.597,-0.01852641,-0.7410564,85.16590677,3.4066362708,fixed
17.871139699942432,8,4.597,-0.01854463,-0.7417851999999999,85.24966411000001,3.4099865644,fixed
17.895260599907488,8,4.597,-0.0185592,-0.742368,85.31664240000002,3.4126656960000004,fixed
17.918201999971643,8,4.597,-0.01853006,-0.7412024000000002,85.18268582,3.407307432800001,fixed
17.94322439993266,8,4.597,-0.01856831,-0.7427324,85.35852107000001,3.4143408428,fixed
17.9661388999084,8,4.597,-0.01858107,-0.7432428,85.41717879000002,3.4166871516,fixed
17.989909599884413,8,4.597,-0.01856285,-0.7425139999999999,85.33342145,3.4133368579999996,fixed
18.01292199990712,8,4.597,-0.01859746,-0.7438984,85.49252362000001,3.4197009448,fixed
18.036558899912052,8,4.597,-0.01857742,-0.7430968,85.40039974000001,3.4160159896000004,fixed
18.058852799935266,8,4.597,-0.01855374,-0.7421495999999999,85.29154278,3.4116617112,fixed
18.084594799904153,8,4.597,-0.01857742,-0.7430968,85.40039974000001,3.4160159896000004,fixed
18.107970099896193,8,4.597,-0.01855374,-0.7421495999999999,85.29154278,3.4116617112,fixed
18.13276319997385,9,4.597,-0.01858653,-0.7434612,85.44227841000001,3.4176911364000007,fixed
18.15618509997148,9,4.597,-0.01857196,-0.7428783999999999,85.37530011999999,3.4150120048,fixed
18.17912919993978,9,4.597,-0.01855374,-0.7421495999999999,85.29154278,3.4116617112,fixed
18.203023099922575,9,4.597,-0.01858107,-0.7432428,85.41717879000002,3.4166871516,fixed
18.225865299929865,9,4.597,-0.0185592,-0.742368,85.31664240000002,3.4126656960000004,fixed
18.249194599920884,9,4.597,-0.01854099,-0.7416396000000001,85.23293103000002,3.4093172412000006,fixed
18.272812399896793,9,4.597,-0.01857742,-0.7430968,85.40039974000001,3.4160159896000004,fixed
18.29612019995693,9,4.597,-0.01855556,-0.7422224,85.29990932000001,3.4119963728,fixed
18.320698599913158,9,4.597,-0.01853552,-0.7414207999999999,85.20778544000001,3.4083114176,fixed
18.343923299922608,9,4.597,-0.01856285,-0.7425139999999999,85.33342145,3.4133368579999996,fixed
18.366966099943966,9,4.597,-0.01854645,-0.741858,85.25803065,3.410321226,fixed
18.389324299874716,9,4.597,-0.01856102,-0.7424408000000001,85.32500894000002,3.413000357600001,fixed
18.415943599888124,9,4.597,-0.01858653,-0.7434612,85.44227841000001,3.4176911364000007,fixed
18.43895999994129,9,4.597,-0.01855192,-0.7420768,85.28317624,3.4113270496,fixed
18.46254409989342,9,4.597,-0.01857742,-0.7430968,85.40039974000001,3.4160159896000004,fixed
18.484882599906996,9,4.597,-0.01857196,-0.7428783999999999,85.37530011999999,3.4150120048,fixed
18.509490599972196,9,4.597,-0.01853552,-0.7414207999999999,85.20778544000001,3.4083114176,fixed
18.532164999865927,9,4.597,-0.01857013,-0.7428051999999999,85.36688761,3.4146755044,fixed
18.55566169996746,9,4.597,-0.01856831,-0.7427324,85.35852107000001,3.4143408428,fixed
18.578951899893582,9,4.597,-0.01854098,-0.7416391999999999,85.23288506,3.4093154024,fixed
18.601624199887738,9,4.597,-0.01857742,-0.7430968,85.40039974000001,3.4160159896000004,fixed
18.62496719986666,9,4.597,-0.01859017,-0.7436068,85.45901149,3.4183604596000006,fixed
18.64905139990151,9,4.597,-0.01856467,-0.7425868,85.34178799,3.4136715196000003,fixed
18.672209599870257,9,4.597,-0.01859382,-0.7437528,85.47579054000002,3.4190316216000003,fixed
18.69791169988457,9,4.597,-0.01858653,-0.7434612,85.44227841000001,3.4176911364000007,fixed
18.721183199901134,9,4.597,-0.0185592,-0.742368,85.31664240000002,3.4126656960000004,fixed
18.74491169990506,9,4.597,-0.01857013,-0.7428051999999999,85.36688761,3.4146755044,fixed
18.76827139989473,9,4.597,-0.01852823,-0.7411292,85.17427331,3.4069709324000006,fixed
18.792846799944527,9,4.597,-0.01856285,-0.7425139999999999,85.33342145,3.4133368579999996,fixed
18.816071399953216,9,4.597,-0.01856467,-0.7425868,85.34178799,3.4136715196000003,fixed
18.840822899946943,9,4.597,-0.01855738,-0.7422951999999999,85.30827586000001,3.4123310344,fixed
18.86424319993239,9,4.597,-0.018592,-0.7436800000000001,85.46742400000001,3.418696960000001,fixed
18.88716109993402,9,4.597,-0.0185592,-0.742368,85.31664240000002,3.4126656960000004,fixed
18.910257699899375,9,4.597,-0.01857378,-0.7429512000000001,85.38366666,3.415346666400001,fixed
18.934205999947153,9,4.597,-0.01860839,-0.7443356,85.54276883,3.4217107532,fixed
18.956884799874388,9,4.597,-0.01858653,-0.7434612,85.44227841000001,3.4176911364000007,fixed
18.980149399954826,9,4.597,-0.01858289,-0.7433156000000001,85.42554533000002,3.4170218132000008,fixed
19.002542999922298,9,4.597,-0.01860111,-0.7440444,85.50930267000001,3.4203721068000004,fixed
19.028360199881718,9,4.597,-0.01857196,-0.7428783999999999,85.37530011999999,3.4150120048,fixed
19.05108509992715,9,4.597,-0.01856285,-0.7425139999999999,85.33342145,3.4133368579999996,fixed
19.075123599963263,9,4.597,-0.01857742,-0.7430968,85.40039974000001,3.4160159896000004,fixed
19.097913999925368,9,4.597,-0.01854098,-0.7416391999999999,85.23288506,3.4093154024,fixed
19.122810199973173,9,4.597,-0.01856285,-0.7425139999999999,85.33342145,3.4133368579999996,fixed
19.145932199899107,9,4.597,-0.01855009,-0.7420036,85.27476373000002,3.4109905492,fixed
19.169863399933092,9,4.597,-0.01855374,-0.7421495999999999,85.29154278,3.4116617112,fixed
19.193208599928766,9,4.597,-0.01859928,-0.7439712,85.50089016000001,3.4200356064000004,fixed
19.21791519992985,9,4.597,-0.01859017,-0.7436068,85.45901149,3.4183604596000006,fixed
19.241772599867545,9,4.597,-0.01859382,-0.7437528,85.47579054000002,3.4190316216000003,fixed
19.2647315999493,9,4.597,-0.01860657,-0.7442627999999999,85.53440229,3.4213760916,fixed
19.288201799965464,9,4.597,-0.01857924,-0.7431696,85.40876628000001,3.4163506512,fixed
19.311566699878313,9,4.597,-0.01859746,-0.7438984,85.49252362000001,3.4197009448,fixed
19.334349799901247,9,4.597,-0.01860293,-0.7441172,85.51766921000001,3.4207067684000005,fixed
19.359589999890886,9,4.597,-0.01854645,-0.741858,85.25803065,3.410321226,fixed
19.382402299903333,9,4.597,-0.01857196,-0.7428783999999999,85.37530011999999,3.4150120048,fixed
19.405769599950872,9,4.597,-0.01856649,-0.7426596000000001,85.35015453000001,3.414006181200001,fixed
19.429186799912713,9,4.597,-0.01853552,-0.7414207999999999,85.20778544000001,3.4083114176,fixed
19.45310109993443,9,4.597,-0.01856467,-0.7425868,85.34178799,3.4136715196000003,fixed
19.476013299892657,9,4.597,-0.01855374,-0.7421495999999999,85.29154278,3.4116617112,fixed
19.4998335998971,9,4.597,-0.01854463,-0.7417851999999999,85.24966411000001,3.4099865644,fixed
19.522905599907972,9,4.597,-0.018592,-0.7436800000000001,85.46742400000001,3.418696960000001,fixed
19.54861199995503,9,4.597,-0.01858107,-0.7432428,85.41717879000002,3.4166871516,fixed
19.57215639995411,9,4.597,-0.01860657,-0.7442627999999999,85.53440229,3.4213760916,fixed
19.595385899883695,9,4.597,-0.01859564,-0.7438256,85.48415708000002,3.4193662832,fixed
19.61828719987534,9,4.597,-0.01856285,-0.7425139999999999,85.33342145,3.4133368579999996,fixed
19.641068099881522,9,4.597,-0.01858835,-0.7435339999999999,85.45064495,3.418025798,fixed
19.66417779994663,9,4.597,-0.01860657,-0.7442627999999999,85.53440229,3.4213760916,fixed
19.68678549991455,9,4.597,-0.01858106,-0.7432424000000001,85.41713282,3.4166853128000008,fixed
19.71018859988544,9,4.597,-0.01858289,-0.7433156000000001,85.42554533000002,3.4170218132000008,fixed
19.733971199952066,9,4.597,-0.0186011,-0.7440439999999999,85.50925670000001,3.420370268,fixed
19.75690499995835,9,4.597,-0.01856467,-0.7425868,85.34178799,3.4136715196000003,fixed
19.782818399951793,9,4.597,-0.01857378,-0.7429512000000001,85.38366666,3.415346666400001,fixed
19.805942899896763,9,4.597,-0.0185756,-0.743024,85.39203320000001,3.4156813280000002,fixed
19.829548599896953,9,4.597,-0.01855192,-0.7420768,85.28317624,3.4113270496,fixed
19.851650399970822,9,4.597,-0.01857924,-0.7431696,85.40876628000001,3.4163506512,fixed
19.876521899946965,9,4.597,-0.01858106,-0.7432424000000001,85.41713282,3.4166853128000008,fixed
19.89924529986456,9,4.597,-0.01854281,-0.7417123999999999,85.24129757000001,3.4096519028,fixed
19.92306219995953,9,4.597,-0.01857196,-0.7428783999999999,85.37530011999999,3.4150120048,fixed
19.9462570999749,9,4.597,-0.01855556,-0.7422224,85.29990932000001,3.4119963728,fixed
19.971437799860723,9,4.597,-0.01855556,-0.7422224,85.29990932000001,3.4119963728,fixed
19.994092599954456,9,4.597,-0.01860293,-0.7441172,85.51766921000001,3.4207067684000005,fixed
20.01840929989703,9,4.597,-0.01858289,-0.7433156000000001,85.42554533000002,3.4170218132000008,fixed
20.041040599928237,9,4.597,-0.018592,-0.7436800000000001,85.46742400000001,3.418696960000001,fixed
20.06495049991645,9,4.597,-0.01860293,-0.7441172,85.51766921000001,3.4207067684000005,fixed
20.088230299879797,9,4.597,-0.01855374,-0.7421495999999999,85.29154278,3.4116617112,fixed
20.112046999973245,9,4.597,-0.01857014,-0.7428056,85.36693358,3.4146773432,fixed
20.135833299951628,10,4.597,-0.01855374,-0.7421495999999999,85.29154278,3.4116617112,fixed
20.158812499954365,10,4.597,-0.01853006,-0.7412024000000002,85.18268582,3.407307432800001,fixed
20.18219889991451,10,4.597,-0.01856285,-0.7425139999999999,85.33342145,3.4133368579999996,fixed
20.20618839992676,10,4.597,-0.01857013,-0.7428051999999999,85.36688761,3.4146755044,fixed
20.229172399966046,10,4.597,-0.01855374,-0.7421495999999999,85.29154278,3.4116617112,fixed
20.25442019989714,10,4.597,-0.01858653,-0.7434612,85.44227841000001,3.4176911364000007,fixed
20.27694069989957,10,4.597,-0.01855374,-0.7421495999999999,85.29154278,3.4116617112,fixed
20.301157199894078,10,4.597,-0.01854463,-0.7417851999999999,85.24966411000001,3.4099865644,fixed
20.32429009990301,10,4.597,-0.01857196,-0.7428783999999999,85.37530011999999,3.4150120048,fixed
20.349790899897926,10,4.597,-0.0185337,-0.741348,85.1994189,3.4079767560000005,fixed
20.37223329988774,10,4.597,-0.01858107,-0.7432428,85.41717879000002,3.4166871516,fixed
20.394311699899845,10,4.597,-0.01858289,-0.7433156000000001,85.42554533000002,3.4170218132000008,fixed
20.416451099910773,10,4.597,-0.01856467,-0.7425868,85.34178799,3.4136715196000003,fixed
20.441565099870786,10,4.597,-0.01857378,-0.7429512000000001,85.38366666,3.415346666400001,fixed
20.464303899905644,10,4.597,-0.0186175,-0.7447,85.5846475,3.4233859000000004,fixed
20.49045629997272,10,4.597,-0.01858106,-0.7432424000000001,85.41713282,3.4166853128000008,fixed
20.513086499879137,10,4.597,-0.01860475,-0.74419,85.52603575,3.4210414300000003,fixed
20.53607649996411,10,4.597,-0.01857378,-0.7429512000000001,85.38366666,3.415346666400001,fixed
20.55894089990761,10,4.597,-0.01855738,-0.7422951999999999,85.30827586000001,3.4123310344,fixed
20.583163399947807,10,4.597,-0.01858835,-0.7435339999999999,85.45064495,3.418025798,fixed
20.605862799915485,10,4.597,-0.01858289,-0.7433156000000001,85.42554533000002,3.4170218132000008,fixed
20.63023519993294,10,4.597,-0.01857378,-0.7429512000000001,85.38366666,3.415346666400001,fixed
20.65277639986016,10,4.597,-0.01860839,-0.7443356,85.54276883,3.4217107532,fixed
20.677154299919493,10,4.597,-0.01857742,-0.7430968,85.40039974000001,3.4160159896000004,fixed
20.699862299952656,10,4.597,-0.01856649,-0.7426596000000001,85.35015453000001,3.414006181200001,fixed
20.72369739995338,10,4.597,-0.01858106,-0.7432424000000001,85.41713282,3.4166853128000008,fixed
20.747366299969144,10,4.597,-0.01854463,-0.7417851999999999,85.24966411000001,3.4099865644,fixed
20.770133899874054,10,4.597,-0.01856285,-0.7425139999999999,85.33342145,3.4133368579999996,fixed
20.793234799872153,10,4.597,-0.01860293,-0.7441172,85.51766921000001,3.4207067684000005,fixed
20.815776699921116,10,4.597,-0.01859382,-0.7437528,85.47579054000002,3.4190316216000003,fixed
20.838913599960506,10,4.597,-0.01858653,-0.7434612,85.44227841000001,3.4176911364000007,fixed
20.862783099873923,10,4.597,-0.0186175,-0.7447,85.5846475,3.4233859000000004,fixed
20.885783599922433,10,4.597,-0.01859928,-0.7439712,85.50089016000001,3.4200356064000004,fixed
20.909698899951763,10,4.597,-0.01857013,-0.7428051999999999,85.36688761,3.4146755044,fixed
20.93343189987354,10,4.597,-0.01859564,-0.7438256,85.48415708000002,3.4193662832,fixed
20.955841499962844,10,4.597,-0.01856467,-0.7425868,85.34178799,3.4136715196000003,fixed
20.97892919986043,10,4.597,-0.01853916,-0.7415664,85.22451852,3.4089807408,fixed
21.004057899932377,10,4.597,-0.0185756,-0.743024,85.39203320000001,3.4156813280000002,fixed
21.02712669991888,10,4.597,-0.01855556,-0.7422224,85.29990932000001,3.4119963728,fixed
21.05020929989405,10,4.597,-0.01857742,-0.7430968,85.40039974000001,3.4160159896000004,fixed
21.073105899966322,10,4.597,-0.01861386,-0.7445544,85.56791442000001,3.4227165768,fixed
21.096463799942285,10,4.597,-0.01858289,-0.7433156000000001,85.42554533000002,3.4170218132000008,fixed
21.119119299924932,10,4.597,-0.01855556,-0.7422224,85.29990932000001,3.4119963728,fixed
21.142913299961947,10,4.597,-0.01857196,-0.7428783999999999,85.37530011999999,3.4150120048,fixed
21.165825599920936,10,4.597,-0.01855192,-0.7420768,85.28317624,3.4113270496,fixed
21.19108789996244,10,4.597,-0.01853916,-0.7415664,85.22451852,3.4089807408,fixed
21.214211399899796,10,4.597,-0.018592,-0.7436800000000001,85.46742400000001,3.418696960000001,fixed
21.238446099916473,10,4.597,-0.01857924,-0.7431696,85.40876628000001,3.4163506512,fixed
21.26175559987314,10,4.597,-0.01860839,-0.7443356,85.54276883,3.4217107532,fixed
21.285360899870284,10,4.597,-0.01862661,-0.7450644,85.62652616999999,3.4250610468000002,fixed
21.3081455999054,10,4.597,-0.01857742,-0.7430968,85.40039974000001,3.4160159896000004,fixed
21.33222019986715,10,4.597,-0.01858653,-0.7434612,85.44227841000001,3.4176911364000007,fixed
21.35483129986096,10,4.597,-0.0185756,-0.743024,85.39203320000001,3.4156813280000002,fixed
21.379161199904047,10,4.597,-0.01854463,-0.7417851999999999,85.24966411000001,3.4099865644,fixed
21.40219429996796,10,4.597,-0.01857742,-0.7430968,85.40039974000001,3.4160159896000004,fixed
21.425755499862134,10,4.597,-0.01858653,-0.7434612,85.44227841000001,3.4176911364000007,fixed
21.44927049987018,10,4.597,-0.01857014,-0.7428056,85.36693358,3.4146773432,fixed
21.472308399970643,10,4.597,-0.01860839,-0.7443356,85.54276883,3.4217107532,fixed
21.495089799864218,10,4.597,-0.01860657,-0.7442627999999999,85.53440229,3.4213760916,fixed
21.5197518998757,10,4.597,-0.01856285,-0.7425139999999999,85.33342145,3.4133368579999996,fixed
21.543222699896432,10,4.597,-0.01859017,-0.7436068,85.45901149,3.4183604596000006,fixed
21.56743899988942,10,4.597,-0.01856285,-0.7425139999999999,85.33342145,3.4133368579999996,fixed
21.589820799883455,10,4.597,-0.01855738,-0.7422951999999999,85.30827586000001,3.4123310344,fixed
21.614167799940333,10,4.597,-0.01859382,-0.7437528,85.47579054000002,3.4190316216000003,fixed
21.63722409994807,10,4.597,-0.01857924,-0.7431696,85.40876628000001,3.4163506512,fixed
21.66087919997517,10,4.597,-0.01859564,-0.7438256,85.48415708000002,3.4193662832,fixed
21.684187699924223,10,4.597,-0.01862843,-0.7451372,85.63489271,3.4253957084000004,fixed
21.707871499937028,10,4.597,-0.01859928,-0.7439712,85.50089016000001,3.4200356064000004,fixed
21.73112939996645,10,4.597,-0.01861204,-0.7444816,85.55954788,3.4223819152000003,fixed
21.754909099894576,10,4.597,-0.0186175,-0.7447,85.5846475,3.4233859000000004,fixed
21.77810159989167,10,4.597,-0.01856467,-0.7425868,85.34178799,3.4136715196000003,fixed
21.801690099877305,10,4.597,-0.01858289,-0.7433156000000001,85.42554533000002,3.4170218132000008,fixed
21.824845899944194,10,4.597,-0.01859564,-0.7438256,85.48415708000002,3.4193662832,fixed
21.848988499958068,10,4.597,-0.01856467,-0.7425868,85.34178799,3.4136715196000003,fixed
21.8718954998767,10,4.597,-0.01860111,-0.7440444,85.50930267000001,3.4203721068000004,fixed
21.895246899919584,10,4.597,-0.01859382,-0.7437528,85.47579054000002,3.4190316216000003,fixed
21.917661599931307,10,4.597,-0.01856649,-0.7426596000000001,85.35015453000001,3.414006181200001,fixed
21.941584599902853,10,4.597,-0.01859017,-0.7436068,85.45901149,3.4183604596000006,fixed
21.96515769988764,10,4.597,-0.018592,-0.7436800000000001,85.46742400000001,3.418696960000001,fixed
21.98933589993976,10,4.597,-0.01854645,-0.741858,85.25803065,3.410321226,fixed
22.01239099993836,10,4.597,-0.01858289,-0.7433156000000001,85.42554533000002,3.4170218132000008,fixed
22.038906499859877,10,4.597,-0.01858653,-0.7434612,85.44227841000001,3.4176911364000007,fixed
22.06216449989006,10,4.597,-0.01861386,-0.7445544,85.56791442000001,3.4227165768,fixed
22.085357799893245,10,4.597,-0.01862115,-0.744846,85.60142655000001,3.424057062,fixed
22.107571699889377,10,4.597,-0.01860475,-0.74419,85.52603575,3.4210414300000003,fixed
22.131544099887833,10,4.597,-0.01863572,-0.7454288000000001,85.66840484000002,3.426736193600001,fixed
22.15605490002781,11,4.597,-0.01862479,-0.7449915999999999,85.61815963,3.4247263851999996,fixed
22.179829200031236,11,4.597,-0.018592,-0.7436800000000001,85.46742400000001,3.418696960000001,fixed
22.203067500027828,11,4.597,-0.01861386,-0.7445544,85.56791442000001,3.4227165768,fixed
22.227860699989833,11,4.597,-0.01857378,-0.7429512000000001,85.38366666,3.415346666400001,fixed
22.251118900021538,11,4.597,-0.01858471,-0.7433884000000001,85.43391187000002,3.4173564748000005,fixed
22.274205700028688,11,4.597,-0.01861203,-0.7444812000000001,85.55950191000002,3.4223800764000005,fixed
22.296764700091444,11,4.597,-0.01858835,-0.7435339999999999,85.45064495,3.418025798,fixed
22.322327799978666,11,4.597,-0.01860475,-0.74419,85.52603575,3.4210414300000003,fixed
22.345500400057063,11,4.597,-0.01863025,-0.74521,85.64325925,3.4257303700000006,fixed
22.369169300072826,11,4.597,-0.0186011,-0.7440439999999999,85.50925670000001,3.420370268,fixed
22.391139000072144,11,4.597,-0.01863208,-0.7452831999999999,85.65167176,3.4260668704,fixed
22.415144000086002,11,4.597,-0.01862479,-0.7449915999999999,85.61815963,3.4247263851999996,fixed
22.43777429999318,11,4.597,-0.01857196,-0.7428783999999999,85.37530011999999,3.4150120048,fixed
22.46370459999889,11,4.597,-0.01858106,-0.7432424000000001,85.41713282,3.4166853128000008,fixed
22.48687969997991,11,4.597,-0.01855556,-0.7422224,85.29990932000001,3.4119963728,fixed
22.5098316000076,11,4.597,-0.01857196,-0.7428783999999999,85.37530011999999,3.4150120048,fixed
22.53301170002669,11,4.597,-0.01860839,-0.7443356,85.54276883,3.4217107532,fixed
22.55710099998396,11,4.597,-0.01860111,-0.7440444,85.50930267000001,3.4203721068000004,fixed
22.605580699979328,11,4.597,-0.01860475,-0.74419,85.52603575,3.4210414300000003,fixed
22.627900600084104,11,4.597,-0.01858653,-0.7434612,85.44227841000001,3.4176911364000007,fixed
22.651916700066067,11,4.597,-0.01859928,-0.7439712,85.50089016000001,3.4200356064000004,fixed
22.67583160009235,11,4.597,-0.01858835,-0.7435339999999999,85.45064495,3.418025798,fixed
22.69887469999958,11,4.597,-0.01854463,-0.7417851999999999,85.24966411000001,3.4099865644,fixed
22.721790099982172,11,4.597,-0.0185756,-0.743024,85.39203320000001,3.4156813280000002,fixed
22.745402400032617,11,4.597,-0.01857924,-0.7431696,85.40876628000001,3.4163506512,fixed
22.768095200066455,11,4.597,-0.01855738,-0.7422951999999999,85.30827586000001,3.4123310344,fixed
22.791906099999323,11,4.597,-0.01859746,-0.7438984,85.49252362000001,3.4197009448,fixed
22.81477330008056,11,4.597,-0.01862114,-0.7448456,85.60138058000001,3.4240552232000003,fixed
22.840419100015424,11,4.597,-0.01859928,-0.7439712,85.50089016000001,3.4200356064000004,fixed
22.86275050009135,11,4.597,-0.01863572,-0.7454288000000001,85.66840484000002,3.426736193600001,fixed
22.885716499993578,11,4.597,-0.01861021,-0.7444084,85.55113537,3.4220454148000004,fixed
22.909083100035787,11,4.597,-0.018592,-0.7436800000000001,85.46742400000001,3.418696960000001,fixed
22.932782800053246,11,4.597,-0.01861203,-0.7444812000000001,85.55950191000002,3.4223800764000005,fixed
22.95578519999981,11,4.597,-0.01859564,-0.7438256,85.48415708000002,3.4193662832,fixed
22.980777300079353,11,4.597,-0.018592,-0.7436800000000001,85.46742400000001,3.418696960000001,fixed
23.003682099981233,11,4.597,-0.01862843,-0.7451372,85.63489271,3.4253957084000004,fixed
23.027290800004266,11,4.597,-0.01860839,-0.7443356,85.54276883,3.4217107532,fixed
23.0497699000407,11,4.597,-0.01861203,-0.7444812000000001,85.55950191000002,3.4223800764000005,fixed
23.073983200010844,11,4.597,-0.01862843,-0.7451372,85.63489271,3.4253957084000004,fixed
23.09697200008668,11,4.597,-0.01857378,-0.7429512000000001,85.38366666,3.415346666400001,fixed
23.121710799983703,11,4.597,-0.01856102,-0.7424408000000001,85.32500894000002,3.413000357600001,fixed
23.145055000088178,11,4.597,-0.01855556,-0.7422224,85.29990932000001,3.4119963728,fixed
23.168853700044565,11,4.597,-0.01852823,-0.7411292,85.17427331,3.4069709324000006,fixed
23.1918272000039,11,4.597,-0.01858835,-0.7435339999999999,85.45064495,3.418025798,fixed
23.21481560007669,11,4.597,-0.01860293,-0.7441172,85.51766921000001,3.4207067684000005,fixed
23.237745900056325,11,4.597,-0.01857924,-0.7431696,85.40876628000001,3.4163506512,fixed
23.260487899999134,11,4.597,-0.01860657,-0.7442627999999999,85.53440229,3.4213760916,fixed
23.283748700050637,11,4.597,-0.01862114,-0.7448456,85.60138058000001,3.4240552232000003,fixed
23.307671200018376,11,4.597,-0.01859564,-0.7438256,85.48415708000002,3.4193662832,fixed
23.331069600069895,11,4.597,-0.01860111,-0.7440444,85.50930267000001,3.4203721068000004,fixed
23.353893500054255,11,4.597,-0.01860657,-0.7442627999999999,85.53440229,3.4213760916,fixed
23.377072400064208,11,4.597,-0.0185756,-0.743024,85.39203320000001,3.4156813280000002,fixed
23.40133290004451,11,4.597,-0.01859382,-0.7437528,85.47579054000002,3.4190316216000003,fixed
23.424025500076823,11,4.597,-0.01861568,-0.7446271999999999,85.57628096,3.4230512384,fixed
23.447700000018813,11,4.597,-0.01858471,-0.7433884000000001,85.43391187000002,3.4173564748000005,fixed
23.47079609998036,11,4.597,-0.01861021,-0.7444084,85.55113537,3.4220454148000004,fixed
23.49636069999542,11,4.597,-0.01862114,-0.7448456,85.60138058000001,3.4240552232000003,fixed
23.519172700005583,11,4.597,-0.01857742,-0.7430968,85.40039974000001,3.4160159896000004,fixed
23.54314239998348,11,4.597,-0.01861021,-0.7444084,85.55113537,3.4220454148000004,fixed
23.565929600037634,11,4.597,-0.01858471,-0.7433884000000001,85.43391187000002,3.4173564748000005,fixed
23.591123900027014,11,4.597,-0.01856831,-0.7427324,85.35852107000001,3.4143408428,fixed
23.61476520006545,11,4.597,-0.01858653,-0.7434612,85.44227841000001,3.4176911364000007,fixed
23.637985000037588,11,4.597,-0.01853552,-0.7414207999999999,85.20778544000001,3.4083114176,fixed
23.661169899976812,11,4.597,-0.01856831,-0.7427324,85.35852107000001,3.4143408428,fixed
23.68507710006088,11,4.597,-0.01859564,-0.7438256,85.48415708000002,3.4193662832,fixed
23.708115700050257,11,4.597,-0.01856649,-0.7426596000000001,85.35015453000001,3.414006181200001,fixed
23.73199880006723,11,4.597,-0.01859382,-0.7437528,85.47579054000002,3.4190316216000003,fixed
23.755057899979874,11,4.597,-0.01859382,-0.7437528,85.47579054000002,3.4190316216000003,fixed
23.778733300045133,11,4.597,-0.01856103,-0.7424411999999999,85.32505491,3.4130021964,fixed
23.80219409998972,11,4.597,-0.018592,-0.7436800000000001,85.46742400000001,3.418696960000001,fixed
23.825085400021635,11,4.597,-0.01858471,-0.7433884000000001,85.43391187000002,3.4173564748000005,fixed
23.848087800084613,11,4.597,-0.01855374,-0.7421495999999999,85.29154278,3.4116617112,fixed
23.873250500066206,11,4.597,-0.01858471,-0.7433884000000001,85.43391187000002,3.4173564748000005,fixed
23.895910300081596,11,4.597,-0.01858653,-0.7434612,85.44227841000001,3.4176911364000007,fixed
23.91961820004508,11,4.597,-0.01857924,-0.7431696,85.40876628000001,3.4163506512,fixed
23.943080400000326,11,4.597,-0.01860657,-0.7442627999999999,85.53440229,3.4213760916,fixed
23.966078000026755,11,4.597,-0.01856831,-0.7427324,85.35852107000001,3.4143408428,fixed
23.990196000086144,11,4.597,-0.01854827,-0.7419308,85.26639718999999,3.4106558876000004,fixed
24.014524700003676,11,4.597,-0.01858106,-0.7432424000000001,85.41713282,3.4166853128000008,fixed
24.038025500020012,11,4.597,-0.01853552,-0.7414207999999999,85.20778544000001,3.4083114176,fixed
24.062023799982853,11,4.597,-0.0185756,-0.743024,85.39203320000001,3.4156813280000002,fixed
24.085117600043304,11,4.597,-0.01858835,-0.7435339999999999,85.45064495,3.418025798,fixed
24.10863680008333,11,4.597,-0.01857013,-0.7428051999999999,85.36688761,3.4146755044,fixed
24.131929900031537,11,4.597,-0.01861568,-0.7446271999999999,85.57628096,3.4230512384,fixed
24.155527000082657,11,4.597,-0.01861203,-0.7444812000000001,85.55950191000002,3.4223800764000005,fixed
24.18002999993041,12,4.597,-0.01858289,-0.7433156000000001,85.42554533000002,3.4170218132000008,fixed
24.204397299909033,12,4.597,-0.01860293,-0.7441172,85.51766921000001,3.4207067684000005,fixed
24.226732299895957,12,4.597,-0.01855374,-0.7421495999999999,85.29154278,3.4116617112,fixed
24.250326599925756,12,4.597,-0.01857013,-0.7428051999999999,85.36688761,3.4146755044,fixed
24.272933499887586,12,4.597,-0.01859928,-0.7439712,85.50089016000001,3.4200356064000004,fixed
24.297178499866277,12,4.597,-0.01857013,-0.7428051999999999,85.36688761,3.4146755044,fixed
24.320451799896546,12,4.597,-0.01857924,-0.7431696,85.40876628000001,3.4163506512,fixed
24.343513499945402,12,4.597,-0.01861386,-0.7445544,85.56791442000001,3.4227165768,fixed
24.366736499941908,12,4.597,-0.01859564,-0.7438256,85.48415708000002,3.4193662832,fixed
24.39021869993303,12,4.597,-0.0186339,-0.7453559999999999,85.66003830000001,3.426401532,fixed
24.412248899927363,12,4.597,-0.01864665,-0.745866,85.71865005000001,3.4287460020000005,fixed
24.43806739989668,12,4.597,-0.01862661,-0.7450644,85.62652616999999,3.4250610468000002,fixed
24.461103199864738,12,4.597,-0.01860475,-0.74419,85.52603575,3.4210414300000003,fixed
24.484898099908605,12,4.597,-0.0186011,-0.7440439999999999,85.50925670000001,3.420370268,fixed
24.50814009993337,12,4.597,-0.01855009,-0.7420036,85.27476373000002,3.4109905492,fixed
24.531276599969715,12,4.597,-0.01857378,-0.7429512000000001,85.38366666,3.415346666400001,fixed
24.55384669988416,12,4.597,-0.01858289,-0.7433156000000001,85.42554533000002,3.4170218132000008,fixed
24.57845399994403,12,4.597,-0.01855009,-0.7420036,85.27476373000002,3.4109905492,fixed
24.601590799866244,12,4.597,-0.01858471,-0.7433884000000001,85.43391187000002,3.4173564748000005,fixed
24.625946699874476,12,4.597,-0.01858106,-0.7432424000000001,85.41713282,3.4166853128000008,fixed
24.648886199924164,12,4.597,-0.01857196,-0.7428783999999999,85.37530011999999,3.4150120048,fixed
24.67306719988119,12,4.597,-0.01860657,-0.7442627999999999,85.53440229,3.4213760916,fixed
24.696569599909708,12,4.597,-0.01858289,-0.7433156000000001,85.42554533000002,3.4170218132000008,fixed
24.720366499968804,12,4.597,-0.01858653,-0.7434612,85.44227841000001,3.4176911364000007,fixed
24.74303189991042,12,4.597,-0.0186175,-0.7447,85.5846475,3.4233859000000004,fixed
24.767659399891272,12,4.597,-0.01859382,-0.7437528,85.47579054000002,3.4190316216000003,fixed
24.791147099924274,12,4.597,-0.01861386,-0.7445544,85.56791442000001,3.4227165768,fixed
24.814345099963248,12,4.597,-0.01861568,-0.7446271999999999,85.57628096,3.4230512384,fixed
24.836845299927518,12,4.597,-0.0185756,-0.743024,85.39203320000001,3.4156813280000002,fixed
24.86029709991999,12,4.597,-0.01858289,-0.7433156000000001,85.42554533000002,3.4170218132000008,fixed
24.882943999953568,12,4.597,-0.01860657,-0.7442627999999999,85.53440229,3.4213760916,fixed
24.907144899945706,12,4.597,-0.01858835,-0.7435339999999999,85.45064495,3.418025798,fixed
24.930065599968657,12,4.597,-0.01859928,-0.7439712,85.50089016000001,3.4200356064000004,fixed
24.95399039995391,12,4.597,-0.01862843,-0.7451372,85.63489271,3.4253957084000004,fixed
24.97705009987112,12,4.597,-0.01859746,-0.7438984,85.49252362000001,3.4197009448,fixed
25.000349499867298,12,4.597,-0.01861203,-0.7444812000000001,85.55950191000002,3.4223800764000005,fixed
25.023486799909733,12,4.597,-0.01862297,-0.7449188,85.60979309,3.4243917236000003,fixed
25.048073899932206,12,4.597,-0.01857196,-0.7428783999999999,85.37530011999999,3.4150120048,fixed
25.070523799862713,12,4.597,-0.01858471,-0.7433884000000001,85.43391187000002,3.4173564748000005,fixed
25.095935799879953,12,4.597,-0.01858471,-0.7433884000000001,85.43391187000002,3.4173564748000005,fixed
25.118901799898595,12,4.597,-0.01855374,-0.7421495999999999,85.29154278,3.4116617112,fixed
25.14367079990916,12,4.597,-0.01858653,-0.7434612,85.44227841000001,3.4176911364000007,fixed
25.16714219993446,12,4.597,-0.01856285,-0.7425139999999999,85.33342145,3.4133368579999996,fixed
25.190962699940428,12,4.597,-0.01859564,-0.7438256,85.48415708000002,3.4193662832,fixed
25.21411829988938,12,4.597,-0.0186339,-0.7453559999999999,85.66003830000001,3.426401532,fixed
25.23818569991272,12,4.597,-0.01859017,-0.7436068,85.45901149,3.4183604596000006,fixed
25.26084079989232,12,4.597,-0.01860475,-0.74419,85.52603575,3.4210414300000003,fixed
25.285202299943194,12,4.597,-0.01861386,-0.7445544,85.56791442000001,3.4227165768,fixed
25.308039099909365,12,4.597,-0.01857014,-0.7428056,85.36693358,3.4146773432,fixed
25.333250799914822,12,4.597,-0.01859017,-0.7436068,85.45901149,3.4183604596000006,fixed
25.356089999899268,12,4.597,-0.01856102,-0.7424408000000001,85.32500894000002,3.413000357600001,fixed
25.381792499916628,12,4.597,-0.0185592,-0.742368,85.31664240000002,3.4126656960000004,fixed
25.405706899939105,12,4.597,-0.01858471,-0.7433884000000001,85.43391187000002,3.4173564748000005,fixed
25.429014299879782,12,4.597,-0.01857742,-0.7430968,85.40039974000001,3.4160159896000004,fixed
25.45186669996474,12,4.597,-0.01861568,-0.7446271999999999,85.57628096,3.4230512384,fixed
25.47597889986355,12,4.597,-0.01861933,-0.7447732,85.59306001000002,3.4237224004000004,fixed
25.498858399922028,12,4.597,-0.0186011,-0.7440439999999999,85.50925670000001,3.420370268,fixed
25.523459999938495,12,4.597,-0.01863754,-0.7455016000000001,85.67677138000002,3.4270708552000007,fixed
25.545909899869002,12,4.597,-0.01862479,-0.7449915999999999,85.61815963,3.4247263851999996,fixed
25.570263399975374,12,4.597,-0.01861204,-0.7444816,85.55954788,3.4223819152000003,fixed
25.593265499919653,12,4.597,-0.01864119,-0.7456476,85.69355043,3.4277420172,fixed
25.617265799897723,12,4.597,-0.01861568,-0.7446271999999999,85.57628096,3.4230512384,fixed
25.640221199952066,12,4.597,-0.01860475,-0.74419,85.52603575,3.4210414300000003,fixed
25.663414099952206,12,4.597,-0.01862297,-0.7449188,85.60979309,3.4243917236000003,fixed
25.685833799885586,12,4.597,-0.0185756,-0.743024,85.39203320000001,3.4156813280000002,fixed
25.711258499883115,12,4.597,-0.01856285,-0.7425139999999999,85.33342145,3.4133368579999996,fixed
25.734254299895838,12,4.597,-0.01858653,-0.7434612,85.44227841000001,3.4176911364000007,fixed
25.75718379986938,12,4.597,-0.0185592,-0.742368,85.31664240000002,3.4126656960000004,fixed
25.780178399872966,12,4.597,-0.0185756,-0.743024,85.39203320000001,3.4156813280000002,fixed
25.80452859995421,12,4.597,-0.01860657,-0.7442627999999999,85.53440229,3.4213760916,fixed
25.828134599956684,12,4.597,-0.01859017,-0.7436068,85.45901149,3.4183604596000006,fixed
25.853288199868985,12,4.597,-0.01862114,-0.7448456,85.60138058000001,3.4240552232000003,fixed
25.876064399955794,12,4.597,-0.01860657,-0.7442627999999999,85.53440229,3.4213760916,fixed
25.899052699911408,12,4.597,-0.01858653,-0.7434612,85.44227841000001,3.4176911364000007,fixed
25.92184919991996,12,4.597,-0.01860657,-0.7442627999999999,85.53440229,3.4213760916,fixed
25.945925599895418,12,4.597,-0.01859017,-0.7436068,85.45901149,3.4183604596000006,fixed
25.968860999913886,12,4.597,-0.01856649,-0.7426596000000001,85.35015453000001,3.414006181200001,fixed
25.994150399928913,12,4.597,-0.01859564,-0.7438256,85.48415708000002,3.4193662832,fixed
26.01698899990879,12,4.597,-0.01856831,-0.7427324,85.35852107000001,3.4143408428,fixed
26.04124569997657,12,4.597,-0.01857742,-0.7430968,85.40039974000001,3.4160159896000004,fixed
26.064963499899022,12,4.597,-0.01858653,-0.7434612,85.44227841000001,3.4176911364000007,fixed
26.088242499972694,12,4.597,-0.01855556,-0.7422224,85.29990932000001,3.4119963728,fixed
26.11128969991114,12,4.597,-0.01858835,-0.7435339999999999,85.45064495,3.418025798,fixed
26.13501299987547,12,4.597,-0.01860293,-0.7441172,85.51766921000001,3.4207067684000005,fixed
26.157885099877603,12,4.597,-0.01858471,-0.7433884000000001,85.43391187000002,3.4173564748000005,fixed
26.182484399876557,13,4.597,-0.01862843,-0.7451372,85.63489271,3.4253957084000004,fixed
26.20483159995638,13,4.597,-0.0186339,-0.7453559999999999,85.66003830000001,3.426401532,fixed
26.23169899987988,13,4.597,-0.01861568,-0.7446271999999999,85.57628096,3.4230512384,fixed
26.255128699936904,13,4.597,-0.01864301,-0.7457204000000001,85.70191697000001,3.4280766788000006,fixed
26.278174999868497,13,4.597,-0.01860293,-0.7441172,85.51766921000001,3.4207067684000005,fixed
26.300827899947762,13,4.597,-0.01861203,-0.7444812000000001,85.55950191000002,3.4223800764000005,fixed
26.32373599987477,13,4.597,-0.01860293,-0.7441172,85.51766921000001,3.4207067684000005,fixed
26.347171299974434,13,4.597,-0.01856102,-0.7424408000000001,85.32500894000002,3.413000357600001,fixed
26.370234499918297,13,4.597,-0.01858106,-0.7432424000000001,85.41713282,3.4166853128000008,fixed
26.391953399870545,13,4.597,-0.01860657,-0.7442627999999999,85.53440229,3.4213760916,fixed
26.41706849995535,13,4.597,-0.01860293,-0.7441172,85.51766921000001,3.4207067684000005,fixed
26.43895719991997,13,4.597,-0.01859017,-0.7436068,85.45901149,3.4183604596000006,fixed
26.46537329989951,13,4.597,-0.0186175,-0.7447,85.5846475,3.4233859000000004,fixed
26.48795109987259,13,4.597,-0.01859564,-0.7438256,85.48415708000002,3.4193662832,fixed
26.51361739996355,13,4.597,-0.01863208,-0.7452831999999999,85.65167176,3.4260668704,fixed
26.53725279995706,13,4.597,-0.01860293,-0.7441172,85.51766921000001,3.4207067684000005,fixed
26.56018219992984,13,4.597,-0.0186175,-0.7447,85.5846475,3.4233859000000004,fixed
26.583249699906446,13,4.597,-0.01862479,-0.7449915999999999,85.61815963,3.4247263851999996,fixed
26.60717259987723,13,4.597,-0.01858471,-0.7433884000000001,85.43391187000002,3.4173564748000005,fixed
26.629805699922144,13,4.597,-0.01857924,-0.7431696,85.40876628000001,3.4163506512,fixed
26.653336599934846,13,4.597,-0.018592,-0.7436800000000001,85.46742400000001,3.418696960000001,fixed
26.676066299900413,13,4.597,-0.01856467,-0.7425868,85.34178799,3.4136715196000003,fixed
26.69890039996244,13,4.597,-0.01856467,-0.7425868,85.34178799,3.4136715196000003,fixed
26.721765699912794,13,4.597,-0.01860657,-0.7442627999999999,85.53440229,3.4213760916,fixed
26.746309499954805,13,4.597,-0.01861203,-0.7444812000000001,85.55950191000002,3.4223800764000005,fixed
26.769047399866395,13,4.597,-0.01860293,-0.7441172,85.51766921000001,3.4207067684000005,fixed
26.79302039986942,13,4.597,-0.0186339,-0.7453559999999999,85.66003830000001,3.426401532,fixed
26.81636809988413,13,4.597,-0.01860293,-0.7441172,85.51766921000001,3.4207067684000005,fixed
26.840300199924968,13,4.597,-0.01858653,-0.7434612,85.44227841000001,3.4176911364000007,fixed
26.86281749990303,13,4.597,-0.01860657,-0.7442627999999999,85.53440229,3.4213760916,fixed
26.886495799873956,13,4.597,-0.01857924,-0.7431696,85.40876628000001,3.4163506512,fixed
26.91020129993558,13,4.597,-0.01858653,-0.7434612,85.44227841000001,3.4176911364000007,fixed
26.933926499914378,13,4.597,-0.01860475,-0.74419,85.52603575,3.4210414300000003,fixed
26.95708229986485,13,4.597,-0.01856649,-0.7426596000000001,85.35015453000001,3.414006181200001,fixed
26.98108349996619,13,4.597,-0.01859017,-0.7436068,85.45901149,3.4183604596000006,fixed
27.00390879996121,13,4.597,-0.0186175,-0.7447,85.5846475,3.4233859000000004,fixed
27.026649099891074,13,4.597,-0.0186011,-0.7440439999999999,85.50925670000001,3.420370268,fixed
27.04986069991719,13,4.597,-0.01862661,-0.7450644,85.62652616999999,3.4250610468000002,fixed
27.07349329988938,13,4.597,-0.01864847,-0.7459388,85.72701659,3.4290806636,fixed
27.097364699933678,13,4.597,-0.01861021,-0.7444084,85.55113537,3.4220454148000004,fixed
27.12012579990551,13,4.597,-0.01861932,-0.7447728000000001,85.59301404000001,3.423720561600001,fixed
27.14293489989359,13,4.597,-0.01863207,-0.7452827999999999,85.65162579000001,3.4260650316,fixed
27.16709899995476,13,4.597,-0.01859382,-0.7437528,85.47579054000002,3.4190316216000003,fixed
27.190208499901928,13,4.597,-0.01859746,-0.7438984,85.49252362000001,3.4197009448,fixed
27.214318299898878,13,4.597,-0.01862114,-0.7448456,85.60138058000001,3.4240552232000003,fixed
27.23682419990655,13,4.597,-0.01859746,-0.7438984,85.49252362000001,3.4197009448,fixed
27.26076979993377,13,4.597,-0.0186175,-0.7447,85.5846475,3.4233859000000004,fixed
27.283814699971117,13,4.597,-0.01863754,-0.7455016000000001,85.67677138000002,3.4270708552000007,fixed
27.307807099889033,13,4.597,-0.01860475,-0.74419,85.52603575,3.4210414300000003,fixed
27.331105499877594,13,4.597,-0.01862297,-0.7449188,85.60979309,3.4243917236000003,fixed
27.35432929988019,13,4.597,-0.01862843,-0.7451372,85.63489271,3.4253957084000004,fixed
27.376853399910033,13,4.597,-0.01858653,-0.7434612,85.44227841000001,3.4176911364000007,fixed
27.40098939987365,13,4.597,-0.01860475,-0.74419,85.52603575,3.4210414300000003,fixed
27.42406269989442,13,4.597,-0.01861932,-0.7447728000000001,85.59301404000001,3.423720561600001,fixed
27.4490220999578,13,4.597,-0.01859928,-0.7439712,85.50089016000001,3.4200356064000004,fixed
27.4720199998701,13,4.597,-0.01864119,-0.7456476,85.69355043,3.4277420172,fixed
27.495143899926916,13,4.597,-0.01861932,-0.7447728000000001,85.59301404000001,3.423720561600001,fixed
27.51791729987599,13,4.597,-0.01857924,-0.7431696,85.40876628000001,3.4163506512,fixed
27.542012099875137,13,4.597,-0.01859746,-0.7438984,85.49252362000001,3.4197009448,fixed
27.564961799886078,13,4.597,-0.01858835,-0.7435339999999999,85.45064495,3.418025798,fixed
27.58857109991368,13,4.597,-0.01856649,-0.7426596000000001,85.35015453000001,3.414006181200001,fixed
27.611792899901047,13,4.597,-0.01861568,-0.7446271999999999,85.57628096,3.4230512384,fixed
27.635654699872248,13,4.597,-0.01860839,-0.7443356,85.54276883,3.4217107532,fixed
27.659046599874273,13,4.597,-0.01859382,-0.7437528,85.47579054000002,3.4190316216000003,fixed
27.68192169989925,13,4.597,-0.01863025,-0.74521,85.64325925,3.4257303700000006,fixed
27.704804799868725,13,4.597,-0.01861568,-0.7446271999999999,85.57628096,3.4230512384,fixed
27.728861299925484,13,4.597,-0.01858653,-0.7434612,85.44227841000001,3.4176911364000007,fixed
27.751836599898525,13,4.597,-0.0186175,-0.7447,85.5846475,3.4233859000000004,fixed
27.77541099989321,13,4.597,-0.01861386,-0.7445544,85.56791442000001,3.4227165768,fixed
27.797764099901542,13,4.597,-0.01858289,-0.7433156000000001,85.42554533000002,3.4170218132000008,fixed
27.821613399893977,13,4.597,-0.01860293,-0.7441172,85.51766921000001,3.4207067684000005,fixed
27.845129299908876,13,4.597,-0.01858471,-0.7433884000000001,85.43391187000002,3.4173564748000005,fixed
27.869942599907517,13,4.597,-0.01856285,-0.7425139999999999,85.33342145,3.4133368579999996,fixed
27.89302759990096,13,4.597,-0.01861386,-0.7445544,85.56791442000001,3.4227165768,fixed
27.91726579994429,13,4.597,-0.01859746,-0.7438984,85.49252362000001,3.4197009448,fixed
27.940001899958588,13,4.597,-0.01861203,-0.7444812000000001,85.55950191000002,3.4223800764000005,fixed
27.96520219987724,13,4.597,-0.01863025,-0.74521,85.64325925,3.4257303700000006,fixed
27.987749199965037,13,4.597,-0.01858289,-0.7433156000000001,85.42554533000002,3.4170218132000008,fixed
28.011148699908517,13,4.597,-0.01860293,-0.7441172,85.51766921000001,3.4207067684000005,fixed
28.033833299879916,13,4.597,-0.01860475,-0.74419,85.52603575,3.4210414300000003,fixed
28.05772839987185,13,4.597,-0.01856831,-0.7427324,85.35852107000001,3.4143408428,fixed
28.080959799932316,13,4.597,-0.01859017,-0.7436068,85.45901149,3.4183604596000006,fixed
28.10464709997177,13,4.597,-0.01861021,-0.7444084,85.55113537,3.4220454148000004,fixed
28.12830669991672,13,4.597,-0.01857924,-0.7431696,85.40876628000001,3.4163506512,fixed
28.150484099867754,13,4.597,-0.01862661,-0.7450644,85.62652616999999,3.4250610468000002,fixed
28.173748999950476,13,4.597,-0.01863936,-0.7455744,85.68513792000002,3.4274055168000004,fixed
28.197703899932094,14,4.597,-0.01860657,-0.7442627999999999,85.53440229,3.4213760916,fixed
28.22082439996302,14,4.597,-0.0186339,-0.7453559999999999,85.66003830000001,3.426401532,fixed
28.244506199960597,14,4.597,-0.01863936,-0.7455744,85.68513792000002,3.4274055168000004,fixed
28.26777949987445,14,4.597,-0.01860657,-0.7442627999999999,85.53440229,3.4213760916,fixed
28.291016799863428,14,4.597,-0.01863025,-0.74521,85.64325925,3.4257303700000006,fixed
28.314163199975155,14,4.597,-0.01863026,-0.7452103999999999,85.64330522,3.4257322088,fixed
28.338303399970755,14,4.597,-0.01858835,-0.7435339999999999,85.45064495,3.418025798,fixed
28.36100909986999,14,4.597,-0.01861386,-0.7445544,85.56791442000001,3.4227165768,fixed
28.386106699937955,14,4.597,-0.01861933,-0.7447732,85.59306001000002,3.4237224004000004,fixed
28.408431499963626,14,4.597,-0.01860111,-0.7440444,85.50930267000001,3.4203721068000004,fixed
28.4330767999636,14,4.597,-0.01863207,-0.7452827999999999,85.65162579000001,3.4260650316,fixed
28.45580659992993,14,4.597,-0.01861568,-0.7446271999999999,85.57628096,3.4230512384,fixed
28.48002049990464,14,4.597,-0.0186175,-0.7447,85.5846475,3.4233859000000004,fixed
28.50308969989419,14,4.597,-0.01865394,-0.7461576000000001,85.75216218000001,3.4300864872000005,fixed
28.528158099972643,14,4.597,-0.01862114,-0.7448456,85.60138058000001,3.4240552232000003,fixed
28.55100659991149,14,4.597,-0.01864119,-0.7456476,85.69355043,3.4277420172,fixed
28.57455029990524,14,4.597,-0.01863937,-0.7455748,85.68518389,3.4274073556,fixed
28.598003799910657,14,4.597,-0.0186011,-0.7440439999999999,85.50925670000001,3.420370268,fixed
28.62153959996067,14,4.597,-0.01862114,-0.7448456,85.60138058000001,3.4240552232000003,fixed
28.645049499929883,14,4.597,-0.01860839,-0.7443356,85.54276883,3.4217107532,fixed
28.667967399931513,14,4.597,-0.018592,-0.7436800000000001,85.46742400000001,3.418696960000001,fixed
28.690767399966717,14,4.597,-0.0186339,-0.7453559999999999,85.66003830000001,3.426401532,fixed
28.713909199927002,14,4.597,-0.01865212,-0.7460848,85.74379564,3.4297518256000004,fixed
28.736778399907053,14,4.597,-0.0186175,-0.7447,85.5846475,3.4233859000000004,fixed
28.760562699870206,14,4.597,-0.01860839,-0.7443356,85.54276883,3.4217107532,fixed
28.783834599889815,14,4.597,-0.0186175,-0.7447,85.5846475,3.4233859000000004,fixed
28.807619499973953,14,4.597,-0.01857378,-0.7429512000000001,85.38366666,3.415346666400001,fixed
28.83117079990916,14,4.597,-0.01860293,-0.7441172,85.51766921000001,3.4207067684000005,fixed
28.854839599924162,14,4.597,-0.01861021,-0.7444084,85.55113537,3.4220454148000004,fixed
28.878027999890037,14,4.597,-0.01857924,-0.7431696,85.40876628000001,3.4163506512,fixed
28.901339599862695,14,4.597,-0.01861386,-0.7445544,85.56791442000001,3.4227165768,fixed
28.924063499900512,14,4.597,-0.01862479,-0.7449915999999999,85.61815963,3.4247263851999996,fixed
28.949773099971935,14,4.597,-0.01860293,-0.7441172,85.51766921000001,3.4207067684000005,fixed
28.97276209993288,14,4.597,-0.01864301,-0.7457204000000001,85.70191697000001,3.4280766788000006,fixed
28.99689469987061,14,4.597,-0.01861386,-0.7445544,85.56791442000001,3.4227165768,fixed
29.02010079997126,14,4.597,-0.01862297,-0.7449188,85.60979309,3.4243917236000003,fixed
29.044932499877177,14,4.597,-0.01864847,-0.7459388,85.72701659,3.4290806636,fixed
29.068122099968605,14,4.597,-0.01860293,-0.7441172,85.51766921000001,3.4207067684000005,fixed
29.091798199922778,14,4.597,-0.01862297,-0.7449188,85.60979309,3.4243917236000003,fixed
29.11478109995369,14,4.597,-0.01861203,-0.7444812000000001,85.55950191000002,3.4223800764000005,fixed
29.138704599929042,14,4.597,-0.0185756,-0.743024,85.39203320000001,3.4156813280000002,fixed
29.161643699975684,14,4.597,-0.0186175,-0.7447,85.5846475,3.4233859000000004,fixed
29.185604699887335,14,4.597,-0.01861203,-0.7444812000000001,85.55950191000002,3.4223800764000005,fixed
29.208878599922173,14,4.597,-0.01860839,-0.7443356,85.54276883,3.4217107532,fixed
29.232937599881552,14,4.597,-0.01863754,-0.7455016000000001,85.67677138000002,3.4270708552000007,fixed
29.256109199952334,14,4.597,-0.01861386,-0.7445544,85.56791442000001,3.4227165768,fixed
29.279554099892266,14,4.597,-0.01861021,-0.7444084,85.55113537,3.4220454148000004,fixed
29.30308039986994,14,4.597,-0.01863754,-0.7455016000000001,85.67677138000002,3.4270708552000007,fixed
29.325702299945988,14,4.597,-0.01860839,-0.7443356,85.54276883,3.4217107532,fixed
29.348805199959315,14,4.597,-0.01859382,-0.7437528,85.47579054000002,3.4190316216000003,fixed
29.371729599894024,14,4.597,-0.01862297,-0.7449188,85.60979309,3.4243917236000003,fixed
29.395130799966864,14,4.597,-0.01860839,-0.7443356,85.54276883,3.4217107532,fixed
29.41858069994487,14,4.597,-0.01858835,-0.7435339999999999,85.45064495,3.418025798,fixed
29.442029199912213,14,4.597,-0.01863025,-0.74521,85.64325925,3.4257303700000006,fixed
29.465909899910912,14,4.597,-0.01862843,-0.7451372,85.63489271,3.4253957084000004,fixed
29.489010299905203,14,4.597,-0.01862843,-0.7451372,85.63489271,3.4253957084000004,fixed
29.51268639997579,14,4.597,-0.01865394,-0.7461576000000001,85.75216218000001,3.4300864872000005,fixed
29.53575609996915,14,4.597,-0.01862114,-0.7448456,85.60138058000001,3.4240552232000003,fixed
29.558596499962732,14,4.597,-0.0186011,-0.7440439999999999,85.50925670000001,3.420370268,fixed
29.581817099940963,14,4.597,-0.01861021,-0.7444084,85.55113537,3.4220454148000004,fixed
29.60517389990855,14,4.597,-0.01859564,-0.7438256,85.48415708000002,3.4193662832,fixed
29.628101599868387,14,4.597,-0.01856285,-0.7425139999999999,85.33342145,3.4133368579999996,fixed
29.651909499894828,14,4.597,-0.01860475,-0.74419,85.52603575,3.4210414300000003,fixed
29.675078099942766,14,4.597,-0.01862114,-0.7448456,85.60138058000001,3.4240552232000003,fixed
29.69824089994654,14,4.597,-0.01861386,-0.7445544,85.56791442000001,3.4227165768,fixed
29.721010699868202,14,4.597,-0.01865394,-0.7461576000000001,85.75216218000001,3.4300864872000005,fixed
29.746554799959995,14,4.597,-0.01866305,-0.7465220000000001,85.79404085000002,3.431761634000001,fixed
29.770144899957813,14,4.597,-0.0186339,-0.7453559999999999,85.66003830000001,3.426401532,fixed
29.793545199907385,14,4.597,-0.01863936,-0.7455744,85.68513792000002,3.4274055168000004,fixed
29.817098299972713,14,4.597,-0.01858653,-0.7434612,85.44227841000001,3.4176911364000007,fixed
29.83957439986989,14,4.597,-0.01859746,-0.7438984,85.49252362000001,3.4197009448,fixed
29.863013099879026,14,4.597,-0.0186175,-0.7447,85.5846475,3.4233859000000004,fixed
29.887048499891534,14,4.597,-0.01859564,-0.7438256,85.48415708000002,3.4193662832,fixed
29.91013149986975,14,4.597,-0.01861568,-0.7446271999999999,85.57628096,3.4230512384,fixed
29.93371509993449,14,4.597,-0.01865576,-0.7462304000000001,85.76052872000001,3.4304211488000007,fixed
29.957131999894045,14,4.597,-0.01861568,-0.7446271999999999,85.57628096,3.4230512384,fixed
29.98072609992232,14,4.597,-0.01863208,-0.7452831999999999,85.65167176,3.4260668704,fixed
30.004091099952348,14,4.597,-0.01863936,-0.7455744,85.68513792000002,3.4274055168000004,fixed
30.02767519990448,14,4.597,-0.01859382,-0.7437528,85.47579054000002,3.4190316216000003,fixed
30.051160499919206,14,4.597,-0.01860293,-0.7441172,85.51766921000001,3.4207067684000005,fixed
30.074129899963737,14,4.597,-0.01860293,-0.7441172,85.51766921000001,3.4207067684000005,fixed
30.096876799943857,14,4.597,-0.01856467,-0.7425868,85.34178799,3.4136715196000003,fixed
30.12099819991272,14,4.597,-0.01858471,-0.7433884000000001,85.43391187000002,3.4173564748000005,fixed
30.14400309987832,14,4.597,-0.01861386,-0.7445544,85.56791442000001,3.4227165768,fixed
30.168207799899392,14,4.597,-0.01859928,-0.7439712,85.50089016000001,3.4200356064000004,fixed
30.190776099916548,14,4.597,-0.01865029,-0.7460115999999999,85.73538313,3.4294153252,fixed
30.213590299943462,15,4.597,-0.01865394,-0.7461576000000001,85.75216218000001,3.4300864872000005,fixed
30.23598559992388,15,4.597,-0.0186339,-0.7453559999999999,85.66003830000001,3.426401532,fixed
30.260481799952686,15,4.597,-0.01862661,-0.7450644,85.62652616999999,3.4250610468000002,fixed
30.282778399880044,15,4.597,-0.01865212,-0.7460848,85.74379564,3.4297518256000004,fixed
30.307203899952583,15,4.597,-0.01860657,-0.7442627999999999,85.53440229,3.4213760916,fixed
30.330237799906172,15,4.597,-0.0186011,-0.7440439999999999,85.50925670000001,3.420370268,fixed
30.352994499960914,15,4.597,-0.01862114,-0.7448456,85.60138058000001,3.4240552232000003,fixed
30.375384399900213,15,4.597,-0.01860475,-0.74419,85.52603575,3.4210414300000003,fixed
30.399456799961627,15,4.597,-0.01860293,-0.7441172,85.51766921000001,3.4207067684000005,fixed
30.420969699858688,15,4.597,-0.01865029,-0.7460115999999999,85.73538313,3.4294153252,fixed
30.446155999903567,15,4.597,-0.01865029,-0.7460115999999999,85.73538313,3.4294153252,fixed
30.468284499947913,15,4.597,-0.01861568,-0.7446271999999999,85.57628096,3.4230512384,fixed
30.493938499945216,15,4.597,-0.01863207,-0.7452827999999999,85.65162579000001,3.4260650316,fixed
30.517433499917388,15,4.597,-0.01860293,-0.7441172,85.51766921000001,3.4207067684000005,fixed
30.539850699948147,15,4.597,-0.01861021,-0.7444084,85.55113537,3.4220454148000004,fixed
30.562741199857555,15,4.597,-0.01863025,-0.74521,85.64325925,3.4257303700000006,fixed
30.587860699859448,15,4.597,-0.01859746,-0.7438984,85.49252362000001,3.4197009448,fixed
30.610669099958614,15,4.597,-0.01861568,-0.7446271999999999,85.57628096,3.4230512384,fixed
30.635648599942215,15,4.597,-0.01862843,-0.7451372,85.63489271,3.4253957084000004,fixed
30.65895509987604,15,4.597,-0.018592,-0.7436800000000001,85.46742400000001,3.418696960000001,fixed
30.68149679992348,15,4.597,-0.01862661,-0.7450644,85.62652616999999,3.4250610468000002,fixed
30.70508159988094,15,4.597,-0.0186175,-0.7447,85.5846475,3.4233859000000004,fixed
30.730204099905677,15,4.597,-0.01859017,-0.7436068,85.45901149,3.4183604596000006,fixed
30.75347419991158,15,4.597,-0.01863207,-0.7452827999999999,85.65162579000001,3.4260650316,fixed
30.779801299911924,15,4.597,-0.018592,-0.7436800000000001,85.46742400000001,3.418696960000001,fixed
30.80273929995019,15,4.597,-0.01863025,-0.74521,85.64325925,3.4257303700000006,fixed
30.826375899952836,15,4.597,-0.01862114,-0.7448456,85.60138058000001,3.4240552232000003,fixed
30.849025299889036,15,4.597,-0.01862661,-0.7450644,85.62652616999999,3.4250610468000002,fixed
30.874080499866977,15,4.597,-0.01866487,-0.7465948,85.80240739,3.4320962956000005,fixed
30.89680819993373,15,4.597,-0.01861568,-0.7446271999999999,85.57628096,3.4230512384,fixed
30.92037209996488,15,4.597,-0.0186175,-0.7447,85.5846475,3.4233859000000004,fixed
30.943061799858697,15,4.597,-0.01863754,-0.7455016000000001,85.67677138000002,3.4270708552000007,fixed
30.966805999865755,15,4.597,-0.01861203,-0.7444812000000001,85.55950191000002,3.4223800764000005,fixed
30.989823199925013,15,4.597,-0.01861568,-0.7446271999999999,85.57628096,3.4230512384,fixed
31.014636499923654,15,4.597,-0.0186339,-0.7453559999999999,85.66003830000001,3.426401532,fixed
31.03801559994463,15,4.597,-0.01860475,-0.74419,85.52603575,3.4210414300000003,fixed
31.062804599874653,15,4.597,-0.01863936,-0.7455744,85.68513792000002,3.4274055168000004,fixed
31.086132299969904,15,4.597,-0.0186339,-0.7453559999999999,85.66003830000001,3.426401532,fixed
31.109331999905407,15,4.597,-0.01863572,-0.7454288000000001,85.66840484000002,3.426736193600001,fixed
31.131719199940562,15,4.597,-0.0186594,-0.7463759999999999,85.7772618,3.431090472,fixed
31.157354999915697,15,4.597,-0.01864665,-0.745866,85.71865005000001,3.4287460020000005,fixed
31.180211399914697,15,4.597,-0.0186175,-0.7447,85.5846475,3.4233859000000004,fixed
31.202910799882375,15,4.597,-0.01863207,-0.7452827999999999,85.65162579000001,3.4260650316,fixed
31.226082099950872,15,4.597,-0.0186175,-0.7447,85.5846475,3.4233859000000004,fixed
31.24921329994686,15,4.597,-0.01863025,-0.74521,85.64325925,3.4257303700000006,fixed
31.27181829989422,15,4.597,-0.0186758,-0.7470319999999999,85.85265260000001,3.434106104,fixed
31.296047799871303,15,4.597,-0.01866851,-0.7467403999999999,85.81914047,3.4327656187999995,fixed
31.319198199897073,15,4.597,-0.01863207,-0.7452827999999999,85.65162579000001,3.4260650316,fixed
31.344422499882057,15,4.597,-0.01864847,-0.7459388,85.72701659,3.4290806636,fixed
31.367122199968435,15,4.597,-0.01861568,-0.7446271999999999,85.57628096,3.4230512384,fixed
31.391155699966475,15,4.597,-0.0186339,-0.7453559999999999,85.66003830000001,3.426401532,fixed
31.41518459992949,15,4.597,-0.01866487,-0.7465948,85.80240739,3.4320962956000005,fixed
31.439540999941528,15,4.597,-0.01862479,-0.7449915999999999,85.61815963,3.4247263851999996,fixed
31.462801199872047,15,4.597,-0.01863208,-0.7452831999999999,85.65167176,3.4260668704,fixed
31.48598559992388,15,4.597,-0.01863207,-0.7452827999999999,85.65162579000001,3.4260650316,fixed
31.50911159988027,15,4.597,-0.01861386,-0.7445544,85.56791442000001,3.4227165768,fixed
31.532295999932103,15,4.597,-0.01863025,-0.74521,85.64325925,3.4257303700000006,fixed
31.554852899862453,15,4.597,-0.0186175,-0.7447,85.5846475,3.4233859000000004,fixed
31.579770699958317,15,4.597,-0.01859382,-0.7437528,85.47579054000002,3.4190316216000003,fixed
31.60274549992755,15,4.597,-0.01864301,-0.7457204000000001,85.70191697000001,3.4280766788000006,fixed
31.6270200998988,15,4.597,-0.0186339,-0.7453559999999999,85.66003830000001,3.426401532,fixed
31.650095799937844,15,4.597,-0.01864847,-0.7459388,85.72701659,3.4290806636,fixed
31.67395439988468,15,4.597,-0.01867033,-0.7468132,85.82750701,3.4331002804,fixed
31.69564659986645,15,4.597,-0.01863572,-0.7454288000000001,85.66840484000002,3.426736193600001,fixed
31.720253699924797,15,4.597,-0.01863025,-0.74521,85.64325925,3.4257303700000006,fixed
31.74197719991207,15,4.597,-0.01865758,-0.7463031999999999,85.76889526000001,3.4307558104,fixed
31.767058299970813,15,4.597,-0.01864847,-0.7459388,85.72701659,3.4290806636,fixed
31.78910599986557,15,4.597,-0.01862479,-0.7449915999999999,85.61815963,3.4247263851999996,fixed
31.814152899896726,15,4.597,-0.01864119,-0.7456476,85.69355043,3.4277420172,fixed
31.83596689987462,15,4.597,-0.0186011,-0.7440439999999999,85.50925670000001,3.420370268,fixed
31.861377099878155,15,4.597,-0.01861932,-0.7447728000000001,85.59301404000001,3.423720561600001,fixed
31.88283969985787,15,4.597,-0.01865576,-0.7462304000000001,85.76052872000001,3.4304211488000007,fixed
31.907820599968545,15,4.597,-0.01863936,-0.7455744,85.68513792000002,3.4274055168000004,fixed
31.929594299872406,15,4.597,-0.01865576,-0.7462304000000001,85.76052872000001,3.4304211488000007,fixed
31.951508199912496,15,4.597,-0.01866851,-0.7467403999999999,85.81914047,3.4327656187999995,fixed
31.972533399937674,15,4.597,-0.01866487,-0.7465948,85.80240739,3.4320962956000005,fixed
31.994707999867387,15,4.597,-0.01862843,-0.7451372,85.63489271,3.4253957084000004,fixed
32.018358099856414,15,4.597,-0.01860475,-0.74419,85.52603575,3.4210414300000003,fixed
32.03964059986174,15,4.597,-0.01862843,-0.7451372,85.63489271,3.4253957084000004,fixed
32.06594799994491,15,4.597,-0.01863936,-0.7455744,85.68513792000002,3.4274055168000004,fixed
32.087582399952225,15,4.597,-0.01859564,-0.7438256,85.48415708000002,3.4193662832,fixed
32.11209829989821,15,4.597,-0.01861568,-0.7446271999999999,85.57628096,3.4230512384,fixed
32.133538999943994,15,4.597,-0.01862661,-0.7450644,85.62652616999999,3.4250610468000002,fixed
32.15937969996594,15,4.597,-0.0186011,-0.7440439999999999,85.50925670000001,3.420370268,fixed
32.18055949988775,15,4.597,-0.01865029,-0.7460115999999999,85.73538313,3.4294153252,fixed
32.20547589985654,15,4.597,-0.01862114,-0.7448456,85.60138058000001,3.4240552232000003,fixed
32.22799189994112,16,4.597,-0.01858653,-0.7434612,85.44227841000001,3.4176911364000007,fixed
32.25230559997726,16,4.597,-0.0186339,-0.7453559999999999,85.66003830000001,3.426401532,fixed
32.273988199885935,16,4.597,-0.0186339,-0.7453559999999999,85.66003830000001,3.426401532,fixed
32.30020809988491,16,4.597,-0.01860475,-0.74419,85.52603575,3.4210414300000003,fixed
32.32303879992105,16,4.597,-0.01860839,-0.7443356,85.54276883,3.4217107532,fixed
32.347057099919766,16,4.597,-0.01859564,-0.7438256,85.48415708000002,3.4193662832,fixed
32.36998269998003,16,4.597,-0.01858835,-0.7435339999999999,85.45064495,3.418025798,fixed
32.39444049994927,16,4.597,-0.0186011,-0.7440439999999999,85.50925670000001,3.420370268,fixed
32.41698389989324,16,4.597,-0.01858653,-0.7434612,85.44227841000001,3.4176911364000007,fixed
32.44116089993622,16,4.597,-0.01860475,-0.74419,85.52603575,3.4210414300000003,fixed
32.46333089994732,16,4.597,-0.0186339,-0.7453559999999999,85.66003830000001,3.426401532,fixed
32.485584599897265,16,4.597,-0.0186339,-0.7453559999999999,85.66003830000001,3.426401532,fixed
32.50801139988471,16,4.597,-0.01864301,-0.7457204000000001,85.70191697000001,3.4280766788000006,fixed
32.532399399904534,16,4.597,-0.01866851,-0.7467403999999999,85.81914047,3.4327656187999995,fixed
32.55433779989835,16,4.597,-0.01867762,-0.7471047999999999,85.86101914000001,3.4344407656,fixed
32.580821799929254,16,4.597,-0.01864665,-0.745866,85.71865005000001,3.4287460020000005,fixed
32.60296519997064,16,4.597,-0.01867033,-0.7468132,85.82750701,3.4331002804,fixed
32.628739499952644,16,4.597,-0.01864119,-0.7456476,85.69355043,3.4277420172,fixed
32.65188799996395,16,4.597,-0.01864847,-0.7459388,85.72701659,3.4290806636,fixed
32.675723399966955,16,4.597,-0.01863754,-0.7455016000000001,85.67677138000002,3.4270708552000007,fixed
32.69897209992632,16,4.597,-0.01859017,-0.7436068,85.45901149,3.4183604596000006,fixed
32.722813299973495,16,4.597,-0.01861568,-0.7446271999999999,85.57628096,3.4230512384,fixed
32.74578189989552,16,4.597,-0.01858653,-0.7434612,85.44227841000001,3.4176911364000007,fixed
32.77007749991026,16,4.597,-0.01857378,-0.7429512000000001,85.38366666,3.415346666400001,fixed
32.79338929988444,16,4.597,-0.01862114,-0.7448456,85.60138058000001,3.4240552232000003,fixed
32.81501339992974,16,4.597,-0.01860657,-0.7442627999999999,85.53440229,3.4213760916,fixed
32.837022099876776,16,4.597,-0.0185756,-0.743024,85.39203320000001,3.4156813280000002,fixed
32.8622628999874,16,4.597,-0.01860293,-0.7441172,85.51766921000001,3.4207067684000005,fixed
32.883534999913536,16,4.597,-0.01864119,-0.7456476,85.69355043,3.4277420172,fixed
32.907704899902456,16,4.597,-0.01860475,-0.74419,85.52603575,3.4210414300000003,fixed
32.929616699926555,16,4.597,-0.01863754,-0.7455016000000001,85.67677138000002,3.4270708552000007,fixed
32.95505849993788,16,4.597,-0.01862661,-0.7450644,85.62652616999999,3.4250610468000002,fixed
32.97658449993469,16,4.597,-0.01858471,-0.7433884000000001,85.43391187000002,3.4173564748000005,fixed
33.00163609988522,16,4.597,-0.01859928,-0.7439712,85.50089016000001,3.4200356064000004,fixed
33.023705199942924,16,4.597,-0.01862114,-0.7448456,85.60138058000001,3.4240552232000003,fixed
33.04836199991405,16,4.597,-0.01857924,-0.7431696,85.40876628000001,3.4163506512,fixed
33.07021899998654,16,4.597,-0.01860293,-0.7441172,85.51766921000001,3.4207067684000005,fixed
33.096185999922454,16,4.597,-0.01863207,-0.7452827999999999,85.65162579000001,3.4260650316,fixed
33.11952519998886,16,4.597,-0.01859017,-0.7436068,85.45901149,3.4183604596000006,fixed
33.14457849995233,16,4.597,-0.01864301,-0.7457204000000001,85.70191697000001,3.4280766788000006,fixed
33.16841339995153,16,4.597,-0.01862297,-0.7449188,85.60979309,3.4243917236000003,fixed
33.19156949990429,16,4.597,-0.01864665,-0.745866,85.71865005000001,3.4287460020000005,fixed
33.21512839989737,16,4.597,-0.01865394,-0.7461576000000001,85.75216218000001,3.4300864872000005,fixed
33.23701769998297,16,4.597,-0.01861203,-0.7444812000000001,85.55950191000002,3.4223800764000005,fixed
33.25892519997433,16,4.597,-0.0186175,-0.7447,85.5846475,3.4233859000000004,fixed
33.28295469994191,16,4.597,-0.01863025,-0.74521,85.64325925,3.4257303700000006,fixed
33.30477049993351,16,4.597,-0.01862661,-0.7450644,85.62652616999999,3.4250610468000002,fixed
33.32962689991109,16,4.597,-0.01860293,-0.7441172,85.51766921000001,3.4207067684000005,fixed
33.35151989990845,16,4.597,-0.01864483,-0.7457932,85.71028351000001,3.4284113404000007,fixed
33.374881799914874,16,4.597,-0.01864119,-0.7456476,85.69355043,3.4277420172,fixed
33.39669729990419,16,4.597,-0.01862114,-0.7448456,85.60138058000001,3.4240552232000003,fixed
33.42245769989677,16,4.597,-0.01862661,-0.7450644,85.62652616999999,3.4250610468000002,fixed
33.444031399907544,16,4.597,-0.0186339,-0.7453559999999999,85.66003830000001,3.426401532,fixed
33.46983089996502,16,4.597,-0.01859928,-0.7439712,85.50089016000001,3.4200356064000004,fixed
33.49305249995086,16,4.597,-0.01862661,-0.7450644,85.62652616999999,3.4250610468000002,fixed
33.51687069993932,16,4.597,-0.01861021,-0.7444084,85.55113537,3.4220454148000004,fixed
33.539785599918105,16,4.597,-0.0186011,-0.7440439999999999,85.50925670000001,3.420370268,fixed
33.5643014999805,16,4.597,-0.01862297,-0.7449188,85.60979309,3.4243917236000003,fixed
33.58679899992421,16,4.597,-0.01859746,-0.7438984,85.49252362000001,3.4197009448,fixed
33.61047169996891,16,4.597,-0.01859564,-0.7438256,85.48415708000002,3.4193662832,fixed
33.63198529998772,16,4.597,-0.01863025,-0.74521,85.64325925,3.4257303700000006,fixed
33.658655599923804,16,4.597,-0.01863025,-0.74521,85.64325925,3.4257303700000006,fixed
33.680984499980696,16,4.597,-0.01864483,-0.7457932,85.71028351000001,3.4284113404000007,fixed
33.70602999988478,16,4.597,-0.01866123,-0.7464492,85.78567431000002,3.4314269724000006,fixed
33.72821249999106,16,4.597,-0.01864665,-0.745866,85.71865005000001,3.4287460020000005,fixed
33.753899599891156,16,4.597,-0.01865394,-0.7461576000000001,85.75216218000001,3.4300864872000005,fixed
33.776407399913296,16,4.597,-0.01861932,-0.7447728000000001,85.59301404000001,3.423720561600001,fixed
33.80008899990935,16,4.597,-0.0186011,-0.7440439999999999,85.50925670000001,3.420370268,fixed
33.82241509994492,16,4.597,-0.01862114,-0.7448456,85.60138058000001,3.4240552232000003,fixed
33.84587099996861,16,4.597,-0.01860839,-0.7443356,85.54276883,3.4217107532,fixed
33.86887309991289,16,4.597,-0.01856467,-0.7425868,85.34178799,3.4136715196000003,fixed
33.893833599984646,16,4.597,-0.0186011,-0.7440439999999999,85.50925670000001,3.420370268,fixed
33.916518299956806,16,4.597,-0.01858106,-0.7432424000000001,85.41713282,3.4166853128000008,fixed
33.94067089993041,16,4.597,-0.01860293,-0.7441172,85.51766921000001,3.4207067684000005,fixed
33.96391539997421,16,4.597,-0.01865212,-0.7460848,85.74379564,3.4297518256000004,fixed
33.986849099979736,16,4.597,-0.01862479,-0.7449915999999999,85.61815963,3.4247263851999996,fixed
34.00989049999043,16,4.597,-0.01862661,-0.7450644,85.62652616999999,3.4250610468000002,fixed
34.033415199955925,16,4.597,-0.01864483,-0.7457932,85.71028351000001,3.4284113404000007,fixed
34.05681769992225,16,4.597,-0.01861203,-0.7444812000000001,85.55950191000002,3.4223800764000005,fixed
34.081130699953064,16,4.597,-0.01860475,-0.74419,85.52603575,3.4210414300000003,fixed
34.10401949996594,16,4.597,-0.01862843,-0.7451372,85.63489271,3.4253957084000004,fixed
34.12734239990823,16,4.597,-0.01860475,-0.74419,85.52603575,3.4210414300000003,fixed
34.14931319991592,16,4.597,-0.0186175,-0.7447,85.5846475,3.4233859000000004,fixed
34.17206129990518,16,4.597,-0.01865029,-0.7460115999999999,85.73538313,3.4294153252,fixed
34.1941556999227,16,4.597,-0.0186594,-0.7463759999999999,85.7772618,3.431090472,fixed
34.219329299987294,16,4.597,-0.01864119,-0.7456476,85.69355043,3.4277420172,fixed
34.242074099951424,17,4.597,-0.01866305,-0.7465220000000001,85.79404085000002,3.431761634000001,fixed
34.266452899901196,17,4.597,-0.01865394,-0.7461576000000001,85.75216218000001,3.4300864872000005,fixed
34.28872369998135,17,4.597,-0.01863572,-0.7454288000000001,85.66840484000002,3.426736193600001,fixed
34.31374639994465,17,4.597,-0.0186339,-0.7453559999999999,85.66003830000001,3.426401532,fixed
34.33554959995672,17,4.597,-0.01861203,-0.7444812000000001,85.55950191000002,3.4223800764000005,fixed
34.36198089993559,17,4.597,-0.0186011,-0.7440439999999999,85.50925670000001,3.420370268,fixed
34.38421429996379,17,4.597,-0.01863572,-0.7454288000000001,85.66840484000002,3.426736193600001,fixed
34.40736959991045,17,4.597,-0.01860657,-0.7442627999999999,85.53440229,3.4213760916,fixed
34.43079779995605,17,4.597,-0.01860293,-0.7441172,85.51766921000001,3.4207067684000005,fixed
34.45567479997408,17,4.597,-0.0186175,-0.7447,85.5846475,3.4233859000000004,fixed
34.47756309993565,17,4.597,-0.01856831,-0.7427324,85.35852107000001,3.4143408428,fixed
34.49998739990406,17,4.597,-0.01858289,-0.7433156000000001,85.42554533000002,3.4170218132000008,fixed
34.52150679996703,17,4.597,-0.01860293,-0.7441172,85.51766921000001,3.4207067684000005,fixed
34.54671239992604,17,4.597,-0.01861932,-0.7447728000000001,85.59301404000001,3.423720561600001,fixed
34.56848709995393,17,4.597,-0.0186011,-0.7440439999999999,85.50925670000001,3.420370268,fixed
34.593713799957186,17,4.597,-0.01863025,-0.74521,85.64325925,3.4257303700000006,fixed
34.61545809987001,17,4.597,-0.0186175,-0.7447,85.5846475,3.4233859000000004,fixed
34.640404899953865,17,4.597,-0.01861203,-0.7444812000000001,85.55950191000002,3.4223800764000005,fixed
34.66150009992998,17,4.597,-0.01864119,-0.7456476,85.69355043,3.4277420172,fixed
34.687265799962915,17,4.597,-0.01863754,-0.7455016000000001,85.67677138000002,3.4270708552000007,fixed
34.70853649987839,17,4.597,-0.01860839,-0.7443356,85.54276883,3.4217107532,fixed
34.73399419989437,17,4.597,-0.01863025,-0.74521,85.64325925,3.4257303700000006,fixed
34.75548759987578,17,4.597,-0.01861568,-0.7446271999999999,85.57628096,3.4230512384,fixed
34.78004159987904,17,4.597,-0.01861021,-0.7444084,85.55113537,3.4220454148000004,fixed
34.80147749988828,17,4.597,-0.01864301,-0.7457204000000001,85.70191697000001,3.4280766788000006,fixed
34.82692329993006,17,4.597,-0.01863572,-0.7454288000000001,85.66840484000002,3.426736193600001,fixed
34.848465999937616,17,4.597,-0.01859928,-0.7439712,85.50089016000001,3.4200356064000004,fixed
34.873497499967925,17,4.597,-0.01861932,-0.7447728000000001,85.59301404000001,3.423720561600001,fixed
34.89555959997233,17,4.597,-0.01860293,-0.7441172,85.51766921000001,3.4207067684000005,fixed
34.91994149994571,17,4.597,-0.01860293,-0.7441172,85.51766921000001,3.4207067684000005,fixed
34.942015899927355,17,4.597,-0.01863936,-0.7455744,85.68513792000002,3.4274055168000004,fixed
34.967888799961656,17,4.597,-0.01863572,-0.7454288000000001,85.66840484000002,3.426736193600001,fixed
34.98987639998086,17,4.597,-0.01863025,-0.74521,85.64325925,3.4257303700000006,fixed
35.01510979991872,17,4.597,-0.01865394,-0.7461576000000001,85.75216218000001,3.4300864872000005,fixed
35.03746369993314,17,4.597,-0.01861568,-0.7446271999999999,85.57628096,3.4230512384,fixed
35.063031399971806,17,4.597,-0.01864665,-0.745866,85.71865005000001,3.4287460020000005,fixed
35.085603099898435,17,4.597,-0.01864119,-0.7456476,85.69355043,3.4277420172,fixed
35.11008159990888,17,4.597,-0.01861021,-0.7444084,85.55113537,3.4220454148000004,fixed
35.132212699973024,17,4.597,-0.01863936,-0.7455744,85.68513792000002,3.4274055168000004,fixed
35.15585909993388,17,4.597,-0.01863754,-0.7455016000000001,85.67677138000002,3.4270708552000007,fixed
35.17795499996282,17,4.597,-0.01858835,-0.7435339999999999,85.45064495,3.418025798,fixed
35.203650099923834,17,4.597,-0.01861021,-0.7444084,85.55113537,3.4220454148000004,fixed
35.225996199878864,17,4.597,-0.01862297,-0.7449188,85.60979309,3.4243917236000003,fixed
35.25033869990148,17,4.597,-0.01861021,-0.7444084,85.55113537,3.4220454148000004,fixed
35.27303059992846,17,4.597,-0.01865212,-0.7460848,85.74379564,3.4297518256000004,fixed
35.29798799997661,17,4.597,-0.0186594,-0.7463759999999999,85.7772618,3.431090472,fixed
35.32098519988358,17,4.597,-0.01864483,-0.7457932,85.71028351000001,3.4284113404000007,fixed
35.344677999964915,17,4.597,-0.0186594,-0.7463759999999999,85.7772618,3.431090472,fixed
35.367507699877024,17,4.597,-0.01860839,-0.7443356,85.54276883,3.4217107532,fixed
35.39127139991615,17,4.597,-0.01862114,-0.7448456,85.60138058000001,3.4240552232000003,fixed
35.41362319991458,17,4.597,-0.01862661,-0.7450644,85.62652616999999,3.4250610468000002,fixed
35.43865889997687,17,4.597,-0.018592,-0.7436800000000001,85.46742400000001,3.418696960000001,fixed
35.4618548998842,17,4.597,-0.01861386,-0.7445544,85.56791442000001,3.4227165768,fixed
35.48675549996551,17,4.597,-0.01862661,-0.7450644,85.62652616999999,3.4250610468000002,fixed
35.51040849997662,17,4.597,-0.01862479,-0.7449915999999999,85.61815963,3.4247263851999996,fixed
35.53368549991865,17,4.597,-0.01866487,-0.7465948,85.80240739,3.4320962956000005,fixed
35.55858609988354,17,4.597,-0.01864847,-0.7459388,85.72701659,3.4290806636,fixed
35.58166369993705,17,4.597,-0.01865394,-0.7461576000000001,85.75216218000001,3.4300864872000005,fixed
35.605118299950846,17,4.597,-0.01866305,-0.7465220000000001,85.79404085000002,3.431761634000001,fixed
35.63000149989966,17,4.597,-0.01861932,-0.7447728000000001,85.59301404000001,3.423720561600001,fixed
35.65627809998114,17,4.597,-0.01865212,-0.7460848,85.74379564,3.4297518256000004,fixed
35.67769869987387,17,4.597,-0.01860293,-0.7441172,85.51766921000001,3.4207067684000005,fixed
35.704122399911284,17,4.597,-0.01861203,-0.7444812000000001,85.55950191000002,3.4223800764000005,fixed
35.73009169998113,17,4.597,-0.01861386,-0.7445544,85.56791442000001,3.4227165768,fixed
35.75169709988404,17,4.597,-0.01865576,-0.7462304000000001,85.76052872000001,3.4304211488000007,fixed
35.7738749999553,17,4.597,-0.01865394,-0.7461576000000001,85.75216218000001,3.4300864872000005,fixed
35.798012299928814,17,4.597,-0.01861386,-0.7445544,85.56791442000001,3.4227165768,fixed
35.81958439992741,17,4.597,-0.01860475,-0.74419,85.52603575,3.4210414300000003,fixed
35.84565209993161,17,4.597,-0.01861932,-0.7447728000000001,85.59301404000001,3.423720561600001,fixed
35.867634999915026,17,4.597,-0.01858106,-0.7432424000000001,85.41713282,3.4166853128000008,fixed
35.89159709995147,17,4.597,-0.01860657,-0.7442627999999999,85.53440229,3.4213760916,fixed
35.913379499921575,17,4.597,-0.0186339,-0.7453559999999999,85.66003830000001,3.426401532,fixed
35.9375917998841,17,4.597,-0.01862661,-0.7450644,85.62652616999999,3.4250610468000002,fixed
35.95939149998594,17,4.597,-0.01862843,-0.7451372,85.63489271,3.4253957084000004,fixed
35.98447819997091,17,4.597,-0.01865029,-0.7460115999999999,85.73538313,3.4294153252,fixed
36.00637099996675,17,4.597,-0.01862479,-0.7449915999999999,85.61815963,3.4247263851999996,fixed
36.031195399933495,17,4.597,-0.01862479,-0.7449915999999999,85.61815963,3.4247263851999996,fixed
36.05233449989464,17,4.597,-0.01864483,-0.7457932,85.71028351000001,3.4284113404000007,fixed
36.077769199968316,17,4.597,-0.01863025,-0.74521,85.64325925,3.4257303700000006,fixed
36.099357899976894,17,4.597,-0.01860475,-0.74419,85.52603575,3.4210414300000003,fixed
36.12521269987337,17,4.597,-0.01862297,-0.7449188,85.60979309,3.4243917236000003,fixed
36.146336999954656,17,4.597,-0.01861568,-0.7446271999999999,85.57628096,3.4230512384,fixed
36.171295299893245,17,4.597,-0.01861386,-0.7445544,85.56791442000001,3.4227165768,fixed
36.192751099937595,17,4.597,-0.01865576,-0.7462304000000001,85.76052872000001,3.4304211488000007,fixed
36.21874769998249,17,4.597,-0.01864665,-0.745866,85.71865005000001,3.4287460020000005,fixed
36.24041339987889,17,4.597,-0.01863936,-0.7455744,85.68513792000002,3.4274055168000004,fixed
36.26669649989344,18,4.597,-0.01865212,-0.7460848,85.74379564,3.4297518256000004,fixed
36.28834309987724,18,4.597,-0.01861386,-0.7445544,85.56791442000001,3.4227165768,fixed
36.31222019996494,18,4.597,-0.01861932,-0.7447728000000001,85.59301404000001,3.423720561600001,fixed
36.333378799958155,18,4.597,-0.01863572,-0.7454288000000001,85.66840484000002,3.426736193600001,fixed
36.35766599990893,18,4.597,-0.01861021,-0.7444084,85.55113537,3.4220454148000004,fixed
36.38002149993554,18,4.597,-0.01862297,-0.7449188,85.60979309,3.4243917236000003,fixed
36.40443779993802,18,4.597,-0.01865394,-0.7461576000000001,85.75216218000001,3.4300864872000005,fixed
36.42654129990842,18,4.597,-0.01862843,-0.7451372,85.63489271,3.4253957084000004,fixed
36.45041869988199,18,4.597,-0.01863754,-0.7455016000000001,85.67677138000002,3.4270708552000007,fixed
36.47232019994408,18,4.597,-0.01867033,-0.7468132,85.82750701,3.4331002804,fixed
36.4976887999801,18,4.597,-0.01866487,-0.7465948,85.80240739,3.4320962956000005,fixed
36.519315899931826,18,4.597,-0.01864301,-0.7457204000000001,85.70191697000001,3.4280766788000006,fixed
36.54049949988257,18,4.597,-0.01864301,-0.7457204000000001,85.70191697000001,3.4280766788000006,fixed
36.562327299965546,18,4.597,-0.01865576,-0.7462304000000001,85.76052872000001,3.4304211488000007,fixed
36.583394199959,18,4.597,-0.01866123,-0.7464492,85.78567431000002,3.4314269724000006,fixed
36.60722409992013,18,4.597,-0.01864847,-0.7459388,85.72701659,3.4290806636,fixed
36.62834669998847,18,4.597,-0.01863936,-0.7455744,85.68513792000002,3.4274055168000004,fixed
36.653879199991934,18,4.597,-0.0186594,-0.7463759999999999,85.7772618,3.431090472,fixed
36.67534059996251,18,4.597,-0.01864301,-0.7457204000000001,85.70191697000001,3.4280766788000006,fixed
36.70080559991766,18,4.597,-0.01862297,-0.7449188,85.60979309,3.4243917236000003,fixed
36.72238179994747,18,4.597,-0.01864847,-0.7459388,85.72701659,3.4290806636,fixed
36.74851199996192,18,4.597,-0.01864665,-0.745866,85.71865005000001,3.4287460020000005,fixed
36.770354399923235,18,4.597,-0.01863572,-0.7454288000000001,85.66840484000002,3.426736193600001,fixed
36.79620919993613,18,4.597,-0.01865576,-0.7462304000000001,85.76052872000001,3.4304211488000007,fixed
36.817326799966395,18,4.597,-0.01862479,-0.7449915999999999,85.61815963,3.4247263851999996,fixed
36.838328999932855,18,4.597,-0.0186339,-0.7453559999999999,85.66003830000001,3.426401532,fixed
36.85928489989601,18,4.597,-0.01864665,-0.745866,85.71865005000001,3.4287460020000005,fixed
36.88028589996975,18,4.597,-0.0186594,-0.7463759999999999,85.7772618,3.431090472,fixed
36.90427709987853,18,4.597,-0.01866851,-0.7467403999999999,85.81914047,3.4327656187999995,fixed
36.92527309991419,18,4.597,-0.01864483,-0.7457932,85.71028351000001,3.4284113404000007,fixed
36.94631439994555,18,4.597,-0.01863207,-0.7452827999999999,85.65162579000001,3.4260650316,fixed
36.967336699948646,18,4.597,-0.01861203,-0.7444812000000001,85.55950191000002,3.4223800764000005,fixed
36.988313199952245,18,4.597,-0.01861386,-0.7445544,85.56791442000001,3.4227165768,fixed
37.00931849994231,18,4.597,-0.01863026,-0.7452103999999999,85.64330522,3.4257322088,fixed
37.03039029997308,18,4.597,-0.01863572,-0.7454288000000001,85.66840484000002,3.426736193600001,fixed
37.05227349989582,18,4.597,-0.01864665,-0.745866,85.71865005000001,3.4287460020000005,fixed
37.077721799956635,18,4.597,-0.01863754,-0.7455016000000001,85.67677138000002,3.4270708552000007,fixed
37.099239499890245,18,4.597,-0.01859564,-0.7438256,85.48415708000002,3.4193662832,fixed
37.12025149993133,18,4.597,-0.01862479,-0.7449915999999999,85.61815963,3.4247263851999996,fixed
37.143665199982934,18,4.597,-0.01863207,-0.7452827999999999,85.65162579000001,3.4260650316,fixed
37.166454599937424,18,4.597,-0.01863572,-0.7454288000000001,85.66840484000002,3.426736193600001,fixed
37.191263699904084,18,4.597,-0.01862297,-0.7449188,85.60979309,3.4243917236000003,fixed
37.21386299992446,18,4.597,-0.01866487,-0.7465948,85.80240739,3.4320962956000005,fixed
37.23770339996554,18,4.597,-0.01864301,-0.7457204000000001,85.70191697000001,3.4280766788000006,fixed
37.26055409992114,18,4.597,-0.01862479,-0.7449915999999999,85.61815963,3.4247263851999996,fixed
37.28388079989236,18,4.597,-0.01864483,-0.7457932,85.71028351000001,3.4284113404000007,fixed
37.30701589991804,18,4.597,-0.01861386,-0.7445544,85.56791442000001,3.4227165768,fixed
37.332083499990404,18,4.597,-0.01859928,-0.7439712,85.50089016000001,3.4200356064000004,fixed
37.354795899940655,18,4.597,-0.01863754,-0.7455016000000001,85.67677138000002,3.4270708552000007,fixed
37.378823099890724,18,4.597,-0.01859564,-0.7438256,85.48415708000002,3.4193662832,fixed
37.401764299953356,18,4.597,-0.01861203,-0.7444812000000001,85.55950191000002,3.4223800764000005,fixed
37.4262427999638,18,4.597,-0.01863572,-0.7454288000000001,85.66840484000002,3.426736193600001,fixed
37.448722899891436,18,4.597,-0.01861386,-0.7445544,85.56791442000001,3.4227165768,fixed
37.47424269991461,18,4.597,-0.01864119,-0.7456476,85.69355043,3.4277420172,fixed
37.49785019992851,18,4.597,-0.01864119,-0.7456476,85.69355043,3.4277420172,fixed
37.52230409998447,18,4.597,-0.01863025,-0.74521,85.64325925,3.4257303700000006,fixed
37.545643299934454,18,4.597,-0.01864483,-0.7457932,85.71028351000001,3.4284113404000007,fixed
37.56867259996943,18,4.597,-0.01860475,-0.74419,85.52603575,3.4210414300000003,fixed
37.59147319989279,18,4.597,-0.01862843,-0.7451372,85.63489271,3.4253957084000004,fixed
37.615892999921925,18,4.597,-0.01863754,-0.7455016000000001,85.67677138000002,3.4270708552000007,fixed
37.6386244999012,18,4.597,-0.01858653,-0.7434612,85.44227841000001,3.4176911364000007,fixed
37.66275469993707,18,4.597,-0.01861203,-0.7444812000000001,85.55950191000002,3.4223800764000005,fixed
37.68555749987718,18,4.597,-0.01863572,-0.7454288000000001,85.66840484000002,3.426736193600001,fixed
37.70987249992322,18,4.597,-0.01863025,-0.74521,85.64325925,3.4257303700000006,fixed
37.732982599991374,18,4.597,-0.01866669,-0.7466676,85.81077393,3.4324309572000002,fixed
37.75712109997403,18,4.597,-0.01867216,-0.7468864000000001,85.83591952000002,3.4334367808000006,fixed
37.779798599891365,18,4.597,-0.01861568,-0.7446271999999999,85.57628096,3.4230512384,fixed
37.80474369996227,18,4.597,-0.01862661,-0.7450644,85.62652616999999,3.4250610468000002,fixed
37.82777799991891,18,4.597,-0.01859382,-0.7437528,85.47579054000002,3.4190316216000003,fixed
37.85403459996451,18,4.597,-0.01859017,-0.7436068,85.45901149,3.4183604596000006,fixed
37.882103199954145,18,4.597,-0.01859746,-0.7438984,85.49252362000001,3.4197009448,fixed
37.904848099919036,18,4.597,-0.01861568,-0.7446271999999999,85.57628096,3.4230512384,fixed
37.92792309995275,18,4.597,-0.01858835,-0.7435339999999999,85.45064495,3.418025798,fixed
37.95078829990234,18,4.597,-0.01859746,-0.7438984,85.49252362000001,3.4197009448,fixed
37.97509959992021,18,4.597,-0.01863754,-0.7455016000000001,85.67677138000002,3.4270708552000007,fixed
37.99752759991679,18,4.597,-0.01861203,-0.7444812000000001,85.55950191000002,3.4223800764000005,fixed
38.02527999994345,18,4.597,-0.01861932,-0.7447728000000001,85.59301404000001,3.423720561600001,fixed
38.04886749992147,18,4.597,-0.01861568,-0.7446271999999999,85.57628096,3.4230512384,fixed
38.07144379988313,18,4.597,-0.01862843,-0.7451372,85.63489271,3.4253957084000004,fixed
38.09472099994309,18,4.597,-0.01863936,-0.7455744,85.68513792000002,3.4274055168000004,fixed
38.11980299989227,18,4.597,-0.01860293,-0.7441172,85.51766921000001,3.4207067684000005,fixed
38.14258499990683,18,4.597,-0.0186175,-0.7447,85.5846475,3.4233859000000004,fixed
38.1680377998855,18,4.597,-0.01862297,-0.7449188,85.60979309,3.4243917236000003,fixed
38.19056489993818,18,4.597,-0.01859928,-0.7439712,85.50089016000001,3.4200356064000004,fixed
38.21476449992042,18,4.597,-0.01862114,-0.7448456,85.60138058000001,3.4240552232000003,fixed
38.23836229997687,18,4.597,-0.01858471,-0.7433884000000001,85.43391187000002,3.4173564748000005,fixed
38.26142389990855,18,4.597,-0.0186011,-0.7440439999999999,85.50925670000001,3.420370268,fixed
38.28585279989056,19,4.597,-0.01862661,-0.7450644,85.62652616999999,3.4250610468000002,fixed
38.309077599900775,19,4.597,-0.0186011,-0.7440439999999999,85.50925670000001,3.420370268,fixed
38.33146569994278,19,4.597,-0.01862843,-0.7451372,85.63489271,3.4253957084000004,fixed
38.355845799902454,19,4.597,-0.01865394,-0.7461576000000001,85.75216218000001,3.4300864872000005,fixed
38.378842199919745,19,4.597,-0.01860293,-0.7441172,85.51766921000001,3.4207067684000005,fixed
38.40411479992326,19,4.597,-0.01862114,-0.7448456,85.60138058000001,3.4240552232000003,fixed
38.427115299971774,19,4.597,-0.01861203,-0.7444812000000001,85.55950191000002,3.4223800764000005,fixed
38.45195149991196,19,4.597,-0.01857924,-0.7431696,85.40876628000001,3.4163506512,fixed
38.47435279993806,19,4.597,-0.01862114,-0.7448456,85.60138058000001,3.4240552232000003,fixed
38.49840099993162,19,4.597,-0.01860293,-0.7441172,85.51766921000001,3.4207067684000005,fixed
38.5217383998679,19,4.597,-0.01862661,-0.7450644,85.62652616999999,3.4250610468000002,fixed
38.54686119989492,19,4.597,-0.01865394,-0.7461576000000001,85.75216218000001,3.4300864872000005,fixed
38.569469899870455,19,4.597,-0.01861386,-0.7445544,85.56791442000001,3.4227165768,fixed
38.59352489991579,19,4.597,-0.01864119,-0.7456476,85.69355043,3.4277420172,fixed
38.61641629994847,19,4.597,-0.01863207,-0.7452827999999999,85.65162579000001,3.4260650316,fixed
38.641751699964516,19,4.597,-0.01860293,-0.7441172,85.51766921000001,3.4207067684000005,fixed
38.66473019996192,19,4.597,-0.01864483,-0.7457932,85.71028351000001,3.4284113404000007,fixed
38.687852799892426,19,4.597,-0.01862479,-0.7449915999999999,85.61815963,3.4247263851999996,fixed
38.71060329989996,19,4.597,-0.01863936,-0.7455744,85.68513792000002,3.4274055168000004,fixed
38.7347614999162,19,4.597,-0.01867762,-0.7471047999999999,85.86101914000001,3.4344407656,fixed
38.75758239987772,19,4.597,-0.01865029,-0.7460115999999999,85.73538313,3.4294153252,fixed
38.7816540999338,19,4.597,-0.0186339,-0.7453559999999999,85.66003830000001,3.426401532,fixed
38.80451279995032,19,4.597,-0.01864483,-0.7457932,85.71028351000001,3.4284113404000007,fixed
38.82860369991977,19,4.597,-0.01860839,-0.7443356,85.54276883,3.4217107532,fixed
38.85173589992337,19,4.597,-0.0186175,-0.7447,85.5846475,3.4233859000000004,fixed
38.87490639986936,19,4.597,-0.01863754,-0.7455016000000001,85.67677138000002,3.4270708552000007,fixed
38.89764539990574,19,4.597,-0.01860475,-0.74419,85.52603575,3.4210414300000003,fixed
38.92146809992846,19,4.597,-0.0186011,-0.7440439999999999,85.50925670000001,3.420370268,fixed
38.944617299945094,19,4.597,-0.01863936,-0.7455744,85.68513792000002,3.4274055168000004,fixed
38.96872069989331,19,4.597,-0.01862661,-0.7450644,85.62652616999999,3.4250610468000002,fixed
38.99182039988227,19,4.597,-0.01863754,-0.7455016000000001,85.67677138000002,3.4270708552000007,fixed
39.01460659992881,19,4.597,-0.0186594,-0.7463759999999999,85.7772618,3.431090472,fixed
39.03738149988931,19,4.597,-0.01863025,-0.74521,85.64325925,3.4257303700000006,fixed
39.061912999954075,19,4.597,-0.0186175,-0.7447,85.5846475,3.4233859000000004,fixed
39.084846499958076,19,4.597,-0.01864301,-0.7457204000000001,85.70191697000001,3.4280766788000006,fixed
39.10849969997071,19,4.597,-0.01860657,-0.7442627999999999,85.53440229,3.4213760916,fixed
39.13175739988219,19,4.597,-0.01860293,-0.7441172,85.51766921000001,3.4207067684000005,fixed
39.15581209992524,19,4.597,-0.01862661,-0.7450644,85.62652616999999,3.4250610468000002,fixed
39.17882299993653,19,4.597,-0.01858106,-0.7432424000000001,85.41713282,3.4166853128000008,fixed
39.204755099955946,19,4.597,-0.01860293,-0.7441172,85.51766921000001,3.4207067684000005,fixed
39.22796579997521,19,4.597,-0.01861203,-0.7444812000000001,85.55950191000002,3.4223800764000005,fixed
39.24964899988845,19,4.597,-0.0186175,-0.7447,85.5846475,3.4233859000000004,fixed
39.27130549994763,19,4.597,-0.01863754,-0.7455016000000001,85.67677138000002,3.4270708552000007,fixed
39.29495009989478,19,4.597,-0.01865212,-0.7460848,85.74379564,3.4297518256000004,fixed
39.316681499942206,19,4.597,-0.01862297,-0.7449188,85.60979309,3.4243917236000003,fixed
39.34362079994753,19,4.597,-0.01860657,-0.7442627999999999,85.53440229,3.4213760916,fixed
39.36680809990503,19,4.597,-0.01862479,-0.7449915999999999,85.61815963,3.4247263851999996,fixed
39.39060049992986,19,4.597,-0.01858653,-0.7434612,85.44227841000001,3.4176911364000007,fixed
39.413720199954696,19,4.597,-0.01861021,-0.7444084,85.55113537,3.4220454148000004,fixed
39.437953799963,19,4.597,-0.01860839,-0.7443356,85.54276883,3.4217107532,fixed
39.46047059993725,19,4.597,-0.018592,-0.7436800000000001,85.46742400000001,3.418696960000001,fixed
39.485162399942055,19,4.597,-0.01863754,-0.7455016000000001,85.67677138000002,3.4270708552000007,fixed
39.508704499923624,19,4.597,-0.0186339,-0.7453559999999999,85.66003830000001,3.426401532,fixed
39.531603399896994,19,4.597,-0.01864119,-0.7456476,85.69355043,3.4277420172,fixed
39.55492249992676,19,4.597,-0.01865576,-0.7462304000000001,85.76052872000001,3.4304211488000007,fixed
39.577123099938035,19,4.597,-0.01863207,-0.7452827999999999,85.65162579000001,3.4260650316,fixed
39.59969529986847,19,4.597,-0.01861203,-0.7444812000000001,85.55950191000002,3.4223800764000005,fixed
39.62519689986948,19,4.597,-0.01862661,-0.7450644,85.62652616999999,3.4250610468000002,fixed
39.64893419994041,19,4.597,-0.01861932,-0.7447728000000001,85.59301404000001,3.423720561600001,fixed
39.671989999944344,19,4.597,-0.01864301,-0.7457204000000001,85.70191697000001,3.4280766788000006,fixed
39.69481039990205,19,4.597,-0.01867762,-0.7471047999999999,85.86101914000001,3.4344407656,fixed
39.718612799886614,19,4.597,-0.01865212,-0.7460848,85.74379564,3.4297518256000004,fixed
39.74163629987743,19,4.597,-0.01864119,-0.7456476,85.69355043,3.4277420172,fixed
39.76514639996458,19,4.597,-0.01864665,-0.745866,85.71865005000001,3.4287460020000005,fixed
39.7883377999533,19,4.597,-0.01860657,-0.7442627999999999,85.53440229,3.4213760916,fixed
39.81369289988652,19,4.597,-0.01861203,-0.7444812000000001,85.55950191000002,3.4223800764000005,fixed
39.83650669991039,19,4.597,-0.01864119,-0.7456476,85.69355043,3.4277420172,fixed
39.860122299869545,19,4.597,-0.01861568,-0.7446271999999999,85.57628096,3.4230512384,fixed
39.88339109986555,19,4.597,-0.01865758,-0.7463031999999999,85.76889526000001,3.4307558104,fixed
39.90699879988097,19,4.597,-0.01866669,-0.7466676,85.81077393,3.4324309572000002,fixed
39.92936479987111,19,4.597,-0.01863754,-0.7455016000000001,85.67677138000002,3.4270708552000007,fixed
39.953552099876106,19,4.597,-0.01866669,-0.7466676,85.81077393,3.4324309572000002,fixed
39.97666869987734,19,4.597,-0.01867033,-0.7468132,85.82750701,3.4331002804,fixed
39.99920039996505,19,4.597,-0.01864483,-0.7457932,85.71028351000001,3.4284113404000007,fixed
40.022355199907906,19,4.597,-0.01866851,-0.7467403999999999,85.81914047,3.4327656187999995,fixed
40.04631539992988,19,4.597,-0.01868309,-0.7473236,85.88616473,3.4354465892,fixed
40.06972329993732,19,4.597,-0.01863754,-0.7455016000000001,85.67677138000002,3.4270708552000007,fixed
40.09280079987366,19,4.597,-0.01866487,-0.7465948,85.80240739,3.4320962956000005,fixed
40.11548549996223,19,4.597,-0.01866851,-0.7467403999999999,85.81914047,3.4327656187999995,fixed
40.13954019988887,19,4.597,-0.01863572,-0.7454288000000001,85.66840484000002,3.426736193600001,fixed
40.162649899953976,19,4.597,-0.01864301,-0.7457204000000001,85.70191697000001,3.4280766788000006,fixed
40.18607159995008,19,4.597,-0.01865576,-0.7462304000000001,85.76052872000001,3.4304211488000007,fixed
40.20851099991705,19,4.597,-0.01862297,-0.7449188,85.60979309,3.4243917236000003,fixed
40.23365899990313,19,4.597,-0.01863208,-0.7452831999999999,85.65167176,3.4260668704,fixed
40.25639969995245,19,4.597,-0.01866669,-0.7466676,85.81077393,3.4324309572000002,fixed
40.28140369988978,19,4.597,-0.01863572,-0.7454288000000001,85.66840484000002,3.426736193600001,fixed
40.30537769990042,20,4.597,-0.01867944,-0.7471776,85.86938568000001,3.4347754272000004,fixed
40.32967219990678,20,4.597,-0.01863754,-0.7455016000000001,85.67677138000002,3.4270708552000007,fixed
40.353151099872775,20,4.597,-0.01867033,-0.7468132,85.82750701,3.4331002804,fixed
40.37632689997554,20,4.597,-0.01867033,-0.7468132,85.82750701,3.4331002804,fixed
40.39961239986587,20,4.597,-0.01863025,-0.74521,85.64325925,3.4257303700000006,fixed
40.42310759995598,20,4.597,-0.01865212,-0.7460848,85.74379564,3.4297518256000004,fixed
40.44536639994476,20,4.597,-0.01866305,-0.7465220000000001,85.79404085000002,3.431761634000001,fixed
40.471390299964696,20,4.597,-0.01863025,-0.74521,85.64325925,3.4257303700000006,fixed
40.494378299918026,20,4.597,-0.01867216,-0.7468864000000001,85.83591952000002,3.4334367808000006,fixed
40.517723899916746,20,4.597,-0.01865029,-0.7460115999999999,85.73538313,3.4294153252,fixed
40.54033319989685,20,4.597,-0.01862843,-0.7451372,85.63489271,3.4253957084000004,fixed
40.564296799944714,20,4.597,-0.01866851,-0.7467403999999999,85.81914047,3.4327656187999995,fixed
40.587788999895565,20,4.597,-0.01864483,-0.7457932,85.71028351000001,3.4284113404000007,fixed
40.610827699885704,20,4.597,-0.0186339,-0.7453559999999999,85.66003830000001,3.426401532,fixed
40.63414479990024,20,4.597,-0.01864483,-0.7457932,85.71028351000001,3.4284113404000007,fixed
40.65795249992516,20,4.597,-0.01864301,-0.7457204000000001,85.70191697000001,3.4280766788000006,fixed
40.68074469990097,20,4.597,-0.01861203,-0.7444812000000001,85.55950191000002,3.4223800764000005,fixed
40.7043070999207,20,4.597,-0.01864483,-0.7457932,85.71028351000001,3.4284113404000007,fixed
40.72778939991258,20,4.597,-0.01864119,-0.7456476,85.69355043,3.4277420172,fixed
40.75049739994574,20,4.597,-0.01864483,-0.7457932,85.71028351000001,3.4284113404000007,fixed
40.773474199930206,20,4.597,-0.01868309,-0.7473236,85.88616473,3.4354465892,fixed
40.7975085999351,20,4.597,-0.01869038,-0.7476152,85.91967686,3.4367870744000006,fixed
40.82084269996267,20,4.597,-0.0186503,-0.746012,85.7354291,3.429417164,fixed
40.84384729992598,20,4.597,-0.01866851,-0.7467403999999999,85.81914047,3.4327656187999995,fixed
40.8663266999647,20,4.597,-0.01866487,-0.7465948,85.80240739,3.4320962956000005,fixed
40.8899664998753,20,4.597,-0.01862661,-0.7450644,85.62652616999999,3.4250610468000002,fixed
40.912775999866426,20,4.597,-0.01864847,-0.7459388,85.72701659,3.4290806636,fixed
40.938500199932605,20,4.597,-0.01865576,-0.7462304000000001,85.76052872000001,3.4304211488000007,fixed
40.961970799951814,20,4.597,-0.01861568,-0.7446271999999999,85.57628096,3.4230512384,fixed
40.98465429991484,20,4.597,-0.01865029,-0.7460115999999999,85.73538313,3.4294153252,fixed
41.00776439986657,20,4.597,-0.01863936,-0.7455744,85.68513792000002,3.4274055168000004,fixed
41.032287099864334,20,4.597,-0.01861932,-0.7447728000000001,85.59301404000001,3.423720561600001,fixed
41.05550409993157,20,4.597,-0.01867033,-0.7468132,85.82750701,3.4331002804,fixed
41.079728399869055,20,4.597,-0.01865212,-0.7460848,85.74379564,3.4297518256000004,fixed
41.10244229994714,20,4.597,-0.01866487,-0.7465948,85.80240739,3.4320962956000005,fixed
41.12704759987537,20,4.597,-0.01867762,-0.7471047999999999,85.86101914000001,3.4344407656,fixed
41.149764199974015,20,4.597,-0.01863754,-0.7455016000000001,85.67677138000002,3.4270708552000007,fixed
41.17363159987144,20,4.597,-0.01864847,-0.7459388,85.72701659,3.4290806636,fixed
41.1963786999695,20,4.597,-0.01867216,-0.7468864000000001,85.83591952000002,3.4334367808000006,fixed
41.22101619991008,20,4.597,-0.0186339,-0.7453559999999999,85.66003830000001,3.426401532,fixed
41.243504499900155,20,4.597,-0.01865758,-0.7463031999999999,85.76889526000001,3.4307558104,fixed
41.269682799931616,20,4.597,-0.01865394,-0.7461576000000001,85.75216218000001,3.4300864872000005,fixed
41.292420999961905,20,4.597,-0.01863572,-0.7454288000000001,85.66840484000002,3.426736193600001,fixed
41.315611199941486,20,4.597,-0.01865212,-0.7460848,85.74379564,3.4297518256000004,fixed
41.338418899918906,20,4.597,-0.01862114,-0.7448456,85.60138058000001,3.4240552232000003,fixed
41.36259299993981,20,4.597,-0.01862297,-0.7449188,85.60979309,3.4243917236000003,fixed
41.38536649988964,20,4.597,-0.0186594,-0.7463759999999999,85.7772618,3.431090472,fixed
41.40990229987074,20,4.597,-0.01863025,-0.74521,85.64325925,3.4257303700000006,fixed
41.433124699862674,20,4.597,-0.01865212,-0.7460848,85.74379564,3.4297518256000004,fixed
41.4562058999436,20,4.597,-0.01867033,-0.7468132,85.82750701,3.4331002804,fixed
41.47962799994275,20,4.597,-0.01862661,-0.7450644,85.62652616999999,3.4250610468000002,fixed
41.50239779986441,20,4.597,-0.01864119,-0.7456476,85.69355043,3.4277420172,fixed
41.52570679993369,20,4.597,-0.01866669,-0.7466676,85.81077393,3.4324309572000002,fixed
41.54904639988672,20,4.597,-0.01863754,-0.7455016000000001,85.67677138000002,3.4270708552000007,fixed
41.571132999961264,20,4.597,-0.01862843,-0.7451372,85.63489271,3.4253957084000004,fixed
41.594880499877036,20,4.597,-0.01866123,-0.7464492,85.78567431000002,3.4314269724000006,fixed
41.61770949990023,20,4.597,-0.01865576,-0.7462304000000001,85.76052872000001,3.4304211488000007,fixed
41.64359219989274,20,4.597,-0.01864119,-0.7456476,85.69355043,3.4277420172,fixed
41.666571399895474,20,4.597,-0.01869402,-0.7477607999999999,85.93640994,3.4374563975999997,fixed
41.689652399974875,20,4.597,-0.01865394,-0.7461576000000001,85.75216218000001,3.4300864872000005,fixed
41.71266179997474,20,4.597,-0.01866851,-0.7467403999999999,85.81914047,3.4327656187999995,fixed
41.737563899951056,20,4.597,-0.01869037,-0.7476148,85.91963089000002,3.4367852356000004,fixed
41.76064139988739,20,4.597,-0.01863025,-0.74521,85.64325925,3.4257303700000006,fixed
41.784386699902825,20,4.597,-0.01865394,-0.7461576000000001,85.75216218000001,3.4300864872000005,fixed
41.807424799888395,20,4.597,-0.01864483,-0.7457932,85.71028351000001,3.4284113404000007,fixed
41.831567799905315,20,4.597,-0.01862297,-0.7449188,85.60979309,3.4243917236000003,fixed
41.854500599903986,20,4.597,-0.01868309,-0.7473236,85.88616473,3.4354465892,fixed
41.87899539992213,20,4.597,-0.01869037,-0.7476148,85.91963089000002,3.4367852356000004,fixed
41.901433599879965,20,4.597,-0.01866305,-0.7465220000000001,85.79404085000002,3.431761634000001,fixed
41.925966599956155,20,4.597,-0.0186922,-0.747688,85.9280434,3.4371217360000004,fixed
41.948726899921894,20,4.597,-0.0186594,-0.7463759999999999,85.7772618,3.431090472,fixed
41.97327489987947,20,4.597,-0.0186594,-0.7463759999999999,85.7772618,3.431090472,fixed
41.99620449997019,20,4.597,-0.01867944,-0.7471776,85.86938568000001,3.4347754272000004,fixed
42.0190817998955,20,4.597,-0.01862843,-0.7451372,85.63489271,3.4253957084000004,fixed
42.04096809995826,20,4.597,-0.01861932,-0.7447728000000001,85.59301404000001,3.423720561600001,fixed
42.0672457999317,20,4.597,-0.01864665,-0.745866,85.71865005000001,3.4287460020000005,fixed
42.0906656999141,20,4.597,-0.01863572,-0.7454288000000001,85.66840484000002,3.426736193600001,fixed
42.11399809992872,20,4.597,-0.01868309,-0.7473236,85.88616473,3.4354465892,fixed
42.13643319986295,20,4.597,-0.01869948,-0.7479792000000001,85.96150956000001,3.4384603824000006,fixed
42.161741499905474,20,4.597,-0.01865758,-0.7463031999999999,85.76889526000001,3.4307558104,fixed
42.18443739996292,20,4.597,-0.01867216,-0.7468864000000001,85.83591952000002,3.4334367808000006,fixed
42.20908029994462,20,4.597,-0.0186594,-0.7463759999999999,85.7772618,3.431090472,fixed
42.23268699995242,20,4.597,-0.01864119,-0.7456476,85.69355043,3.4277420172,fixed
42.25630969996564,20,4.597,-0.01866487,-0.7465948,85.80240739,3.4320962956000005,fixed
42.27955709991511,20,4.597,-0.01863936,-0.7455744,85.68513792000002,3.4274055168000004,fixed
42.30405129992869,20,4.597,-0.01866123,-0.7464492,85.78567431000002,3.4314269724000006,fixed
42.32753860007506,21,4.597,-0.01869584,-0.7478335999999999,85.94477648,3.4377910592,fixed
42.35051680007018,21,4.597,-0.01867398,-0.7469592,85.84428606000002,3.4337714424000003,fixed
42.37416130001657,21,4.597,-0.0186922,-0.747688,85.9280434,3.4371217360000004,fixed
42.39764920005109,21,4.597,-0.01869766,-0.7479064000000001,85.95314302000001,3.438125720800001,fixed
42.42043060006108,21,4.597,-0.01865394,-0.7461576000000001,85.75216218000001,3.4300864872000005,fixed
42.4450235000113,21,4.597,-0.01866487,-0.7465948,85.80240739,3.4320962956000005,fixed
42.467792300041765,21,4.597,-0.01866851,-0.7467403999999999,85.81914047,3.4327656187999995,fixed
42.49194790003821,21,4.597,-0.01864483,-0.7457932,85.71028351000001,3.4284113404000007,fixed
42.51446640002541,21,4.597,-0.01869037,-0.7476148,85.91963089000002,3.4367852356000004,fixed
42.538430500077084,21,4.597,-0.01869766,-0.7479064000000001,85.95314302000001,3.438125720800001,fixed
42.561774900066666,21,4.597,-0.01865758,-0.7463031999999999,85.76889526000001,3.4307558104,fixed
42.585824600071646,21,4.597,-0.01868309,-0.7473236,85.88616473,3.4354465892,fixed
42.60845880000852,21,4.597,-0.01865029,-0.7460115999999999,85.73538313,3.4294153252,fixed
42.632289699977264,21,4.597,-0.01863025,-0.74521,85.64325925,3.4257303700000006,fixed
42.65536199999042,21,4.597,-0.01865394,-0.7461576000000001,85.75216218000001,3.4300864872000005,fixed
42.67903330002446,21,4.597,-0.01864483,-0.7457932,85.71028351000001,3.4284113404000007,fixed
42.701786900055595,21,4.597,-0.01864301,-0.7457204000000001,85.70191697000001,3.4280766788000006,fixed
42.726848200079985,21,4.597,-0.01868491,-0.7473964,85.89453127,3.4357812508000003,fixed
42.7497030000668,21,4.597,-0.01866123,-0.7464492,85.78567431000002,3.4314269724000006,fixed
42.77407060004771,21,4.597,-0.01866487,-0.7465948,85.80240739,3.4320962956000005,fixed
42.79764330002945,21,4.597,-0.01867216,-0.7468864000000001,85.83591952000002,3.4334367808000006,fixed
42.82096849998925,21,4.597,-0.0186339,-0.7453559999999999,85.66003830000001,3.426401532,fixed
42.843789000064135,21,4.597,-0.01866851,-0.7467403999999999,85.81914047,3.4327656187999995,fixed
42.86842459999025,21,4.597,-0.01869766,-0.7479064000000001,85.95314302000001,3.438125720800001,fixed
42.891798700089566,21,4.597,-0.01867398,-0.7469592,85.84428606000002,3.4337714424000003,fixed
42.914886399987154,21,4.597,-0.01869948,-0.7479792000000001,85.96150956000001,3.4384603824000006,fixed
42.937171500059776,21,4.597,-0.01869948,-0.7479792000000001,85.96150956000001,3.4384603824000006,fixed
42.960972300032154,21,4.597,-0.01866305,-0.7465220000000001,85.79404085000002,3.431761634000001,fixed
42.98328689998016,21,4.597,-0.01867762,-0.7471047999999999,85.86101914000001,3.4344407656,fixed
43.00932030007243,21,4.597,-0.01869766,-0.7479064000000001,85.95314302000001,3.438125720800001,fixed
43.03247019997798,21,4.597,-0.01866669,-0.7466676,85.81077393,3.4324309572000002,fixed
43.057068500085734,21,4.597,-0.01868673,-0.7474691999999998,85.90289781,3.4361159123999996,fixed
43.080908600008115,21,4.597,-0.01865029,-0.7460115999999999,85.73538313,3.4294153252,fixed
43.10436350002419,21,4.597,-0.0186758,-0.7470319999999999,85.85265260000001,3.434106104,fixed
43.12658140005078,21,4.597,-0.01868673,-0.7474691999999998,85.90289781,3.4361159123999996,fixed
43.14860010007396,21,4.597,-0.01866487,-0.7465948,85.80240739,3.4320962956000005,fixed
43.17093989998102,21,4.597,-0.01865576,-0.7462304000000001,85.76052872000001,3.4304211488000007,fixed
43.195390600012615,21,4.597,-0.01866487,-0.7465948,85.80240739,3.4320962956000005,fixed
43.21799859998282,21,4.597,-0.01868127,-0.7472508000000001,85.87779819000001,3.435111927600001,fixed
43.24265190004371,21,4.597,-0.01867033,-0.7468132,85.82750701,3.4331002804,fixed
43.26538530003745,21,4.597,-0.01870313,-0.7481251999999999,85.97828860999999,3.4391315444,fixed
43.28813120000996,21,4.597,-0.01867762,-0.7471047999999999,85.86101914000001,3.4344407656,fixed
43.3102165000746,21,4.597,-0.01864665,-0.745866,85.71865005000001,3.4287460020000005,fixed
43.33554430003278,21,4.597,-0.01865029,-0.7460115999999999,85.73538313,3.4294153252,fixed
43.35722570004873,21,4.597,-0.01864301,-0.7457204000000001,85.70191697000001,3.4280766788000006,fixed
43.38243690005038,21,4.597,-0.01861021,-0.7444084,85.55113537,3.4220454148000004,fixed
43.40413670009002,21,4.597,-0.01866305,-0.7465220000000001,85.79404085000002,3.431761634000001,fixed
43.4294756000163,21,4.597,-0.01867398,-0.7469592,85.84428606000002,3.4337714424000003,fixed
43.45108949998394,21,4.597,-0.01866487,-0.7465948,85.80240739,3.4320962956000005,fixed
43.476406699977815,21,4.597,-0.01868127,-0.7472508000000001,85.87779819000001,3.435111927600001,fixed
43.49842299998272,21,4.597,-0.01867762,-0.7471047999999999,85.86101914000001,3.4344407656,fixed
43.52288669999689,21,4.597,-0.01866851,-0.7467403999999999,85.81914047,3.4327656187999995,fixed
43.54449160001241,21,4.597,-0.01871041,-0.7484164,86.01175477000001,3.4404701908,fixed
43.56939770001918,21,4.597,-0.01871224,-0.7484896000000001,86.02016728000002,3.4408066912000006,fixed
43.59265900007449,21,4.597,-0.01868309,-0.7473236,85.88616473,3.4354465892,fixed
43.61726470000576,21,4.597,-0.01870131,-0.7480524,85.96992207,3.4387968828,fixed
43.64038650004659,21,4.597,-0.01865758,-0.7463031999999999,85.76889526000001,3.4307558104,fixed
43.66662869998254,21,4.597,-0.01867398,-0.7469592,85.84428606000002,3.4337714424000003,fixed
43.68910750001669,21,4.597,-0.01867398,-0.7469592,85.84428606000002,3.4337714424000003,fixed
43.71212290006224,21,4.597,-0.0186758,-0.7470319999999999,85.85265260000001,3.434106104,fixed
43.73591010004748,21,4.597,-0.01871041,-0.7484164,86.01175477000001,3.4404701908,fixed
43.75791220006067,21,4.597,-0.01869402,-0.7477607999999999,85.93640994,3.4374563975999997,fixed
43.77916899998672,21,4.597,-0.01865394,-0.7461576000000001,85.75216218000001,3.4300864872000005,fixed
43.80426720005926,21,4.597,-0.01863936,-0.7455744,85.68513792000002,3.4274055168000004,fixed
43.82664780004416,21,4.597,-0.01866305,-0.7465220000000001,85.79404085000002,3.431761634000001,fixed
43.852038600016385,21,4.597,-0.01864119,-0.7456476,85.69355043,3.4277420172,fixed
43.87354800000321,21,4.597,-0.01867033,-0.7468132,85.82750701,3.4331002804,fixed
43.899905400001444,21,4.597,-0.01868673,-0.7474691999999998,85.90289781,3.4361159123999996,fixed
43.92268389998935,21,4.597,-0.0186594,-0.7463759999999999,85.7772618,3.431090472,fixed
43.94917320006061,21,4.597,-0.01868855,-0.7475420000000002,85.91126435000001,3.436450574000001,fixed
43.97241190006025,21,4.597,-0.01865758,-0.7463031999999999,85.76889526000001,3.4307558104,fixed
43.99616059998516,21,4.597,-0.01868491,-0.7473964,85.89453127,3.4357812508000003,fixed
44.01832050003577,21,4.597,-0.01865758,-0.7463031999999999,85.76889526000001,3.4307558104,fixed
44.042352900025435,21,4.597,-0.01864301,-0.7457204000000001,85.70191697000001,3.4280766788000006,fixed
44.06422900001053,21,4.597,-0.0186758,-0.7470319999999999,85.85265260000001,3.434106104,fixed
44.08980010007508,21,4.597,-0.01868309,-0.7473236,85.88616473,3.4354465892,fixed
44.11116000008769,21,4.597,-0.01866487,-0.7465948,85.80240739,3.4320962956000005,fixed
44.13564250001218,21,4.597,-0.01868673,-0.7474691999999998,85.90289781,3.4361159123999996,fixed
44.15717670007143,21,4.597,-0.01869402,-0.7477607999999999,85.93640994,3.4374563975999997,fixed
44.18213129998185,21,4.597,-0.01865758,-0.7463031999999999,85.76889526000001,3.4307558104,fixed
44.20320119999815,21,4.597,-0.01866851,-0.7467403999999999,85.81914047,3.4327656187999995,fixed
44.225358900032006,21,4.597,-0.01867762,-0.7471047999999999,85.86101914000001,3.4344407656,fixed
44.24717149999924,21,4.597,-0.01864847,-0.7459388,85.72701659,3.4290806636,fixed
44.26951780007221,21,4.597,-0.01862114,-0.7448456,85.60138058000001,3.4240552232000003,fixed
44.29240779997781,21,4.597,-0.01861568,-0.7446271999999999,85.57628096,3.4230512384,fixed
44.31418029998895,21,4.597,-0.01864847,-0.7459388,85.72701659,3.4290806636,fixed
44.3385940999724,22,4.596,-0.01866122,-0.7464488,85.76696711999999,3.4306786848,fixed
44.360163099947385,22,4.597,-0.0186339,-0.7453559999999999,85.66003830000001,3.426401532,fixed
44.38551929988898,22,4.597,-0.01865758,-0.7463031999999999,85.76889526000001,3.4307558104,fixed
44.40717919997405,22,4.597,-0.01867944,-0.7471776,85.86938568000001,3.4347754272000004,fixed
44.43154899997171,22,4.597,-0.01866123,-0.7464492,85.78567431000002,3.4314269724000006,fixed
44.45317319990136,22,4.597,-0.01867944,-0.7471776,85.86938568000001,3.4347754272000004,fixed
44.47520609991625,22,4.597,-0.01868855,-0.7475420000000002,85.91126435000001,3.436450574000001,fixed
44.49716529995203,22,4.597,-0.01867033,-0.7468132,85.82750701,3.4331002804,fixed
44.519227499957196,22,4.597,-0.01864847,-0.7459388,85.72701659,3.4290806636,fixed
44.541997099877335,22,4.597,-0.01864483,-0.7457932,85.71028351000001,3.4284113404000007,fixed
44.56317159999162,22,4.597,-0.01865394,-0.7461576000000001,85.75216218000001,3.4300864872000005,fixed
44.58780399989337,22,4.597,-0.01866305,-0.7465220000000001,85.79404085000002,3.431761634000001,fixed
44.609146699891426,22,4.597,-0.01864301,-0.7457204000000001,85.70191697000001,3.4280766788000006,fixed
44.6352232999634,22,4.597,-0.01864665,-0.745866,85.71865005000001,3.4287460020000005,fixed
44.657357699936256,22,4.597,-0.01868309,-0.7473236,85.88616473,3.4354465892,fixed
44.68208469997626,22,4.597,-0.01865029,-0.7460115999999999,85.73538313,3.4294153252,fixed
44.70321579987649,22,4.597,-0.01866123,-0.7464492,85.78567431000002,3.4314269724000006,fixed
44.728991999989375,22,4.597,-0.01867398,-0.7469592,85.84428606000002,3.4337714424000003,fixed
44.75020849995781,22,4.597,-0.01863936,-0.7455744,85.68513792000002,3.4274055168000004,fixed
44.775380099890754,22,4.597,-0.01865212,-0.7460848,85.74379564,3.4297518256000004,fixed
44.79727149999235,22,4.597,-0.01866305,-0.7465220000000001,85.79404085000002,3.431761634000001,fixed
44.82236069987994,22,4.597,-0.0186339,-0.7453559999999999,85.66003830000001,3.426401532,fixed
44.844356399960816,22,4.597,-0.01865576,-0.7462304000000001,85.76052872000001,3.4304211488000007,fixed
44.86979019991122,22,4.597,-0.01867762,-0.7471047999999999,85.86101914000001,3.4344407656,fixed
44.89267349988222,22,4.597,-0.01866123,-0.7464492,85.78567431000002,3.4314269724000006,fixed
44.91908779996447,22,4.597,-0.01870859,-0.7483436,86.00338823,3.4401355292000004,fixed
44.94146299990825,22,4.597,-0.01867762,-0.7471047999999999,85.86101914000001,3.4344407656,fixed
44.96439969993662,22,4.597,-0.01869766,-0.7479064000000001,85.95314302000001,3.438125720800001,fixed
44.986584799946286,22,4.597,-0.01871041,-0.7484164,86.01175477000001,3.4404701908,fixed
45.00851569988299,22,4.597,-0.01868309,-0.7473236,85.88616473,3.4354465892,fixed
45.03082139987964,22,4.597,-0.01864847,-0.7459388,85.72701659,3.4290806636,fixed
45.0554695999017,22,4.597,-0.01866123,-0.7464492,85.78567431000002,3.4314269724000006,fixed
45.07878539990634,22,4.597,-0.01868309,-0.7473236,85.88616473,3.4354465892,fixed
45.10396419989411,22,4.597,-0.01865394,-0.7461576000000001,85.75216218000001,3.4300864872000005,fixed
45.12665049987845,22,4.597,-0.01870131,-0.7480524,85.96992207,3.4387968828,fixed
45.150596799911,22,4.597,-0.01869402,-0.7477607999999999,85.93640994,3.4374563975999997,fixed
45.17336409993004,22,4.597,-0.01869402,-0.7477607999999999,85.93640994,3.4374563975999997,fixed
45.19979669991881,22,4.597,-0.01870495,-0.748198,85.98665515,3.4394662060000005,fixed
45.221309799933806,22,4.597,-0.01866123,-0.7464492,85.78567431000002,3.4314269724000006,fixed
45.24317309993785,22,4.597,-0.01867033,-0.7468132,85.82750701,3.4331002804,fixed
45.26420169998892,22,4.597,-0.01867944,-0.7471776,85.86938568000001,3.4347754272000004,fixed
45.28858119994402,22,4.596,-0.01868491,-0.7473964,85.87584636,3.4350338544,fixed
45.31020229996648,22,4.597,-0.01865029,-0.7460115999999999,85.73538313,3.4294153252,fixed
45.33495499996934,22,4.597,-0.01865758,-0.7463031999999999,85.76889526000001,3.4307558104,fixed
45.356406299979426,22,4.597,-0.01870677,-0.7482708000000001,85.99502169,3.4398008676000007,fixed
45.3817904999014,22,4.597,-0.01868309,-0.7473236,85.88616473,3.4354465892,fixed
45.40325119998306,22,4.597,-0.0186594,-0.7463759999999999,85.7772618,3.431090472,fixed
45.42808259988669,22,4.597,-0.01867216,-0.7468864000000001,85.83591952000002,3.4334367808000006,fixed
45.45159289997537,22,4.597,-0.01864847,-0.7459388,85.72701659,3.4290806636,fixed
45.47500619990751,22,4.597,-0.01866487,-0.7465948,85.80240739,3.4320962956000005,fixed
45.49630729993805,22,4.597,-0.01868127,-0.7472508000000001,85.87779819000001,3.435111927600001,fixed
45.51833429990802,22,4.597,-0.01867033,-0.7468132,85.82750701,3.4331002804,fixed
45.54022119997535,22,4.597,-0.01865029,-0.7460115999999999,85.73538313,3.4294153252,fixed
45.56225489987992,22,4.597,-0.01866669,-0.7466676,85.81077393,3.4324309572000002,fixed
45.58428579987958,22,4.597,-0.01869766,-0.7479064000000001,85.95314302000001,3.438125720800001,fixed
45.606224499992095,22,4.597,-0.01870495,-0.748198,85.98665515,3.4394662060000005,fixed
45.629602899891324,22,4.597,-0.01868491,-0.7473964,85.89453127,3.4357812508000003,fixed
45.65122959995642,22,4.597,-0.01866123,-0.7464492,85.78567431000002,3.4314269724000006,fixed
45.67320769990329,22,4.597,-0.01867033,-0.7468132,85.82750701,3.4331002804,fixed
45.6941569999326,22,4.597,-0.0186758,-0.7470319999999999,85.85265260000001,3.434106104,fixed
45.715152199962176,22,4.597,-0.01867398,-0.7469592,85.84428606000002,3.4337714424000003,fixed
45.73984469997231,22,4.597,-0.01867944,-0.7471776,85.86938568000001,3.4347754272000004,fixed
45.7612180999713,22,4.597,-0.01864119,-0.7456476,85.69355043,3.4277420172,fixed
45.78711279993877,22,4.597,-0.01864847,-0.7459388,85.72701659,3.4290806636,fixed
45.80820929992478,22,4.597,-0.01867216,-0.7468864000000001,85.83591952000002,3.4334367808000006,fixed
45.833814499899745,22,4.597,-0.01866487,-0.7465948,85.80240739,3.4320962956000005,fixed
45.85588639997877,22,4.597,-0.01869948,-0.7479792000000001,85.96150956000001,3.4384603824000006,fixed
45.88207579997834,22,4.597,-0.01870131,-0.7480524,85.96992207,3.4387968828,fixed
45.90479449997656,22,4.597,-0.01868309,-0.7473236,85.88616473,3.4354465892,fixed
45.92857239989098,22,4.597,-0.0186922,-0.747688,85.9280434,3.4371217360000004,fixed
45.951479199924506,22,4.597,-0.01866123,-0.7464492,85.78567431000002,3.4314269724000006,fixed
45.975407899939455,22,4.597,-0.01867762,-0.7471047999999999,85.86101914000001,3.4344407656,fixed
45.998910399968736,22,4.597,-0.01869766,-0.7479064000000001,85.95314302000001,3.438125720800001,fixed
46.02230669988785,22,4.596,-0.01867033,-0.7468132,85.80883668,3.4323534672,fixed
46.045079099945724,22,4.597,-0.01869948,-0.7479792000000001,85.96150956000001,3.4384603824000006,fixed
46.068105799960904,22,4.597,-0.01870131,-0.7480524,85.96992207,3.4387968828,fixed
46.09062409994658,22,4.597,-0.0186758,-0.7470319999999999,85.85265260000001,3.434106104,fixed
46.11489049997181,22,4.597,-0.01867216,-0.7468864000000001,85.83591952000002,3.4334367808000006,fixed
46.13709189998917,22,4.597,-0.01871224,-0.7484896000000001,86.02016728000002,3.4408066912000006,fixed
46.16324469994288,22,4.597,-0.01871406,-0.7485624,86.02853382000002,3.4411413528000003,fixed
46.186824499978684,22,4.597,-0.01871041,-0.7484164,86.01175477000001,3.4404701908,fixed
46.21068799996283,22,4.597,-0.01869766,-0.7479064000000001,85.95314302000001,3.438125720800001,fixed
46.23385849990882,22,4.597,-0.01868309,-0.7473236,85.88616473,3.4354465892,fixed
46.25756389996968,22,4.597,-0.01870677,-0.7482708000000001,85.99502169,3.4398008676000007,fixed
46.28113719995599,22,4.597,-0.01867398,-0.7469592,85.84428606000002,3.4337714424000003,fixed
46.3041940999683,22,4.597,-0.01866123,-0.7464492,85.78567431000002,3.4314269724000006,fixed
46.32543109997641,22,4.597,-0.01868673,-0.7474691999999998,85.90289781,3.4361159123999996,fixed
46.351040399982594,23,4.597,-0.01869766,-0.7479064000000001,85.95314302000001,3.438125720800001,fixed
46.37285659997724,23,4.597,-0.01868855,-0.7475420000000002,85.91126435000001,3.436450574000001,fixed
46.39920679992065,23,4.597,-0.01872499,-0.7489996000000001,86.07877903,3.4431511612000008,fixed
46.42242829990573,23,4.597,-0.01869948,-0.7479792000000001,85.96150956000001,3.4384603824000006,fixed
46.44590349995997,23,4.597,-0.01872135,-0.748854,86.06204595000001,3.4424818380000004,fixed
46.46866409992799,23,4.596,-0.01871952,-0.7487808,86.03491392,3.4413965568,fixed
46.493604099960066,23,4.597,-0.01867762,-0.7471047999999999,85.86101914000001,3.4344407656,fixed
46.51645179989282,23,4.597,-0.01870131,-0.7480524,85.96992207,3.4387968828,fixed
46.53992749995086,23,4.597,-0.01869037,-0.7476148,85.91963089000002,3.4367852356000004,fixed
46.56259429990314,23,4.597,-0.01866487,-0.7465948,85.80240739,3.4320962956000005,fixed
46.58673729992006,23,4.597,-0.01869948,-0.7479792000000001,85.96150956000001,3.4384603824000006,fixed
46.60968169989064,23,4.597,-0.01870677,-0.7482708000000001,85.99502169,3.4398008676000007,fixed
46.635107899899594,23,4.597,-0.01866669,-0.7466676,85.81077393,3.4324309572000002,fixed
46.656828099978156,23,4.597,-0.01870313,-0.7481251999999999,85.97828860999999,3.4391315444,fixed
46.678686899947934,23,4.597,-0.01868309,-0.7473236,85.88616473,3.4354465892,fixed
46.70153729990125,23,4.597,-0.01865212,-0.7460848,85.74379564,3.4297518256000004,fixed
46.727506099967286,23,4.597,-0.01866487,-0.7465948,85.80240739,3.4320962956000005,fixed
46.75092739996035,23,4.597,-0.01867762,-0.7471047999999999,85.86101914000001,3.4344407656,fixed
46.772422899957746,23,4.597,-0.01867033,-0.7468132,85.82750701,3.4331002804,fixed
46.79427359998226,23,4.597,-0.01870131,-0.7480524,85.96992207,3.4387968828,fixed
46.818577399943024,23,4.597,-0.01872135,-0.748854,86.06204595000001,3.4424818380000004,fixed
46.84035439998843,23,4.597,-0.01867398,-0.7469592,85.84428606000002,3.4337714424000003,fixed
46.867212699959055,23,4.597,-0.01865394,-0.7461576000000001,85.75216218000001,3.4300864872000005,fixed
46.89006479992531,23,4.597,-0.0186594,-0.7463759999999999,85.7772618,3.431090472,fixed
46.91468339995481,23,4.597,-0.01864847,-0.7459388,85.72701659,3.4290806636,fixed
46.93634919996839,23,4.597,-0.01870677,-0.7482708000000001,85.99502169,3.4398008676000007,fixed
46.96046649990603,23,4.597,-0.01870495,-0.748198,85.98665515,3.4394662060000005,fixed
46.98225039988756,23,4.597,-0.01867216,-0.7468864000000001,85.83591952000002,3.4334367808000006,fixed
47.00710199994501,23,4.597,-0.01869584,-0.7478335999999999,85.94477648,3.4377910592,fixed
47.02824479993433,23,4.597,-0.01870313,-0.7481251999999999,85.97828860999999,3.4391315444,fixed
47.055239599896595,23,4.597,-0.01867033,-0.7468132,85.82750701,3.4331002804,fixed
47.07849179988261,23,4.597,-0.01869766,-0.7479064000000001,85.95314302000001,3.438125720800001,fixed
47.10395429993514,23,4.597,-0.01864847,-0.7459388,85.72701659,3.4290806636,fixed
47.126406099880114,23,4.597,-0.01867216,-0.7468864000000001,85.83591952000002,3.4334367808000006,fixed
47.14995499991346,23,4.597,-0.01868127,-0.7472508000000001,85.87779819000001,3.435111927600001,fixed
47.172436699969694,23,4.597,-0.01866123,-0.7464492,85.78567431000002,3.4314269724000006,fixed
47.197872999939136,23,4.597,-0.01869402,-0.7477607999999999,85.93640994,3.4374563975999997,fixed
47.21932569995988,23,4.596,-0.01869948,-0.7479792000000001,85.94281008,3.4377124032000004,fixed
47.24325069994666,23,4.597,-0.01867944,-0.7471776,85.86938568000001,3.4347754272000004,fixed
47.26520659995731,23,4.597,-0.01869402,-0.7477607999999999,85.93640994,3.4374563975999997,fixed
47.29015139990952,23,4.597,-0.01870131,-0.7480524,85.96992207,3.4387968828,fixed
47.31157199991867,23,4.597,-0.01867216,-0.7468864000000001,85.83591952000002,3.4334367808000006,fixed
47.3357071998762,23,4.597,-0.01868673,-0.7474691999999998,85.90289781,3.4361159123999996,fixed
47.35756179993041,23,4.597,-0.0187177,-0.748708,86.04526690000002,3.4418106760000007,fixed
47.381728799897246,23,4.597,-0.01870131,-0.7480524,85.96992207,3.4387968828,fixed
47.40335979987867,23,4.597,-0.01868309,-0.7473236,85.88616473,3.4354465892,fixed
47.42528249998577,23,4.597,-0.01868855,-0.7475420000000002,85.91126435000001,3.436450574000001,fixed
47.4472704998916,23,4.597,-0.01868127,-0.7472508000000001,85.87779819000001,3.435111927600001,fixed
47.469259599922225,23,4.597,-0.01866123,-0.7464492,85.78567431000002,3.4314269724000006,fixed
47.49119989993051,23,4.597,-0.01864301,-0.7457204000000001,85.70191697000001,3.4280766788000006,fixed
47.51250639988575,23,4.597,-0.01865212,-0.7460848,85.74379564,3.4297518256000004,fixed
47.53693099995144,23,4.597,-0.01867398,-0.7469592,85.84428606000002,3.4337714424000003,fixed
47.55823879991658,23,4.597,-0.01869402,-0.7477607999999999,85.93640994,3.4374563975999997,fixed
47.580224499921314,23,4.597,-0.01866123,-0.7464492,85.78567431000002,3.4314269724000006,fixed
47.60226989991497,23,4.597,-0.01865576,-0.7462304000000001,85.76052872000001,3.4304211488000007,fixed
47.624302099924535,23,4.597,-0.01867398,-0.7469592,85.84428606000002,3.4337714424000003,fixed
47.64786759996787,23,4.596,-0.01867944,-0.7471776,85.85070624,3.4340282496,fixed
47.669825599878095,23,4.597,-0.01865576,-0.7462304000000001,85.76052872000001,3.4304211488000007,fixed
47.69544059992768,23,4.597,-0.01862479,-0.7449915999999999,85.61815963,3.4247263851999996,fixed
47.719906399957836,23,4.597,-0.01867762,-0.7471047999999999,85.86101914000001,3.4344407656,fixed
47.741307299933396,23,4.596,-0.01864482,-0.7457927999999999,85.69159272,3.4276637087999995,fixed
47.76360229996499,23,4.597,-0.01866851,-0.7467403999999999,85.81914047,3.4327656187999995,fixed
47.78843699989375,23,4.597,-0.01868855,-0.7475420000000002,85.91126435000001,3.436450574000001,fixed
47.81085719994735,23,4.597,-0.01867398,-0.7469592,85.84428606000002,3.4337714424000003,fixed
47.834779399912804,23,4.597,-0.01864665,-0.745866,85.71865005000001,3.4287460020000005,fixed
47.85625629988499,23,4.597,-0.0186758,-0.7470319999999999,85.85265260000001,3.434106104,fixed
47.88112119992729,23,4.597,-0.01867398,-0.7469592,85.84428606000002,3.4337714424000003,fixed
47.90230649989098,23,4.597,-0.01863754,-0.7455016000000001,85.67677138000002,3.4270708552000007,fixed
47.92711689998396,23,4.597,-0.0186594,-0.7463759999999999,85.7772618,3.431090472,fixed
47.94823009998072,23,4.597,-0.01868309,-0.7473236,85.88616473,3.4354465892,fixed
47.973632699926384,23,4.597,-0.0186758,-0.7470319999999999,85.85265260000001,3.434106104,fixed
47.99523459991906,23,4.597,-0.01868673,-0.7474691999999998,85.90289781,3.4361159123999996,fixed
48.02065799990669,23,4.597,-0.01869948,-0.7479792000000001,85.96150956000001,3.4384603824000006,fixed
48.042183699901216,23,4.597,-0.01864483,-0.7457932,85.71028351000001,3.4284113404000007,fixed
48.06722049997188,23,4.597,-0.01864665,-0.745866,85.71865005000001,3.4287460020000005,fixed
48.08868069993332,23,4.597,-0.01866305,-0.7465220000000001,85.79404085000002,3.431761634000001,fixed
48.115603099926375,23,4.597,-0.01863754,-0.7455016000000001,85.67677138000002,3.4270708552000007,fixed
48.13847949996125,23,4.597,-0.01867033,-0.7468132,85.82750701,3.4331002804,fixed
48.16697039990686,23,4.597,-0.01865394,-0.7461576000000001,85.75216218000001,3.4300864872000005,fixed
48.188550999970175,23,4.596,-0.01868673,-0.7474691999999998,85.88421108,3.4353684431999993,fixed
48.21079849998932,23,4.597,-0.01868127,-0.7472508000000001,85.87779819000001,3.435111927600001,fixed
48.232932499959134,23,4.597,-0.01867762,-0.7471047999999999,85.86101914000001,3.4344407656,fixed
48.25747969991062,23,4.597,-0.01869584,-0.7478335999999999,85.94477648,3.4377910592,fixed
48.28103769989684,23,4.597,-0.01870131,-0.7480524,85.96992207,3.4387968828,fixed
48.30530159990303,23,4.597,-0.01865394,-0.7461576000000001,85.75216218000001,3.4300864872000005,fixed
48.32880599994678,23,4.597,-0.01868127,-0.7472508000000001,85.87779819000001,3.435111927600001,fixed
48.35149739985354,24,4.597,-0.01863572,-0.7454288000000001,85.66840484000002,3.426736193600001,fixed
48.373482899856754,24,4.597,-0.01863207,-0.7452827999999999,85.65162579000001,3.4260650316,fixed
48.39816889993381,24,4.597,-0.0186594,-0.7463759999999999,85.7772618,3.431090472,fixed
48.41944699990563,24,4.597,-0.01867033,-0.7468132,85.82750701,3.4331002804,fixed
48.44497779989615,24,4.597,-0.01865212,-0.7460848,85.74379564,3.4297518256000004,fixed
48.46769299986772,24,4.597,-0.0186922,-0.747688,85.9280434,3.4371217360000004,fixed
48.493148999870755,24,4.597,-0.01869766,-0.7479064000000001,85.95314302000001,3.438125720800001,fixed
48.515935199917294,24,4.597,-0.01868127,-0.7472508000000001,85.87779819000001,3.435111927600001,fixed
48.54092029994354,24,4.597,-0.01870677,-0.7482708000000001,85.99502169,3.4398008676000007,fixed
48.56344549986534,24,4.597,-0.01865758,-0.7463031999999999,85.76889526000001,3.4307558104,fixed
48.58734679990448,24,4.597,-0.01868309,-0.7473236,85.88616473,3.4354465892,fixed
48.61056129995268,24,4.597,-0.01868309,-0.7473236,85.88616473,3.4354465892,fixed
48.63421779987402,24,4.597,-0.01864301,-0.7457204000000001,85.70191697000001,3.4280766788000006,fixed
48.65772009990178,24,4.597,-0.01867944,-0.7471776,85.86938568000001,3.4347754272000004,fixed
48.68102749995887,24,4.597,-0.01866851,-0.7467403999999999,85.81914047,3.4327656187999995,fixed
48.703580399858765,24,4.597,-0.0186339,-0.7453559999999999,85.66003830000001,3.426401532,fixed
48.72749609989114,24,4.597,-0.01864665,-0.745866,85.71865005000001,3.4287460020000005,fixed
48.750725799938664,24,4.597,-0.01866305,-0.7465220000000001,85.79404085000002,3.431761634000001,fixed
48.77358639985323,24,4.597,-0.01863936,-0.7455744,85.68513792000002,3.4274055168000004,fixed
48.796513699926436,24,4.597,-0.0186758,-0.7470319999999999,85.85265260000001,3.434106104,fixed
48.823205999913625,24,4.597,-0.01870131,-0.7480524,85.96992207,3.4387968828,fixed
48.846446199924685,24,4.597,-0.01867944,-0.7471776,85.86938568000001,3.4347754272000004,fixed
48.869727599900216,24,4.597,-0.01869402,-0.7477607999999999,85.93640994,3.4374563975999997,fixed
48.8926908998983,24,4.597,-0.01865758,-0.7463031999999999,85.76889526000001,3.4307558104,fixed
48.915501099894755,24,4.597,-0.01866305,-0.7465220000000001,85.79404085000002,3.431761634000001,fixed
48.93880329991225,24,4.597,-0.01868127,-0.7472508000000001,85.87779819000001,3.435111927600001,fixed
48.9630302998703,24,4.597,-0.0186594,-0.7463759999999999,85.7772618,3.431090472,fixed
48.985635999939404,24,4.597,-0.01864665,-0.745866,85.71865005000001,3.4287460020000005,fixed
49.01038249989506,24,4.597,-0.01868673,-0.7474691999999998,85.90289781,3.4361159123999996,fixed
49.034257799969055,24,4.597,-0.01867216,-0.7468864000000001,85.83591952000002,3.4334367808000006,fixed
49.05741249991115,24,4.597,-0.01870313,-0.7481251999999999,85.97828860999999,3.4391315444,fixed
49.08044999989215,24,4.597,-0.01870131,-0.7480524,85.96992207,3.4387968828,fixed
49.10421509994194,24,4.597,-0.0186594,-0.7463759999999999,85.7772618,3.431090472,fixed
49.127695599920116,24,4.597,-0.0186758,-0.7470319999999999,85.85265260000001,3.434106104,fixed
49.15066379995551,24,4.597,-0.0186758,-0.7470319999999999,85.85265260000001,3.434106104,fixed
49.173862199881114,24,4.597,-0.01864301,-0.7457204000000001,85.70191697000001,3.4280766788000006,fixed
49.19913749990519,24,4.597,-0.01865576,-0.7462304000000001,85.76052872000001,3.4304211488000007,fixed
49.22283429990057,24,4.597,-0.01864665,-0.745866,85.71865005000001,3.4287460020000005,fixed
49.2455195998773,24,4.597,-0.01865576,-0.7462304000000001,85.76052872000001,3.4304211488000007,fixed
49.268321199924685,24,4.597,-0.01868491,-0.7473964,85.89453127,3.4357812508000003,fixed
49.29171329992823,24,4.597,-0.01867762,-0.7471047999999999,85.86101914000001,3.4344407656,fixed
49.31449919985607,24,4.597,-0.01864847,-0.7459388,85.72701659,3.4290806636,fixed
49.337451199884526,24,4.597,-0.01866305,-0.7465220000000001,85.79404085000002,3.431761634000001,fixed
49.360487199854106,24,4.597,-0.01866305,-0.7465220000000001,85.79404085000002,3.431761634000001,fixed
49.38372329995036,24,4.597,-0.01863572,-0.7454288000000001,85.66840484000002,3.426736193600001,fixed
49.406426599947736,24,4.597,-0.01865758,-0.7463031999999999,85.76889526000001,3.4307558104,fixed
49.431063999887556,24,4.597,-0.0186758,-0.7470319999999999,85.85265260000001,3.434106104,fixed
49.45379029994365,24,4.597,-0.01865394,-0.7461576000000001,85.75216218000001,3.4300864872000005,fixed
49.47706739988644,24,4.597,-0.01868127,-0.7472508000000001,85.87779819000001,3.435111927600001,fixed
49.499372299876995,24,4.597,-0.01870859,-0.7483436,86.00338823,3.4401355292000004,fixed
49.522593599860556,24,4.597,-0.01867033,-0.7468132,85.82750701,3.4331002804,fixed
49.54487659991719,24,4.597,-0.01865394,-0.7461576000000001,85.75216218000001,3.4300864872000005,fixed
49.56922719988506,24,4.597,-0.01866487,-0.7465948,85.80240739,3.4320962956000005,fixed
49.591819099965505,24,4.597,-0.01863572,-0.7454288000000001,85.66840484000002,3.426736193600001,fixed
49.616149599896744,24,4.597,-0.01863572,-0.7454288000000001,85.66840484000002,3.426736193600001,fixed
49.637405499932356,24,4.597,-0.01867762,-0.7471047999999999,85.86101914000001,3.4344407656,fixed
49.66123569989577,24,4.597,-0.01868855,-0.7475420000000002,85.91126435000001,3.436450574000001,fixed
49.68406789994333,24,4.597,-0.01865576,-0.7462304000000001,85.76052872000001,3.4304211488000007,fixed
49.708503499859944,24,4.597,-0.01867762,-0.7471047999999999,85.86101914000001,3.4344407656,fixed
49.731475699925795,24,4.597,-0.01867762,-0.7471047999999999,85.86101914000001,3.4344407656,fixed
49.756509099854156,24,4.597,-0.01864483,-0.7457932,85.71028351000001,3.4284113404000007,fixed
49.779507399885915,24,4.597,-0.01867216,-0.7468864000000001,85.83591952000002,3.4334367808000006,fixed
49.8042734998744,24,4.597,-0.01864483,-0.7457932,85.71028351000001,3.4284113404000007,fixed
49.82943349995185,24,4.597,-0.0186594,-0.7463759999999999,85.7772618,3.431090472,fixed
49.85132239991799,24,4.597,-0.01864847,-0.7459388,85.72701659,3.4290806636,fixed
49.873242499888875,24,4.597,-0.01863936,-0.7455744,85.68513792000002,3.4274055168000004,fixed
49.89648519991897,24,4.597,-0.0186758,-0.7470319999999999,85.85265260000001,3.434106104,fixed
49.91821509995498,24,4.597,-0.01870313,-0.7481251999999999,85.97828860999999,3.4391315444,fixed
49.94393509987276,24,4.597,-0.01868673,-0.7474691999999998,85.90289781,3.4361159123999996,fixed
49.96562129992526,24,4.597,-0.01866669,-0.7466676,85.81077393,3.4324309572000002,fixed
49.992267999914475,24,4.597,-0.01867944,-0.7471776,85.86938568000001,3.4347754272000004,fixed
50.01564729993697,24,4.597,-0.01865394,-0.7461576000000001,85.75216218000001,3.4300864872000005,fixed
50.04190609988291,24,4.597,-0.01867762,-0.7471047999999999,85.86101914000001,3.4344407656,fixed
50.0661619999446,24,4.597,-0.01863754,-0.7455016000000001,85.67677138000002,3.4270708552000007,fixed
50.089644499938004,24,4.597,-0.01868491,-0.7473964,85.89453127,3.4357812508000003,fixed
50.11238269996829,24,4.597,-0.01866487,-0.7465948,85.80240739,3.4320962956000005,fixed
50.134791099932045,24,4.597,-0.0186594,-0.7463759999999999,85.7772618,3.431090472,fixed
50.15654379990883,24,4.597,-0.01868855,-0.7475420000000002,85.91126435000001,3.436450574000001,fixed
50.1823155998718,24,4.597,-0.01868855,-0.7475420000000002,85.91126435000001,3.436450574000001,fixed
50.20485569990706,24,4.597,-0.01865212,-0.7460848,85.74379564,3.4297518256000004,fixed
50.22904369991738,24,4.597,-0.01867033,-0.7468132,85.82750701,3.4331002804,fixed
50.25055659993086,24,4.597,-0.01867944,-0.7471776,85.86938568000001,3.4347754272000004,fixed
50.275903299916536,24,4.597,-0.0186594,-0.7463759999999999,85.7772618,3.431090472,fixed
50.29777829989325,24,4.597,-0.01868673,-0.7474691999999998,85.90289781,3.4361159123999996,fixed
50.32265479990747,24,4.597,-0.01868309,-0.7473236,85.88616473,3.4354465892,fixed
50.34476659994107,24,4.597,-0.01863754,-0.7455016000000001,85.67677138000002,3.4270708552000007,fixed
50.37017329991795,25,4.597,-0.01866669,-0.7466676,85.81077393,3.4324309572000002,fixed
50.392533399979584,25,4.597,-0.0186594,-0.7463759999999999,85.7772618,3.431090472,fixed
50.4165366999805,25,4.597,-0.01866669,-0.7466676,85.81077393,3.4324309572000002,fixed
50.43858909991104,25,4.597,-0.01871041,-0.7484164,86.01175477000001,3.4404701908,fixed
50.46406229992863,25,4.597,-0.01870131,-0.7480524,85.96992207,3.4387968828,fixed
50.4861262999475,25,4.597,-0.01868855,-0.7475420000000002,85.91126435000001,3.436450574000001,fixed
50.51078219991177,25,4.597,-0.01869948,-0.7479792000000001,85.96150956000001,3.4384603824000006,fixed
50.53262769989669,25,4.597,-0.01866851,-0.7467403999999999,85.81914047,3.4327656187999995,fixed
50.55796229990665,25,4.597,-0.01866851,-0.7467403999999999,85.81914047,3.4327656187999995,fixed
50.57920199993532,25,4.597,-0.01870495,-0.748198,85.98665515,3.4394662060000005,fixed
50.604948599939235,25,4.597,-0.01869584,-0.7478335999999999,85.94477648,3.4377910592,fixed
50.626222299877554,25,4.597,-0.01870313,-0.7481251999999999,85.97828860999999,3.4391315444,fixed
50.651277699973434,25,4.597,-0.01870677,-0.7482708000000001,85.99502169,3.4398008676000007,fixed
50.67338899988681,25,4.597,-0.01865394,-0.7461576000000001,85.75216218000001,3.4300864872000005,fixed
50.69809379987419,25,4.597,-0.01865029,-0.7460115999999999,85.73538313,3.4294153252,fixed
50.71965649991762,25,4.597,-0.01867762,-0.7471047999999999,85.86101914000001,3.4344407656,fixed
50.74637709988747,25,4.597,-0.0186594,-0.7463759999999999,85.7772618,3.431090472,fixed
50.76889169996139,25,4.597,-0.01868491,-0.7473964,85.89453127,3.4357812508000003,fixed
50.79322549991775,25,4.597,-0.01866851,-0.7467403999999999,85.81914047,3.4327656187999995,fixed
50.816694199922495,25,4.597,-0.01865212,-0.7460848,85.74379564,3.4297518256000004,fixed
50.84000919992104,25,4.597,-0.01868491,-0.7473964,85.89453127,3.4357812508000003,fixed
50.862427399959415,25,4.597,-0.01866669,-0.7466676,85.81077393,3.4324309572000002,fixed
50.88735899992753,25,4.597,-0.01865758,-0.7463031999999999,85.76889526000001,3.4307558104,fixed
50.910240799887106,25,4.597,-0.01869584,-0.7478335999999999,85.94477648,3.4377910592,fixed
50.9334904999705,25,4.597,-0.01866123,-0.7464492,85.78567431000002,3.4314269724000006,fixed
50.956742499955,25,4.597,-0.01867398,-0.7469592,85.84428606000002,3.4337714424000003,fixed
50.980749899870716,25,4.597,-0.01870859,-0.7483436,86.00338823,3.4401355292000004,fixed
51.004250299884006,25,4.597,-0.01867944,-0.7471776,85.86938568000001,3.4347754272000004,fixed
51.02760719996877,25,4.597,-0.01868491,-0.7473964,85.89453127,3.4357812508000003,fixed
51.05047019990161,25,4.597,-0.01869766,-0.7479064000000001,85.95314302000001,3.438125720800001,fixed
51.07405849988572,25,4.597,-0.0186594,-0.7463759999999999,85.7772618,3.431090472,fixed
51.09647339989897,25,4.597,-0.01865394,-0.7461576000000001,85.75216218000001,3.4300864872000005,fixed
51.12004159996286,25,4.597,-0.01867762,-0.7471047999999999,85.86101914000001,3.4344407656,fixed
51.14271639997605,25,4.597,-0.01866487,-0.7465948,85.80240739,3.4320962956000005,fixed
51.16660379990935,25,4.597,-0.01865576,-0.7462304000000001,85.76052872000001,3.4304211488000007,fixed
51.189776399871334,25,4.597,-0.01869766,-0.7479064000000001,85.95314302000001,3.438125720800001,fixed
51.213526299921796,25,4.597,-0.01868309,-0.7473236,85.88616473,3.4354465892,fixed
51.23661869997159,25,4.597,-0.01867033,-0.7468132,85.82750701,3.4331002804,fixed
51.261149999918416,25,4.597,-0.01869584,-0.7478335999999999,85.94477648,3.4377910592,fixed
51.28468159993645,25,4.597,-0.0186594,-0.7463759999999999,85.7772618,3.431090472,fixed
51.307893199962564,25,4.597,-0.01868491,-0.7473964,85.89453127,3.4357812508000003,fixed
51.330535499961115,25,4.597,-0.01871041,-0.7484164,86.01175477000001,3.4404701908,fixed
51.35396509990096,25,4.597,-0.01867762,-0.7471047999999999,85.86101914000001,3.4344407656,fixed
51.37680219986942,25,4.597,-0.01867398,-0.7469592,85.84428606000002,3.4337714424000003,fixed
51.4009007998975,25,4.597,-0.01868855,-0.7475420000000002,85.91126435000001,3.436450574000001,fixed
51.42376059992239,25,4.597,-0.01865576,-0.7462304000000001,85.76052872000001,3.4304211488000007,fixed
51.44757809990551,25,4.597,-0.01867033,-0.7468132,85.82750701,3.4331002804,fixed
51.4707915999461,25,4.597,-0.01871224,-0.7484896000000001,86.02016728000002,3.4408066912000006,fixed
51.49472709989641,25,4.597,-0.01867944,-0.7471776,85.86938568000001,3.4347754272000004,fixed
51.51746819994878,25,4.597,-0.01868491,-0.7473964,85.89453127,3.4357812508000003,fixed
51.54235629993491,25,4.597,-0.01868491,-0.7473964,85.89453127,3.4357812508000003,fixed
51.566683599958196,25,4.597,-0.01863572,-0.7454288000000001,85.66840484000002,3.426736193600001,fixed
51.58943659986835,25,4.597,-0.01866669,-0.7466676,85.81077393,3.4324309572000002,fixed
51.61329049989581,25,4.597,-0.01865394,-0.7461576000000001,85.75216218000001,3.4300864872000005,fixed
51.636164699913934,25,4.597,-0.01865394,-0.7461576000000001,85.75216218000001,3.4300864872000005,fixed
51.65872939990368,25,4.597,-0.01869584,-0.7478335999999999,85.94477648,3.4377910592,fixed
51.68079219991341,25,4.597,-0.0186922,-0.747688,85.9280434,3.4371217360000004,fixed
51.703590799937956,25,4.597,-0.01866669,-0.7466676,85.81077393,3.4324309572000002,fixed
51.728002599906176,25,4.597,-0.01865576,-0.7462304000000001,85.76052872000001,3.4304211488000007,fixed
51.75070449989289,25,4.597,-0.01869037,-0.7476148,85.91963089000002,3.4367852356000004,fixed
51.7744133999804,25,4.597,-0.01867033,-0.7468132,85.82750701,3.4331002804,fixed
51.79728529998101,25,4.597,-0.01868491,-0.7473964,85.89453127,3.4357812508000003,fixed
51.82099919987377,25,4.597,-0.01870859,-0.7483436,86.00338823,3.4401355292000004,fixed
51.84398289991077,25,4.597,-0.01867944,-0.7471776,85.86938568000001,3.4347754272000004,fixed
51.86806829995476,25,4.597,-0.01867216,-0.7468864000000001,85.83591952000002,3.4334367808000006,fixed
51.89079419989139,25,4.597,-0.01869584,-0.7478335999999999,85.94477648,3.4377910592,fixed
51.91832149995025,25,4.597,-0.01867762,-0.7471047999999999,85.86101914000001,3.4344407656,fixed
51.9405068999622,25,4.597,-0.01870313,-0.7481251999999999,85.97828860999999,3.4391315444,fixed
51.96231279987842,25,4.597,-0.01867216,-0.7468864000000001,85.83591952000002,3.4334367808000006,fixed
51.98453919996973,25,4.597,-0.01865029,-0.7460115999999999,85.73538313,3.4294153252,fixed
52.008771599968895,25,4.597,-0.01864847,-0.7459388,85.72701659,3.4290806636,fixed
52.03130859998055,25,4.597,-0.01865576,-0.7462304000000001,85.76052872000001,3.4304211488000007,fixed
52.056081499904394,25,4.597,-0.0186339,-0.7453559999999999,85.66003830000001,3.426401532,fixed
52.07944039988797,25,4.597,-0.01869402,-0.7477607999999999,85.93640994,3.4374563975999997,fixed
52.10245829995256,25,4.597,-0.0186922,-0.747688,85.9280434,3.4371217360000004,fixed
52.12566149991471,25,4.597,-0.01864847,-0.7459388,85.72701659,3.4290806636,fixed
52.14807219989598,25,4.597,-0.01866669,-0.7466676,85.81077393,3.4324309572000002,fixed
52.171409699949436,25,4.597,-0.01867762,-0.7471047999999999,85.86101914000001,3.4344407656,fixed
52.19574319990352,25,4.597,-0.01865029,-0.7460115999999999,85.73538313,3.4294153252,fixed
52.218485299963504,25,4.597,-0.01869037,-0.7476148,85.91963089000002,3.4367852356000004,fixed
52.24118729995098,25,4.597,-0.01871224,-0.7484896000000001,86.02016728000002,3.4408066912000006,fixed
52.263202099944465,25,4.597,-0.01867944,-0.7471776,85.86938568000001,3.4347754272000004,fixed
52.286751599865966,25,4.597,-0.0186758,-0.7470319999999999,85.85265260000001,3.434106104,fixed
52.308593999943696,25,4.597,-0.01869037,-0.7476148,85.91963089000002,3.4367852356000004,fixed
52.33475059992634,25,4.596,-0.01868308,-0.7473232,85.86743568,3.4346974271999997,fixed
52.356747899902984,25,4.597,-0.01866669,-0.7466676,85.81077393,3.4324309572000002,fixed
52.38274889998138,26,4.597,-0.01869948,-0.7479792000000001,85.96150956000001,3.4384603824000006,fixed
52.405681299977005,26,4.597,-0.01866305,-0.7465220000000001,85.79404085000002,3.431761634000001,fixed
52.4284116999479,26,4.597,-0.01868855,-0.7475420000000002,85.91126435000001,3.436450574000001,fixed
52.450302099925466,26,4.597,-0.01870495,-0.748198,85.98665515,3.4394662060000005,fixed
52.47463579988107,26,4.597,-0.01866851,-0.7467403999999999,85.81914047,3.4327656187999995,fixed
52.49664349993691,26,4.597,-0.01866123,-0.7464492,85.78567431000002,3.4314269724000006,fixed
52.52168649993837,26,4.597,-0.01869037,-0.7476148,85.91963089000002,3.4367852356000004,fixed
52.54362799995579,26,4.597,-0.01867762,-0.7471047999999999,85.86101914000001,3.4344407656,fixed
52.569649799959734,26,4.597,-0.01867944,-0.7471776,85.86938568000001,3.4347754272000004,fixed
52.59188729990274,26,4.596,-0.01869766,-0.7479064000000001,85.93444536000001,3.4373778144000005,fixed
52.618597199907526,26,4.597,-0.01866305,-0.7465220000000001,85.79404085000002,3.431761634000001,fixed
52.64202369994018,26,4.597,-0.01869766,-0.7479064000000001,85.95314302000001,3.438125720800001,fixed
52.66480919998139,26,4.597,-0.0186594,-0.7463759999999999,85.7772618,3.431090472,fixed
52.68781359994318,26,4.597,-0.01866487,-0.7465948,85.80240739,3.4320962956000005,fixed
52.71215429995209,26,4.597,-0.0186922,-0.747688,85.9280434,3.4371217360000004,fixed
52.73681739997119,26,4.597,-0.01866851,-0.7467403999999999,85.81914047,3.4327656187999995,fixed
52.75900319986977,26,4.597,-0.01871041,-0.7484164,86.01175477000001,3.4404701908,fixed
52.7807415999705,26,4.597,-0.0187177,-0.748708,86.04526690000002,3.4418106760000007,fixed
52.804145699949004,26,4.597,-0.01867944,-0.7471776,85.86938568000001,3.4347754272000004,fixed
52.82680579996668,26,4.597,-0.01866851,-0.7467403999999999,85.81914047,3.4327656187999995,fixed
52.851222899975255,26,4.597,-0.01868309,-0.7473236,85.88616473,3.4354465892,fixed
52.87353069987148,26,4.597,-0.01866305,-0.7465220000000001,85.79404085000002,3.431761634000001,fixed
52.89782489987556,26,4.597,-0.01865758,-0.7463031999999999,85.76889526000001,3.4307558104,fixed
52.92001459992025,26,4.597,-0.01870131,-0.7480524,85.96992207,3.4387968828,fixed
52.945937599870376,26,4.597,-0.01870313,-0.7481251999999999,85.97828860999999,3.4391315444,fixed
52.96791409992147,26,4.597,-0.01870495,-0.748198,85.98665515,3.4394662060000005,fixed
52.99083869997412,26,4.597,-0.01871588,-0.7486352000000001,86.03690036000002,3.4414760144000005,fixed
53.012458599871024,26,4.597,-0.0186922,-0.747688,85.9280434,3.4371217360000004,fixed
53.037876199930906,26,4.597,-0.01866669,-0.7466676,85.81077393,3.4324309572000002,fixed
53.05956459988374,26,4.597,-0.01870131,-0.7480524,85.96992207,3.4387968828,fixed
53.083621399942786,26,4.597,-0.01870495,-0.748198,85.98665515,3.4394662060000005,fixed
53.10546429990791,26,4.597,-0.01868491,-0.7473964,85.89453127,3.4357812508000003,fixed
53.1308308999287,26,4.597,-0.01869584,-0.7478335999999999,85.94477648,3.4377910592,fixed
53.15283939987421,26,4.597,-0.0186922,-0.747688,85.9280434,3.4371217360000004,fixed
53.17856859997846,26,4.597,-0.0186594,-0.7463759999999999,85.7772618,3.431090472,fixed
53.201628299895674,26,4.597,-0.01868673,-0.7474691999999998,85.90289781,3.4361159123999996,fixed
53.22458319994621,26,4.597,-0.01864665,-0.745866,85.71865005000001,3.4287460020000005,fixed
53.2464980998775,26,4.597,-0.01866487,-0.7465948,85.80240739,3.4320962956000005,fixed
53.27141509996727,26,4.597,-0.01869584,-0.7478335999999999,85.94477648,3.4377910592,fixed
53.293619499891065,26,4.597,-0.01867398,-0.7469592,85.84428606000002,3.4337714424000003,fixed
53.31792399997357,26,4.597,-0.01866487,-0.7465948,85.80240739,3.4320962956000005,fixed
53.33990249992348,26,4.597,-0.01870859,-0.7483436,86.00338823,3.4401355292000004,fixed
53.365682999952696,26,4.597,-0.01871041,-0.7484164,86.01175477000001,3.4404701908,fixed
53.38782949990127,26,4.597,-0.01868855,-0.7475420000000002,85.91126435000001,3.436450574000001,fixed
53.41267859993968,26,4.597,-0.01870495,-0.748198,85.98665515,3.4394662060000005,fixed
53.434927099966444,26,4.597,-0.01866669,-0.7466676,85.81077393,3.4324309572000002,fixed
53.45913039997686,26,4.597,-0.01868309,-0.7473236,85.88616473,3.4354465892,fixed
53.48174849990755,26,4.597,-0.01869948,-0.7479792000000001,85.96150956000001,3.4384603824000006,fixed
53.50567909993697,26,4.597,-0.01867398,-0.7469592,85.84428606000002,3.4337714424000003,fixed
53.52805129997432,26,4.597,-0.01869402,-0.7477607999999999,85.93640994,3.4374563975999997,fixed
53.554357999935746,26,4.597,-0.01870859,-0.7483436,86.00338823,3.4401355292000004,fixed
53.57702319987584,26,4.597,-0.01867944,-0.7471776,85.86938568000001,3.4347754272000004,fixed
53.60048739996273,26,4.597,-0.01869766,-0.7479064000000001,85.95314302000001,3.438125720800001,fixed
53.622902799979784,26,4.597,-0.01869584,-0.7478335999999999,85.94477648,3.4377910592,fixed
53.64706199988723,26,4.597,-0.01867033,-0.7468132,85.82750701,3.4331002804,fixed
53.66986119991634,26,4.597,-0.01869948,-0.7479792000000001,85.96150956000001,3.4384603824000006,fixed
53.69311289989855,26,4.597,-0.01869037,-0.7476148,85.91963089000002,3.4367852356000004,fixed
53.7155471999431,26,4.597,-0.01865576,-0.7462304000000001,85.76052872000001,3.4304211488000007,fixed
53.74159459990915,26,4.597,-0.01867762,-0.7471047999999999,85.86101914000001,3.4344407656,fixed
53.764022899908014,26,4.597,-0.01866669,-0.7466676,85.81077393,3.4324309572000002,fixed
53.788586499984376,26,4.597,-0.01866487,-0.7465948,85.80240739,3.4320962956000005,fixed
53.810914899921045,26,4.597,-0.01869766,-0.7479064000000001,85.95314302000001,3.438125720800001,fixed
53.83602759987116,26,4.597,-0.01869037,-0.7476148,85.91963089000002,3.4367852356000004,fixed
53.85796269995626,26,4.597,-0.01868673,-0.7474691999999998,85.90289781,3.4361159123999996,fixed
53.882832199917175,26,4.597,-0.01870313,-0.7481251999999999,85.97828860999999,3.4391315444,fixed
53.90490919991862,26,4.597,-0.01866305,-0.7465220000000001,85.79404085000002,3.431761634000001,fixed
53.929115999955684,26,4.597,-0.01866123,-0.7464492,85.78567431000002,3.4314269724000006,fixed
53.95200849988032,26,4.597,-0.01870131,-0.7480524,85.96992207,3.4387968828,fixed
53.97584929992445,26,4.596,-0.01868308,-0.7473232,85.86743568,3.4346974271999997,fixed
53.99792169989087,26,4.597,-0.01870495,-0.748198,85.98665515,3.4394662060000005,fixed
54.0222061999375,26,4.597,-0.01872863,-0.7491452,86.09551211,3.4438204844,fixed
54.04449499992188,26,4.597,-0.01868673,-0.7474691999999998,85.90289781,3.4361159123999996,fixed
54.069638199871406,26,4.597,-0.01868855,-0.7475420000000002,85.91126435000001,3.436450574000001,fixed
54.09207409992814,26,4.597,-0.01870677,-0.7482708000000001,85.99502169,3.4398008676000007,fixed
54.116461999947205,26,4.597,-0.01866669,-0.7466676,85.81077393,3.4324309572000002,fixed
54.13837989990134,26,4.597,-0.01868673,-0.7474691999999998,85.90289781,3.4361159123999996,fixed
54.1638484998839,26,4.597,-0.01869948,-0.7479792000000001,85.96150956000001,3.4384603824000006,fixed
54.18575909989886,26,4.597,-0.01866305,-0.7465220000000001,85.79404085000002,3.431761634000001,fixed
54.211675399914384,26,4.597,-0.01869584,-0.7478335999999999,85.94477648,3.4377910592,fixed
54.2339058999205,26,4.597,-0.01869766,-0.7479064000000001,85.95314302000001,3.438125720800001,fixed
54.259170299977995,26,4.597,-0.01869402,-0.7477607999999999,85.93640994,3.4374563975999997,fixed
54.28187599987723,26,4.597,-0.01873228,-0.7492911999999999,86.11229116000001,3.4444916464,fixed
54.306046999874525,26,4.597,-0.01871041,-0.7484164,86.01175477000001,3.4404701908,fixed
54.328804199933074,26,4.597,-0.01872499,-0.7489996000000001,86.07877903,3.4431511612000008,fixed
54.353265499928966,26,4.597,-0.01873228,-0.7492911999999999,86.11229116000001,3.4444916464,fixed
54.37546699994709,26,4.597,-0.01871224,-0.7484896000000001,86.02016728000002,3.4408066912000006,fixed
54.40087409992702,27,4.597,-0.01873774,-0.7495096,86.13739078,3.4454956312000005,fixed
54.4227962999139,27,4.597,-0.01871952,-0.7487808,86.05363344000001,3.4421453376000004,fixed
54.4486934999004,27,4.597,-0.01866851,-0.7467403999999999,85.81914047,3.4327656187999995,fixed
54.470817099907435,27,4.597,-0.01870131,-0.7480524,85.96992207,3.4387968828,fixed
54.49563429993577,27,4.596,-0.01869037,-0.7476148,85.90094052,3.4360376208,fixed
54.517815799918026,27,4.597,-0.01869584,-0.7478335999999999,85.94477648,3.4377910592,fixed
54.54088099987712,27,4.597,-0.01871952,-0.7487808,86.05363344000001,3.4421453376000004,fixed
54.56283559987787,27,4.597,-0.01871588,-0.7486352000000001,86.03690036000002,3.4414760144000005,fixed
54.587884999928065,27,4.597,-0.01868673,-0.7474691999999998,85.90289781,3.4361159123999996,fixed
54.60982479993254,27,4.597,-0.01871224,-0.7484896000000001,86.02016728000002,3.4408066912000006,fixed
54.63540919998195,27,4.597,-0.01871406,-0.7485624,86.02853382000002,3.4411413528000003,fixed
54.65763229993172,27,4.597,-0.01871041,-0.7484164,86.01175477000001,3.4404701908,fixed
54.68188609997742,27,4.597,-0.01872135,-0.748854,86.06204595000001,3.4424818380000004,fixed
54.70372569991741,27,4.597,-0.01869037,-0.7476148,85.91963089000002,3.4367852356000004,fixed
54.729268099879846,27,4.597,-0.01866487,-0.7465948,85.80240739,3.4320962956000005,fixed
54.75162899994757,27,4.597,-0.01868491,-0.7473964,85.89453127,3.4357812508000003,fixed
54.77544499991927,27,4.597,-0.01866305,-0.7465220000000001,85.79404085000002,3.431761634000001,fixed
54.79780129995197,27,4.597,-0.01868127,-0.7472508000000001,85.87779819000001,3.435111927600001,fixed
54.822276999941096,27,4.597,-0.01870495,-0.748198,85.98665515,3.4394662060000005,fixed
54.844773099874146,27,4.597,-0.01866851,-0.7467403999999999,85.81914047,3.4327656187999995,fixed
54.86897919990588,27,4.597,-0.0186594,-0.7463759999999999,85.7772618,3.431090472,fixed
54.89074789988808,27,4.597,-0.01868491,-0.7473964,85.89453127,3.4357812508000003,fixed
54.91642109991517,27,4.597,-0.01867398,-0.7469592,85.84428606000002,3.4337714424000003,fixed
54.938716399949044,27,4.597,-0.0186758,-0.7470319999999999,85.85265260000001,3.434106104,fixed
54.962667299900204,27,4.597,-0.01869948,-0.7479792000000001,85.96150956000001,3.4384603824000006,fixed
54.98470389994327,27,4.597,-0.01866487,-0.7465948,85.80240739,3.4320962956000005,fixed
55.01036319998093,27,4.597,-0.01867398,-0.7469592,85.84428606000002,3.4337714424000003,fixed
55.032791499979794,27,4.597,-0.01869948,-0.7479792000000001,85.96150956000001,3.4384603824000006,fixed
55.05530779995024,27,4.597,-0.01867216,-0.7468864000000001,85.83591952000002,3.4334367808000006,fixed
55.07785229990259,27,4.597,-0.01867216,-0.7468864000000001,85.83591952000002,3.4334367808000006,fixed
55.10228679992724,27,4.597,-0.01868855,-0.7475420000000002,85.91126435000001,3.436450574000001,fixed
55.12493829987943,27,4.597,-0.01865576,-0.7462304000000001,85.76052872000001,3.4304211488000007,fixed
55.15121659997385,27,4.597,-0.01866669,-0.7466676,85.81077393,3.4324309572000002,fixed
55.17399469995871,27,4.597,-0.01868855,-0.7475420000000002,85.91126435000001,3.436450574000001,fixed
55.197902699932456,27,4.597,-0.01868855,-0.7475420000000002,85.91126435000001,3.436450574000001,fixed
55.219711599871516,27,4.597,-0.01872317,-0.7489268,86.07041249000001,3.4428164996,fixed
55.244078399962746,27,4.597,-0.01872863,-0.7491452,86.09551211,3.4438204844,fixed
55.266773099894635,27,4.597,-0.01868309,-0.7473236,85.88616473,3.4354465892,fixed
55.29166589991655,27,4.597,-0.01869037,-0.7476148,85.91963089000002,3.4367852356000004,fixed
55.31379369995557,27,4.597,-0.01868855,-0.7475420000000002,85.91126435000001,3.436450574000001,fixed
55.33864349988289,27,4.597,-0.01867762,-0.7471047999999999,85.86101914000001,3.4344407656,fixed
55.36023689992726,27,4.597,-0.01873228,-0.7492911999999999,86.11229116000001,3.4444916464,fixed
55.38598259992432,27,4.597,-0.01872863,-0.7491452,86.09551211,3.4438204844,fixed
55.40841599996202,27,4.597,-0.01871041,-0.7484164,86.01175477000001,3.4404701908,fixed
55.43226869998034,27,4.597,-0.01872317,-0.7489268,86.07041249000001,3.4428164996,fixed
55.45474499987904,27,4.597,-0.01870131,-0.7480524,85.96992207,3.4387968828,fixed
55.479399399948306,27,4.597,-0.01870495,-0.748198,85.98665515,3.4394662060000005,fixed
55.5017755998997,27,4.597,-0.01874321,-0.7497284000000001,86.16253637,3.446501454800001,fixed
55.52870729996357,27,4.596,-0.01870859,-0.7483436,85.98467964000001,3.4393871856000002,fixed
55.551950299879536,27,4.596,-0.01872134,-0.7488535999999999,86.04327864,3.4417311455999995,fixed
55.57480899989605,27,4.597,-0.01868855,-0.7475420000000002,85.91126435000001,3.436450574000001,fixed
55.596485199872404,27,4.597,-0.01869037,-0.7476148,85.91963089000002,3.4367852356000004,fixed
55.6206833999604,27,4.597,-0.01870313,-0.7481251999999999,85.97828860999999,3.4391315444,fixed
55.6423330999678,27,4.597,-0.01870677,-0.7482708000000001,85.99502169,3.4398008676000007,fixed
55.664627399877645,27,4.597,-0.01866305,-0.7465220000000001,85.79404085000002,3.431761634000001,fixed
55.687344899983145,27,4.597,-0.01864847,-0.7459388,85.72701659,3.4290806636,fixed
55.71136759989895,27,4.597,-0.0186758,-0.7470319999999999,85.85265260000001,3.434106104,fixed
55.73353939992376,27,4.597,-0.01867762,-0.7471047999999999,85.86101914000001,3.4344407656,fixed
55.755216599907726,27,4.597,-0.01866851,-0.7467403999999999,85.81914047,3.4327656187999995,fixed
55.77743569994345,27,4.597,-0.01868855,-0.7475420000000002,85.91126435000001,3.436450574000001,fixed
55.79914019990247,27,4.597,-0.01871588,-0.7486352000000001,86.03690036000002,3.4414760144000005,fixed
55.82370769989211,27,4.597,-0.0187177,-0.748708,86.04526690000002,3.4418106760000007,fixed
55.845131199923344,27,4.597,-0.01867033,-0.7468132,85.82750701,3.4331002804,fixed
55.87038029998075,27,4.597,-0.01867216,-0.7468864000000001,85.83591952000002,3.4334367808000006,fixed
55.892508199904114,27,4.596,-0.01869219,-0.7476876,85.90930524000001,3.4363722096,fixed
55.91718059987761,27,4.596,-0.01866122,-0.7464488,85.76696711999999,3.4306786848,fixed
55.93910869990941,27,4.597,-0.01869402,-0.7477607999999999,85.93640994,3.4374563975999997,fixed
55.96551439992618,27,4.597,-0.01870495,-0.748198,85.98665515,3.4394662060000005,fixed
55.987114999908954,27,4.597,-0.01867216,-0.7468864000000001,85.83591952000002,3.4334367808000006,fixed
56.01084259990603,27,4.597,-0.0186922,-0.747688,85.9280434,3.4371217360000004,fixed
56.03205349994823,27,4.597,-0.01869766,-0.7479064000000001,85.95314302000001,3.438125720800001,fixed
56.05429049988743,27,4.597,-0.0186758,-0.7470319999999999,85.85265260000001,3.434106104,fixed
56.07591589994263,27,4.597,-0.01867398,-0.7469592,85.84428606000002,3.4337714424000003,fixed
56.09817979997024,27,4.597,-0.01869037,-0.7476148,85.91963089000002,3.4367852356000004,fixed
56.12172669987194,27,4.597,-0.01870677,-0.7482708000000001,85.99502169,3.4398008676000007,fixed
56.142922599916346,27,4.596,-0.01869948,-0.7479792000000001,85.94281008,3.4377124032000004,fixed
56.164041099953465,27,4.597,-0.01868309,-0.7473236,85.88616473,3.4354465892,fixed
56.18591399991419,27,4.597,-0.0186758,-0.7470319999999999,85.85265260000001,3.434106104,fixed
56.20732369995676,27,4.597,-0.01868127,-0.7472508000000001,85.87779819000001,3.435111927600001,fixed
56.23374359996524,27,4.597,-0.01869948,-0.7479792000000001,85.96150956000001,3.4384603824000006,fixed
56.255109099904075,27,4.597,-0.01866851,-0.7467403999999999,85.81914047,3.4327656187999995,fixed
56.282985299942084,27,4.597,-0.01867398,-0.7469592,85.84428606000002,3.4337714424000003,fixed
56.304971499950625,27,4.597,-0.01868127,-0.7472508000000001,85.87779819000001,3.435111927600001,fixed
56.3277435998898,27,4.597,-0.01869766,-0.7479064000000001,85.95314302000001,3.438125720800001,fixed
56.34890459990129,27,4.597,-0.01873592,-0.7494368,86.12902424,3.4451609696000003,fixed
56.37584769993555,27,4.597,-0.01874685,-0.7498739999999999,86.17926944999999,3.447170778,fixed
56.397018699906766,27,4.597,-0.01871588,-0.7486352000000001,86.03690036000002,3.4414760144000005,fixed
56.422569099930115,28,4.597,-0.01871406,-0.7485624,86.02853382000002,3.4411413528000003,fixed
56.444085699971765,28,4.597,-0.0186758,-0.7470319999999999,85.85265260000001,3.434106104,fixed
56.46960489999037,28,4.597,-0.0186758,-0.7470319999999999,85.85265260000001,3.434106104,fixed
56.4909292999655,28,4.597,-0.01870677,-0.7482708000000001,85.99502169,3.4398008676000007,fixed
56.51552959997207,28,4.597,-0.01869584,-0.7478335999999999,85.94477648,3.4377910592,fixed
56.537094999919645,28,4.597,-0.01868673,-0.7474691999999998,85.90289781,3.4361159123999996,fixed
56.56231569987722,28,4.597,-0.01870677,-0.7482708000000001,85.99502169,3.4398008676000007,fixed
56.583822099957615,28,4.597,-0.01867944,-0.7471776,85.86938568000001,3.4347754272000004,fixed
56.610106399981305,28,4.597,-0.01866669,-0.7466676,85.81077393,3.4324309572000002,fixed
56.631822599912994,28,4.597,-0.01870131,-0.7480524,85.96992207,3.4387968828,fixed
56.657641199883074,28,4.597,-0.01868855,-0.7475420000000002,85.91126435000001,3.436450574000001,fixed
56.67888119991403,28,4.597,-0.01871588,-0.7486352000000001,86.03690036000002,3.4414760144000005,fixed
56.69988559989724,28,4.597,-0.0187341,-0.749364,86.12065770000001,3.4448263080000006,fixed
56.72081759991124,28,4.597,-0.01875049,-0.7500196000000001,86.19600253000002,3.447840101200001,fixed
56.741836199886166,28,4.597,-0.01874867,-0.7499467999999999,86.18763599,3.4475054396,fixed
56.76714669994544,28,4.597,-0.01873228,-0.7492911999999999,86.11229116000001,3.4444916464,fixed
56.78878139995504,28,4.597,-0.01874503,-0.7498012,86.17090291,3.4468361164,fixed
56.813903799979016,28,4.597,-0.01875049,-0.7500196000000001,86.19600253000002,3.447840101200001,fixed
56.83577179990243,28,4.597,-0.01870677,-0.7482708000000001,85.99502169,3.4398008676000007,fixed
56.861056099878624,28,4.597,-0.01869584,-0.7478335999999999,85.94477648,3.4377910592,fixed
56.88279189995956,28,4.597,-0.01869584,-0.7478335999999999,85.94477648,3.4377910592,fixed
56.90802529989742,28,4.596,-0.01867215,-0.7468859999999999,85.8172014,3.432688056,fixed
56.938425299944356,28,4.597,-0.01870495,-0.748198,85.98665515,3.4394662060000005,fixed
56.960830699885264,28,4.597,-0.01872681,-0.7490724,86.08714557,3.4434858228,fixed
56.98183879989665,28,4.597,-0.01872499,-0.7489996000000001,86.07877903,3.4431511612000008,fixed
57.00378179992549,28,4.597,-0.01871224,-0.7484896000000001,86.02016728000002,3.4408066912000006,fixed
57.02488339995034,28,4.597,-0.01867762,-0.7471047999999999,85.86101914000001,3.4344407656,fixed
57.04979309998453,28,4.597,-0.0186758,-0.7470319999999999,85.85265260000001,3.434106104,fixed
57.07099569996353,28,4.597,-0.01869766,-0.7479064000000001,85.95314302000001,3.438125720800001,fixed
57.09283149987459,28,4.597,-0.01867944,-0.7471776,85.86938568000001,3.4347754272000004,fixed
57.1138612999348,28,4.597,-0.01867033,-0.7468132,85.82750701,3.4331002804,fixed
57.1348056999268,28,4.597,-0.01867216,-0.7468864000000001,85.83591952000002,3.4334367808000006,fixed
57.15962909988593,28,4.597,-0.01868309,-0.7473236,85.88616473,3.4354465892,fixed
57.18080909992568,28,4.597,-0.01874139,-0.7496556,86.15416983,3.4461667932,fixed
57.201892699929886,28,4.597,-0.01874867,-0.7499467999999999,86.18763599,3.4475054396,fixed
57.22287119994871,28,4.597,-0.01873592,-0.7494368,86.12902424,3.4451609696000003,fixed
57.24387019989081,28,4.597,-0.01870859,-0.7483436,86.00338823,3.4401355292000004,fixed
57.26916829997208,28,4.597,-0.0186922,-0.747688,85.9280434,3.4371217360000004,fixed
57.29094029997941,28,4.597,-0.01871952,-0.7487808,86.05363344000001,3.4421453376000004,fixed
57.31639339996036,28,4.597,-0.01870859,-0.7483436,86.00338823,3.4401355292000004,fixed
57.33775509998668,28,4.597,-0.01870495,-0.748198,85.98665515,3.4394662060000005,fixed
57.36272959993221,28,4.597,-0.01870495,-0.748198,85.98665515,3.4394662060000005,fixed
57.38387019990478,28,4.597,-0.01867762,-0.7471047999999999,85.86101914000001,3.4344407656,fixed
57.40909709990956,28,4.597,-0.0186594,-0.7463759999999999,85.7772618,3.431090472,fixed
57.4307712999871,28,4.597,-0.01869037,-0.7476148,85.91963089000002,3.4367852356000004,fixed
57.4570412999019,28,4.597,-0.01869402,-0.7477607999999999,85.93640994,3.4374563975999997,fixed
57.47880529996473,28,4.597,-0.01868491,-0.7473964,85.89453127,3.4357812508000003,fixed
57.50392299995292,28,4.597,-0.01869584,-0.7478335999999999,85.94477648,3.4377910592,fixed
57.52715289988555,28,4.597,-0.01866123,-0.7464492,85.78567431000002,3.4314269724000006,fixed
57.5524626999395,28,4.597,-0.01869766,-0.7479064000000001,85.95314302000001,3.438125720800001,fixed
57.5750194999855,28,4.597,-0.01869766,-0.7479064000000001,85.95314302000001,3.438125720800001,fixed
57.60143349994905,28,4.597,-0.01870131,-0.7480524,85.96992207,3.4387968828,fixed
57.62405039998703,28,4.597,-0.01872863,-0.7491452,86.09551211,3.4438204844,fixed
57.649099799920805,28,4.597,-0.01868673,-0.7474691999999998,85.90289781,3.4361159123999996,fixed
57.67186349991243,28,4.597,-0.01871224,-0.7484896000000001,86.02016728000002,3.4408066912000006,fixed
57.69305829994846,28,4.597,-0.01869766,-0.7479064000000001,85.95314302000001,3.438125720800001,fixed
57.71524949988816,28,4.597,-0.01867398,-0.7469592,85.84428606000002,3.4337714424000003,fixed
57.73968109989073,28,4.597,-0.01868309,-0.7473236,85.88616473,3.4354465892,fixed
57.76091379998252,28,4.597,-0.01872863,-0.7491452,86.09551211,3.4438204844,fixed
57.786370499874465,28,4.597,-0.01872135,-0.748854,86.06204595000001,3.4424818380000004,fixed
57.80786459997762,28,4.597,-0.01870677,-0.7482708000000001,85.99502169,3.4398008676000007,fixed
57.83313859987538,28,4.597,-0.01872681,-0.7490724,86.08714557,3.4434858228,fixed
57.85574169992469,28,4.597,-0.01870677,-0.7482708000000001,85.99502169,3.4398008676000007,fixed
57.88174029998481,28,4.597,-0.01871224,-0.7484896000000001,86.02016728000002,3.4408066912000006,fixed
57.90394409990404,28,4.597,-0.01873045,-0.7492179999999999,86.10387865000001,3.444155146,fixed
57.92806229996495,28,4.597,-0.01869402,-0.7477607999999999,85.93640994,3.4374563975999997,fixed
57.95095849991776,28,4.597,-0.01871406,-0.7485624,86.02853382000002,3.4411413528000003,fixed
57.974649199983105,28,4.597,-0.01870859,-0.7483436,86.00338823,3.4401355292000004,fixed
57.99751989997458,28,4.597,-0.0186922,-0.747688,85.9280434,3.4371217360000004,fixed
58.02140019997023,28,4.597,-0.01871588,-0.7486352000000001,86.03690036000002,3.4414760144000005,fixed
58.04335649998393,28,4.597,-0.01872681,-0.7490724,86.08714557,3.4434858228,fixed
58.06795149995014,28,4.597,-0.01869584,-0.7478335999999999,85.94477648,3.4377910592,fixed
58.09111869998742,28,4.597,-0.0187177,-0.748708,86.04526690000002,3.4418106760000007,fixed
58.115627899882384,28,4.597,-0.01871041,-0.7484164,86.01175477000001,3.4404701908,fixed
58.13793759990949,28,4.597,-0.01867398,-0.7469592,85.84428606000002,3.4337714424000003,fixed
58.163390899891965,28,4.597,-0.01869584,-0.7478335999999999,85.94477648,3.4377910592,fixed
58.18615929991938,28,4.597,-0.01866851,-0.7467403999999999,85.81914047,3.4327656187999995,fixed
58.21018719987478,28,4.597,-0.01867944,-0.7471776,85.86938568000001,3.4347754272000004,fixed
58.23341669992078,28,4.597,-0.01871588,-0.7486352000000001,86.03690036000002,3.4414760144000005,fixed
58.25808179995511,28,4.597,-0.01869402,-0.7477607999999999,85.93640994,3.4374563975999997,fixed
58.2813888998935,28,4.597,-0.01872317,-0.7489268,86.07041249000001,3.4428164996,fixed
58.30717179994099,28,4.597,-0.01872317,-0.7489268,86.07041249000001,3.4428164996,fixed
58.33045519993175,28,4.597,-0.01870495,-0.748198,85.98665515,3.4394662060000005,fixed
58.354138399939984,28,4.597,-0.01871952,-0.7487808,86.05363344000001,3.4421453376000004,fixed
58.37747739988845,28,4.597,-0.01868127,-0.7472508000000001,85.87779819000001,3.435111927600001,fixed
58.400860799942166,28,4.597,-0.0186922,-0.747688,85.9280434,3.4371217360000004,fixed
58.425473600043915,29,4.597,-0.0186922,-0.747688,85.9280434,3.4371217360000004,fixed
58.448125199996866,29,4.597,-0.01867216,-0.7468864000000001,85.83591952000002,3.4334367808000006,fixed
58.47150370001327,29,4.597,-0.01870677,-0.7482708000000001,85.99502169,3.4398008676000007,fixed
58.494121200055815,29,4.597,-0.0187177,-0.748708,86.04526690000002,3.4418106760000007,fixed
58.51717590005137,29,4.597,-0.0186922,-0.747688,85.9280434,3.4371217360000004,fixed
58.5418221000582,29,4.597,-0.01872499,-0.7489996000000001,86.07877903,3.4431511612000008,fixed
58.56388630007859,29,4.597,-0.01873228,-0.7492911999999999,86.11229116000001,3.4444916464,fixed
58.58853320009075,29,4.597,-0.01868491,-0.7473964,85.89453127,3.4357812508000003,fixed
58.610921300016344,29,4.597,-0.01870131,-0.7480524,85.96992207,3.4387968828,fixed
58.63529190002009,29,4.597,-0.01870495,-0.748198,85.98665515,3.4394662060000005,fixed
58.658155400073156,29,4.597,-0.01867398,-0.7469592,85.84428606000002,3.4337714424000003,fixed
58.68202659999952,29,4.597,-0.01871224,-0.7484896000000001,86.02016728000002,3.4408066912000006,fixed
58.70505350001622,29,4.597,-0.01871588,-0.7486352000000001,86.03690036000002,3.4414760144000005,fixed
58.72884800005704,29,4.597,-0.01870859,-0.7483436,86.00338823,3.4401355292000004,fixed
58.75224090006668,29,4.597,-0.01874321,-0.7497284000000001,86.16253637,3.446501454800001,fixed
58.775391999981366,29,4.597,-0.01872681,-0.7490724,86.08714557,3.4434858228,fixed
58.7980900000548,29,4.597,-0.01869037,-0.7476148,85.91963089000002,3.4367852356000004,fixed
58.82363910006825,29,4.596,-0.01870495,-0.748198,85.9679502,3.4387180080000004,fixed
58.84648730000481,29,4.597,-0.01867762,-0.7471047999999999,85.86101914000001,3.4344407656,fixed
58.87010210007429,29,4.597,-0.01868491,-0.7473964,85.89453127,3.4357812508000003,fixed
58.893220900092274,29,4.597,-0.01873228,-0.7492911999999999,86.11229116000001,3.4444916464,fixed
58.91685759997927,29,4.597,-0.01871588,-0.7486352000000001,86.03690036000002,3.4414760144000005,fixed
58.94018060003873,29,4.596,-0.01872499,-0.7489996000000001,86.06005404,3.4424021616000005,fixed
58.96372090000659,29,4.597,-0.01873592,-0.7494368,86.12902424,3.4451609696000003,fixed
58.98614400008228,29,4.596,-0.01869766,-0.7479064000000001,85.93444536000001,3.4373778144000005,fixed
59.01160990004428,29,4.597,-0.01868673,-0.7474691999999998,85.90289781,3.4361159123999996,fixed
59.03445530007593,29,4.597,-0.01870313,-0.7481251999999999,85.97828860999999,3.4391315444,fixed
59.060684100026265,29,4.597,-0.01866305,-0.7465220000000001,85.79404085000002,3.431761634000001,fixed
59.083353299996816,29,4.597,-0.01869766,-0.7479064000000001,85.95314302000001,3.438125720800001,fixed
59.105849700048566,29,4.597,-0.01867762,-0.7471047999999999,85.86101914000001,3.4344407656,fixed
59.128926199977286,29,4.597,-0.01868127,-0.7472508000000001,85.87779819000001,3.435111927600001,fixed
59.15264540002681,29,4.597,-0.01871952,-0.7487808,86.05363344000001,3.4421453376000004,fixed
59.175047200056724,29,4.597,-0.01871406,-0.7485624,86.02853382000002,3.4411413528000003,fixed
59.202635399997234,29,4.597,-0.01869402,-0.7477607999999999,85.93640994,3.4374563975999997,fixed
59.22511310002301,29,4.596,-0.01870677,-0.7482708000000001,85.97631492000001,3.4390525968000007,fixed
59.24957630003337,29,4.597,-0.0186758,-0.7470319999999999,85.85265260000001,3.434106104,fixed
59.27221309999004,29,4.597,-0.01870313,-0.7481251999999999,85.97828860999999,3.4391315444,fixed
59.297753200051375,29,4.597,-0.01869037,-0.7476148,85.91963089000002,3.4367852356000004,fixed
59.32018210005481,29,4.597,-0.01868491,-0.7473964,85.89453127,3.4357812508000003,fixed
59.34618740004953,29,4.597,-0.01871588,-0.7486352000000001,86.03690036000002,3.4414760144000005,fixed
59.36944030004088,29,4.597,-0.0186922,-0.747688,85.9280434,3.4371217360000004,fixed
59.393363300012425,29,4.597,-0.01872681,-0.7490724,86.08714557,3.4434858228,fixed
59.416577900061384,29,4.597,-0.01870495,-0.748198,85.98665515,3.4394662060000005,fixed
59.44175420003012,29,4.597,-0.01869766,-0.7479064000000001,85.95314302000001,3.438125720800001,fixed
59.46459990006406,29,4.597,-0.01871952,-0.7487808,86.05363344000001,3.4421453376000004,fixed
59.48878400004469,29,4.597,-0.0186922,-0.747688,85.9280434,3.4371217360000004,fixed
59.511925800004974,29,4.596,-0.01872134,-0.7488535999999999,86.04327864,3.4417311455999995,fixed
59.535127700073645,29,4.597,-0.0187177,-0.748708,86.04526690000002,3.4418106760000007,fixed
59.55815010005608,29,4.597,-0.01867944,-0.7471776,85.86938568000001,3.4347754272000004,fixed
59.582156900083646,29,4.597,-0.01870313,-0.7481251999999999,85.97828860999999,3.4391315444,fixed
59.605144900036976,29,4.596,-0.0187013,-0.7480519999999999,85.9511748,3.438046992,fixed
59.628101699985564,29,4.597,-0.01867216,-0.7468864000000001,85.83591952000002,3.4334367808000006,fixed
59.65151410002727,29,4.597,-0.01869584,-0.7478335999999999,85.94477648,3.4377910592,fixed
59.67602620006073,29,4.597,-0.01870859,-0.7483436,86.00338823,3.4401355292000004,fixed
59.69970330002252,29,4.597,-0.0186922,-0.747688,85.9280434,3.4371217360000004,fixed
59.72248009999748,29,4.596,-0.01873045,-0.7492179999999999,86.0851482,3.443405928,fixed
59.745163100073114,29,4.597,-0.01872863,-0.7491452,86.09551211,3.4438204844,fixed
59.76960200001486,29,4.597,-0.0186922,-0.747688,85.9280434,3.4371217360000004,fixed
59.79233770002611,29,4.597,-0.01872317,-0.7489268,86.07041249000001,3.4428164996,fixed
59.81713630002923,29,4.597,-0.01870131,-0.7480524,85.96992207,3.4387968828,fixed
59.84043460001703,29,4.597,-0.01868673,-0.7474691999999998,85.90289781,3.4361159123999996,fixed
59.863539100042544,29,4.597,-0.01871588,-0.7486352000000001,86.03690036000002,3.4414760144000005,fixed
59.88649579999037,29,4.597,-0.01870131,-0.7480524,85.96992207,3.4387968828,fixed
59.91044220002368,29,4.597,-0.01870131,-0.7480524,85.96992207,3.4387968828,fixed
59.93359000002965,29,4.597,-0.01873956,-0.7495823999999999,86.14575732,3.4458302927999998,fixed
59.956866900087334,29,4.597,-0.01870859,-0.7483436,86.00338823,3.4401355292000004,fixed
59.97917549998965,29,4.597,-0.01869402,-0.7477607999999999,85.93640994,3.4374563975999997,fixed
60.003872900037095,29,4.597,-0.01872499,-0.7489996000000001,86.07877903,3.4431511612000008,fixed
60.02753000007942,29,4.597,-0.0186758,-0.7470319999999999,85.85265260000001,3.434106104,fixed
60.05014110007323,29,4.597,-0.01868127,-0.7472508000000001,85.87779819000001,3.435111927600001,fixed
60.07320990005974,29,4.597,-0.01869584,-0.7478335999999999,85.94477648,3.4377910592,fixed
60.09606020001229,29,4.597,-0.01868855,-0.7475420000000002,85.91126435000001,3.436450574000001,fixed
60.11933870008215,29,4.597,-0.01869402,-0.7477607999999999,85.93640994,3.4374563975999997,fixed
60.14335800008848,29,4.597,-0.01873774,-0.7495096,86.13739078,3.4454956312000005,fixed
60.166288100066595,29,4.597,-0.01871952,-0.7487808,86.05363344000001,3.4421453376000004,fixed
60.18961370002944,29,4.597,-0.01870131,-0.7480524,85.96992207,3.4387968828,fixed
60.212152200052515,29,4.597,-0.01871588,-0.7486352000000001,86.03690036000002,3.4414760144000005,fixed
60.23683399998117,29,4.597,-0.01869766,-0.7479064000000001,85.95314302000001,3.438125720800001,fixed
60.25946189998649,29,4.597,-0.01867216,-0.7468864000000001,85.83591952000002,3.4334367808000006,fixed
60.2841299000429,29,4.597,-0.01871406,-0.7485624,86.02853382000002,3.4411413528000003,fixed
60.307469099992886,29,4.597,-0.01869037,-0.7476148,85.91963089000002,3.4367852356000004,fixed
60.32996630005073,29,4.597,-0.01870677,-0.7482708000000001,85.99502169,3.4398008676000007,fixed
60.35352560004685,29,4.597,-0.01871588,-0.7486352000000001,86.03690036000002,3.4414760144000005,fixed
60.376086200005375,29,4.597,-0.01869948,-0.7479792000000001,85.96150956000001,3.4384603824000006,fixed
60.39929910004139,29,4.597,-0.01869584,-0.7478335999999999,85.94477648,3.4377910592,fixed
60.42424610001035,29,4.597,-0.01873592,-0.7494368,86.12902424,3.4451609696000003,fixed
60.44844279997051,30,4.597,-0.01868491,-0.7473964,85.89453127,3.4357812508000003,fixed
60.471446799929254,30,4.597,-0.01871224,-0.7484896000000001,86.02016728000002,3.4408066912000006,fixed
60.49489909992553,30,4.597,-0.01873228,-0.7492911999999999,86.11229116000001,3.4444916464,fixed
60.51927099993918,30,4.597,-0.01870131,-0.7480524,85.96992207,3.4387968828,fixed
60.54234969988465,30,4.597,-0.01873956,-0.7495823999999999,86.14575732,3.4458302927999998,fixed
60.567105799913406,30,4.597,-0.01872863,-0.7491452,86.09551211,3.4438204844,fixed
60.59047059994191,30,4.597,-0.01870313,-0.7481251999999999,85.97828860999999,3.4391315444,fixed
60.61487359995954,30,4.597,-0.01873228,-0.7492911999999999,86.11229116000001,3.4444916464,fixed
60.63846049993299,30,4.597,-0.01871224,-0.7484896000000001,86.02016728000002,3.4408066912000006,fixed
60.662252499954775,30,4.597,-0.01873592,-0.7494368,86.12902424,3.4451609696000003,fixed
60.68443079991266,30,4.596,-0.01874503,-0.7498012,86.15215787999999,3.4460863151999996,fixed
60.709831699961796,30,4.597,-0.01871224,-0.7484896000000001,86.02016728000002,3.4408066912000006,fixed
60.73230769985821,30,4.597,-0.01871952,-0.7487808,86.05363344000001,3.4421453376000004,fixed
60.756938099861145,30,4.597,-0.01871588,-0.7486352000000001,86.03690036000002,3.4414760144000005,fixed
60.78035589994397,30,4.597,-0.01868309,-0.7473236,85.88616473,3.4354465892,fixed
60.8031720998697,30,4.597,-0.0187177,-0.748708,86.04526690000002,3.4418106760000007,fixed
60.8267857999308,30,4.597,-0.01868673,-0.7474691999999998,85.90289781,3.4361159123999996,fixed
60.85014259989839,30,4.597,-0.01866851,-0.7467403999999999,85.81914047,3.4327656187999995,fixed
60.8735725999577,30,4.597,-0.01871041,-0.7484164,86.01175477000001,3.4404701908,fixed
60.897098999936134,30,4.597,-0.01870859,-0.7483436,86.00338823,3.4401355292000004,fixed
60.920461699948646,30,4.597,-0.01871952,-0.7487808,86.05363344000001,3.4421453376000004,fixed
60.944538899930194,30,4.597,-0.01875232,-0.7500928,86.20441504000001,3.4481766016,fixed
60.9676332998788,30,4.597,-0.01872317,-0.7489268,86.07041249000001,3.4428164996,fixed
60.992564099957235,30,4.597,-0.01871952,-0.7487808,86.05363344000001,3.4421453376000004,fixed
61.015670199878514,30,4.597,-0.01874139,-0.7496556,86.15416983,3.4461667932,fixed
61.03990609990433,30,4.597,-0.01871406,-0.7485624,86.02853382000002,3.4411413528000003,fixed
61.06256249989383,30,4.597,-0.01875596,-0.7502384,86.22114812000001,3.4488459248,fixed
61.08752419985831,30,4.597,-0.01876142,-0.7504568,86.24624774000002,3.4498499096000006,fixed
61.110567599884234,30,4.597,-0.01873774,-0.7495096,86.13739078,3.4454956312000005,fixed
61.13558249990456,30,4.597,-0.01875596,-0.7502384,86.22114812000001,3.4488459248,fixed
61.15857529989444,30,4.596,-0.01869766,-0.7479064000000001,85.93444536000001,3.4373778144000005,fixed
61.182650499860756,30,4.597,-0.0187177,-0.748708,86.04526690000002,3.4418106760000007,fixed
61.20555219997186,30,4.597,-0.0187341,-0.749364,86.12065770000001,3.4448263080000006,fixed
61.23068419995252,30,4.597,-0.01871406,-0.7485624,86.02853382000002,3.4411413528000003,fixed
61.25322759989649,30,4.597,-0.01874321,-0.7497284000000001,86.16253637,3.446501454800001,fixed
61.276095099863596,30,4.597,-0.01872863,-0.7491452,86.09551211,3.4438204844,fixed
61.299654699862,30,4.597,-0.01870131,-0.7480524,85.96992207,3.4387968828,fixed
61.32387919991743,30,4.596,-0.01872316,-0.7489264,86.05164336,3.4420657344,fixed
61.34640459995717,30,4.596,-0.0187013,-0.7480519999999999,85.9511748,3.438046992,fixed
61.37167869997211,30,4.596,-0.01869219,-0.7476876,85.90930524000001,3.4363722096,fixed
61.3942628998775,30,4.596,-0.01873045,-0.7492179999999999,86.0851482,3.443405928,fixed
61.41942349995952,30,4.597,-0.01870677,-0.7482708000000001,85.99502169,3.4398008676000007,fixed
61.44276019989047,30,4.597,-0.01873228,-0.7492911999999999,86.11229116000001,3.4444916464,fixed
61.466397899901494,30,4.596,-0.01873227,-0.7492908,86.09351292,3.4437405168,fixed
61.489781599957496,30,4.597,-0.01869402,-0.7477607999999999,85.93640994,3.4374563975999997,fixed
61.51291189994663,30,4.597,-0.0187177,-0.748708,86.04526690000002,3.4418106760000007,fixed
61.53604839986656,30,4.597,-0.01871588,-0.7486352000000001,86.03690036000002,3.4414760144000005,fixed
61.55926029989496,30,4.597,-0.01869402,-0.7477607999999999,85.93640994,3.4374563975999997,fixed
61.582541999872774,30,4.597,-0.01871952,-0.7487808,86.05363344000001,3.4421453376000004,fixed
61.60630099987611,30,4.596,-0.01872316,-0.7489264,86.05164336,3.4420657344,fixed
61.62940119986888,30,4.596,-0.01869401,-0.7477604000000001,85.91766996,3.4367067984000004,fixed
61.65265879989602,30,4.596,-0.01871952,-0.7487808,86.03491392,3.4413965568,fixed
61.675589999882504,30,4.596,-0.01872499,-0.7489996000000001,86.06005404,3.4424021616000005,fixed
61.69950649992097,30,4.596,-0.01868491,-0.7473964,85.87584636,3.4350338544,fixed
61.72259729995858,30,4.596,-0.01870312,-0.7481247999999999,85.95953952,3.4383815808,fixed
61.745691799907945,30,4.596,-0.0187013,-0.7480519999999999,85.9511748,3.438046992,fixed
61.7686367998831,30,4.597,-0.01866305,-0.7465220000000001,85.79404085000002,3.431761634000001,fixed
61.79252179991454,30,4.597,-0.01869584,-0.7478335999999999,85.94477648,3.4377910592,fixed
61.815447999862954,30,4.596,-0.01872134,-0.7488535999999999,86.04327864,3.4417311455999995,fixed
61.8395277998643,30,4.597,-0.01869766,-0.7479064000000001,85.95314302000001,3.438125720800001,fixed
61.862930699950084,30,4.597,-0.01873956,-0.7495823999999999,86.14575732,3.4458302927999998,fixed
61.886099899886176,30,4.597,-0.01873228,-0.7492911999999999,86.11229116000001,3.4444916464,fixed
61.90937029989436,30,4.597,-0.01869037,-0.7476148,85.91963089000002,3.4367852356000004,fixed
61.93271489988547,30,4.597,-0.01870859,-0.7483436,86.00338823,3.4401355292000004,fixed
61.95553899987135,30,4.597,-0.01871224,-0.7484896000000001,86.02016728000002,3.4408066912000006,fixed
61.97801749990322,30,4.597,-0.01868673,-0.7474691999999998,85.90289781,3.4361159123999996,fixed
62.00053399987519,30,4.597,-0.01871224,-0.7484896000000001,86.02016728000002,3.4408066912000006,fixed
62.02482479996979,30,4.597,-0.01874867,-0.7499467999999999,86.18763599,3.4475054396,fixed
62.04773959994782,30,4.597,-0.01871588,-0.7486352000000001,86.03690036000002,3.4414760144000005,fixed
62.07141859992407,30,4.597,-0.01870131,-0.7480524,85.96992207,3.4387968828,fixed
62.094419599859975,30,4.597,-0.01872317,-0.7489268,86.07041249000001,3.4428164996,fixed
62.118730199872516,30,4.597,-0.01869584,-0.7478335999999999,85.94477648,3.4377910592,fixed
62.141943399910815,30,4.596,-0.01871041,-0.7484164,85.99304436000001,3.4397217744,fixed
62.16500689997338,30,4.597,-0.01873228,-0.7492911999999999,86.11229116000001,3.4444916464,fixed
62.18742899992503,30,4.597,-0.01870677,-0.7482708000000001,85.99502169,3.4398008676000007,fixed
62.21258809987921,30,4.597,-0.01870131,-0.7480524,85.96992207,3.4387968828,fixed
62.2355857999064,30,4.596,-0.01871405,-0.7485620000000001,86.00977379999999,3.4403909520000004,fixed
62.260271999868564,30,4.597,-0.01866851,-0.7467403999999999,85.81914047,3.4327656187999995,fixed
62.283700899919495,30,4.597,-0.01869948,-0.7479792000000001,85.96150956000001,3.4384603824000006,fixed
62.307877099956386,30,4.596,-0.01869948,-0.7479792000000001,85.94281008,3.4377124032000004,fixed
62.33032329985872,30,4.597,-0.01869402,-0.7477607999999999,85.93640994,3.4374563975999997,fixed
62.35440779989585,30,4.597,-0.01873956,-0.7495823999999999,86.14575732,3.4458302927999998,fixed
62.37779929989483,30,4.597,-0.01872863,-0.7491452,86.09551211,3.4438204844,fixed
62.400590899866074,30,4.597,-0.0187177,-0.748708,86.04526690000002,3.4418106760000007,fixed
62.42398969992064,30,4.597,-0.01874503,-0.7498012,86.17090291,3.4468361164,fixed
62.44790899986401,30,4.596,-0.01872134,-0.7488535999999999,86.04327864,3.4417311455999995,fixed
62.47151609987486,31,4.547,-0.01895611,-0.7582444000000002,86.19343217,3.4477372868000007,fixed
62.49507629987784,31,4.546,-0.01894882,-0.7579528000000001,86.14133572000001,3.4456534288000005,fixed
62.518625899916515,31,4.546,-0.01891238,-0.7564951999999999,85.97567948,3.4390271792,fixed
62.54208859987557,31,4.546,-0.01892695,-0.757078,86.0419147,3.4416765880000004,fixed
62.56529789988417,31,4.546,-0.01895064,-0.7580256,86.14960944,3.4459843776,fixed
62.58827149996068,31,4.546,-0.0189142,-0.7565679999999999,85.9839532,3.439358128,fixed
62.611548199900426,31,4.546,-0.01892878,-0.7571512,86.05023388000001,3.4420093552,fixed
62.63577319995966,31,4.546,-0.01894699,-0.7578796,86.13301654000001,3.4453206616000003,fixed
62.65829839988146,31,4.546,-0.0189142,-0.7565679999999999,85.9839532,3.439358128,fixed
62.68123379989993,31,4.546,-0.01892695,-0.757078,86.0419147,3.4416765880000004,fixed
62.7037396999076,31,4.546,-0.01895246,-0.7580984000000001,86.15788316,3.4463153264000006,fixed
62.728572899941355,31,4.546,-0.01894517,-0.7578068,86.12474282000001,3.4449897128,fixed
62.751654299907386,31,4.546,-0.01894882,-0.7579528000000001,86.14133572000001,3.4456534288000005,fixed
62.777428999892436,31,4.546,-0.01896886,-0.7587543999999999,86.23243756000001,3.4492975024,fixed
62.80050239991397,31,4.546,-0.01893242,-0.7572967999999999,86.06678131999999,3.4426712528,fixed
62.82486869988497,31,4.546,-0.01895428,-0.7581712,86.16615688000002,3.4466462752000004,fixed
62.847363799926825,31,4.546,-0.01892695,-0.757078,86.0419147,3.4416765880000004,fixed
62.8714980998775,31,4.546,-0.01890874,-0.7563496000000001,85.95913204000001,3.4383652816000003,fixed
62.89447639987338,31,4.546,-0.01894517,-0.7578068,86.12474282000001,3.4449897128,fixed
62.91857169987634,31,4.546,-0.01893789,-0.7575156,86.09164794,3.4436659176,fixed
62.94166199991014,31,4.546,-0.01895428,-0.7581712,86.16615688000002,3.4466462752000004,fixed
62.96578689990565,31,4.546,-0.01897797,-0.7591188,86.27385162,3.4509540648000003,fixed
62.98808979988098,31,4.546,-0.01893789,-0.7575156,86.09164794,3.4436659176,fixed
63.01067739992868,31,4.546,-0.01894153,-0.7576612,86.10819538000001,3.4443278152000003,fixed
63.03413769986946,31,4.546,-0.0189725,-0.7589,86.248985,3.4499594000000005,fixed
63.05743419995997,31,4.546,-0.0189561,-0.7582439999999999,86.17443060000001,3.446977224,fixed
63.080682599917054,31,4.546,-0.01895246,-0.7580984000000001,86.15788316,3.4463153264000006,fixed
63.10578599991277,31,4.546,-0.01898343,-0.7593371999999999,86.29867278,3.4519469112,fixed
63.12855489994399,31,4.546,-0.01894517,-0.7578068,86.12474282000001,3.4449897128,fixed
63.153677099966444,31,4.546,-0.01893971,-0.7575883999999999,86.09992165999999,3.4439968664,fixed
63.176547099952586,31,4.546,-0.01894699,-0.7578796,86.13301654000001,3.4453206616000003,fixed
63.20257419988047,31,4.546,-0.01892513,-0.7570051999999999,86.03364097999999,3.4413456391999997,fixed
63.22558119986206,31,4.546,-0.01897432,-0.7589728,86.25725872000001,3.4502903488000003,fixed
63.24877749988809,31,4.546,-0.01893971,-0.7575883999999999,86.09992165999999,3.4439968664,fixed
63.272088399971835,31,4.546,-0.01894153,-0.7576612,86.10819538000001,3.4443278152000003,fixed
63.295488599920645,31,4.546,-0.01895793,-0.7583172,86.18274978000001,3.4473099912000005,fixed
63.31906499993056,31,4.546,-0.01890691,-0.7562764,85.95081286,3.4380325144,fixed
63.34169169992674,31,4.546,-0.01890327,-0.7561308,85.93426542,3.4373706168,fixed
63.364446399966255,31,4.546,-0.01893971,-0.7575883999999999,86.09992165999999,3.4439968664,fixed
63.38768259994686,31,4.546,-0.01893424,-0.7573696000000001,86.07505504000001,3.4430022016000006,fixed
63.41086289996747,31,4.546,-0.01892695,-0.757078,86.0419147,3.4416765880000004,fixed
63.43344109994359,31,4.546,-0.01894882,-0.7579528000000001,86.14133572000001,3.4456534288000005,fixed
63.45664299989585,31,4.546,-0.01894517,-0.7578068,86.12474282000001,3.4449897128,fixed
63.48025289992802,31,4.546,-0.01891967,-0.7567868,86.00881982,3.4403527928,fixed
63.503671199898235,31,4.546,-0.01896703,-0.7586812,86.22411838000001,3.4489647352,fixed
63.5275048998883,31,4.546,-0.01895975,-0.75839,86.1910235,3.4476409400000003,fixed
63.55102979997173,31,4.546,-0.01890691,-0.7562764,85.95081286,3.4380325144,fixed
63.574678499950096,31,4.546,-0.01893789,-0.7575156,86.09164794,3.4436659176,fixed
63.59744779986795,31,4.546,-0.01893606,-0.7574424000000001,86.08332876000001,3.4433331504000004,fixed
63.6226183999097,31,4.546,-0.01893971,-0.7575883999999999,86.09992165999999,3.4439968664,fixed
63.64541359990835,31,4.546,-0.01898525,-0.7594099999999999,86.3069465,3.4522778599999997,fixed
63.669647399918176,31,4.546,-0.01894153,-0.7576612,86.10819538000001,3.4443278152000003,fixed
63.69269359996542,31,4.546,-0.01893971,-0.7575883999999999,86.09992165999999,3.4439968664,fixed
63.71642779989634,31,4.546,-0.01895246,-0.7580984000000001,86.15788316,3.4463153264000006,fixed
63.74000939994585,31,4.546,-0.01892149,-0.7568596,86.01709354,3.4406837416,fixed
63.76357299997471,31,4.546,-0.01894517,-0.7578068,86.12474282000001,3.4449897128,fixed
63.786730799940415,31,4.546,-0.01894882,-0.7579528000000001,86.14133572000001,3.4456534288000005,fixed
63.81061599997338,31,4.546,-0.01890145,-0.756058,85.92599170000001,3.437039668,fixed
63.83424999995623,31,4.546,-0.01892513,-0.7570051999999999,86.03364097999999,3.4413456391999997,fixed
63.85769059986342,31,4.546,-0.01892149,-0.7568596,86.01709354,3.4406837416,fixed
63.880488699884154,31,4.546,-0.01889781,-0.7559124,85.90944426000001,3.4363777704000005,fixed
63.90503959986381,31,4.546,-0.01894153,-0.7576612,86.10819538000001,3.4443278152000003,fixed
63.92757699987851,31,4.546,-0.01893789,-0.7575156,86.09164794,3.4436659176,fixed
63.95148519997019,31,4.546,-0.01892878,-0.7571512,86.05023388000001,3.4420093552,fixed
63.974766699946485,31,4.546,-0.01895975,-0.75839,86.1910235,3.4476409400000003,fixed
63.999842899967916,31,4.546,-0.01894699,-0.7578796,86.13301654000001,3.4453206616000003,fixed
64.02313639991917,31,4.546,-0.01894882,-0.7579528000000001,86.14133572000001,3.4456534288000005,fixed
64.04683399992064,31,4.546,-0.01896521,-0.7586084,86.21584466,3.4486337864,fixed
64.06940349994693,31,4.546,-0.01892149,-0.7568596,86.01709354,3.4406837416,fixed
64.09297929995228,31,4.546,-0.01894517,-0.7578068,86.12474282000001,3.4449897128,fixed
64.1156156999059,31,4.546,-0.01897068,-0.7588272,86.24071128000001,3.4496284512,fixed
64.13988949987106,31,4.546,-0.01894517,-0.7578068,86.12474282000001,3.4449897128,fixed
64.16268609988037,31,4.546,-0.01894335,-0.7577340000000001,86.1164691,3.4446587640000006,fixed
64.18744129990228,31,4.546,-0.01894882,-0.7579528000000001,86.14133572000001,3.4456534288000005,fixed
64.21119599987287,31,4.546,-0.01889234,-0.7556936000000001,85.88457764,3.4353831056000006,fixed
64.23440789990127,31,4.546,-0.01892878,-0.7571512,86.05023388000001,3.4420093552,fixed
64.257501999964,31,4.546,-0.01893242,-0.7572967999999999,86.06678131999999,3.4426712528,fixed
64.28040319995489,31,4.546,-0.01892513,-0.7570051999999999,86.03364097999999,3.4413456391999997,fixed
64.30449509993196,31,4.546,-0.01896157,-0.7584628000000001,86.19929722,3.4479718888000006,fixed
64.32733439991716,31,4.546,-0.01896886,-0.7587543999999999,86.23243756000001,3.4492975024,fixed
64.35040739993565,31,4.546,-0.01893971,-0.7575883999999999,86.09992165999999,3.4439968664,fixed
64.37334989989176,31,4.546,-0.0189561,-0.7582439999999999,86.17443060000001,3.446977224,fixed
64.39644189993851,31,4.546,-0.01894882,-0.7579528000000001,86.14133572000001,3.4456534288000005,fixed
64.42069539986551,31,4.546,-0.01889963,-0.7559852,85.91771798,3.4367087192000003,fixed
64.44361929991283,31,4.546,-0.01893789,-0.7575156,86.09164794,3.4436659176,fixed
64.46771449991502,31,4.546,-0.0189561,-0.7582439999999999,86.17443060000001,3.446977224,fixed
64.49179489992093,32,4.497,-0.01917448,-0.7669792,86.22763656000001,3.4491054624,fixed
64.51460379990749,32,4.496,-0.01916901,-0.7667604,86.18386896000001,3.4473547584000004,fixed
64.53732009988744,32,4.496,-0.01915807,-0.7663228,86.13468272000001,3.4453873088,fixed
64.56081119994633,32,4.496,-0.01913803,-0.7655212,86.04458288000001,3.4417833152000004,fixed
64.58339659997728,32,4.496,-0.0191854,-0.7674159999999999,86.25755840000001,3.4503023359999996,fixed
64.60625619988423,32,4.496,-0.01919451,-0.7677804,86.29851696000001,3.4519406784000006,fixed
64.6301144999452,32,4.496,-0.01913439,-0.7653756,86.02821744,3.4411286976000004,fixed
64.65342349989805,32,4.496,-0.01914714,-0.7658856,86.08554144000001,3.4434216576000005,fixed
64.67642239993438,32,4.496,-0.0191435,-0.76574,86.06917600000001,3.44276704,fixed
64.70183169993106,32,4.496,-0.01911799,-0.7647196,85.95448304000001,3.4381793216000007,fixed
64.72355819994118,32,4.496,-0.01917083,-0.7668332,86.19205168,3.4476820672,fixed
64.74810969992541,32,4.496,-0.01919816,-0.7679263999999999,86.31492736,3.4525970943999997,fixed
64.77150029991753,32,4.496,-0.01917083,-0.7668332,86.19205168,3.4476820672,fixed
64.79633119993377,32,4.496,-0.01920362,-0.7681448000000001,86.33947552000001,3.453579020800001,fixed
64.81976999994367,32,4.496,-0.01916536,-0.7666144,86.16745856,3.4466983424000004,fixed
64.84466989990324,32,4.496,-0.01917629,-0.7670516,86.21659984,3.4486639936000003,fixed
64.8674857999431,32,4.496,-0.01918904,-0.7675616000000001,86.27392384000002,3.4509569536000004,fixed
64.8911990999477,32,4.496,-0.0191599,-0.766396,86.1429104,3.4457164160000002,fixed
64.91460889996961,32,4.496,-0.01917994,-0.7671975999999999,86.23301024,3.4493204096,fixed
64.93846689991187,32,4.496,-0.01916718,-0.7666871999999999,86.17564128000001,3.4470256511999997,fixed
64.96164459991269,32,4.496,-0.01913257,-0.7653028000000001,86.02003472000001,3.4408013888000006,fixed
64.9863733999664,32,4.496,-0.01916718,-0.7666871999999999,86.17564128000001,3.4470256511999997,fixed
65.00939789996482,32,4.496,-0.01913986,-0.7655944000000001,86.05281056000001,3.442112422400001,fixed
65.03297429997474,32,4.496,-0.01915443,-0.7661772,86.11831728000001,3.4447326912000005,fixed
65.05541019991506,32,4.496,-0.01917811,-0.7671244,86.22478256000002,3.4489913024000005,fixed
65.07952589995693,32,4.496,-0.01914714,-0.7658856,86.08554144000001,3.4434216576000005,fixed
65.1024635998765,32,4.496,-0.01913803,-0.7655212,86.04458288000001,3.4417833152000004,fixed
65.12855829996988,32,4.496,-0.01915443,-0.7661772,86.11831728000001,3.4447326912000005,fixed
65.1515726998914,32,4.496,-0.01911071,-0.7644284,85.92175216,3.4368700864000004,fixed
65.17509279993828,32,4.496,-0.01915261,-0.7661044,86.11013456,3.4444053824000003,fixed
65.19840089988429,32,4.496,-0.01914897,-0.7659588,86.09376912,3.4437507648000008,fixed
65.2225767999189,32,4.496,-0.01915261,-0.7661044,86.11013456,3.4444053824000003,fixed
65.24573139997665,32,4.496,-0.0191854,-0.7674159999999999,86.25755840000001,3.4503023359999996,fixed
65.27081079990603,32,4.496,-0.01916172,-0.7664688,86.15109312000001,3.4460437248,fixed
65.29328909993637,32,4.496,-0.01915625,-0.76625,86.12650000000001,3.4450600000000002,fixed
65.31739229988307,32,4.496,-0.01916901,-0.7667604,86.18386896000001,3.4473547584000004,fixed
65.34040529991034,32,4.496,-0.01912528,-0.7650112,85.98725888000001,3.4394903552000002,fixed
65.36387879995164,32,4.496,-0.01915443,-0.7661772,86.11831728000001,3.4447326912000005,fixed
65.38678119995166,32,4.496,-0.01916172,-0.7664688,86.15109312000001,3.4460437248,fixed
65.41197189991362,32,4.496,-0.01912528,-0.7650112,85.98725888000001,3.4394903552000002,fixed
65.43442309997045,32,4.496,-0.01914714,-0.7658856,86.08554144000001,3.4434216576000005,fixed
65.45864719990641,32,4.496,-0.01914168,-0.7656672,86.06099328,3.4424397312000004,fixed
65.48161599994637,32,4.496,-0.01910706,-0.7642823999999999,85.90534176,3.4362136704,fixed
65.5062996998895,32,4.496,-0.01913803,-0.7655212,86.04458288000001,3.4417833152000004,fixed
65.52977379993536,32,4.496,-0.01912528,-0.7650112,85.98725888000001,3.4394903552000002,fixed
65.55352229997516,32,4.496,-0.01914532,-0.7658128000000001,86.07735872,3.4430943488000008,fixed
65.57644709991291,32,4.496,-0.01917629,-0.7670516,86.21659984,3.4486639936000003,fixed
65.59856649988797,32,4.496,-0.0191435,-0.76574,86.06917600000001,3.44276704,fixed
65.62092309992295,32,4.496,-0.01913621,-0.7654484,86.03640016000001,3.4414560064000006,fixed
65.64670819987077,32,4.496,-0.0191435,-0.76574,86.06917600000001,3.44276704,fixed
65.67022619990166,32,4.496,-0.01910889,-0.7643555999999999,85.91356944,3.4365427776,fixed
65.69364389986731,32,4.496,-0.0191271,-0.7650840000000001,85.99544160000002,3.439817664000001,fixed
65.71642029995564,32,4.496,-0.01915807,-0.7663228,86.13468272000001,3.4453873088,fixed
65.74095069989562,32,4.496,-0.01913803,-0.7655212,86.04458288000001,3.4417833152000004,fixed
65.76389179995749,32,4.496,-0.01914532,-0.7658128000000001,86.07735872,3.4430943488000008,fixed
65.78830869996455,32,4.496,-0.01915807,-0.7663228,86.13468272000001,3.4453873088,fixed
65.81181479990482,32,4.496,-0.01909978,-0.7639912,85.87261088000001,3.4349044352000004,fixed
65.83624479989521,32,4.496,-0.01913439,-0.7653756,86.02821744,3.4411286976000004,fixed
65.85987889987882,32,4.496,-0.01911435,-0.764574,85.9381176,3.4375247040000003,fixed
65.88299519987777,32,4.496,-0.01913075,-0.76523,86.011852,3.44047408,fixed
65.90550359990448,32,4.496,-0.01916718,-0.7666871999999999,86.17564128000001,3.4470256511999997,fixed
65.92958859994542,32,4.496,-0.01914532,-0.7658128000000001,86.07735872,3.4430943488000008,fixed
65.9526250999188,32,4.496,-0.01911982,-0.7647928,85.96271072,3.4385084288000005,fixed
65.97659179987386,32,4.496,-0.01913621,-0.7654484,86.03640016000001,3.4414560064000006,fixed
65.99929589987732,32,4.496,-0.01910706,-0.7642823999999999,85.90534176,3.4362136704,fixed
66.0244006998837,32,4.496,-0.01911617,-0.7646467999999998,85.94630032,3.4378520127999996,fixed
66.04759909992572,32,4.496,-0.01916536,-0.7666144,86.16745856,3.4466983424000004,fixed
66.0711944999639,32,4.496,-0.0191435,-0.76574,86.06917600000001,3.44276704,fixed
66.09471489989664,32,4.496,-0.0191599,-0.766396,86.1429104,3.4457164160000002,fixed
66.11780689994339,32,4.496,-0.01915625,-0.76625,86.12650000000001,3.4450600000000002,fixed
66.14073189988267,32,4.496,-0.01911435,-0.764574,85.9381176,3.4375247040000003,fixed
66.16431729996111,32,4.496,-0.01913621,-0.7654484,86.03640016000001,3.4414560064000006,fixed
66.18761369993445,32,4.496,-0.0191599,-0.766396,86.1429104,3.4457164160000002,fixed
66.21117199992295,32,4.496,-0.01912346,-0.7649383999999999,85.97907616,3.4391630464,fixed
66.23560379992705,32,4.496,-0.01916354,-0.7665416,86.15927584,3.4463710336000006,fixed
66.25898329995107,32,4.496,-0.01916718,-0.7666871999999999,86.17564128000001,3.4470256511999997,fixed
66.2818429999752,32,4.496,-0.01913803,-0.7655212,86.04458288000001,3.4417833152000004,fixed
66.30465209996328,32,4.496,-0.01917265,-0.7669060000000001,86.2002344,3.448009376000001,fixed
66.32741169992369,32,4.496,-0.01918722,-0.7674888,86.26574112000002,3.4506296448000002,fixed
66.35204729996622,32,4.496,-0.01915079,-0.7660316,86.10195184000001,3.4440780736000005,fixed
66.37616079987492,32,4.496,-0.01916172,-0.7664688,86.15109312000001,3.4460437248,fixed
66.39921359997243,32,4.496,-0.01911799,-0.7647196,85.95448304000001,3.4381793216000007,fixed
66.42266389995348,32,4.496,-0.01911071,-0.7644284,85.92175216,3.4368700864000004,fixed
66.4457279999042,32,4.496,-0.01914532,-0.7658128000000001,86.07735872,3.4430943488000008,fixed
66.46874189993832,32,4.496,-0.01914714,-0.7658856,86.08554144000001,3.4434216576000005,fixed
66.49252889992204,33,4.496,-0.01913803,-0.7655212,86.04458288000001,3.4417833152000004,fixed
66.51537879987154,33,4.496,-0.01917083,-0.7668332,86.19205168,3.4476820672,fixed
66.53983969986439,33,4.496,-0.01915625,-0.76625,86.12650000000001,3.4450600000000002,fixed
66.56246259994805,33,4.496,-0.01912528,-0.7650112,85.98725888000001,3.4394903552000002,fixed
66.58702889992855,33,4.496,-0.01914897,-0.7659588,86.09376912,3.4437507648000008,fixed
66.60937829990871,33,4.496,-0.0191271,-0.7650840000000001,85.99544160000002,3.439817664000001,fixed
66.63516639987938,33,4.496,-0.01912164,-0.7648655999999999,85.97089344,3.4388357376,fixed
66.65865929995198,33,4.496,-0.01915625,-0.76625,86.12650000000001,3.4450600000000002,fixed
66.68413849989884,33,4.496,-0.01913803,-0.7655212,86.04458288000001,3.4417833152000004,fixed
66.70687839994207,33,4.496,-0.01917994,-0.7671975999999999,86.23301024,3.4493204096,fixed
66.72863659996074,33,4.496,-0.01915443,-0.7661772,86.11831728000001,3.4447326912000005,fixed
66.75089589995332,33,4.496,-0.01913986,-0.7655944000000001,86.05281056000001,3.442112422400001,fixed
66.77598139992915,33,4.496,-0.01914897,-0.7659588,86.09376912,3.4437507648000008,fixed
66.79845199990086,33,4.496,-0.01915807,-0.7663228,86.13468272000001,3.4453873088,fixed
66.82322319992818,33,4.496,-0.01911253,-0.7645012,85.92993488,3.4371973952,fixed
66.84679019986652,33,4.496,-0.01914714,-0.7658856,86.08554144000001,3.4434216576000005,fixed
66.8695180999348,33,4.496,-0.01910889,-0.7643555999999999,85.91356944,3.4365427776,fixed
66.89267059986014,33,4.496,-0.01909431,-0.7637724,85.84801776,3.4339207104000002,fixed
66.91699729987886,33,4.496,-0.0191271,-0.7650840000000001,85.99544160000002,3.439817664000001,fixed
66.93955329991877,33,4.495,-0.01913075,-0.76523,85.99272125,3.4397088499999997,fixed
66.96318289986812,33,4.496,-0.01913803,-0.7655212,86.04458288000001,3.4417833152000004,fixed
66.98672749986872,33,4.496,-0.01917447,-0.7669788,86.20841712000001,3.4483366848,fixed
67.00951459992211,33,4.496,-0.01914714,-0.7658856,86.08554144000001,3.4434216576000005,fixed
67.03261949995067,33,4.496,-0.01912893,-0.7651572,86.00366928,3.4401467712000002,fixed
67.05636399996001,33,4.496,-0.01915079,-0.7660316,86.10195184000001,3.4440780736000005,fixed
67.07941359991673,33,4.496,-0.01912164,-0.7648655999999999,85.97089344,3.4388357376,fixed
67.10217159986496,33,4.496,-0.01911617,-0.7646467999999998,85.94630032,3.4378520127999996,fixed
67.12568619986996,33,4.496,-0.01915261,-0.7661044,86.11013456,3.4444053824000003,fixed
67.14883759990335,33,4.496,-0.0191599,-0.766396,86.1429104,3.4457164160000002,fixed
67.17177469993476,33,4.496,-0.01913257,-0.7653028000000001,86.02003472000001,3.4408013888000006,fixed
67.1968337999424,33,4.496,-0.01915079,-0.7660316,86.10195184000001,3.4440780736000005,fixed
67.21945019986015,33,4.496,-0.01913803,-0.7655212,86.04458288000001,3.4417833152000004,fixed
67.24231869995128,33,4.496,-0.01911071,-0.7644284,85.92175216,3.4368700864000004,fixed
67.26576489990111,33,4.496,-0.01914532,-0.7658128000000001,86.07735872,3.4430943488000008,fixed
67.2891974998638,33,4.496,-0.01915261,-0.7661044,86.11013456,3.4444053824000003,fixed
67.31271609989926,33,4.496,-0.01913075,-0.76523,86.011852,3.44047408,fixed
67.33607349987142,33,4.496,-0.01916354,-0.7665416,86.15927584,3.4463710336000006,fixed
67.35855929995887,33,4.496,-0.01916354,-0.7665416,86.15927584,3.4463710336000006,fixed
67.38205059990287,33,4.496,-0.01912893,-0.7651572,86.00366928,3.4401467712000002,fixed
67.40445569995791,33,4.496,-0.01915079,-0.7660316,86.10195184000001,3.4440780736000005,fixed
67.43000559986103,33,4.496,-0.01916901,-0.7667604,86.18386896000001,3.4473547584000004,fixed
67.4526553999167,33,4.496,-0.01912893,-0.7651572,86.00366928,3.4401467712000002,fixed
67.4779921999434,33,4.496,-0.01914714,-0.7658856,86.08554144000001,3.4434216576000005,fixed
67.5009794998914,33,4.496,-0.01912346,-0.7649383999999999,85.97907616,3.4391630464,fixed
67.52604119991884,33,4.496,-0.01913257,-0.7653028000000001,86.02003472000001,3.4408013888000006,fixed
67.54843789990991,33,4.496,-0.01916172,-0.7664688,86.15109312000001,3.4460437248,fixed
67.57398159988225,33,4.496,-0.01913075,-0.76523,86.011852,3.44047408,fixed
67.59682789992075,33,4.496,-0.01917265,-0.7669060000000001,86.2002344,3.448009376000001,fixed
67.62100149993785,33,4.496,-0.01914897,-0.7659588,86.09376912,3.4437507648000008,fixed
67.64368659991305,33,4.496,-0.01913257,-0.7653028000000001,86.02003472000001,3.4408013888000006,fixed
67.66774459986482,33,4.496,-0.01914897,-0.7659588,86.09376912,3.4437507648000008,fixed
67.6912581998622,33,4.496,-0.01912164,-0.7648655999999999,85.97089344,3.4388357376,fixed
67.71457249997184,33,4.496,-0.01913986,-0.7655944000000001,86.05281056000001,3.442112422400001,fixed
67.7383225999074,33,4.496,-0.01916718,-0.7666871999999999,86.17564128000001,3.4470256511999997,fixed
67.76116579992231,33,4.496,-0.01912528,-0.7650112,85.98725888000001,3.4394903552000002,fixed
67.78465879987925,33,4.496,-0.01915079,-0.7660316,86.10195184000001,3.4440780736000005,fixed
67.807969699963,33,4.496,-0.01916536,-0.7666144,86.16745856,3.4466983424000004,fixed
67.83063919993583,33,4.496,-0.01912893,-0.7651572,86.00366928,3.4401467712000002,fixed
67.85399649990723,33,4.496,-0.01913075,-0.76523,86.011852,3.44047408,fixed
67.87681609997526,33,4.496,-0.01917083,-0.7668332,86.19205168,3.4476820672,fixed
67.90170729986858,33,4.496,-0.01917265,-0.7669060000000001,86.2002344,3.448009376000001,fixed
67.92477369995322,33,4.496,-0.01916354,-0.7665416,86.15927584,3.4463710336000006,fixed
67.94855649990495,33,4.495,-0.01916718,-0.7666871999999999,86.1564741,3.4462589639999996,fixed
67.97204119991511,33,4.496,-0.01909978,-0.7639912,85.87261088000001,3.4349044352000004,fixed
67.99619919992983,33,4.496,-0.01911071,-0.7644284,85.92175216,3.4368700864000004,fixed
68.01943239988759,33,4.496,-0.01912346,-0.7649383999999999,85.97907616,3.4391630464,fixed
68.04199069994502,33,4.496,-0.01911253,-0.7645012,85.92993488,3.4371973952,fixed
68.06383619992994,33,4.496,-0.01912893,-0.7651572,86.00366928,3.4401467712000002,fixed
68.08942109986674,33,4.496,-0.01913986,-0.7655944000000001,86.05281056000001,3.442112422400001,fixed
68.11280259990599,33,4.496,-0.01911071,-0.7644284,85.92175216,3.4368700864000004,fixed
68.13540299993474,33,4.496,-0.0191435,-0.76574,86.06917600000001,3.44276704,fixed
68.15856569993775,33,4.496,-0.0191435,-0.76574,86.06917600000001,3.44276704,fixed
68.18246749986429,33,4.496,-0.0191016,-0.7640640000000001,85.8807936,3.4352317440000006,fixed
68.20575159986038,33,4.496,-0.01913986,-0.7655944000000001,86.05281056000001,3.442112422400001,fixed
68.22841939993668,33,4.496,-0.01915443,-0.7661772,86.11831728000001,3.4447326912000005,fixed
68.25192609988153,33,4.496,-0.01912164,-0.7648655999999999,85.97089344,3.4388357376,fixed
68.2761033999268,33,4.496,-0.01914168,-0.7656672,86.06099328,3.4424397312000004,fixed
68.29859849996865,33,4.495,-0.01914532,-0.7658128000000001,86.0582134,3.442328536,fixed
68.32189699995797,33,4.496,-0.01910706,-0.7642823999999999,85.90534176,3.4362136704,fixed
68.34476499992888,33,4.496,-0.01911982,-0.7647928,85.96271072,3.4385084288000005,fixed
68.36887679994106,33,4.496,-0.0191435,-0.76574,86.06917600000001,3.44276704,fixed
68.39212019986007,33,4.496,-0.01911799,-0.7647196,85.95448304000001,3.4381793216000007,fixed
68.41830129991286,33,4.496,-0.01913439,-0.7653756,86.02821744,3.4411286976000004,fixed
68.44131129991729,33,4.496,-0.01912893,-0.7651572,86.00366928,3.4401467712000002,fixed
68.46559589996468,33,4.496,-0.0191435,-0.76574,86.06917600000001,3.44276704,fixed
68.48874979990069,33,4.496,-0.01915807,-0.7663228,86.13468272000001,3.4453873088,fixed
68.51278749993071,34,4.496,-0.0191271,-0.7650840000000001,85.99544160000002,3.439817664000001,fixed
68.5355768998852,34,4.496,-0.01916354,-0.7665416,86.15927584,3.4463710336000006,fixed
68.56057769991457,34,4.496,-0.01917083,-0.7668332,86.19205168,3.4476820672,fixed
68.58371629996691,34,4.496,-0.01913257,-0.7653028000000001,86.02003472000001,3.4408013888000006,fixed
68.60649799986277,34,4.496,-0.01914714,-0.7658856,86.08554144000001,3.4434216576000005,fixed
68.62959949986544,34,4.496,-0.01912164,-0.7648655999999999,85.97089344,3.4388357376,fixed
68.65392029995564,34,4.496,-0.01909795,-0.7639179999999999,85.8643832,3.4345753279999998,fixed
68.67648349993397,34,4.496,-0.01914532,-0.7658128000000001,86.07735872,3.4430943488000008,fixed
68.70139549986925,34,4.496,-0.01915079,-0.7660316,86.10195184000001,3.4440780736000005,fixed
68.72433959995396,34,4.496,-0.01914897,-0.7659588,86.09376912,3.4437507648000008,fixed
68.74875899986364,34,4.496,-0.01916901,-0.7667604,86.18386896000001,3.4473547584000004,fixed
68.77130389993545,34,4.496,-0.01913257,-0.7653028000000001,86.02003472000001,3.4408013888000006,fixed
68.79655189986806,34,4.496,-0.01914714,-0.7658856,86.08554144000001,3.4434216576000005,fixed
68.81963259994518,34,4.496,-0.01915625,-0.76625,86.12650000000001,3.4450600000000002,fixed
68.84335309988819,34,4.496,-0.01912893,-0.7651572,86.00366928,3.4401467712000002,fixed
68.8669835999608,34,4.496,-0.01916172,-0.7664688,86.15109312000001,3.4460437248,fixed
68.88929939991795,34,4.496,-0.01914714,-0.7658856,86.08554144000001,3.4434216576000005,fixed
68.9126500999555,34,4.496,-0.01910889,-0.7643555999999999,85.91356944,3.4365427776,fixed
68.93634729995392,34,4.496,-0.01913439,-0.7653756,86.02821744,3.4411286976000004,fixed
68.95975169993471,34,4.496,-0.01913621,-0.7654484,86.03640016000001,3.4414560064000006,fixed
68.98444259993266,34,4.496,-0.01911799,-0.7647196,85.95448304000001,3.4381793216000007,fixed
69.00743079988752,34,4.496,-0.01916536,-0.7666144,86.16745856,3.4466983424000004,fixed
69.03060789988376,34,4.496,-0.01914532,-0.7658128000000001,86.07735872,3.4430943488000008,fixed
69.05382889986504,34,4.496,-0.0191271,-0.7650840000000001,85.99544160000002,3.439817664000001,fixed
69.07865009992383,34,4.496,-0.01915261,-0.7661044,86.11013456,3.4444053824000003,fixed
69.10177169996314,34,4.496,-0.01911982,-0.7647928,85.96271072,3.4385084288000005,fixed
69.12456569995265,34,4.496,-0.0191271,-0.7650840000000001,85.99544160000002,3.439817664000001,fixed
69.1475789998658,34,4.496,-0.01915807,-0.7663228,86.13468272000001,3.4453873088,fixed
69.1707921999041,34,4.496,-0.01914897,-0.7659588,86.09376912,3.4437507648000008,fixed
69.193789599929,34,4.496,-0.01913803,-0.7655212,86.04458288000001,3.4417833152000004,fixed
69.2178169998806,34,4.496,-0.01916901,-0.7667604,86.18386896000001,3.4473547584000004,fixed
69.24063969997223,34,4.496,-0.01913803,-0.7655212,86.04458288000001,3.4417833152000004,fixed
69.26489229989238,34,4.496,-0.01912528,-0.7650112,85.98725888000001,3.4394903552000002,fixed
69.28745419997722,34,4.495,-0.01916354,-0.7665416,86.1401123,3.445604492,fixed
69.31163309991825,34,4.496,-0.01913439,-0.7653756,86.02821744,3.4411286976000004,fixed
69.33461619995069,34,4.496,-0.01913803,-0.7655212,86.04458288000001,3.4417833152000004,fixed
69.35848069994245,34,4.496,-0.01917447,-0.7669788,86.20841712000001,3.4483366848,fixed
69.38191109988838,34,4.496,-0.01915625,-0.76625,86.12650000000001,3.4450600000000002,fixed
69.40565659990534,34,4.496,-0.01915625,-0.76625,86.12650000000001,3.4450600000000002,fixed
69.4288685999345,34,4.496,-0.01917811,-0.7671244,86.22478256000002,3.4489913024000005,fixed
69.45269029994961,34,4.496,-0.01912528,-0.7650112,85.98725888000001,3.4394903552000002,fixed
69.4755712999031,34,4.496,-0.0191435,-0.76574,86.06917600000001,3.44276704,fixed
69.4994589999551,34,4.496,-0.01915807,-0.7663228,86.13468272000001,3.4453873088,fixed
69.52284689992666,34,4.496,-0.01912528,-0.7650112,85.98725888000001,3.4394903552000002,fixed
69.54778489994351,34,4.496,-0.01914714,-0.7658856,86.08554144000001,3.4434216576000005,fixed
69.57043129997328,34,4.496,-0.01914532,-0.7658128000000001,86.07735872,3.4430943488000008,fixed
69.59601879992988,34,4.496,-0.01912528,-0.7650112,85.98725888000001,3.4394903552000002,fixed
69.6187767998781,34,4.496,-0.01915443,-0.7661772,86.11831728000001,3.4447326912000005,fixed
69.64423499989789,34,4.496,-0.01913986,-0.7655944000000001,86.05281056000001,3.442112422400001,fixed
69.66741729993373,34,4.496,-0.0191854,-0.7674159999999999,86.25755840000001,3.4503023359999996,fixed
69.69177709997166,34,4.496,-0.01916354,-0.7665416,86.15927584,3.4463710336000006,fixed
69.71464149991516,34,4.496,-0.01913439,-0.7653756,86.02821744,3.4411286976000004,fixed
69.73870049987454,34,4.496,-0.01915261,-0.7661044,86.11013456,3.4444053824000003,fixed
69.7618397999322,34,4.496,-0.01912346,-0.7649383999999999,85.97907616,3.4391630464,fixed
69.78586669987999,34,4.496,-0.01913986,-0.7655944000000001,86.05281056000001,3.442112422400001,fixed
69.80876609997358,34,4.496,-0.01918176,-0.7672704,86.24119296,3.4496477184000005,fixed
69.83450989995617,34,4.496,-0.01915443,-0.7661772,86.11831728000001,3.4447326912000005,fixed
69.85755319986492,34,4.496,-0.01918722,-0.7674888,86.26574112000002,3.4506296448000002,fixed
69.88117479986977,34,4.496,-0.0191599,-0.766396,86.1429104,3.4457164160000002,fixed
69.90452249988448,34,4.496,-0.01913803,-0.7655212,86.04458288000001,3.4417833152000004,fixed
69.9274406998884,34,4.496,-0.01917083,-0.7668332,86.19205168,3.4476820672,fixed
69.95068059989717,34,4.496,-0.01915079,-0.7660316,86.10195184000001,3.4440780736000005,fixed
69.9734388999641,34,4.496,-0.01914168,-0.7656672,86.06099328,3.4424397312000004,fixed
69.99656309990678,34,4.496,-0.01917447,-0.7669788,86.20841712000001,3.4483366848,fixed
70.02014719997533,34,4.496,-0.01918358,-0.7673432,86.24937568,3.4499750272000003,fixed
70.04285759991035,34,4.496,-0.01913621,-0.7654484,86.03640016000001,3.4414560064000006,fixed
70.06606449990068,34,4.496,-0.01915443,-0.7661772,86.11831728000001,3.4447326912000005,fixed
70.08874809986446,34,4.496,-0.01916901,-0.7667604,86.18386896000001,3.4473547584000004,fixed
70.11345319997054,34,4.496,-0.0191435,-0.76574,86.06917600000001,3.44276704,fixed
70.1365541999694,34,4.496,-0.01917083,-0.7668332,86.19205168,3.4476820672,fixed
70.1602715998888,34,4.496,-0.01918176,-0.7672704,86.24119296,3.4496477184000005,fixed
70.18381319986656,34,4.496,-0.01915261,-0.7661044,86.11013456,3.4444053824000003,fixed
70.20741769997403,34,4.496,-0.01918358,-0.7673432,86.24937568,3.4499750272000003,fixed
70.23059569997713,34,4.496,-0.01918358,-0.7673432,86.24937568,3.4499750272000003,fixed
70.25477369991131,34,4.496,-0.01915443,-0.7661772,86.11831728000001,3.4447326912000005,fixed
70.27784269989934,34,4.496,-0.0191854,-0.7674159999999999,86.25755840000001,3.4503023359999996,fixed
70.30153649987187,34,4.496,-0.0191854,-0.7674159999999999,86.25755840000001,3.4503023359999996,fixed
70.32486059993971,34,4.496,-0.0191854,-0.7674159999999999,86.25755840000001,3.4503023359999996,fixed
70.34767839987762,34,4.496,-0.01920544,-0.7682176,86.34765824000002,3.4539063296,fixed
70.37077809986658,34,4.496,-0.01918722,-0.7674888,86.26574112000002,3.4506296448000002,fixed
70.394127599895,34,4.496,-0.01914897,-0.7659588,86.09376912,3.4437507648000008,fixed
70.41653889988083,34,4.496,-0.01917265,-0.7669060000000001,86.2002344,3.448009376000001,fixed
70.4412744998699,34,4.496,-0.01917447,-0.7669788,86.20841712000001,3.4483366848,fixed
70.46451069996692,34,4.496,-0.01914532,-0.7658128000000001,86.07735872,3.4430943488000008,fixed
70.48875659995247,34,4.496,-0.01918176,-0.7672704,86.24119296,3.4496477184000005,fixed
70.51216649997514,34,4.496,-0.0191599,-0.766396,86.1429104,3.4457164160000002,fixed
70.53743889986072,35,4.496,-0.01919269,-0.7677075999999999,86.29033424,3.4516133696,fixed
70.56078109994996,35,4.496,-0.01916536,-0.7666144,86.16745856,3.4466983424000004,fixed
70.58362679986749,35,4.496,-0.01912893,-0.7651572,86.00366928,3.4401467712000002,fixed
70.60681459994521,35,4.496,-0.01915625,-0.76625,86.12650000000001,3.4450600000000002,fixed
70.63000739994459,35,4.496,-0.01917447,-0.7669788,86.20841712000001,3.4483366848,fixed
70.65285219997168,35,4.496,-0.01913986,-0.7655944000000001,86.05281056000001,3.442112422400001,fixed
70.67617979994975,35,4.496,-0.01916536,-0.7666144,86.16745856,3.4466983424000004,fixed
70.70011689991225,35,4.496,-0.01917447,-0.7669788,86.20841712000001,3.4483366848,fixed
70.72389179992024,35,4.496,-0.01912893,-0.7651572,86.00366928,3.4401467712000002,fixed
70.74647189991083,35,4.496,-0.01914714,-0.7658856,86.08554144000001,3.4434216576000005,fixed
70.76917919993866,35,4.496,-0.01915261,-0.7661044,86.11013456,3.4444053824000003,fixed
70.79189009987749,35,4.496,-0.01912346,-0.7649383999999999,85.97907616,3.4391630464,fixed
70.81785419990774,35,4.496,-0.01912528,-0.7650112,85.98725888000001,3.4394903552000002,fixed
70.84080939996056,35,4.496,-0.01916172,-0.7664688,86.15109312000001,3.4460437248,fixed
70.86562879988924,35,4.496,-0.01914897,-0.7659588,86.09376912,3.4437507648000008,fixed
70.88882559991907,35,4.496,-0.01919269,-0.7677075999999999,86.29033424,3.4516133696,fixed
70.91146029997617,35,4.496,-0.01915625,-0.76625,86.12650000000001,3.4450600000000002,fixed
70.93485569988843,35,4.496,-0.01913075,-0.76523,86.011852,3.44047408,fixed
70.95785769994836,35,4.496,-0.01915807,-0.7663228,86.13468272000001,3.4453873088,fixed
70.98086189990863,35,4.496,-0.0191435,-0.76574,86.06917600000001,3.44276704,fixed
71.00562619988341,35,4.496,-0.01911617,-0.7646467999999998,85.94630032,3.4378520127999996,fixed
71.0286846999079,35,4.496,-0.01915807,-0.7663228,86.13468272000001,3.4453873088,fixed
71.05358809989411,35,4.496,-0.01913803,-0.7655212,86.04458288000001,3.4417833152000004,fixed
71.07598419988062,35,4.495,-0.01916172,-0.7664688,86.1319314,3.445277256,fixed
71.10011999995913,35,4.496,-0.01918358,-0.7673432,86.24937568,3.4499750272000003,fixed
71.12255129986443,35,4.496,-0.01916536,-0.7666144,86.16745856,3.4466983424000004,fixed
71.14805009996053,35,4.496,-0.01917447,-0.7669788,86.20841712000001,3.4483366848,fixed
71.17072109994479,35,4.496,-0.0191854,-0.7674159999999999,86.25755840000001,3.4503023359999996,fixed
71.19686209992506,35,4.496,-0.01915079,-0.7660316,86.10195184000001,3.4440780736000005,fixed
71.21963519987185,35,4.496,-0.01919816,-0.7679263999999999,86.31492736,3.4525970943999997,fixed
71.24226519989315,35,4.496,-0.01916172,-0.7664688,86.15109312000001,3.4460437248,fixed
71.26559589989483,35,4.496,-0.01916354,-0.7665416,86.15927584,3.4463710336000006,fixed
71.28866979992017,35,4.496,-0.01917811,-0.7671244,86.22478256000002,3.4489913024000005,fixed
71.31149019987788,35,4.496,-0.01915079,-0.7660316,86.10195184000001,3.4440780736000005,fixed
71.33428869990166,35,4.496,-0.01913439,-0.7653756,86.02821744,3.4411286976000004,fixed
71.35775659990031,35,4.496,-0.01916901,-0.7667604,86.18386896000001,3.4473547584000004,fixed
71.38109989988152,35,4.496,-0.01916536,-0.7666144,86.16745856,3.4466983424000004,fixed
71.40469539992046,35,4.496,-0.01914168,-0.7656672,86.06099328,3.4424397312000004,fixed
71.42891039990354,35,4.496,-0.01918358,-0.7673432,86.24937568,3.4499750272000003,fixed
71.45173929992598,35,4.496,-0.01917447,-0.7669788,86.20841712000001,3.4483366848,fixed
71.47693449992221,35,4.496,-0.01915807,-0.7663228,86.13468272000001,3.4453873088,fixed
71.4996216999134,35,4.496,-0.01918722,-0.7674888,86.26574112000002,3.4506296448000002,fixed
71.52358519996051,35,4.496,-0.01914532,-0.7658128000000001,86.07735872,3.4430943488000008,fixed
71.54689859994687,35,4.496,-0.01915807,-0.7663228,86.13468272000001,3.4453873088,fixed
71.56998149992432,35,4.496,-0.01916354,-0.7665416,86.15927584,3.4463710336000006,fixed
71.59240469988436,35,4.496,-0.01911982,-0.7647928,85.96271072,3.4385084288000005,fixed
71.61840319994371,35,4.496,-0.01912164,-0.7648655999999999,85.97089344,3.4388357376,fixed
71.64155809988733,35,4.496,-0.01913075,-0.76523,86.011852,3.44047408,fixed
71.6657477999106,35,4.496,-0.01912893,-0.7651572,86.00366928,3.4401467712000002,fixed
71.68883329990786,35,4.496,-0.01918176,-0.7672704,86.24119296,3.4496477184000005,fixed
71.71301239996683,35,4.496,-0.01917629,-0.7670516,86.21659984,3.4486639936000003,fixed
71.73543969995808,35,4.496,-0.01916718,-0.7666871999999999,86.17564128000001,3.4470256511999997,fixed
71.76039759989362,35,4.496,-0.01919451,-0.7677804,86.29851696000001,3.4519406784000006,fixed
71.78385279991198,35,4.496,-0.01915443,-0.7661772,86.11831728000001,3.4447326912000005,fixed
71.80905239994172,35,4.496,-0.01917265,-0.7669060000000001,86.2002344,3.448009376000001,fixed
71.8318177999463,35,4.495,-0.01916354,-0.7665416,86.1401123,3.445604492,fixed
71.85590219986625,35,4.496,-0.0191435,-0.76574,86.06917600000001,3.44276704,fixed
71.87849109992385,35,4.496,-0.0191854,-0.7674159999999999,86.25755840000001,3.4503023359999996,fixed
71.9018611998763,35,4.496,-0.01917994,-0.7671975999999999,86.23301024,3.4493204096,fixed
71.92495959997177,35,4.496,-0.01915807,-0.7663228,86.13468272000001,3.4453873088,fixed
71.94854089990258,35,4.496,-0.01918722,-0.7674888,86.26574112000002,3.4506296448000002,fixed
71.97175779996905,35,4.496,-0.01915443,-0.7661772,86.11831728000001,3.4447326912000005,fixed
71.99692109995522,35,4.496,-0.0191271,-0.7650840000000001,85.99544160000002,3.439817664000001,fixed
72.01982139993925,35,4.496,-0.01915625,-0.76625,86.12650000000001,3.4450600000000002,fixed
72.04393529996742,35,4.496,-0.01913075,-0.76523,86.011852,3.44047408,fixed
72.06664029986132,35,4.496,-0.01915079,-0.7660316,86.10195184000001,3.4440780736000005,fixed
72.09063959994819,35,4.496,-0.01917811,-0.7671244,86.22478256000002,3.4489913024000005,fixed
72.11369669996202,35,4.496,-0.01914897,-0.7659588,86.09376912,3.4437507648000008,fixed
72.13715239986777,35,4.496,-0.01916354,-0.7665416,86.15927584,3.4463710336000006,fixed
72.15986709995195,35,4.496,-0.01917265,-0.7669060000000001,86.2002344,3.448009376000001,fixed
72.1838539999444,35,4.496,-0.01913439,-0.7653756,86.02821744,3.4411286976000004,fixed
72.2065442999592,35,4.496,-0.01914532,-0.7658128000000001,86.07735872,3.4430943488000008,fixed
72.23432309995405,35,4.496,-0.01916354,-0.7665416,86.15927584,3.4463710336000006,fixed
72.2577565999236,35,4.496,-0.01914897,-0.7659588,86.09376912,3.4437507648000008,fixed
72.28074349986855,35,4.496,-0.01916172,-0.7664688,86.15109312000001,3.4460437248,fixed
72.30350359994918,35,4.496,-0.0191435,-0.76574,86.06917600000001,3.44276704,fixed
72.32973929995205,35,4.496,-0.01918176,-0.7672704,86.24119296,3.4496477184000005,fixed
72.35240899992641,35,4.496,-0.01917629,-0.7670516,86.21659984,3.4486639936000003,fixed
72.37564259988721,35,4.496,-0.01916536,-0.7666144,86.16745856,3.4466983424000004,fixed
72.39894359989557,35,4.496,-0.01917629,-0.7670516,86.21659984,3.4486639936000003,fixed
72.4215763999382,35,4.496,-0.01915625,-0.76625,86.12650000000001,3.4450600000000002,fixed
72.44454009993933,35,4.496,-0.01913621,-0.7654484,86.03640016000001,3.4414560064000006,fixed
72.46766649989877,35,4.496,-0.01917994,-0.7671975999999999,86.23301024,3.4493204096,fixed
72.49076179997064,35,4.496,-0.01919816,-0.7679263999999999,86.31492736,3.4525970943999997,fixed
72.5146425999701,35,4.496,-0.01916718,-0.7666871999999999,86.17564128000001,3.4470256511999997,fixed
72.53852009994444,36,4.496,-0.01919998,-0.7679992,86.32311008,3.4529244032000004,fixed
72.56211229995824,36,4.496,-0.0191854,-0.7674159999999999,86.25755840000001,3.4503023359999996,fixed
72.58427609992214,36,4.496,-0.01915443,-0.7661772,86.11831728000001,3.4447326912000005,fixed
72.60869039990939,36,4.496,-0.01917629,-0.7670516,86.21659984,3.4486639936000003,fixed
72.63152119994629,36,4.496,-0.01917447,-0.7669788,86.20841712000001,3.4483366848,fixed
72.65537519997451,36,4.496,-0.01914897,-0.7659588,86.09376912,3.4437507648000008,fixed
72.67872959992383,36,4.496,-0.01918722,-0.7674888,86.26574112000002,3.4506296448000002,fixed
72.70352889993228,36,4.496,-0.01917811,-0.7671244,86.22478256000002,3.4489913024000005,fixed
72.72660289995838,36,4.496,-0.01916718,-0.7666871999999999,86.17564128000001,3.4470256511999997,fixed
72.74933959986083,36,4.496,-0.01918904,-0.7675616000000001,86.27392384000002,3.4509569536000004,fixed
72.77167839987669,36,4.496,-0.01916718,-0.7666871999999999,86.17564128000001,3.4470256511999997,fixed
72.79628029989544,36,4.496,-0.01917083,-0.7668332,86.19205168,3.4476820672,fixed
72.81949059991166,36,4.496,-0.01921637,-0.7686548000000001,86.39679952000002,3.455871980800001,fixed
72.84331579995342,36,4.496,-0.01919269,-0.7677075999999999,86.29033424,3.4516133696,fixed
72.86672449996695,36,4.496,-0.01918904,-0.7675616000000001,86.27392384000002,3.4509569536000004,fixed
72.88997779996134,36,4.496,-0.01921637,-0.7686548000000001,86.39679952000002,3.455871980800001,fixed
72.91277409996837,36,4.496,-0.01917994,-0.7671975999999999,86.23301024,3.4493204096,fixed
72.93821749987546,36,4.496,-0.01916354,-0.7665416,86.15927584,3.4463710336000006,fixed
72.96164149988908,36,4.496,-0.01917629,-0.7670516,86.21659984,3.4486639936000003,fixed
72.98541149985977,36,4.496,-0.01914532,-0.7658128000000001,86.07735872,3.4430943488000008,fixed
73.00867709994782,36,4.496,-0.01917811,-0.7671244,86.22478256000002,3.4489913024000005,fixed
73.03254539996851,36,4.496,-0.01917811,-0.7671244,86.22478256000002,3.4489913024000005,fixed
73.05518039991148,36,4.496,-0.01915261,-0.7661044,86.11013456,3.4444053824000003,fixed
73.07964989996981,36,4.496,-0.01919269,-0.7677075999999999,86.29033424,3.4516133696,fixed
73.10275749990251,36,4.496,-0.01917811,-0.7671244,86.22478256000002,3.4489913024000005,fixed
73.12678119994234,36,4.496,-0.01916901,-0.7667604,86.18386896000001,3.4473547584000004,fixed
73.14959699986503,36,4.496,-0.01919451,-0.7677804,86.29851696000001,3.4519406784000006,fixed
73.17272439994849,36,4.496,-0.01916718,-0.7666871999999999,86.17564128000001,3.4470256511999997,fixed
73.1954363998957,36,4.496,-0.01913257,-0.7653028000000001,86.02003472000001,3.4408013888000006,fixed
73.21956509992015,36,4.496,-0.0191599,-0.766396,86.1429104,3.4457164160000002,fixed
73.242540899897,36,4.496,-0.01915443,-0.7661772,86.11831728000001,3.4447326912000005,fixed
73.26635259995237,36,4.496,-0.01914897,-0.7659588,86.09376912,3.4437507648000008,fixed
73.28966649994254,36,4.496,-0.01918904,-0.7675616000000001,86.27392384000002,3.4509569536000004,fixed
73.31318679987453,36,4.496,-0.01917083,-0.7668332,86.19205168,3.4476820672,fixed
73.33641189988703,36,4.496,-0.01914714,-0.7658856,86.08554144000001,3.4434216576000005,fixed
73.36117649986409,36,4.495,-0.0191854,-0.7674159999999999,86.238373,3.4495349199999996,fixed
73.38476959988475,36,4.496,-0.01914897,-0.7659588,86.09376912,3.4437507648000008,fixed
73.40793459990527,36,4.496,-0.01918176,-0.7672704,86.24119296,3.4496477184000005,fixed
73.43070199992508,36,4.496,-0.01919998,-0.7679992,86.32311008,3.4529244032000004,fixed
73.45527039992157,36,4.496,-0.01915625,-0.76625,86.12650000000001,3.4450600000000002,fixed
73.47867019986734,36,4.496,-0.01917083,-0.7668332,86.19205168,3.4476820672,fixed
73.50164619996212,36,4.496,-0.01918722,-0.7674888,86.26574112000002,3.4506296448000002,fixed
73.52453509985935,36,4.496,-0.01918176,-0.7672704,86.24119296,3.4496477184000005,fixed
73.54771429987159,36,4.496,-0.01921091,-0.7684364000000001,86.37225136,3.4548900544000007,fixed
73.57051839993801,36,4.496,-0.01921455,-0.768582,86.38861680000001,3.4555446720000003,fixed
73.59443809988443,36,4.496,-0.01917629,-0.7670516,86.21659984,3.4486639936000003,fixed
73.61747739987914,36,4.496,-0.01918722,-0.7674888,86.26574112000002,3.4506296448000002,fixed
73.64124529995024,36,4.496,-0.01920362,-0.7681448000000001,86.33947552000001,3.453579020800001,fixed
73.6643824998755,36,4.496,-0.01915807,-0.7663228,86.13468272000001,3.4453873088,fixed
73.68912309990264,36,4.496,-0.01916354,-0.7665416,86.15927584,3.4463710336000006,fixed
73.71286759991199,36,4.496,-0.01914897,-0.7659588,86.09376912,3.4437507648000008,fixed
73.73690019990318,36,4.496,-0.01911253,-0.7645012,85.92993488,3.4371973952,fixed
73.75935279997066,36,4.496,-0.01915079,-0.7660316,86.10195184000001,3.4440780736000005,fixed
73.78273019986227,36,4.496,-0.01913986,-0.7655944000000001,86.05281056000001,3.442112422400001,fixed
73.80550929997116,36,4.496,-0.01913621,-0.7654484,86.03640016000001,3.4414560064000006,fixed
73.83277239988092,36,4.496,-0.01918358,-0.7673432,86.24937568,3.4499750272000003,fixed
73.85550629987847,36,4.496,-0.01916172,-0.7664688,86.15109312000001,3.4460437248,fixed
73.87851559987757,36,4.496,-0.01919087,-0.7676348000000001,86.28215152,3.4512860608000007,fixed
73.90138189995196,36,4.496,-0.01919087,-0.7676348000000001,86.28215152,3.4512860608000007,fixed
73.92594049987383,36,4.496,-0.0191599,-0.766396,86.1429104,3.4457164160000002,fixed
73.94839489995502,36,4.496,-0.01919998,-0.7679992,86.32311008,3.4529244032000004,fixed
73.97139359987341,36,4.496,-0.0192182,-0.768728,86.4050272,3.4562010880000003,fixed
73.99459579994436,36,4.496,-0.01918358,-0.7673432,86.24937568,3.4499750272000003,fixed
74.01814749988262,36,4.496,-0.01918176,-0.7672704,86.24119296,3.4496477184000005,fixed
74.04203699994832,36,4.496,-0.01917265,-0.7669060000000001,86.2002344,3.448009376000001,fixed
74.06544229993597,36,4.496,-0.01913075,-0.76523,86.011852,3.44047408,fixed
74.08838669990655,36,4.496,-0.01915807,-0.7663228,86.13468272000001,3.4453873088,fixed
74.11192799988203,36,4.496,-0.01917265,-0.7669060000000001,86.2002344,3.448009376000001,fixed
74.13444959989283,36,4.496,-0.01914897,-0.7659588,86.09376912,3.4437507648000008,fixed
74.15956819988787,36,4.496,-0.01917629,-0.7670516,86.21659984,3.4486639936000003,fixed
74.18256809993181,36,4.496,-0.01918358,-0.7673432,86.24937568,3.4499750272000003,fixed
74.20653299987316,36,4.496,-0.01916354,-0.7665416,86.15927584,3.4463710336000006,fixed
74.22953609994147,36,4.496,-0.01920544,-0.7682176,86.34765824000002,3.4539063296,fixed
74.25326569995377,36,4.496,-0.01919087,-0.7676348000000001,86.28215152,3.4512860608000007,fixed
74.27636309992522,36,4.496,-0.01916172,-0.7664688,86.15109312000001,3.4460437248,fixed
74.3003030999098,36,4.496,-0.01919816,-0.7679263999999999,86.31492736,3.4525970943999997,fixed
74.32336149993353,36,4.496,-0.01918722,-0.7674888,86.26574112000002,3.4506296448000002,fixed
74.34744579996914,36,4.496,-0.01918358,-0.7673432,86.24937568,3.4499750272000003,fixed
74.37054229993373,36,4.496,-0.01921091,-0.7684364000000001,86.37225136,3.4548900544000007,fixed
74.39503719995264,36,4.496,-0.01918722,-0.7674888,86.26574112000002,3.4506296448000002,fixed
74.41887569986284,36,4.496,-0.01919633,-0.7678532,86.30669968000001,3.4522679872000004,fixed
74.44194769987371,36,4.496,-0.01921091,-0.7684364000000001,86.37225136,3.4548900544000007,fixed
74.46444439992774,36,4.496,-0.01916536,-0.7666144,86.16745856,3.4466983424000004,fixed
74.4884788999334,36,4.496,-0.01917629,-0.7670516,86.21659984,3.4486639936000003,fixed
74.5114881999325,36,4.496,-0.01919087,-0.7676348000000001,86.28215152,3.4512860608000007,fixed
74.53544179990422,36,4.496,-0.01913803,-0.7655212,86.04458288000001,3.4417833152000004,fixed
74.55928329995368,37,4.496,-0.01915807,-0.7663228,86.13468272000001,3.4453873088,fixed
74.58350179996341,37,4.496,-0.01914532,-0.7658128000000001,86.07735872,3.4430943488000008,fixed
74.60649349994492,37,4.496,-0.01913075,-0.76523,86.011852,3.44047408,fixed
74.63120389997493,37,4.496,-0.01918176,-0.7672704,86.24119296,3.4496477184000005,fixed
74.65467129996978,37,4.496,-0.01916172,-0.7664688,86.15109312000001,3.4460437248,fixed
74.67795509996358,37,4.496,-0.01916536,-0.7666144,86.16745856,3.4466983424000004,fixed
74.70149649993982,37,4.496,-0.01918904,-0.7675616000000001,86.27392384000002,3.4509569536000004,fixed
74.72737559990492,37,4.496,-0.01914714,-0.7658856,86.08554144000001,3.4434216576000005,fixed
74.75046559993643,37,4.496,-0.01918358,-0.7673432,86.24937568,3.4499750272000003,fixed
74.77368459990248,37,4.496,-0.01915079,-0.7660316,86.10195184000001,3.4440780736000005,fixed
74.79546459997073,37,4.496,-0.01913803,-0.7655212,86.04458288000001,3.4417833152000004,fixed
74.82112319988664,37,4.496,-0.01917265,-0.7669060000000001,86.2002344,3.448009376000001,fixed
74.84460769989528,37,4.496,-0.01917083,-0.7668332,86.19205168,3.4476820672,fixed
74.86765889986418,37,4.496,-0.01917629,-0.7670516,86.21659984,3.4486639936000003,fixed
74.89019019994885,37,4.496,-0.01919451,-0.7677804,86.29851696000001,3.4519406784000006,fixed
74.9145325999707,37,4.496,-0.01917083,-0.7668332,86.19205168,3.4476820672,fixed
74.9373413999565,37,4.496,-0.01915625,-0.76625,86.12650000000001,3.4450600000000002,fixed
74.9631477999501,37,4.496,-0.01917994,-0.7671975999999999,86.23301024,3.4493204096,fixed
74.98614549986087,37,4.496,-0.01915079,-0.7660316,86.10195184000001,3.4440780736000005,fixed
75.00902169989422,37,4.496,-0.01919451,-0.7677804,86.29851696000001,3.4519406784000006,fixed
75.03232279990334,37,4.495,-0.01920362,-0.7681448000000001,86.32027190000001,3.4528108760000005,fixed
75.0568374999566,37,4.496,-0.01917447,-0.7669788,86.20841712000001,3.4483366848,fixed
75.0794061999768,37,4.496,-0.01919633,-0.7678532,86.30669968000001,3.4522679872000004,fixed
75.1037799998885,37,4.496,-0.0191854,-0.7674159999999999,86.25755840000001,3.4503023359999996,fixed
75.12628699990455,37,4.496,-0.01915443,-0.7661772,86.11831728000001,3.4447326912000005,fixed
75.15144779987168,37,4.496,-0.01918722,-0.7674888,86.26574112000002,3.4506296448000002,fixed
75.17431329993997,37,4.496,-0.01916901,-0.7667604,86.18386896000001,3.4473547584000004,fixed
75.19974499987438,37,4.496,-0.01917448,-0.7669792,86.20846208,3.4483384832,fixed
75.2221780999098,37,4.496,-0.0191854,-0.7674159999999999,86.25755840000001,3.4503023359999996,fixed
75.24556239997037,37,4.496,-0.01914168,-0.7656672,86.06099328,3.4424397312000004,fixed
75.26847629994154,37,4.496,-0.0191435,-0.76574,86.06917600000001,3.44276704,fixed
75.2928628999507,37,4.496,-0.01915807,-0.7663228,86.13468272000001,3.4453873088,fixed
75.31605189992115,37,4.496,-0.01911435,-0.764574,85.9381176,3.4375247040000003,fixed
75.33996929996647,37,4.496,-0.01914532,-0.7658128000000001,86.07735872,3.4430943488000008,fixed
75.3636467999313,37,4.496,-0.01914532,-0.7658128000000001,86.07735872,3.4430943488000008,fixed
75.38591789989732,37,4.496,-0.01913257,-0.7653028000000001,86.02003472000001,3.4408013888000006,fixed
75.4092172998935,37,4.496,-0.01916354,-0.7665416,86.15927584,3.4463710336000006,fixed
75.43339739996009,37,4.496,-0.01917447,-0.7669788,86.20841712000001,3.4483366848,fixed
75.45690899994224,37,4.496,-0.01913257,-0.7653028000000001,86.02003472000001,3.4408013888000006,fixed
75.48067709989846,37,4.496,-0.01917629,-0.7670516,86.21659984,3.4486639936000003,fixed
75.50342019996606,37,4.496,-0.01915625,-0.76625,86.12650000000001,3.4450600000000002,fixed
75.52926209988073,37,4.496,-0.01912893,-0.7651572,86.00366928,3.4401467712000002,fixed
75.55212369991932,37,4.496,-0.01915625,-0.76625,86.12650000000001,3.4450600000000002,fixed
75.57619139994495,37,4.496,-0.01911982,-0.7647928,85.96271072,3.4385084288000005,fixed
75.59944099991117,37,4.496,-0.01915079,-0.7660316,86.10195184000001,3.4440780736000005,fixed
75.62366789986845,37,4.496,-0.01916172,-0.7664688,86.15109312000001,3.4460437248,fixed
75.64637069986202,37,4.496,-0.01913803,-0.7655212,86.04458288000001,3.4417833152000004,fixed
75.67037249996793,37,4.496,-0.01917811,-0.7671244,86.22478256000002,3.4489913024000005,fixed
75.6930824998999,37,4.496,-0.0191854,-0.7674159999999999,86.25755840000001,3.4503023359999996,fixed
75.7171054999344,37,4.496,-0.0191599,-0.766396,86.1429104,3.4457164160000002,fixed
75.74049619992729,37,4.496,-0.01919451,-0.7677804,86.29851696000001,3.4519406784000006,fixed
75.76561599993147,37,4.496,-0.01917811,-0.7671244,86.22478256000002,3.4489913024000005,fixed
75.78841929987539,37,4.496,-0.01916718,-0.7666871999999999,86.17564128000001,3.4470256511999997,fixed
75.81354559992906,37,4.496,-0.01919451,-0.7677804,86.29851696000001,3.4519406784000006,fixed
75.83663909987081,37,4.496,-0.01915625,-0.76625,86.12650000000001,3.4450600000000002,fixed
75.8611624998739,37,4.496,-0.01918176,-0.7672704,86.24119296,3.4496477184000005,fixed
75.88448699994478,37,4.496,-0.01915807,-0.7663228,86.13468272000001,3.4453873088,fixed
75.90913619997445,37,4.496,-0.01914897,-0.7659588,86.09376912,3.4437507648000008,fixed
75.9328185999766,37,4.496,-0.01917994,-0.7671975999999999,86.23301024,3.4493204096,fixed
75.95636689988896,37,4.496,-0.01913257,-0.7653028000000001,86.02003472000001,3.4408013888000006,fixed
75.97904919995926,37,4.496,-0.01915807,-0.7663228,86.13468272000001,3.4453873088,fixed
76.00313319987617,37,4.496,-0.01917629,-0.7670516,86.21659984,3.4486639936000003,fixed
76.02614349988289,37,4.496,-0.01915261,-0.7661044,86.11013456,3.4444053824000003,fixed
76.0501938998932,37,4.496,-0.01919451,-0.7677804,86.29851696000001,3.4519406784000006,fixed
76.073144499911,37,4.496,-0.01919816,-0.7679263999999999,86.31492736,3.4525970943999997,fixed
76.09604809992015,37,4.496,-0.01915443,-0.7661772,86.11831728000001,3.4447326912000005,fixed
76.11905619991012,37,4.496,-0.01917447,-0.7669788,86.20841712000001,3.4483366848,fixed
76.14315769996028,37,4.496,-0.01918176,-0.7672704,86.24119296,3.4496477184000005,fixed
76.16616689995863,37,4.496,-0.01914532,-0.7658128000000001,86.07735872,3.4430943488000008,fixed
76.1909663999686,37,4.496,-0.01917447,-0.7669788,86.20841712000001,3.4483366848,fixed
76.21399339986965,37,4.496,-0.0191599,-0.766396,86.1429104,3.4457164160000002,fixed
76.23801849992014,37,4.496,-0.01915079,-0.7660316,86.10195184000001,3.4440780736000005,fixed
76.2609849999426,37,4.496,-0.01919087,-0.7676348000000001,86.28215152,3.4512860608000007,fixed
76.28391029988416,37,4.496,-0.01917811,-0.7671244,86.22478256000002,3.4489913024000005,fixed
76.30783709988464,37,4.496,-0.01917083,-0.7668332,86.19205168,3.4476820672,fixed
76.33105139993131,37,4.496,-0.01920726,-0.7682904,86.35584096000001,3.4542336384000003,fixed
76.3544314999599,37,4.496,-0.01917811,-0.7671244,86.22478256000002,3.4489913024000005,fixed
76.37670489994343,37,4.496,-0.0191599,-0.766396,86.1429104,3.4457164160000002,fixed
76.40023899986409,37,4.496,-0.01918176,-0.7672704,86.24119296,3.4496477184000005,fixed
76.42677789996378,37,4.496,-0.01917629,-0.7670516,86.21659984,3.4486639936000003,fixed
76.45040649990551,37,4.496,-0.01917629,-0.7670516,86.21659984,3.4486639936000003,fixed
76.4730877999682,37,4.496,-0.01916718,-0.7666871999999999,86.17564128000001,3.4470256511999997,fixed
76.49615899997298,37,4.496,-0.01913803,-0.7655212,86.04458288000001,3.4417833152000004,fixed
76.51912569988053,37,4.496,-0.01917447,-0.7669788,86.20841712000001,3.4483366848,fixed
76.54233419988304,37,4.496,-0.01919998,-0.7679992,86.32311008,3.4529244032000004,fixed
76.56595529988408,38,4.496,-0.01916172,-0.7664688,86.15109312000001,3.4460437248,fixed
76.58889979997184,38,4.495,-0.01918358,-0.7673432,86.2301921,3.449207684,fixed
76.6118408999173,38,4.496,-0.01919451,-0.7677804,86.29851696000001,3.4519406784000006,fixed
76.6348827999318,38,4.496,-0.01915807,-0.7663228,86.13468272000001,3.4453873088,fixed
76.65808399987873,38,4.496,-0.01915261,-0.7661044,86.11013456,3.4444053824000003,fixed
76.68116419995204,38,4.496,-0.01916901,-0.7667604,86.18386896000001,3.4473547584000004,fixed
76.70458179991692,38,4.496,-0.01914897,-0.7659588,86.09376912,3.4437507648000008,fixed
76.72768629994243,38,4.496,-0.01913803,-0.7655212,86.04458288000001,3.4417833152000004,fixed
76.7528730998747,38,4.496,-0.01916172,-0.7664688,86.15109312000001,3.4460437248,fixed
76.77568279986735,38,4.496,-0.01911617,-0.7646467999999998,85.94630032,3.4378520127999996,fixed
76.79872479988262,38,4.496,-0.01914168,-0.7656672,86.06099328,3.4424397312000004,fixed
76.82123539992608,38,4.496,-0.01916718,-0.7666871999999999,86.17564128000001,3.4470256511999997,fixed
76.84838549990673,38,4.496,-0.01915443,-0.7661772,86.11831728000001,3.4447326912000005,fixed
76.87194399989676,38,4.496,-0.01916536,-0.7666144,86.16745856,3.4466983424000004,fixed
76.89600689988583,38,4.496,-0.01913257,-0.7653028000000001,86.02003472000001,3.4408013888000006,fixed
76.9192004998913,38,4.496,-0.01915079,-0.7660316,86.10195184000001,3.4440780736000005,fixed
76.94278609997127,38,4.496,-0.01918176,-0.7672704,86.24119296,3.4496477184000005,fixed
76.96639019995928,38,4.496,-0.01915079,-0.7660316,86.10195184000001,3.4440780736000005,fixed
76.98898049991112,38,4.496,-0.01917447,-0.7669788,86.20841712000001,3.4483366848,fixed
77.0119670999702,38,4.496,-0.0192018,-0.7680720000000001,86.33129280000001,3.4532517120000006,fixed
77.03525069996249,38,4.496,-0.0191599,-0.766396,86.1429104,3.4457164160000002,fixed
77.05784919986036,38,4.496,-0.01914897,-0.7659588,86.09376912,3.4437507648000008,fixed
77.08190269989427,38,4.496,-0.01917083,-0.7668332,86.19205168,3.4476820672,fixed
77.10528669995256,38,4.496,-0.01913803,-0.7655212,86.04458288000001,3.4417833152000004,fixed
77.12830769992433,38,4.496,-0.01913986,-0.7655944000000001,86.05281056000001,3.442112422400001,fixed
77.1511209999444,38,4.496,-0.01917083,-0.7668332,86.19205168,3.4476820672,fixed
77.17502179986332,38,4.496,-0.0191599,-0.766396,86.1429104,3.4457164160000002,fixed
77.19824989989866,38,4.496,-0.01915261,-0.7661044,86.11013456,3.4444053824000003,fixed
77.22205219988246,38,4.496,-0.01919451,-0.7677804,86.29851696000001,3.4519406784000006,fixed
77.24551729985978,38,4.496,-0.01917629,-0.7670516,86.21659984,3.4486639936000003,fixed
77.26883999991696,38,4.496,-0.01917994,-0.7671975999999999,86.23301024,3.4493204096,fixed
77.2920936999144,38,4.496,-0.0192018,-0.7680720000000001,86.33129280000001,3.4532517120000006,fixed
77.31514789990615,38,4.496,-0.01916536,-0.7666144,86.16745856,3.4466983424000004,fixed
77.33818549988791,38,4.496,-0.01916901,-0.7667604,86.18386896000001,3.4473547584000004,fixed
77.36227109993342,38,4.496,-0.01919998,-0.7679992,86.32311008,3.4529244032000004,fixed
77.38514239992946,38,4.496,-0.01918722,-0.7674888,86.26574112000002,3.4506296448000002,fixed
77.40968749986496,38,4.496,-0.01917629,-0.7670516,86.21659984,3.4486639936000003,fixed
77.43317529989872,38,4.496,-0.0192018,-0.7680720000000001,86.33129280000001,3.4532517120000006,fixed
77.45722579990979,38,4.496,-0.01916718,-0.7666871999999999,86.17564128000001,3.4470256511999997,fixed
77.4802270999644,38,4.496,-0.01919634,-0.7678536,86.30674464,3.4522697856000004,fixed
77.50551419996191,38,4.496,-0.01919816,-0.7679263999999999,86.31492736,3.4525970943999997,fixed
77.52912159985863,38,4.496,-0.01915807,-0.7663228,86.13468272000001,3.4453873088,fixed
77.55328059988096,38,4.496,-0.01917265,-0.7669060000000001,86.2002344,3.448009376000001,fixed
77.57665059994906,38,4.496,-0.01913621,-0.7654484,86.03640016000001,3.4414560064000006,fixed
77.6000584999565,38,4.496,-0.01916354,-0.7665416,86.15927584,3.4463710336000006,fixed
77.62275649991352,38,4.496,-0.01917994,-0.7671975999999999,86.23301024,3.4493204096,fixed
77.64611509989481,38,4.496,-0.01915079,-0.7660316,86.10195184000001,3.4440780736000005,fixed
77.66905299993232,38,4.496,-0.01915625,-0.76625,86.12650000000001,3.4450600000000002,fixed
77.69314159988426,38,4.496,-0.01917994,-0.7671975999999999,86.23301024,3.4493204096,fixed
77.7160374999512,38,4.496,-0.01914714,-0.7658856,86.08554144000001,3.4434216576000005,fixed
77.74088999989908,38,4.496,-0.01916536,-0.7666144,86.16745856,3.4466983424000004,fixed
77.76403769990429,38,4.496,-0.01919269,-0.7677075999999999,86.29033424,3.4516133696,fixed
77.78802179987542,38,4.496,-0.0191599,-0.766396,86.1429104,3.4457164160000002,fixed
77.81099059991539,38,4.496,-0.01919269,-0.7677075999999999,86.29033424,3.4516133696,fixed
77.83577829995193,38,4.496,-0.01919087,-0.7676348000000001,86.28215152,3.4512860608000007,fixed
77.85898129991256,38,4.496,-0.01915625,-0.76625,86.12650000000001,3.4450600000000002,fixed
77.88267379987519,38,4.496,-0.01919451,-0.7677804,86.29851696000001,3.4519406784000006,fixed
77.90574859990738,38,4.496,-0.01917083,-0.7668332,86.19205168,3.4476820672,fixed
77.93027979996987,38,4.496,-0.01917994,-0.7671975999999999,86.23301024,3.4493204096,fixed
77.95326719991863,38,4.496,-0.01919998,-0.7679992,86.32311008,3.4529244032000004,fixed
77.97732729988638,38,4.496,-0.01915443,-0.7661772,86.11831728000001,3.4447326912000005,fixed
77.99988099990878,38,4.496,-0.0191599,-0.766396,86.1429104,3.4457164160000002,fixed
78.02407829987351,38,4.496,-0.01917994,-0.7671975999999999,86.23301024,3.4493204096,fixed
78.04697689996101,38,4.496,-0.0191599,-0.766396,86.1429104,3.4457164160000002,fixed
78.07234299986158,38,4.496,-0.0192018,-0.7680720000000001,86.33129280000001,3.4532517120000006,fixed
78.09496809996199,38,4.496,-0.01921637,-0.7686548000000001,86.39679952000002,3.455871980800001,fixed
78.12005049991421,38,4.496,-0.01917629,-0.7670516,86.21659984,3.4486639936000003,fixed
78.14269289991353,38,4.496,-0.01919998,-0.7679992,86.32311008,3.4529244032000004,fixed
78.16794009995647,38,4.496,-0.01915261,-0.7661044,86.11013456,3.4444053824000003,fixed
78.1908972999081,38,4.496,-0.01918358,-0.7673432,86.24937568,3.4499750272000003,fixed
78.21526979992632,38,4.496,-0.01919451,-0.7677804,86.29851696000001,3.4519406784000006,fixed
78.23810849990696,38,4.496,-0.01915807,-0.7663228,86.13468272000001,3.4453873088,fixed
78.26083699986339,38,4.496,-0.01917265,-0.7669060000000001,86.2002344,3.448009376000001,fixed
78.28402109991293,38,4.496,-0.01917812,-0.7671247999999999,86.22482752,3.4489931008,fixed
78.30900089989882,38,4.496,-0.01914715,-0.7658860000000002,86.08558640000001,3.443423456000001,fixed
78.33165689988527,38,4.496,-0.01920726,-0.7682904,86.35584096000001,3.4542336384000003,fixed
78.3557545999065,38,4.496,-0.01919451,-0.7677804,86.29851696000001,3.4519406784000006,fixed
78.37897379987407,38,4.496,-0.01917083,-0.7668332,86.19205168,3.4476820672,fixed
78.40300859988201,38,4.495,-0.01918358,-0.7673432,86.2301921,3.449207684,fixed
78.42598139995243,38,4.496,-0.01915625,-0.76625,86.12650000000001,3.4450600000000002,fixed
78.45081439986825,38,4.496,-0.01915261,-0.7661044,86.11013456,3.4444053824000003,fixed
78.4739376999205,38,4.496,-0.01920362,-0.7681448000000001,86.33947552000001,3.453579020800001,fixed
78.49718059995212,38,4.496,-0.01916901,-0.7667604,86.18386896000001,3.4473547584000004,fixed
78.51972769992426,38,4.496,-0.01917265,-0.7669060000000001,86.2002344,3.448009376000001,fixed
78.54394969996065,38,4.496,-0.01917811,-0.7671244,86.22478256000002,3.4489913024000005,fixed
78.5676110999193,39,4.496,-0.01913257,-0.7653028000000001,86.02003472000001,3.4408013888000006,fixed
78.59058129996993,39,4.496,-0.0191599,-0.766396,86.1429104,3.4457164160000002,fixed
78.61386899987701,39,4.496,-0.01917265,-0.7669060000000001,86.2002344,3.448009376000001,fixed
78.63668589992449,39,4.496,-0.01914532,-0.7658128000000001,86.07735872,3.4430943488000008,fixed
78.66032299993094,39,4.496,-0.01916901,-0.7667604,86.18386896000001,3.4473547584000004,fixed
78.68422719987575,39,4.496,-0.01919816,-0.7679263999999999,86.31492736,3.4525970943999997,fixed
78.70673429989256,39,4.496,-0.01917265,-0.7669060000000001,86.2002344,3.448009376000001,fixed
78.73045489995275,39,4.496,-0.01918176,-0.7672704,86.24119296,3.4496477184000005,fixed
78.75420749990735,39,4.496,-0.01919816,-0.7679263999999999,86.31492736,3.4525970943999997,fixed
78.77678319986444,39,4.496,-0.01915443,-0.7661772,86.11831728000001,3.4447326912000005,fixed
78.79913069994655,39,4.496,-0.01916536,-0.7666144,86.16745856,3.4466983424000004,fixed
78.82466969988309,39,4.496,-0.01918722,-0.7674888,86.26574112000002,3.4506296448000002,fixed
78.84754519991111,39,4.496,-0.01915079,-0.7660316,86.10195184000001,3.4440780736000005,fixed
78.87337399995886,39,4.496,-0.01917629,-0.7670516,86.21659984,3.4486639936000003,fixed
78.89694479992613,39,4.496,-0.01914714,-0.7658856,86.08554144000001,3.4434216576000005,fixed
78.91988349996973,39,4.496,-0.01915079,-0.7660316,86.10195184000001,3.4440780736000005,fixed
78.94291979994159,39,4.496,-0.01917994,-0.7671975999999999,86.23301024,3.4493204096,fixed
78.96709759987425,39,4.496,-0.01915807,-0.7663228,86.13468272000001,3.4453873088,fixed
78.99024949991144,39,4.496,-0.01916536,-0.7666144,86.16745856,3.4466983424000004,fixed
79.0147157999454,39,4.496,-0.01919633,-0.7678532,86.30669968000001,3.4522679872000004,fixed
79.03760229994077,39,4.496,-0.01916172,-0.7664688,86.15109312000001,3.4460437248,fixed
79.06172739993781,39,4.496,-0.01918176,-0.7672704,86.24119296,3.4496477184000005,fixed
79.08492589986417,39,4.496,-0.01918358,-0.7673432,86.24937568,3.4499750272000003,fixed
79.10888039995916,39,4.496,-0.01915261,-0.7661044,86.11013456,3.4444053824000003,fixed
79.13182949996553,39,4.496,-0.01919269,-0.7677075999999999,86.29033424,3.4516133696,fixed
79.15556179988198,39,4.496,-0.0191854,-0.7674159999999999,86.25755840000001,3.4503023359999996,fixed
79.17860219988506,39,4.496,-0.01914714,-0.7658856,86.08554144000001,3.4434216576000005,fixed
79.20386169990525,39,4.496,-0.01917994,-0.7671975999999999,86.23301024,3.4493204096,fixed
79.22655629995279,39,4.496,-0.01916354,-0.7665416,86.15927584,3.4463710336000006,fixed
79.24951419990975,39,4.496,-0.01917265,-0.7669060000000001,86.2002344,3.448009376000001,fixed
79.27258409990463,39,4.496,-0.01918904,-0.7675616000000001,86.27392384000002,3.4509569536000004,fixed
79.29655639990233,39,4.496,-0.01916901,-0.7667604,86.18386896000001,3.4473547584000004,fixed
79.31954709987622,39,4.496,-0.01915625,-0.76625,86.12650000000001,3.4450600000000002,fixed
79.34317519993056,39,4.496,-0.01917265,-0.7669060000000001,86.2002344,3.448009376000001,fixed
79.36602279986255,39,4.496,-0.01914897,-0.7659588,86.09376912,3.4437507648000008,fixed
79.39132519986015,39,4.496,-0.01911982,-0.7647928,85.96271072,3.4385084288000005,fixed
79.4148727998836,39,4.495,-0.01914896,-0.7659583999999999,86.0745752,3.4429830079999997,fixed
79.43923419993371,39,4.496,-0.01911435,-0.764574,85.9381176,3.4375247040000003,fixed
79.46281189995352,39,4.496,-0.01917265,-0.7669060000000001,86.2002344,3.448009376000001,fixed
79.4868061998859,39,4.496,-0.01917083,-0.7668332,86.19205168,3.4476820672,fixed
79.50991479994263,39,4.496,-0.01917083,-0.7668332,86.19205168,3.4476820672,fixed
79.533717699931,39,4.496,-0.01920909,-0.7683636000000001,86.36406864000001,3.454562745600001,fixed
79.55680759996176,39,4.496,-0.01918904,-0.7675616000000001,86.27392384000002,3.4509569536000004,fixed
79.58108869986609,39,4.496,-0.01918358,-0.7673432,86.24937568,3.4499750272000003,fixed
79.60379419988021,39,4.496,-0.01920362,-0.7681448000000001,86.33947552000001,3.453579020800001,fixed
79.62756399996579,39,4.496,-0.01917447,-0.7669788,86.20841712000001,3.4483366848,fixed
79.65083219995722,39,4.496,-0.01918904,-0.7675616000000001,86.27392384000002,3.4509569536000004,fixed
79.67460249993019,39,4.496,-0.01919816,-0.7679263999999999,86.31492736,3.4525970943999997,fixed
79.69798859988805,39,4.496,-0.01915625,-0.76625,86.12650000000001,3.4450600000000002,fixed
79.72150719992351,39,4.496,-0.01917447,-0.7669788,86.20841712000001,3.4483366848,fixed
79.74491009989288,39,4.496,-0.01919451,-0.7677804,86.29851696000001,3.4519406784000006,fixed
79.76854539988562,39,4.496,-0.01917447,-0.7669788,86.20841712000001,3.4483366848,fixed
79.79182909987867,39,4.496,-0.01920544,-0.7682176,86.34765824000002,3.4539063296,fixed
79.81564829987474,39,4.496,-0.01920726,-0.7682904,86.35584096000001,3.4542336384000003,fixed
79.83810279995669,39,4.496,-0.01915079,-0.7660316,86.10195184000001,3.4440780736000005,fixed
79.86220069986302,39,4.496,-0.01915443,-0.7661772,86.11831728000001,3.4447326912000005,fixed
79.88593209988903,39,4.496,-0.01916718,-0.7666871999999999,86.17564128000001,3.4470256511999997,fixed
79.90931409993209,39,4.496,-0.01914168,-0.7656672,86.06099328,3.4424397312000004,fixed
79.93282639991958,39,4.496,-0.01918722,-0.7674888,86.26574112000002,3.4506296448000002,fixed
79.95664619992021,39,4.496,-0.01917629,-0.7670516,86.21659984,3.4486639936000003,fixed
79.97980879992247,39,4.496,-0.0191599,-0.766396,86.1429104,3.4457164160000002,fixed
80.00342109997291,39,4.496,-0.01918904,-0.7675616000000001,86.27392384000002,3.4509569536000004,fixed
80.02650539996102,39,4.496,-0.01916718,-0.7666871999999999,86.17564128000001,3.4470256511999997,fixed
80.05024329992011,39,4.496,-0.01916901,-0.7667604,86.18386896000001,3.4473547584000004,fixed
80.07369689992629,39,4.496,-0.01920726,-0.7682904,86.35584096000001,3.4542336384000003,fixed
80.09652399993502,39,4.496,-0.01918358,-0.7673432,86.24937568,3.4499750272000003,fixed
80.11974319990259,39,4.496,-0.01917083,-0.7668332,86.19205168,3.4476820672,fixed
80.1436522998847,39,4.495,-0.01918722,-0.7674888,86.24655390000001,3.449862156,fixed
80.16657769994345,39,4.496,-0.01915807,-0.7663228,86.13468272000001,3.4453873088,fixed
80.1912509999238,39,4.496,-0.01915079,-0.7660316,86.10195184000001,3.4440780736000005,fixed
80.21470629994292,39,4.496,-0.01918176,-0.7672704,86.24119296,3.4496477184000005,fixed
80.2371787999291,39,4.496,-0.01914714,-0.7658856,86.08554144000001,3.4434216576000005,fixed
80.26078089990187,39,4.496,-0.01916354,-0.7665416,86.15927584,3.4463710336000006,fixed
80.284775899956,39,4.496,-0.01920544,-0.7682176,86.34765824000002,3.4539063296,fixed
80.30759069987107,39,4.496,-0.01917083,-0.7668332,86.19205168,3.4476820672,fixed
80.33252629986964,39,4.496,-0.0191854,-0.7674159999999999,86.25755840000001,3.4503023359999996,fixed
80.35575549991336,39,4.496,-0.01919451,-0.7677804,86.29851696000001,3.4519406784000006,fixed
80.38080249994528,39,4.496,-0.0191599,-0.766396,86.1429104,3.4457164160000002,fixed
80.40419609996025,39,4.496,-0.01919269,-0.7677075999999999,86.29033424,3.4516133696,fixed
80.427391499863,39,4.496,-0.01915079,-0.7660316,86.10195184000001,3.4440780736000005,fixed
80.45038469997235,39,4.496,-0.01917447,-0.7669788,86.20841712000001,3.4483366848,fixed
80.47429599997122,39,4.496,-0.01921091,-0.7684364000000001,86.37225136,3.4548900544000007,fixed
80.49768519995268,39,4.496,-0.01917265,-0.7669060000000001,86.2002344,3.448009376000001,fixed
80.52092049992643,39,4.496,-0.01917265,-0.7669060000000001,86.2002344,3.448009376000001,fixed
80.54379399993923,39,4.496,-0.01918176,-0.7672704,86.24119296,3.4496477184000005,fixed
80.56806729990058,39,4.495,-0.01915261,-0.7661044,86.09098195,3.443639278,fixed
80.59144639992155,40,4.545,-0.01891237,-0.7564948000000001,85.95672164999999,3.4382688660000005,fixed
80.61469159997068,40,4.546,-0.01895064,-0.7580256,86.14960944,3.4459843776,fixed
80.63750759989489,40,4.546,-0.01891785,-0.7567140000000001,86.00054610000001,3.4400218440000008,fixed
80.66133519995492,40,4.546,-0.01894699,-0.7578796,86.13301654000001,3.4453206616000003,fixed
80.68455399991944,40,4.546,-0.01897797,-0.7591188,86.27385162,3.4509540648000003,fixed
80.70864129986148,40,4.546,-0.0189725,-0.7589,86.248985,3.4499594000000005,fixed
80.73171559988987,40,4.546,-0.01899254,-0.7597016,86.34008684,3.4536034736000003,fixed
80.75489359989297,40,4.546,-0.01900894,-0.7603576,86.41464124,3.4565856496,fixed
80.77773269987665,40,4.546,-0.01896886,-0.7587543999999999,86.23243756000001,3.4492975024,fixed
80.80145509995054,40,4.546,-0.01896521,-0.7586084,86.21584466,3.4486337864,fixed
80.82363879994955,40,4.546,-0.01898707,-0.7594828000000001,86.31522022000001,3.452608808800001,fixed
80.84784379985649,40,4.546,-0.01897068,-0.7588272,86.24071128000001,3.4496284512,fixed
80.87001229985617,40,4.546,-0.01897068,-0.7588272,86.24071128000001,3.4496284512,fixed
80.89578749996144,40,4.546,-0.01899618,-0.7598472000000001,86.35663428000001,3.4542653712000004,fixed
80.91904039995279,40,4.546,-0.01896703,-0.7586812,86.22411838000001,3.4489647352,fixed
80.94205009995494,40,4.546,-0.01897797,-0.7591188,86.27385162,3.4509540648000003,fixed
80.96476709994022,40,4.546,-0.01898707,-0.7594828000000001,86.31522022000001,3.452608808800001,fixed
80.98961309995502,40,4.546,-0.01895428,-0.7581712,86.16615688000002,3.4466462752000004,fixed
81.01271839987021,40,4.546,-0.01898707,-0.7594828000000001,86.31522022000001,3.452608808800001,fixed
81.03626059996895,40,4.546,-0.01899801,-0.7599204,86.36495346000001,3.4545981384000006,fixed
81.06034769990947,40,4.546,-0.0189561,-0.7582439999999999,86.17443060000001,3.446977224,fixed
81.08403989986982,40,4.546,-0.01899072,-0.7596288,86.33181312,3.4532725248,fixed
81.10661009990145,40,4.546,-0.01898161,-0.7592644,86.29039906000001,3.4516159624,fixed
81.12921079993248,40,4.546,-0.01897432,-0.7589728,86.25725872000001,3.4502903488000003,fixed
81.15245829988271,40,4.546,-0.01900529,-0.7602116000000001,86.39804834,3.4559219336000004,fixed
81.17618219996803,40,4.546,-0.01899618,-0.7598472000000001,86.35663428000001,3.4542653712000004,fixed
81.19963979988825,40,4.546,-0.01893789,-0.7575156,86.09164794,3.4436659176,fixed
81.22270399995614,40,4.546,-0.01895246,-0.7580984000000001,86.15788316,3.4463153264000006,fixed
81.24556489987299,40,4.546,-0.01895793,-0.7583172,86.18274978000001,3.4473099912000005,fixed
81.26895809988491,40,4.546,-0.01893424,-0.7573696000000001,86.07505504000001,3.4430022016000006,fixed
81.29177809995599,40,4.546,-0.01896339,-0.7585356,86.20757094000001,3.4483028376,fixed
81.31483259995002,40,4.546,-0.01899618,-0.7598472000000001,86.35663428000001,3.4542653712000004,fixed
81.33746719988994,40,4.546,-0.01897432,-0.7589728,86.25725872000001,3.4502903488000003,fixed
81.36117849987932,40,4.546,-0.01897068,-0.7588272,86.24071128000001,3.4496284512,fixed
81.38487299985718,40,4.546,-0.01899618,-0.7598472000000001,86.35663428000001,3.4542653712000004,fixed
81.40817079995759,40,4.546,-0.01895975,-0.75839,86.1910235,3.4476409400000003,fixed
81.4316273998702,40,4.546,-0.01895793,-0.7583172,86.18274978000001,3.4473099912000005,fixed
81.45542409992777,40,4.546,-0.01896703,-0.7586812,86.22411838000001,3.4489647352,fixed
81.47879159986041,40,4.546,-0.01892331,-0.7569323999999998,86.02536726,3.4410146903999994,fixed
81.50271279993467,40,4.546,-0.01894517,-0.7578068,86.12474282000001,3.4449897128,fixed
81.52539169986267,40,4.546,-0.0189725,-0.7589,86.248985,3.4499594000000005,fixed
81.55036039988045,40,4.546,-0.01896157,-0.7584628000000001,86.19929722,3.4479718888000006,fixed
81.57364339986816,40,4.546,-0.01899983,-0.7599931999999999,86.37322718,3.4549290872,fixed
81.59790069994051,40,4.546,-0.01899801,-0.7599204,86.36495346000001,3.4545981384000006,fixed
81.62038629991002,40,4.546,-0.01897614,-0.7590455999999999,86.26553244,3.4506212975999997,fixed
81.64372099994216,40,4.546,-0.01899618,-0.7598472000000001,86.35663428000001,3.4542653712000004,fixed
81.66669909993652,40,4.546,-0.01897797,-0.7591188,86.27385162,3.4509540648000003,fixed
81.69048039987683,40,4.546,-0.01894882,-0.7579528000000001,86.14133572000001,3.4456534288000005,fixed
81.71383979986422,40,4.546,-0.01897797,-0.7591188,86.27385162,3.4509540648000003,fixed
81.73745469993446,40,4.546,-0.01898161,-0.7592644,86.29039906000001,3.4516159624,fixed
81.76075239991769,40,4.546,-0.01896703,-0.7586812,86.22411838000001,3.4489647352,fixed
81.78358769987244,40,4.546,-0.01900347,-0.7601388,86.38977462000001,3.4555909848,fixed
81.8064480999019,40,4.546,-0.01899254,-0.7597016,86.34008684,3.4536034736000003,fixed
81.82931959989946,40,4.546,-0.01896703,-0.7586812,86.22411838000001,3.4489647352,fixed
81.85226059996057,40,4.546,-0.01898707,-0.7594828000000001,86.31522022000001,3.452608808800001,fixed
81.87766349990852,40,4.546,-0.01898707,-0.7594828000000001,86.31522022000001,3.452608808800001,fixed
81.9003561999416,40,4.546,-0.01894153,-0.7576612,86.10819538000001,3.4443278152000003,fixed
81.92379739996977,40,4.546,-0.01897068,-0.7588272,86.24071128000001,3.4496284512,fixed
81.94654719997197,40,4.546,-0.01897614,-0.7590455999999999,86.26553244,3.4506212975999997,fixed
81.96988469990902,40,4.546,-0.01895428,-0.7581712,86.16615688000002,3.4466462752000004,fixed
81.99333929992281,40,4.546,-0.01898161,-0.7592644,86.29039906000001,3.4516159624,fixed
82.01842279988341,40,4.546,-0.01898707,-0.7594828000000001,86.31522022000001,3.452608808800001,fixed
82.04171859996859,40,4.546,-0.01897797,-0.7591188,86.27385162,3.4509540648000003,fixed
82.06474319996778,40,4.546,-0.0189889,-0.759556,86.3235394,3.452941576,fixed
82.08747159992345,40,4.546,-0.01896157,-0.7584628000000001,86.19929722,3.4479718888000006,fixed
82.11124729993753,40,4.546,-0.01894882,-0.7579528000000001,86.14133572000001,3.4456534288000005,fixed
82.13496689987369,40,4.546,-0.01898707,-0.7594828000000001,86.31522022000001,3.452608808800001,fixed
82.15829929988831,40,4.546,-0.01897432,-0.7589728,86.25725872000001,3.4502903488000003,fixed
82.18123949994333,40,4.546,-0.01897797,-0.7591188,86.27385162,3.4509540648000003,fixed
82.2054472998716,40,4.546,-0.01900529,-0.7602116000000001,86.39804834,3.4559219336000004,fixed
82.2286557998741,40,4.546,-0.01896339,-0.7585356,86.20757094000001,3.4483028376,fixed
82.25236919987947,40,4.546,-0.01896886,-0.7587543999999999,86.23243756000001,3.4492975024,fixed
82.27536559989676,40,4.546,-0.01898525,-0.7594099999999999,86.3069465,3.4522778599999997,fixed
82.3009705998702,40,4.546,-0.01895793,-0.7583172,86.18274978000001,3.4473099912000005,fixed
82.3232450998621,40,4.546,-0.01898525,-0.7594099999999999,86.3069465,3.4522778599999997,fixed
82.3474644998787,40,4.546,-0.01899436,-0.7597743999999998,86.34836056,3.4539344223999997,fixed
82.37051459995564,40,4.546,-0.01895975,-0.75839,86.1910235,3.4476409400000003,fixed
82.39358409994747,40,4.546,-0.01898343,-0.7593371999999999,86.29867278,3.4519469112,fixed
82.4166623998899,40,4.546,-0.01897797,-0.7591188,86.27385162,3.4509540648000003,fixed
82.44017319986597,40,4.546,-0.01893606,-0.7574424000000001,86.08332876000001,3.4433331504000004,fixed
82.46354959986638,40,4.546,-0.01896886,-0.7587543999999999,86.23243756000001,3.4492975024,fixed
82.48713519994635,40,4.546,-0.01897432,-0.7589728,86.25725872000001,3.4502903488000003,fixed
82.51024159986991,40,4.546,-0.01897068,-0.7588272,86.24071128000001,3.4496284512,fixed
82.53605019988026,40,4.546,-0.01901987,-0.7607948,86.46432902000001,3.4585731608000003,fixed
82.55931099993177,40,4.546,-0.01898525,-0.7594099999999999,86.3069465,3.4522778599999997,fixed
82.58262299990747,40,4.546,-0.01899072,-0.7596288,86.33181312,3.4532725248,fixed
82.60649059992284,41,4.596,-0.01874867,-0.7499467999999999,86.16888732,3.4467554927999995,fixed
82.62962569994852,41,4.597,-0.01873592,-0.7494368,86.12902424,3.4451609696000003,fixed
82.65243099990766,41,4.597,-0.01875414,-0.7501656,86.21278158000001,3.4485112632000003,fixed
82.67527909995988,41,4.596,-0.01877964,-0.7511856,86.31122544,3.4524490176000002,fixed
82.69824799988419,41,4.597,-0.01875414,-0.7501656,86.21278158000001,3.4485112632000003,fixed
82.72270219994243,41,4.597,-0.0187596,-0.750384,86.23788120000002,3.4495152480000004,fixed
82.7454018999124,41,4.597,-0.01878511,-0.7514044,86.35515067,3.4542060268,fixed
82.76971899997443,41,4.596,-0.0187596,-0.750384,86.21912160000001,3.448764864,fixed
82.7921958998777,41,4.597,-0.01876689,-0.7506756,86.27139333000001,3.4508557332000005,fixed
82.81683189992327,41,4.597,-0.01877964,-0.7511856,86.33000508,3.4532002032,fixed
82.83864949992858,41,4.597,-0.01873956,-0.7495823999999999,86.14575732,3.4458302927999998,fixed
82.86310719989706,41,4.597,-0.01874685,-0.7498739999999999,86.17926944999999,3.447170778,fixed
82.88654499989934,41,4.596,-0.01878146,-0.7512584,86.31959016,3.4527836064,fixed
82.91047039988916,41,4.597,-0.0187341,-0.749364,86.12065770000001,3.4448263080000006,fixed
82.93302889994811,41,4.597,-0.01875414,-0.7501656,86.21278158000001,3.4485112632000003,fixed
82.95750279992353,41,4.596,-0.0187596,-0.750384,86.21912160000001,3.448764864,fixed
82.98064719990361,41,4.597,-0.01872863,-0.7491452,86.09551211,3.4438204844,fixed
83.00483889994211,41,4.597,-0.01874685,-0.7498739999999999,86.17926944999999,3.447170778,fixed
83.02812449994963,41,4.597,-0.01874139,-0.7496556,86.15416983,3.4461667932,fixed
83.0520820999518,41,4.597,-0.01872499,-0.7489996000000001,86.07877903,3.4431511612000008,fixed
83.0750732999295,41,4.597,-0.01877236,-0.7508944,86.29653892,3.4518615568,fixed
83.10060759994667,41,4.596,-0.01876142,-0.7504568,86.22748632000001,3.4490994528,fixed
83.12338989996351,41,4.597,-0.01877782,-0.7511128,86.32163854000001,3.4528655416000005,fixed
83.14889229997061,41,4.597,-0.01878875,-0.75155,86.37188375000001,3.4548753500000005,fixed
83.17122579994611,41,4.597,-0.0187596,-0.750384,86.23788120000002,3.4495152480000004,fixed
83.19605279993266,41,4.596,-0.01878875,-0.75155,86.35309500000001,3.4541238000000005,fixed
83.21930429991335,41,4.597,-0.01874321,-0.7497284000000001,86.16253637,3.446501454800001,fixed
83.24218089994974,41,4.597,-0.0187341,-0.749364,86.12065770000001,3.4448263080000006,fixed
83.2652008999139,41,4.596,-0.01876324,-0.7505296,86.23585104,3.4494340416,fixed
83.28945679985918,41,4.596,-0.01874138,-0.7496552,86.13538247999999,3.4454152992,fixed
83.31299409992062,41,4.596,-0.01875049,-0.7500196000000001,86.17725204000001,3.4470900816000007,fixed
83.33722889993805,41,4.596,-0.01877964,-0.7511856,86.31122544,3.4524490176000002,fixed
83.36059309996199,41,4.597,-0.01873956,-0.7495823999999999,86.14575732,3.4458302927999998,fixed
83.38446369988378,41,4.597,-0.01877053,-0.7508212000000001,86.28812641000002,3.451525056400001,fixed
83.40756369987503,41,4.596,-0.01877417,-0.7509667999999999,86.28608532,3.4514434127999998,fixed
83.43200739996973,41,4.597,-0.01874139,-0.7496556,86.15416983,3.4461667932,fixed
83.45521569997072,41,4.597,-0.01878875,-0.75155,86.37188375000001,3.4548753500000005,fixed
83.47804119996727,41,4.596,-0.01877235,-0.750894,86.2777206,3.451108824,fixed
83.50132059992757,41,4.597,-0.01875596,-0.7502384,86.22114812000001,3.4488459248,fixed
83.52522159996442,41,4.596,-0.01878328,-0.7513311999999999,86.32795488000001,3.4531181951999996,fixed
83.54826169996522,41,4.596,-0.0187596,-0.750384,86.21912160000001,3.448764864,fixed
83.5727920999052,41,4.597,-0.01874321,-0.7497284000000001,86.16253637,3.446501454800001,fixed
83.59515009995084,41,4.597,-0.01878146,-0.7512584,86.33837162,3.4535348648000004,fixed
83.61904889997095,41,4.597,-0.01876507,-0.7506027999999999,86.26302679,3.4505210716,fixed
83.64264449989423,41,4.596,-0.01876507,-0.7506027999999999,86.24426172,3.4497704687999997,fixed
83.66561169992201,41,4.597,-0.01879604,-0.7518416000000001,86.40539588000001,3.456215835200001,fixed
83.68862969987094,41,4.597,-0.01878146,-0.7512584,86.33837162,3.4535348648000004,fixed
83.71167099988088,41,4.596,-0.01875596,-0.7502384,86.20239216,3.4480956864,fixed
83.73433049989399,41,4.596,-0.01878146,-0.7512584,86.31959016,3.4527836064,fixed
83.75869849987794,41,4.596,-0.01877782,-0.7511128,86.30286072,3.4521144288000003,fixed
83.78165789996274,41,4.597,-0.01874139,-0.7496556,86.15416983,3.4461667932,fixed
83.80591689993162,41,4.596,-0.01878328,-0.7513311999999999,86.32795488000001,3.4531181951999996,fixed
83.82839829986915,41,4.596,-0.01877782,-0.7511128,86.30286072,3.4521144288000003,fixed
83.85257549991366,41,4.597,-0.01876507,-0.7506027999999999,86.26302679,3.4505210716,fixed
83.87543519993778,41,4.597,-0.01879057,-0.7516227999999999,86.38025029,3.4552100116,fixed
83.8993336999556,41,4.596,-0.01876142,-0.7504568,86.22748632000001,3.4490994528,fixed
83.92249739996623,41,4.597,-0.01874685,-0.7498739999999999,86.17926944999999,3.447170778,fixed
83.94881699990947,41,4.596,-0.01876689,-0.7506756,86.25262644000001,3.4501050576,fixed
83.97099129995331,41,4.596,-0.01873227,-0.7492908,86.09351292,3.4437405168,fixed
83.99429009994492,41,4.597,-0.018776,-0.75104,86.31327200000001,3.4525308800000003,fixed
84.0176854999736,41,4.597,-0.01879968,-0.7519872,86.42212896000001,3.4568851584,fixed
84.04050389991608,41,4.596,-0.018776,-0.75104,86.29449600000001,3.4517798400000004,fixed
84.0633190999506,41,4.597,-0.01878693,-0.7514772000000001,86.36351721,3.4545406884000007,fixed
84.08547959988937,41,4.596,-0.01878693,-0.7514772000000001,86.34473028000001,3.4537892112,fixed
84.10776679986157,41,4.596,-0.0187596,-0.750384,86.21912160000001,3.448764864,fixed
84.13133989996277,41,4.596,-0.01874138,-0.7496552,86.13538247999999,3.4454152992,fixed
84.15417519991752,41,4.596,-0.01877782,-0.7511128,86.30286072,3.4521144288000003,fixed
84.1783024999313,41,4.597,-0.01877964,-0.7511856,86.33000508,3.4532002032,fixed
84.20183059992269,41,4.597,-0.01873956,-0.7495823999999999,86.14575732,3.4458302927999998,fixed
84.22717679990456,41,4.596,-0.01876689,-0.7506756,86.25262644000001,3.4501050576,fixed
84.25056919991039,41,4.597,-0.01873228,-0.7492911999999999,86.11229116000001,3.4444916464,fixed
84.27415889990516,41,4.597,-0.01875232,-0.7500928,86.20441504000001,3.4481766016,fixed
84.29747839993797,41,4.597,-0.01877236,-0.7508944,86.29653892,3.4518615568,fixed
84.32122409995645,41,4.597,-0.01872499,-0.7489996000000001,86.07877903,3.4431511612000008,fixed
84.34430839994457,41,4.597,-0.01875049,-0.7500196000000001,86.19600253000002,3.447840101200001,fixed
84.36822679988109,41,4.596,-0.01875778,-0.7503112000000001,86.21075688,3.4484302752000002,fixed
84.39152189996094,41,4.597,-0.01873592,-0.7494368,86.12902424,3.4451609696000003,fixed
84.41620009986218,41,4.597,-0.01877053,-0.7508212000000001,86.28812641000002,3.451525056400001,fixed
84.43947609991301,41,4.596,-0.01875413,-0.7501652,86.19398148,3.4477592592,fixed
84.46371659997385,41,4.597,-0.01875414,-0.7501656,86.21278158000001,3.4485112632000003,fixed
84.4863135998603,41,4.597,-0.01879604,-0.7518416000000001,86.40539588000001,3.456215835200001,fixed
84.51114819990471,41,4.597,-0.01876871,-0.7507484000000001,86.27975987000002,3.4511903948000007,fixed
84.53426039987244,41,4.597,-0.01877782,-0.7511128,86.32163854000001,3.4528655416000005,fixed
84.55799209990073,41,4.597,-0.01878693,-0.7514772000000001,86.36351721,3.4545406884000007,fixed
84.58166869997513,41,4.597,-0.01874867,-0.7499467999999999,86.18763599,3.4475054396,fixed
84.60507149994373,41,4.597,-0.01876689,-0.7506756,86.27139333000001,3.4508557332000005,fixed
84.62953470007051,42,4.597,-0.01873774,-0.7495096,86.13739078,3.4454956312000005,fixed
84.65224760002457,42,4.597,-0.01872135,-0.748854,86.06204595000001,3.4424818380000004,fixed
84.67515770008322,42,4.597,-0.01874139,-0.7496556,86.15416983,3.4461667932,fixed
84.69856020004954,42,4.597,-0.01873956,-0.7495823999999999,86.14575732,3.4458302927999998,fixed
84.72154000005685,42,4.597,-0.0187177,-0.748708,86.04526690000002,3.4418106760000007,fixed
84.74386849999428,42,4.596,-0.01875413,-0.7501652,86.19398148,3.4477592592,fixed
84.76619520003442,42,4.597,-0.01877782,-0.7511128,86.32163854000001,3.4528655416000005,fixed
84.79034509998746,42,4.597,-0.01876142,-0.7504568,86.24624774000002,3.4498499096000006,fixed
84.81319940008689,42,4.597,-0.018776,-0.75104,86.31327200000001,3.4525308800000003,fixed
84.83736010000575,42,4.597,-0.01878693,-0.7514772000000001,86.36351721,3.4545406884000007,fixed
84.8591018000152,42,4.596,-0.0187432,-0.7497280000000001,86.1437472,3.4457498880000004,fixed
84.88276200008113,42,4.597,-0.01873774,-0.7495096,86.13739078,3.4454956312000005,fixed
84.90435630001593,42,4.597,-0.01876689,-0.7506756,86.27139333000001,3.4508557332000005,fixed
84.92917100002524,42,4.597,-0.01878146,-0.7512584,86.33837162,3.4535348648000004,fixed
84.95240210008342,42,4.597,-0.01875414,-0.7501656,86.21278158000001,3.4485112632000003,fixed
84.97788500005845,42,4.597,-0.01879786,-0.7519144,86.41376242000001,3.4565504968000003,fixed
85.00117810000665,42,4.597,-0.01875778,-0.7503112000000001,86.22951466000002,3.4491805864000007,fixed
85.02403339999728,42,4.597,-0.018776,-0.75104,86.31327200000001,3.4525308800000003,fixed
85.0468305000104,42,4.596,-0.01878875,-0.75155,86.35309500000001,3.4541238000000005,fixed
85.07199139997829,42,4.596,-0.01877782,-0.7511128,86.30286072,3.4521144288000003,fixed
85.09532140009105,42,4.596,-0.01879968,-0.7519872,86.40332928,3.4561331712,fixed
85.12000800005626,42,4.596,-0.01878328,-0.7513311999999999,86.32795488000001,3.4531181951999996,fixed
85.14374249998946,42,4.597,-0.01875414,-0.7501656,86.21278158000001,3.4485112632000003,fixed
85.16655640001409,42,4.597,-0.01877418,-0.7509672000000001,86.30490546000001,3.4521962184000006,fixed
85.18958000000566,42,4.597,-0.01876325,-0.7505299999999999,86.25466025,3.45018641,fixed
85.2159810999874,42,4.596,-0.01874867,-0.7499467999999999,86.16888732,3.4467554927999995,fixed
85.23945590003859,42,4.596,-0.01877235,-0.750894,86.2777206,3.451108824,fixed
85.26258740003686,42,4.597,-0.01875414,-0.7501656,86.21278158000001,3.4485112632000003,fixed
85.28554730000906,42,4.597,-0.01877782,-0.7511128,86.32163854000001,3.4528655416000005,fixed
85.30847599997651,42,4.597,-0.01877782,-0.7511128,86.32163854000001,3.4528655416000005,fixed
85.33204000000842,42,4.597,-0.01874321,-0.7497284000000001,86.16253637,3.446501454800001,fixed
85.35594400006812,42,4.597,-0.018776,-0.75104,86.31327200000001,3.4525308800000003,fixed
85.37958680000156,42,4.596,-0.01877964,-0.7511856,86.31122544,3.4524490176000002,fixed
85.40339310001582,42,4.597,-0.01877053,-0.7508212000000001,86.28812641000002,3.451525056400001,fixed
85.42638530000113,42,4.596,-0.01881061,-0.7524243999999999,86.45356355999999,3.4581425423999996,fixed
85.45061100006569,42,4.597,-0.01878511,-0.7514044,86.35515067,3.4542060268,fixed
85.47364440001547,42,4.597,-0.01876689,-0.7506756,86.27139333000001,3.4508557332000005,fixed
85.4993977000704,42,4.596,-0.01878693,-0.7514772000000001,86.34473028000001,3.4537892112,fixed
85.52214370004367,42,4.597,-0.01873956,-0.7495823999999999,86.14575732,3.4458302927999998,fixed
85.54695250000805,42,4.597,-0.01877236,-0.7508944,86.29653892,3.4518615568,fixed
85.5703679000726,42,4.597,-0.01876142,-0.7504568,86.24624774000002,3.4498499096000006,fixed
85.59333790000528,42,4.596,-0.01877964,-0.7511856,86.31122544,3.4524490176000002,fixed
85.61621450004168,42,4.597,-0.01880333,-0.7521332,86.43890801,3.4575563204,fixed
85.63952379999682,42,4.596,-0.01877235,-0.750894,86.2777206,3.451108824,fixed
85.66223300003912,42,4.596,-0.01873592,-0.7494368,86.11028832000001,3.4444115328000002,fixed
85.68656000006013,42,4.597,-0.01875232,-0.7500928,86.20441504000001,3.4481766016,fixed
85.70953980006743,42,4.596,-0.0187432,-0.7497280000000001,86.1437472,3.4457498880000004,fixed
85.73304060008377,42,4.596,-0.01873409,-0.7493635999999999,86.10187764,3.4440751055999996,fixed
85.75646679999772,42,4.596,-0.01878875,-0.75155,86.35309500000001,3.4541238000000005,fixed
85.78059089998715,42,4.596,-0.01878328,-0.7513311999999999,86.32795488000001,3.4531181951999996,fixed
85.80348260002211,42,4.596,-0.01877964,-0.7511856,86.31122544,3.4524490176000002,fixed
85.82922740001231,42,4.597,-0.01880333,-0.7521332,86.43890801,3.4575563204,fixed
85.85247640009038,42,4.597,-0.0187596,-0.750384,86.23788120000002,3.4495152480000004,fixed
85.87546690006275,42,4.597,-0.01878693,-0.7514772000000001,86.36351721,3.4545406884000007,fixed
85.89823300007265,42,4.596,-0.01878875,-0.75155,86.35309500000001,3.4541238000000005,fixed
85.92153940000571,42,4.597,-0.01874321,-0.7497284000000001,86.16253637,3.446501454800001,fixed
85.94443560007494,42,4.596,-0.01876507,-0.7506027999999999,86.24426172,3.4497704687999997,fixed
85.96961790008936,42,4.597,-0.01878329,-0.7513316,86.34678413,3.4538713652000004,fixed
85.99251280003227,42,4.596,-0.01874503,-0.7498012,86.15215787999999,3.4460863151999996,fixed
86.02136180002708,42,4.596,-0.01877053,-0.7508212000000001,86.26935588,3.4507742352000004,fixed
86.04875399998855,42,4.597,-0.01876689,-0.7506756,86.27139333000001,3.4508557332000005,fixed
86.07147690001875,42,4.596,-0.01875596,-0.7502384,86.20239216,3.4480956864,fixed
86.09795810002834,42,4.596,-0.01876324,-0.7505296,86.23585104,3.4494340416,fixed
86.1212288000388,42,4.597,-0.01872317,-0.7489268,86.07041249000001,3.4428164996,fixed
86.14450470008887,42,4.596,-0.01873409,-0.7493635999999999,86.10187764,3.4440751055999996,fixed
86.1677451999858,42,4.597,-0.01876507,-0.7506027999999999,86.26302679,3.4505210716,fixed
86.19255200005136,42,4.596,-0.01873592,-0.7494368,86.11028832000001,3.4444115328000002,fixed
86.21513220004272,42,4.596,-0.0187596,-0.750384,86.21912160000001,3.448764864,fixed
86.23930800007656,42,4.597,-0.01877236,-0.7508944,86.29653892,3.4518615568,fixed
86.26232239999808,42,4.597,-0.0187341,-0.749364,86.12065770000001,3.4448263080000006,fixed
86.28511629998684,42,4.597,-0.01875596,-0.7502384,86.22114812000001,3.4488459248,fixed
86.30815689999145,42,4.597,-0.01875414,-0.7501656,86.21278158000001,3.4485112632000003,fixed
86.3309754000511,42,4.597,-0.01872863,-0.7491452,86.09551211,3.4438204844,fixed
86.35430080001242,42,4.597,-0.01875232,-0.7500928,86.20441504000001,3.4481766016,fixed
86.37877800001297,42,4.597,-0.01877964,-0.7511856,86.33000508,3.4532002032,fixed
86.40143690002151,42,4.596,-0.01874867,-0.7499467999999999,86.16888732,3.4467554927999995,fixed
86.42489880009089,42,4.596,-0.01875413,-0.7501652,86.19398148,3.4477592592,fixed
86.44812439999077,42,4.596,-0.01876871,-0.7507484000000001,86.26099116,3.4504396464000004,fixed
86.47154639998917,42,4.596,-0.01873227,-0.7492908,86.09351292,3.4437405168,fixed
86.4944731000578,42,4.597,-0.01874867,-0.7499467999999999,86.18763599,3.4475054396,fixed
86.5196614000015,42,4.597,-0.01878146,-0.7512584,86.33837162,3.4535348648000004,fixed
86.54291329998523,42,4.596,-0.01874138,-0.7496552,86.13538247999999,3.4454152992,fixed
86.56785480002873,42,4.597,-0.01877964,-0.7511856,86.33000508,3.4532002032,fixed
86.59142409998458,42,4.597,-0.01875596,-0.7502384,86.22114812000001,3.4488459248,fixed
86.61431089998223,42,4.597,-0.01877418,-0.7509672000000001,86.30490546000001,3.4521962184000006,fixed
86.63851509988308,43,4.597,-0.01879422,-0.7517688,86.39702934000002,3.4558811736000004,fixed
86.66133119992446,43,4.596,-0.0187432,-0.7497280000000001,86.1437472,3.4457498880000004,fixed
86.68453139986377,43,4.597,-0.01875049,-0.7500196000000001,86.19600253000002,3.447840101200001,fixed
86.70746259996668,43,4.597,-0.01877236,-0.7508944,86.29653892,3.4518615568,fixed
86.73049479990732,43,4.597,-0.01877053,-0.7508212000000001,86.28812641000002,3.451525056400001,fixed
86.75461629987694,43,4.597,-0.01876325,-0.7505299999999999,86.25466025,3.45018641,fixed
86.77712799992878,43,4.597,-0.0188015,-0.7520599999999998,86.43049549999999,3.4572198199999997,fixed
86.80089839990251,43,4.597,-0.01877053,-0.7508212000000001,86.28812641000002,3.451525056400001,fixed
86.82411899988074,43,4.597,-0.01875232,-0.7500928,86.20441504000001,3.4481766016,fixed
86.84763089986518,43,4.597,-0.01876507,-0.7506027999999999,86.26302679,3.4505210716,fixed
86.86970369995106,43,4.597,-0.01874321,-0.7497284000000001,86.16253637,3.446501454800001,fixed
86.89433399995323,43,4.596,-0.01873045,-0.7492179999999999,86.0851482,3.443405928,fixed
86.91719939990435,43,4.596,-0.01877417,-0.7509667999999999,86.28608532,3.4514434127999998,fixed
86.94124469987582,43,4.596,-0.01876507,-0.7506027999999999,86.24426172,3.4497704687999997,fixed
86.96407949994318,43,4.597,-0.01875049,-0.7500196000000001,86.19600253000002,3.447840101200001,fixed
86.9885564999422,43,4.597,-0.01877236,-0.7508944,86.29653892,3.4518615568,fixed
87.0113269998692,43,4.596,-0.01873956,-0.7495823999999999,86.12701775999999,3.4450807103999996,fixed
87.03682899987325,43,4.597,-0.01873774,-0.7495096,86.13739078,3.4454956312000005,fixed
87.0599923998816,43,4.596,-0.01875049,-0.7500196000000001,86.17725204000001,3.4470900816000007,fixed
87.0829897999065,43,4.596,-0.01873592,-0.7494368,86.11028832000001,3.4444115328000002,fixed
87.10624949994963,43,4.596,-0.01877782,-0.7511128,86.30286072,3.4521144288000003,fixed
87.12892259994987,43,4.597,-0.01879604,-0.7518416000000001,86.40539588000001,3.456215835200001,fixed
87.15238369989675,43,4.597,-0.01877418,-0.7509672000000001,86.30490546000001,3.4521962184000006,fixed
87.17626889992971,43,4.597,-0.01877964,-0.7511856,86.33000508,3.4532002032,fixed
87.19927039986942,43,4.597,-0.01877418,-0.7509672000000001,86.30490546000001,3.4521962184000006,fixed
87.22204419993795,43,4.597,-0.01873956,-0.7495823999999999,86.14575732,3.4458302927999998,fixed
87.24519039993174,43,4.597,-0.01876325,-0.7505299999999999,86.25466025,3.45018641,fixed
87.27009439992253,43,4.596,-0.01879057,-0.7516227999999999,86.36145972,3.4544583887999996,fixed
87.29332359996624,43,4.597,-0.0187596,-0.750384,86.23788120000002,3.4495152480000004,fixed
87.31775659986306,43,4.597,-0.01879968,-0.7519872,86.42212896000001,3.4568851584,fixed
87.34142649988644,43,4.597,-0.01877053,-0.7508212000000001,86.28812641000002,3.451525056400001,fixed
87.36436699994374,43,4.597,-0.01876142,-0.7504568,86.24624774000002,3.4498499096000006,fixed
87.38727039995138,43,4.597,-0.018776,-0.75104,86.31327200000001,3.4525308800000003,fixed
87.41197339992505,43,4.597,-0.01875778,-0.7503112000000001,86.22951466000002,3.4491805864000007,fixed
87.43513379991055,43,4.597,-0.01876507,-0.7506027999999999,86.26302679,3.4505210716,fixed
87.45842639997136,43,4.596,-0.01878511,-0.7514044,86.33636556,3.4534546224,fixed
87.48116309987381,43,4.597,-0.01875049,-0.7500196000000001,86.19600253000002,3.447840101200001,fixed
87.50559429987334,43,4.597,-0.01874139,-0.7496556,86.15416983,3.4461667932,fixed
87.52855009993073,43,4.596,-0.018776,-0.75104,86.29449600000001,3.4517798400000004,fixed
87.55295149993617,43,4.596,-0.01875413,-0.7501652,86.19398148,3.4477592592,fixed
87.57606329990085,43,4.597,-0.01877418,-0.7509672000000001,86.30490546000001,3.4521962184000006,fixed
87.59905509988312,43,4.596,-0.01877417,-0.7509667999999999,86.28608532,3.4514434127999998,fixed
87.62208469992038,43,4.596,-0.01875231,-0.7500924000000001,86.18561676000002,3.4474246704000007,fixed
87.64599739992991,43,4.597,-0.01877964,-0.7511856,86.33000508,3.4532002032,fixed
87.66933799989056,43,4.597,-0.01880515,-0.752206,86.44727455,3.4578909820000003,fixed
87.69337739993352,43,4.597,-0.01876689,-0.7506756,86.27139333000001,3.4508557332000005,fixed
87.7161277999403,43,4.596,-0.01878511,-0.7514044,86.33636556,3.4534546224,fixed
87.74000789993443,43,4.596,-0.01878511,-0.7514044,86.33636556,3.4534546224,fixed
87.76316399988718,43,4.596,-0.01874138,-0.7496552,86.13538247999999,3.4454152992,fixed
87.7864037998952,43,4.597,-0.01876142,-0.7504568,86.24624774000002,3.4498499096000006,fixed
87.80904919991735,43,4.596,-0.01876871,-0.7507484000000001,86.26099116,3.4504396464000004,fixed
87.83349809993524,43,4.597,-0.01873045,-0.7492179999999999,86.10387865000001,3.444155146,fixed
87.85609159991145,43,4.596,-0.0187596,-0.750384,86.21912160000001,3.448764864,fixed
87.88185009988956,43,4.597,-0.01877236,-0.7508944,86.29653892,3.4518615568,fixed
87.9051337998826,43,4.596,-0.0187596,-0.750384,86.21912160000001,3.448764864,fixed
87.92990099987946,43,4.597,-0.01878511,-0.7514044,86.35515067,3.4542060268,fixed
87.95433799992315,43,4.597,-0.01876325,-0.7505299999999999,86.25466025,3.45018641,fixed
87.97686899988912,43,4.597,-0.01880515,-0.752206,86.44727455,3.4578909820000003,fixed
88.00035619991831,43,4.596,-0.01881243,-0.7524972000000001,86.46192828000001,3.4584771312000004,fixed
88.02485249994788,43,4.596,-0.01878875,-0.75155,86.35309500000001,3.4541238000000005,fixed
88.04812059993856,43,4.596,-0.01881608,-0.7526432,86.47870368,3.4591481472,fixed
88.07410639990121,43,4.596,-0.01876871,-0.7507484000000001,86.26099116,3.4504396464000004,fixed
88.10159259987995,43,4.597,-0.01879604,-0.7518416000000001,86.40539588000001,3.456215835200001,fixed
88.12386099994183,43,4.596,-0.01875596,-0.7502384,86.20239216,3.4480956864,fixed
88.14798129990231,43,4.596,-0.01878693,-0.7514772000000001,86.34473028000001,3.4537892112,fixed
88.17127169994637,43,4.597,-0.01876507,-0.7506027999999999,86.26302679,3.4505210716,fixed
88.19776629994158,43,4.596,-0.01875231,-0.7500924000000001,86.18561676000002,3.4474246704000007,fixed
88.2212000999134,43,4.596,-0.01876142,-0.7504568,86.22748632000001,3.4490994528,fixed
88.24430909997318,43,4.596,-0.01875049,-0.7500196000000001,86.17725204000001,3.4470900816000007,fixed
88.26762729987968,43,4.596,-0.01877782,-0.7511128,86.30286072,3.4521144288000003,fixed
88.29049009992741,43,4.596,-0.01877964,-0.7511856,86.31122544,3.4524490176000002,fixed
88.3131035999395,43,4.596,-0.01875413,-0.7501652,86.19398148,3.4477592592,fixed
88.33714319986757,43,4.596,-0.01877964,-0.7511856,86.31122544,3.4524490176000002,fixed
88.3600923998747,43,4.597,-0.01877053,-0.7508212000000001,86.28812641000002,3.451525056400001,fixed
88.3843083998654,43,4.596,-0.01873409,-0.7493635999999999,86.10187764,3.4440751055999996,fixed
88.40743199991994,43,4.596,-0.01877235,-0.750894,86.2777206,3.451108824,fixed
88.43077329988591,43,4.596,-0.01878146,-0.7512584,86.31959016,3.4527836064,fixed
88.45400789997075,43,4.597,-0.01874685,-0.7498739999999999,86.17926944999999,3.447170778,fixed
88.4786252998747,43,4.596,-0.018776,-0.75104,86.29449600000001,3.4517798400000004,fixed
88.50135209993459,43,4.596,-0.01875596,-0.7502384,86.20239216,3.4480956864,fixed
88.52696889988147,43,4.596,-0.0187432,-0.7497280000000001,86.1437472,3.4457498880000004,fixed
88.55025869992096,43,4.596,-0.01877235,-0.750894,86.2777206,3.451108824,fixed
88.5735762999393,43,4.596,-0.01874138,-0.7496552,86.13538247999999,3.4454152992,fixed
88.59611659997609,43,4.597,-0.01877236,-0.7508944,86.29653892,3.4518615568,fixed
88.61931749992073,43,4.596,-0.01879968,-0.7519872,86.40332928,3.4561331712,fixed
88.6433640999021,44,4.546,-0.01901623,-0.7606492,86.44778158,3.4579112632,fixed
88.66597999993246,44,4.546,-0.01901258,-0.7605032,86.43118868,3.4572475472000006,fixed
88.68916799989529,44,4.546,-0.0190144,-0.760576,86.43946240000001,3.4575784960000004,fixed
88.71269969991408,44,4.546,-0.0189725,-0.7589,86.248985,3.4499594000000005,fixed
88.73534039990045,44,4.546,-0.01897614,-0.7590455999999999,86.26553244,3.4506212975999997,fixed
88.75944389996585,44,4.546,-0.01900711,-0.7602844000000001,86.40632206000001,3.4562528824000007,fixed
88.7820118998643,44,4.546,-0.01896521,-0.7586084,86.21584466,3.4486337864,fixed
88.80584089993499,44,4.546,-0.01896339,-0.7585356,86.20757094000001,3.4483028376,fixed
88.82915619993582,44,4.546,-0.01897979,-0.7591916000000001,86.28212534000001,3.4512850136000006,fixed
88.85259149991907,44,4.546,-0.01895975,-0.75839,86.1910235,3.4476409400000003,fixed
88.87467019993346,44,4.546,-0.01896886,-0.7587543999999999,86.23243756000001,3.4492975024,fixed
88.89836349990219,44,4.546,-0.01899618,-0.7598472000000001,86.35663428000001,3.4542653712000004,fixed
88.92144049995113,44,4.546,-0.01899801,-0.7599204,86.36495346000001,3.4545981384000006,fixed
88.94532419997267,44,4.546,-0.01897979,-0.7591916000000001,86.28212534000001,3.4512850136000006,fixed
88.96842209994793,44,4.546,-0.01900347,-0.7601388,86.38977462000001,3.4555909848,fixed
88.99207369994838,44,4.546,-0.0189725,-0.7589,86.248985,3.4499594000000005,fixed
89.01535519992467,44,4.546,-0.01895793,-0.7583172,86.18274978000001,3.4473099912000005,fixed
89.03977349994238,44,4.546,-0.01899254,-0.7597016,86.34008684,3.4536034736000003,fixed
89.06340139987879,44,4.546,-0.01896886,-0.7587543999999999,86.23243756000001,3.4492975024,fixed
89.08728719991632,44,4.546,-0.01899254,-0.7597016,86.34008684,3.4536034736000003,fixed
89.11085469985846,44,4.546,-0.01899983,-0.7599931999999999,86.37322718,3.4549290872,fixed
89.13387319992762,44,4.546,-0.01896886,-0.7587543999999999,86.23243756000001,3.4492975024,fixed
89.15736319986172,44,4.546,-0.01899436,-0.7597743999999998,86.34836056,3.4539344223999997,fixed
89.1820648999419,44,4.546,-0.01900529,-0.7602116000000001,86.39804834,3.4559219336000004,fixed
89.2050920999609,44,4.546,-0.01898161,-0.7592644,86.29039906000001,3.4516159624,fixed
89.22998589987401,44,4.546,-0.01900894,-0.7603576,86.41464124,3.4565856496,fixed
89.2534417998977,44,4.546,-0.01897979,-0.7591916000000001,86.28212534000001,3.4512850136000006,fixed
89.27811889990699,44,4.546,-0.01899618,-0.7598472000000001,86.35663428000001,3.4542653712000004,fixed
89.30130389996339,44,4.545,-0.01899983,-0.7599931999999999,86.35422734999999,3.4541690939999996,fixed
89.32484559994191,44,4.546,-0.01897979,-0.7591916000000001,86.28212534000001,3.4512850136000006,fixed
89.34816399996635,44,4.546,-0.01901258,-0.7605032,86.43118868,3.4572475472000006,fixed
89.37214869994204,44,4.546,-0.0190144,-0.760576,86.43946240000001,3.4575784960000004,fixed
89.39509019989055,44,4.546,-0.01898525,-0.7594099999999999,86.3069465,3.4522778599999997,fixed
89.41863299987745,44,4.546,-0.01899801,-0.7599204,86.36495346000001,3.4545981384000006,fixed
89.44137919996865,44,4.545,-0.01896885,-0.758754,86.21342324999999,3.44853693,fixed
89.46606149990112,44,4.546,-0.01894699,-0.7578796,86.13301654000001,3.4453206616000003,fixed
89.48934239987284,44,4.546,-0.01899436,-0.7597743999999998,86.34836056,3.4539344223999997,fixed
89.5117357999552,44,4.546,-0.01897614,-0.7590455999999999,86.26553244,3.4506212975999997,fixed
89.53517899988219,44,4.546,-0.01897068,-0.7588272,86.24071128000001,3.4496284512,fixed
89.56008739990648,44,4.546,-0.0189889,-0.759556,86.3235394,3.452941576,fixed
89.58301089995075,44,4.546,-0.01894153,-0.7576612,86.10819538000001,3.4443278152000003,fixed
89.60740149987396,44,4.546,-0.01895793,-0.7583172,86.18274978000001,3.4473099912000005,fixed
89.63002769986633,44,4.546,-0.01897614,-0.7590455999999999,86.26553244,3.4506212975999997,fixed
89.65285159996711,44,4.546,-0.01894699,-0.7578796,86.13301654000001,3.4453206616000003,fixed
89.67631569993682,44,4.546,-0.01897068,-0.7588272,86.24071128000001,3.4496284512,fixed
89.6998962998623,44,4.546,-0.01900529,-0.7602116000000001,86.39804834,3.4559219336000004,fixed
89.72354359994642,44,4.546,-0.01896339,-0.7585356,86.20757094000001,3.4483028376,fixed
89.74760949995834,44,4.546,-0.01897797,-0.7591188,86.27385162,3.4509540648000003,fixed
89.7699218998896,44,4.546,-0.01900347,-0.7601388,86.38977462000001,3.4555909848,fixed
89.79612339986488,44,4.546,-0.01898707,-0.7594828000000001,86.31522022000001,3.452608808800001,fixed
89.81909889995586,44,4.546,-0.01901804,-0.7607216,86.45600984000001,3.4582403936,fixed
89.84215939987916,44,4.546,-0.01898525,-0.7594099999999999,86.3069465,3.4522778599999997,fixed
89.8650751998648,44,4.546,-0.01896339,-0.7585356,86.20757094000001,3.4483028376,fixed
89.88870059989858,44,4.546,-0.01899801,-0.7599204,86.36495346000001,3.4545981384000006,fixed
89.9121121999342,44,4.546,-0.01897797,-0.7591188,86.27385162,3.4509540648000003,fixed
89.93556179990992,44,4.546,-0.01897614,-0.7590455999999999,86.26553244,3.4506212975999997,fixed
89.95804709987715,44,4.546,-0.01900347,-0.7601388,86.38977462000001,3.4555909848,fixed
89.98130069987383,44,4.546,-0.01899254,-0.7597016,86.34008684,3.4536034736000003,fixed
90.00433499994688,44,4.546,-0.01895975,-0.75839,86.1910235,3.4476409400000003,fixed
90.02811249985825,44,4.546,-0.01897797,-0.7591188,86.27385162,3.4509540648000003,fixed
90.05097509990446,44,4.546,-0.0189725,-0.7589,86.248985,3.4499594000000005,fixed
90.075418699882,44,4.546,-0.01893971,-0.7575883999999999,86.09992165999999,3.4439968664,fixed
90.09812779992353,44,4.546,-0.01897432,-0.7589728,86.25725872000001,3.4502903488000003,fixed
90.12270779989194,44,4.546,-0.01897432,-0.7589728,86.25725872000001,3.4502903488000003,fixed
90.1463321999181,44,4.546,-0.01896886,-0.7587543999999999,86.23243756000001,3.4492975024,fixed
90.17079849995207,44,4.546,-0.01900894,-0.7603576,86.41464124,3.4565856496,fixed
90.19473989994731,44,4.546,-0.01898343,-0.7593371999999999,86.29867278,3.4519469112,fixed
90.21846439992078,44,4.546,-0.01901622,-0.7606488,86.44773612,3.4579094448000003,fixed
90.24097979988437,44,4.546,-0.01901076,-0.7604304000000001,86.42291496000001,3.4569165984000003,fixed
90.26589129993226,44,4.546,-0.01896521,-0.7586084,86.21584466,3.4486337864,fixed
90.2890960999066,44,4.546,-0.01899983,-0.7599931999999999,86.37322718,3.4549290872,fixed
90.31236349989194,44,4.546,-0.01897432,-0.7589728,86.25725872000001,3.4502903488000003,fixed
90.33514429989737,44,4.546,-0.01896157,-0.7584628000000001,86.19929722,3.4479718888000006,fixed
90.35835719993338,44,4.546,-0.01900165,-0.7600659999999999,86.38150089999999,3.455260036,fixed
90.3812613999471,44,4.546,-0.01900711,-0.7602844000000001,86.40632206000001,3.4562528824000007,fixed
90.4048116998747,44,4.546,-0.01896886,-0.7587543999999999,86.23243756000001,3.4492975024,fixed
90.42799119988922,44,4.546,-0.01899436,-0.7597743999999998,86.34836056,3.4539344223999997,fixed
90.45234179997351,44,4.546,-0.0189889,-0.759556,86.3235394,3.452941576,fixed
90.47624159988482,44,4.546,-0.01895793,-0.7583172,86.18274978000001,3.4473099912000005,fixed
90.50025599997025,44,4.546,-0.01899254,-0.7597016,86.34008684,3.4536034736000003,fixed
90.52329089993145,44,4.546,-0.01895975,-0.75839,86.1910235,3.4476409400000003,fixed
90.54904789989814,44,4.546,-0.01897432,-0.7589728,86.25725872000001,3.4502903488000003,fixed
90.57247389992699,44,4.546,-0.01899436,-0.7597743999999998,86.34836056,3.4539344223999997,fixed
90.59632629994303,44,4.546,-0.01898707,-0.7594828000000001,86.31522022000001,3.452608808800001,fixed
90.6190409999108,44,4.546,-0.01903626,-0.7614504,86.53883796000001,3.4615535184,fixed
90.64310569991358,44,4.546,-0.01900711,-0.7602844000000001,86.40632206000001,3.4562528824000007,fixed
90.66706619993784,45,4.496,-0.01922731,-0.7690924,86.44598576000001,3.4578394304000004,fixed
90.69215739995707,45,4.496,-0.01920909,-0.7683636000000001,86.36406864000001,3.454562745600001,fixed
90.71529319987167,45,4.496,-0.01915807,-0.7663228,86.13468272000001,3.4453873088,fixed
90.73902449989691,45,4.496,-0.01919451,-0.7677804,86.29851696000001,3.4519406784000006,fixed
90.7620635998901,45,4.496,-0.01918722,-0.7674888,86.26574112000002,3.4506296448000002,fixed
90.78599789994769,45,4.496,-0.01917083,-0.7668332,86.19205168,3.4476820672,fixed
90.80908339994494,45,4.496,-0.01920362,-0.7681448000000001,86.33947552000001,3.453579020800001,fixed
90.83276049990673,45,4.496,-0.0191854,-0.7674159999999999,86.25755840000001,3.4503023359999996,fixed
90.85613209987059,45,4.496,-0.01917083,-0.7668332,86.19205168,3.4476820672,fixed
90.88076429988723,45,4.495,-0.01920908,-0.7683632,86.3448146,3.4537925840000003,fixed
90.90314819989726,45,4.496,-0.01917083,-0.7668332,86.19205168,3.4476820672,fixed
90.92886659991927,45,4.496,-0.01918176,-0.7672704,86.24119296,3.4496477184000005,fixed
90.95194869989064,45,4.496,-0.01920362,-0.7681448000000001,86.33947552000001,3.453579020800001,fixed
90.97572279989254,45,4.496,-0.0191854,-0.7674159999999999,86.25755840000001,3.4503023359999996,fixed
90.99923159996979,45,4.496,-0.01922184,-0.7688736,86.42139264000001,3.4568557056000007,fixed
91.02193899988197,45,4.496,-0.01919451,-0.7677804,86.29851696000001,3.4519406784000006,fixed
91.04502149997279,45,4.496,-0.01916172,-0.7664688,86.15109312000001,3.4460437248,fixed
91.0688855999615,45,4.496,-0.01919087,-0.7676348000000001,86.28215152,3.4512860608000007,fixed
91.09226699988358,45,4.496,-0.01919269,-0.7677075999999999,86.29033424,3.4516133696,fixed
91.11513739987276,45,4.496,-0.01917083,-0.7668332,86.19205168,3.4476820672,fixed
91.1379799998831,45,4.496,-0.01919998,-0.7679992,86.32311008,3.4529244032000004,fixed
91.1621460999595,45,4.496,-0.01919816,-0.7679263999999999,86.31492736,3.4525970943999997,fixed
91.18486399995163,45,4.496,-0.01915443,-0.7661772,86.11831728000001,3.4447326912000005,fixed
91.20782349992078,45,4.496,-0.01919269,-0.7677075999999999,86.29033424,3.4516133696,fixed
91.23109109990764,45,4.496,-0.01919269,-0.7677075999999999,86.29033424,3.4516133696,fixed
91.25443929992616,45,4.496,-0.01916718,-0.7666871999999999,86.17564128000001,3.4470256511999997,fixed
91.2768903998658,45,4.496,-0.01919087,-0.7676348000000001,86.28215152,3.4512860608000007,fixed
91.30030249990523,45,4.496,-0.01921455,-0.768582,86.38861680000001,3.4555446720000003,fixed
91.32409649994224,45,4.496,-0.0191854,-0.7674159999999999,86.25755840000001,3.4503023359999996,fixed
91.34794739994686,45,4.496,-0.01918358,-0.7673432,86.24937568,3.4499750272000003,fixed
91.37098549993243,45,4.496,-0.0192018,-0.7680720000000001,86.33129280000001,3.4532517120000006,fixed
91.39661179995164,45,4.496,-0.01916172,-0.7664688,86.15109312000001,3.4460437248,fixed
91.42016679991502,45,4.496,-0.01921091,-0.7684364000000001,86.37225136,3.4548900544000007,fixed
91.44331779994536,45,4.496,-0.01918904,-0.7675616000000001,86.27392384000002,3.4509569536000004,fixed
91.46592219988815,45,4.496,-0.0191854,-0.7674159999999999,86.25755840000001,3.4503023359999996,fixed
91.48989899992011,45,4.496,-0.01920544,-0.7682176,86.34765824000002,3.4539063296,fixed
91.51315839996096,45,4.496,-0.01917083,-0.7668332,86.19205168,3.4476820672,fixed
91.53673049993813,45,4.496,-0.01916354,-0.7665416,86.15927584,3.4463710336000006,fixed
91.56002999993507,45,4.496,-0.01919998,-0.7679992,86.32311008,3.4529244032000004,fixed
91.58354489994235,45,4.495,-0.0191854,-0.7674159999999999,86.238373,3.4495349199999996,fixed
91.60597829986364,45,4.496,-0.01918358,-0.7673432,86.24937568,3.4499750272000003,fixed
91.63011439994443,45,4.496,-0.0192182,-0.768728,86.4050272,3.4562010880000003,fixed
91.6534212998813,45,4.496,-0.01920362,-0.7681448000000001,86.33947552000001,3.453579020800001,fixed
91.67742599989288,45,4.496,-0.01917447,-0.7669788,86.20841712000001,3.4483366848,fixed
91.70032099995296,45,4.496,-0.01918358,-0.7673432,86.24937568,3.4499750272000003,fixed
91.72571659996174,45,4.496,-0.01914532,-0.7658128000000001,86.07735872,3.4430943488000008,fixed
91.74884519993793,45,4.496,-0.01916718,-0.7666871999999999,86.17564128000001,3.4470256511999997,fixed
91.77182849997189,45,4.496,-0.01917811,-0.7671244,86.22478256000002,3.4489913024000005,fixed
91.79492769995704,45,4.496,-0.01916718,-0.7666871999999999,86.17564128000001,3.4470256511999997,fixed
91.81861069996376,45,4.496,-0.01922002,-0.7688008000000001,86.41320992000001,3.4565283968000005,fixed
91.84224659996107,45,4.496,-0.0192273,-0.769092,86.44594080000002,3.4578376320000004,fixed
91.86568009993061,45,4.496,-0.01917994,-0.7671975999999999,86.23301024,3.4493204096,fixed
91.88976079993881,45,4.496,-0.01921091,-0.7684364000000001,86.37225136,3.4548900544000007,fixed
91.91276819992345,45,4.496,-0.01919816,-0.7679263999999999,86.31492736,3.4525970943999997,fixed
91.93597059987951,45,4.496,-0.01919269,-0.7677075999999999,86.29033424,3.4516133696,fixed
91.95873239997309,45,4.496,-0.01922184,-0.7688736,86.42139264000001,3.4568557056000007,fixed
91.98223949992098,45,4.496,-0.01921273,-0.7685092,86.38043408000001,3.4552173632000005,fixed
92.0069125998998,45,4.496,-0.01917629,-0.7670516,86.21659984,3.4486639936000003,fixed
92.03014019993134,45,4.496,-0.01920726,-0.7682904,86.35584096000001,3.4542336384000003,fixed
92.05404679989442,45,4.496,-0.01917629,-0.7670516,86.21659984,3.4486639936000003,fixed
92.07693029986694,45,4.496,-0.01918358,-0.7673432,86.24937568,3.4499750272000003,fixed
92.10123109992128,45,4.496,-0.01921637,-0.7686548000000001,86.39679952000002,3.455871980800001,fixed
92.12416719994508,45,4.496,-0.01918358,-0.7673432,86.24937568,3.4499750272000003,fixed
92.14843699987978,45,4.496,-0.01919269,-0.7677075999999999,86.29033424,3.4516133696,fixed
92.17115659988485,45,4.496,-0.01922184,-0.7688736,86.42139264000001,3.4568557056000007,fixed
92.19663199991919,45,4.496,-0.01918358,-0.7673432,86.24937568,3.4499750272000003,fixed
92.22021739988122,45,4.496,-0.01923277,-0.7693108,86.47053392000001,3.4588213568,fixed
92.24287519988138,45,4.496,-0.01922366,-0.7689463999999999,86.42957536000002,3.4571830144,fixed
92.26614329987206,45,4.496,-0.0192182,-0.768728,86.4050272,3.4562010880000003,fixed
92.28899899986573,45,4.496,-0.01924188,-0.7696751999999999,86.51149248,3.4604596992,fixed
92.31180649995804,45,4.496,-0.01923459,-0.7693836000000001,86.47871664,3.459148665600001,fixed
92.3351079999702,45,4.496,-0.01919087,-0.7676348000000001,86.28215152,3.4512860608000007,fixed
92.35789569991175,45,4.496,-0.01920362,-0.7681448000000001,86.33947552000001,3.453579020800001,fixed
92.38156169990543,45,4.496,-0.01922913,-0.7691652000000001,86.45416848,3.4581667392000006,fixed
92.40435339987744,45,4.496,-0.01920362,-0.7681448000000001,86.33947552000001,3.453579020800001,fixed
92.42763479996938,45,4.496,-0.01920909,-0.7683636000000001,86.36406864000001,3.454562745600001,fixed
92.45110799989197,45,4.496,-0.01923095,-0.769238,86.46235120000001,3.4584940480000004,fixed
92.47547319997102,45,4.496,-0.01919087,-0.7676348000000001,86.28215152,3.4512860608000007,fixed
92.49822469986975,45,4.496,-0.01919633,-0.7678532,86.30669968000001,3.4522679872000004,fixed
92.5232397998916,45,4.495,-0.01920908,-0.7683632,86.3448146,3.4537925840000003,fixed
92.54607789986767,45,4.496,-0.01916354,-0.7665416,86.15927584,3.4463710336000006,fixed
92.57104779989459,45,4.496,-0.01919451,-0.7677804,86.29851696000001,3.4519406784000006,fixed
92.59380059991963,45,4.496,-0.01916901,-0.7667604,86.18386896000001,3.4473547584000004,fixed
92.61772169987671,45,4.496,-0.01918358,-0.7673432,86.24937568,3.4499750272000003,fixed
92.64100119995419,45,4.496,-0.0192273,-0.769092,86.44594080000002,3.4578376320000004,fixed
92.66487959993538,45,4.496,-0.01919633,-0.7678532,86.30669968000001,3.4522679872000004,fixed
92.68916499987245,46,4.496,-0.01921455,-0.768582,86.38861680000001,3.4555446720000003,fixed
92.71186869987287,46,4.496,-0.01920362,-0.7681448000000001,86.33947552000001,3.453579020800001,fixed
92.73498889990151,46,4.496,-0.01916536,-0.7666144,86.16745856,3.4466983424000004,fixed
92.7585800999077,46,4.496,-0.01918722,-0.7674888,86.26574112000002,3.4506296448000002,fixed
92.78189649991691,46,4.496,-0.01920726,-0.7682904,86.35584096000001,3.4542336384000003,fixed
92.80504159990232,46,4.496,-0.01917811,-0.7671244,86.22478256000002,3.4489913024000005,fixed
92.82792669988703,46,4.496,-0.01920544,-0.7682176,86.34765824000002,3.4539063296,fixed
92.85221559996717,46,4.496,-0.01922548,-0.7690192,86.43775808000001,3.4575103232,fixed
92.8749106999021,46,4.496,-0.01918176,-0.7672704,86.24119296,3.4496477184000005,fixed
92.89983259991277,46,4.496,-0.01918904,-0.7675616000000001,86.27392384000002,3.4509569536000004,fixed
92.9222751999041,46,4.496,-0.01917811,-0.7671244,86.22478256000002,3.4489913024000005,fixed
92.94452189991716,46,4.496,-0.01915079,-0.7660316,86.10195184000001,3.4440780736000005,fixed
92.96707689994946,46,4.496,-0.01915261,-0.7661044,86.11013456,3.4444053824000003,fixed
92.99191939993761,46,4.496,-0.01917629,-0.7670516,86.21659984,3.4486639936000003,fixed
93.01501299988013,46,4.496,-0.01913621,-0.7654484,86.03640016000001,3.4414560064000006,fixed
93.03783859987743,46,4.496,-0.01918722,-0.7674888,86.26574112000002,3.4506296448000002,fixed
93.06115719990339,46,4.496,-0.01923277,-0.7693108,86.47053392000001,3.4588213568,fixed
93.08389909996185,46,4.496,-0.01921637,-0.7686548000000001,86.39679952000002,3.455871980800001,fixed
93.10653939994518,46,4.496,-0.01922184,-0.7688736,86.42139264000001,3.4568557056000007,fixed
93.13051089993678,46,4.496,-0.01923824,-0.7695296,86.49512704000001,3.4598050816000003,fixed
93.15330399991944,46,4.496,-0.0192182,-0.768728,86.4050272,3.4562010880000003,fixed
93.17710789991543,46,4.496,-0.01917994,-0.7671975999999999,86.23301024,3.4493204096,fixed
93.1999547999585,46,4.496,-0.01921091,-0.7684364000000001,86.37225136,3.4548900544000007,fixed
93.22381829994265,46,4.496,-0.01919451,-0.7677804,86.29851696000001,3.4519406784000006,fixed
93.24603939987719,46,4.496,-0.01917811,-0.7671244,86.22478256000002,3.4489913024000005,fixed
93.27083769987803,46,4.496,-0.01921091,-0.7684364000000001,86.37225136,3.4548900544000007,fixed
93.29308449989185,46,4.496,-0.0192018,-0.7680720000000001,86.33129280000001,3.4532517120000006,fixed
93.31720659986604,46,4.496,-0.01919087,-0.7676348000000001,86.28215152,3.4512860608000007,fixed
93.33905409986619,46,4.496,-0.01922548,-0.7690192,86.43775808000001,3.4575103232,fixed
93.36475469986908,46,4.496,-0.01922184,-0.7688736,86.42139264000001,3.4568557056000007,fixed
93.38708289992064,46,4.496,-0.01919451,-0.7677804,86.29851696000001,3.4519406784000006,fixed
93.41124319995288,46,4.496,-0.0192018,-0.7680720000000001,86.33129280000001,3.4532517120000006,fixed
93.43299959995784,46,4.496,-0.0191854,-0.7674159999999999,86.25755840000001,3.4503023359999996,fixed
93.45922809990589,46,4.496,-0.0191854,-0.7674159999999999,86.25755840000001,3.4503023359999996,fixed
93.4810774999205,46,4.495,-0.01922366,-0.7689463999999999,86.41035169999999,3.4564140679999995,fixed
93.50585489987861,46,4.495,-0.01919451,-0.7677804,86.27932245000001,3.4511728980000003,fixed
93.52804649993777,46,4.496,-0.01920726,-0.7682904,86.35584096000001,3.4542336384000003,fixed
93.55302779993508,46,4.496,-0.01922184,-0.7688736,86.42139264000001,3.4568557056000007,fixed
93.575012999936,46,4.496,-0.01918722,-0.7674888,86.26574112000002,3.4506296448000002,fixed
93.60052799992263,46,4.496,-0.01919816,-0.7679263999999999,86.31492736,3.4525970943999997,fixed
93.62213359994348,46,4.496,-0.01919451,-0.7677804,86.29851696000001,3.4519406784000006,fixed
93.64732759993058,46,4.496,-0.0191599,-0.766396,86.1429104,3.4457164160000002,fixed
93.6690690999385,46,4.496,-0.01921455,-0.768582,86.38861680000001,3.4555446720000003,fixed
93.69570119993296,46,4.496,-0.01922184,-0.7688736,86.42139264000001,3.4568557056000007,fixed
93.7178464998724,46,4.495,-0.01922366,-0.7689463999999999,86.41035169999999,3.4564140679999995,fixed
93.7411424999591,46,4.496,-0.01923641,-0.7694563999999999,86.48689936000001,3.4594759744,fixed
93.76422939996701,46,4.496,-0.01920544,-0.7682176,86.34765824000002,3.4539063296,fixed
93.78979249997064,46,4.496,-0.01918722,-0.7674888,86.26574112000002,3.4506296448000002,fixed
93.81304779986385,46,4.496,-0.01920909,-0.7683636000000001,86.36406864000001,3.454562745600001,fixed
93.83648949989583,46,4.496,-0.01918176,-0.7672704,86.24119296,3.4496477184000005,fixed
93.85993419995066,46,4.496,-0.01921637,-0.7686548000000001,86.39679952000002,3.455871980800001,fixed
93.8832147999201,46,4.496,-0.01919451,-0.7677804,86.29851696000001,3.4519406784000006,fixed
93.90583199996036,46,4.496,-0.01915625,-0.76625,86.12650000000001,3.4450600000000002,fixed
93.93054679990746,46,4.496,-0.01917629,-0.7670516,86.21659984,3.4486639936000003,fixed
93.95378879993223,46,4.495,-0.01916172,-0.7664688,86.1319314,3.445277256,fixed
93.97701489995234,46,4.496,-0.01916536,-0.7666144,86.16745856,3.4466983424000004,fixed
93.99982179992367,46,4.496,-0.01921091,-0.7684364000000001,86.37225136,3.4548900544000007,fixed
94.02494749997277,46,4.496,-0.01922184,-0.7688736,86.42139264000001,3.4568557056000007,fixed
94.04811249987688,46,4.496,-0.01921455,-0.768582,86.38861680000001,3.4555446720000003,fixed
94.07185769989155,46,4.495,-0.01924188,-0.7696751999999999,86.4922506,3.4596900239999995,fixed
94.09414639987517,46,4.496,-0.01919633,-0.7678532,86.30669968000001,3.4522679872000004,fixed
94.11712239996996,46,4.496,-0.01918904,-0.7675616000000001,86.27392384000002,3.4509569536000004,fixed
94.13997529994231,46,4.496,-0.01922002,-0.7688008000000001,86.41320992000001,3.4565283968000005,fixed
94.16547639993951,46,4.496,-0.01922548,-0.7690192,86.43775808000001,3.4575103232,fixed
94.18917789997067,46,4.496,-0.01922002,-0.7688008000000001,86.41320992000001,3.4565283968000005,fixed
94.21365739987232,46,4.496,-0.01924917,-0.7699668,86.54426832,3.4617707328000002,fixed
94.2371003999142,46,4.496,-0.01921637,-0.7686548000000001,86.39679952000002,3.455871980800001,fixed
94.25971109990496,46,4.496,-0.01925463,-0.7701851999999999,86.56881648000001,3.4627526592,fixed
94.28277529997285,46,4.495,-0.01923459,-0.7693836000000001,86.45948204999999,3.4583792820000006,fixed
94.30629329988733,46,4.496,-0.01919269,-0.7677075999999999,86.29033424,3.4516133696,fixed
94.32921179989353,46,4.496,-0.01922184,-0.7688736,86.42139264000001,3.4568557056000007,fixed
94.3530040999176,46,4.496,-0.01923459,-0.7693836000000001,86.47871664,3.459148665600001,fixed
94.37604219990317,46,4.496,-0.0192018,-0.7680720000000001,86.33129280000001,3.4532517120000006,fixed
94.40048069995828,46,4.496,-0.01922184,-0.7688736,86.42139264000001,3.4568557056000007,fixed
94.42408959986642,46,4.496,-0.0192182,-0.768728,86.4050272,3.4562010880000003,fixed
94.44783319986891,46,4.496,-0.01919633,-0.7678532,86.30669968000001,3.4522679872000004,fixed
94.47082939988468,46,4.496,-0.01922366,-0.7689463999999999,86.42957536000002,3.4571830144,fixed
94.49458369996864,46,4.496,-0.01919269,-0.7677075999999999,86.29033424,3.4516133696,fixed
94.51791619986761,46,4.496,-0.01918904,-0.7675616000000001,86.27392384000002,3.4509569536000004,fixed
94.54128349991515,46,4.496,-0.01922184,-0.7688736,86.42139264000001,3.4568557056000007,fixed
94.56384119996801,46,4.496,-0.01920726,-0.7682904,86.35584096000001,3.4542336384000003,fixed
94.5893117999658,46,4.496,-0.0192018,-0.7680720000000001,86.33129280000001,3.4532517120000006,fixed
94.61194689990953,46,4.496,-0.01923824,-0.7695296,86.49512704000001,3.4598050816000003,fixed
94.63741279987153,46,4.496,-0.01920909,-0.7683636000000001,86.36406864000001,3.454562745600001,fixed
94.66002489987295,46,4.496,-0.01923824,-0.7695296,86.49512704000001,3.4598050816000003,fixed
94.6850510998629,46,4.496,-0.01922366,-0.7689463999999999,86.42957536000002,3.4571830144,fixed
94.70881229999941,47,4.496,-0.01919998,-0.7679992,86.32311008,3.4529244032000004,fixed
94.73288959998172,47,4.496,-0.01920726,-0.7682904,86.35584096000001,3.4542336384000003,fixed
94.75606949999928,47,4.496,-0.01918358,-0.7673432,86.24937568,3.4499750272000003,fixed
94.7797856000252,47,4.496,-0.01920726,-0.7682904,86.35584096000001,3.4542336384000003,fixed
94.80310160003137,47,4.496,-0.01922002,-0.7688008000000001,86.41320992000001,3.4565283968000005,fixed
94.82618900004309,47,4.496,-0.01918358,-0.7673432,86.24937568,3.4499750272000003,fixed
94.8488671000814,47,4.496,-0.01920726,-0.7682904,86.35584096000001,3.4542336384000003,fixed
94.87363849999383,47,4.496,-0.01922913,-0.7691652000000001,86.45416848,3.4581667392000006,fixed
94.89693580009043,47,4.496,-0.0192018,-0.7680720000000001,86.33129280000001,3.4532517120000006,fixed
94.92004900006577,47,4.496,-0.01922548,-0.7690192,86.43775808000001,3.4575103232,fixed
94.94212900009006,47,4.496,-0.01922184,-0.7688736,86.42139264000001,3.4568557056000007,fixed
94.96622790000401,47,4.496,-0.01918722,-0.7674888,86.26574112000002,3.4506296448000002,fixed
94.98893290001433,47,4.496,-0.01919633,-0.7678532,86.30669968000001,3.4522679872000004,fixed
95.01438280008733,47,4.496,-0.01920544,-0.7682176,86.34765824000002,3.4539063296,fixed
95.03705440007616,47,4.496,-0.01916536,-0.7666144,86.16745856,3.4466983424000004,fixed
95.06222770002205,47,4.496,-0.01919451,-0.7677804,86.29851696000001,3.4519406784000006,fixed
95.08472170005552,47,4.496,-0.01917265,-0.7669060000000001,86.2002344,3.448009376000001,fixed
95.1098331999965,47,4.496,-0.01918358,-0.7673432,86.24937568,3.4499750272000003,fixed
95.13291739998385,47,4.496,-0.01923095,-0.769238,86.46235120000001,3.4584940480000004,fixed
95.15710790001322,47,4.495,-0.01919997,-0.7679988,86.30386515000001,3.452154606,fixed
95.18016790004913,47,4.496,-0.01922913,-0.7691652000000001,86.45416848,3.4581667392000006,fixed
95.20352650003042,47,4.495,-0.01923095,-0.769238,86.44312025,3.4577248099999998,fixed
95.2270646999823,47,4.496,-0.01918722,-0.7674888,86.26574112000002,3.4506296448000002,fixed
95.24990490009077,47,4.496,-0.01920544,-0.7682176,86.34765824000002,3.4539063296,fixed
95.27282040007412,47,4.496,-0.01921637,-0.7686548000000001,86.39679952000002,3.455871980800001,fixed
95.2968657000456,47,4.496,-0.01919816,-0.7679263999999999,86.31492736,3.4525970943999997,fixed
95.31983510009013,47,4.496,-0.01923824,-0.7695296,86.49512704000001,3.4598050816000003,fixed
95.34324770001695,47,4.496,-0.01923824,-0.7695296,86.49512704000001,3.4598050816000003,fixed
95.3661050000228,47,4.496,-0.01918722,-0.7674888,86.26574112000002,3.4506296448000002,fixed
95.3900478000287,47,4.496,-0.01919269,-0.7677075999999999,86.29033424,3.4516133696,fixed
95.41313450003508,47,4.496,-0.01919816,-0.7679263999999999,86.31492736,3.4525970943999997,fixed
95.43672350002453,47,4.496,-0.01916172,-0.7664688,86.15109312000001,3.4460437248,fixed
95.4599523000652,47,4.496,-0.01919633,-0.7678532,86.30669968000001,3.4522679872000004,fixed
95.48264860000927,47,4.496,-0.0192018,-0.7680720000000001,86.33129280000001,3.4532517120000006,fixed
95.50618030002806,47,4.496,-0.01916354,-0.7665416,86.15927584,3.4463710336000006,fixed
95.53022920002695,47,4.496,-0.01919633,-0.7678532,86.30669968000001,3.4522679872000004,fixed
95.55306589999236,47,4.496,-0.01923824,-0.7695296,86.49512704000001,3.4598050816000003,fixed
95.57633820001502,47,4.496,-0.01921637,-0.7686548000000001,86.39679952000002,3.455871980800001,fixed
95.59887780004647,47,4.496,-0.01923277,-0.7693108,86.47053392000001,3.4588213568,fixed
95.62367020000238,47,4.496,-0.01924917,-0.7699668,86.54426832,3.4617707328000002,fixed
95.64671480003744,47,4.496,-0.01921273,-0.7685092,86.38043408000001,3.4552173632000005,fixed
95.67108270002063,47,4.496,-0.01925645,-0.770258,86.57699920000002,3.463079968,fixed
95.6940528000705,47,4.496,-0.01926921,-0.7707683999999999,86.63436816000001,3.4653747264,fixed
95.71921890007798,47,4.496,-0.01924552,-0.7698208,86.52785792,3.4611143168000003,fixed
95.74196600005962,47,4.496,-0.01926921,-0.7707683999999999,86.63436816000001,3.4653747264,fixed
95.76721299998462,47,4.496,-0.01922002,-0.7688008000000001,86.41320992000001,3.4565283968000005,fixed
95.789758500061,47,4.496,-0.0192182,-0.768728,86.4050272,3.4562010880000003,fixed
95.81623870006297,47,4.496,-0.01922184,-0.7688736,86.42139264000001,3.4568557056000007,fixed
95.83891859999858,47,4.496,-0.01920726,-0.7682904,86.35584096000001,3.4542336384000003,fixed
95.86402720003389,47,4.496,-0.01923277,-0.7693108,86.47053392000001,3.4588213568,fixed
95.88697780005168,47,4.496,-0.0192018,-0.7680720000000001,86.33129280000001,3.4532517120000006,fixed
95.91022640001029,47,4.496,-0.01923095,-0.769238,86.46235120000001,3.4584940480000004,fixed
95.9330062000081,47,4.496,-0.0192437,-0.769748,86.51967520000001,3.4607870080000005,fixed
95.95706679997966,47,4.496,-0.01920362,-0.7681448000000001,86.33947552000001,3.453579020800001,fixed
95.97981370007619,47,4.496,-0.01922366,-0.7689463999999999,86.42957536000002,3.4571830144,fixed
96.0040434000548,47,4.496,-0.01923459,-0.7693836000000001,86.47871664,3.459148665600001,fixed
96.0269787000725,47,4.496,-0.01918722,-0.7674888,86.26574112000002,3.4506296448000002,fixed
96.0499249000568,47,4.496,-0.0192018,-0.7680720000000001,86.33129280000001,3.4532517120000006,fixed
96.07271980005316,47,4.496,-0.01921637,-0.7686548000000001,86.39679952000002,3.455871980800001,fixed
96.09674170007929,47,4.496,-0.01919816,-0.7679263999999999,86.31492736,3.4525970943999997,fixed
96.11971260001883,47,4.496,-0.01923824,-0.7695296,86.49512704000001,3.4598050816000003,fixed
96.14282010006718,47,4.496,-0.01925828,-0.7703312,86.58522688000001,3.4634090752000004,fixed
96.16572879999876,47,4.496,-0.01922002,-0.7688008000000001,86.41320992000001,3.4565283968000005,fixed
96.19157510006335,47,4.496,-0.0192182,-0.768728,86.4050272,3.4562010880000003,fixed
96.21483720000833,47,4.496,-0.01920726,-0.7682904,86.35584096000001,3.4542336384000003,fixed
96.23769480001647,47,4.496,-0.01917265,-0.7669060000000001,86.2002344,3.448009376000001,fixed
96.26067450002301,47,4.496,-0.01919998,-0.7679992,86.32311008,3.4529244032000004,fixed
96.28512380004395,47,4.496,-0.01919998,-0.7679992,86.32311008,3.4529244032000004,fixed
96.3076476000715,47,4.496,-0.01917447,-0.7669788,86.20841712000001,3.4483366848,fixed
96.33377190004103,47,4.496,-0.0192182,-0.768728,86.4050272,3.4562010880000003,fixed
96.35659250000026,47,4.496,-0.0192018,-0.7680720000000001,86.33129280000001,3.4532517120000006,fixed
96.37928890006151,47,4.496,-0.01922913,-0.7691652000000001,86.45416848,3.4581667392000006,fixed
96.40199919999577,47,4.496,-0.01923459,-0.7693836000000001,86.47871664,3.459148665600001,fixed
96.42590919998474,47,4.496,-0.01919816,-0.7679263999999999,86.31492736,3.4525970943999997,fixed
96.44894170004409,47,4.496,-0.01918904,-0.7675616000000001,86.27392384000002,3.4509569536000004,fixed
96.4723295000149,47,4.496,-0.01921455,-0.768582,86.38861680000001,3.4555446720000003,fixed
96.49488520005252,47,4.496,-0.01919633,-0.7678532,86.30669968000001,3.4522679872000004,fixed
96.51822199998423,47,4.496,-0.01918358,-0.7673432,86.24937568,3.4499750272000003,fixed
96.54065820004325,47,4.496,-0.01922184,-0.7688736,86.42139264000001,3.4568557056000007,fixed
96.5651988000609,47,4.496,-0.01923641,-0.7694563999999999,86.48689936000001,3.4594759744,fixed
96.58788350003306,47,4.496,-0.01922002,-0.7688008000000001,86.41320992000001,3.4565283968000005,fixed
96.6126471000025,47,4.496,-0.01923641,-0.7694563999999999,86.48689936000001,3.4594759744,fixed
96.63637449999806,47,4.496,-0.01919633,-0.7678532,86.30669968000001,3.4522679872000004,fixed
96.66044350003358,47,4.496,-0.01921091,-0.7684364000000001,86.37225136,3.4548900544000007,fixed
96.68369580002036,47,4.496,-0.01922366,-0.7689463999999999,86.42957536000002,3.4571830144,fixed
96.70775649999268,47,4.496,-0.01919451,-0.7677804,86.29851696000001,3.4519406784000006,fixed
96.73172089993022,48,4.496,-0.01923459,-0.7693836000000001,86.47871664,3.459148665600001,fixed
96.7557353999,48,4.496,-0.01921273,-0.7685092,86.38043408000001,3.4552173632000005,fixed
96.77865899994504,48,4.496,-0.01920544,-0.7682176,86.34765824000002,3.4539063296,fixed
96.80276259989478,48,4.496,-0.0192273,-0.769092,86.44594080000002,3.4578376320000004,fixed
96.82557899993844,48,4.496,-0.01918722,-0.7674888,86.26574112000002,3.4506296448000002,fixed
96.85117509996053,48,4.496,-0.01918176,-0.7672704,86.24119296,3.4496477184000005,fixed
96.87372389994562,48,4.496,-0.01920726,-0.7682904,86.35584096000001,3.4542336384000003,fixed
96.89950099994894,48,4.496,-0.01918904,-0.7675616000000001,86.27392384000002,3.4509569536000004,fixed
96.92287179990672,48,4.496,-0.01924734,-0.7698936000000001,86.53604064000002,3.4614416256000005,fixed
96.9455336999381,48,4.496,-0.01922548,-0.7690192,86.43775808000001,3.4575103232,fixed
96.96778319997247,48,4.496,-0.01923095,-0.769238,86.46235120000001,3.4584940480000004,fixed
96.99353319988586,48,4.496,-0.01924734,-0.7698936000000001,86.53604064000002,3.4614416256000005,fixed
97.01670369994827,48,4.496,-0.01920544,-0.7682176,86.34765824000002,3.4539063296,fixed
97.0418491999153,48,4.496,-0.01922366,-0.7689463999999999,86.42957536000002,3.4571830144,fixed
97.06496609991882,48,4.496,-0.01922002,-0.7688008000000001,86.41320992000001,3.4565283968000005,fixed
97.08878219989128,48,4.496,-0.01919998,-0.7679992,86.32311008,3.4529244032000004,fixed
97.11148759990465,48,4.496,-0.01924734,-0.7698936000000001,86.53604064000002,3.4614416256000005,fixed
97.13627219991758,48,4.496,-0.01924006,-0.7696024,86.50330976000001,3.4601323904000005,fixed
97.15889379987493,48,4.496,-0.01923095,-0.769238,86.46235120000001,3.4584940480000004,fixed
97.18251659988891,48,4.496,-0.0192437,-0.769748,86.51967520000001,3.4607870080000005,fixed
97.20663209992927,48,4.496,-0.01919633,-0.7678532,86.30669968000001,3.4522679872000004,fixed
97.23022179992404,48,4.496,-0.01919633,-0.7678532,86.30669968000001,3.4522679872000004,fixed
97.25299049995374,48,4.496,-0.01921637,-0.7686548000000001,86.39679952000002,3.455871980800001,fixed
97.27794699987862,48,4.496,-0.01918904,-0.7675616000000001,86.27392384000002,3.4509569536000004,fixed
97.30054669990204,48,4.496,-0.0192182,-0.768728,86.4050272,3.4562010880000003,fixed
97.3247754998738,48,4.496,-0.01922548,-0.7690192,86.43775808000001,3.4575103232,fixed
97.34796889987774,48,4.496,-0.01919633,-0.7678532,86.30669968000001,3.4522679872000004,fixed
97.37205939996056,48,4.496,-0.01922366,-0.7689463999999999,86.42957536000002,3.4571830144,fixed
97.39438619988505,48,4.496,-0.01921455,-0.768582,86.38861680000001,3.4555446720000003,fixed
97.41923509992193,48,4.496,-0.0191854,-0.7674159999999999,86.25755840000001,3.4503023359999996,fixed
97.44197809987236,48,4.496,-0.0192182,-0.768728,86.4050272,3.4562010880000003,fixed
97.46585449995473,48,4.495,-0.01919633,-0.7678532,86.28750335000001,3.451500134,fixed
97.48863899987191,48,4.496,-0.01917265,-0.7669060000000001,86.2002344,3.448009376000001,fixed
97.51269549992867,48,4.496,-0.01920726,-0.7682904,86.35584096000001,3.4542336384000003,fixed
97.53584149992093,48,4.496,-0.0191854,-0.7674159999999999,86.25755840000001,3.4503023359999996,fixed
97.55947439989541,48,4.496,-0.01920544,-0.7682176,86.34765824000002,3.4539063296,fixed
97.582890199963,48,4.495,-0.01924188,-0.7696751999999999,86.4922506,3.4596900239999995,fixed
97.60701559996232,48,4.496,-0.01921091,-0.7684364000000001,86.37225136,3.4548900544000007,fixed
97.62957689992618,48,4.496,-0.01921091,-0.7684364000000001,86.37225136,3.4548900544000007,fixed
97.65449129987974,48,4.496,-0.01922548,-0.7690192,86.43775808000001,3.4575103232,fixed
97.67793879995588,48,4.496,-0.01918358,-0.7673432,86.24937568,3.4499750272000003,fixed
97.70117179991212,48,4.496,-0.0192182,-0.768728,86.4050272,3.4562010880000003,fixed
97.72376139997505,48,4.496,-0.01923641,-0.7694563999999999,86.48689936000001,3.4594759744,fixed
97.74837829987518,48,4.496,-0.01920544,-0.7682176,86.34765824000002,3.4539063296,fixed
97.77160639991052,48,4.496,-0.0192437,-0.769748,86.51967520000001,3.4607870080000005,fixed
97.79514189995825,48,4.495,-0.01922912,-0.7691648,86.4348944,3.457395776,fixed
97.81805199990049,48,4.496,-0.01919816,-0.7679263999999999,86.31492736,3.4525970943999997,fixed
97.84183599986136,48,4.496,-0.01921273,-0.7685092,86.38043408000001,3.4552173632000005,fixed
97.86488589993678,48,4.496,-0.01919816,-0.7679263999999999,86.31492736,3.4525970943999997,fixed
97.88929189986084,48,4.496,-0.01917083,-0.7668332,86.19205168,3.4476820672,fixed
97.9129100999562,48,4.496,-0.0192273,-0.769092,86.44594080000002,3.4578376320000004,fixed
97.93607039994095,48,4.496,-0.01922002,-0.7688008000000001,86.41320992000001,3.4565283968000005,fixed
97.95864629989956,48,4.496,-0.01922002,-0.7688008000000001,86.41320992000001,3.4565283968000005,fixed
97.98408079997171,48,4.496,-0.01924188,-0.7696751999999999,86.51149248,3.4604596992,fixed
98.00672439986374,48,4.496,-0.01919269,-0.7677075999999999,86.29033424,3.4516133696,fixed
98.03019649989437,48,4.496,-0.01919998,-0.7679992,86.32311008,3.4529244032000004,fixed
98.05282399989665,48,4.496,-0.0192182,-0.768728,86.4050272,3.4562010880000003,fixed
98.07751209987327,48,4.495,-0.0191854,-0.7674159999999999,86.238373,3.4495349199999996,fixed
98.10088129993528,48,4.496,-0.01919998,-0.7679992,86.32311008,3.4529244032000004,fixed
98.1238969998667,48,4.496,-0.01922002,-0.7688008000000001,86.41320992000001,3.4565283968000005,fixed
98.14649759989697,48,4.496,-0.01920726,-0.7682904,86.35584096000001,3.4542336384000003,fixed
98.17050679994281,48,4.496,-0.0192273,-0.769092,86.44594080000002,3.4578376320000004,fixed
98.19378639990464,48,4.496,-0.01924552,-0.7698208,86.52785792,3.4611143168000003,fixed
98.21812549990136,48,4.496,-0.01919633,-0.7678532,86.30669968000001,3.4522679872000004,fixed
98.24064319988247,48,4.496,-0.01920544,-0.7682176,86.34765824000002,3.4539063296,fixed
98.26423549989704,48,4.496,-0.0192182,-0.768728,86.4050272,3.4562010880000003,fixed
98.28779839992058,48,4.496,-0.0192018,-0.7680720000000001,86.33129280000001,3.4532517120000006,fixed
98.31063819990959,48,4.496,-0.01924917,-0.7699668,86.54426832,3.4617707328000002,fixed
98.33362169994507,48,4.496,-0.01926556,-0.7706224,86.61795776000001,3.4647183104000003,fixed
98.35766999993939,48,4.496,-0.01922002,-0.7688008000000001,86.41320992000001,3.4565283968000005,fixed
98.38053919991944,48,4.496,-0.01922548,-0.7690192,86.43775808000001,3.4575103232,fixed
98.40516689990181,48,4.496,-0.0192182,-0.768728,86.4050272,3.4562010880000003,fixed
98.42728559987154,48,4.496,-0.01916354,-0.7665416,86.15927584,3.4463710336000006,fixed
98.4522879999131,48,4.496,-0.01919998,-0.7679992,86.32311008,3.4529244032000004,fixed
98.47552999993786,48,4.496,-0.01920544,-0.7682176,86.34765824000002,3.4539063296,fixed
98.49903609987814,48,4.496,-0.01920726,-0.7682904,86.35584096000001,3.4542336384000003,fixed
98.52147899987176,48,4.496,-0.01924734,-0.7698936000000001,86.53604064000002,3.4614416256000005,fixed
98.54519449989311,48,4.496,-0.01923277,-0.7693108,86.47053392000001,3.4588213568,fixed
98.56750539992936,48,4.496,-0.01919998,-0.7679992,86.32311008,3.4529244032000004,fixed
98.59244349994697,48,4.496,-0.01922913,-0.7691652000000001,86.45416848,3.4581667392000006,fixed
98.61562249995768,48,4.496,-0.01920726,-0.7682904,86.35584096000001,3.4542336384000003,fixed
98.63944269996136,48,4.496,-0.01919087,-0.7676348000000001,86.28215152,3.4512860608000007,fixed
98.66327249992173,48,4.496,-0.01922913,-0.7691652000000001,86.45416848,3.4581667392000006,fixed
98.68663769995328,48,4.496,-0.01920726,-0.7682904,86.35584096000001,3.4542336384000003,fixed
98.7096207998693,48,4.496,-0.01923277,-0.7693108,86.47053392000001,3.4588213568,fixed
98.73365329985972,49,4.496,-0.01926374,-0.7705496000000001,86.60977504000002,3.4643910016000006,fixed
98.75683589989785,49,4.496,-0.01922002,-0.7688008000000001,86.41320992000001,3.4565283968000005,fixed
98.77974939986598,49,4.496,-0.01921637,-0.7686548000000001,86.39679952000002,3.455871980800001,fixed
98.80285139987245,49,4.496,-0.01922913,-0.7691652000000001,86.45416848,3.4581667392000006,fixed
98.82677789987065,49,4.496,-0.01919087,-0.7676348000000001,86.28215152,3.4512860608000007,fixed
98.84974109986797,49,4.496,-0.01917629,-0.7670516,86.21659984,3.4486639936000003,fixed
98.87336729990784,49,4.496,-0.01920726,-0.7682904,86.35584096000001,3.4542336384000003,fixed
98.89645569992717,49,4.496,-0.01917994,-0.7671975999999999,86.23301024,3.4493204096,fixed
98.92010829993524,49,4.496,-0.01920544,-0.7682176,86.34765824000002,3.4539063296,fixed
98.9425365999341,49,4.496,-0.01924734,-0.7698936000000001,86.53604064000002,3.4614416256000005,fixed
98.96628289995715,49,4.496,-0.01923641,-0.7694563999999999,86.48689936000001,3.4594759744,fixed
98.98890019988175,49,4.496,-0.01922366,-0.7689463999999999,86.42957536000002,3.4571830144,fixed
99.01367499993648,49,4.496,-0.01924006,-0.7696024,86.50330976000001,3.4601323904000005,fixed
99.03685249993578,49,4.496,-0.01921637,-0.7686548000000001,86.39679952000002,3.455871980800001,fixed
99.06042439991143,49,4.496,-0.01923459,-0.7693836000000001,86.47871664,3.459148665600001,fixed
99.08380499994382,49,4.496,-0.01927103,-0.7708412000000001,86.64255088000002,3.465702035200001,fixed
99.10765999986324,49,4.496,-0.01924006,-0.7696024,86.50330976000001,3.4601323904000005,fixed
99.13067249988671,49,4.495,-0.01924734,-0.7698936000000001,86.5167933,3.4606717320000002,fixed
99.1541040999582,49,4.496,-0.01924917,-0.7699668,86.54426832,3.4617707328000002,fixed
99.17675579991192,49,4.496,-0.01920909,-0.7683636000000001,86.36406864000001,3.454562745600001,fixed
99.2029637999367,49,4.496,-0.01919998,-0.7679992,86.32311008,3.4529244032000004,fixed
99.23244249995332,49,4.495,-0.01919997,-0.7679988,86.30386515000001,3.452154606,fixed
99.25467199995182,49,4.495,-0.01922548,-0.7690192,86.4185326,3.4567413040000003,fixed
99.2779141998617,49,4.495,-0.01921273,-0.7685092,86.36122135000001,3.4544488540000002,fixed
99.29941449989565,49,4.496,-0.01923459,-0.7693836000000001,86.47871664,3.459148665600001,fixed
99.32400099991355,49,4.496,-0.01924734,-0.7698936000000001,86.53604064000002,3.4614416256000005,fixed
99.34660069993697,49,4.496,-0.01920544,-0.7682176,86.34765824000002,3.4539063296,fixed
99.37260299990885,49,4.496,-0.01921273,-0.7685092,86.38043408000001,3.4552173632000005,fixed
99.39574739988893,49,4.496,-0.0192182,-0.768728,86.4050272,3.4562010880000003,fixed
99.4192423998611,49,4.496,-0.01918904,-0.7675616000000001,86.27392384000002,3.4509569536000004,fixed
99.44394109991845,49,4.496,-0.01921637,-0.7686548000000001,86.39679952000002,3.455871980800001,fixed
99.46633679990191,49,4.495,-0.01917265,-0.7669060000000001,86.18106175,3.4472424700000004,fixed
99.48968459991738,49,4.496,-0.01917447,-0.7669788,86.20841712000001,3.4483366848,fixed
99.51348489988595,49,4.496,-0.01922366,-0.7689463999999999,86.42957536000002,3.4571830144,fixed
99.53646629990544,49,4.496,-0.01920909,-0.7683636000000001,86.36406864000001,3.454562745600001,fixed
99.55947939993348,49,4.496,-0.01922184,-0.7688736,86.42139264000001,3.4568557056000007,fixed
99.58283859991934,49,4.496,-0.01925099,-0.7700395999999999,86.55245104000001,3.4620980416,fixed
99.60619359987322,49,4.496,-0.01922184,-0.7688736,86.42139264000001,3.4568557056000007,fixed
99.62960859993473,49,4.496,-0.01919998,-0.7679992,86.32311008,3.4529244032000004,fixed
99.6534303999506,49,4.496,-0.0192182,-0.768728,86.4050272,3.4562010880000003,fixed
99.67674279992934,49,4.496,-0.01918722,-0.7674888,86.26574112000002,3.4506296448000002,fixed
99.69950109987985,49,4.496,-0.0191854,-0.7674159999999999,86.25755840000001,3.4503023359999996,fixed
99.7226753999712,49,4.496,-0.01923824,-0.7695296,86.49512704000001,3.4598050816000003,fixed
99.74751679995097,49,4.496,-0.01924552,-0.7698208,86.52785792,3.4611143168000003,fixed
99.7705267999554,49,4.496,-0.01924734,-0.7698936000000001,86.53604064000002,3.4614416256000005,fixed
99.79425369994715,49,4.495,-0.0192601,-0.7704039999999999,86.5741495,3.4629659799999994,fixed
99.81760059995577,49,4.496,-0.01920726,-0.7682904,86.35584096000001,3.4542336384000003,fixed
99.84086229989771,49,4.496,-0.0192182,-0.768728,86.4050272,3.4562010880000003,fixed
99.86458509985823,49,4.496,-0.01923459,-0.7693836000000001,86.47871664,3.459148665600001,fixed
99.88733409997076,49,4.496,-0.01919087,-0.7676348000000001,86.28215152,3.4512860608000007,fixed
99.91079519991763,49,4.496,-0.01921091,-0.7684364000000001,86.37225136,3.4548900544000007,fixed
99.9345928998664,49,4.496,-0.0192437,-0.769748,86.51967520000001,3.4607870080000005,fixed
99.95746879989747,49,4.496,-0.01921273,-0.7685092,86.38043408000001,3.4552173632000005,fixed
99.98164659994654,49,4.496,-0.01923641,-0.7694563999999999,86.48689936000001,3.4594759744,fixed
100.00458809989505,49,4.496,-0.01924552,-0.7698208,86.52785792,3.4611143168000003,fixed
100.02862369990908,49,4.496,-0.01919998,-0.7679992,86.32311008,3.4529244032000004,fixed
100.0518261998659,49,4.496,-0.01922548,-0.7690192,86.43775808000001,3.4575103232,fixed
100.0763689999003,49,4.496,-0.01924188,-0.7696751999999999,86.51149248,3.4604596992,fixed
100.09978569985833,49,4.496,-0.0192182,-0.768728,86.4050272,3.4562010880000003,fixed
100.12367589992937,49,4.496,-0.01924552,-0.7698208,86.52785792,3.4611143168000003,fixed
100.14603019994684,49,4.495,-0.01920726,-0.7682904,86.3366337,3.4534653480000004,fixed
100.16929539991543,49,4.496,-0.01919269,-0.7677075999999999,86.29033424,3.4516133696,fixed
100.19180609995965,49,4.496,-0.0192273,-0.769092,86.44594080000002,3.4578376320000004,fixed
100.21567829989363,49,4.496,-0.01923277,-0.7693108,86.47053392000001,3.4588213568,fixed
100.23767039994709,49,4.496,-0.01919269,-0.7677075999999999,86.29033424,3.4516133696,fixed
100.26338199991733,49,4.496,-0.01921637,-0.7686548000000001,86.39679952000002,3.455871980800001,fixed
100.2870130998781,49,4.496,-0.01920726,-0.7682904,86.35584096000001,3.4542336384000003,fixed
100.31324249994941,49,4.496,-0.01921091,-0.7684364000000001,86.37225136,3.4548900544000007,fixed
100.33671109995339,49,4.496,-0.01922002,-0.7688008000000001,86.41320992000001,3.4565283968000005,fixed
100.36031679995358,49,4.496,-0.01922184,-0.7688736,86.42139264000001,3.4568557056000007,fixed
100.3838623999618,49,4.496,-0.01925281,-0.7701124,86.56063376,3.4624253504000007,fixed
100.40874119987711,49,4.496,-0.01922002,-0.7688008000000001,86.41320992000001,3.4565283968000005,fixed
100.43185309995897,49,4.496,-0.01922913,-0.7691652000000001,86.45416848,3.4581667392000006,fixed
100.45575989992358,49,4.495,-0.01923641,-0.7694563999999999,86.46766294999999,3.4587065179999996,fixed
100.47921729995869,49,4.496,-0.01919998,-0.7679992,86.32311008,3.4529244032000004,fixed
100.50304529990535,49,4.496,-0.01924006,-0.7696024,86.50330976000001,3.4601323904000005,fixed
100.52586359996349,49,4.496,-0.01922366,-0.7689463999999999,86.42957536000002,3.4571830144,fixed
100.54968289996032,49,4.496,-0.01918358,-0.7673432,86.24937568,3.4499750272000003,fixed
100.57223649986554,49,4.496,-0.01923095,-0.769238,86.46235120000001,3.4584940480000004,fixed
100.59733089990914,49,4.495,-0.01924006,-0.7696024,86.48406969999999,3.459362788,fixed
100.62041879992466,49,4.496,-0.01924917,-0.7699668,86.54426832,3.4617707328000002,fixed
100.64377509988844,49,4.496,-0.01926738,-0.7706952,86.62614048000002,3.4650456192000005,fixed
100.66681829991285,49,4.496,-0.01922366,-0.7689463999999999,86.42957536000002,3.4571830144,fixed
100.69103719992563,49,4.496,-0.01920726,-0.7682904,86.35584096000001,3.4542336384000003,fixed
100.71359549986664,49,4.496,-0.01923095,-0.769238,86.46235120000001,3.4584940480000004,fixed
