time(s),cycle,voltage(V),current(A),j_current(mA/cm²),power(mW),power_density(mW/cm²),method
0.020974299986846745,0,0.323,-0.002135857,-13.34910625,0.689881811,4.31176131875,fixed
0.042037000006530434,0,0.502,-0.00252819,-15.8011875,1.26915138,7.932196125,fixed
0.06320790000609122,0,0.503,-0.002592696,-16.204349999999998,1.3041260879999999,8.15078805,fixed
0.08397979999426752,0,0.503,-0.002479034,-15.493962500000002,1.2469541020000001,7.793463137500001,fixed
0.10982369998237118,0,0.503,-0.00255575,-15.973437499999998,1.2855422499999998,8.034639062499998,fixed
0.13096089998725802,0,0.503,-0.002573598,-16.0849875,1.294519794,8.0907487125,fixed
0.1560274999937974,0,0.503,-0.002568901,-16.05563125,1.292157203,8.075982518750001,fixed
0.1770424999995157,0,0.503,-0.002574224,-16.0889,1.2948346720000001,8.092716699999999,fixed
0.20197950000874698,0,0.503,-0.002461186,-15.382412500000001,1.2379765580000002,7.7373534875,fixed
0.22292040000320412,0,0.503,-0.002360986,-14.7561625,1.1875759579999998,7.4223497375,fixed
0.2439264999993611,0,0.503,-0.002407015,-15.043843750000002,1.210728545,7.567053406250001,fixed
0.26486510000540875,0,0.503,-0.002442083,-15.263018749999999,1.228367749,7.67729843125,fixed
0.28594020000309683,0,0.503,-0.002451792,-15.323699999999999,1.233251376,7.707821099999999,fixed
0.31049109998275526,0,0.503,-0.002702919,-16.893243749999996,1.3595682569999998,8.497301606249998,fixed
0.3319332000100985,0,0.503,-0.002916472,-18.227949999999996,1.466985416,9.168658849999998,fixed
0.3529262999945786,0,0.503,-0.002908956,-18.180975,1.4632048679999998,9.145030425,fixed
0.37409739999566227,0,0.503,-0.002904573,-18.15358125,1.461000219,9.13125136875,fixed
0.39497269998537377,0,0.503,-0.002906138,-18.163362499999998,1.461787414,9.136171337499999,fixed
0.4159639999852516,0,0.503,-0.00289956,-18.122249999999998,1.4584786799999998,9.115491749999999,fixed
0.4369203000096604,0,0.503,-0.002907391,-18.17119375,1.462417673,9.14011045625,fixed
0.4580835000087973,0,0.503,-0.002907078,-18.169237499999998,1.4622602340000002,9.139126462499998,fixed
0.4835425000055693,0,0.503,-0.002907078,-18.169237499999998,1.4622602340000002,9.139126462499998,fixed
0.5049260999949183,0,0.503,-0.002907391,-18.17119375,1.462417673,9.14011045625,fixed
0.5259431999875233,0,0.503,-0.002910209,-18.18880625,1.463835127,9.148969543749999,fixed
0.5469449000083841,0,0.503,-0.002916158,-18.2259875,1.466827474,9.167671712499999,fixed
0.5679764999949839,0,0.503,-0.002919916,-18.249474999999997,1.4687177479999998,9.179485924999998,fixed
0.5939294999989215,0,0.503,-0.0029243,-18.276875,1.4709229,9.193268125,fixed
0.6149558000033721,0,0.503,-0.002915845,-18.22403125,1.466670035,9.16668771875,fixed
0.6411493000050541,0,0.503,-0.002922734,-18.267087500000002,1.470135202,9.188345012500001,fixed
0.6619392999855336,0,0.503,-0.002933067,-18.331668750000002,1.475332701,9.22082938125,fixed
0.6829632000008132,0,0.503,-0.002951542,-18.4471375,1.4846256260000001,9.2789101625,fixed
0.7039268999942578,0,0.503,-0.002957175,-18.48234375,1.487459025,9.29661890625,fixed
0.7249647999997251,0,0.503,-0.002963125,-18.51953125,1.490451875,9.31532421875,fixed
0.7496430999890435,0,0.503,-0.002965946,-18.5371625,1.491870838,9.3241927375,fixed
0.770928299985826,0,0.503,-0.002964067,-18.52541875,1.4909257009999999,9.31828563125,fixed
0.7919630999967922,0,0.503,-0.002960309,-18.50193125,1.489035427,9.306471418749998,fixed
0.813750200002687,0,0.503,-0.002957178,-18.482362499999997,1.487460534,9.296628337499998,fixed
0.8349680000101216,0,0.503,-0.002952481,-18.453006249999998,1.485097943,9.281862143749999,fixed
0.8559586000046693,0,0.503,-0.002953418,-18.4588625,1.485569254,9.284807837499999,fixed
0.8772224999847822,0,0.503,-0.002970953,-18.56845625,1.4943893590000001,9.339933493750001,fixed
0.8979437999951188,0,0.503,-0.002975026,-18.593912500000002,1.496438078,9.352737987500001,fixed
0.9189355999988038,0,0.503,-0.002978781,-18.617381249999998,1.4983268429999999,9.364542768749999,fixed
0.9399070999934338,0,0.503,-0.002979097,-18.61935625,1.498485791,9.36553619375,fixed
0.9609695000108331,0,0.503,-0.002974087,-18.58804375,1.495965761,9.34978600625,fixed
0.985691100009717,0,0.503,-0.002969703,-18.56064375,1.4937606090000002,9.33600380625,fixed
1.0069302000047173,0,0.503,-0.002960309,-18.50193125,1.489035427,9.306471418749998,fixed
1.0322596000041813,0,0.503,-0.00296438,-18.527375,1.49108314,9.319269625,fixed
1.0538929000031203,0,0.503,-0.002961562,-18.5097625,1.4896656860000002,9.310410537500001,fixed
1.0788882999913767,0,0.503,-0.002970329,-18.56455625,1.494075487,9.33797179375,fixed
1.0999679999949876,0,0.503,-0.002973147,-18.58216875,1.4954929410000002,9.34683088125,fixed
1.1209918000095058,0,0.503,-0.00298348,-18.64675,1.50069044,9.379315250000001,fixed
1.1422948999970686,0,0.503,-0.002980349,-18.627181250000003,1.4991155470000002,9.369472168750002,fixed
1.1639493999828119,0,0.503,-0.003095893,-19.349331250000002,1.5572341790000002,9.732713618750001,fixed
1.19047679999494,0,0.503,-0.003096206,-19.351287499999998,1.5573916179999998,9.733697612499999,fixed
1.21203520000563,0,0.503,-0.003103408,-19.396300000000004,1.561014224,9.756338900000001,fixed
1.2369707000034396,0,0.503,-0.003100903,-19.380643749999997,1.559754209,9.74846380625,fixed
1.2579398000088986,0,0.503,-0.003105597,-19.409981249999998,1.562115291,9.763220568749999,fixed
1.2838529000000563,0,0.503,-0.003109042,-19.431512499999997,1.563848126,9.774050787499998,fixed
1.3050239000003785,0,0.503,-0.003111236,-19.445225,1.564951708,9.780948175,fixed
1.3302367999858689,0,0.503,-0.003115933,-19.47458125,1.5673142990000002,9.79571436875,fixed
1.351041299989447,0,0.503,-0.00311061,-19.441312500000002,1.56463683,9.778980187500002,fixed
1.3719475999823771,0,0.503,-0.003105287,-19.40804375,1.561959361,9.76224600625,fixed
1.3928858999861404,0,0.503,-0.003104971,-19.406068750000003,1.5618004130000003,9.761252581250002,fixed
1.4138908000022639,0,0.503,-0.003108105,-19.42565625,1.563376815,9.77110509375,fixed
1.438947399990866,0,0.503,-0.003108731,-19.42956875,1.563691693,9.77307308125,fixed
1.459972699987702,0,0.503,-0.00311593,-19.474562499999998,1.56731279,9.795704937499998,fixed
1.48607539999648,0,0.503,-0.003115933,-19.47458125,1.5673142990000002,9.79571436875,fixed
1.5070333000039682,0,0.503,-0.003111549,-19.44718125,1.5651091469999998,9.78193216875,fixed
1.532702500000596,0,0.503,-0.003110923,-19.443268749999998,1.564794269,9.77996418125,fixed
1.5539572999987286,0,0.503,-0.003103092,-19.394325000000002,1.560855276,9.755345475,fixed
1.5786630999937188,0,0.503,-0.003099961,-19.37475625,1.5592803830000002,9.74550239375,fixed
1.5999218999932054,0,0.503,-0.003106539,-19.41586875,1.5625891170000001,9.76618198125,fixed
1.6209725000080653,0,0.503,-0.003112486,-19.453037499999997,1.565580458,9.784877862499998,fixed
1.6421154999989085,0,0.503,-0.003114678,-19.4667375,1.566683034,9.7917689625,fixed
1.663022099994123,0,0.503,-0.003112176,-19.4511,1.565424528,9.7839033,fixed
1.6878382999857422,0,0.503,-0.003106852,-19.417825,1.562746556,9.767165975000001,fixed
1.7089825999864843,0,0.503,-0.003108728,-19.42955,1.563690184,9.77306365,fixed
1.7357087999989744,0,0.503,-0.003107165,-19.419781249999996,1.5629039949999999,9.768149968749999,fixed
1.756969299982302,0,0.503,-0.003099337,-19.370856250000003,1.5589665110000002,9.74354069375,fixed
1.7825524999934714,0,0.503,-0.003103408,-19.396300000000004,1.561014224,9.756338900000001,fixed
1.8039475999830756,0,0.503,-0.003108105,-19.42565625,1.563376815,9.77110509375,fixed
1.8290762999968138,0,0.503,-0.003105597,-19.409981249999998,1.562115291,9.763220568749999,fixed
1.8499775000091176,0,0.503,-0.003110923,-19.443268749999998,1.564794269,9.77996418125,fixed
1.870988100010436,0,0.503,-0.003114052,-19.462825,1.566368156,9.789800974999999,fixed
1.891961099987384,0,0.503,-0.003113112,-19.45695,1.565895336,9.786845849999999,fixed
1.9137169999885373,0,0.503,-0.003110923,-19.443268749999998,1.564794269,9.77996418125,fixed
1.9401939999952447,0,0.503,-0.003110607,-19.44129375,1.564635321,9.77897075625,fixed
1.9633447999949567,0,0.503,-0.003108105,-19.42565625,1.563376815,9.77110509375,fixed
1.986472299991874,0,0.503,-0.003108418,-19.4276125,1.563534254,9.7720890875,fixed
2.0090387999953236,0,0.503,-0.003112176,-19.4511,1.565424528,9.7839033,fixed
2.0339621000166517,1,0.602,-0.002971138,-18.569612499999998,1.788625076,11.178906725,fixed
2.056011700013187,1,0.605,-0.002963949,-18.52468125,1.793189145,11.20743215625,fixed
2.0810197000100743,1,0.604,-0.002733172,-17.082324999999997,1.650835888,10.317724299999998,fixed
2.1021713000081945,1,0.605,-0.002678691,-16.74181875,1.620608055,10.12880034375,fixed
2.1283146000059787,1,0.604,-0.002728162,-17.051012500000002,1.6478098479999999,10.298811550000002,fixed
2.150421600032132,1,0.605,-0.003064149,-19.15093125,1.853810145,11.58631340625,fixed
2.17644380001002,1,0.605,-0.003063836,-19.148974999999997,1.85362078,11.585129874999998,fixed
2.1985912000236567,1,0.605,-0.003061018,-19.131362499999998,1.85191589,11.574474312499998,fixed
2.223030400025891,1,0.605,-0.003064462,-19.1528875,1.85399951,11.5874969375,fixed
2.244467300013639,1,0.605,-0.003060705,-19.12940625,1.851726525,11.573290781249998,fixed
2.2710038000077475,1,0.604,-0.003063834,-19.1489625,1.850555736,11.56597335,fixed
2.2932791000057478,1,0.605,-0.003069785,-19.18615625,1.8572199249999999,11.60762453125,fixed
2.3174985000223387,1,0.605,-0.003066654,-19.1665875,1.8553256699999998,11.595785437499998,fixed
2.3402292000246234,1,0.605,-0.003069472,-19.1842,1.85703056,11.606441,fixed
2.3686026000068523,1,0.604,-0.003070722,-19.1920125,1.854716088,11.59197555,fixed
2.390282800013665,1,0.605,-0.003070412,-19.190074999999997,1.8575992599999998,11.609995374999997,fixed
2.411958600016078,1,0.605,-0.00306728,-19.170499999999997,1.8557043999999998,11.598152499999998,fixed
2.433696800027974,1,0.605,-0.003064149,-19.15093125,1.853810145,11.58631340625,fixed
2.4592070000071544,1,0.604,-0.00306446,-19.152875,1.85093384,11.568336500000001,fixed
2.482314100023359,1,0.605,-0.003071664,-19.1979,1.85835672,11.6147295,fixed
2.5062969000136945,1,0.605,-0.003071977,-19.19985625,1.8585460850000002,11.615913031249999,fixed
2.529112200019881,1,0.604,-0.003073854,-19.2115875,1.856607816,11.60379885,fixed
2.553975500020897,1,0.604,-0.003075419,-19.221368749999996,1.8575530759999999,11.609706724999997,fixed
2.576040300016757,1,0.604,-0.003070096,-19.1881,1.8543379839999998,11.589612399999998,fixed
2.600579700025264,1,0.604,-0.003066339,-19.16461875,1.852068756,11.575429725,fixed
2.623210400022799,1,0.605,-0.003067594,-19.172462499999998,1.85589437,11.599339812499998,fixed
2.6485672000271734,1,0.605,-0.003066654,-19.1665875,1.8553256699999998,11.595785437499998,fixed
2.6718967000197154,1,0.605,-0.003074169,-19.21355625,1.859872245,11.62420153125,fixed
2.6931021000200417,1,0.604,-0.003072288,-19.2018,1.855661952,11.597887199999999,fixed
2.7146838000044227,1,0.604,-0.003070722,-19.1920125,1.854716088,11.59197555,fixed
2.7401307000254747,1,0.604,-0.003068217,-19.176356249999998,1.8532030679999998,11.582519174999998,fixed
2.762064000009559,1,0.604,-0.003069157,-19.182231249999997,1.853770828,11.586067674999999,fixed
2.7895307000144385,1,0.605,-0.003011857,-18.82410625,1.822173485,11.388584281249999,fixed
2.8120237000111956,1,0.605,-0.002949545,-18.43465625,1.784474725,11.15296703125,fixed
2.836868800019147,1,0.604,-0.002955805,-18.473781250000002,1.78530622,11.158163875000001,fixed
2.8601542000251357,1,0.604,-0.002955492,-18.471825,1.7851171680000002,11.1569823,fixed
2.8846422000206076,1,0.605,-0.002959252,-18.495324999999998,1.79034746,11.189671624999999,fixed
2.9077910000050906,1,0.605,-0.002953929,-18.46205625,1.7871270449999999,11.16954403125,fixed
2.9316247000242583,1,0.604,-0.0029533,-18.458125,1.7837931999999999,11.148707499999999,fixed
2.954470400029095,1,0.604,-0.002954553,-18.465956249999998,1.784550012,11.153437574999998,fixed
2.9799568000307772,1,0.604,-0.002949543,-18.434643750000003,1.7815239720000002,11.134524825000002,fixed
3.001597500027856,1,0.604,-0.00295831,-18.4894375,1.78681924,11.16762025,fixed
3.025353200006066,1,0.604,-0.002963946,-18.524662499999998,1.790223384,11.188896149999998,fixed
3.0477124000317417,1,0.604,-0.002956745,-18.47965625,1.78587398,11.161712375,fixed
3.0723148000251967,1,0.604,-0.002969583,-18.55989375,1.7936281319999998,11.210175825,fixed
3.0949417000229005,1,0.604,-0.002966765,-18.54228125,1.79192606,11.199537874999999,fixed
3.119522600027267,1,0.604,-0.002962381,-18.514881250000002,1.789278124,11.182988275000001,fixed
3.142246300005354,1,0.604,-0.002969896,-18.56185,1.793817184,11.211357399999999,fixed
3.1666410000179894,1,0.604,-0.002970522,-18.5657625,1.794195288,11.213720550000001,fixed
3.1891413000121247,1,0.604,-0.002970835,-18.567718749999997,1.7943843399999997,11.214902124999998,fixed
3.21295860002283,1,0.604,-0.002972401,-18.57750625,1.7953302039999999,11.220813775,fixed
3.2351819000323303,1,0.604,-0.002968017,-18.55010625,1.7926822679999999,11.204264174999999,fixed
3.2609972000063863,1,0.604,-0.002968643,-18.55401875,1.793060372,11.206627325,fixed
3.2831740000110585,1,0.605,-0.002973343,-18.58339375,1.7988725149999998,11.24295321875,fixed
3.3089691000059247,1,0.605,-0.002971151,-18.56969375,1.797546355,11.234664718749999,fixed
3.3313993000192568,1,0.605,-0.002973656,-18.585350000000002,1.79906188,11.244136750000001,fixed
3.354752200015355,1,0.605,-0.002973656,-18.585350000000002,1.79906188,11.244136750000001,fixed
3.3774394000065513,1,0.605,-0.002968646,-18.5540375,1.79603083,11.2251926875,fixed
3.4001433000084944,1,0.605,-0.002972403,-18.577518750000003,1.798303815,11.239398843750001,fixed
3.423233000008622,1,0.604,-0.002973027,-18.58141875,1.7957083079999998,11.223176925,fixed
3.4465467000263743,1,0.605,-0.002973656,-18.585350000000002,1.79906188,11.244136750000001,fixed
3.4690921000146773,1,0.605,-0.002978353,-18.614706249999998,1.801903565,11.261897281249999,fixed
3.4931161000276916,1,0.605,-0.002984302,-18.6518875,1.8055027099999998,11.2843919375,fixed
3.5161124000151176,1,0.605,-0.002979292,-18.620575,1.8024716600000001,11.265447875,fixed
3.539679300010903,1,0.605,-0.0029771,-18.606875,1.8011454999999998,11.257159374999999,fixed
3.562132000020938,1,0.604,-0.002975219,-18.59511875,1.797032276,11.231451725,fixed
3.5850250000075903,1,0.604,-0.002970522,-18.5657625,1.794195288,11.213720550000001,fixed
3.6088440000312403,1,0.604,-0.002968643,-18.55401875,1.793060372,11.206627325,fixed
3.6320048000197858,1,0.605,-0.002971151,-18.56969375,1.797546355,11.234664718749999,fixed
3.653348400024697,1,0.604,-0.002980229,-18.62643125,1.800058316,11.250364475,fixed
3.6755896000249777,1,0.604,-0.002971774,-18.5735875,1.794951496,11.21844685,fixed
3.6972173000103794,1,0.605,-0.002973656,-18.585350000000002,1.79906188,11.244136750000001,fixed
3.722613400022965,1,0.605,-0.002978353,-18.614706249999998,1.801903565,11.261897281249999,fixed
3.7443619000259787,1,0.604,-0.002971462,-18.571637499999998,1.7947630479999999,11.217269049999999,fixed
3.7702695000043605,1,0.605,-0.002969272,-18.557949999999998,1.7964095599999998,11.22755975,fixed
3.7931274000147823,1,0.605,-0.002974908,-18.593175,1.79981934,11.248870875,fixed
3.818230600008974,1,0.605,-0.002976161,-18.60100625,1.800577405,11.25360878125,fixed
3.8411081000231206,1,0.605,-0.002983676,-18.647975,1.80512398,11.282024875,fixed
3.865137200016761,1,0.605,-0.002982423,-18.64014375,1.804365915,11.27728696875,fixed
3.8883447000116576,1,0.605,-0.002976787,-18.60491875,1.8009561349999998,11.255975843749999,fixed
3.911472900013905,1,0.605,-0.002982423,-18.64014375,1.804365915,11.27728696875,fixed
3.934240700007649,1,0.604,-0.002974906,-18.5931625,1.7968432239999999,11.230270149999999,fixed
3.959431500028586,1,0.604,-0.002971148,-18.569675,1.7945733919999998,11.2160837,fixed
3.9825114000122994,1,0.604,-0.002977098,-18.606862500000002,1.798167192,11.238544950000001,fixed
4.004112300026463,1,0.604,-0.002982421,-18.64013125,1.8013822839999998,11.258639275,fixed
4.02682990001631,1,0.604,-0.002984926,-18.655787500000002,1.802895304,11.268095650000001,fixed
4.050462199986214,2,0.703,-0.002828543,-17.67839375,1.988465729,12.42791080625,fixed
4.088508799992269,2,0.704,-0.002826356,-17.664725,1.989754624,12.4359664,fixed
4.112107399996603,2,0.704,-0.002832308,-17.701925,1.9939448319999997,12.462155199999998,fixed
4.133942799991928,2,0.704,-0.002827922,-17.6745125,1.990857088,12.442856799999998,fixed
4.159323300002143,2,0.704,-0.002832308,-17.701925,1.9939448319999997,12.462155199999998,fixed
4.180854999984149,2,0.704,-0.00277845,-17.365312499999998,1.9560287999999997,12.225179999999998,fixed
4.205978299985873,2,0.704,-0.002811639,-17.57274375,1.979393856,12.3712116,fixed
4.226875699998345,2,0.704,-0.002829177,-17.68235625,1.9917406079999997,12.4483788,fixed
4.252755499997875,2,0.704,-0.00284953,-17.8095625,2.00606912,12.537931999999998,fixed
4.273894599988125,2,0.704,-0.002841075,-17.75671875,2.0001168,12.50073,fixed
4.298471999994945,2,0.704,-0.002844833,-17.780206250000003,2.002762432,12.5172652,fixed
4.319826099992497,2,0.704,-0.002854227,-17.838918749999998,2.0093758079999997,12.558598799999997,fixed
4.3408741999883205,2,0.704,-0.002851722,-17.8232625,2.007612288,12.547576799999998,fixed
4.361804199987091,2,0.704,-0.002852035,-17.82521875,2.0078326399999997,12.548954,fixed
4.3828440999786835,2,0.704,-0.00284953,-17.8095625,2.00606912,12.537931999999998,fixed
4.408110199990915,2,0.704,-0.002847025,-17.79390625,2.0043056,12.526909999999999,fixed
4.429806200001622,2,0.704,-0.002629089,-16.43180625,1.850878656,11.567991600000001,fixed
4.454927399987355,2,0.704,-0.002634412,-16.465075000000002,1.8546260479999999,11.5914128,fixed
4.475856199976988,2,0.704,-0.002644119,-16.52574375,1.861459776,11.634123599999999,fixed
4.500644999992801,2,0.704,-0.0026485,-16.553124999999998,1.8645439999999998,11.653399999999998,fixed
4.521889900002861,2,0.704,-0.002654765,-16.59228125,1.86895456,11.680965999999998,fixed
4.546954999997979,2,0.704,-0.00265727,-16.6079375,1.87071808,11.691987999999998,fixed
4.567837199982023,2,0.704,-0.002650695,-16.566843749999997,1.8660892799999997,11.663057999999998,fixed
4.5888914999959525,2,0.704,-0.002651947,-16.574668749999997,1.8669706879999999,11.668566799999997,fixed
4.610810999991372,2,0.704,-0.002660402,-16.627512499999998,1.8729230080000001,11.705768799999998,fixed
4.631945200002519,2,0.704,-0.002673553,-16.70970625,1.8821813119999997,11.7636332,fixed
4.652799199975561,2,0.704,-0.002674805,-16.71753125,1.8830627199999999,11.769142,fixed
4.675221399986185,2,0.704,-0.002668543,-16.678393749999998,1.8786542719999997,11.741589199999998,fixed
4.6968626999878325,2,0.704,-0.002664472,-16.65295,1.875788288,11.7236768,fixed
4.717851599998539,2,0.704,-0.002663533,-16.64708125,1.875127232,11.719545199999999,fixed
4.738883999991231,2,0.704,-0.002659775,-16.62359375,1.8724816,11.70301,fixed
4.75981019999017,2,0.704,-0.002661654,-16.6353375,1.8738044159999998,11.711277599999999,fixed
4.785708299983526,2,0.704,-0.002654765,-16.59228125,1.86895456,11.680965999999998,fixed
4.806950300000608,2,0.704,-0.002677624,-16.735149999999997,1.8850472959999998,11.781545599999998,fixed
4.827811600000132,2,0.704,-0.002682007,-16.76254375,1.888132928,11.800830799999998,fixed
4.848792899982072,2,0.704,-0.002685449,-16.78405625,1.8905560959999999,11.815975599999998,fixed
4.869838499987964,2,0.704,-0.00268827,-16.8016875,1.8925420799999997,11.828387999999999,fixed
4.8908608999918215,2,0.704,-0.00269829,-16.8643125,1.8995961599999998,11.872475999999999,fixed
4.911782799987122,2,0.704,-0.002682947,-16.768418750000002,1.8887946880000002,11.8049668,fixed
4.932806299999356,2,0.704,-0.002696722,-16.8545125,1.898492288,11.865576799999998,fixed
4.959101399988867,2,0.704,-0.002699542,-16.8721375,1.900477568,11.8779848,fixed
4.980761099985102,2,0.704,-0.002698603,-16.86626875,1.899816512,11.8738532,fixed
5.006107299996074,2,0.704,-0.002691714,-16.8232125,1.8949666559999998,11.8435416,fixed
5.027805799996713,2,0.704,-0.002690462,-16.815387499999996,1.8940852479999997,11.838032799999997,fixed
5.053457499976503,2,0.704,-0.002691088,-16.8193,1.894525952,11.840787199999998,fixed
5.074794999993173,2,0.704,-0.002692654,-16.8290875,1.8956284159999999,11.847677599999999,fixed
5.0998178999871016,2,0.704,-0.00268827,-16.8016875,1.8925420799999997,11.828387999999999,fixed
5.120852799998829,2,0.704,-0.002686389,-16.789931250000002,1.8912178559999997,11.8201116,fixed
5.141812199988635,2,0.704,-0.002693904,-16.8369,1.8965084159999999,11.853177599999999,fixed
5.163254099985352,2,0.704,-0.002695159,-16.84474375,1.8973919359999998,11.8586996,fixed
5.199926100001903,2,0.704,-0.002699227,-16.870168749999998,1.9002558079999998,11.876598799999998,fixed
5.225591599999461,2,0.704,-0.00270956,-16.93475,1.90753024,11.922064,fixed
5.246888900001068,2,0.704,-0.002696722,-16.8545125,1.898492288,11.865576799999998,fixed
5.26783479997539,2,0.704,-0.002700479,-16.87799375,1.9011372159999997,11.882107600000001,fixed
5.2903140999842435,2,0.704,-0.002697664,-16.8604,1.8991554559999997,11.869721599999998,fixed
5.311863599985372,2,0.704,-0.002698916,-16.868225,1.9000368639999998,11.875230399999998,fixed
5.336813100002473,2,0.704,-0.002695472,-16.8467,1.897612288,11.860076799999998,fixed
5.3577863999817055,2,0.704,-0.002693593,-16.83495625,1.896289472,11.8518092,fixed
5.378747299982933,2,0.704,-0.002693906,-16.836912499999997,1.8965098239999998,11.853186399999997,fixed
5.3998629999987315,2,0.704,-0.002694219,-16.83886875,1.896730176,11.854563599999999,fixed
5.420699099980993,2,0.704,-0.00269954,-16.872124999999997,1.9004761599999997,11.877975999999997,fixed
5.441788299998734,2,0.704,-0.00272835,-17.0521875,1.9207584,12.004739999999998,fixed
5.46268179998151,2,0.704,-0.002725532,-17.034575,1.918774528,11.9923408,fixed
5.483731899992563,2,0.704,-0.002702674,-16.8917125,1.902682496,11.8917656,fixed
5.509142199996859,2,0.704,-0.00269234,-16.827125000000002,1.8954073599999999,11.846296,fixed
5.531119399995077,2,0.704,-0.00269234,-16.827125000000002,1.8954073599999999,11.846296,fixed
5.5565847999823745,2,0.704,-0.002708936,-16.93085,1.907090944,11.919318399999998,fixed
5.578674899996258,2,0.704,-0.002697037,-16.856481249999998,1.8987140479999998,11.866962799999998,fixed
5.602988799975719,2,0.704,-0.002696724,-16.854525,1.898493696,11.8655856,fixed
5.624595200002659,2,0.704,-0.002708623,-16.928893749999997,1.9068705919999998,11.917941199999998,fixed
5.650077500002226,2,0.704,-0.002691401,-16.821256249999998,1.8947463039999997,11.842164399999998,fixed
5.672526599984849,2,0.704,-0.002702358,-16.889737500000003,1.902460032,11.890375200000001,fixed
5.696846599981654,2,0.704,-0.002691401,-16.821256249999998,1.8947463039999997,11.842164399999998,fixed
5.718230200000107,2,0.704,-0.002698287,-16.86429375,1.899594048,11.872462800000001,fixed
5.745266199985053,2,0.704,-0.002774379,-17.33986875,1.9531628159999999,12.2072676,fixed
5.767267699993681,2,0.704,-0.002708936,-16.93085,1.907090944,11.919318399999998,fixed
5.791813499992713,2,0.704,-0.002713633,-16.960206250000002,1.910397632,11.9399852,fixed
5.813642699999036,2,0.704,-0.002714572,-16.966075,1.911058688,11.9441168,fixed
5.84848729998339,2,0.704,-0.00271363,-16.960187499999996,1.9103955199999998,11.939971999999997,fixed
5.870992999989539,2,0.704,-0.002706431,-16.915193749999997,1.905327424,11.908296399999998,fixed
5.893271399982041,2,0.704,-0.002712694,-16.954337499999998,1.9097365759999998,11.935853599999998,fixed
5.91761529998621,2,0.704,-0.00271457,-16.966062499999996,1.9110572799999999,11.944107999999996,fixed
5.939029200002551,2,0.704,-0.00270862,-16.928875,1.90686848,11.917928,fixed
5.964305499976035,2,0.704,-0.002711754,-16.948462499999998,1.9090748159999997,11.931717599999997,fixed
5.986407999997027,2,0.704,-0.002722714,-17.0169625,1.916790656,11.9799416,fixed
6.011014099989552,2,0.704,-0.002722088,-17.01305,1.916349952,11.9771872,fixed
6.0321575999842025,2,0.704,-0.002728348,-17.052175,1.9207569919999998,12.004731199999998,fixed
6.0581218999868724,3,0.804,-0.002522185,-15.763656250000002,2.0278367400000006,12.673979625000003,fixed
6.080912100005662,3,0.805,-0.002521877,-15.761731249999999,2.0301109850000003,12.68819365625,fixed
6.107513399998425,3,0.805,-0.002529079,-15.806743749999999,2.035908595,12.72442871875,fixed
6.1299441999872215,3,0.805,-0.002540038,-15.875237499999999,2.04473059,12.7795661875,fixed
6.158519499993417,3,0.805,-0.002554755,-15.96721875,2.0565777750000005,12.85361109375,fixed
6.182417100004386,3,0.805,-0.002573543,-16.08464375,2.0717021150000003,12.948138218750001,fixed
6.211546899983659,3,0.805,-0.002564462,-16.0278875,2.0643919100000003,12.9024494375,fixed
6.243144000007305,3,0.805,-0.002561331,-16.00831875,2.0618714550000004,12.88669659375,fixed
6.265268499992089,3,0.805,-0.0025582,-15.988750000000001,2.059351,12.870943750000002,fixed
6.2867974000109825,3,0.805,-0.002559139,-15.99461875,2.060106895,12.87566809375,fixed
6.309079400001792,3,0.804,-0.002562581,-16.016131249999997,2.060315124,12.876969524999998,fixed
6.330918499996187,3,0.805,-0.002565402,-16.0337625,2.0651486100000005,12.907178812500002,fixed
6.3555769000086,3,0.805,-0.002566028,-16.037675,2.0656525400000003,12.910328375,fixed
6.376767400011886,3,0.805,-0.002560705,-16.00440625,2.061367525,12.88354703125,fixed
6.4023874000122305,3,0.805,-0.002565089,-16.03180625,2.064896645,12.90560403125,fixed
6.4241585999843664,3,0.805,-0.002570725,-16.06703125,2.069433625,12.93396015625,fixed
6.449496499990346,3,0.805,-0.002567907,-16.04941875,2.067165135,12.919782093750001,fixed
6.471898399991915,3,0.805,-0.002566967,-16.04354375,2.066408435,12.915052718750001,fixed
6.497006999998121,3,0.805,-0.002569786,-16.061162500000002,2.06867773,12.929235812500002,fixed
6.519200999988243,3,0.805,-0.002564462,-16.0278875,2.0643919100000003,12.9024494375,fixed
6.543128999997862,3,0.805,-0.002568846,-16.055287500000002,2.0679210300000004,12.924506437500003,fixed
6.565247099992121,3,0.805,-0.002569472,-16.0592,2.06842496,12.927656,fixed
6.590043900010642,3,0.805,-0.002579805,-16.12378125,2.0767430250000003,12.97964390625,fixed
6.612064799992368,3,0.805,-0.002582937,-16.14335625,2.0792642850000003,12.995401781250001,fixed
6.635832100000698,3,0.805,-0.002582624,-16.1414,2.07901232,12.993827000000001,fixed
6.657906000007642,3,0.805,-0.002584189,-16.15118125,2.0802721450000004,13.00170090625,fixed
6.683163300011074,3,0.805,-0.002588573,-16.178581249999997,2.083801265,13.023757906249998,fixed
6.704878999997163,3,0.805,-0.002580745,-16.12965625,2.077499725,12.98437328125,fixed
6.7293422000075225,3,0.805,-0.002586694,-16.1668375,2.08228867,13.0143041875,fixed
6.750727000006009,3,0.805,-0.002588573,-16.178581249999997,2.083801265,13.023757906249998,fixed
6.771691700007068,3,0.805,-0.002592017,-16.200106249999997,2.086573685,13.04108553125,fixed
6.793090599996503,3,0.805,-0.002592644,-16.204024999999998,2.08707842,13.044240125,fixed
6.815274699998554,3,0.805,-0.002596401,-16.227506249999998,2.0901028050000003,13.06314253125,fixed
6.839174499997171,3,0.805,-0.002590765,-16.19228125,2.085565825,13.034786406250001,fixed
6.860990199988009,3,0.805,-0.002597027,-16.23141875,2.090606735,13.06629209375,fixed
6.887089500000002,3,0.805,-0.002593583,-16.20989375,2.0878343150000003,13.04896446875,fixed
6.910248800006229,3,0.805,-0.002591078,-16.1942375,2.08581779,13.0363611875,fixed
6.936355199984973,3,0.805,-0.002604856,-16.28035,2.09690908,13.10568175,fixed
6.95814380000229,3,0.805,-0.002600472,-16.25295,2.09337996,13.08362475,fixed
6.983245999988867,3,0.805,-0.002595462,-16.221637500000003,2.0893469100000006,13.058418187500003,fixed
7.005114900006447,3,0.805,-0.002606108,-16.288175000000003,2.09791694,13.111980875000002,fixed
7.029598699999042,3,0.805,-0.0026083,-16.301875,2.0996815,13.123009375,fixed
7.051184000010835,3,0.805,-0.002614249,-16.33905625,2.104470445,13.15294028125,fixed
7.076655699987896,3,0.805,-0.002616128,-16.3508,2.1059830400000004,13.162394,fixed
7.100287799985381,3,0.805,-0.002605482,-16.2842625,2.0974130100000004,13.108831312500001,fixed
7.124337999994168,3,0.805,-0.00261832,-16.3645,2.1077475999999997,13.173422500000001,fixed
7.147056899993913,3,0.805,-0.002614563,-16.34101875,2.1047232150000004,13.154520093750001,fixed
7.170890599983977,3,0.805,-0.002606421,-16.290131249999998,2.098168905,13.11355565625,fixed
7.194170800008578,3,0.805,-0.002604856,-16.28035,2.09690908,13.10568175,fixed
7.218513900006656,3,0.805,-0.0026083,-16.301875,2.0996815,13.123009375,fixed
7.241855600004783,3,0.805,-0.0026083,-16.301875,2.0996815,13.123009375,fixed
7.263971899985336,3,0.805,-0.002611744,-16.3234,2.10245392,13.140337,fixed
7.286097900010645,3,0.805,-0.002614876,-16.342975,2.10497518,13.156094875,fixed
7.310608900006628,3,0.805,-0.002612058,-16.3253625,2.10270669,13.141916812500002,fixed
7.33236470000702,3,0.805,-0.00261926,-16.370375,2.1085043000000003,13.178151875000001,fixed
7.3549047999840695,3,0.805,-0.002616128,-16.3508,2.1059830400000004,13.162394,fixed
7.3781270000035875,3,0.805,-0.002613936,-16.3371,2.10421848,13.1513655,fixed
7.401184899994405,3,0.805,-0.002612371,-16.32731875,2.102958655,13.143491593750001,fixed
7.424224499991396,3,0.805,-0.00261331,-16.3331875,2.1037145500000003,13.148215937500002,fixed
7.447119799995562,3,0.805,-0.002623956,-16.399725,2.1122845800000003,13.201778625000001,fixed
7.470026199996937,3,0.805,-0.002616441,-16.35275625,2.1062350050000003,13.16396878125,fixed
7.493080399988685,3,0.805,-0.002616755,-16.35471875,2.106487775,13.165548593750001,fixed
7.516890200000489,3,0.805,-0.002629279,-16.432993749999998,2.116569595,13.22855996875,fixed
7.540174900001148,3,0.805,-0.002620825,-16.38015625,2.109764125,13.18602578125,fixed
7.564281099999789,3,0.805,-0.002622391,-16.38994375,2.111024755,13.193904718750002,fixed
7.5872385000111535,3,0.805,-0.002624269,-16.40168125,2.1125365449999998,13.20335340625,fixed
7.612177600007271,3,0.805,-0.002623017,-16.39385625,2.111528685,13.19705428125,fixed
7.634961800009478,3,0.805,-0.002624582,-16.4036375,2.11278851,13.2049281875,fixed
7.659189800004242,3,0.805,-0.002620825,-16.38015625,2.109764125,13.18602578125,fixed
7.6819546000042465,3,0.805,-0.002627401,-16.421256250000003,2.115057805,13.219111281250003,fixed
7.706374300003517,3,0.805,-0.002626461,-16.41538125,2.1143011050000005,13.21438190625,fixed
7.730144500004826,3,0.805,-0.002631471,-16.446693749999998,2.1183341550000003,13.239588468749998,fixed
7.753592799999751,3,0.805,-0.002630845,-16.442781250000003,2.117830225,13.236438906250003,fixed
7.776020899997093,3,0.805,-0.002631784,-16.448649999999997,2.11858612,13.241163249999998,fixed
7.800396999984514,3,0.805,-0.002652451,-16.57781875,2.135223055,13.34514409375,fixed
7.823178699996788,3,0.805,-0.002631471,-16.446693749999998,2.1183341550000003,13.239588468749998,fixed
7.846681399998488,3,0.805,-0.002619572,-16.372325,2.1087554600000002,13.179721625,fixed
7.869979399984004,3,0.805,-0.002621765,-16.38603125,2.110520825,13.190755156249999,fixed
7.893462799984263,3,0.805,-0.002641178,-16.5073625,2.12614829,13.288426812500001,fixed
7.916200200008461,3,0.805,-0.002639613,-16.49758125,2.124888465,13.280552906250001,fixed
7.94001359998947,3,0.805,-0.002646815,-16.542593749999998,2.130686075,13.316787968749999,fixed
7.963237299991306,3,0.805,-0.002643057,-16.519106249999997,2.127660885,13.297880531249998,fixed
7.987986499996623,3,0.805,-0.002650259,-16.56411875,2.133458495,13.334115593749999,fixed
8.011061800003517,3,0.805,-0.002640865,-16.50540625,2.1258963250000003,13.286852031250001,fixed
8.038824999995995,3,0.805,-0.002646815,-16.542593749999998,2.130686075,13.316787968749999,fixed
8.064813600009074,4,0.905,-0.002375209,-14.845056249999999,2.149564145,13.43477590625,fixed
8.088153400021838,4,0.905,-0.002381474,-14.884212500000002,2.1552339700000003,13.470212312500003,fixed
8.111690100020496,4,0.905,-0.002396504,-14.978149999999998,2.16883612,13.555225749999998,fixed
8.135254400025588,4,0.905,-0.002397443,-14.984018749999999,2.169685915,13.56053696875,fixed
8.159836100006942,4,0.906,-0.002419365,-15.12103125,2.19194469,13.6996543125,fixed
8.183229100017343,4,0.905,-0.002418109,-15.113181249999998,2.188388645,13.677429031249998,fixed
8.205753600021126,4,0.906,-0.002418425,-15.11515625,2.19109305,13.6943315625,fixed
8.228989100025501,4,0.905,-0.002410594,-15.066212499999997,2.18158757,13.634922312499997,fixed
8.253801300015766,4,0.906,-0.002413728,-15.085799999999999,2.186837568,13.6677348,fixed
8.27747040000395,4,0.906,-0.002413415,-15.08384375,2.1865539899999997,13.665962437500001,fixed
8.301038600009633,4,0.905,-0.002415604,-15.097525000000001,2.18612162,13.663260125,fixed
8.324247800017474,4,0.905,-0.002421867,-15.136668749999998,2.191789635,13.698685218749999,fixed
8.34731230000034,4,0.905,-0.002425625,-15.160156249999998,2.195190625,13.71994140625,fixed
8.370155300013721,4,0.906,-0.002425627,-15.16016875,2.1976180620000005,13.735112887500001,fixed
8.394057900004555,4,0.906,-0.002432829,-15.205181249999999,2.204143074,13.775894212499999,fixed
8.41712070000358,4,0.905,-0.002429695,-15.18559375,2.198873975,13.742962343750001,fixed
8.441420600021956,4,0.905,-0.002423119,-15.14449375,2.192922695,13.70576684375,fixed
8.464219900022727,4,0.905,-0.002425625,-15.160156249999998,2.195190625,13.71994140625,fixed
8.488456500024768,4,0.906,-0.002424688,-15.154299999999997,2.196767328,13.729795799999998,fixed
8.511130800005049,4,0.906,-0.00243095,-15.193437499999998,2.2024407,13.765254375,fixed
8.537418400024762,4,0.905,-0.002440968,-15.256049999999998,2.2090760400000002,13.80672525,fixed
8.56671070001903,4,0.905,-0.002435645,-15.22278125,2.2042587250000003,13.776617031250002,fixed
8.590176199999405,4,0.906,-0.00243596,-15.22475,2.20697976,13.7936235,fixed
8.613222600019071,4,0.906,-0.002435647,-15.22279375,2.206696182,13.7918511375,fixed
8.636507500021253,4,0.906,-0.002428758,-15.179737500000002,2.2004547480000003,13.752842175000001,fixed
8.660241600009613,4,0.905,-0.002421554,-15.1347125,2.19150637,13.6969148125,fixed
8.682873500016285,4,0.905,-0.002426877,-15.16798125,2.196323685,13.72702303125,fixed
8.70837730000494,4,0.905,-0.002429695,-15.18559375,2.198873975,13.742962343750001,fixed
8.731042700004764,4,0.906,-0.002430011,-15.187568750000002,2.2015899660000002,13.759937287500003,fixed
8.754811000020709,4,0.906,-0.002432829,-15.205181249999999,2.204143074,13.775894212499999,fixed
8.778082400007406,4,0.906,-0.002432516,-15.203225,2.203859496,13.77412185,fixed
8.800685000023805,4,0.906,-0.002431263,-15.19539375,2.202724278,13.7670267375,fixed
8.824112900008913,4,0.905,-0.0024322,-15.20125,2.201141,13.75713125,fixed
8.84791410001344,4,0.905,-0.002434079,-15.21299375,2.2028414950000004,13.76775934375,fixed
8.870834600005765,4,0.905,-0.002432513,-15.203206249999997,2.201424265,13.758901656249998,fixed
8.894287900009658,4,0.905,-0.002432513,-15.203206249999997,2.201424265,13.758901656249998,fixed
8.916959599999245,4,0.906,-0.00244097,-15.2560625,2.21151882,13.821992625,fixed
8.939152200007811,4,0.906,-0.002434708,-15.216924999999998,2.2058454480000003,13.786534049999998,fixed
8.961109100026079,4,0.906,-0.002435021,-15.218881249999999,2.206129026,13.788306412499999,fixed
8.983734700013883,4,0.905,-0.002438463,-15.24039375,2.206809015,13.792556343750002,fixed
9.00739430001704,4,0.906,-0.002439091,-15.24431875,2.209816446,13.8113527875,fixed
9.032175500004087,4,0.905,-0.002427503,-15.17189375,2.196890215,13.730563843750001,fixed
9.055092800001148,4,0.905,-0.002431887,-15.19929375,2.200857735,13.755360843750001,fixed
9.081369600025937,4,0.906,-0.002430324,-15.189525000000001,2.2018735440000006,13.761709650000002,fixed
9.103817400027765,4,0.905,-0.002437836,-15.236474999999999,2.20624158,13.789009875,fixed
9.127583100023912,4,0.905,-0.00244723,-15.295187499999999,2.21474315,13.8421446875,fixed
9.151061000011396,4,0.906,-0.002447233,-15.295206250000001,2.217193098,13.857456862500001,fixed
9.17515620001359,4,0.906,-0.002444101,-15.275631250000002,2.214355506,13.839721912500002,fixed
9.198035700013861,4,0.906,-0.002439718,-15.2482375,2.210384508,13.814903175000001,fixed
9.222619300009683,4,0.905,-0.002429382,-15.1836375,2.19859071,13.7411919375,fixed
9.24572080001235,4,0.906,-0.002430011,-15.187568750000002,2.2015899660000002,13.759937287500003,fixed
9.269364600011613,4,0.905,-0.002425625,-15.160156249999998,2.195190625,13.71994140625,fixed
9.292137300013565,4,0.905,-0.002435018,-15.218862500000002,2.2036912900000005,13.773070562500003,fixed
9.31551740001305,4,0.905,-0.002434392,-15.214949999999998,2.20312476,13.769529749999998,fixed
9.338665300019784,4,0.906,-0.002441283,-15.25801875,2.2118023979999997,13.8237649875,fixed
9.36289710001438,4,0.905,-0.002439089,-15.24430625,2.207375545,13.79609715625,fixed
9.38592620001873,4,0.905,-0.002440968,-15.256049999999998,2.2090760400000002,13.80672525,fixed
9.409828100004233,4,0.906,-0.002434395,-15.214968749999999,2.20556187,13.7847616875,fixed
9.433023100020364,4,0.906,-0.002444101,-15.275631250000002,2.214355506,13.839721912500002,fixed
9.456913800007896,4,0.906,-0.002449738,-15.310862499999999,2.219462628,13.871641425,fixed
9.479950200009625,4,0.906,-0.002449425,-15.308906249999998,2.2191790499999997,13.8698690625,fixed
9.503712100005941,4,0.906,-0.002446607,-15.291293749999998,2.216625942,13.853912137499998,fixed
9.527064699999755,4,0.906,-0.002448172,-15.301074999999999,2.218043832,13.86277395,fixed
9.550891100021545,4,0.906,-0.002444728,-15.27955,2.214923568,13.8432723,fixed
9.573695200000657,4,0.906,-0.002434395,-15.214968749999999,2.20556187,13.7847616875,fixed
9.598688199999742,4,0.906,-0.002440657,-15.254106250000001,2.211235242,13.820220262500001,fixed
9.621816500002751,4,0.906,-0.002440031,-15.25019375,2.210668086,13.8166755375,fixed
9.644589800009271,4,0.906,-0.002449112,-15.306949999999999,2.2188954720000003,13.868096699999999,fixed
9.66769210001803,4,0.906,-0.002453182,-15.3323875,2.222582892,13.891143075,fixed
9.690570500009926,4,0.905,-0.002451301,-15.32063125,2.218427405,13.865171281250001,fixed
9.713605500000995,4,0.906,-0.002440344,-15.25215,2.210951664,13.8184479,fixed
9.737122200021986,4,0.906,-0.002446607,-15.291293749999998,2.216625942,13.853912137499998,fixed
9.759993900021072,4,0.906,-0.002439091,-15.24431875,2.209816446,13.8113527875,fixed
9.783528400002979,4,0.906,-0.002435647,-15.22279375,2.206696182,13.7918511375,fixed
9.807092100003501,4,0.906,-0.002440344,-15.25215,2.210951664,13.8184479,fixed
9.83013360001496,4,0.906,-0.002437526,-15.2345375,2.208398556,13.802490975000001,fixed
9.85257480002474,4,0.906,-0.002448485,-15.303031249999998,2.21832741,13.864546312499998,fixed
9.877909100003308,4,0.906,-0.002452556,-15.328475,2.222015736,13.88759835,fixed
9.900632300006691,4,0.906,-0.002451617,-15.322606250000002,2.221165002,13.882281262500001,fixed
9.924966900027357,4,0.906,-0.002449425,-15.308906249999998,2.2191790499999997,13.8698690625,fixed
9.947826200019335,4,0.905,-0.002441594,-15.259962500000002,2.20964257,13.810266062500002,fixed
9.970590500015533,4,0.906,-0.002439405,-15.24628125,2.2101009300000003,13.813130812499999,fixed
9.993708599999081,4,0.906,-0.0024369,-15.230625,2.2078314,13.79894625,fixed
10.01708150000195,4,0.906,-0.002443162,-15.2697625,2.2135047720000003,13.834404825000002,fixed
10.03957300001639,4,0.906,-0.002443162,-15.2697625,2.2135047720000003,13.834404825000002,fixed
10.066465700016124,4,0.906,-0.002453182,-15.3323875,2.222582892,13.891143075,fixed
10.09779059997527,5,1.006,-0.001752593,-10.95370625,1.7631085579999999,11.019428487499999,fixed
10.120537499984493,5,1.006,-0.001760424,-11.00265,1.7709865439999999,11.0686659,fixed
10.143293699977221,5,1.007,-0.001769194,-11.0574625,1.781578358,11.1348647375,fixed
10.166775299992878,5,1.007,-0.001772639,-11.078993749999999,1.7850474729999997,11.156546706249998,fixed
10.19097719999263,5,1.007,-0.001772325,-11.07703125,1.7847312749999997,11.154570468749998,fixed
10.21354369999608,5,1.007,-0.001767942,-11.0496375,1.7803175939999998,11.126984962499998,fixed
10.238120699999854,5,1.007,-0.001778901,-11.11813125,1.7913533069999998,11.195958168749998,fixed
10.2606915999786,5,1.007,-0.001781406,-11.133787499999999,1.7938758419999998,11.211724012499998,fixed
10.285639099980472,5,1.007,-0.001777649,-11.11030625,1.7900925429999999,11.188078393749999,fixed
10.30851370000164,5,1.007,-0.001786416,-11.165099999999999,1.7989209119999998,11.243255699999997,fixed
10.331507999973837,5,1.007,-0.001784224,-11.1514,1.7967135679999997,11.229459799999999,fixed
10.35498929998721,5,1.007,-0.001774204,-11.088774999999998,1.7866234279999997,11.166396424999997,fixed
10.378093399980571,5,1.007,-0.00177984,-11.124,1.79229888,11.201868,fixed
10.400555000000168,5,1.007,-0.001771386,-11.0711625,1.7837857019999999,11.148660637499999,fixed
10.423573099978967,5,1.007,-0.00178078,-11.129875,1.7932454599999998,11.207784125,fixed
10.44669799998519,5,1.007,-0.001783598,-11.1474875,1.796083186,11.2255199125,fixed
10.470137399999658,5,1.007,-0.001779527,-11.12204375,1.7919836889999996,11.199898056249998,fixed
10.492467299976852,5,1.006,-0.001783909,-11.14943125,1.7946124540000001,11.2163278375,fixed
10.51651960000163,5,1.006,-0.0017861,-11.163124999999999,1.7968166,11.23010375,fixed
10.539731500000926,5,1.007,-0.001786103,-11.16314375,1.798605721,11.241285756249999,fixed
10.562782799999695,5,1.007,-0.001787982,-11.174887499999999,1.800497874,11.253111712499997,fixed
10.585440599999856,5,1.006,-0.00179205,-11.200312499999999,1.8028023,11.267514375,fixed
10.60972869998659,5,1.006,-0.001791424,-11.196399999999999,1.802172544,11.263578399999998,fixed
10.632692399987718,5,1.006,-0.001789232,-11.182699999999999,1.7999673919999999,11.249796199999999,fixed
10.657649100001436,5,1.006,-0.001792676,-11.204225,1.803432056,11.271450349999999,fixed
10.680396499985363,5,1.006,-0.00179205,-11.200312499999999,1.8028023,11.267514375,fixed
10.704740399989532,5,1.007,-0.001787669,-11.17293125,1.8001826829999998,11.251141768749997,fixed
10.727798399981111,5,1.007,-0.001790174,-11.1885875,1.8027052179999998,11.266907612499999,fixed
10.752224899973953,5,1.006,-0.001790484,-11.190525,1.801226904,11.257668149999999,fixed
10.77559829998063,5,1.006,-0.001793302,-11.208137500000001,1.804061812,11.275386325000001,fixed
10.799582699983148,5,1.007,-0.001799567,-11.247293749999999,1.8121639689999998,11.326024806249999,fixed
10.822768599988194,5,1.006,-0.00179706,-11.231625000000001,1.8078423600000002,11.299014750000001,fixed
10.847116899996763,5,1.007,-0.001796123,-11.225768749999999,1.8086958609999997,11.304349131249998,fixed
10.869737200002419,5,1.006,-0.001789232,-11.182699999999999,1.7999673919999999,11.249796199999999,fixed
10.893029499973636,5,1.007,-0.001791113,-11.19445625,1.803650791,11.272817443749998,fixed
10.915474899986293,5,1.006,-0.001794868,-11.217925000000001,1.805637208,11.285232550000002,fixed
10.939343099977123,5,1.007,-0.00179487,-11.2179375,1.8074340899999997,11.296463062499999,fixed
10.96249629999511,5,1.006,-0.001800817,-11.255106249999999,1.811621902,11.3226368875,fixed
10.985580199980177,5,1.007,-0.001801446,-11.2590375,1.8140561219999998,11.337850762499999,fixed
11.008465199993225,5,1.006,-0.00180207,-11.2629375,1.81288242,11.330515125,fixed
11.032762499991804,5,1.006,-0.001803009,-11.268806249999999,1.813827054,11.3364190875,fixed
11.055418299976736,5,1.006,-0.001798625,-11.24140625,1.8094167500000002,11.3088546875,fixed
11.08047849999275,5,1.006,-0.001797686,-11.2355375,1.808472116,11.302950724999999,fixed
11.103403999994043,5,1.007,-0.001798941,-11.24338125,1.811533587,11.322084918749999,fixed
11.127981400000863,5,1.007,-0.001799254,-11.2453375,1.8118487779999997,11.324054862499999,fixed
11.150352700002259,5,1.007,-0.001800507,-11.25316875,1.813110549,11.33194093125,fixed
11.173725000000559,5,1.007,-0.001798002,-11.2375125,1.8105880139999997,11.316175087499998,fixed
11.196295999980066,5,1.007,-0.001804264,-11.27665,1.8168938479999999,11.355586549999998,fixed
11.22172029997455,5,1.007,-0.001805204,-11.282525,1.8178404279999996,11.361502674999999,fixed
11.244471199985128,5,1.006,-0.001807393,-11.29620625,1.818237358,11.363983487499999,fixed
11.269411099987337,5,1.006,-0.001807706,-11.2981625,1.8185522360000002,11.365951475000001,fixed
11.292430399975274,5,1.006,-0.001801444,-11.259025,1.8122526639999998,11.326579149999999,fixed
11.31767759998911,5,1.007,-0.001803951,-11.27469375,1.816578657,11.35361660625,fixed
11.340771699993638,5,1.006,-0.001801444,-11.259025,1.8122526639999998,11.326579149999999,fixed
11.364186199993128,5,1.006,-0.001796747,-11.22966875,1.807527482,11.2970467625,fixed
11.387368700001389,5,1.006,-0.001805514,-11.2844625,1.816347084,11.352169275,fixed
11.410302399977809,5,1.006,-0.001802383,-11.26489375,1.813197298,11.3324831125,fixed
11.433272900001612,5,1.007,-0.001802699,-11.26686875,1.8153178929999998,11.345736831249999,fixed
11.456152499973541,5,1.006,-0.001801444,-11.259025,1.8122526639999998,11.326579149999999,fixed
11.47809329998563,5,1.006,-0.001799565,-11.247281249999999,1.81036239,11.314764937499998,fixed
11.501372099999571,5,1.006,-0.00179612,-11.22575,1.8068967200000001,11.2931045,fixed
11.523161599994637,5,1.006,-0.001803636,-11.272725,1.814457816,11.34036135,fixed
11.548380599997472,5,1.007,-0.001803951,-11.27469375,1.816578657,11.35361660625,fixed
11.56999319998431,5,1.007,-0.00180082,-11.255125,1.8134257399999998,11.333910874999999,fixed
11.59556999997585,5,1.006,-0.001799252,-11.245325,1.8100475120000001,11.31279695,fixed
11.617520999978296,5,1.006,-0.001801444,-11.259025,1.8122526639999998,11.326579149999999,fixed
11.643222299986519,5,1.007,-0.001800194,-11.2512125,1.8127953579999998,11.329970987499998,fixed
11.66628049997962,5,1.007,-0.001800194,-11.2512125,1.8127953579999998,11.329970987499998,fixed
11.692247300001327,5,1.007,-0.001797062,-11.231637500000001,1.8096414339999998,11.3102589625,fixed
11.715521299978718,5,1.006,-0.001803009,-11.268806249999999,1.813827054,11.3364190875,fixed
11.740251499984879,5,1.007,-0.001807396,-11.296225,1.8200477719999997,11.375298574999999,fixed
11.763273699994897,5,1.007,-0.001807082,-11.2942625,1.819731574,11.3733223375,fixed
11.78846079998766,5,1.006,-0.001803949,-11.27468125,1.814772694,11.3423293375,fixed
11.811451099987607,5,1.006,-0.001800504,-11.25315,1.8113070240000002,11.3206689,fixed
11.834770399989793,5,1.006,-0.001802696,-11.266849999999998,1.813512176,11.334451099999997,fixed
11.857913899992127,5,1.007,-0.00180583,-11.2864375,1.8184708099999998,11.365442562499998,fixed
11.881445299979532,5,1.007,-0.001801759,-11.26099375,1.8143713129999999,11.33982070625,fixed
11.904543499986175,5,1.007,-0.001802699,-11.26686875,1.8153178929999998,11.345736831249999,fixed
11.928963299986208,5,1.007,-0.00180583,-11.2864375,1.8184708099999998,11.365442562499998,fixed
11.952072899992345,5,1.007,-0.001807709,-11.298181249999999,1.820362963,11.377268518749998,fixed
11.974826099991333,5,1.006,-0.001806767,-11.29229375,1.8176076019999998,11.360047512500001,fixed
11.997018900001422,5,1.007,-0.001808648,-11.30405,1.8213085359999999,11.38317835,fixed
12.022971599973971,5,1.007,-0.001809274,-11.3079625,1.8219389179999999,11.3871182375,fixed
12.046530499996152,5,1.006,-0.00180708,-11.29425,1.81792248,11.3620155,fixed
12.071097799984273,5,1.007,-0.001811466,-11.3216625,1.8241462619999997,11.4009141375,fixed
12.095315100013977,6,0.907,-0.002517378,-15.7336125,2.2832618460000003,14.2703865375,fixed
12.118522100005066,6,0.905,-0.002512047,-15.700293749999998,2.273402535,14.20876584375,fixed
12.141462400002638,6,0.905,-0.002508603,-15.67876875,2.270285715,14.18928571875,fixed
12.166261400008807,6,0.905,-0.002511108,-15.694425,2.27255274,14.203454625000001,fixed
12.189232400007313,6,0.906,-0.002509545,-15.68465625,2.27364777,14.2102985625,fixed
12.212415100017097,6,0.905,-0.002512674,-15.7042125,2.27396997,14.212312312500002,fixed
12.235597500024596,6,0.905,-0.002512674,-15.7042125,2.27396997,14.212312312500002,fixed
12.259022600017488,6,0.905,-0.002509855,-15.68659375,2.2714187750000003,14.196367343750001,fixed
12.282213800004683,6,0.906,-0.002507666,-15.672912499999999,2.271945396,14.199658724999999,fixed
12.304580299998634,6,0.906,-0.002505474,-15.659212499999999,2.2699594440000004,14.187246524999999,fixed
12.32710340002086,6,0.906,-0.002506101,-15.663131250000001,2.270527506,14.190796912500002,fixed
12.353289200022118,6,0.905,-0.002505159,-15.65724375,2.2671688949999997,14.16980559375,fixed
12.37659369999892,6,0.906,-0.002506101,-15.663131250000001,2.270527506,14.190796912500002,fixed
12.399955600005342,6,0.906,-0.002509232,-15.682699999999999,2.273364192,14.2085262,fixed
12.423394800018286,6,0.906,-0.002509545,-15.68465625,2.27364777,14.2102985625,fixed
12.446498700010125,6,0.905,-0.002508603,-15.67876875,2.270285715,14.18928571875,fixed
12.469072400010191,6,0.906,-0.002506101,-15.663131250000001,2.270527506,14.190796912500002,fixed
12.495280200004345,6,0.905,-0.002502967,-15.64354375,2.2651851350000003,14.157407093749999,fixed
12.518326000019442,6,0.906,-0.002510797,-15.692481249999998,2.274782082,14.217388012499999,fixed
12.541599300020607,6,0.906,-0.002503282,-15.6455125,2.2679734920000003,14.174834325,fixed
12.564423000003444,6,0.905,-0.00250829,-15.676812499999997,2.2700024500000002,14.187515312499997,fixed
12.589424600009806,6,0.906,-0.002507666,-15.672912499999999,2.271945396,14.199658724999999,fixed
12.61212720000185,6,0.905,-0.002502967,-15.64354375,2.2651851350000003,14.157407093749999,fixed
12.634810700023081,6,0.905,-0.002506098,-15.6631125,2.26801869,14.1751168125,fixed
12.657446700002765,6,0.906,-0.002507353,-15.670956249999998,2.271661818,14.197886362499998,fixed
12.682670700014569,6,0.905,-0.002500775,-15.62984375,2.263201375,14.14500859375,fixed
12.705007700016722,6,0.905,-0.002500462,-15.627887500000002,2.26291811,14.143238187500002,fixed
12.729996900015976,6,0.905,-0.00249827,-15.614187499999998,2.26093435,14.130839687499998,fixed
12.753406700008782,6,0.906,-0.002495141,-15.59463125,2.260597746,14.128735912500002,fixed
12.777596700005233,6,0.905,-0.002506098,-15.6631125,2.26801869,14.1751168125,fixed
12.799997499998426,6,0.906,-0.002503909,-15.649431249999997,2.268541554,14.178384712499998,fixed
12.824420700024348,6,0.905,-0.002499209,-15.62005625,2.261784145,14.13615090625,fixed
12.847520800016355,6,0.905,-0.002496391,-15.602443749999999,2.259233855,14.12021159375,fixed
12.871010500006378,6,0.905,-0.002492947,-15.58091875,2.256117035,14.10073146875,fixed
12.89408870000625,6,0.905,-0.002489815,-15.561343749999997,2.253282575,14.083016093749999,fixed
12.91861780002364,6,0.905,-0.002497643,-15.61026875,2.260366915,14.12729321875,fixed
12.941320500016445,6,0.905,-0.002494826,-15.592662499999998,2.25781753,14.111359562499999,fixed
12.965549500018824,6,0.905,-0.002494512,-15.590699999999998,2.25753336,14.1095835,fixed
12.990301900019404,6,0.905,-0.00250234,-15.639625,2.2646177,14.153860625,fixed
13.013599600002635,6,0.905,-0.002495452,-15.596574999999998,2.25838406,14.114900374999998,fixed
13.036023900000146,6,0.906,-0.002497333,-15.608331249999999,2.2625836980000003,14.1411481125,fixed
13.059386800014181,6,0.905,-0.002497017,-15.606356249999997,2.259800385,14.123752406249999,fixed
13.082203300000401,6,0.906,-0.002497646,-15.6102875,2.262867276,14.142920475,fixed
13.106632500013802,6,0.905,-0.002496078,-15.600487500000002,2.2589505900000004,14.118441187500002,fixed
13.129047599999467,6,0.906,-0.002492636,-15.578975,2.2583282159999998,14.114551350000001,fixed
13.15429690000019,6,0.906,-0.002491697,-15.573106250000002,2.257477482,14.109234262500003,fixed
13.17702930001542,6,0.905,-0.00249326,-15.582875000000001,2.2564003,14.102501875000002,fixed
13.201548600016395,6,0.905,-0.00249827,-15.614187499999998,2.26093435,14.130839687499998,fixed
13.223918700008653,6,0.906,-0.002495767,-15.59854375,2.261164902,14.1322806375,fixed
13.248813600017456,6,0.905,-0.002495765,-15.59853125,2.2586673250000002,14.11667078125,fixed
13.27200600001379,6,0.905,-0.002495765,-15.59853125,2.2586673250000002,14.11667078125,fixed
13.295577600016259,6,0.905,-0.002499522,-15.622012500000002,2.2620674100000002,14.137921312500003,fixed
13.318222100002458,6,0.905,-0.002499836,-15.623975000000002,2.26235158,14.139697375000003,fixed
13.343044000008376,6,0.905,-0.002496704,-15.604400000000002,2.2595171200000004,14.121982000000003,fixed
13.36626960002468,6,0.905,-0.002497017,-15.606356249999997,2.259800385,14.123752406249999,fixed
13.390008400019724,6,0.905,-0.002500462,-15.627887500000002,2.26291811,14.143238187500002,fixed
13.413165700010723,6,0.905,-0.002497017,-15.606356249999997,2.259800385,14.123752406249999,fixed
13.436028000025544,6,0.905,-0.002492634,-15.578962500000001,2.25583377,14.0989610625,fixed
13.458951300010085,6,0.905,-0.002491694,-15.573087499999998,2.25498307,14.093644187499999,fixed
13.48187770001823,6,0.906,-0.002488879,-15.555493749999998,2.254924374,14.093277337499998,fixed
13.505298400006723,6,0.905,-0.002493886,-15.586787499999998,2.2569668299999996,14.106042687499999,fixed
13.529118000005838,6,0.906,-0.002493889,-15.586806249999999,2.259463434,14.1216464625,fixed
13.551935000024969,6,0.906,-0.00249702,-15.606375,2.26230012,14.139375750000001,fixed
13.576537600019947,6,0.906,-0.00249107,-15.5691875,2.25690942,14.105683875,fixed
13.59888950001914,6,0.906,-0.002494202,-15.5887625,2.259747012,14.123418825,fixed
13.62267460001749,6,0.905,-0.002489502,-15.559387500000001,2.2529993100000003,14.081245687500001,fixed
13.646015000005718,6,0.906,-0.002492323,-15.577018749999999,2.258044638,14.112778987499999,fixed
13.670020800025668,6,0.905,-0.002499522,-15.622012500000002,2.2620674100000002,14.137921312500003,fixed
13.692858700000215,6,0.905,-0.002497017,-15.606356249999997,2.259800385,14.123752406249999,fixed
13.717520300007891,6,0.905,-0.002495452,-15.596574999999998,2.25838406,14.114900374999998,fixed
13.740272299997741,6,0.906,-0.002493889,-15.586806249999999,2.259463434,14.1216464625,fixed
13.764488300017547,6,0.905,-0.002497331,-15.608318750000002,2.260084555,14.125528468750002,fixed
13.787660700007109,6,0.905,-0.002501401,-15.63375625,2.2637679050000004,14.14854940625,fixed
13.812239000020782,6,0.906,-0.002494828,-15.592675,2.260314168,14.126963550000001,fixed
13.83495230000699,6,0.905,-0.002492947,-15.58091875,2.256117035,14.10073146875,fixed
13.85948380001355,6,0.905,-0.002492947,-15.58091875,2.256117035,14.10073146875,fixed
13.88199190000887,6,0.905,-0.002494826,-15.592662499999998,2.25781753,14.111359562499999,fixed
13.906170100002782,6,0.905,-0.002489502,-15.559387500000001,2.2529993100000003,14.081245687500001,fixed
13.928884599998128,6,0.905,-0.002496391,-15.602443749999999,2.259233855,14.12021159375,fixed
13.952783900022041,6,0.906,-0.002497646,-15.6102875,2.262867276,14.142920475,fixed
13.97615400000359,6,0.905,-0.002497331,-15.608318750000002,2.260084555,14.125528468750002,fixed
13.99942230002489,6,0.906,-0.002502343,-15.639643750000001,2.267122758,14.169517237500001,fixed
14.021982700010994,6,0.905,-0.002493886,-15.586787499999998,2.2569668299999996,14.106042687499999,fixed
14.048686900001485,6,0.906,-0.002492949,-15.580931249999999,2.258611794,14.1163237125,fixed
14.071930700010853,6,0.906,-0.00249107,-15.5691875,2.25690942,14.105683875,fixed
14.095995600015158,6,0.905,-0.002491068,-15.569175,2.25441654,14.090103375,fixed
14.125678300013533,7,0.807,-0.002748591,-17.178693749999997,2.218112937,13.863205856249998,fixed
14.14886420001858,7,0.805,-0.002741066,-17.1316625,2.20655813,13.790988312500001,fixed
14.172671800013632,7,0.805,-0.002736056,-17.10035,2.2025250800000005,13.76578175,fixed
14.196049300022423,7,0.805,-0.002729793,-17.061206249999998,2.197483365,13.73427103125,fixed
14.21984090001206,7,0.805,-0.002733237,-17.08273125,2.2002557850000004,13.75159865625,fixed
14.243179900018731,7,0.805,-0.00272948,-17.05925,2.1972314,13.73269625,fixed
14.266796600015368,7,0.805,-0.002732298,-17.0768625,2.1994998900000002,13.746874312500001,fixed
14.289890400017612,7,0.805,-0.002735429,-17.096431250000002,2.202020345,13.762627156250002,fixed
14.313509600004181,7,0.805,-0.00273449,-17.0905625,2.20126445,13.757902812500001,fixed
14.335473400016781,7,0.805,-0.002731985,-17.07490625,2.1992479250000003,13.745299531250001,fixed
14.358600000006845,7,0.805,-0.002736369,-17.10230625,2.2027770450000004,13.767356531250002,fixed
14.38211190002039,7,0.805,-0.002732924,-17.080775,2.20000382,13.750023875,fixed
14.405322200007504,7,0.805,-0.002731672,-17.07295,2.19899596,13.74372475,fixed
14.428150400024606,7,0.805,-0.002732924,-17.080775,2.20000382,13.750023875,fixed
14.453841500013368,7,0.805,-0.002736369,-17.10230625,2.2027770450000004,13.767356531250002,fixed
14.476549900020473,7,0.805,-0.002735116,-17.094475,2.2017683800000003,13.761052375,fixed
14.499508800014155,7,0.805,-0.002733864,-17.08665,2.20076052,13.75475325,fixed
14.521812999999383,7,0.804,-0.002732922,-17.0807625,2.197269288,13.73293305,fixed
14.544952199998079,7,0.805,-0.002731985,-17.07490625,2.1992479250000003,13.745299531250001,fixed
14.5678114000184,7,0.805,-0.002733237,-17.08273125,2.2002557850000004,13.75159865625,fixed
14.591449600004125,7,0.805,-0.002737308,-17.108175,2.20353294,13.772080875,fixed
14.614148699998623,7,0.805,-0.002734177,-17.088606249999998,2.201012485,13.75632803125,fixed
14.638575200020568,7,0.805,-0.002735742,-17.0983875,2.2022723100000006,13.764201937500001,fixed
14.661751200008439,7,0.805,-0.002731359,-17.07099375,2.1987439950000005,13.74214996875,fixed
14.684734600014053,7,0.805,-0.002727601,-17.047506249999998,2.1957188050000003,13.72324253125,fixed
14.708139499998651,7,0.805,-0.002731985,-17.07490625,2.1992479250000003,13.745299531250001,fixed
14.731390000000829,7,0.805,-0.00273449,-17.0905625,2.20126445,13.757902812500001,fixed
14.753871699998854,7,0.805,-0.002734177,-17.088606249999998,2.201012485,13.75632803125,fixed
14.779648700001417,7,0.805,-0.002734803,-17.09251875,2.2015164150000004,13.75947759375,fixed
14.80301890001283,7,0.804,-0.002731356,-17.070975,2.196010224,13.725063900000002,fixed
14.826805600023363,7,0.804,-0.002726346,-17.0396625,2.1919821840000004,13.69988865,fixed
14.849777000024915,7,0.805,-0.002731359,-17.07099375,2.1987439950000005,13.74214996875,fixed
14.876455400022678,7,0.805,-0.002731985,-17.07490625,2.1992479250000003,13.745299531250001,fixed
14.898731000022963,7,0.805,-0.002736369,-17.10230625,2.2027770450000004,13.767356531250002,fixed
14.92161930000293,7,0.805,-0.002739187,-17.11991875,2.205045535,13.781534593750001,fixed
14.944751100003486,7,0.805,-0.00272854,-17.053375,2.1964747,13.727966875,fixed
14.97002030001022,7,0.805,-0.00273449,-17.0905625,2.20126445,13.757902812500001,fixed
14.993140700011281,7,0.805,-0.002731045,-17.06903125,2.198491225,13.74057015625,fixed
15.017430300009437,7,0.805,-0.002722904,-17.01815,2.1919377200000003,13.69961075,fixed
15.039678000001004,7,0.805,-0.002732924,-17.080775,2.20000382,13.750023875,fixed
15.063871500024106,7,0.805,-0.002736369,-17.10230625,2.2027770450000004,13.767356531250002,fixed
15.087288800015813,7,0.805,-0.002733237,-17.08273125,2.2002557850000004,13.75159865625,fixed
15.11167480002041,7,0.805,-0.002736056,-17.10035,2.2025250800000005,13.76578175,fixed
15.135020500019891,7,0.805,-0.002732298,-17.0768625,2.1994998900000002,13.746874312500001,fixed
15.158415100013372,7,0.805,-0.002724783,-17.02989375,2.193450315,13.70906446875,fixed
15.182036000012886,7,0.805,-0.002722904,-17.01815,2.1919377200000003,13.69961075,fixed
15.206126300006872,7,0.804,-0.002723528,-17.02205,2.189716512,13.685728200000002,fixed
15.228641300025629,7,0.804,-0.002729791,-17.06119375,2.194751964,13.717199775000001,fixed
15.251915800006827,7,0.805,-0.002733864,-17.08665,2.20076052,13.75475325,fixed
15.274671100021806,7,0.804,-0.002730417,-17.06510625,2.1952552680000004,13.720345425,fixed
15.299153600004502,7,0.805,-0.002729167,-17.05729375,2.196979435,13.73112146875,fixed
15.321801900019636,7,0.805,-0.00272948,-17.05925,2.1972314,13.73269625,fixed
15.34579710001708,7,0.805,-0.002728227,-17.05141875,2.1962227350000005,13.72639209375,fixed
15.368861300026765,7,0.804,-0.002731356,-17.070975,2.196010224,13.725063900000002,fixed
15.391593100008322,7,0.805,-0.002733237,-17.08273125,2.2002557850000004,13.75159865625,fixed
15.41464200001792,7,0.805,-0.002729793,-17.061206249999998,2.197483365,13.73427103125,fixed
15.43816320001497,7,0.805,-0.002737934,-17.1120875,2.2040368700000004,13.775230437500001,fixed
15.459974400000647,7,0.805,-0.002734177,-17.088606249999998,2.201012485,13.75632803125,fixed
15.483287400013069,7,0.805,-0.00272854,-17.053375,2.1964747,13.727966875,fixed
15.504622500011465,7,0.805,-0.002727601,-17.047506249999998,2.1957188050000003,13.72324253125,fixed
15.52969560000929,7,0.805,-0.002734177,-17.088606249999998,2.201012485,13.75632803125,fixed
15.551808200019877,7,0.805,-0.002737621,-17.11013125,2.203784905,13.77365565625,fixed
15.576834600011352,7,0.804,-0.002737305,-17.10815625,2.2007932200000004,13.754957625000001,fixed
15.598900000011781,7,0.805,-0.002737621,-17.11013125,2.203784905,13.77365565625,fixed
15.624496000004001,7,0.804,-0.002736366,-17.1022875,2.2000382640000002,13.75023915,fixed
15.647363700001733,7,0.805,-0.002736369,-17.10230625,2.2027770450000004,13.767356531250002,fixed
15.67204160001711,7,0.805,-0.002740126,-17.1257875,2.2058014299999997,13.786258937500001,fixed
15.694679500011262,7,0.805,-0.002735429,-17.096431250000002,2.202020345,13.762627156250002,fixed
15.719413600018015,7,0.804,-0.00274075,-17.129687500000003,2.2035630000000004,13.772268750000004,fixed
15.742774500016822,7,0.805,-0.002736682,-17.104262499999997,2.20302901,13.7689313125,fixed
15.765996500005713,7,0.805,-0.002733551,-17.08469375,2.200508555,13.75317846875,fixed
15.788704500009771,7,0.804,-0.002736992,-17.1062,2.2005415680000002,13.753384800000001,fixed
15.813034100021468,7,0.805,-0.002738561,-17.11600625,2.204541605,13.778385031250002,fixed
15.835719399998197,7,0.805,-0.00272948,-17.05925,2.1972314,13.73269625,fixed
15.85875230000238,7,0.804,-0.002728538,-17.0533625,2.193744552,13.71090345,fixed
15.88188650002121,7,0.805,-0.002739187,-17.11991875,2.205045535,13.781534593750001,fixed
15.904531900014263,7,0.804,-0.002736679,-17.10424375,2.200289916,13.751811974999999,fixed
15.927632100007031,7,0.805,-0.0027395,-17.121875,2.2052975000000004,13.783109375,fixed
15.951400800026022,7,0.804,-0.002741689,-17.13555625,2.204317956,13.776987225000001,fixed
15.974623700021766,7,0.805,-0.002736056,-17.10035,2.2025250800000005,13.76578175,fixed
15.998263600020437,7,0.805,-0.002731985,-17.07490625,2.1992479250000003,13.745299531250001,fixed
16.02167700001155,7,0.804,-0.002729477,-17.05923125,2.1944995080000003,13.715621925,fixed
16.045432800019626,7,0.805,-0.002727601,-17.047506249999998,2.1957188050000003,13.72324253125,fixed
16.068360500008566,7,0.805,-0.002738247,-17.11404375,2.2042888350000003,13.77680521875,fixed
16.093308500014246,7,0.804,-0.002741063,-17.13164375,2.203814652,13.773841575,fixed
16.116397600009805,7,0.805,-0.002741066,-17.1316625,2.20655813,13.790988312500001,fixed
16.140470300015295,8,0.904,-0.002488555,-15.553468749999999,2.24965372,14.060335749999998,fixed
16.163758200011216,8,0.906,-0.002486687,-15.541793749999998,2.252938422,14.080865137499998,fixed
16.18723830001545,8,0.905,-0.002488563,-15.55351875,2.252149515,14.07593446875,fixed
16.210769600002095,8,0.905,-0.002494512,-15.590699999999998,2.25753336,14.1095835,fixed
16.234683300019242,8,0.906,-0.002493262,-15.5828875,2.258895372,14.118096075,fixed
16.25852230002056,8,0.905,-0.00249827,-15.614187499999998,2.26093435,14.130839687499998,fixed
16.28218960002414,8,0.906,-0.002506727,-15.667043749999998,2.271094662,14.194341637499999,fixed
16.305493900028523,8,0.905,-0.002504532,-15.653324999999999,2.26660146,14.166259125,fixed
16.329246200009948,8,0.905,-0.002504532,-15.653324999999999,2.26660146,14.166259125,fixed
16.351668800023617,8,0.905,-0.002497957,-15.612231249999999,2.260651085,14.129069281249999,fixed
16.373751200007973,8,0.905,-0.002493573,-15.584831249999997,2.256683565,14.104272281249997,fixed
16.39583850002964,8,0.905,-0.002497017,-15.606356249999997,2.259800385,14.123752406249999,fixed
16.421840300026815,8,0.905,-0.002499836,-15.623975000000002,2.26235158,14.139697375000003,fixed
16.444647900003474,8,0.905,-0.002500148,-15.625925,2.26263394,14.141462125,fixed
16.469257700024173,8,0.905,-0.002503593,-15.64745625,2.2657516650000002,14.16094790625,fixed
16.492794500023592,8,0.905,-0.002508916,-15.680725,2.27056898,14.191056125000001,fixed
16.517881400010083,8,0.905,-0.002503906,-15.6494125,2.2660349300000004,14.162718312500001,fixed
16.54037810000591,8,0.906,-0.002502343,-15.639643750000001,2.267122758,14.169517237500001,fixed
16.56387790001463,8,0.905,-0.002501401,-15.63375625,2.2637679050000004,14.14854940625,fixed
16.58670900002471,8,0.905,-0.002501088,-15.631799999999998,2.26348464,14.146778999999999,fixed
16.6107491000148,8,0.905,-0.002502654,-15.6415875,2.26490187,14.155636687500001,fixed
16.633667900023283,8,0.905,-0.002503906,-15.6494125,2.2660349300000004,14.162718312500001,fixed
16.658036500011804,8,0.905,-0.002499522,-15.622012500000002,2.2620674100000002,14.137921312500003,fixed
16.680549000011524,8,0.905,-0.002505785,-15.66115625,2.267735425,14.17334640625,fixed
16.70510190000641,8,0.905,-0.002500462,-15.627887500000002,2.26291811,14.143238187500002,fixed
16.728348300006473,8,0.906,-0.002502343,-15.639643750000001,2.267122758,14.169517237500001,fixed
16.75264670001343,8,0.905,-0.002503593,-15.64745625,2.2657516650000002,14.16094790625,fixed
16.775494700006675,8,0.905,-0.002502967,-15.64354375,2.2651851350000003,14.157407093749999,fixed
16.8009057000163,8,0.905,-0.002509229,-15.68268125,2.2708522450000004,14.19282653125,fixed
16.823435200029053,8,0.905,-0.002503906,-15.6494125,2.2660349300000004,14.162718312500001,fixed
16.84773850001511,8,0.905,-0.00250328,-15.6455,2.2654684,14.1591775,fixed
16.870393500023056,8,0.905,-0.002511734,-15.698337499999997,2.27311927,14.206995437499998,fixed
16.894899200007785,8,0.905,-0.002511734,-15.698337499999997,2.27311927,14.206995437499998,fixed
16.91762690001633,8,0.905,-0.00250735,-15.6709375,2.2691517500000002,14.1821984375,fixed
16.94169890001649,8,0.905,-0.002508916,-15.680725,2.27056898,14.191056125000001,fixed
16.964410500018857,8,0.905,-0.002506724,-15.667025,2.26858522,14.178657625000001,fixed
16.989354700024705,8,0.905,-0.002509542,-15.684637500000001,2.27113551,14.194596937500002,fixed
17.012313200015342,8,0.905,-0.002512047,-15.700293749999998,2.273402535,14.20876584375,fixed
17.037111100013135,8,0.905,-0.002510795,-15.692468750000002,2.2722694750000003,14.201684218750001,fixed
17.060616700007813,8,0.905,-0.002516118,-15.725737500000001,2.2770867900000002,14.231792437500001,fixed
17.083246400026837,8,0.906,-0.002515808,-15.723799999999999,2.279322048,14.2457628,fixed
17.10671540000476,8,0.905,-0.002511421,-15.69638125,2.272836005,14.20522503125,fixed
17.129186000005575,8,0.905,-0.002515492,-15.721824999999997,2.27652026,14.228251624999999,fixed
17.152608500007773,8,0.905,-0.002518623,-15.741393750000002,2.2793538150000003,14.245961343750002,fixed
17.17603370003053,8,0.905,-0.002514865,-15.717906249999999,2.275952825,14.22470515625,fixed
17.199117600015597,8,0.905,-0.002515179,-15.719868750000002,2.2762369950000005,14.226481218750003,fixed
17.22351220002747,8,0.905,-0.0025133,-15.708125,2.2745365,14.215853125,fixed
17.246431500010658,8,0.905,-0.0025133,-15.708125,2.2745365,14.215853125,fixed
17.269385900028283,8,0.905,-0.002521128,-15.75705,2.28162084,14.26013025,fixed
17.292623000015737,8,0.905,-0.002520815,-15.755093750000002,2.281337575,14.258359843750002,fixed
17.31594280002173,8,0.905,-0.002520815,-15.755093750000002,2.281337575,14.258359843750002,fixed
17.338189700007206,8,0.905,-0.002515179,-15.719868750000002,2.2762369950000005,14.226481218750003,fixed
17.36305360001279,8,0.906,-0.002516121,-15.72575625,2.2796056260000004,14.2475351625,fixed
17.386422300012782,8,0.905,-0.002511734,-15.698337499999997,2.27311927,14.206995437499998,fixed
17.40961800000514,8,0.905,-0.002510795,-15.692468750000002,2.2722694750000003,14.201684218750001,fixed
17.432414800015977,8,0.905,-0.002514552,-15.715950000000001,2.27566956,14.222934750000002,fixed
17.457259900023928,8,0.906,-0.002518313,-15.73945625,2.2815915779999996,14.2599473625,fixed
17.48035350002465,8,0.905,-0.002523633,-15.772706249999999,2.283887865,14.274299156249999,fixed
17.502939900005003,8,0.905,-0.002522067,-15.762918749999999,2.282470635,14.26544146875,fixed
17.527433600014774,8,0.905,-0.002520502,-15.7531375,2.28105431,14.2565894375,fixed
17.55027990002418,8,0.905,-0.002521754,-15.7609625,2.2821873700000004,14.2636710625,fixed
17.573367900011363,8,0.905,-0.002517371,-15.733568749999998,2.278220755,14.238879718749999,fixed
17.598329400003422,8,0.905,-0.002519249,-15.745306249999999,2.279920345,14.24950215625,fixed
17.62125530000776,8,0.905,-0.002523946,-15.7746625,2.2841711300000003,14.2760695625,fixed
17.644369200017536,8,0.906,-0.002519565,-15.74728125,2.28272589,14.2670368125,fixed
17.667838900029892,8,0.905,-0.002521128,-15.75705,2.28162084,14.26013025,fixed
17.689883800019743,8,0.905,-0.002523007,-15.768793749999999,2.283321335,14.27075834375,fixed
17.71309820000897,8,0.905,-0.002520815,-15.755093750000002,2.281337575,14.258359843750002,fixed
17.73839150002459,8,0.905,-0.002512047,-15.700293749999998,2.273402535,14.20876584375,fixed
17.761728100012988,8,0.905,-0.002515492,-15.721824999999997,2.27652026,14.228251624999999,fixed
17.78581960001611,8,0.905,-0.002512047,-15.700293749999998,2.273402535,14.20876584375,fixed
17.809382100007497,8,0.905,-0.0025133,-15.708125,2.2745365,14.215853125,fixed
17.832440700003644,8,0.905,-0.002513926,-15.712037500000001,2.27510303,14.219393937500001,fixed
17.855250400025398,8,0.905,-0.002514865,-15.717906249999999,2.275952825,14.22470515625,fixed
17.878771600022446,8,0.905,-0.002517371,-15.733568749999998,2.278220755,14.238879718749999,fixed
17.901461900008144,8,0.905,-0.002520189,-15.751181249999998,2.280771045,14.25481903125,fixed
17.927114000020083,8,0.905,-0.002516118,-15.725737500000001,2.2770867900000002,14.231792437500001,fixed
17.950435300008394,8,0.905,-0.002517057,-15.731606249999999,2.2779365850000004,14.23710365625,fixed
17.974056700011715,8,0.905,-0.00251236,-15.702250000000001,2.2736858,14.210536250000002,fixed
17.997554400004447,8,0.905,-0.002510795,-15.692468750000002,2.2722694750000003,14.201684218750001,fixed
18.02166960001341,8,0.905,-0.002515805,-15.723781249999998,2.276803525,14.230022031249998,fixed
18.044478500029072,8,0.905,-0.0025133,-15.708125,2.2745365,14.215853125,fixed
18.06978450002498,8,0.905,-0.002510795,-15.692468750000002,2.2722694750000003,14.201684218750001,fixed
18.09340580002754,8,0.905,-0.002509542,-15.684637500000001,2.27113551,14.194596937500002,fixed
18.117693200008944,8,0.905,-0.002509229,-15.68268125,2.2708522450000004,14.19282653125,fixed
18.1413466000231,9,1.004,-0.001809259,-11.307868749999999,1.816496036,11.353100224999999,fixed
18.16489320000983,9,1.006,-0.001816474,-11.352962499999999,1.8273728439999999,11.421080274999998,fixed
18.188309600023786,9,1.006,-0.001818979,-11.368618750000001,1.829892874,11.436830462500001,fixed
18.21246940002311,9,1.006,-0.001823049,-11.394056249999998,1.833987294,11.462420587499999,fixed
18.23602170002414,9,1.006,-0.00182712,-11.419500000000001,1.8380827199999998,11.488017000000001,fixed
18.259198200015817,9,1.006,-0.001825554,-11.409712500000001,1.836507324,11.478170775,fixed
18.281993800017517,9,1.006,-0.001819605,-11.37253125,1.83052263,11.4407664375,fixed
18.30564810000942,9,1.006,-0.001822423,-11.39014375,1.833357538,11.4584846125,fixed
18.32855610002298,9,1.006,-0.001822423,-11.39014375,1.833357538,11.4584846125,fixed
18.352215100021567,9,1.006,-0.001826807,-11.417543749999998,1.837767842,11.486049012499999,fixed
18.374356600019382,9,1.007,-0.001821486,-11.3842875,1.834236402,11.463977512499998,fixed
18.39851970001473,9,1.006,-0.001824928,-11.4058,1.835877568,11.4742348,fixed
18.420469800010324,9,1.006,-0.001828999,-11.43124375,1.839972994,11.4998312125,fixed
18.447656000003917,9,1.006,-0.001830878,-11.4429875,1.841863268,11.511645425,fixed
18.470424200000707,9,1.006,-0.001824615,-11.403843749999998,1.83556269,11.4722668125,fixed
18.4943991000182,9,1.006,-0.001828059,-11.425368749999999,1.839027354,11.493920962499999,fixed
18.517118500021752,9,1.006,-0.001824302,-11.4018875,1.8352478120000002,11.470298825,fixed
18.541260900005,9,1.006,-0.001835574,-11.4723375,1.846587444,11.541171525,fixed
18.564271600014763,9,1.006,-0.001838706,-11.491912500000002,1.849738236,11.560863975000002,fixed
18.587738100002753,9,1.006,-0.001837453,-11.48408125,1.848477718,11.552985737499998,fixed
18.610978600016097,9,1.006,-0.001840897,-11.50560625,1.851942382,11.5746398875,fixed
18.634374300017953,9,1.006,-0.001835888,-11.4743,1.846903328,11.5431458,fixed
18.65750470000785,9,1.006,-0.001835888,-11.4743,1.846903328,11.5431458,fixed
18.681008400017163,9,1.006,-0.001840271,-11.50169375,1.8513126260000001,11.570703912499999,fixed
18.70419899999979,9,1.006,-0.001839645,-11.49778125,1.85068287,11.5667679375,fixed
18.72850950001157,9,1.006,-0.001841837,-11.51148125,1.8528880220000001,11.5805501375,fixed
18.751232800015714,9,1.006,-0.001838392,-11.48995,1.8494223520000002,11.5588897,fixed
18.775469500018517,9,1.006,-0.001837766,-11.4860375,1.848792596,11.554953725,fixed
18.79811060000793,9,1.006,-0.001842776,-11.51735,1.8538326559999998,11.586454100000001,fixed
18.822228300006827,9,1.006,-0.001840584,-11.50365,1.8516275039999999,11.5726719,fixed
18.844746200018562,9,1.006,-0.001834322,-11.4645125,1.845327932,11.533299575,fixed
18.869309400004568,9,1.006,-0.001831817,-11.448856249999999,1.8428079019999999,11.517549387499999,fixed
18.891959600005066,9,1.006,-0.001829938,-11.4371125,1.840917628,11.505735175,fixed
18.916083800024353,9,1.006,-0.001832756,-11.454725,1.843752536,11.52345335,fixed
18.9391336000117,9,1.006,-0.001833069,-11.45668125,1.8440674140000002,11.525421337500001,fixed
18.964004300010856,9,1.006,-0.001840584,-11.50365,1.8516275039999999,11.5726719,fixed
18.987239300011424,9,1.006,-0.001838392,-11.48995,1.8494223520000002,11.5588897,fixed
19.01118130001123,9,1.006,-0.001844655,-11.52909375,1.85572293,11.5982683125,fixed
19.033804600010626,9,1.006,-0.001843089,-11.51930625,1.854147534,11.5884220875,fixed
19.057850000011967,9,1.006,-0.001840584,-11.50365,1.8516275039999999,11.5726719,fixed
19.080816600006074,9,1.006,-0.001839645,-11.49778125,1.85068287,11.5667679375,fixed
19.104273600009037,9,1.006,-0.001840271,-11.50169375,1.8513126260000001,11.570703912499999,fixed
19.127373600000283,9,1.006,-0.001834322,-11.4645125,1.845327932,11.533299575,fixed
19.152022200025385,9,1.006,-0.001840897,-11.50560625,1.851942382,11.5746398875,fixed
19.17483590001939,9,1.006,-0.001841837,-11.51148125,1.8528880220000001,11.5805501375,fixed
19.19937950000167,9,1.006,-0.001842776,-11.51735,1.8538326559999998,11.586454100000001,fixed
19.22211210001842,9,1.006,-0.001846221,-11.538881250000001,1.857298326,11.6081145375,fixed
19.247858700022334,9,1.006,-0.001844342,-11.527137499999998,1.8554080519999998,11.596300324999998,fixed
19.271088100009365,9,1.006,-0.001843716,-11.523225,1.8547782959999999,11.59236435,fixed
19.29366740002297,9,1.006,-0.001844029,-11.525181250000001,1.855093174,11.594332337500001,fixed
19.317491000023438,9,1.006,-0.001843089,-11.51930625,1.854147534,11.5884220875,fixed
19.340232500020647,9,1.006,-0.001840271,-11.50169375,1.8513126260000001,11.570703912499999,fixed
19.36285930001759,9,1.006,-0.001839332,-11.495825,1.850367992,11.56479995,fixed
19.387509000021964,9,1.006,-0.00183714,-11.482125,1.8481628399999999,11.55101775,fixed
19.4108292000019,9,1.006,-0.001839645,-11.49778125,1.85068287,11.5667679375,fixed
19.4335891000228,9,1.006,-0.001839958,-11.4997375,1.8509977480000002,11.568735925,fixed
19.456986300006974,9,1.006,-0.001836827,-11.480168749999999,1.8478479620000001,11.5490497625,fixed
19.481426500016823,9,1.006,-0.001839958,-11.4997375,1.8509977480000002,11.568735925,fixed
19.50407530000666,9,1.006,-0.001841837,-11.51148125,1.8528880220000001,11.5805501375,fixed
19.52820050000446,9,1.006,-0.001841524,-11.509525,1.852573144,11.57858215,fixed
19.55091240000911,9,1.006,-0.001841837,-11.51148125,1.8528880220000001,11.5805501375,fixed
19.576335999998264,9,1.006,-0.001840584,-11.50365,1.8516275039999999,11.5726719,fixed
19.598819700011518,9,1.006,-0.001839958,-11.4997375,1.8509977480000002,11.568735925,fixed
19.622625100018922,9,1.006,-0.001840897,-11.50560625,1.851942382,11.5746398875,fixed
19.645794700016268,9,1.006,-0.001834635,-11.46646875,1.84564281,11.535267562500001,fixed
19.66969060001429,9,1.006,-0.001834009,-11.46255625,1.845013054,11.5313315875,fixed
19.69266410000273,9,1.006,-0.001830251,-11.43906875,1.841232506,11.5077031625,fixed
19.715706600021804,9,1.006,-0.001833383,-11.45864375,1.8443832980000001,11.5273956125,fixed
19.73882520000916,9,1.006,-0.001843716,-11.523225,1.8547782959999999,11.59236435,fixed
19.761599999997998,9,1.006,-0.001844029,-11.525181250000001,1.855093174,11.594332337500001,fixed
19.78499620000366,9,1.006,-0.001846534,-11.540837499999999,1.857613204,11.610082525,fixed
19.807989399996586,9,1.006,-0.001845594,-11.5349625,1.856667564,11.604172275000002,fixed
19.830790000007255,9,1.006,-0.001840584,-11.50365,1.8516275039999999,11.5726719,fixed
19.854479700006777,9,1.006,-0.001837766,-11.4860375,1.848792596,11.554953725,fixed
19.877968000015244,9,1.006,-0.001838392,-11.48995,1.8494223520000002,11.5588897,fixed
19.901087700010976,9,1.006,-0.001839958,-11.4997375,1.8509977480000002,11.568735925,fixed
19.923913600010565,9,1.006,-0.001842463,-11.51539375,1.853517778,11.584486112499999,fixed
19.947772000014083,9,1.006,-0.001843716,-11.523225,1.8547782959999999,11.59236435,fixed
19.970541700022295,9,1.006,-0.001843716,-11.523225,1.8547782959999999,11.59236435,fixed
19.994810200005304,9,1.006,-0.001850918,-11.5682375,1.862023508,11.637646925,fixed
20.018036399997072,9,1.006,-0.001844342,-11.527137499999998,1.8554080519999998,11.596300324999998,fixed
20.041585400002077,9,1.006,-0.001843403,-11.521268749999999,1.8544634180000001,11.5903963625,fixed
20.06498150000698,9,1.006,-0.001844655,-11.52909375,1.85572293,11.5982683125,fixed
20.088927800010424,9,1.006,-0.001841211,-11.507568749999999,1.852258266,11.576614162499999,fixed
20.111792500014417,9,1.006,-0.001846847,-11.54279375,1.857928082,11.6120505125,fixed
20.13547649999964,9,1.006,-0.001851857,-11.574106249999998,1.862968142,11.643550887499998,fixed
20.15988130000187,10,0.906,-0.002552446,-15.952787499999998,2.3125160759999996,14.453225474999998,fixed
20.182464200013783,10,0.905,-0.002547431,-15.92144375,2.305425055,14.40890659375,fixed
20.20574080001097,10,0.905,-0.002543047,-15.89404375,2.3014575350000004,14.38410959375,fixed
20.228978300001472,10,0.905,-0.002541794,-15.8862125,2.30032357,14.3770223125,fixed
20.252230500016594,10,0.905,-0.002543673,-15.89795625,2.3020240650000003,14.38765040625,fixed
20.275745100021595,10,0.905,-0.002538976,-15.868599999999999,2.29777328,14.361082999999999,fixed
20.299572600022657,10,0.905,-0.002539289,-15.87055625,2.298056545,14.36285340625,fixed
20.32251460000407,10,0.905,-0.002541794,-15.8862125,2.30032357,14.3770223125,fixed
20.345572100020945,10,0.905,-0.002534279,-15.839243750000001,2.293522495,14.334515593750002,fixed
20.369630800007144,10,0.905,-0.002536158,-15.850987500000002,2.2952229900000005,14.345143687500002,fixed
20.39268900002935,10,0.906,-0.002542736,-15.892099999999997,2.303718816,14.398242599999998,fixed
20.415786700003082,10,0.905,-0.002543673,-15.89795625,2.3020240650000003,14.38765040625,fixed
20.43851320000249,10,0.905,-0.002540855,-15.880343749999998,2.2994737749999996,14.37171109375,fixed
20.46402510002372,10,0.905,-0.002541168,-15.882299999999999,2.29975704,14.373481499999999,fixed
20.486529900023015,10,0.905,-0.002532714,-15.829462500000002,2.2921061700000003,14.325663562500003,fixed
20.510907100018812,10,0.905,-0.002529896,-15.81185,2.28955588,14.30972425,fixed
20.533539200027008,10,0.905,-0.002529582,-15.8098875,2.28927171,14.307948187500001,fixed
20.55837870002142,10,0.905,-0.002532087,-15.825543750000001,2.291538735,14.322117093750002,fixed
20.581666000012774,10,0.905,-0.002539915,-15.874468749999998,2.2986230749999996,14.36639421875,fixed
20.604539200023282,10,0.905,-0.002535532,-15.847074999999998,2.29465646,14.341602875,fixed
20.62802790000569,10,0.905,-0.002532401,-15.82750625,2.291822905,14.323893156250001,fixed
20.650825900025666,10,0.905,-0.002530209,-15.813806249999997,2.289839145,14.311494656249998,fixed
20.67364870000165,10,0.905,-0.002531774,-15.8235875,2.2912554700000003,14.3203466875,fixed
20.69660050002858,10,0.905,-0.00252833,-15.8020625,2.2881386500000005,14.3008665625,fixed
20.719543400016846,10,0.906,-0.002528332,-15.802074999999999,2.290668792,14.31667995,fixed
20.743107700021937,10,0.905,-0.002533653,-15.835331249999998,2.292955965,14.330974781249997,fixed
20.765734800021164,10,0.905,-0.002527391,-15.796193749999999,2.287288855,14.29555534375,fixed
20.791838000004645,10,0.905,-0.002528017,-15.80010625,2.2878553850000003,14.299096156250002,fixed
20.814644500002032,10,0.905,-0.002532401,-15.82750625,2.291822905,14.323893156250001,fixed
20.838543900026707,10,0.905,-0.002531148,-15.819675,2.29068894,14.316805875,fixed
20.861581900011515,10,0.905,-0.002534906,-15.843162499999998,2.29408993,14.338062062499999,fixed
20.88484030001564,10,0.905,-0.002527391,-15.796193749999999,2.287288855,14.29555534375,fixed
20.90811400001985,10,0.905,-0.002526451,-15.790318749999999,2.286438155,14.29023846875,fixed
20.931658600020455,10,0.905,-0.002532087,-15.825543750000001,2.291538735,14.322117093750002,fixed
20.954773600009503,10,0.905,-0.002535532,-15.847074999999998,2.29465646,14.341602875,fixed
20.9797407000151,10,0.905,-0.002527391,-15.796193749999999,2.287288855,14.29555534375,fixed
21.00250160001451,10,0.905,-0.002531774,-15.8235875,2.2912554700000003,14.3203466875,fixed
21.025348300026963,10,0.905,-0.002524259,-15.77661875,2.284454395,14.277839968750001,fixed
21.0483795000182,10,0.905,-0.002522381,-15.76488125,2.282754805,14.267217531250001,fixed
21.071571500011487,10,0.905,-0.002523633,-15.772706249999999,2.283887865,14.274299156249999,fixed
21.09436870002537,10,0.905,-0.002524259,-15.77661875,2.284454395,14.277839968750001,fixed
21.119629200024065,10,0.905,-0.002523946,-15.7746625,2.2841711300000003,14.2760695625,fixed
21.142387800005963,10,0.905,-0.002529896,-15.81185,2.28955588,14.30972425,fixed
21.165821600006893,10,0.905,-0.002530522,-15.8157625,2.29012241,14.313265062500001,fixed
21.188702600018587,10,0.905,-0.002526764,-15.792275,2.2867214199999997,14.292008875,fixed
21.21240710001439,10,0.906,-0.002529585,-15.80990625,2.29180401,14.3237750625,fixed
21.235697600030107,10,0.905,-0.002527391,-15.796193749999999,2.287288855,14.29555534375,fixed
21.261813100019936,10,0.905,-0.002521128,-15.75705,2.28162084,14.26013025,fixed
21.292478400020627,10,0.905,-0.002523633,-15.772706249999999,2.283887865,14.274299156249999,fixed
21.31542320002336,10,0.905,-0.002524886,-15.7805375,2.2850218300000003,14.2813864375,fixed
21.338355700019747,10,0.905,-0.002525825,-15.78640625,2.2858716250000004,14.28669765625,fixed
21.361427400028333,10,0.905,-0.002527391,-15.796193749999999,2.287288855,14.29555534375,fixed
21.38475080000353,10,0.905,-0.002526138,-15.7883625,2.2861548899999997,14.2884680625,fixed
21.408024700009264,10,0.905,-0.002521441,-15.75900625,2.281904105,14.26190065625,fixed
21.4301602000196,10,0.905,-0.002518623,-15.741393750000002,2.2793538150000003,14.245961343750002,fixed
21.45369780002511,10,0.905,-0.002517684,-15.735524999999999,2.27850402,14.240650125,fixed
21.478690100018866,10,0.905,-0.002512047,-15.700293749999998,2.273402535,14.20876584375,fixed
21.501707300019916,10,0.905,-0.002525825,-15.78640625,2.2858716250000004,14.28669765625,fixed
21.525207000027876,10,0.905,-0.002529269,-15.807931249999998,2.288988445,14.306177781249998,fixed
21.54851520000375,10,0.905,-0.002526451,-15.790318749999999,2.286438155,14.29023846875,fixed
21.572545900009573,10,0.905,-0.002529582,-15.8098875,2.28927171,14.307948187500001,fixed
21.59580830001505,10,0.905,-0.002529582,-15.8098875,2.28927171,14.307948187500001,fixed
21.620247600018047,10,0.905,-0.002530209,-15.813806249999997,2.289839145,14.311494656249998,fixed
21.64363560001948,10,0.905,-0.002535532,-15.847074999999998,2.29465646,14.341602875,fixed
21.66813030000776,10,0.905,-0.002532401,-15.82750625,2.291822905,14.323893156250001,fixed
21.691657700022915,10,0.905,-0.002530835,-15.817718749999997,2.290405675,14.315035468749999,fixed
21.714368000015384,10,0.905,-0.002531774,-15.8235875,2.2912554700000003,14.3203466875,fixed
21.737576400017133,10,0.905,-0.002529582,-15.8098875,2.28927171,14.307948187500001,fixed
21.763698000024306,10,0.905,-0.002529269,-15.807931249999998,2.288988445,14.306177781249998,fixed
21.78657120000571,10,0.905,-0.002525199,-15.78249375,2.285305095,14.283156843750001,fixed
21.81054970002151,10,0.905,-0.002521128,-15.75705,2.28162084,14.26013025,fixed
21.833488000003854,10,0.905,-0.002519562,-15.7472625,2.28020361,14.2512725625,fixed
21.85870630000136,10,0.905,-0.002520815,-15.755093750000002,2.281337575,14.258359843750002,fixed
21.881569000019226,10,0.905,-0.002523633,-15.772706249999999,2.283887865,14.274299156249999,fixed
21.904485900013242,10,0.905,-0.002526138,-15.7883625,2.2861548899999997,14.2884680625,fixed
21.92796030000318,10,0.905,-0.002520189,-15.751181249999998,2.280771045,14.25481903125,fixed
21.950619400013238,10,0.905,-0.002517684,-15.735524999999999,2.27850402,14.240650125,fixed
21.97324240001035,10,0.905,-0.002522381,-15.76488125,2.282754805,14.267217531250001,fixed
21.995755400013877,10,0.905,-0.002521128,-15.75705,2.28162084,14.26013025,fixed
22.017584200017154,10,0.905,-0.002523633,-15.772706249999999,2.283887865,14.274299156249999,fixed
22.04284780001035,10,0.905,-0.002522694,-15.7668375,2.28303807,14.2689879375,fixed
22.065262500022072,10,0.905,-0.002521754,-15.7609625,2.2821873700000004,14.2636710625,fixed
22.090040200011572,10,0.905,-0.002523946,-15.7746625,2.2841711300000003,14.2760695625,fixed
22.113238600024488,10,0.905,-0.002527391,-15.796193749999999,2.287288855,14.29555534375,fixed
22.13732860001619,10,0.905,-0.002524572,-15.778575,2.2847376600000002,14.279610375,fixed
22.161309800023446,11,0.806,-0.002775201,-17.34500625,2.2368120060000005,13.9800750375,fixed
22.18530950002605,11,0.805,-0.002771439,-17.32149375,2.2310083950000004,13.94380246875,fixed
22.20847870002035,11,0.805,-0.002762045,-17.26278125,2.223446225,13.89653890625,fixed
22.23240540002007,11,0.805,-0.002760792,-17.25495,2.2224375600000004,13.890234750000001,fixed
22.255381800001487,11,0.805,-0.002760166,-17.2510375,2.22193363,13.8870851875,fixed
22.279922100016847,11,0.805,-0.002757974,-17.2373375,2.22016907,13.8760566875,fixed
22.30228750000242,11,0.805,-0.002760792,-17.25495,2.2224375600000004,13.890234750000001,fixed
22.32663270001649,11,0.805,-0.002757974,-17.2373375,2.22016907,13.8760566875,fixed
22.349281300004805,11,0.805,-0.002756722,-17.2295125,2.21916121,13.8697575625,fixed
22.373759500012966,11,0.804,-0.002757346,-17.2334125,2.216906184,13.85566365,fixed
22.39572160001262,11,0.804,-0.002756406,-17.227537499999997,2.2161504240000003,13.850940149999998,fixed
22.421366400027182,11,0.805,-0.002757974,-17.2373375,2.22016907,13.8760566875,fixed
22.44415900000604,11,0.805,-0.002760166,-17.2510375,2.22193363,13.8870851875,fixed
22.468075000011595,11,0.805,-0.002753278,-17.207987499999998,2.21638879,13.852429937499998,fixed
22.491165700019337,11,0.805,-0.002752338,-17.2021125,2.21563209,13.8477005625,fixed
22.516147600021213,11,0.804,-0.002756406,-17.227537499999997,2.2161504240000003,13.850940149999998,fixed
22.53907350002555,11,0.804,-0.002755154,-17.2197125,2.2151438160000003,13.84464885,fixed
22.562548300018534,11,0.805,-0.002757661,-17.235381249999996,2.219917105,13.874481906249997,fixed
22.585506500006886,11,0.804,-0.002755154,-17.2197125,2.2151438160000003,13.84464885,fixed
22.608699800010072,11,0.805,-0.002750146,-17.1884125,2.2138675300000004,13.8366720625,fixed
22.631441600009566,11,0.805,-0.002752025,-17.20015625,2.2153801250000003,13.84612578125,fixed
22.655552900017938,11,0.805,-0.002756095,-17.22559375,2.218656475,13.866602968750001,fixed
22.678313600015827,11,0.805,-0.002756722,-17.2295125,2.21916121,13.8697575625,fixed
22.7024029000022,11,0.805,-0.002758601,-17.241256249999996,2.220673805,13.879211281249997,fixed
22.725410600018222,11,0.805,-0.002759853,-17.24908125,2.221681665,13.88551040625,fixed
22.749666800023988,11,0.805,-0.002752964,-17.206025,2.2161360200000004,13.850850125000001,fixed
22.772805500018876,11,0.805,-0.002753904,-17.211900000000004,2.2168927200000006,13.855579500000003,fixed
22.797392100008437,11,0.805,-0.00275359,-17.2099375,2.2166399500000002,13.8539996875,fixed
22.820366300002206,11,0.804,-0.002753901,-17.211881249999998,2.2141364040000004,13.838352525,fixed
22.84438350002165,11,0.804,-0.002758911,-17.243193750000003,2.218164444,13.863527775000003,fixed
22.867708900012076,11,0.805,-0.002753278,-17.207987499999998,2.21638879,13.852429937499998,fixed
22.893929800018668,11,0.805,-0.002751086,-17.194287499999998,2.21462423,13.8414014375,fixed
22.917563800001517,11,0.805,-0.002753278,-17.207987499999998,2.21638879,13.852429937499998,fixed
22.94014820002485,11,0.805,-0.002758601,-17.241256249999996,2.220673805,13.879211281249997,fixed
22.963239200005773,11,0.805,-0.002763924,-17.274525,2.2249588200000003,13.905992625000001,fixed
22.986054200009676,11,0.804,-0.002762356,-17.264725,2.2209342240000005,13.8808389,fixed
23.00902720002341,11,0.805,-0.00275453,-17.2158125,2.21739665,13.8587290625,fixed
23.031786900013685,11,0.805,-0.002755156,-17.219725,2.21790058,13.861878625000001,fixed
23.05498310000985,11,0.805,-0.002756095,-17.22559375,2.218656475,13.866602968750001,fixed
23.080147300002864,11,0.805,-0.002756095,-17.22559375,2.218656475,13.866602968750001,fixed
23.103309700003592,11,0.805,-0.002760166,-17.2510375,2.22193363,13.8870851875,fixed
23.126052800012985,11,0.805,-0.002758288,-17.2393,2.2204218399999998,13.877636500000001,fixed
23.148926600028062,11,0.804,-0.002754841,-17.217756249999997,2.214892164,13.843076024999998,fixed
23.172099000017624,11,0.805,-0.002758288,-17.2393,2.2204218399999998,13.877636500000001,fixed
23.195203200011747,11,0.804,-0.002761416,-17.25885,2.220178464,13.8761154,fixed
23.21886620001169,11,0.805,-0.002761419,-17.25886875,2.2229422950000006,13.893389343750002,fixed
23.242145300027914,11,0.805,-0.002763611,-17.27256875,2.224706855,13.904417843750002,fixed
23.26644910001778,11,0.805,-0.002758288,-17.2393,2.2204218399999998,13.877636500000001,fixed
23.288820200017653,11,0.805,-0.002759227,-17.24516875,2.221177735,13.882360843750002,fixed
23.31327510002302,11,0.805,-0.002762045,-17.26278125,2.223446225,13.89653890625,fixed
23.33598790000542,11,0.805,-0.002760479,-17.25299375,2.2221855950000005,13.888659968750002,fixed
23.360701300029177,11,0.805,-0.002759853,-17.24908125,2.221681665,13.88551040625,fixed
23.384094900015043,11,0.805,-0.002762984,-17.268649999999997,2.22420212,13.90126325,fixed
23.407895200012717,11,0.805,-0.002757974,-17.2373375,2.22016907,13.8760566875,fixed
23.43097490002401,11,0.805,-0.002761106,-17.256912500000002,2.2226903300000003,13.891814562500002,fixed
23.453824200027157,11,0.805,-0.002762984,-17.268649999999997,2.22420212,13.90126325,fixed
23.477284500026144,11,0.805,-0.002761419,-17.25886875,2.2229422950000006,13.893389343750002,fixed
23.50038310000673,11,0.805,-0.002755783,-17.22364375,2.218405315,13.865033218750002,fixed
23.522871300025145,11,0.804,-0.002758285,-17.239281249999998,2.21766114,13.860382125,fixed
23.55144090001704,11,0.805,-0.002752964,-17.206025,2.2161360200000004,13.850850125000001,fixed
23.578498100017896,11,0.805,-0.002755156,-17.219725,2.21790058,13.861878625000001,fixed
23.60111830002279,11,0.805,-0.002759227,-17.24516875,2.221177735,13.882360843750002,fixed
23.625116500013974,11,0.805,-0.002761419,-17.25886875,2.2229422950000006,13.893389343750002,fixed
23.648284100025194,11,0.804,-0.002761103,-17.25689375,2.219926812,13.874542575000001,fixed
23.67240710000624,11,0.805,-0.002757974,-17.2373375,2.22016907,13.8760566875,fixed
23.695142300013686,11,0.805,-0.002757348,-17.233425,2.2196651400000005,13.872907125000001,fixed
23.71957190000103,11,0.804,-0.002757346,-17.2334125,2.216906184,13.85566365,fixed
23.74315110000316,11,0.805,-0.002763924,-17.274525,2.2249588200000003,13.905992625000001,fixed
23.766674900020007,11,0.805,-0.002765176,-17.282349999999997,2.22596668,13.91229175,fixed
23.78976200002944,11,0.805,-0.002757661,-17.235381249999996,2.219917105,13.874481906249997,fixed
23.81271800000104,11,0.804,-0.002758598,-17.2412375,2.2179127920000004,13.861954950000001,fixed
23.83586020002258,11,0.804,-0.002753588,-17.209925000000002,2.2138847520000002,13.836779700000003,fixed
23.85968760002288,11,0.805,-0.002757348,-17.233425,2.2196651400000005,13.872907125000001,fixed
23.88479210002697,11,0.805,-0.002760479,-17.25299375,2.2221855950000005,13.888659968750002,fixed
23.90796360000968,11,0.805,-0.00275954,-17.247125,2.2214297000000003,13.883935625000001,fixed
23.931033700006083,11,0.805,-0.002758914,-17.2432125,2.22092577,13.8807860625,fixed
23.954355800000485,11,0.805,-0.002763611,-17.27256875,2.224706855,13.904417843750002,fixed
23.977397500013467,11,0.805,-0.002760166,-17.2510375,2.22193363,13.8870851875,fixed
24.00114430001122,11,0.805,-0.002754843,-17.217768749999998,2.2176486150000003,13.86030384375,fixed
24.02380500000436,11,0.805,-0.002757974,-17.2373375,2.22016907,13.8760566875,fixed
24.048625300027197,11,0.804,-0.002755467,-17.221668750000003,2.215395468,13.846221675000002,fixed
24.07189840002684,11,0.804,-0.002757346,-17.2334125,2.216906184,13.85566365,fixed
24.100595700001577,11,0.805,-0.002758914,-17.2432125,2.22092577,13.8807860625,fixed
24.128042200027267,11,0.804,-0.002758598,-17.2412375,2.2179127920000004,13.861954950000001,fixed
24.150779300020076,11,0.804,-0.002754841,-17.217756249999997,2.214892164,13.843076024999998,fixed
24.17534099999466,12,0.904,-0.00251079,-15.6924375,2.26975416,14.185963500000002,fixed
24.197829999990063,12,0.905,-0.002515492,-15.721824999999997,2.27652026,14.228251624999999,fixed
24.22213379997993,12,0.905,-0.002520189,-15.751181249999998,2.280771045,14.25481903125,fixed
24.245050599973183,12,0.905,-0.002521441,-15.75900625,2.281904105,14.26190065625,fixed
24.269937099976232,12,0.905,-0.002519562,-15.7472625,2.28020361,14.2512725625,fixed
24.29296219997923,12,0.905,-0.002523633,-15.772706249999999,2.283887865,14.274299156249999,fixed
24.316918999975314,12,0.905,-0.002525199,-15.78249375,2.285305095,14.283156843750001,fixed
24.339651399990544,12,0.905,-0.002521441,-15.75900625,2.281904105,14.26190065625,fixed
24.36503869999433,12,0.905,-0.002523946,-15.7746625,2.2841711300000003,14.2760695625,fixed
24.38828669997747,12,0.905,-0.002525825,-15.78640625,2.2858716250000004,14.28669765625,fixed
24.410421199980192,12,0.905,-0.002526764,-15.792275,2.2867214199999997,14.292008875,fixed
24.43398739999975,12,0.905,-0.002537411,-15.858818749999998,2.296356955,14.352230968749998,fixed
24.456741199974203,12,0.905,-0.002536784,-15.854899999999999,2.29578952,14.3486845,fixed
24.47997449999093,12,0.905,-0.002533966,-15.837287499999999,2.2932392299999997,14.332745187499999,fixed
24.502683099999558,12,0.905,-0.002535532,-15.847074999999998,2.29465646,14.341602875,fixed
24.52592299997923,12,0.905,-0.002538037,-15.86273125,2.296923485,14.35577178125,fixed
24.550081900000805,12,0.905,-0.002533966,-15.837287499999999,2.2932392299999997,14.332745187499999,fixed
24.572624599997653,12,0.905,-0.002534593,-15.84120625,2.293806665,14.336291656250001,fixed
24.59636359999422,12,0.905,-0.002540855,-15.880343749999998,2.2994737749999996,14.37171109375,fixed
24.619462399976328,12,0.905,-0.002542108,-15.888174999999999,2.3006077400000002,14.378798374999999,fixed
24.643376299994998,12,0.905,-0.002545239,-15.90774375,2.303441295,14.39650809375,fixed
24.666934399981983,12,0.905,-0.002543673,-15.89795625,2.3020240650000003,14.38765040625,fixed
24.691773799975635,12,0.905,-0.002538976,-15.868599999999999,2.29777328,14.361082999999999,fixed
24.71473199999309,12,0.905,-0.002542734,-15.8920875,2.30117427,14.382339187500001,fixed
24.739115499978652,12,0.905,-0.00253835,-15.864687499999999,2.29720675,14.3575421875,fixed
24.761562299972866,12,0.905,-0.002540855,-15.880343749999998,2.2994737749999996,14.37171109375,fixed
24.785841899982188,12,0.905,-0.002541168,-15.882299999999999,2.29975704,14.373481499999999,fixed
24.808574299997417,12,0.905,-0.002536471,-15.852943750000001,2.2955062550000003,14.346914093750001,fixed
24.832376499980455,12,0.905,-0.002534279,-15.839243750000001,2.293522495,14.334515593750002,fixed
24.855509899993194,12,0.905,-0.00253835,-15.864687499999999,2.29720675,14.3575421875,fixed
24.879657099983888,12,0.905,-0.002537411,-15.858818749999998,2.296356955,14.352230968749998,fixed
24.90272409998579,12,0.905,-0.002546491,-15.91556875,2.304574355,14.40358971875,fixed
24.927011499996297,12,0.905,-0.002549936,-15.937100000000001,2.3076920800000003,14.423075500000001,fixed
24.94975309999427,12,0.905,-0.002545239,-15.90774375,2.303441295,14.39650809375,fixed
24.97428499997477,12,0.905,-0.002547744,-15.923399999999999,2.30570832,14.410677,fixed
24.997801899997285,12,0.905,-0.002538037,-15.86273125,2.296923485,14.35577178125,fixed
25.02023460000055,12,0.905,-0.002534593,-15.84120625,2.293806665,14.336291656250001,fixed
25.04181759999483,12,0.905,-0.002537411,-15.858818749999998,2.296356955,14.352230968749998,fixed
25.067647599993506,12,0.905,-0.002538037,-15.86273125,2.296923485,14.35577178125,fixed
25.090442299988354,12,0.905,-0.002534279,-15.839243750000001,2.293522495,14.334515593750002,fixed
25.115428099990822,12,0.906,-0.002541484,-15.884275,2.302584504,14.391153150000001,fixed
25.138342399994144,12,0.905,-0.002534593,-15.84120625,2.293806665,14.336291656250001,fixed
25.162828000000445,12,0.905,-0.00253334,-15.833374999999998,2.2926727,14.329204375,fixed
25.185704499977874,12,0.905,-0.002536158,-15.850987500000002,2.2952229900000005,14.345143687500002,fixed
25.209427800000412,12,0.905,-0.002538037,-15.86273125,2.296923485,14.35577178125,fixed
25.232681800000137,12,0.905,-0.002539915,-15.874468749999998,2.2986230749999996,14.36639421875,fixed
25.257030799984932,12,0.905,-0.002542734,-15.8920875,2.30117427,14.382339187500001,fixed
25.2796965999878,12,0.905,-0.002537098,-15.856862499999998,2.29607369,14.350460562499999,fixed
25.303906199987978,12,0.905,-0.002536471,-15.852943750000001,2.2955062550000003,14.346914093750001,fixed
25.32648099999642,12,0.905,-0.002537098,-15.856862499999998,2.29607369,14.350460562499999,fixed
25.351529499981552,12,0.905,-0.002531148,-15.819675,2.29068894,14.316805875,fixed
25.374738299986348,12,0.905,-0.002538037,-15.86273125,2.296923485,14.35577178125,fixed
25.399162699992303,12,0.905,-0.002537098,-15.856862499999998,2.29607369,14.350460562499999,fixed
25.422580899990862,12,0.905,-0.002538037,-15.86273125,2.296923485,14.35577178125,fixed
25.445294499979354,12,0.905,-0.002538037,-15.86273125,2.296923485,14.35577178125,fixed
25.46855069999583,12,0.905,-0.002539603,-15.87251875,2.298340715,14.36462946875,fixed
25.49141759998747,12,0.905,-0.002543673,-15.89795625,2.3020240650000003,14.38765040625,fixed
25.514704000001075,12,0.906,-0.002544615,-15.903843750000002,2.30542119,14.408882437500003,fixed
25.538405499974033,12,0.905,-0.002543047,-15.89404375,2.3014575350000004,14.38410959375,fixed
25.561529300000984,12,0.905,-0.002543986,-15.8999125,2.30230733,14.3894208125,fixed
25.584522799996193,12,0.905,-0.002544299,-15.901868749999997,2.302590595,14.391191218749997,fixed
25.607518799981335,12,0.905,-0.002542108,-15.888174999999999,2.3006077400000002,14.378798374999999,fixed
25.63097289999132,12,0.905,-0.002540229,-15.87643125,2.298907245,14.36817028125,fixed
25.653193099977216,12,0.905,-0.002542421,-15.89013125,2.300891005,14.38056878125,fixed
25.67968919998384,12,0.905,-0.002542108,-15.888174999999999,2.3006077400000002,14.378798374999999,fixed
25.703121799975634,12,0.905,-0.002542734,-15.8920875,2.30117427,14.382339187500001,fixed
25.727041799982544,12,0.905,-0.002543986,-15.8999125,2.30230733,14.3894208125,fixed
25.750589999981457,12,0.905,-0.00253835,-15.864687499999999,2.29720675,14.3575421875,fixed
25.7736097999732,12,0.905,-0.002537724,-15.860774999999999,2.29664022,14.354001375,fixed
25.796587099990575,12,0.905,-0.002533966,-15.837287499999999,2.2932392299999997,14.332745187499999,fixed
25.82177659997251,12,0.905,-0.002531774,-15.8235875,2.2912554700000003,14.3203466875,fixed
25.84438679998857,12,0.905,-0.002541168,-15.882299999999999,2.29975704,14.373481499999999,fixed
25.869501899986062,12,0.905,-0.002542108,-15.888174999999999,2.3006077400000002,14.378798374999999,fixed
25.892310099996394,12,0.905,-0.002541794,-15.8862125,2.30032357,14.3770223125,fixed
25.915592199977254,12,0.905,-0.002540852,-15.880325000000001,2.29947106,14.371694125000001,fixed
25.93849639999098,12,0.905,-0.002537411,-15.858818749999998,2.296356955,14.352230968749998,fixed
25.961479599995073,12,0.905,-0.002544612,-15.903825,2.30287386,14.392961625,fixed
25.983572799974354,12,0.905,-0.002548683,-15.92926875,2.306558115,14.41598821875,fixed
26.009381399984704,12,0.905,-0.002549622,-15.935137500000002,2.3074079100000002,14.421299437500002,fixed
26.03224760000012,12,0.905,-0.002545865,-15.91165625,2.3040078250000002,14.400048906250001,fixed
26.05839439999545,12,0.905,-0.002545552,-15.909699999999999,2.30372456,14.3982785,fixed
26.081248399976175,12,0.905,-0.002541168,-15.882299999999999,2.29975704,14.373481499999999,fixed
26.107586399972206,12,0.906,-0.002544615,-15.903843750000002,2.30542119,14.408882437500003,fixed
26.130279599979986,12,0.905,-0.002542734,-15.8920875,2.30117427,14.382339187500001,fixed
26.153231599979335,12,0.905,-0.002549936,-15.937100000000001,2.3076920800000003,14.423075500000001,fixed
26.177501100028167,13,1.005,-0.001834001,-11.46250625,1.8431710049999999,11.519818781249999,fixed
26.20150810002815,13,1.006,-0.001840584,-11.50365,1.8516275039999999,11.5726719,fixed
26.224204900005134,13,1.006,-0.001848726,-11.554537499999999,1.859818356,11.623864724999999,fixed
26.248254700010875,13,1.006,-0.001848099,-11.55061875,1.859187594,11.6199224625,fixed
26.27161750002415,13,1.006,-0.001848099,-11.55061875,1.859187594,11.6199224625,fixed
26.294856900029117,13,1.006,-0.001849978,-11.562362499999999,1.861077868,11.631736674999999,fixed
26.31762760001584,13,1.006,-0.001849039,-11.55649375,1.860133234,11.6258327125,fixed
26.34200580001925,13,1.006,-0.001845281,-11.53300625,1.856352686,11.6022042875,fixed
26.365181200002553,13,1.006,-0.001846534,-11.540837499999999,1.857613204,11.610082525,fixed
26.3903417000256,13,1.006,-0.001843403,-11.521268749999999,1.8544634180000001,11.5903963625,fixed
26.4131686000037,13,1.006,-0.001849039,-11.55649375,1.860133234,11.6258327125,fixed
26.43780440001865,13,1.006,-0.001848413,-11.55258125,1.859503478,11.6218967375,fixed
26.4605013000255,13,1.006,-0.001852483,-11.57801875,1.863597898,11.6474868625,fixed
26.485295000020415,13,1.006,-0.001852796,-11.579975000000001,1.863912776,11.649454850000001,fixed
26.508735000010347,13,1.006,-0.001854049,-11.58780625,1.865173294,11.6573330875,fixed
26.533427100017434,13,1.006,-0.001846847,-11.54279375,1.857928082,11.6120505125,fixed
26.556554300012067,13,1.006,-0.001847473,-11.546706250000002,1.858557838,11.6159864875,fixed
26.580275600019377,13,1.006,-0.00184716,-11.54475,1.85824296,11.6140185,fixed
26.603191400005016,13,1.006,-0.001853109,-11.581931249999998,1.864227654,11.651422837499998,fixed
26.631441400008043,13,1.006,-0.001853736,-11.585849999999999,1.864858416,11.6553651,fixed
26.65868320001755,13,1.006,-0.001856554,-11.6034625,1.8676933240000002,11.673083275,fixed
26.68128700001398,13,1.006,-0.001855614,-11.5975875,1.8667476840000001,11.667173025,fixed
26.7068072000111,13,1.006,-0.001856867,-11.605418749999998,1.8680082019999997,11.675051262499998,fixed
26.729121500015026,13,1.006,-0.001849978,-11.562362499999999,1.861077868,11.631736674999999,fixed
26.754732100002002,13,1.006,-0.001853423,-11.58389375,1.8645435380000002,11.6533971125,fixed
26.778177900006995,13,1.006,-0.001854362,-11.5897625,1.865488172,11.659301075,fixed
26.800240500015207,13,1.006,-0.001854362,-11.5897625,1.865488172,11.659301075,fixed
26.82246030002716,13,1.006,-0.001854675,-11.59171875,1.86580305,11.6612690625,fixed
26.848978200025158,13,1.006,-0.001852483,-11.57801875,1.863597898,11.6474868625,fixed
26.872044800024014,13,1.006,-0.00185217,-11.5760625,1.86328302,11.645518875,fixed
26.89879160001874,13,1.006,-0.001854988,-11.593675,1.866117928,11.66323705,fixed
26.92209370000637,13,1.006,-0.001850918,-11.5682375,1.862023508,11.637646925,fixed
26.945065800013253,13,1.006,-0.001855301,-11.595631249999999,1.866432806,11.665205037499998,fixed
26.968433900008677,13,1.006,-0.001848413,-11.55258125,1.859503478,11.6218967375,fixed
26.99235330001102,13,1.006,-0.001851857,-11.574106249999998,1.862968142,11.643550887499998,fixed
27.0152677000151,13,1.006,-0.001851857,-11.574106249999998,1.862968142,11.643550887499998,fixed
27.04044770001201,13,1.006,-0.001851231,-11.57019375,1.862338386,11.639614912499999,fixed
27.06331890000729,13,1.006,-0.001853109,-11.581931249999998,1.864227654,11.651422837499998,fixed
27.088726900023175,13,1.006,-0.001853423,-11.58389375,1.8645435380000002,11.6533971125,fixed
27.111294200003613,13,1.006,-0.001849039,-11.55649375,1.860133234,11.6258327125,fixed
27.134507000009762,13,1.006,-0.001850291,-11.56431875,1.861392746,11.6337046625,fixed
27.157425900019007,13,1.006,-0.001845594,-11.5349625,1.856667564,11.604172275000002,fixed
27.18150310002966,13,1.006,-0.00184215,-11.5134375,1.8532029,11.582518125,fixed
27.20428790000733,13,1.006,-0.001854049,-11.58780625,1.865173294,11.6573330875,fixed
27.228512400004547,13,1.006,-0.001853423,-11.58389375,1.8645435380000002,11.6533971125,fixed
27.251302600023337,13,1.006,-0.00185217,-11.5760625,1.86328302,11.645518875,fixed
27.277562100003706,13,1.006,-0.001855928,-11.59955,1.8670635679999998,11.6691473,fixed
27.300362800015137,13,1.006,-0.001854675,-11.59171875,1.86580305,11.6612690625,fixed
27.323034500004724,13,1.006,-0.001852796,-11.579975000000001,1.863912776,11.649454850000001,fixed
27.346057600021595,13,1.006,-0.001847786,-11.548662499999999,1.8588727159999998,11.617954475,fixed
27.370161700004246,13,1.006,-0.001844342,-11.527137499999998,1.8554080519999998,11.596300324999998,fixed
27.393327500030864,13,1.006,-0.001852483,-11.57801875,1.863597898,11.6474868625,fixed
27.418118800007505,13,1.006,-0.001856554,-11.6034625,1.8676933240000002,11.673083275,fixed
27.440949900017586,13,1.006,-0.00185812,-11.613249999999999,1.86926872,11.682929499999998,fixed
27.464906300010625,13,1.006,-0.001861564,-11.634775,1.872733384,11.70458365,fixed
27.488008600019384,13,1.006,-0.001856554,-11.6034625,1.8676933240000002,11.673083275,fixed
27.512021400005324,13,1.006,-0.001855301,-11.595631249999999,1.866432806,11.665205037499998,fixed
27.53502800001297,13,1.006,-0.001852796,-11.579975000000001,1.863912776,11.649454850000001,fixed
27.55931790001341,13,1.006,-0.001854675,-11.59171875,1.86580305,11.6612690625,fixed
27.58199030000833,13,1.006,-0.001855928,-11.59955,1.8670635679999998,11.6691473,fixed
27.606368900014786,13,1.006,-0.001856554,-11.6034625,1.8676933240000002,11.673083275,fixed
27.62896030000411,13,1.006,-0.001853423,-11.58389375,1.8645435380000002,11.6533971125,fixed
27.652810800005682,13,1.006,-0.001849039,-11.55649375,1.860133234,11.6258327125,fixed
27.675918000022648,13,1.006,-0.001853109,-11.581931249999998,1.864227654,11.651422837499998,fixed
27.698639400012325,13,1.006,-0.001849978,-11.562362499999999,1.861077868,11.631736674999999,fixed
27.720948100002715,13,1.006,-0.001850291,-11.56431875,1.861392746,11.6337046625,fixed
27.747053100029007,13,1.006,-0.001858433,-11.61520625,1.869583598,11.6848974875,fixed
27.76986040000338,13,1.006,-0.001854362,-11.5897625,1.865488172,11.659301075,fixed
27.793614300026093,13,1.006,-0.001851231,-11.57019375,1.862338386,11.639614912499999,fixed
27.81594060000498,13,1.006,-0.001850604,-11.566275000000001,1.8617076240000001,11.635672650000002,fixed
27.841231400030665,13,1.006,-0.001845908,-11.536925,1.856983448,11.60614655,fixed
27.86398170000757,13,1.006,-0.001854362,-11.5897625,1.865488172,11.659301075,fixed
27.889197800017428,13,1.006,-0.001856554,-11.6034625,1.8676933240000002,11.673083275,fixed
27.9118848000071,13,1.006,-0.001852483,-11.57801875,1.863597898,11.6474868625,fixed
27.935315900016576,13,1.006,-0.00185217,-11.5760625,1.86328302,11.645518875,fixed
27.95823710001423,13,1.006,-0.001849352,-11.55845,1.860448112,11.6278007,fixed
27.983066300017526,13,1.006,-0.001850291,-11.56431875,1.861392746,11.6337046625,fixed
28.006131200003438,13,1.006,-0.00185217,-11.5760625,1.86328302,11.645518875,fixed
28.029888700024458,13,1.006,-0.001855614,-11.5975875,1.8667476840000001,11.667173025,fixed
28.05301590001909,13,1.006,-0.001850291,-11.56431875,1.861392746,11.6337046625,fixed
28.076488300022902,13,1.006,-0.001853736,-11.585849999999999,1.864858416,11.6553651,fixed
28.098905200022273,13,1.006,-0.00185217,-11.5760625,1.86328302,11.645518875,fixed
28.12470280000707,13,1.006,-0.00184716,-11.54475,1.85824296,11.6140185,fixed
28.148166100028902,13,1.006,-0.001850604,-11.566275000000001,1.8617076240000001,11.635672650000002,fixed
28.171025200019358,13,1.006,-0.001851231,-11.57019375,1.862338386,11.639614912499999,fixed
28.19490300002508,14,0.906,-0.002570294,-16.0643375,2.3286863639999997,14.554289775,fixed
28.218592500023078,14,0.905,-0.002561834,-16.011462499999997,2.31845977,14.490373562499997,fixed
28.241961500025354,14,0.905,-0.002554006,-15.962537500000002,2.31137543,14.446096437500001,fixed
28.26485040000989,14,0.905,-0.002553693,-15.960581249999999,2.3110921650000003,14.44432603125,fixed
28.28804820001824,14,0.905,-0.002553693,-15.960581249999999,2.3110921650000003,14.44432603125,fixed
28.311907100025564,14,0.905,-0.002549622,-15.935137500000002,2.3074079100000002,14.421299437500002,fixed
28.335159300011583,14,0.905,-0.002551188,-15.944924999999998,2.3088251399999997,14.430157125,fixed
28.360589200019604,14,0.905,-0.002545865,-15.91165625,2.3040078250000002,14.400048906250001,fixed
28.383947400026955,14,0.905,-0.002550249,-15.93905625,2.307975345,14.42484590625,fixed
28.407034600008046,14,0.905,-0.002547744,-15.923399999999999,2.30570832,14.410677,fixed
28.429319500020938,14,0.905,-0.002546804,-15.917525000000001,2.30485762,14.405360125000001,fixed
28.453907700022683,14,0.905,-0.002548683,-15.92926875,2.306558115,14.41598821875,fixed
28.477017000026535,14,0.905,-0.00255338,-15.958625000000001,2.3108089,14.442555625000002,fixed
28.501874200010207,14,0.905,-0.002550562,-15.941012500000001,2.30825861,14.426616312500002,fixed
28.525131600006716,14,0.905,-0.002552127,-15.95079375,2.309674935,14.435468343750001,fixed
28.54885520003154,14,0.905,-0.002548683,-15.92926875,2.306558115,14.41598821875,fixed
28.571966300019994,14,0.905,-0.002547431,-15.92144375,2.305425055,14.40890659375,fixed
28.59577930002706,14,0.905,-0.002545552,-15.909699999999999,2.30372456,14.3982785,fixed
28.618906600022456,14,0.905,-0.002544299,-15.901868749999997,2.302590595,14.391191218749997,fixed
28.644099700031802,14,0.905,-0.002542421,-15.89013125,2.300891005,14.38056878125,fixed
28.6673786000174,14,0.905,-0.002539603,-15.87251875,2.298340715,14.36462946875,fixed
28.690186800027732,14,0.905,-0.002539915,-15.874468749999998,2.2986230749999996,14.36639421875,fixed
28.712650900008157,14,0.905,-0.002543047,-15.89404375,2.3014575350000004,14.38410959375,fixed
28.73712560001877,14,0.905,-0.002546491,-15.91556875,2.304574355,14.40358971875,fixed
28.759710400016047,14,0.905,-0.002539603,-15.87251875,2.298340715,14.36462946875,fixed
28.784806400013622,14,0.905,-0.002543986,-15.8999125,2.30230733,14.3894208125,fixed
28.807855800027028,14,0.905,-0.002547744,-15.923399999999999,2.30570832,14.410677,fixed
28.83163600001717,14,0.905,-0.002548683,-15.92926875,2.306558115,14.41598821875,fixed
28.854635800031247,14,0.905,-0.002551814,-15.948837499999998,2.30939167,14.433697937499998,fixed
28.878469800023595,14,0.905,-0.002546178,-15.913612500000001,2.30429109,14.4018193125,fixed
28.901774900004966,14,0.905,-0.002540229,-15.87643125,2.298907245,14.36817028125,fixed
28.925661300017964,14,0.905,-0.002543986,-15.8999125,2.30230733,14.3894208125,fixed
28.9488229000126,14,0.905,-0.002543986,-15.8999125,2.30230733,14.3894208125,fixed
28.97221430001082,14,0.905,-0.002546178,-15.913612500000001,2.30429109,14.4018193125,fixed
28.99525230002473,14,0.905,-0.002550562,-15.941012500000001,2.30825861,14.426616312500002,fixed
29.019496500026435,14,0.905,-0.002542421,-15.89013125,2.300891005,14.38056878125,fixed
29.042993400013074,14,0.905,-0.002538037,-15.86273125,2.296923485,14.35577178125,fixed
29.066525300004287,14,0.905,-0.002536158,-15.850987500000002,2.2952229900000005,14.345143687500002,fixed
29.089891600015108,14,0.905,-0.00253334,-15.833374999999998,2.2926727,14.329204375,fixed
29.112663300009444,14,0.905,-0.002536471,-15.852943750000001,2.2955062550000003,14.346914093750001,fixed
29.135695400007535,14,0.905,-0.00254336,-15.896,2.3017408,14.385880000000002,fixed
29.15884340001503,14,0.905,-0.002542421,-15.89013125,2.300891005,14.38056878125,fixed
29.181989400007296,14,0.905,-0.002544299,-15.901868749999997,2.302590595,14.391191218749997,fixed
29.20805780001683,14,0.905,-0.002546178,-15.913612500000001,2.30429109,14.4018193125,fixed
29.23087990001659,14,0.905,-0.002538037,-15.86273125,2.296923485,14.35577178125,fixed
29.254340900020907,14,0.905,-0.002541481,-15.88425625,2.300040305,14.37525190625,fixed
29.276870300003793,14,0.905,-0.002543047,-15.89404375,2.3014575350000004,14.38410959375,fixed
29.301724100019783,14,0.905,-0.002544612,-15.903825,2.30287386,14.392961625,fixed
29.32495830001426,14,0.905,-0.002544612,-15.903825,2.30287386,14.392961625,fixed
29.3479807000258,14,0.905,-0.002538976,-15.868599999999999,2.29777328,14.361082999999999,fixed
29.37079350001295,14,0.905,-0.002541481,-15.88425625,2.300040305,14.37525190625,fixed
29.394592700031353,14,0.905,-0.002543986,-15.8999125,2.30230733,14.3894208125,fixed
29.418059500021627,14,0.905,-0.002544299,-15.901868749999997,2.302590595,14.391191218749997,fixed
29.44132970002829,14,0.905,-0.002542108,-15.888174999999999,2.3006077400000002,14.378798374999999,fixed
29.46456860002945,14,0.905,-0.002546178,-15.913612500000001,2.30429109,14.4018193125,fixed
29.488898800016614,14,0.905,-0.002541794,-15.8862125,2.30032357,14.3770223125,fixed
29.51177560002543,14,0.905,-0.002536784,-15.854899999999999,2.29578952,14.3486845,fixed
29.536381500016432,14,0.905,-0.002538663,-15.86664375,2.297490015,14.35931259375,fixed
29.559634500008542,14,0.905,-0.002537724,-15.860774999999999,2.29664022,14.354001375,fixed
29.583120900031645,14,0.905,-0.002542421,-15.89013125,2.300891005,14.38056878125,fixed
29.605660100030946,14,0.905,-0.002547744,-15.923399999999999,2.30570832,14.410677,fixed
29.629587700008415,14,0.905,-0.002546491,-15.91556875,2.304574355,14.40358971875,fixed
29.652898600004846,14,0.905,-0.002547117,-15.919481249999997,2.3051408849999997,14.407130531249997,fixed
29.678125400008867,14,0.905,-0.002552127,-15.95079375,2.309674935,14.435468343750001,fixed
29.700556100026006,14,0.905,-0.002546178,-15.913612500000001,2.30429109,14.4018193125,fixed
29.72608590000891,14,0.905,-0.002547744,-15.923399999999999,2.30570832,14.410677,fixed
29.74876290000975,14,0.905,-0.002546178,-15.913612500000001,2.30429109,14.4018193125,fixed
29.771932600007858,14,0.905,-0.002546178,-15.913612500000001,2.30429109,14.4018193125,fixed
29.794574600004125,14,0.905,-0.002548996,-15.931224999999998,2.3068413800000003,14.417758624999998,fixed
29.818876300007105,14,0.905,-0.002545239,-15.90774375,2.303441295,14.39650809375,fixed
29.841771100007463,14,0.905,-0.002543673,-15.89795625,2.3020240650000003,14.38765040625,fixed
29.86542620000546,14,0.905,-0.002544612,-15.903825,2.30287386,14.392961625,fixed
29.888557100028265,14,0.905,-0.00254336,-15.896,2.3017408,14.385880000000002,fixed
29.912539600016316,14,0.905,-0.002542108,-15.888174999999999,2.3006077400000002,14.378798374999999,fixed
29.93571280001197,14,0.905,-0.002547431,-15.92144375,2.305425055,14.40890659375,fixed
29.95948440002394,14,0.905,-0.002546804,-15.917525000000001,2.30485762,14.405360125000001,fixed
29.98272710002493,14,0.905,-0.002548057,-15.92535625,2.305991585,14.412447406250001,fixed
30.007463400019333,14,0.905,-0.002552441,-15.95275625,2.309959105,14.43724440625,fixed
30.030494000006,14,0.905,-0.002546178,-15.913612500000001,2.30429109,14.4018193125,fixed
30.05345900001703,14,0.905,-0.002550875,-15.94296875,2.3085418750000004,14.428386718750001,fixed
30.076724100013962,14,0.905,-0.002548996,-15.931224999999998,2.3068413800000003,14.417758624999998,fixed
30.09944630000973,14,0.905,-0.002545552,-15.909699999999999,2.30372456,14.3982785,fixed
30.12261530003161,14,0.905,-0.002547117,-15.919481249999997,2.3051408849999997,14.407130531249997,fixed
30.1458725000266,14,0.905,-0.002553067,-15.95666875,2.310525635,14.440785218750001,fixed
30.168487900024047,14,0.905,-0.002552127,-15.95079375,2.309674935,14.435468343750001,fixed
30.19199250001111,14,0.905,-0.002544299,-15.901868749999997,2.302590595,14.391191218749997,fixed
