time(s),cycle,voltage(V),current(A),j_current(mA/cm²),power(mW),power_density(mW/cm²),method
0.023137399984989315,0,0.497,-0.003465351,-21.65844375,1.722279447,10.76424654375,fixed
0.04900529998121783,0,0.503,-0.003473834,-21.711462499999996,1.7473385019999998,10.920865637499999,fixed
0.07200970000121742,0,0.503,-0.003472581,-21.70363125,1.746708243,10.916926518750001,fixed
0.0976346000097692,0,0.503,-0.00347947,-21.7466875,1.7501734100000002,10.938583812500001,fixed
0.12018299999181181,0,0.503,-0.003479783,-21.748643750000003,1.750330849,10.939567806250002,fixed
0.14278300001751631,0,0.503,-0.00348448,-21.778,1.75269344,10.954334,fixed
0.1650630999938585,0,0.503,-0.003489177,-21.80735625,1.7550560309999998,10.96910019375,fixed
0.19023659999947995,0,0.503,-0.00348949,-21.8093125,1.7552134700000002,10.970084187500001,fixed
0.21309949998976663,0,0.503,-0.003488238,-21.8014875,1.7545837139999998,10.9661482125,fixed
0.2367693000123836,0,0.502,-0.003492932,-21.830824999999997,1.7534518639999999,10.95907415,fixed
0.25915910000912845,0,0.503,-0.003486359,-21.78974375,1.7536385770000003,10.96024110625,fixed
0.281999500002712,0,0.503,-0.003482914,-21.7682125,1.7519057420000002,10.949410887500001,fixed
0.3049893999705091,0,0.502,-0.003482599,-21.76624375,1.7482646979999998,10.9266543625,fixed
0.3290271000005305,0,0.503,-0.003488238,-21.8014875,1.7545837139999998,10.9661482125,fixed
0.35187740001128986,0,0.503,-0.003486046,-21.7877875,1.753481138,10.9592571125,fixed
0.37633900000946596,0,0.503,-0.003494187,-21.83866875,1.757576061,10.98485038125,fixed
0.39912409998942167,0,0.503,-0.003494813,-21.84258125,1.757890939,10.986818368749999,fixed
0.42377330001909286,0,0.503,-0.003492308,-21.826925,1.756630924,10.978943274999999,fixed
0.4462952999747358,0,0.503,-0.003497944,-21.86215,1.7594658319999998,10.99666145,fixed
0.47031579999020323,0,0.502,-0.003497002,-21.856262499999996,1.755495004,10.971843774999998,fixed
0.5019022999913432,0,0.503,-0.003497631,-21.86019375,1.7593083930000002,10.99567745625,fixed
0.5251771999755874,0,0.503,-0.003502328,-21.88955,1.7616709839999998,11.01044365,fixed
0.5483836000203155,0,0.502,-0.003507962,-21.9247625,1.7609969239999999,11.006230775,fixed
0.5708566000103019,0,0.502,-0.003504831,-21.90519375,1.759425162,10.9964072625,fixed
0.5945731999818236,0,0.502,-0.003507962,-21.9247625,1.7609969239999999,11.006230775,fixed
0.6171368000213988,0,0.503,-0.003507338,-21.9208625,1.764191014,11.0261938375,fixed
0.6414885999984108,0,0.503,-0.003504833,-21.90520625,1.7629309990000002,11.01831874375,fixed
0.6638209000229836,0,0.503,-0.003506399,-21.91499375,1.7637186969999998,11.023241856250001,fixed
0.689141999988351,0,0.502,-0.003511719,-21.94824375,1.762882938,11.0180183625,fixed
0.7123905000044033,0,0.503,-0.003507964,-21.924775,1.764505892,11.028161825,fixed
0.7351628000033088,0,0.503,-0.003512348,-21.952175,1.766711044,11.041944025000001,fixed
0.7581416000030003,0,0.503,-0.003515793,-21.97370625,1.768443879,11.05277424375,fixed
0.7813817000132985,0,0.503,-0.003511409,-21.94630625,1.766238727,11.03899204375,fixed
0.8045462999725714,0,0.503,-0.003513914,-21.9619625,1.7674987420000001,11.0468671375,fixed
0.8291009999811649,0,0.503,-0.003516419,-21.977618749999998,1.7687587569999998,11.05474223125,fixed
0.8519785000244156,0,0.502,-0.003512659,-21.95411875,1.763354818,11.0209676125,fixed
0.8766836000140756,0,0.502,-0.003519861,-21.99913125,1.766970222,11.043563887500001,fixed
0.9001030999934301,0,0.503,-0.003517358,-21.9834875,1.769231074,11.0576942125,fixed
0.925032300001476,0,0.503,-0.003516732,-21.979574999999997,1.768916196,11.055726224999999,fixed
0.9481612999807112,0,0.502,-0.00352174,-22.010875000000002,1.76791348,11.049459250000002,fixed
0.9723374000168405,0,0.503,-0.003517045,-21.98153125,1.769073635,11.05671021875,fixed
0.9950562000158243,0,0.503,-0.003521116,-22.006975,1.7711213479999999,11.069508425,fixed
1.0190760999685153,0,0.503,-0.003523308,-22.020675,1.7722239240000002,11.076399525000001,fixed
1.0419589999946766,0,0.502,-0.003517982,-21.9873875,1.7660269639999997,11.037668525,fixed
1.0652187999803573,0,0.503,-0.003522368,-22.0148,1.771751104,11.073444400000001,fixed
1.0879042000160553,0,0.502,-0.003524557,-22.028481250000002,1.769327614,11.058297587500002,fixed
1.112212800013367,0,0.502,-0.00352174,-22.010875000000002,1.76791348,11.049459250000002,fixed
1.1347268000245094,0,0.502,-0.003526123,-22.03826875,1.770113746,11.0632109125,fixed
1.1586983000161126,0,0.502,-0.003527689,-22.04805625,1.770899878,11.0681242375,fixed
1.1818489999859594,0,0.502,-0.003523931,-22.02456875,1.7690133620000001,11.0563335125,fixed
1.2048796999733895,0,0.502,-0.00352581,-22.036312499999998,1.7699566199999999,11.062228874999999,fixed
1.2278619999997318,0,0.502,-0.003527062,-22.044137499999998,1.7705851240000001,11.066157024999999,fixed
1.2524299999931827,0,0.503,-0.003522681,-22.01675625,1.771908543,11.07442839375,fixed
1.275111700000707,0,0.503,-0.003528944,-22.0559,1.775058832,11.0941177,fixed
1.2990613000001758,0,0.502,-0.003536143,-22.10089375,1.775143786,11.094648662500001,fixed
1.3216618999722414,0,0.503,-0.003528631,-22.05394375,1.774901393,11.093133706249999,fixed
1.3462091999826953,0,0.502,-0.003532699,-22.07936875,1.773414898,11.0838431125,fixed
1.3689959999755956,0,0.502,-0.003537396,-22.108725,1.775772792,11.09857995,fixed
1.394967500003986,0,0.502,-0.003534264,-22.08915,1.7742005280000002,11.0887533,fixed
1.4176960000186227,0,0.503,-0.003538651,-22.11656875,1.779941453,11.124634081249999,fixed
1.4405873999930918,0,0.502,-0.003531446,-22.0715375,1.7727858920000001,11.079911825000002,fixed
1.463597399997525,0,0.503,-0.003530196,-22.063725,1.7756885880000002,11.098053675000001,fixed
1.4872082999791019,0,0.502,-0.003536143,-22.10089375,1.775143786,11.094648662500001,fixed
1.5102376000140794,0,0.502,-0.003531759,-22.07349375,1.772943018,11.0808938625,fixed
1.534991699969396,0,0.502,-0.00353082,-22.067625,1.77247164,11.07794775,fixed
1.5578687000088394,0,0.502,-0.003539588,-22.122425,1.776873176,11.10545735,fixed
1.581807199981995,0,0.502,-0.003534264,-22.08915,1.7742005280000002,11.0887533,fixed
1.6044521000003442,0,0.503,-0.003536146,-22.1009125,1.778681438,11.1167589875,fixed
1.6299544000066817,0,0.502,-0.003538335,-22.11459375,1.7762441700000002,11.1015260625,fixed
1.6526314999791794,0,0.502,-0.003533325,-22.08328125,1.77372915,11.085807187499999,fixed
1.6761295999749564,0,0.502,-0.003539274,-22.1204625,1.7767155479999999,11.104472175,fixed
1.6991107999929227,0,0.502,-0.003538648,-22.11655,1.776401296,11.1025081,fixed
1.7235970000037923,0,0.502,-0.003530194,-22.063712499999998,1.7721573880000001,11.075983674999998,fixed
1.7464468000107445,0,0.502,-0.003537083,-22.10676875,1.7756156659999998,11.0975979125,fixed
1.772333399974741,0,0.503,-0.003537085,-22.10678125,1.779153755,11.11971096875,fixed
1.7946904000127688,0,0.502,-0.003538022,-22.1126375,1.776087044,11.100544025000001,fixed
1.819767699984368,0,0.503,-0.003543034,-22.1439625,1.782146102,11.1384131375,fixed
1.8428281000233255,0,0.503,-0.003537085,-22.10678125,1.779153755,11.11971096875,fixed
1.8662963000242598,0,0.503,-0.003542095,-22.13809375,1.781673785,11.135461156249999,fixed
1.8890530000207946,0,0.502,-0.003545537,-22.15960625,1.779859574,11.1241223375,fixed
1.91391860001022,0,0.502,-0.003540527,-22.12829375,1.777344554,11.1084034625,fixed
1.936546900018584,0,0.502,-0.003549921,-22.187006250000003,1.782060342,11.137877137500002,fixed
1.9598781999666244,0,0.502,-0.003549295,-22.183093749999998,1.7817460900000002,11.135913062499998,fixed
1.9825647000106983,0,0.503,-0.003544287,-22.15179375,1.782776361,11.14235225625,fixed
2.007400600006804,0,0.502,-0.003548668,-22.179175,1.781431336,11.13394585,fixed
2.031001900031697,1,0.603,-0.003396992,-21.2312,2.0483861759999997,12.8024136,fixed
2.0525822999770753,1,0.604,-0.003397624,-21.23515,2.052164896,12.8260306,fixed
2.0748101000208408,1,0.604,-0.00340326,-21.270374999999998,2.05556904,12.847306499999998,fixed
2.0987897000159137,1,0.604,-0.003403886,-21.2742875,2.055947144,12.84966965,fixed
2.120919800014235,1,0.604,-0.003399502,-21.2468875,2.053299208,12.83312005,fixed
2.1470781000098214,1,0.604,-0.003397937,-21.23710625,2.052353948,12.827212175,fixed
2.169532799976878,1,0.604,-0.00340326,-21.270374999999998,2.05556904,12.847306499999998,fixed
2.193231499986723,1,0.604,-0.003397624,-21.23515,2.052164896,12.8260306,fixed
2.2154115000157617,1,0.604,-0.003400131,-21.25081875,2.053679124,12.835494525,fixed
2.241028400021605,1,0.604,-0.003406391,-21.28994375,2.057460164,12.859126024999998,fixed
2.263690099993255,1,0.604,-0.003401381,-21.25863125,2.0544341239999997,12.840213275,fixed
2.2890912999864668,1,0.604,-0.003406704,-21.2919,2.0576492159999997,12.860307599999999,fixed
2.3113326000166126,1,0.604,-0.003401694,-21.2605875,2.0546231759999998,12.841394849999999,fixed
2.3354306999826804,1,0.604,-0.003403573,-21.27233125,2.055758092,12.848488075,fixed
2.3589847999974154,1,0.604,-0.00340827,-21.301687500000003,2.05859508,12.866219250000002,fixed
2.3819770999834873,1,0.604,-0.003406391,-21.28994375,2.057460164,12.859126024999998,fixed
2.4046042999834754,1,0.604,-0.00340733,-21.2958125,2.05802732,12.86267075,fixed
2.4297279000165872,1,0.604,-0.003409836,-21.311474999999998,2.059540944,12.872130899999998,fixed
2.4523078000056557,1,0.604,-0.003400129,-21.25080625,2.0536779160000003,12.835486975,fixed
2.4754729000269435,1,0.604,-0.003406081,-21.28800625,2.057272924,12.857955774999999,fixed
2.4990988000063226,1,0.604,-0.003408896,-21.3056,2.0589731839999996,12.8685824,fixed
2.5219950000173412,1,0.604,-0.003396371,-21.22731875,2.0514080839999997,12.821300524999998,fixed
2.544522700016387,1,0.604,-0.003398563,-21.24101875,2.052732052,12.829575324999999,fixed
2.569952199992258,1,0.604,-0.003400442,-21.2527625,2.0538669680000003,12.836668549999999,fixed
2.5925378000247292,1,0.604,-0.00339324,-21.20775,2.04951696,12.809481,fixed
2.6168227000162005,1,0.604,-0.003394179,-21.213618750000002,2.0500841160000003,12.813025725000001,fixed
2.6397067999932915,1,0.604,-0.003396997,-21.23123125,2.051786188,12.823663675,fixed
2.6637144000269473,1,0.604,-0.003389482,-21.1842625,2.047247128,12.79529455,fixed
2.6863873000256717,1,0.604,-0.003394492,-21.215574999999998,2.050273168,12.814207299999998,fixed
2.712372999987565,1,0.604,-0.003394179,-21.213618750000002,2.0500841160000003,12.813025725000001,fixed
2.7352868000161834,1,0.604,-0.003388543,-21.178393749999998,2.046679972,12.791749824999998,fixed
2.7582254000008106,1,0.604,-0.003392301,-21.20188125,2.048949804,12.805936274999999,fixed
2.7814155999803916,1,0.604,-0.003388543,-21.178393749999998,2.046679972,12.791749824999998,fixed
2.805286100017838,1,0.604,-0.003386038,-21.1627375,2.0451669519999998,12.78229345,fixed
2.828873599995859,1,0.604,-0.003391674,-21.1979625,2.048571096,12.803569349999998,fixed
2.852112799999304,1,0.604,-0.003386977,-21.168606250000003,2.045734108,12.785838175000002,fixed
2.874395299993921,1,0.604,-0.003385099,-21.156868749999997,2.044599796,12.778748724999998,fixed
2.8990205000154674,1,0.604,-0.003391048,-21.194049999999997,2.0481929919999997,12.801206199999998,fixed
2.921057900006417,1,0.604,-0.003382907,-21.143168749999997,2.043275828,12.770473924999997,fixed
2.945686499995645,1,0.604,-0.003380715,-21.129468749999997,2.0419518599999997,12.762199124999999,fixed
2.968381499988027,1,0.604,-0.003386977,-21.168606250000003,2.045734108,12.785838175000002,fixed
2.9924835999845527,1,0.604,-0.003384472,-21.152949999999997,2.0442210879999996,12.776381799999998,fixed
3.015403099998366,1,0.604,-0.003389169,-21.18230625,2.0470580760000003,12.794112974999999,fixed
3.0407195999869145,1,0.604,-0.003392614,-21.2038375,2.049138856,12.80711785,fixed
3.06315280002309,1,0.604,-0.003383846,-21.1490375,2.043842984,12.774018649999999,fixed
3.0875201000017114,1,0.604,-0.003388543,-21.178393749999998,2.046679972,12.791749824999998,fixed
3.11008860002039,1,0.604,-0.003389169,-21.18230625,2.0470580760000003,12.794112974999999,fixed
3.1359138999832794,1,0.604,-0.00338322,-21.145125,2.04346488,12.7716555,fixed
3.1643015000154264,1,0.604,-0.003388856,-21.18035,2.0468690240000003,12.7929314,fixed
3.1864948000293225,1,0.604,-0.003385412,-21.158825,2.0447888479999996,12.7799303,fixed
3.2085085000144318,1,0.604,-0.003386664,-21.16665,2.045545056,12.7846566,fixed
3.230394200014416,1,0.604,-0.003378836,-21.117725,2.040816944,12.7551059,fixed
3.256242699979339,1,0.604,-0.00337727,-21.1079375,2.03987108,12.749194249999999,fixed
3.2797797999810427,1,0.604,-0.003386664,-21.16665,2.045545056,12.7846566,fixed
3.303762399998959,1,0.604,-0.00338228,-21.13925,2.04289712,12.768107,fixed
3.32666409999365,1,0.604,-0.003387604,-21.172524999999997,2.046112816,12.788205099999997,fixed
3.3511473999824375,1,0.604,-0.003391674,-21.1979625,2.048571096,12.803569349999998,fixed
3.374113900004886,1,0.604,-0.003387604,-21.172524999999997,2.046112816,12.788205099999997,fixed
3.39909030002309,1,0.604,-0.003391048,-21.194049999999997,2.0481929919999997,12.801206199999998,fixed
3.4221040999982506,1,0.604,-0.00338228,-21.13925,2.04289712,12.768107,fixed
3.4463101000292227,1,0.604,-0.003381341,-21.13338125,2.042329964,12.764562275,fixed
3.4693966999766417,1,0.604,-0.003381967,-21.137293749999998,2.042708068,12.766925424999998,fixed
3.4929969999939203,1,0.604,-0.0033732,-21.0825,2.0374128,12.73383,fixed
3.516330700018443,1,0.604,-0.003375392,-21.0962,2.038736768,12.7421048,fixed
3.5420148000121117,1,0.604,-0.003374765,-21.09228125,2.0383580599999997,12.739737875,fixed
3.5652727999840863,1,0.604,-0.003371634,-21.0727125,2.036466936,12.727918350000001,fixed
3.58910390001256,1,0.604,-0.003377897,-21.11185625,2.040249788,12.751561174999999,fixed
3.611994599981699,1,0.604,-0.0033732,-21.0825,2.0374128,12.73383,fixed
3.6356411000015214,1,0.604,-0.003378836,-21.117725,2.040816944,12.7551059,fixed
3.6581523999921046,1,0.604,-0.00338228,-21.13925,2.04289712,12.768107,fixed
3.682842599984724,1,0.604,-0.003380089,-21.125556250000002,2.041573756,12.759835975000001,fixed
3.7054508000146598,1,0.604,-0.003377897,-21.11185625,2.040249788,12.751561174999999,fixed
3.7292942000203766,1,0.604,-0.003383846,-21.1490375,2.043842984,12.774018649999999,fixed
3.751942200004123,1,0.604,-0.00337821,-21.1138125,2.04043884,12.752742750000001,fixed
3.7762481999816373,1,0.604,-0.003379775,-21.123593749999998,2.0413840999999997,12.758650624999998,fixed
3.798991699994076,1,0.604,-0.003386038,-21.1627375,2.0451669519999998,12.78229345,fixed
3.82315120002022,1,0.604,-0.003379775,-21.123593749999998,2.0413840999999997,12.758650624999998,fixed
3.8462175999884494,1,0.604,-0.003385099,-21.156868749999997,2.044599796,12.778748724999998,fixed
3.8690383000066504,1,0.604,-0.003387606,-21.1725375,2.046114024,12.78821265,fixed
3.892018200014718,1,0.604,-0.003384785,-21.15490625,2.0444101399999997,12.777563375,fixed
3.915214599983301,1,0.604,-0.003386038,-21.1627375,2.0451669519999998,12.78229345,fixed
3.938876200001687,1,0.604,-0.003391361,-21.19600625,2.048382044,12.802387775,fixed
3.9622385000111535,1,0.604,-0.003385725,-21.16078125,2.0449778999999997,12.781111874999999,fixed
3.9852827999857254,1,0.604,-0.00338698,-21.168625,2.04573592,12.7858495,fixed
4.007646900019608,1,0.604,-0.003389169,-21.18230625,2.0470580760000003,12.794112974999999,fixed
4.03054589999374,1,0.604,-0.003388232,-21.176450000000003,2.046492128,12.790575800000001,fixed
4.056131399935111,2,0.701,-0.003241862,-20.2616375,2.272545262,14.2034078875,fixed
4.079565799969714,2,0.703,-0.003249387,-20.30866875,2.2843190609999997,14.276994131249998,fixed
4.102738899935503,2,0.704,-0.003243753,-20.27345625,2.2836021119999996,14.272513199999999,fixed
4.125234399922192,2,0.703,-0.003246569,-20.29105625,2.2823380069999994,14.26461254375,fixed
4.150371799943969,2,0.703,-0.003250953,-20.31845625,2.285419959,14.28387474375,fixed
4.1732761999592185,2,0.703,-0.003247821,-20.29888125,2.283218163,14.27011351875,fixed
4.19734829996014,2,0.703,-0.003254084,-20.338025,2.287621052,14.297631574999999,fixed
4.220310899952892,2,0.703,-0.003257528,-20.359550000000002,2.290042184,14.31276365,fixed
4.248210699937772,2,0.703,-0.00325064,-20.316499999999998,2.2851999199999997,14.282499499999998,fixed
4.2744205999188125,2,0.704,-0.003251895,-20.324343749999997,2.2893340799999997,14.308337999999997,fixed
4.2961543999263085,2,0.703,-0.003255023,-20.34389375,2.288281169,14.301757306249998,fixed
4.321766899956856,2,0.704,-0.003257218,-20.3576125,2.293081472,14.331759199999999,fixed
4.344366199919023,2,0.703,-0.003250013,-20.31258125,2.2847591389999997,14.27974461875,fixed
4.370526299928315,2,0.703,-0.003253145,-20.33215625,2.2869609349999998,14.29350584375,fixed
4.392910399939865,2,0.703,-0.003245943,-20.28714375,2.281897929,14.261862056249997,fixed
4.417910899966955,2,0.704,-0.003249703,-20.31064375,2.2877909119999997,14.298693199999999,fixed
4.440843399963342,2,0.703,-0.00325064,-20.316499999999998,2.2851999199999997,14.282499499999998,fixed
4.463862799922936,2,0.703,-0.00324563,-20.285187500000003,2.28167789,14.260486812500002,fixed
4.48683849995723,2,0.704,-0.003251581,-20.32238125,2.2891130239999997,14.306956399999999,fixed
4.51112729992019,2,0.703,-0.003252205,-20.32628125,2.2863001150000004,14.28937571875,fixed
4.534088799962774,2,0.704,-0.003249077,-20.30673125,2.2873502079999994,14.295938799999998,fixed
4.559642099949997,2,0.704,-0.003256279,-20.35174375,2.292420416,14.3276276,fixed
4.582053499936592,2,0.704,-0.003257218,-20.3576125,2.293081472,14.331759199999999,fixed
4.605888799938839,2,0.703,-0.003257528,-20.359550000000002,2.290042184,14.31276365,fixed
4.629913099925034,2,0.704,-0.003262228,-20.388925,2.2966085119999997,14.3538032,fixed
4.6540788999409415,2,0.704,-0.003254087,-20.33804375,2.290877248,14.3179828,fixed
4.6770264999358915,2,0.703,-0.003255337,-20.34585625,2.288501911,14.30313694375,fixed
4.701125799969304,2,0.703,-0.003256276,-20.351725,2.289162028,14.307262674999999,fixed
4.7241357999737374,2,0.703,-0.003250326,-20.3145375,2.284979178,14.281119862499999,fixed
4.749580799951218,2,0.703,-0.003255337,-20.34585625,2.288501911,14.30313694375,fixed
4.771909399947617,2,0.704,-0.003255339,-20.345868749999998,2.291758656,14.323491599999997,fixed
4.795470499957446,2,0.704,-0.003254713,-20.34195625,2.291317952,14.320737199999998,fixed
4.8178013999713585,2,0.703,-0.00325972,-20.37325,2.2915831599999996,14.322394749999999,fixed
4.843641199928243,2,0.703,-0.003259094,-20.3693375,2.291143082,14.319644262499999,fixed
4.866005799965933,2,0.703,-0.003257528,-20.359550000000002,2.290042184,14.31276365,fixed
4.890083299949765,2,0.704,-0.003264106,-20.4006625,2.2979306239999997,14.362066399999998,fixed
4.91309269994963,2,0.704,-0.003256904,-20.35565,2.292860416,14.3303776,fixed
4.937454399943817,2,0.703,-0.003259094,-20.3693375,2.291143082,14.319644262499999,fixed
4.9600870999274775,2,0.703,-0.003261599,-20.38499375,2.2929040969999996,14.330650606249998,fixed
4.983905399974901,2,0.703,-0.003256276,-20.351725,2.289162028,14.307262674999999,fixed
5.006977599929087,2,0.704,-0.003258783,-20.367393749999998,2.294183232,14.338645199999998,fixed
5.031350999954157,2,0.703,-0.003260033,-20.375206249999998,2.291803199,14.323769993749998,fixed
5.054060399939772,2,0.704,-0.003256904,-20.35565,2.292860416,14.3303776,fixed
5.078348699957132,2,0.703,-0.003261599,-20.38499375,2.2929040969999996,14.330650606249998,fixed
5.100740399968345,2,0.703,-0.003264417,-20.402606249999998,2.294885151,14.343032193749998,fixed
5.124968199932482,2,0.704,-0.003259723,-20.37326875,2.294844992,14.3427812,fixed
5.147707799973432,2,0.703,-0.003263478,-20.3967375,2.2942250339999997,14.338906462499999,fixed
5.171233699948061,2,0.704,-0.003260975,-20.38109375,2.2957264,14.34829,fixed
5.19395819993224,2,0.704,-0.003255965,-20.34978125,2.2921993599999997,14.326246,fixed
5.219369599944912,2,0.703,-0.003258155,-20.36346875,2.290482965,14.315518531249998,fixed
5.242481899971608,2,0.703,-0.003257528,-20.359550000000002,2.290042184,14.31276365,fixed
5.2656891999649815,2,0.703,-0.003254397,-20.33998125,2.2878410909999998,14.29900681875,fixed
5.289313999935985,2,0.703,-0.003258781,-20.367381249999998,2.2909230430000003,14.318269018749998,fixed
5.313149999943562,2,0.703,-0.00325565,-20.3478125,2.28872195,14.304512187499999,fixed
5.336006399942562,2,0.703,-0.003256589,-20.35368125,2.2893820669999996,14.30863791875,fixed
5.360880799940787,2,0.704,-0.00326442,-20.402625,2.2981516799999997,14.363448,fixed
5.384178099920973,2,0.703,-0.003259407,-20.371293750000003,2.2913631210000003,14.321019506250002,fixed
5.407995999965351,2,0.704,-0.003263793,-20.39870625,2.2977102719999998,14.3606892,fixed
5.430688199936412,2,0.704,-0.003266925,-20.41828125,2.2999151999999996,14.374469999999999,fixed
5.458024899940938,2,0.703,-0.003261286,-20.3830375,2.292684058,14.329275362499999,fixed
5.480656099971384,2,0.704,-0.003265672,-20.410449999999997,2.299033088,14.368956799999998,fixed
5.503947299963329,2,0.704,-0.003259097,-20.36935625,2.2944042879999995,14.340026799999999,fixed
5.526722799928393,2,0.704,-0.003260662,-20.3791375,2.295506048,14.346912799999998,fixed
5.549661999917589,2,0.704,-0.003260975,-20.38109375,2.2957264,14.34829,fixed
5.572714899957646,2,0.704,-0.003252834,-20.3302125,2.289995136,14.312469599999998,fixed
5.5956921999459155,2,0.703,-0.003255963,-20.349768750000003,2.288941989,14.305887431250001,fixed
5.619214699952863,2,0.704,-0.003261602,-20.385012500000002,2.296167808,14.351048800000001,fixed
5.641555699927267,2,0.703,-0.003261599,-20.38499375,2.2929040969999996,14.330650606249998,fixed
5.664748599927407,2,0.704,-0.003257844,-20.361525000000004,2.2935221759999997,14.334513600000001,fixed
5.687639699957799,2,0.703,-0.003265983,-20.412393750000003,2.295986049,14.349912806250002,fixed
5.710639899945818,2,0.704,-0.003267551,-20.42219375,2.300355904,14.377224400000001,fixed
5.736802099971101,2,0.703,-0.003265983,-20.412393750000003,2.295986049,14.349912806250002,fixed
5.760004399926402,2,0.703,-0.003271619,-20.44761875,2.2999481569999998,14.374675981249998,fixed
5.784467899939045,2,0.704,-0.003264733,-20.40458125,2.2983720319999996,14.364825199999999,fixed
5.806860799959395,2,0.703,-0.003263165,-20.39478125,2.294004995,14.33753121875,fixed
5.831691699917428,2,0.703,-0.00326473,-20.4045625,2.2951051899999997,14.3444074375,fixed
5.855284299934283,2,0.704,-0.003258157,-20.36348125,2.2937425279999997,14.3358908,fixed
5.879389499954414,2,0.703,-0.003264104,-20.40065,2.294665112,14.341656949999999,fixed
5.9019145999336615,2,0.703,-0.003266609,-20.41630625,2.2964261269999997,14.35266329375,fixed
5.926521499932278,2,0.704,-0.00326348,-20.39675,2.29748992,14.359312,fixed
5.94955579994712,2,0.703,-0.003270054,-20.4378375,2.298847962,14.367799762499999,fixed
5.973345099948347,2,0.703,-0.00326567,-20.4104375,2.29576601,14.348537562499999,fixed
5.995836599962786,2,0.704,-0.003264106,-20.4006625,2.2979306239999997,14.362066399999998,fixed
6.021311399934348,2,0.703,-0.00327068,-20.44175,2.29928804,14.370550249999999,fixed
6.043468499963637,2,0.704,-0.003265985,-20.412406249999997,2.2992534399999998,14.370333999999996,fixed
6.069504599960055,3,0.803,-0.003114615,-19.466343749999997,2.501035845,15.631474031249999,fixed
6.09266739996383,3,0.804,-0.003113683,-19.46051875,2.503401132,15.646257075,fixed
6.115537199948449,3,0.804,-0.003111491,-19.44681875,2.501638764,15.635242275,fixed
6.13868629996432,3,0.804,-0.003116814,-19.4800875,2.5059184560000003,15.66199035,fixed
6.161561299930327,3,0.804,-0.003115249,-19.47030625,2.504660196,15.654126225,fixed
6.184658399957698,3,0.804,-0.003109613,-19.43508125,2.500128852,15.625805325,fixed
6.210038499964867,3,0.804,-0.003112431,-19.452693749999998,2.5023945240000005,15.639965775,fixed
6.232813799928408,3,0.804,-0.003109926,-19.4370375,2.5003805040000002,15.62737815,fixed
6.256915999925695,3,0.804,-0.003107734,-19.423337500000002,2.498618136,15.616363350000002,fixed
6.2800870999344625,3,0.804,-0.003114309,-19.46443125,2.5039044360000005,15.649402725000002,fixed
6.302653999940958,3,0.804,-0.003108358,-19.4272375,2.499119832,15.61949895,fixed
6.325786999950651,3,0.804,-0.003108047,-19.425293749999998,2.4988697880000004,15.617936174999999,fixed
6.352331999980379,3,0.804,-0.003113683,-19.46051875,2.503401132,15.646257075,fixed
6.375655299925711,3,0.804,-0.003111491,-19.44681875,2.501638764,15.635242275,fixed
6.400077299971599,3,0.804,-0.003117438,-19.483987499999998,2.5064201520000005,15.665125949999998,fixed
6.42281609994825,3,0.804,-0.003113996,-19.462474999999998,2.5036527840000002,15.6478299,fixed
6.446268599946052,3,0.804,-0.003109926,-19.4370375,2.5003805040000002,15.62737815,fixed
6.469661199953407,3,0.804,-0.003114936,-19.46835,2.504408544,15.652553400000002,fixed
6.494468299963046,3,0.804,-0.003111178,-19.4448625,2.501387112,15.633669450000001,fixed
6.517862299922854,3,0.804,-0.003115875,-19.47421875,2.5051635,15.657271875,fixed
6.541317699942738,3,0.804,-0.003119319,-19.49574375,2.507932476,15.674577975,fixed
6.564478199928999,3,0.804,-0.003114936,-19.46835,2.504408544,15.652553400000002,fixed
6.587473699939437,3,0.804,-0.003117754,-19.4859625,2.506674216,15.66671385,fixed
6.610469999955967,3,0.804,-0.003117754,-19.4859625,2.506674216,15.66671385,fixed
6.634193499980029,3,0.804,-0.003109926,-19.4370375,2.5003805040000002,15.62737815,fixed
6.65773579996312,3,0.804,-0.003113683,-19.46051875,2.503401132,15.646257075,fixed
6.680839799926616,3,0.804,-0.003117441,-19.48400625,2.506422564,15.665141025,fixed
6.7036439999355935,3,0.804,-0.003112118,-19.4507375,2.5021428720000003,15.63839295,fixed
6.726382799970452,3,0.804,-0.003113683,-19.46051875,2.503401132,15.646257075,fixed
6.749465099943336,3,0.804,-0.003118691,-19.491818749999997,2.507427564,15.671422274999998,fixed
6.774063799937721,3,0.804,-0.003115562,-19.4722625,2.5049118480000003,15.65569905,fixed
6.796348299947567,3,0.804,-0.003112744,-19.45465,2.5026461760000003,15.641538600000002,fixed
6.820785499934573,3,0.804,-0.003116814,-19.4800875,2.5059184560000003,15.66199035,fixed
6.843744699959643,3,0.804,-0.003112118,-19.4507375,2.5021428720000003,15.63839295,fixed
6.86697449994972,3,0.804,-0.003111491,-19.44681875,2.501638764,15.635242275,fixed
6.889831799955573,3,0.804,-0.003114933,-19.46833125,2.504406132,15.652538325,fixed
6.914687399927061,3,0.804,-0.003114309,-19.46443125,2.5039044360000005,15.649402725000002,fixed
6.9376123999245465,3,0.804,-0.003114936,-19.46835,2.504408544,15.652553400000002,fixed
6.961542899953201,3,0.804,-0.003117128,-19.482049999999997,2.506170912,15.663568199999998,fixed
6.984789599955548,3,0.804,-0.003111178,-19.4448625,2.501387112,15.633669450000001,fixed
7.007882799953222,3,0.804,-0.003111491,-19.44681875,2.501638764,15.635242275,fixed
7.030489799974021,3,0.804,-0.003112431,-19.452693749999998,2.5023945240000005,15.639965775,fixed
7.054466599947773,3,0.804,-0.003106168,-19.413549999999997,2.497359072,15.608494199999999,fixed
7.077714999963064,3,0.804,-0.003110239,-19.438993749999998,2.5006321560000004,15.628950974999999,fixed
7.101258799957577,3,0.804,-0.003114623,-19.466393749999998,2.5041568919999997,15.650980575,fixed
7.124684699927457,3,0.804,-0.003110239,-19.438993749999998,2.5006321560000004,15.628950974999999,fixed
7.147146399947815,3,0.804,-0.003116188,-19.476175,2.5054151520000003,15.658844700000001,fixed
7.170258499972988,3,0.804,-0.003122448,-19.5153,2.5104481919999997,15.6903012,fixed
7.19478199997684,3,0.804,-0.003117754,-19.4859625,2.506674216,15.66671385,fixed
7.217677799926605,3,0.804,-0.003119633,-19.49770625,2.5081849320000003,15.676155825,fixed
7.2415012999554165,3,0.804,-0.003120885,-19.50553125,2.50919154,15.682447125000001,fixed
7.26433359994553,3,0.804,-0.003112744,-19.45465,2.5026461760000003,15.641538600000002,fixed
7.28931039996678,3,0.804,-0.003116501,-19.47813125,2.505666804,15.660417525000002,fixed
7.311323099944275,3,0.804,-0.003117128,-19.482049999999997,2.506170912,15.663568199999998,fixed
7.3335728999227285,3,0.804,-0.003112118,-19.4507375,2.5021428720000003,15.63839295,fixed
7.35626059997594,3,0.804,-0.003112431,-19.452693749999998,2.5023945240000005,15.639965775,fixed
7.381441699923016,3,0.804,-0.003115249,-19.47030625,2.504660196,15.654126225,fixed
7.404526399972383,3,0.804,-0.003110552,-19.440949999999997,2.500883808,15.630523799999999,fixed
7.4296425999491476,3,0.804,-0.003113996,-19.462474999999998,2.5036527840000002,15.6478299,fixed
7.452626699930988,3,0.804,-0.003115562,-19.4722625,2.5049118480000003,15.65569905,fixed
7.475579899968579,3,0.804,-0.003111804,-19.448775,2.501890416,15.636815100000002,fixed
7.4988011999521405,3,0.804,-0.003115562,-19.4722625,2.5049118480000003,15.65569905,fixed
7.521618299942929,3,0.804,-0.00311462,-19.466375,2.50415448,15.6509655,fixed
7.544519699935336,3,0.804,-0.003105542,-19.409637500000002,2.4968557680000005,15.605348550000002,fixed
7.568129299965221,3,0.804,-0.003107421,-19.42138125,2.498366484,15.614790525,fixed
7.591397599957418,3,0.804,-0.00310961,-19.4350625,2.50012644,15.625790250000001,fixed
7.615294899966102,3,0.804,-0.00310429,-19.401812500000002,2.49584916,15.599057250000003,fixed
7.638281799969263,3,0.804,-0.003109299,-19.43311875,2.499876396,15.624227475,fixed
7.661583099979907,3,0.804,-0.003113681,-19.46050625,2.503399524,15.646247025000003,fixed
7.684490899962839,3,0.804,-0.00310836,-19.42725,2.4991214400000006,15.619509,fixed
7.709998899954371,3,0.804,-0.003112431,-19.452693749999998,2.5023945240000005,15.639965775,fixed
7.733545699971728,3,0.804,-0.003111491,-19.44681875,2.501638764,15.635242275,fixed
7.756062199943699,3,0.804,-0.003111491,-19.44681875,2.501638764,15.635242275,fixed
7.779853299958631,3,0.804,-0.003116501,-19.47813125,2.505666804,15.660417525000002,fixed
7.802462099934928,3,0.804,-0.003114309,-19.46443125,2.5039044360000005,15.649402725000002,fixed
7.825352599960752,3,0.804,-0.003108673,-19.42920625,2.499373092,15.621081825000001,fixed
7.848452899954282,3,0.804,-0.00311337,-19.4585625,2.50314948,15.644684250000001,fixed
7.871373099973425,3,0.804,-0.003114936,-19.46835,2.504408544,15.652553400000002,fixed
7.894488799967803,3,0.804,-0.00310836,-19.42725,2.4991214400000006,15.619509,fixed
7.917417799937539,3,0.804,-0.003110863,-19.44289375,2.5011338520000006,15.632086575,fixed
7.941056599956937,3,0.804,-0.003113683,-19.46051875,2.503401132,15.646257075,fixed
7.964398699929006,3,0.804,-0.003106479,-19.41549375,2.4976091160000005,15.610056975000001,fixed
7.988918399962131,3,0.804,-0.00310836,-19.42725,2.4991214400000006,15.619509,fixed
8.01219229993876,3,0.804,-0.003109613,-19.43508125,2.500128852,15.625805325,fixed
8.035837999952491,3,0.804,-0.00310429,-19.401812500000002,2.49584916,15.599057250000003,fixed
8.058425899944268,3,0.804,-0.003109297,-19.43310625,2.4998747880000005,15.624217425000003,fixed
8.084902999922633,4,0.903,-0.002904698,-18.154362499999998,2.6229422939999996,16.393389337499997,fixed
8.108803799957968,4,0.905,-0.002901887,-18.136793750000002,2.6262077350000004,16.413798343750003,fixed
8.131154399947263,4,0.905,-0.002906897,-18.168106249999997,2.630741785,16.442136156249997,fixed
8.154408299946226,4,0.905,-0.002902826,-18.142662499999997,2.62705753,16.419109562499997,fixed
8.178133599925786,4,0.905,-0.002904392,-18.15245,2.62847476,16.427967250000002,fixed
8.201125099963974,4,0.905,-0.002906271,-18.164193750000003,2.630175255,16.438595343750002,fixed
8.224153499933891,4,0.905,-0.002898129,-18.11330625,2.622806745,16.392542156250002,fixed
8.247375799925067,4,0.905,-0.002896251,-18.10156875,2.621107155,16.381919718749998,fixed
8.270808599947486,4,0.905,-0.002899382,-18.121137499999996,2.62394071,16.399629437499996,fixed
8.293003499973565,4,0.905,-0.002897503,-18.10939375,2.622240215,16.38900134375,fixed
8.316221099928953,4,0.905,-0.002895624,-18.097649999999998,2.62053972,16.37837325,fixed
8.33931789995404,4,0.905,-0.002899382,-18.121137499999996,2.62394071,16.399629437499996,fixed
8.363106499949936,4,0.905,-0.002898129,-18.11330625,2.622806745,16.392542156250002,fixed
8.386457499931566,4,0.905,-0.002890301,-18.06438125,2.615722405,16.34826503125,fixed
8.409959599957801,4,0.905,-0.002892806,-18.0800375,2.6179894299999997,16.3624339375,fixed
8.433135299943388,4,0.905,-0.002889362,-18.0585125,2.61487261,16.3429538125,fixed
8.457965399953537,4,0.905,-0.002886231,-18.038943749999998,2.6120390550000003,16.325244093749998,fixed
8.48248359997524,4,0.905,-0.002894372,-18.089825,2.61940666,16.371291625,fixed
8.505252499948256,4,0.905,-0.002889675,-18.06046875,2.615155875,16.34472421875,fixed
8.528544199944008,4,0.905,-0.002893122,-18.0820125,2.6182754100000003,16.3642213125,fixed
8.55304259993136,4,0.905,-0.002895311,-18.09569375,2.620256455,16.37660284375,fixed
8.576017299958039,4,0.905,-0.002890304,-18.0644,2.6157251199999996,16.348282,fixed
8.599308699951507,4,0.905,-0.002894372,-18.089825,2.61940666,16.371291625,fixed
8.62203619995853,4,0.905,-0.002895627,-18.09766875,2.620542435,16.378390218750003,fixed
8.645360099966638,4,0.905,-0.002887796,-18.048725,2.6134553800000004,16.334096125000002,fixed
8.668386399978772,4,0.905,-0.002889678,-18.0604875,2.61515859,16.344741187500002,fixed
8.692827199934982,4,0.905,-0.002894372,-18.089825,2.61940666,16.371291625,fixed
8.716073099931236,4,0.905,-0.002890301,-18.06438125,2.615722405,16.34826503125,fixed
8.741051399963908,4,0.905,-0.002894998,-18.0937375,2.6199731900000005,16.3748324375,fixed
8.764361999928951,4,0.905,-0.002890614,-18.0663375,2.6160056700000003,16.3500354375,fixed
8.787609899940435,4,0.905,-0.002889988,-18.062425,2.61543914,16.346494625000002,fixed
8.810114799940493,4,0.905,-0.002893746,-18.0859125,2.61884013,16.3677508125,fixed
8.834182799968403,4,0.905,-0.002889051,-18.05656875,2.6145911550000003,16.34119471875,fixed
8.85751269996399,4,0.905,-0.002886231,-18.038943749999998,2.6120390550000003,16.325244093749998,fixed
8.8822494999622,4,0.905,-0.002888425,-18.05265625,2.614024625,16.337653906249997,fixed
8.905253699922469,4,0.905,-0.002881534,-18.0095875,2.60778827,16.2986766875,fixed
8.929435699945316,4,0.905,-0.002882786,-18.0174125,2.6089213300000003,16.3057583125,fixed
8.952190399926621,4,0.905,-0.002887173,-18.044831249999998,2.612891565,16.33057228125,fixed
8.976521899923682,4,0.905,-0.002883099,-18.01936875,2.609204595,16.307528718750003,fixed
9.00009849993512,4,0.905,-0.002889049,-18.05655625,2.614589345,16.34118340625,fixed
9.023709199973382,4,0.905,-0.002888422,-18.0526375,2.61402191,16.3376369375,fixed
9.047334099945147,4,0.905,-0.002885605,-18.03503125,2.611472525,16.32170328125,fixed
9.0705028999364,4,0.905,-0.002890614,-18.0663375,2.6160056700000003,16.3500354375,fixed
9.093005099974107,4,0.905,-0.00288811,-18.050687500000002,2.6137395500000005,16.3358721875,fixed
9.119591099966783,4,0.905,-0.002884978,-18.0311125,2.6109050899999997,16.3181568125,fixed
9.141965799964964,4,0.905,-0.002889364,-18.058525,2.61487442,16.342965125,fixed
9.168598299962468,4,0.905,-0.002883099,-18.01936875,2.609204595,16.307528718750003,fixed
9.19112159992801,4,0.905,-0.002885607,-18.03504375,2.6114743350000005,16.32171459375,fixed
9.214242399961222,4,0.905,-0.002881221,-18.00763125,2.6075050050000006,16.29690628125,fixed
9.23696619994007,4,0.905,-0.002878405,-17.99003125,2.6049565250000004,16.28097828125,fixed
9.260126499924809,4,0.905,-0.002884039,-18.02524375,2.610055295,16.31284559375,fixed
9.283300899958704,4,0.905,-0.002883099,-18.01936875,2.609204595,16.307528718750003,fixed
9.30688139994163,4,0.905,-0.002879655,-17.99784375,2.6060877749999998,16.288048593750002,fixed
9.330211699940264,4,0.905,-0.002885607,-18.03504375,2.6114743350000005,16.32171459375,fixed
9.353962499939371,4,0.905,-0.002884041,-18.025256249999998,2.6100571049999997,16.312856906249998,fixed
9.37727759993868,4,0.905,-0.002880281,-18.00175625,2.6066543050000006,16.29158940625,fixed
9.401301799924113,4,0.905,-0.002885294,-18.0330875,2.6111910700000003,16.319944187500003,fixed
9.4239641999593,4,0.905,-0.002883415,-18.02134375,2.6094905749999997,16.30931609375,fixed
9.447751299943775,4,0.905,-0.002882163,-18.013518750000003,2.6083575150000002,16.302234468750004,fixed
9.470893499965314,4,0.905,-0.00288811,-18.050687500000002,2.6137395500000005,16.3358721875,fixed
9.496119099960197,4,0.905,-0.002884978,-18.0311125,2.6109050899999997,16.3181568125,fixed
9.519055699929595,4,0.905,-0.002884352,-18.0272,2.61033856,16.314616,fixed
9.54171449993737,4,0.905,-0.002884352,-18.0272,2.61033856,16.314616,fixed
9.56507299997611,4,0.905,-0.002879029,-17.99393125,2.605521245,16.28450778125,fixed
9.589942799939308,4,0.905,-0.002879342,-17.9958875,2.60580451,16.2862781875,fixed
9.613125899923034,4,0.905,-0.002880281,-18.00175625,2.6066543050000006,16.29158940625,fixed
9.635615899926051,4,0.905,-0.002874019,-17.962618749999997,2.600987195,16.256169968749997,fixed
9.659791499958374,4,0.905,-0.002878092,-17.988075,2.60467326,16.279207874999997,fixed
9.683169599971734,4,0.905,-0.002878403,-17.99001875,2.604954715,16.28096696875,fixed
9.705782099976204,4,0.905,-0.002873079,-17.95674375,2.600136495,16.250853093750003,fixed
9.730101299937814,4,0.905,-0.002875898,-17.974362499999998,2.60268769,16.266798062499998,fixed
9.75296409992734,4,0.905,-0.002880281,-18.00175625,2.6066543050000006,16.29158940625,fixed
9.777274999942165,4,0.905,-0.00287715,-17.982187500000002,2.60382075,16.273879687500003,fixed
9.80001009994885,4,0.905,-0.002882473,-18.01545625,2.608638065,16.30398790625,fixed
9.824382699967828,4,0.905,-0.002880908,-18.005675,2.6072217400000004,16.295135875,fixed
9.847286899923347,4,0.905,-0.002873706,-17.9606625,2.6007039300000003,16.2543995625,fixed
9.871066699968651,4,0.905,-0.002875898,-17.974362499999998,2.60268769,16.266798062499998,fixed
9.893862799974158,4,0.905,-0.002871514,-17.946962499999998,2.59872017,16.242001062499998,fixed
9.92015649995301,4,0.905,-0.002868696,-17.92935,2.59616988,16.22606175,fixed
9.942344899929594,4,0.905,-0.002873706,-17.9606625,2.6007039300000003,16.2543995625,fixed
9.964194599946495,4,0.905,-0.00287214,-17.950875,2.5992867,16.245541875,fixed
9.986258699966129,4,0.905,-0.002873079,-17.95674375,2.600136495,16.250853093750003,fixed
10.01273419993231,4,0.905,-0.002877776,-17.9861,2.6043872799999996,16.2774205,fixed
10.036022999964189,4,0.905,-0.002877776,-17.9861,2.6043872799999996,16.2774205,fixed
10.059052499942482,4,0.905,-0.002881534,-18.0095875,2.60778827,16.2986766875,fixed
10.081887399952393,4,0.905,-0.002883726,-18.023287500000002,2.6097720300000002,16.311075187500002,fixed
10.106299999926705,5,1.004,-0.00240107,-15.006687499999998,2.41067428,15.066714249999999,fixed
10.12933049997082,5,1.006,-0.00239325,-14.957812500000001,2.4076095,15.047559375,fixed
10.153866199951153,5,1.006,-0.002388866,-14.930412499999997,2.403199196,15.019994974999998,fixed
10.177208899927791,5,1.006,-0.002377907,-14.86191875,2.392174442,14.9510902625,fixed
10.201106699940283,5,1.006,-0.002378533,-14.86583125,2.392804198,14.9550262375,fixed
10.223731999925803,5,1.006,-0.002374462,-14.840387499999999,2.3887087719999998,14.929429824999998,fixed
10.248964599973988,5,1.006,-0.002368826,-14.8051625,2.383038956,14.893993475,fixed
10.271697599964682,5,1.006,-0.002371957,-14.824731250000001,2.3861887420000003,14.913679637500001,fixed
10.29580519994488,5,1.006,-0.002365695,-14.78559375,2.37988917,14.874307312500001,fixed
10.319253899971955,5,1.006,-0.002363816,-14.77385,2.377998896,14.8624931,fixed
10.342678299930412,5,1.006,-0.00236726,-14.795375,2.38146356,14.88414725,fixed
10.365653099957854,5,1.006,-0.00236225,-14.764062500000001,2.3764235,14.852646875000001,fixed
10.389106999966316,5,1.006,-0.002360998,-14.7562375,2.375163988,14.844774925,fixed
10.411837999941781,5,1.006,-0.002360371,-14.752318749999999,2.3745332259999996,14.840832662499999,fixed
10.434594799939077,5,1.006,-0.002357553,-14.73470625,2.3716983180000004,14.8231144875,fixed
10.458000499929767,5,1.006,-0.002356927,-14.730793749999998,2.371068562,14.819178512499999,fixed
10.48034089995781,5,1.006,-0.002361311,-14.75819375,2.375478866,14.8467429125,fixed
10.503649299964309,5,1.006,-0.002359432,-14.74645,2.373588592,14.834928699999999,fixed
10.526662599935662,5,1.006,-0.002351917,-14.699481249999998,2.366028502,14.787678137499999,fixed
10.549855499935802,5,1.006,-0.002351917,-14.699481249999998,2.366028502,14.787678137499999,fixed
10.574400699930266,5,1.006,-0.002350664,-14.691650000000001,2.364767984,14.7797999,fixed
10.598317399970256,5,1.006,-0.00234722,-14.670125,2.3613033199999998,14.75814575,fixed
10.621458599925973,5,1.006,-0.002349099,-14.681868749999998,2.3631935939999997,14.769959962499998,fixed
10.644715099944733,5,1.006,-0.002345341,-14.65838125,2.3594130460000002,14.7463315375,fixed
10.6674015999306,5,1.006,-0.002343149,-14.64468125,2.357207894,14.7325493375,fixed
10.690469999972265,5,1.006,-0.002345968,-14.6623,2.360043808,14.7502738,fixed
10.715275299968198,5,1.006,-0.002343776,-14.6486,2.357838656,14.7364916,fixed
10.738545299973339,5,1.006,-0.002340958,-14.6309875,2.355003748,14.718773425,fixed
10.763224999944214,5,1.006,-0.002342836,-14.642725,2.356893016,14.730581350000001,fixed
10.785518399963621,5,1.006,-0.002337513,-14.60945625,2.351538078,14.697112987499999,fixed
10.80962809995981,5,1.006,-0.002338766,-14.6172875,2.352798596,14.704991225,fixed
10.831922399927862,5,1.006,-0.002341584,-14.634899999999998,2.355633504,14.722709399999998,fixed
10.856338999932632,5,1.006,-0.002337516,-14.609475,2.351541096,14.69713185,fixed
10.879079199919943,5,1.006,-0.0023372,-14.6075,2.3512232000000006,14.695145,fixed
10.904476599942427,5,1.006,-0.002337513,-14.60945625,2.351538078,14.697112987499999,fixed
10.928138899966143,5,1.006,-0.002331251,-14.57031875,2.3452385060000003,14.6577406625,fixed
10.951376599958166,5,1.006,-0.002332816,-14.580100000000002,2.3468128960000003,14.6675806,fixed
10.974769999971613,5,1.006,-0.002330311,-14.56444375,2.344292866,14.6518304125,fixed
10.998400899930857,5,1.006,-0.002327493,-14.54683125,2.341457958,14.6341122375,fixed
11.021430099965073,5,1.006,-0.002332503,-14.578143749999999,2.346498018,14.665612612499999,fixed
11.045773999940138,5,1.006,-0.002329372,-14.558575000000001,2.3433482320000003,14.645926450000001,fixed
11.068783099937718,5,1.006,-0.002329059,-14.55661875,2.3430333539999997,14.6439584625,fixed
11.09364309994271,5,1.006,-0.00233094,-14.568375,2.34492564,14.65578525,fixed
11.116476399940439,5,1.006,-0.002325928,-14.53705,2.339883568,14.624272300000001,fixed
11.141163999971468,5,1.006,-0.002327496,-14.54685,2.341460976,14.6341311,fixed
11.16483259992674,5,1.006,-0.002325928,-14.53705,2.339883568,14.624272300000001,fixed
11.187596299976576,5,1.006,-0.002323423,-14.52139375,2.337363538,14.6085221125,fixed
11.210370599932503,5,1.006,-0.002324675,-14.52921875,2.33862305,14.6163940625,fixed
11.234951899969019,5,1.006,-0.002323423,-14.52139375,2.337363538,14.6085221125,fixed
11.257462699955795,5,1.006,-0.002318099,-14.48811875,2.3320075940000002,14.5750474625,fixed
11.28146409994224,5,1.006,-0.002321233,-14.507706249999998,2.3351603979999997,14.594752487499997,fixed
11.305151199921966,5,1.006,-0.002317162,-14.482262500000001,2.3310649720000005,14.569156075,fixed
11.328952999960165,5,1.006,-0.002316221,-14.476381249999998,2.330118326,14.563239537499998,fixed
11.351679899962619,5,1.006,-0.00232092,-14.50575,2.3348455200000005,14.5927845,fixed
11.37514239992015,5,1.006,-0.002320291,-14.50181875,2.334212746,14.5888296625,fixed
11.398512399930041,5,1.006,-0.002319039,-14.49399375,2.3329532340000005,14.5809577125,fixed
11.42219039995689,5,1.006,-0.00232092,-14.50575,2.3348455200000005,14.5927845,fixed
11.445410699932836,5,1.006,-0.002314031,-14.46269375,2.327915186,14.5494699125,fixed
11.469511799921747,5,1.006,-0.002314029,-14.462681250000001,2.3279131740000003,14.549457337500002,fixed
11.49256169993896,5,1.006,-0.002316847,-14.48029375,2.330748082,14.5671755125,fixed
11.516038999950979,5,1.006,-0.002311211,-14.44506875,2.3250782660000002,14.531739162500001,fixed
11.539129699929617,5,1.006,-0.002309019,-14.431368749999997,2.322873114,14.517956962499998,fixed
11.563830499944743,5,1.006,-0.002311211,-14.44506875,2.3250782660000002,14.531739162500001,fixed
11.586378799926024,5,1.006,-0.002303696,-14.3981,2.317518176,14.484488599999999,fixed
11.611409699951764,5,1.006,-0.002304948,-14.405925,2.318777688,14.49236055,fixed
11.634604699967895,5,1.006,-0.002304638,-14.403987499999998,2.318465828,14.490411424999998,fixed
11.65852689993335,5,1.006,-0.002301506,-14.384412499999998,2.315315036,14.470718974999999,fixed
11.681368999939878,5,1.006,-0.002307143,-14.419643750000002,2.3209858580000002,14.506161612500003,fixed
11.70533159992192,5,1.006,-0.002306827,-14.41766875,2.320667962,14.5041747625,fixed
11.728815899929032,5,1.006,-0.002304635,-14.40396875,2.31846281,14.4903925625,fixed
11.752861299959477,5,1.006,-0.002307456,-14.421599999999998,2.321300736,14.508129599999998,fixed
11.775714599934872,5,1.006,-0.002303385,-14.39615625,2.31720531,14.482533187500001,fixed
11.800402399967425,5,1.006,-0.002300877,-14.380481249999999,2.3146822619999994,14.466764137499998,fixed
11.82382869994035,5,1.006,-0.00230213,-14.3883125,2.31594278,14.474642375,fixed
11.847228799946606,5,1.006,-0.002294931,-14.34331875,2.308700586,14.4293786625,fixed
11.870376199949533,5,1.006,-0.002297746,-14.360912499999998,2.3115324759999996,14.447077974999997,fixed
11.894507599936333,5,1.006,-0.002297749,-14.36093125,2.311535494,14.4470968375,fixed
11.917639399936888,5,1.006,-0.002293675,-14.335468749999999,2.30743705,14.421481562499999,fixed
11.94142699992517,5,1.006,-0.002297746,-14.360912499999998,2.3115324759999996,14.447077974999997,fixed
11.964558799925726,5,1.006,-0.002298372,-14.364825,2.312162232,14.45101395,fixed
11.989220099931117,5,1.006,-0.002295241,-14.345256249999998,2.309012446,14.431327787499999,fixed
12.01255039992975,5,1.006,-0.002299938,-14.3746125,2.313737628,14.460860174999999,fixed
12.036169399973005,5,1.006,-0.002297436,-14.358975,2.311220616,14.44512885,fixed
12.059824399941135,5,1.006,-0.002298372,-14.364825,2.312162232,14.45101395,fixed
12.082105999928899,5,1.006,-0.002300251,-14.37656875,2.3140525060000003,14.462828162500001,fixed
12.105320199974813,5,1.006,-0.002294931,-14.34331875,2.308700586,14.4293786625,fixed
12.130166699935216,6,0.906,-0.00280326,-17.520375,2.53975356,15.873459750000002,fixed
12.15353759995196,6,0.905,-0.002808575,-17.553593749999997,2.541760375,15.886002343749999,fixed
12.17875349993119,6,0.905,-0.002805757,-17.53598125,2.539210085,15.87006303125,fixed
12.201364699925762,6,0.905,-0.002811709,-17.57318125,2.544596645,15.903729031250002,fixed
12.225257799960673,6,0.905,-0.002809828,-17.561425,2.5428943399999997,15.893089625,fixed
12.24851729994407,6,0.905,-0.002806383,-17.539893749999997,2.539776615,15.873603843749999,fixed
12.271916499943472,6,0.905,-0.00281202,-17.575125,2.5448781,15.905488125,fixed
12.294419699930586,6,0.905,-0.002811707,-17.57316875,2.544594835,15.90371771875,fixed
12.319615899934433,6,0.905,-0.002810767,-17.56729375,2.543744135,15.898400843750002,fixed
12.342356899927836,6,0.905,-0.002818909,-17.61818125,2.551112645,15.94445403125,fixed
12.366230299929157,6,0.905,-0.002815777,-17.59860625,2.5482781850000005,15.92673865625,fixed
12.389735699922312,6,0.905,-0.00281703,-17.6064375,2.5494121499999998,15.933825937499998,fixed
12.414213099924382,6,0.905,-0.002820787,-17.62991875,2.552812235,15.955076468750002,fixed
12.437439599947538,6,0.905,-0.002816404,-17.602525000000004,2.5488456200000003,15.930285125000003,fixed
12.461317599925678,6,0.905,-0.002818595,-17.61621875,2.550828475,15.942677968750003,fixed
12.484500699967612,6,0.905,-0.002817343,-17.60839375,2.549695415,15.935596343750001,fixed
12.5070155999274,6,0.905,-0.002813585,-17.58490625,2.546294425,15.91434015625,fixed
12.530427799967583,6,0.905,-0.002818595,-17.61621875,2.550828475,15.942677968750003,fixed
12.553616399934981,6,0.905,-0.002821414,-17.6338375,2.55337967,15.9586229375,fixed
12.576828999968711,6,0.905,-0.002817343,-17.60839375,2.549695415,15.935596343750001,fixed
12.600387699960265,6,0.905,-0.002819848,-17.62405,2.55196244,15.94976525,fixed
12.623327899957076,6,0.905,-0.002823605,-17.647531249999997,2.555362525,15.971015781249998,fixed
12.64682789996732,6,0.905,-0.002819848,-17.62405,2.55196244,15.94976525,fixed
12.669803299941123,6,0.905,-0.002820787,-17.62991875,2.552812235,15.955076468750002,fixed
12.693282099964563,6,0.905,-0.002823292,-17.645574999999997,2.55507926,15.969245374999998,fixed
12.716959599929396,6,0.905,-0.002817343,-17.60839375,2.549695415,15.935596343750001,fixed
12.740223399945535,6,0.905,-0.002819848,-17.62405,2.55196244,15.94976525,fixed
12.763318999961484,6,0.905,-0.002822666,-17.641662500000002,2.5545127300000003,15.965704562500003,fixed
12.786863799963612,6,0.905,-0.002819222,-17.620137500000002,2.5513959100000005,15.946224437500002,fixed
12.81005379994167,6,0.905,-0.002820787,-17.62991875,2.552812235,15.955076468750002,fixed
12.834060099965427,6,0.905,-0.002824858,-17.6553625,2.55649649,15.978103062499999,fixed
12.85696059995098,6,0.905,-0.002819222,-17.620137500000002,2.5513959100000005,15.946224437500002,fixed
12.879132399975788,6,0.905,-0.002822353,-17.63970625,2.554229465,15.96393415625,fixed
12.901187899929937,6,0.905,-0.002823919,-17.649493749999998,2.5556466949999996,15.972791843749999,fixed
12.925794799928553,6,0.905,-0.002823605,-17.647531249999997,2.555362525,15.971015781249998,fixed
12.947563699970488,6,0.905,-0.002818595,-17.61621875,2.550828475,15.942677968750003,fixed
12.97337039996637,6,0.905,-0.002820787,-17.62991875,2.552812235,15.955076468750002,fixed
12.995992299926002,6,0.905,-0.00281609,-17.6005625,2.54856145,15.9285090625,fixed
13.02110009995522,6,0.905,-0.002815464,-17.59665,2.5479949200000003,15.924968250000001,fixed
13.044470399967395,6,0.905,-0.002818595,-17.61621875,2.550828475,15.942677968750003,fixed
13.067492499947548,6,0.905,-0.002810454,-17.5653375,2.54346087,15.896630437499999,fixed
13.090150499949232,6,0.905,-0.002815151,-17.59469375,2.547711655,15.923197843750001,fixed
13.115193899953738,6,0.905,-0.002817656,-17.61035,2.5499786799999997,15.93736675,fixed
13.138643299927935,6,0.905,-0.002816404,-17.602525000000004,2.5488456200000003,15.930285125000003,fixed
13.161181299947202,6,0.905,-0.002823919,-17.649493749999998,2.5556466949999996,15.972791843749999,fixed
13.184137099946383,6,0.905,-0.00282611,-17.663187500000003,2.55762955,15.985184687500004,fixed
13.209830899955705,6,0.905,-0.002820787,-17.62991875,2.552812235,15.955076468750002,fixed
13.233164399978705,6,0.905,-0.002826424,-17.66515,2.55791372,15.986960750000001,fixed
13.255889599968214,6,0.905,-0.002820161,-17.626006249999996,2.5522457050000003,15.951535656249996,fixed
13.277962599939201,6,0.905,-0.002820161,-17.626006249999996,2.5522457050000003,15.951535656249996,fixed
13.302952699945308,6,0.905,-0.002825484,-17.659274999999997,2.55706302,15.981643874999998,fixed
13.325870799948461,6,0.905,-0.002820787,-17.62991875,2.552812235,15.955076468750002,fixed
13.34953659994062,6,0.905,-0.002820161,-17.626006249999996,2.5522457050000003,15.951535656249996,fixed
13.372202299942728,6,0.905,-0.002824858,-17.6553625,2.55649649,15.978103062499999,fixed
13.396077299956232,6,0.905,-0.002823292,-17.645574999999997,2.55507926,15.969245374999998,fixed
13.419505499943625,6,0.905,-0.002823919,-17.649493749999998,2.5556466949999996,15.972791843749999,fixed
13.443575399927795,6,0.905,-0.002828929,-17.68080625,2.5601807450000003,16.00112965625,fixed
13.466331199975684,6,0.905,-0.002823919,-17.649493749999998,2.5556466949999996,15.972791843749999,fixed
13.490945699973963,6,0.905,-0.00282204,-17.63775,2.5539462,15.96216375,fixed
13.51473499997519,6,0.905,-0.002823919,-17.649493749999998,2.5556466949999996,15.972791843749999,fixed
13.53750419995049,6,0.905,-0.002819848,-17.62405,2.55196244,15.94976525,fixed
13.560175199934747,6,0.905,-0.002824545,-17.65340625,2.556213225,15.97633265625,fixed
13.584088499948848,6,0.905,-0.002829555,-17.68471875,2.560747275,16.00467046875,fixed
13.607425599941052,6,0.905,-0.002821727,-17.63579375,2.553662935,15.96039334375,fixed
13.632539599959273,6,0.905,-0.002824858,-17.6553625,2.55649649,15.978103062499999,fixed
13.655388899962418,6,0.905,-0.002823919,-17.649493749999998,2.5556466949999996,15.972791843749999,fixed
13.678088399930857,6,0.905,-0.002822979,-17.64361875,2.554795995,15.967474968750002,fixed
13.701367599947844,6,0.905,-0.002827363,-17.671018749999998,2.558763515,15.992271968749998,fixed
13.724689699942246,6,0.905,-0.002827363,-17.671018749999998,2.558763515,15.992271968749998,fixed
13.747132299933583,6,0.905,-0.002818595,-17.61621875,2.550828475,15.942677968750003,fixed
13.77129939995939,6,0.905,-0.002817969,-17.61230625,2.550261945,15.93913715625,fixed
13.794434699928388,6,0.905,-0.002818909,-17.61818125,2.551112645,15.94445403125,fixed
13.818659199925605,6,0.905,-0.00281703,-17.6064375,2.5494121499999998,15.933825937499998,fixed
13.841118299926165,6,0.905,-0.00282611,-17.663187500000003,2.55762955,15.985184687500004,fixed
13.864086099958513,6,0.905,-0.002826737,-17.66710625,2.5581969850000004,15.988731156250001,fixed
13.887602699978743,6,0.905,-0.0028211,-17.631875,2.5530955000000004,15.956846875000002,fixed
13.910473399970215,6,0.905,-0.002822353,-17.63970625,2.554229465,15.96393415625,fixed
13.933280199940782,6,0.905,-0.002824545,-17.65340625,2.556213225,15.97633265625,fixed
13.956500599975698,6,0.905,-0.002820474,-17.6279625,2.55252897,15.9533060625,fixed
13.979593499971088,6,0.905,-0.0028211,-17.631875,2.5530955000000004,15.956846875000002,fixed
14.003486599947792,6,0.905,-0.002825797,-17.66123125,2.557346285,15.98341428125,fixed
14.026009699970018,6,0.905,-0.002821414,-17.6338375,2.55337967,15.9586229375,fixed
14.050937099964358,6,0.905,-0.002820474,-17.6279625,2.55252897,15.9533060625,fixed
14.074406099971384,6,0.905,-0.002822666,-17.641662500000002,2.5545127300000003,15.965704562500003,fixed
14.097186699975282,6,0.905,-0.002818595,-17.61621875,2.550828475,15.942677968750003,fixed
14.120518599927891,6,0.905,-0.002822666,-17.641662500000002,2.5545127300000003,15.965704562500003,fixed
14.14377639995655,7,0.806,-0.003067035,-19.16896875,2.4720302100000002,15.450188812500002,fixed
14.166165999951772,7,0.804,-0.003061702,-19.135637499999998,2.461608408,15.38505255,fixed
14.190455599920824,7,0.804,-0.003060762,-19.1297625,2.460852648,15.38032905,fixed
14.213351999933366,7,0.804,-0.003064207,-19.15129375,2.4636224280000003,15.397640175000001,fixed
14.23651079996489,7,0.804,-0.003061078,-19.1317375,2.461106712,15.38191695,fixed
14.259533499949612,7,0.804,-0.003063267,-19.14541875,2.462866668,15.392916675000002,fixed
14.282729099970311,7,0.804,-0.003069217,-19.18260625,2.467650468,15.422815425,fixed
14.3050602999283,7,0.804,-0.003067025,-19.16890625,2.4658881000000004,15.411800625,fixed
14.33065469993744,7,0.804,-0.003061075,-19.131718749999997,2.4611043,15.381901874999999,fixed
14.354064199957065,7,0.804,-0.00306452,-19.15325,2.46387408,15.399213000000001,fixed
14.37703579996014,7,0.804,-0.003059197,-19.119981250000002,2.459594388,15.372464925000003,fixed
14.400305599963758,7,0.804,-0.003064209,-19.15130625,2.463624036,15.397650225000001,fixed
14.423978099948727,7,0.804,-0.003071098,-19.1943625,2.469162792,15.432267450000001,fixed
14.447336999932304,7,0.804,-0.003065146,-19.1571625,2.464377384,15.40235865,fixed
14.470986399974208,7,0.804,-0.003066086,-19.163037499999998,2.465133144,15.407082149999999,fixed
14.494380399934016,7,0.804,-0.003070782,-19.192387500000002,2.468908728,15.430679550000002,fixed
14.51728579995688,7,0.804,-0.003066399,-19.16499375,2.465384796,15.408654975000001,fixed
14.540192299929913,7,0.804,-0.003068591,-19.17869375,2.467147164,15.419669775000001,fixed
14.564143899944611,7,0.804,-0.003072035,-19.20021875,2.46991614,15.436975875000002,fixed
14.587217799969949,7,0.804,-0.003065146,-19.1571625,2.464377384,15.40235865,fixed
14.61161149997497,7,0.804,-0.003067964,-19.174775,2.466643056,15.4165191,fixed
14.634233699936885,7,0.804,-0.003073914,-19.211962500000002,2.4714268560000003,15.446417850000003,fixed
14.657416399975773,7,0.804,-0.003070469,-19.19043125,2.468657076,15.429106725,fixed
14.680297999933828,7,0.804,-0.003072664,-19.20415,2.470421856,15.440136599999999,fixed
14.703948999929707,7,0.804,-0.003076105,-19.22565625,2.4731884200000005,15.457427625000001,fixed
14.727638499927707,7,0.804,-0.003068593,-19.178706249999998,2.4671487720000003,15.419679825,fixed
14.75118969992036,7,0.804,-0.003071096,-19.19435,2.4691611840000003,15.432257400000001,fixed
14.774226899957284,7,0.804,-0.003076108,-19.225675,2.4731908320000002,15.4574427,fixed
14.798956399958115,7,0.804,-0.003070156,-19.188475,2.468405424,15.427533900000002,fixed
14.822345299937297,7,0.804,-0.003075169,-19.219806249999998,2.472435876,15.452724224999999,fixed
14.845445899933111,7,0.804,-0.003073914,-19.211962500000002,2.4714268560000003,15.446417850000003,fixed
14.868242399941664,7,0.804,-0.003069217,-19.18260625,2.467650468,15.422815425,fixed
14.89255469996715,7,0.804,-0.003072348,-19.202175,2.470167792,15.438548700000002,fixed
14.91512589994818,7,0.804,-0.003072035,-19.20021875,2.46991614,15.436975875000002,fixed
14.941015399934258,7,0.804,-0.003069843,-19.18651875,2.4681537720000004,15.425961075000002,fixed
14.963821099954657,7,0.804,-0.003076734,-19.229587499999997,2.473694136,15.460588349999998,fixed
14.986828499939293,7,0.804,-0.003070782,-19.192387500000002,2.468908728,15.430679550000002,fixed
15.01019089994952,7,0.804,-0.003072348,-19.202175,2.470167792,15.438548700000002,fixed
15.033177899953444,7,0.804,-0.003077671,-19.235443749999998,2.474447484,15.465296774999999,fixed
15.056090799975209,7,0.804,-0.003074853,-19.217831249999996,2.472181812,15.451136324999998,fixed
15.079989499936346,7,0.804,-0.003074229,-19.213931249999998,2.471680116,15.448000725,fixed
15.10334349994082,7,0.804,-0.003079552,-19.2472,2.4759598080000003,15.4747488,fixed
15.126468299946282,7,0.804,-0.003075166,-19.2197875,2.472433464,15.45270915,fixed
15.149429799930658,7,0.804,-0.003071096,-19.19435,2.4691611840000003,15.432257400000001,fixed
15.173877099936362,7,0.804,-0.003076732,-19.229574999999997,2.473692528,15.460578299999998,fixed
15.197508799959905,7,0.804,-0.003075479,-19.22174375,2.472685116,15.454281975000002,fixed
15.220465999969747,7,0.804,-0.003077674,-19.2354625,2.474449896,15.46531185,fixed
15.243123799969908,7,0.804,-0.003081115,-19.25696875,2.47721646,15.482602875,fixed
15.267050899972674,7,0.804,-0.003078613,-19.241331249999998,2.475204852,15.470030325,fixed
15.289292499946896,7,0.804,-0.003078613,-19.241331249999998,2.475204852,15.470030325,fixed
15.313150199945085,7,0.804,-0.003082368,-19.264799999999997,2.478223872,15.488899199999999,fixed
15.336211199930403,7,0.804,-0.003077984,-19.2374,2.4746991360000004,15.466869600000003,fixed
15.36018639995018,7,0.804,-0.003073287,-19.20804375,2.470922748,15.443267175000003,fixed
15.383223999931943,7,0.804,-0.00307955,-19.2471875,2.4759582,15.47473875,fixed
15.406513299967628,7,0.804,-0.003077984,-19.2374,2.4746991360000004,15.466869600000003,fixed
15.428973399975803,7,0.804,-0.003077358,-19.233487500000003,2.4741958320000004,15.463723950000002,fixed
15.45316539995838,7,0.804,-0.003082055,-19.262843750000002,2.4779722200000003,15.487326375000002,fixed
15.476051299949177,7,0.804,-0.003078924,-19.243274999999997,2.475454896,15.471593099999998,fixed
15.500677899923176,7,0.804,-0.00307955,-19.2471875,2.4759582,15.47473875,fixed
15.524286399944685,7,0.804,-0.003085186,-19.2824125,2.480489544,15.50305965,fixed
15.54711059993133,7,0.804,-0.00307955,-19.2471875,2.4759582,15.47473875,fixed
15.570158099930268,7,0.804,-0.003077984,-19.2374,2.4746991360000004,15.466869600000003,fixed
15.594179399951827,7,0.804,-0.003081115,-19.25696875,2.47721646,15.482602875,fixed
15.61721099994611,7,0.804,-0.003077358,-19.233487500000003,2.4741958320000004,15.463723950000002,fixed
15.641244399943389,7,0.804,-0.003079239,-19.24524375,2.4757081560000005,15.473175975000002,fixed
15.663834899954963,7,0.804,-0.003082994,-19.2687125,2.478727176,15.492044850000001,fixed
15.687701499962714,7,0.804,-0.003076421,-19.22763125,2.4734424840000004,15.459015525000002,fixed
15.71004799992079,7,0.804,-0.003077047,-19.23154375,2.473945788,15.462161175,fixed
15.732087399926968,7,0.804,-0.003079863,-19.249143749999998,2.476209852,15.476311574999999,fixed
15.75361349992454,7,0.804,-0.003079237,-19.24523125,2.4757065480000002,15.473165925,fixed
15.778391099942382,7,0.804,-0.003077045,-19.23153125,2.47394418,15.462151125,fixed
15.79957899992587,7,0.804,-0.003081744,-19.2609,2.477722176,15.4857636,fixed
15.82554509997135,7,0.804,-0.003085502,-19.2843875,2.4807436080000005,15.504647550000001,fixed
15.847337699960917,7,0.804,-0.003080489,-19.25305625,2.476713156,15.479457225,fixed
15.872746599954553,7,0.804,-0.003081742,-19.260887500000003,2.4777205680000005,15.485753550000004,fixed
15.896000399952754,7,0.804,-0.003080489,-19.25305625,2.476713156,15.479457225,fixed
15.921091899974272,7,0.804,-0.003076734,-19.229587499999997,2.473694136,15.460588349999998,fixed
15.944200799975079,7,0.804,-0.003082994,-19.2687125,2.478727176,15.492044850000001,fixed
15.968873899953905,7,0.804,-0.0030783,-19.239375,2.4749532000000003,15.4684575,fixed
15.992175799969118,7,0.804,-0.003081431,-19.258943749999997,2.477470524,15.484190774999998,fixed
16.016442699939944,7,0.804,-0.003080489,-19.25305625,2.476713156,15.479457225,fixed
16.039591999957338,7,0.804,-0.003074542,-19.2158875,2.471931768,15.449573550000002,fixed
16.062484699941706,7,0.804,-0.003081429,-19.25893125,2.4774689160000003,15.484180725000002,fixed
16.085067999956664,7,0.804,-0.00308362,-19.272624999999998,2.47923048,15.4951905,fixed
16.110545699950308,7,0.804,-0.003079863,-19.249143749999998,2.476209852,15.476311574999999,fixed
16.133131599926855,7,0.804,-0.003087068,-19.294175,2.4820026720000006,15.5125167,fixed
16.156584799988195,8,0.903,-0.002855537,-17.84710625,2.578549911,16.11593694375,fixed
16.180150000029244,8,0.905,-0.002853039,-17.83149375,2.5820002950000003,16.13750184375,fixed
16.203749499982223,8,0.905,-0.002858676,-17.866725,2.58710178,16.169386125,fixed
16.226902100024745,8,0.905,-0.002854292,-17.839325,2.58313426,16.144589125,fixed
16.252030200033914,8,0.905,-0.0028521,-17.825625,2.5811505,16.132190625,fixed
16.275085500034038,8,0.905,-0.002852726,-17.829537499999997,2.5817170299999996,16.1357314375,fixed
16.297811900032684,8,0.905,-0.002844272,-17.7767,2.57406616,16.087913500000003,fixed
16.3208772999933,8,0.905,-0.002846777,-17.792356249999997,2.576333185,16.10208240625,fixed
16.344875600014348,8,0.905,-0.002853352,-17.83345,2.58228356,16.13927225,fixed
16.367420400027186,8,0.905,-0.002849282,-17.808012499999997,2.57860021,16.116251312499998,fixed
16.39026890002424,8,0.905,-0.002850221,-17.813881249999998,2.579450005,16.12156253125,fixed
16.412912400031928,8,0.905,-0.002855544,-17.847149999999996,2.58426732,16.151670749999997,fixed
16.43809930002317,8,0.905,-0.002852413,-17.827581249999998,2.581433765,16.13396103125,fixed
16.460948900028598,8,0.905,-0.002851474,-17.8217125,2.58058397,16.1286498125,fixed
16.485088200017344,8,0.905,-0.002854605,-17.84128125,2.583417525,16.146359531250003,fixed
16.508192599983886,8,0.905,-0.002847403,-17.79626875,2.576899715,16.10562321875,fixed
16.53256840002723,8,0.905,-0.002846777,-17.792356249999997,2.576333185,16.10208240625,fixed
16.55600460001733,8,0.905,-0.002846777,-17.792356249999997,2.576333185,16.10208240625,fixed
16.579098900023382,8,0.905,-0.002843645,-17.772781249999998,2.5734987250000003,16.084367031249997,fixed
16.601818400027696,8,0.905,-0.002849908,-17.811925,2.57916674,16.119792125,fixed
16.62562370003434,8,0.905,-0.002853979,-17.83736875,2.5828509950000003,16.14281871875,fixed
16.64940920000663,8,0.905,-0.002848342,-17.802137499999997,2.57774951,16.1109344375,fixed
16.671824900025968,8,0.905,-0.002850221,-17.813881249999998,2.579450005,16.12156253125,fixed
16.69481190002989,8,0.905,-0.002849595,-17.80996875,2.578883475,16.11802171875,fixed
16.718134900031146,8,0.905,-0.002844585,-17.77865625,2.5743494250000003,16.089683906250002,fixed
16.7407151000225,8,0.905,-0.002846464,-17.7904,2.57604992,16.100312000000002,fixed
16.765035399992485,8,0.905,-0.002848029,-17.80018125,2.5774662450000005,16.109164031250003,fixed
16.788238300010562,8,0.905,-0.002843645,-17.772781249999998,2.5734987250000003,16.084367031249997,fixed
16.81302770000184,8,0.905,-0.002843959,-17.77474375,2.573782895,16.08614309375,fixed
16.836059499997646,8,0.904,-0.002845835,-17.78646875,2.57263484,16.07896775,fixed
16.862682799983304,8,0.905,-0.002841454,-17.7590875,2.5715158700000003,16.0719741875,fixed
16.890598900034092,8,0.905,-0.002844898,-17.780612499999997,2.5746326899999996,16.091454312499998,fixed
16.91412859997945,8,0.905,-0.002843645,-17.772781249999998,2.5734987250000003,16.084367031249997,fixed
16.94048869999824,8,0.905,-0.002842393,-17.76495625,2.572365665,16.077285406250002,fixed
16.964151600026526,8,0.905,-0.00284709,-17.7943125,2.5766164500000004,16.1038528125,fixed
16.987257200002205,8,0.905,-0.002844585,-17.77865625,2.5743494250000003,16.089683906250002,fixed
17.010062100016512,8,0.905,-0.002843645,-17.772781249999998,2.5734987250000003,16.084367031249997,fixed
17.033547300030477,8,0.905,-0.00284615,-17.7884375,2.57576575,16.0985359375,fixed
17.056760400009807,8,0.905,-0.002842706,-17.7669125,2.57264893,16.079055812500002,fixed
17.079993600025773,8,0.905,-0.002840201,-17.75125625,2.5703819050000005,16.064886906250003,fixed
17.10281389998272,8,0.905,-0.002845211,-17.78256875,2.574915955,16.09322471875,fixed
17.127230999991298,8,0.905,-0.002844272,-17.7767,2.57406616,16.087913500000003,fixed
17.15041950001614,8,0.905,-0.002841141,-17.75713125,2.5712326050000005,16.07020378125,fixed
17.172750500030816,8,0.905,-0.002844585,-17.77865625,2.5743494250000003,16.089683906250002,fixed
17.195990399981383,8,0.905,-0.002843959,-17.77474375,2.573782895,16.08614309375,fixed
17.220324099995196,8,0.905,-0.002839262,-17.7453875,2.5695321100000004,16.0595756875,fixed
17.243071799981408,8,0.905,-0.002843019,-17.76886875,2.572932195,16.08082621875,fixed
17.2659008000046,8,0.905,-0.002841767,-17.76104375,2.571799135,16.07374459375,fixed
17.288912900025025,8,0.905,-0.002839575,-17.74734375,2.569815375,16.06134609375,fixed
17.311275999993086,8,0.905,-0.002843959,-17.77474375,2.573782895,16.08614309375,fixed
17.333164700015914,8,0.905,-0.002845524,-17.784525,2.57519922,16.094995125,fixed
17.35739379998995,8,0.905,-0.002842706,-17.7669125,2.57264893,16.079055812500002,fixed
17.379718000011053,8,0.905,-0.002838322,-17.7395125,2.56868141,16.0542588125,fixed
17.404996800003573,8,0.905,-0.002844898,-17.780612499999997,2.5746326899999996,16.091454312499998,fixed
17.427893000014592,8,0.905,-0.002839575,-17.74734375,2.569815375,16.06134609375,fixed
17.452957200002857,8,0.905,-0.002839262,-17.7453875,2.5695321100000004,16.0595756875,fixed
17.476104600005783,8,0.905,-0.002838322,-17.7395125,2.56868141,16.0542588125,fixed
17.50120880000759,8,0.905,-0.002832999,-17.70624375,2.5638640950000005,16.02415059375,fixed
17.5238793999888,8,0.905,-0.002839575,-17.74734375,2.569815375,16.06134609375,fixed
17.547464600007515,8,0.905,-0.002836757,-17.72973125,2.5672650850000003,16.04540678125,fixed
17.57074759999523,8,0.905,-0.002836131,-17.72581875,2.566698555,16.04186596875,fixed
17.593602499982808,8,0.905,-0.002840201,-17.75125625,2.5703819050000005,16.064886906250003,fixed
17.61693479999667,8,0.905,-0.002837696,-17.735599999999998,2.5681148799999995,16.050718,fixed
17.641032100014854,8,0.905,-0.002833939,-17.71211875,2.5647147950000004,16.02946746875,fixed
17.663855999999214,8,0.905,-0.002838949,-17.74343125,2.569248845,16.05780528125,fixed
17.68952050001826,8,0.905,-0.002836757,-17.72973125,2.5672650850000003,16.04540678125,fixed
17.712942900019698,8,0.905,-0.00283707,-17.7316875,2.56754835,16.0471771875,fixed
17.73578380001709,8,0.905,-0.002836757,-17.72973125,2.5672650850000003,16.04540678125,fixed
17.75882950000232,8,0.905,-0.002831747,-17.69841875,2.5627310349999997,16.01706896875,fixed
17.782023400010075,8,0.905,-0.002835817,-17.72385625,2.5664143850000003,16.04008990625,fixed
17.804852700035553,8,0.905,-0.002839575,-17.74734375,2.569815375,16.06134609375,fixed
17.82929249998415,8,0.905,-0.002833939,-17.71211875,2.5647147950000004,16.02946746875,fixed
17.851982599997427,8,0.905,-0.002835191,-17.71994375,2.565847855,16.03654909375,fixed
17.875343499996234,8,0.905,-0.002838949,-17.74343125,2.569248845,16.05780528125,fixed
17.899081900017336,8,0.905,-0.002833626,-17.7101625,2.5644315300000002,16.0276970625,fixed
17.923122100008186,8,0.905,-0.002837383,-17.73364375,2.5678316150000002,16.04894759375,fixed
17.946006899990607,8,0.905,-0.002838322,-17.7395125,2.56868141,16.0542588125,fixed
17.970326000009663,8,0.905,-0.00283206,-17.700374999999998,2.5630143,16.018839375,fixed
17.993570799997542,8,0.905,-0.002840201,-17.75125625,2.5703819050000005,16.064886906250003,fixed
18.01671699999133,8,0.904,-0.002840512,-17.7532,2.567822848,16.0488928,fixed
18.039876600028947,8,0.905,-0.002836757,-17.72973125,2.5672650850000003,16.04540678125,fixed
18.062720399990212,8,0.905,-0.002839575,-17.74734375,2.569815375,16.06134609375,fixed
18.085910200024955,8,0.905,-0.002838949,-17.74343125,2.569248845,16.05780528125,fixed
18.110498399997596,8,0.905,-0.002833939,-17.71211875,2.5647147950000004,16.02946746875,fixed
18.133973199990578,8,0.905,-0.002838636,-17.741474999999998,2.5689655799999995,16.056034874999998,fixed
18.1574135000119,8,0.905,-0.002836444,-17.727775,2.56698182,16.043636375000002,fixed
18.18152809998719,9,1.005,-0.002337508,-14.609424999999998,2.3491955399999997,14.682472124999997,fixed
18.204576599993743,9,1.006,-0.00233219,-14.576187500000001,2.3461831400000004,14.663644625000002,fixed
18.22767469997052,9,1.006,-0.00232217,-14.5135625,2.3361030200000004,14.600643875000001,fixed
18.25130609999178,9,1.005,-0.002319976,-14.49985,2.33157588,14.572349249999998,fixed
18.27364209998632,9,1.006,-0.002321544,-14.509649999999999,2.335473264,14.596707899999998,fixed
18.297271099989302,9,1.006,-0.002317786,-14.486162499999999,2.331692716,14.573079474999998,fixed
18.319899800000712,9,1.006,-0.00231215,-14.450937499999998,2.3260229,14.537643124999999,fixed
18.34411689999979,9,1.006,-0.002314655,-14.466593750000001,2.3285429300000002,14.5533933125,fixed
18.366586299962364,9,1.006,-0.002311524,-14.447025,2.325393144,14.53370715,fixed
18.39081409998471,9,1.006,-0.002308392,-14.42745,2.322242352,14.5140147,fixed
18.41386779997265,9,1.006,-0.002309019,-14.431368749999997,2.322873114,14.517956962499998,fixed
18.43828579998808,9,1.006,-0.002305261,-14.407881249999999,2.319092566,14.4943285375,fixed
18.46148199995514,9,1.006,-0.002301191,-14.38244375,2.314998146,14.4687384125,fixed
18.485890199954156,9,1.006,-0.002303069,-14.39418125,2.316887414,14.480546337500002,fixed
18.50907659996301,9,1.006,-0.002296807,-14.355043750000002,2.310587842,14.441174012500001,fixed
18.532666999963112,9,1.006,-0.002295554,-14.3472125,2.309327324,14.433295775,fixed
18.555917499994393,9,1.006,-0.00229712,-14.357,2.31090272,14.443142,fixed
18.579694199957885,9,1.006,-0.002292736,-14.329600000000001,2.3064924159999998,14.4155776,fixed
18.602671500004362,9,1.006,-0.00229618,-14.351125,2.30995708,14.43723175,fixed
18.626418599975295,9,1.006,-0.002297433,-14.358956250000002,2.3112175980000003,14.445109987500002,fixed
18.649811499984935,9,1.006,-0.002291484,-14.321775,2.305232904,14.40770565,fixed
18.6728477999568,9,1.006,-0.002292423,-14.327643749999998,2.306177538,14.413609612499998,fixed
18.69592460000422,9,1.006,-0.002292736,-14.329600000000001,2.3064924159999998,14.4155776,fixed
18.719040900003165,9,1.006,-0.002288979,-14.30611875,2.302712874,14.3919554625,fixed
18.74161709996406,9,1.006,-0.002288979,-14.30611875,2.302712874,14.3919554625,fixed
18.76580269995611,9,1.006,-0.002289292,-14.308075,2.303027752,14.39392345,fixed
18.78892189997714,9,1.006,-0.002282716,-14.266975,2.296412296,14.35257685,fixed
18.813359099964146,9,1.006,-0.002281464,-14.25915,2.295152784,14.3447049,fixed
18.844118399953004,9,1.005,-0.002281774,-14.2610875,2.2931828699999994,14.332392937499998,fixed
18.867091599968262,9,1.006,-0.002280837,-14.25523125,2.294522022,14.3407626375,fixed
18.891452799958643,9,1.006,-0.002279272,-14.245450000000002,2.292947632,14.330922700000002,fixed
18.91446909995284,9,1.006,-0.002283656,-14.272849999999998,2.2973579359999996,14.358487099999998,fixed
18.939385699981358,9,1.006,-0.002277706,-14.235662499999998,2.2913722360000004,14.321076474999998,fixed
18.962676199967973,9,1.006,-0.002277393,-14.23370625,2.2910573579999998,14.3191084875,fixed
18.98646089999238,9,1.006,-0.002278019,-14.23761875,2.291687114,14.323044462499999,fixed
19.009661499992944,9,1.006,-0.002270504,-14.190649999999998,2.284127024,14.275793899999998,fixed
19.03405620000558,9,1.006,-0.002270817,-14.19260625,2.284441902,14.2777618875,fixed
19.05683819996193,9,1.006,-0.002271444,-14.196525000000001,2.285072664,14.281704150000001,fixed
19.081938299990725,9,1.006,-0.002269878,-14.1867375,2.283497268,14.271857924999999,fixed
19.104858899954706,9,1.006,-0.00227614,-14.225874999999998,2.2897968399999997,14.311230249999998,fixed
19.127566799987108,9,1.006,-0.002273009,-14.20630625,2.286647054,14.2915440875,fixed
19.150487999955658,9,1.006,-0.002269565,-14.18478125,2.2831823899999995,14.2698899375,fixed
19.174755899992306,9,1.006,-0.00227113,-14.194562500000002,2.28475678,14.279729875000001,fixed
19.1975761000067,9,1.006,-0.002268312,-14.176950000000001,2.2819218720000003,14.262011700000002,fixed
19.22105150000425,9,1.006,-0.002266747,-14.16716875,2.2803474820000003,14.2521717625,fixed
19.243732899951283,9,1.005,-0.002271441,-14.196506249999999,2.2827982049999997,14.267488781249996,fixed
19.26984399999492,9,1.006,-0.002270191,-14.18869375,2.283812146,14.273825912500001,fixed
19.292727099964395,9,1.006,-0.002266434,-14.165212499999999,2.2800326039999996,14.250203775,fixed
19.31650749995606,9,1.006,-0.002265181,-14.157381249999998,2.2787720859999996,14.2423255375,fixed
19.339726999984123,9,1.006,-0.002258918,-14.1182375,2.272471508,14.202946925,fixed
19.36316009995062,9,1.006,-0.002261424,-14.133900000000002,2.274992544,14.218703400000003,fixed
19.38668569998117,9,1.006,-0.002264242,-14.151512499999999,2.277827452,14.236421575,fixed
19.411470799997915,9,1.006,-0.002259545,-14.12215625,2.2731022700000003,14.2068891875,fixed
19.434481899952516,9,1.006,-0.002265181,-14.157381249999998,2.2787720859999996,14.2423255375,fixed
19.457113899989054,9,1.006,-0.002262676,-14.141725,2.276252056,14.22657535,fixed
19.47970999998506,9,1.006,-0.002260171,-14.12606875,2.273732026,14.2108251625,fixed
19.505414499959443,9,1.006,-0.002261737,-14.13585625,2.2753074220000005,14.2206713875,fixed
19.52901259995997,9,1.005,-0.002259229,-14.120181250000002,2.270525145,14.19078215625,fixed
19.55217789998278,9,1.006,-0.002256727,-14.104543750000001,2.2702673620000002,14.189171012500001,fixed
19.575565499952063,9,1.006,-0.002257353,-14.108456250000001,2.270897118,14.193106987500002,fixed
19.599070700001903,9,1.006,-0.00225203,-14.0751875,2.2655421799999997,14.159638625,fixed
19.62266339996131,9,1.006,-0.002251403,-14.071268749999998,2.2649114179999996,14.155696362499999,fixed
19.645344999968074,9,1.006,-0.002253908,-14.086924999999999,2.2674314480000004,14.171446549999999,fixed
19.668306099949405,9,1.006,-0.002249525,-14.059531250000001,2.2630221500000003,14.143888437500001,fixed
19.691587599983905,9,1.006,-0.002251717,-14.073231249999997,2.265227302,14.157670637499997,fixed
19.714658899989445,9,1.006,-0.002255161,-14.094756249999998,2.268691966,14.179324787499999,fixed
19.73987309995573,9,1.006,-0.00225203,-14.0751875,2.2655421799999997,14.159638625,fixed
19.76274709997233,9,1.006,-0.002250151,-14.063443750000001,2.263651906,14.1478244125,fixed
19.786985499958973,9,1.006,-0.002251717,-14.073231249999997,2.265227302,14.157670637499997,fixed
19.80968889995711,9,1.006,-0.002248898,-14.0556125,2.262391388,14.139946175,fixed
19.8331980999792,9,1.006,-0.002249838,-14.0614875,2.263337028,14.145856425,fixed
19.856314899981953,9,1.006,-0.00225109,-14.0693125,2.26459654,14.153728375,fixed
19.88063189998502,9,1.006,-0.002245454,-14.0340875,2.258926724,14.118292025,fixed
19.90369579999242,9,1.006,-0.002249525,-14.059531250000001,2.2630221500000003,14.143888437500001,fixed
19.928911399969365,9,1.006,-0.002250464,-14.0654,2.2639667840000004,14.1497924,fixed
19.951338799961377,9,1.006,-0.002245141,-14.032131249999999,2.258611846,14.116324037499998,fixed
19.975105899968185,9,1.006,-0.002247333,-14.045831249999999,2.2608169979999997,14.1301062375,fixed
19.99887359997956,9,1.006,-0.002241696,-14.0106,2.2551461760000002,14.0946636,fixed
20.022363599971868,9,1.006,-0.002241384,-14.00865,2.2548323040000002,14.0927019,fixed
20.045652899949346,9,1.006,-0.002245767,-14.036043750000001,2.2592416020000003,14.120260012500001,fixed
20.070256499981042,9,1.006,-0.002239505,-13.996906250000002,2.2529420300000003,14.080887687500002,fixed
20.093823799979873,9,1.006,-0.002242323,-14.014518749999999,2.255776938,14.0986058625,fixed
20.11666649999097,9,1.006,-0.002242636,-14.016475,2.256091816,14.10057385,fixed
20.139760899997782,9,1.006,-0.002238879,-13.992993749999998,2.252312274,14.076951712499998,fixed
20.163989799970295,9,1.006,-0.002241696,-14.0106,2.2551461760000002,14.0946636,fixed
20.188451200025156,10,0.906,-0.002767561,-17.29725625,2.507410266,15.6713141625,fixed
20.211329900019336,10,0.905,-0.002769121,-17.307006249999997,2.506054505,15.662840656249998,fixed
20.234508700028528,10,0.904,-0.002773503,-17.33439375,2.507246712,15.670291950000001,fixed
20.258463400008623,10,0.905,-0.002773505,-17.33440625,2.510022025,15.68763765625,fixed
20.2819157000049,10,0.905,-0.002770374,-17.3148375,2.50718847,15.6699279375,fixed
20.3049839999876,10,0.905,-0.002777263,-17.35789375,2.513423015,15.70889384375,fixed
20.327225500019267,10,0.905,-0.002775384,-17.34615,2.51172252,15.698265750000003,fixed
20.351467499975115,10,0.905,-0.002771626,-17.3226625,2.50832153,15.6770095625,fixed
20.373513799975626,10,0.905,-0.002776323,-17.35201875,2.512572315,15.70357696875,fixed
20.398558699991554,10,0.905,-0.002777263,-17.35789375,2.513423015,15.70889384375,fixed
20.42141760000959,10,0.905,-0.002774131,-17.33831875,2.510588555,15.69117846875,fixed
20.445714200031944,10,0.905,-0.002779455,-17.37159375,2.515406775,15.72129234375,fixed
20.468997000018135,10,0.905,-0.002775697,-17.34810625,2.5120057850000004,15.70003615625,fixed
20.492201899993233,10,0.905,-0.002776323,-17.35201875,2.512572315,15.70357696875,fixed
20.51527089998126,10,0.905,-0.002780394,-17.3774625,2.51625657,15.726603562500001,fixed
20.53830499999458,10,0.905,-0.002776323,-17.35201875,2.512572315,15.70357696875,fixed
20.56154179997975,10,0.905,-0.002775697,-17.34810625,2.5120057850000004,15.70003615625,fixed
20.58462320000399,10,0.905,-0.002780394,-17.3774625,2.51625657,15.726603562500001,fixed
20.60758299997542,10,0.905,-0.002779768,-17.37355,2.5156900400000004,15.723062750000002,fixed
20.631345100002363,10,0.905,-0.002776323,-17.35201875,2.512572315,15.70357696875,fixed
20.654219900025055,10,0.905,-0.002782586,-17.3911625,2.5182403300000002,15.739002062500001,fixed
20.678496500011533,10,0.905,-0.002780707,-17.37941875,2.516539835,15.72837396875,fixed
20.70119470002828,10,0.905,-0.002777576,-17.359849999999998,2.51370628,15.710664249999999,fixed
20.726234300003853,10,0.905,-0.002781333,-17.38333125,2.517106365,15.731914781250001,fixed
20.749551800021436,10,0.905,-0.00277695,-17.3559375,2.5131397499999997,15.7071234375,fixed
20.772890600026585,10,0.905,-0.002779455,-17.37159375,2.515406775,15.72129234375,fixed
20.795330599998124,10,0.905,-0.002784778,-17.404862499999997,2.5202240899999997,15.751400562499997,fixed
20.821198799996637,10,0.905,-0.002784152,-17.400949999999998,2.5196575599999997,15.747859749999998,fixed
20.84449729998596,10,0.905,-0.002785404,-17.408775000000002,2.52079062,15.754941375000003,fixed
20.868149999994785,10,0.905,-0.002782586,-17.3911625,2.5182403300000002,15.739002062500001,fixed
20.891179200029,10,0.905,-0.00277695,-17.3559375,2.5131397499999997,15.7071234375,fixed
20.91498820000561,10,0.905,-0.002781333,-17.38333125,2.517106365,15.731914781250001,fixed
20.93838730000425,10,0.905,-0.002780707,-17.37941875,2.516539835,15.72837396875,fixed
20.96324170002481,10,0.905,-0.002779142,-17.3696375,2.5151235100000005,15.7195219375,fixed
20.986308299994562,10,0.905,-0.002784778,-17.404862499999997,2.5202240899999997,15.751400562499997,fixed
21.01072760001989,10,0.905,-0.002779455,-17.37159375,2.515406775,15.72129234375,fixed
21.033382800000254,10,0.905,-0.002780394,-17.3774625,2.51625657,15.726603562500001,fixed
21.057063799991738,10,0.905,-0.002783212,-17.395075000000002,2.51880686,15.742542875000002,fixed
21.080451000016183,10,0.905,-0.002777263,-17.35789375,2.513423015,15.70889384375,fixed
21.103374300000723,10,0.905,-0.002780707,-17.37941875,2.516539835,15.72837396875,fixed
21.126271600020118,10,0.905,-0.002781333,-17.38333125,2.517106365,15.731914781250001,fixed
21.149535699980333,10,0.905,-0.002778515,-17.36571875,2.514556075,15.715975468749999,fixed
21.17224929999793,10,0.905,-0.002778828,-17.367675000000002,2.51483934,15.717745875000002,fixed
21.195302799984347,10,0.905,-0.002785404,-17.408775000000002,2.52079062,15.754941375000003,fixed
21.218257699976675,10,0.905,-0.002783525,-17.397031249999998,2.519090125,15.74431328125,fixed
21.242419800022617,10,0.905,-0.00278196,-17.387249999999998,2.5176738,15.735461249999998,fixed
21.26540949998889,10,0.905,-0.002787596,-17.422475,2.52277438,15.767339875,fixed
21.28902600001311,10,0.905,-0.002786657,-17.41660625,2.5219245850000003,15.762028656250001,fixed
21.31239660002757,10,0.905,-0.002786343,-17.41464375,2.5216404150000002,15.76025259375,fixed
21.33605019998504,10,0.905,-0.002787596,-17.422475,2.52277438,15.767339875,fixed
21.359334899985697,10,0.905,-0.00278196,-17.387249999999998,2.5176738,15.735461249999998,fixed
21.383352799981367,10,0.905,-0.002781647,-17.38529375,2.517390535,15.733690843749999,fixed
21.406660599983297,10,0.905,-0.002787909,-17.424431249999998,2.523057645,15.769110281249999,fixed
21.430654000025243,10,0.905,-0.002784465,-17.40290625,2.519940825,15.749630156250001,fixed
21.45343990001129,10,0.905,-0.002785404,-17.408775000000002,2.52079062,15.754941375000003,fixed
21.476486300001852,10,0.905,-0.002787283,-17.420518750000003,2.5224911150000002,15.765569468750003,fixed
21.49977029999718,10,0.905,-0.002781647,-17.38529375,2.517390535,15.733690843749999,fixed
21.52196639997419,10,0.905,-0.002779142,-17.3696375,2.5151235100000005,15.7195219375,fixed
21.545071000000462,10,0.905,-0.002783838,-17.398987499999997,2.5193733899999997,15.746083687499997,fixed
21.568647900014184,10,0.905,-0.002781647,-17.38529375,2.517390535,15.733690843749999,fixed
21.591169100021943,10,0.905,-0.002780707,-17.37941875,2.516539835,15.72837396875,fixed
21.61709970002994,10,0.905,-0.002785404,-17.408775000000002,2.52079062,15.754941375000003,fixed
21.640160700015258,10,0.905,-0.002784152,-17.400949999999998,2.5196575599999997,15.747859749999998,fixed
21.664028799976222,10,0.905,-0.002786657,-17.41660625,2.5219245850000003,15.762028656250001,fixed
21.687119400012307,10,0.905,-0.002789788,-17.436175000000002,2.52475814,15.779738375000003,fixed
21.711105900001712,10,0.905,-0.002784152,-17.400949999999998,2.5196575599999997,15.747859749999998,fixed
21.73448390001431,10,0.905,-0.002789162,-17.4322625,2.52419161,15.7761975625,fixed
21.757670500024687,10,0.905,-0.00279104,-17.444,2.5258912,15.786819999999999,fixed
21.78027960000327,10,0.905,-0.002782586,-17.3911625,2.5182403300000002,15.739002062500001,fixed
21.804366900003515,10,0.905,-0.002784152,-17.400949999999998,2.5196575599999997,15.747859749999998,fixed
21.82734979997622,10,0.905,-0.00278697,-17.4185625,2.5222078500000005,15.7637990625,fixed
21.85151260002749,10,0.905,-0.00278196,-17.387249999999998,2.5176738,15.735461249999998,fixed
21.87437219999265,10,0.905,-0.002785091,-17.40681875,2.520507355,15.75317096875,fixed
21.89922750002006,10,0.905,-0.002786343,-17.41464375,2.5216404150000002,15.76025259375,fixed
21.922123300028034,10,0.905,-0.00278102,-17.381375,2.5168231000000003,15.730144374999998,fixed
21.94538679998368,10,0.905,-0.002786343,-17.41464375,2.5216404150000002,15.76025259375,fixed
21.968586699978914,10,0.905,-0.002784778,-17.404862499999997,2.5202240899999997,15.751400562499997,fixed
21.991437799995765,10,0.905,-0.00278102,-17.381375,2.5168231000000003,15.730144374999998,fixed
22.01434659998631,10,0.905,-0.002786657,-17.41660625,2.5219245850000003,15.762028656250001,fixed
22.03786049998598,10,0.905,-0.002787596,-17.422475,2.52277438,15.767339875,fixed
22.060984699986875,10,0.904,-0.002783836,-17.398975,2.516587744,15.7286734,fixed
22.085411700012628,10,0.905,-0.002787596,-17.422475,2.52277438,15.767339875,fixed
22.108058399986476,10,0.905,-0.002787909,-17.424431249999998,2.523057645,15.769110281249999,fixed
22.13165300001856,10,0.905,-0.002783212,-17.395075000000002,2.51880686,15.742542875000002,fixed
22.15455049998127,10,0.905,-0.002786657,-17.41660625,2.5219245850000003,15.762028656250001,fixed
22.17841390002286,10,0.905,-0.002785717,-17.41073125,2.521073885,15.75671178125,fixed
22.202069799997844,11,0.806,-0.00302946,-18.934124999999998,2.44174476,15.26090475,fixed
22.224716000026092,11,0.804,-0.003034147,-18.96341875,2.4394541880000005,15.246588675,fixed
22.24696259998018,11,0.804,-0.003033833,-18.96145625,2.4392017320000003,15.245010825000001,fixed
22.272410499979742,11,0.804,-0.003028197,-18.92623125,2.4346703880000002,15.216689925,fixed
22.295350999978837,11,0.804,-0.003036025,-18.975156249999998,2.4409641,15.256025625,fixed
22.318082500016317,11,0.804,-0.003036965,-18.981031249999997,2.44171986,15.260749124999998,fixed
22.341052900010254,11,0.804,-0.003036652,-18.979075,2.441468208,15.259176300000002,fixed
22.365340400021523,11,0.804,-0.003041035,-19.00646875,2.44499214,15.281200875000001,fixed
22.38807290000841,11,0.804,-0.003041662,-19.0103875,2.4454962480000004,15.28435155,fixed
22.41203940002015,11,0.804,-0.003037904,-18.986900000000002,2.4424748160000003,15.265467600000003,fixed
22.43520659999922,11,0.804,-0.00304448,-19.028,2.4477619200000005,15.298512,fixed
22.45931850001216,11,0.804,-0.003045419,-19.03386875,2.4485168760000002,15.303230475000001,fixed
22.48257430002559,11,0.804,-0.003042288,-19.0143,2.4459995520000004,15.2874972,fixed
22.50599770003464,11,0.804,-0.003045732,-19.035825,2.4487685280000004,15.3048033,fixed
22.529426700028125,11,0.804,-0.003041348,-19.008425,2.4452437920000003,15.2827737,fixed
22.5531768000219,11,0.804,-0.00303947,-18.996687499999997,2.44373388,15.273336749999999,fixed
22.576330700016115,11,0.804,-0.003043227,-19.02016875,2.4467545079999997,15.292215675000001,fixed
22.600809000025038,11,0.804,-0.003039783,-18.99864375,2.443985532,15.274909575,fixed
22.624286100035533,11,0.804,-0.003041975,-19.012343750000003,2.4457479,15.285924375000004,fixed
22.646957500022836,11,0.804,-0.003045732,-19.035825,2.4487685280000004,15.3048033,fixed
22.67014780000318,11,0.804,-0.003041662,-19.0103875,2.4454962480000004,15.28435155,fixed
22.694614699983504,11,0.804,-0.003042914,-19.018212499999997,2.4465028560000004,15.29064285,fixed
22.7182028000243,11,0.804,-0.00304949,-19.0593125,2.45178996,15.32368725,fixed
22.74126249999972,11,0.804,-0.00304448,-19.028,2.4477619200000005,15.298512,fixed
22.763955200032797,11,0.804,-0.003049177,-19.05735625,2.451538308,15.322114425000002,fixed
22.78868810000131,11,0.804,-0.003050742,-19.0671375,2.452796568,15.329978550000002,fixed
22.81192830001237,11,0.804,-0.00304448,-19.028,2.4477619200000005,15.298512,fixed
22.836524799990002,11,0.804,-0.003051682,-19.0730125,2.4535523280000002,15.334702050000002,fixed
22.85932440002216,11,0.804,-0.00305356,-19.08475,2.45506224,15.344139,fixed
22.884004099993035,11,0.804,-0.003050116,-19.063225,2.452293264,15.3268329,fixed
22.906996999983676,11,0.804,-0.003054816,-19.0926,2.456072064,15.350450400000001,fixed
22.930964800005313,11,0.804,-0.003051055,-19.06909375,2.4530482200000003,15.331551375000002,fixed
22.954208299983293,11,0.804,-0.00305356,-19.08475,2.45506224,15.344139,fixed
22.976864800031763,11,0.804,-0.003053247,-19.082793749999997,2.454810588,15.342566174999998,fixed
23.000080300029367,11,0.804,-0.003046358,-19.039737499999998,2.449271832,15.307948949999998,fixed
23.024309000000358,11,0.804,-0.003045106,-19.0319125,2.448265224,15.301657650000001,fixed
23.04693650000263,11,0.804,-0.003052308,-19.076925,2.454055632,15.337847700000001,fixed
23.071048100013286,11,0.804,-0.003048237,-19.05148125,2.4507825480000003,15.317390925,fixed
23.093916999991052,11,0.804,-0.003050742,-19.0671375,2.452796568,15.329978550000002,fixed
23.117634600028396,11,0.804,-0.003053874,-19.0867125,2.455314696,15.345716850000002,fixed
23.140809000004083,11,0.804,-0.003046985,-19.043656249999998,2.4497759400000003,15.311099624999999,fixed
23.16477939998731,11,0.804,-0.003049177,-19.05735625,2.451538308,15.322114425000002,fixed
23.188056199986022,11,0.804,-0.003049803,-19.06126875,2.452041612,15.325260075000001,fixed
23.211346900032368,11,0.804,-0.003045106,-19.0319125,2.448265224,15.301657650000001,fixed
23.23377699998673,11,0.804,-0.00304855,-19.0534375,2.4510342000000005,15.318963750000002,fixed
23.256713700015098,11,0.804,-0.003053563,-19.08476875,2.4550646520000003,15.344154075,fixed
23.279182600032073,11,0.804,-0.00305356,-19.08475,2.45506224,15.344139,fixed
23.30452340003103,11,0.804,-0.003053876,-19.086725,2.455316304,15.345726900000003,fixed
23.32815000001574,11,0.804,-0.003059197,-19.119981250000002,2.459594388,15.372464925000003,fixed
23.351091300020926,11,0.804,-0.003052621,-19.078881250000002,2.4543072840000004,15.339420525000003,fixed
23.374162600026466,11,0.804,-0.003055439,-19.09649375,2.4565729560000005,15.353580975000002,fixed
23.39889840001706,11,0.804,-0.003060136,-19.125850000000003,2.4603493440000004,15.377183400000003,fixed
23.421803799981717,11,0.804,-0.003052308,-19.076925,2.454055632,15.337847700000001,fixed
23.445210899983067,11,0.804,-0.003055126,-19.0945375,2.4563213040000003,15.352008150000001,fixed
23.467969999997877,11,0.804,-0.003057631,-19.110193749999997,2.4583353239999997,15.364595774999998,fixed
23.49174090003362,11,0.804,-0.00305356,-19.08475,2.45506224,15.344139,fixed
23.51494660001481,11,0.804,-0.003057005,-19.10628125,2.45783202,15.361450125,fixed
23.53882610000437,11,0.804,-0.003059197,-19.119981250000002,2.459594388,15.372464925000003,fixed
23.562088700011373,11,0.804,-0.003052934,-19.0808375,2.4545589360000006,15.340993350000002,fixed
23.586053600010928,11,0.804,-0.003057318,-19.108237499999998,2.4580836720000003,15.36302295,fixed
23.608972000016365,11,0.804,-0.003059197,-19.119981250000002,2.459594388,15.372464925000003,fixed
23.63290369999595,11,0.804,-0.003056065,-19.100406250000002,2.45707626,15.356726625000002,fixed
23.65602370002307,11,0.804,-0.003062328,-19.13955,2.462111712,15.388198200000001,fixed
23.681355700013228,11,0.804,-0.003062015,-19.13759375,2.46186006,15.386625375000001,fixed
23.703940899984445,11,0.804,-0.00305951,-19.121937499999998,2.4598460400000004,15.37403775,fixed
23.730975900019985,11,0.804,-0.003063894,-19.1493375,2.463370776,15.396067350000003,fixed
23.754029700008687,11,0.804,-0.003060449,-19.12780625,2.4606009959999997,15.378756225,fixed
23.77667420002399,11,0.804,-0.003061389,-19.13368125,2.4613567560000003,15.383479724999999,fixed
23.800152499985415,11,0.804,-0.003055752,-19.09845,2.4568246080000002,15.3551538,fixed
23.82444699999178,11,0.804,-0.00305356,-19.08475,2.45506224,15.344139,fixed
23.84776430000784,11,0.804,-0.00306233,-19.139562499999997,2.4621133200000003,15.388208249999998,fixed
23.87156130000949,11,0.804,-0.003059197,-19.119981250000002,2.459594388,15.372464925000003,fixed
23.89501500001643,11,0.804,-0.003062641,-19.14150625,2.462363364,15.389771025,fixed
23.919389499991667,11,0.804,-0.003063896,-19.149350000000002,2.4633723840000004,15.396077400000003,fixed
23.942952800018247,11,0.804,-0.00305826,-19.114125,2.4588410400000003,15.367756500000002,fixed
23.965701600012835,11,0.804,-0.003065146,-19.1571625,2.464377384,15.40235865,fixed
23.989212899992708,11,0.804,-0.00306452,-19.15325,2.46387408,15.399213000000001,fixed
24.013193499995396,11,0.804,-0.003057631,-19.110193749999997,2.4583353239999997,15.364595774999998,fixed
24.035662000009324,11,0.804,-0.003061702,-19.135637499999998,2.461608408,15.38505255,fixed
24.061039499996696,11,0.804,-0.003061702,-19.135637499999998,2.461608408,15.38505255,fixed
24.083908700034954,11,0.804,-0.003057631,-19.110193749999997,2.4583353239999997,15.364595774999998,fixed
24.106868300004862,11,0.804,-0.00306358,-19.147375000000004,2.4631183200000004,15.394489500000004,fixed
24.13013459998183,11,0.804,-0.003064207,-19.15129375,2.4636224280000003,15.397640175000001,fixed
24.154057200008538,11,0.804,-0.003061391,-19.13369375,2.461358364,15.383489775000001,fixed
24.176688399980776,11,0.804,-0.003066399,-19.16499375,2.465384796,15.408654975000001,fixed
24.20144520001486,11,0.804,-0.003060136,-19.125850000000003,2.4603493440000004,15.377183400000003,fixed
24.22591289994307,12,0.904,-0.002827671,-17.672943749999998,2.556214584,15.97634115,fixed
24.249562299926765,12,0.905,-0.002827363,-17.671018749999998,2.558763515,15.992271968749998,fixed
24.27264479995938,12,0.905,-0.002820161,-17.626006249999996,2.5522457050000003,15.951535656249996,fixed
24.2955828999402,12,0.905,-0.002823605,-17.647531249999997,2.555362525,15.971015781249998,fixed
24.319800399942324,12,0.905,-0.002823605,-17.647531249999997,2.555362525,15.971015781249998,fixed
24.34354239993263,12,0.905,-0.002817656,-17.61035,2.5499786799999997,15.93736675,fixed
24.366626999923028,12,0.905,-0.002824858,-17.6553625,2.55649649,15.978103062499999,fixed
24.3900619999622,12,0.905,-0.002824232,-17.651449999999997,2.55592996,15.974562249999998,fixed
24.412610699946526,12,0.905,-0.002818909,-17.61818125,2.551112645,15.94445403125,fixed
24.437280699959956,12,0.905,-0.002822353,-17.63970625,2.554229465,15.96393415625,fixed
24.460587599955034,12,0.905,-0.002817969,-17.61230625,2.550261945,15.93913715625,fixed
24.484152099932544,12,0.905,-0.00281609,-17.6005625,2.54856145,15.9285090625,fixed
24.506538999965414,12,0.905,-0.0028211,-17.631875,2.5530955000000004,15.956846875000002,fixed
24.531733299954794,12,0.905,-0.002818595,-17.61621875,2.550828475,15.942677968750003,fixed
24.554581799951848,12,0.905,-0.002818595,-17.61621875,2.550828475,15.942677968750003,fixed
24.57929129997501,12,0.905,-0.002823605,-17.647531249999997,2.555362525,15.971015781249998,fixed
24.60251099994639,12,0.905,-0.002817343,-17.60839375,2.549695415,15.935596343750001,fixed
24.626710299926344,12,0.905,-0.002820161,-17.626006249999996,2.5522457050000003,15.951535656249996,fixed
24.649777499958873,12,0.905,-0.002818595,-17.61621875,2.550828475,15.942677968750003,fixed
24.674046999949496,12,0.905,-0.002815464,-17.59665,2.5479949200000003,15.924968250000001,fixed
24.696592399966903,12,0.905,-0.002820474,-17.6279625,2.55252897,15.9533060625,fixed
24.72073719993932,12,0.905,-0.002818909,-17.61818125,2.551112645,15.94445403125,fixed
24.743778999953065,12,0.905,-0.002813585,-17.58490625,2.546294425,15.91434015625,fixed
24.76637009996921,12,0.905,-0.002817969,-17.61230625,2.550261945,15.93913715625,fixed
24.789740399923176,12,0.905,-0.002816404,-17.602525000000004,2.5488456200000003,15.930285125000003,fixed
24.813128499954473,12,0.905,-0.002812646,-17.5790375,2.54544463,15.909028937499999,fixed
24.836281599942595,12,0.905,-0.002817343,-17.60839375,2.549695415,15.935596343750001,fixed
24.860425099963322,12,0.905,-0.002818282,-17.6142625,2.55054521,15.9409075625,fixed
24.883844499941915,12,0.905,-0.002814838,-17.5927375,2.5474283900000003,15.921427437499998,fixed
24.906772699963767,12,0.905,-0.002818595,-17.61621875,2.550828475,15.942677968750003,fixed
24.929559499956667,12,0.905,-0.002818595,-17.61621875,2.550828475,15.942677968750003,fixed
24.952926499943715,12,0.905,-0.002815777,-17.59860625,2.5482781850000005,15.92673865625,fixed
24.975508799951058,12,0.905,-0.002820787,-17.62991875,2.552812235,15.955076468750002,fixed
25.00069369992707,12,0.905,-0.002822353,-17.63970625,2.554229465,15.96393415625,fixed
25.023706599953584,12,0.905,-0.002816404,-17.602525000000004,2.5488456200000003,15.930285125000003,fixed
25.046517099952325,12,0.904,-0.002821411,-17.63381875,2.550555544,15.94097215,fixed
25.0698358999216,12,0.905,-0.002819848,-17.62405,2.55196244,15.94976525,fixed
25.093726499937475,12,0.905,-0.002813898,-17.5868625,2.5465776900000003,15.9161105625,fixed
25.11655069992412,12,0.905,-0.00281609,-17.6005625,2.54856145,15.9285090625,fixed
25.141548899933696,12,0.905,-0.002813585,-17.58490625,2.546294425,15.91434015625,fixed
25.16483679995872,12,0.905,-0.002811393,-17.57120625,2.5443106650000002,15.90194165625,fixed
25.189521299966145,12,0.905,-0.002816404,-17.602525000000004,2.5488456200000003,15.930285125000003,fixed
25.212521599954925,12,0.905,-0.002812959,-17.580993749999998,2.545727895,15.910799343749998,fixed
25.23566009994829,12,0.905,-0.002816404,-17.602525000000004,2.5488456200000003,15.930285125000003,fixed
25.258443099970464,12,0.905,-0.00281703,-17.6064375,2.5494121499999998,15.933825937499998,fixed
25.28262349992292,12,0.905,-0.002809202,-17.557512499999998,2.5423278099999997,15.8895488125,fixed
25.305560799955856,12,0.905,-0.002812333,-17.57708125,2.5451613650000002,15.90725853125,fixed
25.330946999951266,12,0.905,-0.002815464,-17.59665,2.5479949200000003,15.924968250000001,fixed
25.35402849991806,12,0.905,-0.00281202,-17.575125,2.5448781,15.905488125,fixed
25.379021399945486,12,0.905,-0.002814525,-17.59078125,2.547145125,15.919657031249999,fixed
25.401323499972932,12,0.905,-0.002810767,-17.56729375,2.543744135,15.898400843750002,fixed
25.425983499968424,12,0.905,-0.00281108,-17.56925,2.5440274,15.900171250000001,fixed
25.449081899947487,12,0.905,-0.002815151,-17.59469375,2.547711655,15.923197843750001,fixed
25.47187639994081,12,0.905,-0.002809515,-17.559468749999997,2.542611075,15.891319218749997,fixed
25.49448489997303,12,0.905,-0.002810141,-17.56338125,2.543177605,15.89486003125,fixed
25.51931959996,12,0.905,-0.002812646,-17.5790375,2.54544463,15.909028937499999,fixed
25.54265569994459,12,0.905,-0.002804818,-17.5301125,2.53836029,15.864751812500002,fixed
25.56615549995331,12,0.905,-0.00280701,-17.5438125,2.5403440500000003,15.877150312500001,fixed
25.589625799970236,12,0.905,-0.002810767,-17.56729375,2.543744135,15.898400843750002,fixed
25.613631199928932,12,0.905,-0.002807636,-17.547725,2.5409105800000003,15.880691125,fixed
25.636385799967684,12,0.905,-0.002814212,-17.588825,2.54686186,15.917886625000001,fixed
25.661373399954755,12,0.905,-0.002815777,-17.59860625,2.5482781850000005,15.92673865625,fixed
25.684443999954965,12,0.904,-0.002812017,-17.57510625,2.542063368,15.887896050000002,fixed
25.707647699920926,12,0.905,-0.00281703,-17.6064375,2.5494121499999998,15.933825937499998,fixed
25.730735099932645,12,0.905,-0.002814212,-17.588825,2.54686186,15.917886625000001,fixed
25.754500299924985,12,0.905,-0.002809202,-17.557512499999998,2.5423278099999997,15.8895488125,fixed
25.777817499940284,12,0.905,-0.00281202,-17.575125,2.5448781,15.905488125,fixed
25.801257099956274,12,0.905,-0.002808888,-17.55555,2.54204364,15.88777275,fixed
25.824392599926796,12,0.904,-0.002808573,-17.55358125,2.538949992,15.868437450000002,fixed
25.850559799931943,12,0.905,-0.002815151,-17.59469375,2.547711655,15.923197843750001,fixed
25.876569999963976,12,0.905,-0.002807949,-17.549681250000003,2.5411938450000005,15.882461531250003,fixed
25.898744299949612,12,0.905,-0.002810767,-17.56729375,2.543744135,15.898400843750002,fixed
25.924725099932402,12,0.905,-0.002804505,-17.528156250000002,2.538077025,15.862981406250002,fixed
25.947333099960815,12,0.905,-0.002809202,-17.557512499999998,2.5423278099999997,15.8895488125,fixed
25.971116099972278,12,0.905,-0.002808575,-17.553593749999997,2.541760375,15.886002343749999,fixed
25.994443899951875,12,0.905,-0.00280607,-17.5379375,2.5394933500000003,15.871833437500001,fixed
26.01878439995926,12,0.905,-0.002810454,-17.5653375,2.54346087,15.896630437499999,fixed
26.041573599970434,12,0.905,-0.002807949,-17.549681250000003,2.5411938450000005,15.882461531250003,fixed
26.065732199931517,12,0.905,-0.002807323,-17.54576875,2.540627315,15.87892071875,fixed
26.088748099922668,12,0.905,-0.002815151,-17.59469375,2.547711655,15.923197843750001,fixed
26.11130929994397,12,0.905,-0.00281202,-17.575125,2.5448781,15.905488125,fixed
26.135004599927925,12,0.905,-0.002810141,-17.56338125,2.543177605,15.89486003125,fixed
26.159126099955756,12,0.905,-0.002811707,-17.57316875,2.544594835,15.90371771875,fixed
26.182266399962828,12,0.905,-0.002807323,-17.54576875,2.540627315,15.87892071875,fixed
26.205798799928743,12,0.904,-0.002807633,-17.54770625,2.538100232,15.863126450000001,fixed
26.229647499974817,13,1.004,-0.002299302,-14.370637499999999,2.3084992079999997,14.428120049999999,fixed
26.25267379998695,13,1.006,-0.002286474,-14.2904625,2.300192844,14.376205275,fixed
26.2755174000049,13,1.006,-0.002283029,-14.26893125,2.296727174,14.354544837499999,fixed
26.299608699977398,13,1.005,-0.002283966,-14.274787499999999,2.29538583,14.346161437499998,fixed
26.322539900022093,13,1.006,-0.002278646,-14.241537500000002,2.2923178760000003,14.326986725000001,fixed
26.345147799991537,13,1.006,-0.002279272,-14.245450000000002,2.292947632,14.330922700000002,fixed
26.368418199999724,13,1.005,-0.002279582,-14.2473875,2.29097991,14.318624437499999,fixed
26.391571299987845,13,1.006,-0.002273009,-14.20630625,2.286647054,14.2915440875,fixed
26.414369500009343,13,1.006,-0.002269878,-14.1867375,2.283497268,14.271857924999999,fixed
26.44004680000944,13,1.006,-0.00227207,-14.200437500000001,2.2857024200000002,14.285640125000002,fixed
26.463509699970018,13,1.006,-0.002265494,-14.1593375,2.2790869639999998,14.244293525,fixed
26.486352199979592,13,1.006,-0.002265807,-14.161293749999997,2.279401842,14.246261512499997,fixed
26.509829699993134,13,1.006,-0.002264242,-14.151512499999999,2.277827452,14.236421575,fixed
26.5323690000223,13,1.005,-0.002257664,-14.1104,2.26895232,14.180952,fixed
26.55524209997384,13,1.006,-0.002259232,-14.120199999999999,2.2727873919999997,14.2049212,fixed
26.578571999969427,13,1.006,-0.00226205,-14.137812499999999,2.2756222999999998,14.222639374999998,fixed
26.601454099989496,13,1.006,-0.002259545,-14.12215625,2.2731022700000003,14.2068891875,fixed
26.624648400000297,13,1.006,-0.002256413,-14.102581250000002,2.269951478,14.187196737500003,fixed
26.647653300024103,13,1.005,-0.002257664,-14.1104,2.26895232,14.180952,fixed
26.67146899999352,13,1.006,-0.002255787,-14.098668749999998,2.269321722,14.183260762499998,fixed
26.694402299996,13,1.006,-0.002252969,-14.081056250000001,2.266486814,14.165542587500001,fixed
26.71842689998448,13,1.006,-0.002257353,-14.108456250000001,2.270897118,14.193106987500002,fixed
26.741651399992406,13,1.005,-0.002254219,-14.08886875,2.2654900949999996,14.159313093749999,fixed
26.764967800001614,13,1.006,-0.002250777,-14.067356249999998,2.2642816619999997,14.151760387499998,fixed
26.78856319998158,13,1.006,-0.002252343,-14.077143749999998,2.265857058,14.161606612499998,fixed
26.812383299984504,13,1.006,-0.002248898,-14.0556125,2.262391388,14.139946175,fixed
26.835391699976753,13,1.006,-0.002247959,-14.04974375,2.261446754,14.134042212499999,fixed
26.86064530001022,13,1.006,-0.002249525,-14.059531250000001,2.2630221500000003,14.143888437500001,fixed
26.883420799975283,13,1.006,-0.002242636,-14.016475,2.256091816,14.10057385,fixed
26.90919069998199,13,1.006,-0.002244828,-14.030175,2.258296968,14.11435605,fixed
26.932314399979077,13,1.006,-0.002241696,-14.0106,2.2551461760000002,14.0946636,fixed
26.955381700012367,13,1.006,-0.002240444,-14.002774999999998,2.253886664,14.086791649999999,fixed
26.978478499979246,13,1.006,-0.002242949,-14.01843125,2.2564066940000003,14.1025418375,fixed
27.002604399982374,13,1.006,-0.002238565,-13.991031249999999,2.2519963900000004,14.0749774375,fixed
27.025454699993134,13,1.006,-0.002238565,-13.991031249999999,2.2519963900000004,14.0749774375,fixed
27.049895900010597,13,1.006,-0.002242636,-14.016475,2.256091816,14.10057385,fixed
27.07338479999453,13,1.005,-0.002236684,-13.979275,2.24786742,14.049171374999998,fixed
27.096478199993726,13,1.006,-0.002237,-13.981249999999998,2.250422,14.065137499999997,fixed
27.119449299992993,13,1.006,-0.002237626,-13.985162500000001,2.251051756,14.069073475000001,fixed
27.142848199990112,13,1.006,-0.002232303,-13.951893750000002,2.2456968180000003,14.035605112500003,fixed
27.1653269000235,13,1.006,-0.002233555,-13.959718749999999,2.24695633,14.0434770625,fixed
27.190072799974587,13,1.006,-0.002238879,-13.992993749999998,2.252312274,14.076951712499998,fixed
27.213261900004,13,1.006,-0.002234495,-13.965593749999998,2.24790197,14.049387312499999,fixed
27.23655129998224,13,1.006,-0.002237313,-13.983206249999999,2.250736878,14.0671054875,fixed
27.25972269999329,13,1.006,-0.00223606,-13.975374999999998,2.2494763599999996,14.059227249999998,fixed
27.2825249999878,13,1.006,-0.00223199,-13.9499375,2.24538194,14.033637125,fixed
27.305454200017266,13,1.006,-0.002232303,-13.951893750000002,2.2456968180000003,14.035605112500003,fixed
27.329806699999608,13,1.006,-0.002234495,-13.965593749999998,2.24790197,14.049387312499999,fixed
27.352375200018287,13,1.006,-0.002227919,-13.92449375,2.241286514,14.0080407125,fixed
27.376454300014302,13,1.006,-0.002225727,-13.91079375,2.239081362,13.9942585125,fixed
27.399747500021476,13,1.006,-0.002229485,-13.93428125,2.24286191,14.0178869375,fixed
27.4250135999755,13,1.006,-0.00222698,-13.918624999999999,2.24034188,14.002136749999998,fixed
27.44817739998689,13,1.006,-0.002229798,-13.936237499999997,2.243176788,14.019854924999997,fixed
27.471318700001575,13,1.006,-0.002226667,-13.91666875,2.2400270019999997,14.0001687625,fixed
27.49449780001305,13,1.005,-0.002220715,-13.87946875,2.2318185749999992,13.948866093749997,fixed
27.517197699984536,13,1.006,-0.002223848,-13.89905,2.237191088,13.982444300000001,fixed
27.54026520001935,13,1.006,-0.002225101,-13.90688125,2.238451606,13.990322537499999,fixed
27.56328449997818,13,1.006,-0.002220717,-13.87948125,2.234041302,13.9627581375,fixed
27.586583199969027,13,1.006,-0.002220717,-13.87948125,2.234041302,13.9627581375,fixed
27.609555599978194,13,1.006,-0.002223535,-13.89709375,2.23687621,13.9804763125,fixed
27.632373699976597,13,1.006,-0.002219465,-13.87165625,2.2327817899999998,13.9548861875,fixed
27.6552776999888,13,1.006,-0.002217899,-13.86186875,2.231206394,13.9450399625,fixed
27.678063999977894,13,1.006,-0.00222197,-13.887312500000002,2.23530182,13.970636375000002,fixed
27.701007600000594,13,1.006,-0.002219151,-13.86969375,2.232465906,13.9529119125,fixed
27.724177700001746,13,1.006,-0.002215394,-13.846212499999998,2.228686364,13.929289774999999,fixed
27.74863980000373,13,1.006,-0.002218212,-13.863824999999999,2.231521272,13.947007949999998,fixed
27.77118939999491,13,1.006,-0.002217273,-13.85795625,2.230576638,13.941103987500002,fixed
27.795780199987348,13,1.006,-0.00221101,-13.8188125,2.2242760599999998,13.901725375,fixed
27.819182300008833,13,1.006,-0.00221602,-13.850124999999998,2.22931612,13.933225749999998,fixed
27.843401799967978,13,1.006,-0.002213828,-13.836425000000002,2.227110968,13.919443550000002,fixed
27.866517400019802,13,1.006,-0.002214455,-13.84034375,2.2277417300000004,13.923385812500001,fixed
27.890169300022535,13,1.006,-0.002216333,-13.852081250000001,2.229630998,13.9351937375,fixed
27.913332899974193,13,1.006,-0.002210071,-13.81294375,2.223331426,13.8958214125,fixed
27.937751799996477,13,1.006,-0.002208818,-13.8051125,2.222070908,13.887943175,fixed
27.960992500011344,13,1.006,-0.002208818,-13.8051125,2.222070908,13.887943175,fixed
27.985530800011475,13,1.006,-0.002204748,-13.779675,2.2179764879999997,13.86235305,fixed
28.008051500015426,13,1.006,-0.002209758,-13.8109875,2.223016548,13.893853425,fixed
28.033293200016487,13,1.006,-0.002208505,-13.803156249999997,2.22175603,13.885975187499998,fixed
28.0560765999835,13,1.006,-0.002204434,-13.7777125,2.2176606039999998,13.860378775,fixed
28.08108179998817,13,1.006,-0.002205374,-13.7835875,2.218606244,13.866289025,fixed
28.104000699997414,13,1.006,-0.002201616,-13.7601,2.214825696,13.8426606,fixed
28.128812099981587,13,1.006,-0.00220694,-13.793375,2.22018164,13.876135249999999,fixed
28.151972400024533,13,1.006,-0.002206,-13.7875,2.219236,13.870225,fixed
28.175837900023907,13,1.006,-0.002202869,-13.76793125,2.2160862139999997,13.8505388375,fixed
28.1996220999863,13,1.006,-0.002205374,-13.7835875,2.218606244,13.866289025,fixed
28.222088799986523,13,1.006,-0.002202869,-13.76793125,2.2160862139999997,13.8505388375,fixed
28.246180299960542,14,0.906,-0.002741574,-17.1348375,2.483866044,15.524162775,fixed
28.270320799958427,14,0.905,-0.00274689,-17.1680625,2.4859354500000004,15.537096562500002,fixed
28.29311449994566,14,0.905,-0.002743132,-17.144575,2.48253446,15.515840375,fixed
28.317162599938456,14,0.905,-0.002743445,-17.146531250000002,2.4828177250000003,15.517610781250003,fixed
28.340163399931043,14,0.905,-0.002748455,-17.177843749999997,2.487351775,15.545948593749998,fixed
28.3626457999344,14,0.905,-0.002745637,-17.16023125,2.484801485,15.530009281249999,fixed
28.385258099937346,14,0.905,-0.002747829,-17.17393125,2.486785245,15.542407781249999,fixed
28.4094141999376,14,0.905,-0.002753465,-17.209156250000003,2.491885825,15.574286406250003,fixed
28.43202269996982,14,0.905,-0.002751899,-17.199368749999998,2.490468595,15.565428718749999,fixed
28.456632799934596,14,0.905,-0.002748768,-17.1798,2.4876350400000002,15.547719,fixed
28.47944829997141,14,0.905,-0.002753152,-17.2072,2.4916025600000005,15.572516,fixed
28.50586499995552,14,0.905,-0.002753465,-17.209156250000003,2.491885825,15.574286406250003,fixed
28.52935649995925,14,0.905,-0.002757849,-17.23655625,2.495853345,15.59908340625,fixed
28.555361599952448,14,0.905,-0.002753778,-17.2111125,2.4921690900000004,15.5760568125,fixed
28.57833369995933,14,0.905,-0.002751899,-17.199368749999998,2.490468595,15.565428718749999,fixed
28.600957799935713,14,0.905,-0.002751899,-17.199368749999998,2.490468595,15.565428718749999,fixed
28.624063799972646,14,0.904,-0.002748766,-17.1797875,2.484884464,15.530527900000001,fixed
28.646852399921045,14,0.905,-0.002754091,-17.21306875,2.492452355,15.577827218750002,fixed
28.670094899949618,14,0.905,-0.002755657,-17.22285625,2.493869585,15.58668490625,fixed
28.69447519996902,14,0.905,-0.002750021,-17.187631250000003,2.488769005,15.554806281250002,fixed
28.717316299967933,14,0.905,-0.002751273,-17.19545625,2.489902065,15.56188790625,fixed
28.743007499957457,14,0.905,-0.002754404,-17.215024999999997,2.49273562,15.579597624999998,fixed
28.766192699957173,14,0.905,-0.002753152,-17.2072,2.4916025600000005,15.572516,fixed
28.789807199966162,14,0.905,-0.002759101,-17.24438125,2.4969864050000004,15.60616503125,fixed
28.812962299969513,14,0.905,-0.002753778,-17.2111125,2.4921690900000004,15.5760568125,fixed
28.835812699922826,14,0.905,-0.002752839,-17.205243749999998,2.4913192950000003,15.570745593749999,fixed
28.859053699939977,14,0.904,-0.00275722,-17.232625,2.4925268800000002,15.578292999999999,fixed
28.881873499951325,14,0.905,-0.002755657,-17.22285625,2.493869585,15.58668490625,fixed
28.90520729997661,14,0.905,-0.002754404,-17.215024999999997,2.49273562,15.579597624999998,fixed
28.92833189992234,14,0.905,-0.002760041,-17.25025625,2.4978371050000003,15.61148190625,fixed
28.95083889993839,14,0.905,-0.002760354,-17.2522125,2.49812037,15.6132523125,fixed
28.974446399952285,14,0.905,-0.002755031,-17.218943749999998,2.4933030549999997,15.583144093749999,fixed
28.996801599976607,14,0.905,-0.002756596,-17.228725,2.4947193800000003,15.591996125000001,fixed
29.02131029992597,14,0.905,-0.002758475,-17.240468749999998,2.4964198749999995,15.602624218749998,fixed
29.04380779992789,14,0.905,-0.00275597,-17.2248125,2.49415285,15.588455312499999,fixed
29.069331499922555,14,0.905,-0.002757849,-17.23655625,2.495853345,15.59908340625,fixed
29.091922199935652,14,0.905,-0.002758162,-17.2385125,2.49613661,15.600853812499999,fixed
29.116286499949638,14,0.905,-0.002754091,-17.21306875,2.492452355,15.577827218750002,fixed
29.139089499949478,14,0.905,-0.002761293,-17.25808125,2.4989701650000002,15.61856353125,fixed
29.164757799939252,14,0.905,-0.00276098,-17.256125,2.4986869000000005,15.616793125000001,fixed
29.188285799929872,14,0.905,-0.002762546,-17.2659125,2.50010413,15.6256508125,fixed
29.211107999959495,14,0.905,-0.002764111,-17.275693750000002,2.501520455,15.634502843750003,fixed
29.234014199930243,14,0.905,-0.002756283,-17.226768749999998,2.494436115,15.590225718749998,fixed
29.258395999961067,14,0.905,-0.002758162,-17.2385125,2.49613661,15.600853812499999,fixed
29.281290199956857,14,0.905,-0.002761606,-17.2600375,2.4992534300000004,15.6203339375,fixed
29.306286399951205,14,0.905,-0.002759728,-17.2483,2.49755384,15.609711500000001,fixed
29.329187499941327,14,0.905,-0.002766303,-17.28939375,2.503504215,15.646901343749999,fixed
29.353340999921784,14,0.905,-0.002764111,-17.275693750000002,2.501520455,15.634502843750003,fixed
29.376228599925525,14,0.905,-0.00276098,-17.256125,2.4986869000000005,15.616793125000001,fixed
29.4005002999329,14,0.905,-0.002765677,-17.285481249999997,2.502937685,15.643360531249998,fixed
29.423150999937207,14,0.905,-0.002761293,-17.25808125,2.4989701650000002,15.61856353125,fixed
29.445986399950925,14,0.905,-0.002758475,-17.240468749999998,2.4964198749999995,15.602624218749998,fixed
29.469652799947653,14,0.905,-0.002761606,-17.2600375,2.4992534300000004,15.6203339375,fixed
29.49341769993771,14,0.904,-0.002755655,-17.22284375,2.49111212,15.56945075,fixed
29.51606009993702,14,0.905,-0.002752839,-17.205243749999998,2.4913192950000003,15.570745593749999,fixed
29.54048619995592,14,0.905,-0.002757849,-17.23655625,2.495853345,15.59908340625,fixed
29.563211899949238,14,0.905,-0.002754718,-17.2169875,2.4930197900000004,15.5813736875,fixed
29.586736299970653,14,0.905,-0.002757223,-17.23264375,2.495286815,15.595542593750002,fixed
29.610185499943327,14,0.905,-0.002765677,-17.285481249999997,2.502937685,15.643360531249998,fixed
29.63635179994162,14,0.905,-0.002762859,-17.267868749999998,2.5003873949999997,15.62742121875,fixed
29.659258299972862,14,0.905,-0.002763798,-17.2737375,2.50123719,15.6327324375,fixed
29.682530299935024,14,0.905,-0.002761606,-17.2600375,2.4992534300000004,15.6203339375,fixed
29.70506549993297,14,0.904,-0.002755028,-17.218925000000002,2.4905453120000005,15.565908200000003,fixed
29.72928199992748,14,0.905,-0.002758788,-17.242425,2.49670314,15.604394625000001,fixed
29.75210479996167,14,0.905,-0.002760354,-17.2522125,2.49812037,15.6132523125,fixed
29.775748799962457,14,0.905,-0.002757223,-17.23264375,2.495286815,15.595542593750002,fixed
29.799308299960103,14,0.905,-0.002764111,-17.275693750000002,2.501520455,15.634502843750003,fixed
29.821801099926233,14,0.905,-0.002763485,-17.27178125,2.500953925,15.63096203125,fixed
29.844843999948353,14,0.905,-0.002759414,-17.2463375,2.49726967,15.6079354375,fixed
29.869413499953225,14,0.905,-0.002762859,-17.267868749999998,2.5003873949999997,15.62742121875,fixed
29.891896199958865,14,0.905,-0.002763172,-17.269825,2.50067066,15.629191625,fixed
29.91550089995144,14,0.905,-0.002758788,-17.242425,2.49670314,15.604394625000001,fixed
29.938281399954576,14,0.904,-0.002763796,-17.273725,2.498471584,15.615447399999999,fixed
29.96405629994115,14,0.905,-0.00276599,-17.2874375,2.5032209500000002,15.6451309375,fixed
29.987245599972084,14,0.905,-0.002762859,-17.267868749999998,2.5003873949999997,15.62742121875,fixed
30.011162199953105,14,0.905,-0.002766303,-17.28939375,2.503504215,15.646901343749999,fixed
30.034156199952122,14,0.905,-0.002759728,-17.2483,2.49755384,15.609711500000001,fixed
30.057712199923117,14,0.905,-0.00276192,-17.262,2.4995376,15.622110000000001,fixed
30.080819099966902,14,0.904,-0.002765048,-17.28155,2.499603392,15.6225212,fixed
30.10412849992281,14,0.904,-0.002761604,-17.260025000000002,2.496490016,15.603062600000003,fixed
30.12715869996464,14,0.905,-0.002762233,-17.263956249999996,2.499820865,15.623880406249997,fixed
30.152154299954418,14,0.904,-0.002765675,-17.28546875,2.5001702,15.62606375,fixed
30.175363899965305,14,0.905,-0.002760041,-17.25025625,2.4978371050000003,15.61148190625,fixed
30.198273799964227,14,0.905,-0.002763798,-17.2737375,2.50123719,15.6327324375,fixed
30.220926099922508,14,0.905,-0.00276599,-17.2874375,2.5032209500000002,15.6451309375,fixed
30.24699829996098,14,0.905,-0.00276098,-17.256125,2.4986869000000005,15.616793125000001,fixed
