time(s),cycle,voltage(V),current(A),j_current(mA/cm²),power(mW),power_density(mW/cm²),method
0.02091239986475557,0,0.687,-0.0155445,-3.1088999999999998,10.6790715,2.1358143,cv
0.04190349986311048,0,0.702,-0.01542798,-3.0855960000000002,10.83044196,2.166088392,cv
0.06286839989479631,0,0.703,-0.015346,-3.0692,10.788238,2.1576475999999998,cv
0.08390469988808036,0,0.703,-0.01531503,-3.063006,10.76646609,2.153293218,cv
0.10914869990665466,0,0.703,-0.01533871,-3.067742,10.783113129999998,2.156622626,cv
0.13010859990026802,0,0.702,-0.0155719,-3.1143799999999997,10.9314738,2.1862947599999996,cv
0.1561095998622477,0,0.702,-0.01552271,-3.104542,10.89694242,2.179388484,cv
0.17728129995521158,0,0.703,-0.01540065,-3.08013,10.826656949999999,2.16533139,cv
0.2013111999258399,0,0.703,-0.0155045,-3.1008999999999998,10.899663499999999,2.1799326999999997,cv
0.22302599996328354,0,0.702,-0.01532778,-3.065556,10.760101559999999,2.152020312,cv
0.24835929996334016,0,0.703,-0.01530774,-3.061548,10.76134122,2.152268244,cv
0.2700815999414772,0,0.702,-0.0155719,-3.1143799999999997,10.9314738,2.1862947599999996,cv
0.2965098998975009,0,0.702,-0.01553,-3.1060000000000003,10.90206,2.180412,cv
0.3192599999019876,0,0.703,-0.01546988,-3.093976,10.87532564,2.175065128,cv
0.344693599967286,0,0.702,-0.01553729,-3.1074580000000003,10.90717758,2.181435516,cv
0.36742649995721877,0,0.703,-0.01538244,-3.0764880000000003,10.81385532,2.162771064,cv
0.3910874999128282,0,0.703,-0.01552272,-3.1045439999999997,10.912472159999998,2.1824944319999995,cv
0.41357109986711293,0,0.702,-0.01540976,-3.0819520000000002,10.817651519999998,2.163530304,cv
0.43818269995972514,0,0.703,-0.01532778,-3.065556,10.775429339999999,2.155085868,cv
0.4602493998827413,0,0.703,-0.01552089,-3.104178,10.91118567,2.1822371339999997,cv
0.48929889989085495,0,0.702,-0.01542434,-3.0848679999999997,10.827886679999999,2.1655773359999997,cv
0.5155111999483779,1,0.752,-0.01506204,-3.0124079999999998,11.326654079999999,2.2653308159999996,cv
0.5377543999347836,1,0.753,-0.01503107,-3.006214,11.31839571,2.263679142,cv
0.564564700005576,1,0.753,-0.01513492,-3.0269839999999997,11.39659476,2.2793189519999997,cv
0.5874404999194667,1,0.753,-0.01500739,-3.001478,11.30056467,2.260112934,cv
0.6105702999047935,1,0.753,-0.01514949,-3.029898,11.40756597,2.281513194,cv
0.6319696999853477,1,0.753,-0.01506387,-3.012774,11.343094110000001,2.268618822,cv
0.6559912998927757,1,0.753,-0.01497095,-2.99419,11.273125349999999,2.25462507,cv
0.6771739999530837,1,0.753,-0.0150329,-3.00658,11.3197737,2.26395474,cv
0.7033654999686405,1,0.753,-0.0150912,-3.01824,11.3636736,2.27273472,cv
0.7252221999224275,1,0.753,-0.01496549,-2.993098,11.26901397,2.253802794,cv
0.7496335000032559,1,0.753,-0.01499828,-2.999656,11.29370484,2.258740968,cv
0.7714916999684647,1,0.752,-0.01517317,-3.0346339999999996,11.410223839999999,2.2820447679999996,cv
0.7972029999364167,1,0.753,-0.01497642,-2.9952840000000003,11.277244260000002,2.2554488520000002,cv
0.8198765999404714,1,0.753,-0.01507844,-3.015688,11.35406532,2.270813064,cv
0.8449436998926103,1,0.752,-0.01515313,-3.0306260000000003,11.39515376,2.279030752,cv
0.867459399974905,1,0.753,-0.01497095,-2.99419,11.273125349999999,2.25462507,cv
0.8918278999626637,1,0.753,-0.01512399,-3.024798,11.38836447,2.277672894,cv
0.9143216999946162,1,0.753,-0.0149582,-2.99164,11.2635246,2.2527049199999998,cv
0.9387387000024319,1,0.753,-0.01497824,-2.995648,11.27861472,2.255722944,cv
0.9614146999083459,1,0.753,-0.01516589,-3.033178,11.41991517,2.283983034,cv
0.9856880999868736,1,0.752,-0.01496002,-2.992004,11.249935039999999,2.249987008,cv
1.0093520000809804,2,0.803,-0.01449571,-2.8991420000000003,11.64005513,2.3280110260000004,cv
1.0325070000253618,2,0.803,-0.0145868,-2.91736,11.713200400000002,2.3426400800000002,cv
1.055503400042653,2,0.803,-0.01436636,-2.873272,11.536187080000001,2.307237416,cv
1.0791296000825241,2,0.803,-0.01445563,-2.8911260000000003,11.607870890000001,2.3215741780000005,cv
1.1016927000600845,2,0.803,-0.01461049,-2.922098,11.732223470000001,2.346444694,cv
1.128863500081934,2,0.803,-0.01440097,-2.8801940000000004,11.563978910000001,2.3127957820000002,cv
1.1513571999967098,2,0.803,-0.01461048,-2.9220960000000002,11.732215440000001,2.3464430880000005,cv
1.1732269000494853,2,0.803,-0.01439186,-2.8783719999999997,11.556663579999999,2.311332716,cv
1.1940974000608549,2,0.803,-0.01435543,-2.871086,11.527410290000002,2.305482058,cv
1.2177673000842333,2,0.803,-0.0143609,-2.8721799999999997,11.5318027,2.30636054,cv
1.2393908000085503,2,0.803,-0.01452486,-2.904972,11.663462580000001,2.332692516,cv
1.2656577000161633,2,0.803,-0.01458134,-2.9162679999999996,11.70881602,2.341763204,cv
1.28741590003483,2,0.803,-0.01441919,-2.883838,11.578609570000001,2.315721914,cv
1.313066800008528,2,0.803,-0.01446292,-2.8925840000000003,11.61372476,2.3227449520000003,cv
1.3355279000243172,2,0.803,-0.01433539,-2.8670780000000002,11.511318170000001,2.3022636340000004,cv
1.3622017001034692,2,0.803,-0.01442648,-2.885296,11.584463440000002,2.316892688,cv
1.384547800058499,2,0.803,-0.01437547,-2.875094,11.54350241,2.308700482,cv
1.4078637000638992,2,0.803,-0.01438822,-2.877644,11.55374066,2.310748132,cv
1.4304930000798777,2,0.803,-0.01453033,-2.906066,11.66785499,2.3335709980000003,cv
1.4553798000561073,2,0.803,-0.01448478,-2.896956,11.63127834,2.326255668,cv
1.477412800071761,2,0.803,-0.01439733,-2.879466,11.561055990000002,2.312211198,cv
1.50012920005247,3,0.853,-0.01358687,-2.717374,11.58960011,2.317920022,cv
1.521507800091058,3,0.853,-0.01357412,-2.714824,11.57872436,2.3157448720000002,cv
1.5482903000665829,3,0.854,-0.01338647,-2.677294,11.432045379999998,2.286409076,cv
1.571539600030519,3,0.854,-0.01358323,-2.716646,11.60007842,2.320015684,cv
1.5951460000360385,3,0.854,-0.01339376,-2.678752,11.43827104,2.2876542079999997,cv
1.6176073000533506,3,0.854,-0.01338829,-2.677658,11.43359966,2.286719932,cv
1.6425777000840753,3,0.854,-0.01351036,-2.7020720000000003,11.53784744,2.307569488,cv
1.6655791000230238,3,0.854,-0.01333546,-2.6670920000000002,11.38848284,2.277696568,cv
1.689399900031276,3,0.854,-0.01339558,-2.679116,11.43982532,2.287965064,cv
1.711543200071901,3,0.854,-0.01356501,-2.7130020000000004,11.58451854,2.3169037080000003,cv
1.733208900084719,3,0.854,-0.01338283,-2.6765660000000002,11.428936819999999,2.285787364,cv
1.7543589000124484,3,0.854,-0.01334275,-2.66855,11.3947085,2.2789417000000003,cv
1.7792581000830978,3,0.854,-0.01338647,-2.677294,11.432045379999998,2.286409076,cv
1.8011972000822425,3,0.854,-0.01357959,-2.7159180000000003,11.59696986,2.3193939720000003,cv
1.82836959999986,3,0.854,-0.0134976,-2.69952,11.526950399999999,2.30539008,cv
1.8516881000250578,3,0.854,-0.01357412,-2.714824,11.59229848,2.318459696,cv
1.875925000058487,3,0.854,-0.01339012,-2.6780239999999997,11.43516248,2.2870324959999997,cv
1.8986099000321701,3,0.854,-0.01341562,-2.683124,11.456939479999999,2.291387896,cv
1.9231856000842527,3,0.854,-0.01356137,-2.712274,11.581409979999998,2.316281996,cv
1.945581900072284,3,0.854,-0.01333,-2.666,11.38382,2.276764,cv
1.969066800083965,3,0.854,-0.01340105,-2.6802099999999998,11.444496699999998,2.28889934,cv
1.9925559998955578,4,0.844,-0.01379815,-2.75963,11.6456386,2.32912772,cv
2.0157429999671876,4,0.844,-0.01357225,-2.71445,11.454978999999998,2.2909957999999997,cv
2.038512999890372,4,0.844,-0.01363966,-2.727932,11.51187304,2.302374608,cv
2.062133999890648,4,0.844,-0.01378905,-2.75781,11.6379582,2.32759164,cv
2.0844812999712303,4,0.843,-0.01361779,-2.7235579999999997,11.479796969999999,2.2959593939999996,cv
2.108819399960339,4,0.844,-0.01360686,-2.7213719999999997,11.484189839999999,2.2968379679999997,cv
2.1318522999063134,4,0.844,-0.0138018,-2.76036,11.648719199999999,2.32974384,cv
2.155488699907437,4,0.843,-0.01361961,-2.7239220000000004,11.48133123,2.296266246,cv
2.178537799976766,4,0.844,-0.01363966,-2.727932,11.51187304,2.302374608,cv
2.201017699902877,4,0.844,-0.01379451,-2.758902,11.642566439999998,2.328513288,cv
2.2224408999318257,4,0.844,-0.01373257,-2.746514,11.59028908,2.318057816,cv
2.2461264999583364,4,0.844,-0.01357043,-2.714086,11.453442919999999,2.2906885839999998,cv
2.2675368998898193,4,0.844,-0.01363966,-2.727932,11.51187304,2.302374608,cv
2.289539499906823,4,0.844,-0.01373075,-2.74615,11.588753,2.3177506,cv
2.311771599925123,4,0.843,-0.01379633,-2.759266,11.63030619,2.3260612380000003,cv
2.335669699939899,4,0.843,-0.01361415,-2.72283,11.47672845,2.29534569,cv
2.3586682999739423,4,0.844,-0.01363055,-2.72611,11.5041842,2.3008368399999997,cv
2.3816601999569684,4,0.844,-0.01377265,-2.75453,11.624116599999999,2.3248233199999997,cv
2.4050768999150023,4,0.844,-0.01360322,-2.7206439999999996,11.48111768,2.2962235359999994,cv
2.4277163998922333,4,0.844,-0.01358136,-2.716272,11.46266784,2.292533568,cv
2.4512117999838665,4,0.844,-0.01371982,-2.743964,11.57952808,2.315905616,cv
2.4747036999324337,5,0.834,-0.01382908,-2.765816,11.53345272,2.306690544,cv
2.4965255999704823,5,0.834,-0.01380904,-2.761808,11.51673936,2.303347872,cv
2.518557099974714,5,0.834,-0.0138892,-2.7778400000000003,11.5835928,2.31671856,cv
2.5449465999845415,5,0.834,-0.01400033,-2.800066,11.676275219999999,2.335255044,cv
2.5677148998947814,5,0.834,-0.01381814,-2.7636279999999998,11.52432876,2.3048657519999995,cv
2.593138799886219,5,0.834,-0.01395114,-2.790228,11.63525076,2.327050152,cv
2.6155254999175668,5,0.834,-0.01379082,-2.758164,11.50154388,2.3003087759999996,cv
2.6387471999041736,5,0.834,-0.01384001,-2.768002,11.54256834,2.308513668,cv
2.6604532999917865,5,0.834,-0.01397847,-2.795694,11.658043979999999,2.331608796,cv
2.685639299917966,5,0.833,-0.01392745,-2.78549,11.601565849999998,2.32031317,cv
2.7075966999400407,5,0.834,-0.01382725,-2.76545,11.531926499999999,2.3063853,cv
2.729734499938786,5,0.834,-0.01392017,-2.784034,11.60942178,2.321884356,cv
2.7524250999558717,5,0.833,-0.01399486,-2.798972,11.657718379999999,2.331543676,cv
2.7757675999309868,5,0.834,-0.01375438,-2.750876,11.47115292,2.2942305839999997,cv
2.7985925999237224,5,0.834,-0.01381997,-2.7639940000000003,11.52585498,2.305170996,cv
2.821850699954666,5,0.834,-0.01396753,-2.793506,11.64892002,2.329784004,cv
2.8447934999130666,5,0.834,-0.01381268,-2.762536,11.51977512,2.303955024,cv
2.8676061999285594,5,0.834,-0.01378353,-2.7567060000000003,11.49546402,2.2990928040000003,cv
2.891428399947472,5,0.834,-0.01392199,-2.7843980000000004,11.61093966,2.3221879320000003,cv
2.9137996999779716,5,0.833,-0.0139311,-2.78622,11.604606299999999,2.32092126,cv
2.9380510998889804,5,0.834,-0.01376713,-2.753426,11.48178642,2.296357284,cv
2.9628216000273824,6,0.823,-0.01419339,-2.8386780000000003,11.68115997,2.3362319940000003,cv
2.985939500038512,6,0.823,-0.01395837,-2.7916739999999995,11.48773851,2.2975477019999997,cv
3.0087971000466496,6,0.823,-0.01401667,-2.803334,11.535719409999999,2.3071438819999996,cv
3.031648200005293,6,0.823,-0.01416242,-2.832484,11.65567166,2.331134332,cv
3.0548349000746384,6,0.823,-0.0140021,-2.80042,11.523728299999998,2.3047456599999996,cv
3.077758300001733,6,0.824,-0.01396931,-2.793862,11.51071144,2.3021422879999998,cv
3.100818600039929,6,0.824,-0.01409137,-2.818274,11.611288879999998,2.322257776,cv
3.1249381001107395,6,0.823,-0.01409137,-2.818274,11.59719751,2.319439502,cv
3.147806900087744,6,0.824,-0.01394562,-2.789124,11.49119088,2.298238176,cv
3.1701409000670537,6,0.824,-0.01408955,-2.81791,11.609789199999998,2.3219578399999996,cv
3.1915335000958294,6,0.823,-0.01416424,-2.832848,11.65716952,2.331433904,cv
3.216372200055048,6,0.823,-0.0141023,-2.8204599999999997,11.6061929,2.3212385799999997,cv
3.237651100032963,6,0.824,-0.01400392,-2.8007839999999997,11.53923008,2.3078460159999996,cv
3.2627129000611603,6,0.824,-0.01409137,-2.818274,11.611288879999998,2.322257776,cv
3.2858269000425935,6,0.823,-0.01393469,-2.786938,11.46824987,2.293649974,cv
3.3117928000865504,6,0.824,-0.01398935,-2.79787,11.5272244,2.30544488,cv
3.3348426000447944,6,0.823,-0.01398934,-2.797868,11.513226819999998,2.3026453639999995,cv
3.358832100057043,6,0.824,-0.01394744,-2.789488,11.49269056,2.2985381119999997,cv
3.381803199998103,6,0.824,-0.01412598,-2.825196,11.63980752,2.327961504,cv
3.4060842000180855,6,0.823,-0.01398023,-2.796046,11.50572929,2.301145858,cv
3.4290143001126125,6,0.824,-0.01398024,-2.796048,11.519717759999999,2.303943552,cv
3.4537013999652117,7,0.823,-0.01415149,-2.830298,11.646676269999999,2.3293352539999996,cv
3.476722599938512,7,0.824,-0.01390736,-2.781472,11.45966464,2.291932928,cv
3.499887099955231,7,0.824,-0.01401121,-2.802242,11.54523704,2.309047408,cv
3.5223225998925045,7,0.823,-0.01414238,-2.8284759999999998,11.639178739999998,2.3278357479999996,cv
3.547898599994369,7,0.823,-0.01398023,-2.796046,11.50572929,2.301145858,cv
3.5709172999486327,7,0.824,-0.01407497,-2.8149939999999996,11.597775279999999,2.3195550559999996,cv
3.59480269998312,7,0.823,-0.01410412,-2.820824,11.607690759999999,2.321538152,cv
3.6180508999386802,7,0.824,-0.01394744,-2.789488,11.49269056,2.2985381119999997,cv
3.641978499945253,7,0.824,-0.01407133,-2.814266,11.59477592,2.318955184,cv
3.66386559989769,7,0.823,-0.0139857,-2.7971399999999997,11.510231099999999,2.30204622,cv
3.6866953999269754,7,0.824,-0.01390372,-2.780744,11.45666528,2.2913330559999996,cv
3.7087233999045566,7,0.824,-0.01401121,-2.802242,11.54523704,2.309047408,cv
3.73478439997416,7,0.823,-0.01411141,-2.822282,11.613690429999998,2.3227380859999998,cv
3.757844999898225,7,0.824,-0.01392194,-2.7843880000000003,11.47167856,2.294335712,cv
3.783306199940853,7,0.824,-0.01404218,-2.808436,11.57075632,2.314151264,cv
3.805812699953094,7,0.823,-0.0139019,-2.78038,11.441263699999999,2.28825274,cv
3.829983599949628,7,0.824,-0.01394927,-2.789854,11.494198479999998,2.298839696,cv
3.8529050999786705,7,0.823,-0.01412962,-2.825924,11.62867726,2.325735452,cv
3.8761695999419317,7,0.824,-0.0139019,-2.78038,11.455165599999999,2.29103312,cv
3.899032899993472,7,0.824,-0.01394744,-2.789488,11.49269056,2.2985381119999997,cv
3.9241980999941006,7,0.823,-0.01409683,-2.8193659999999996,11.60169109,2.3203382179999994,cv
3.948005299898796,8,0.834,-0.01371977,-2.7439539999999996,11.44228818,2.2884576359999995,cv
3.970485199941322,8,0.834,-0.01384912,-2.769824,11.550166079999999,2.310033216,cv
3.991848299978301,8,0.833,-0.01394749,-2.789498,11.618259169999998,2.323651834,cv
4.017014299985021,8,0.834,-0.01378717,-2.757434,11.49849978,2.299699956,cv
4.0389646999537945,8,0.834,-0.01380175,-2.76035,11.5106595,2.3021318999999996,cv
4.065911499899812,8,0.834,-0.01390559,-2.781118,11.59726206,2.319452412,cv
4.089143999968655,8,0.834,-0.01375438,-2.750876,11.47115292,2.2942305839999997,cv
4.1141296999994665,8,0.834,-0.01390195,-2.7803899999999997,11.594226299999999,2.31884526,cv
4.13719019992277,8,0.834,-0.01369426,-2.738852,11.42101284,2.284202568,cv
4.159006699919701,8,0.834,-0.01379264,-2.758528,11.50306176,2.300612352,cv
4.180663199978881,8,0.834,-0.01388555,-2.77711,11.5805487,2.31610974,cv
4.205672899959609,8,0.834,-0.01391288,-2.782576,11.60334192,2.320668384,cv
4.226971999974921,8,0.834,-0.01370337,-2.740674,11.428610579999997,2.2857221159999996,cv
4.254472899949178,8,0.834,-0.01379082,-2.758164,11.50154388,2.3003087759999996,cv
4.2769320999505,8,0.834,-0.01369244,-2.738488,11.41949496,2.2838989919999997,cv
4.3009906999068335,8,0.834,-0.01377989,-2.755978,11.49242826,2.2984856519999997,cv
4.324014299898408,8,0.834,-0.01387098,-2.774196,11.568397319999999,2.313679464,cv
4.348238799953833,8,0.834,-0.01369062,-2.738124,11.41797708,2.283595416,cv
4.370101199951023,8,0.834,-0.01384365,-2.76873,11.5456041,2.30912082,cv
4.393128499970771,8,0.833,-0.0139311,-2.78622,11.604606299999999,2.32092126,cv
4.415197399910539,8,0.834,-0.01370155,-2.74031,11.4270927,2.2854185399999998,cv
4.442214999930002,9,0.824,-0.01390736,-2.781472,11.45966464,2.291932928,cv
4.465220999903977,9,0.823,-0.01396566,-2.793132,11.49373818,2.298747636,cv
4.490908799925819,9,0.823,-0.0139019,-2.78038,11.441263699999999,2.28825274,cv
4.513471999904141,9,0.823,-0.01407315,-2.81463,11.582202449999999,2.31644049,cv
4.536230599973351,9,0.823,-0.01388732,-2.7774639999999997,11.42926436,2.2858528719999995,cv
4.558985499897972,9,0.823,-0.01392376,-2.784752,11.45925448,2.291850896,cv
4.582994399941526,9,0.824,-0.01407497,-2.8149939999999996,11.597775279999999,2.3195550559999996,cv
4.606066499953158,9,0.823,-0.01389279,-2.778558,11.43376617,2.286753234,cv
4.630887100007385,9,0.824,-0.01393287,-2.786574,11.48068488,2.2961369759999997,cv
4.653226399910636,9,0.823,-0.01406222,-2.812444,11.57320706,2.314641412,cv
4.6758531999075785,9,0.823,-0.01387457,-2.774914,11.418771109999998,2.283754222,cv
4.697709199972451,9,0.824,-0.01392194,-2.7843880000000003,11.47167856,2.294335712,cv
4.722955800010823,9,0.824,-0.01396566,-2.793132,11.50770384,2.3015407679999997,cv
4.744807799928822,9,0.823,-0.01388732,-2.7774639999999997,11.42926436,2.2858528719999995,cv
4.7703577999491245,9,0.823,-0.01388003,-2.7760059999999998,11.423264689999998,2.284652938,cv
4.792141899932176,9,0.823,-0.01410412,-2.820824,11.607690759999999,2.321538152,cv
4.819189899950288,9,0.823,-0.01395655,-2.79131,11.48624065,2.29724813,cv
4.842010599910282,9,0.824,-0.01405493,-2.810986,11.581262319999999,2.316252464,cv
4.865227499976754,9,0.823,-0.01395291,-2.790582,11.483244930000001,2.296648986,cv
4.888097699964419,9,0.823,-0.0138691,-2.77382,11.4142693,2.28285386,cv
4.912031099898741,9,0.824,-0.01398935,-2.79787,11.5272244,2.30544488,cv
4.934975100099109,10,0.834,-0.01367422,-2.734844,11.404299479999999,2.280859896,cv
4.957130300113931,10,0.834,-0.01367058,-2.7341159999999998,11.40126372,2.2802527439999998,cv
4.980020200018771,10,0.834,-0.01374345,-2.7486900000000003,11.4620373,2.29240746,cv
5.006415100069717,10,0.834,-0.01388737,-2.7774739999999998,11.58206658,2.316413316,cv
5.0291384001029655,10,0.834,-0.01369973,-2.739946,11.42557482,2.285114964,cv
5.052989900112152,10,0.834,-0.0138309,-2.76618,11.5349706,2.3069941199999997,cv
5.076104300096631,10,0.834,-0.01365782,-2.7315639999999997,11.390621879999998,2.2781243759999996,cv
5.099617800093256,10,0.834,-0.0136888,-2.7377599999999997,11.4164592,2.2832918399999995,cv
5.122276700101793,10,0.834,-0.01382908,-2.765816,11.53345272,2.306690544,cv
5.144953200011514,10,0.834,-0.01373798,-2.747596,11.45747532,2.291495064,cv
5.166768499999307,10,0.834,-0.01366329,-2.732658,11.39518386,2.2790367719999995,cv
5.191436700057238,10,0.834,-0.0136979,-2.73958,11.4240486,2.28480972,cv
5.212984400102869,10,0.833,-0.01384547,-2.769094,11.533276509999999,2.306655302,cv
5.238849000073969,10,0.834,-0.01365418,-2.730836,11.38758612,2.277517224,cv
5.261091800057329,10,0.834,-0.01382179,-2.764358,11.52737286,2.305474572,cv
5.285726200090721,10,0.833,-0.01383636,-2.767272,11.52568788,2.305137576,cv
5.307493100059219,10,0.834,-0.01364871,-2.729742,11.38302414,2.276604828,cv
5.334243300021626,10,0.834,-0.01372341,-2.744682,11.44532394,2.289064788,cv
5.357194700045511,10,0.834,-0.01362685,-2.72537,11.364792899999998,2.2729585799999996,cv
5.381678400095552,10,0.834,-0.01371977,-2.7439539999999996,11.44228818,2.2884576359999995,cv
5.403896900010295,10,0.834,-0.0138309,-2.76618,11.5349706,2.3069941199999997,cv
5.426426599966362,11,0.824,-0.0138272,-2.76544,11.3936128,2.27872256,cv
5.449129699962214,11,0.824,-0.01388368,-2.776736,11.440152320000001,2.2880304639999998,cv
5.474041899899021,11,0.824,-0.01402943,-2.805886,11.56025032,2.312050064,cv
5.497167099965736,11,0.824,-0.0138272,-2.76544,11.3936128,2.27872256,cv
5.520689399912953,11,0.824,-0.01391101,-2.782202,11.46267224,2.2925344479999996,cv
5.5430900999344885,11,0.823,-0.01406768,-2.813536,11.577700640000002,2.315540128,cv
5.567453399999067,11,0.823,-0.01385089,-2.770178,11.39928247,2.2798564939999997,cv
5.590256899944507,11,0.824,-0.01392376,-2.784752,11.47317824,2.294635648,cv
5.615320399985649,11,0.823,-0.01406951,-2.813902,11.57920673,2.315841346,cv
5.637141099898145,11,0.824,-0.01383449,-2.766898,11.399619759999998,2.279923952,cv
5.659079299890436,11,0.824,-0.0139019,-2.78038,11.455165599999999,2.29103312,cv
5.680876199970953,11,0.824,-0.01399481,-2.798962,11.531723439999999,2.306344688,cv
5.704947999911383,11,0.823,-0.01404946,-2.809892,11.56270558,2.312541116,cv
5.72757859993726,11,0.824,-0.01382903,-2.7658060000000004,11.395120720000001,2.279024144,cv
5.754179999930784,11,0.824,-0.01390736,-2.781472,11.45966464,2.291932928,cv
5.777173899929039,11,0.824,-0.01381809,-2.763618,11.386106159999999,2.277221232,cv
5.800853599910624,11,0.824,-0.0139019,-2.78038,11.455165599999999,2.29103312,cv
5.824178299983032,11,0.823,-0.01402396,-2.804792,11.54171908,2.308343816,cv
5.848418699926697,11,0.823,-0.01382174,-2.764348,11.37529202,2.2750584039999997,cv
5.871093399939127,11,0.824,-0.01396202,-2.7924040000000003,11.50470448,2.300940896,cv
5.894120699958876,11,0.823,-0.01403307,-2.806614,11.54921661,2.309843322,cv
5.916129399905913,12,0.823,-0.01381445,-2.76289,11.369292349999998,2.27385847,cv
5.940326499985531,12,0.824,-0.01386364,-2.772728,11.42363936,2.284727872,cv
5.963224699953571,12,0.823,-0.01404946,-2.809892,11.56270558,2.312541116,cv
5.985386599902995,12,0.823,-0.0138272,-2.76544,11.3797856,2.2759571199999997,cv
6.007230499992147,12,0.824,-0.01381809,-2.763618,11.386106159999999,2.277221232,cv
6.033645199961029,12,0.824,-0.01388915,-2.77783,11.4446596,2.2889319199999996,cv
6.05630369996652,12,0.823,-0.01382174,-2.764348,11.37529202,2.2750584039999997,cv
6.081461799913086,12,0.824,-0.01385089,-2.770178,11.41313336,2.2826266719999997,cv
6.104418299975805,12,0.823,-0.0140112,-2.8022400000000003,11.5312176,2.30624352,cv
6.12635949999094,12,0.823,-0.01380534,-2.761068,11.361794819999998,2.272358964,cv
6.1480718000093475,12,0.824,-0.01385453,-2.770906,11.41613272,2.283226544,cv
6.173273899941705,12,0.823,-0.01394744,-2.789488,11.478743119999999,2.295748624,cv
6.195140599971637,12,0.823,-0.01383449,-2.766898,11.38578527,2.277157054,cv
6.220659599988721,12,0.823,-0.01383085,-2.76617,11.38278955,2.2765579099999997,cv
6.243181700003333,12,0.823,-0.01404946,-2.809892,11.56270558,2.312541116,cv
6.270644799922593,12,0.823,-0.01383449,-2.766898,11.38578527,2.277157054,cv
6.293155599967577,12,0.823,-0.01403853,-2.807706,11.55371019,2.310742038,cv
6.3164729999843985,12,0.823,-0.01381809,-2.763618,11.37228807,2.274457614,cv
6.339367799926549,12,0.824,-0.01383996,-2.767992,11.40412704,2.2808254079999997,cv
6.363044900004752,12,0.823,-0.01397295,-2.79459,11.499737849999999,2.2999475699999996,cv
6.386271699913777,12,0.823,-0.01381627,-2.7632540000000003,11.370790210000001,2.2741580420000003,cv
6.412119599990547,13,0.824,-0.01387822,-2.7756440000000002,11.435653279999999,2.287130656,cv
6.434761099983007,13,0.823,-0.01391465,-2.78293,11.45175695,2.2903513899999997,cv
6.456863099941984,13,0.824,-0.01379623,-2.759246,11.368093519999999,2.273618704,cv
6.4786260999972,13,0.823,-0.0138436,-2.7687199999999996,11.3932828,2.2786565599999995,cv
6.5013870999682695,13,0.824,-0.01393105,-2.78621,11.4791852,2.29583704,cv
6.523305799928494,13,0.823,-0.01401667,-2.803334,11.535719409999999,2.3071438819999996,cv
6.549760299967602,13,0.823,-0.0138272,-2.76544,11.3797856,2.2759571199999997,cv
6.573001499986276,13,0.824,-0.0139857,-2.7971399999999997,11.5242168,2.3048433599999996,cv
6.598029399989173,13,0.823,-0.01384178,-2.768356,11.391784939999999,2.2783569879999996,cv
6.620279599912465,13,0.824,-0.01393833,-2.787666,11.485183919999999,2.297036784,cv
6.6438547999132425,13,0.823,-0.01402942,-2.805884,11.546212659999998,2.309242532,cv
6.6651506999041885,13,0.823,-0.01381445,-2.76289,11.369292349999998,2.27385847,cv
6.687300199992023,13,0.823,-0.01379805,-2.75961,11.355795149999999,2.2711590299999997,cv
6.709662799956277,13,0.823,-0.01387093,-2.774186,11.415775389999999,2.2831550779999996,cv
6.732287399936467,13,0.823,-0.01396748,-2.793496,11.49523604,2.299047208,cv
6.755211399984546,13,0.823,-0.01390918,-2.781836,11.44725514,2.289451028,cv
6.7782822999870405,13,0.823,-0.01379623,-2.759246,11.35429729,2.270859458,cv
6.801183599978685,13,0.823,-0.01390918,-2.781836,11.44725514,2.289451028,cv
6.824415599927306,13,0.823,-0.01399117,-2.798234,11.514732910000001,2.3029465819999997,cv
6.847249499987811,13,0.823,-0.01378166,-2.7563319999999996,11.34230618,2.2684612359999994,cv
6.869297699886374,13,0.823,-0.01385817,-2.7716339999999997,11.40527391,2.2810547819999996,cv
6.892807599972002,14,0.823,-0.01396019,-2.7920380000000002,11.489236369999999,2.297847274,cv
6.914726899936795,14,0.823,-0.01390554,-2.7811079999999997,11.444259419999998,2.2888518839999996,cv
6.941266899928451,14,0.823,-0.01377983,-2.755966,11.340800089999998,2.2681600179999997,cv
6.964457299909554,14,0.823,-0.01399481,-2.798962,11.51772863,2.303545726,cv
6.989177500014193,14,0.823,-0.01377801,-2.755602,11.33930223,2.267860446,cv
7.0123491999693215,14,0.823,-0.01395837,-2.7916739999999995,11.48773851,2.2975477019999997,cv
7.036170799983665,14,0.823,-0.0139019,-2.78038,11.441263699999999,2.28825274,cv
7.059546299977228,14,0.824,-0.01380899,-2.7617979999999998,11.37860776,2.275721552,cv
7.083607699954882,14,0.824,-0.0139438,-2.78876,11.4896912,2.2979382399999997,cv
7.1054487999062985,14,0.823,-0.01380716,-2.761432,11.363292679999999,2.272658536,cv
7.128356399945915,14,0.823,-0.0137853,-2.75706,11.3453019,2.26906038,cv
7.150082299951464,14,0.824,-0.0139019,-2.78038,11.455165599999999,2.29103312,cv
7.171337199979462,14,0.823,-0.01395291,-2.790582,11.483244930000001,2.296648986,cv
7.193549699964933,14,0.823,-0.01398934,-2.797868,11.513226819999998,2.3026453639999995,cv
7.216388399945572,14,0.823,-0.01380534,-2.761068,11.361794819999998,2.272358964,cv
7.241406899993308,14,0.823,-0.01381263,-2.762526,11.36779449,2.2735588979999997,cv
7.264415399986319,14,0.823,-0.01399299,-2.798598,11.51623077,2.303246154,cv
7.286107899970375,14,0.823,-0.01377983,-2.755966,11.340800089999998,2.2681600179999997,cv
7.307074200012721,14,0.823,-0.01377073,-2.754146,11.333310789999999,2.266662158,cv
7.333097499911673,14,0.823,-0.01380534,-2.761068,11.361794819999998,2.272358964,cv
7.3544152999529615,14,0.823,-0.01390008,-2.7800160000000003,11.43976584,2.287953168,cv
7.382131299935281,15,0.823,-0.01376708,-2.753416,11.330306839999999,2.266061368,cv
7.404310599900782,15,0.823,-0.01398752,-2.797504,11.51172896,2.3023457919999997,cv
7.430047799949534,15,0.823,-0.01375797,-2.751594,11.322809309999998,2.264561862,cv
7.451246899901889,15,0.823,-0.01393651,-2.7873019999999995,11.469747729999998,2.2939495459999995,cv
7.473135799984448,15,0.823,-0.01399299,-2.798598,11.51623077,2.303246154,cv
7.494394399924204,15,0.823,-0.0138855,-2.7771,11.4277665,2.2855532999999997,cv
7.51659789995756,15,0.823,-0.01375433,-2.750866,11.31981359,2.2639627179999997,cv
7.539617499918677,15,0.823,-0.01379987,-2.759974,11.35729301,2.271458602,cv
7.562533799908124,15,0.823,-0.0139274,-2.7854799999999997,11.4622502,2.29245004,cv
7.585239199921489,15,0.823,-0.01389278,-2.778556,11.43375794,2.286751588,cv
7.607382999965921,15,0.823,-0.01377619,-2.7552380000000003,11.337804369999999,2.267560874,cv
7.630133299971931,15,0.823,-0.01383631,-2.7672619999999997,11.387283129999998,2.2774566259999998,cv
7.65125979995355,15,0.823,-0.01393287,-2.786574,11.466752009999999,2.2933504019999997,cv
7.677899200003594,15,0.823,-0.0139857,-2.7971399999999997,11.510231099999999,2.30204622,cv
7.700466899899766,15,0.823,-0.01383267,-2.766534,11.384287409999999,2.276857482,cv
7.725602499907836,15,0.823,-0.0139857,-2.7971399999999997,11.510231099999999,2.30204622,cv
7.74865849991329,15,0.823,-0.01375979,-2.7519579999999997,11.324307169999999,2.2648614339999997,cv
7.771744099911302,15,0.824,-0.01387275,-2.77455,11.431146,2.2862291999999997,cv
7.794620499946177,15,0.823,-0.01397841,-2.7956820000000002,11.504231429999999,2.300846286,cv
7.818973599933088,15,0.823,-0.01373975,-2.7479500000000003,11.30781425,2.2615628500000002,cv
7.840440499945544,15,0.823,-0.01387457,-2.774914,11.418771109999998,2.283754222,cv
7.863469799980521,16,0.823,-0.01398206,-2.7964119999999997,11.50723538,2.3014470759999996,cv
7.885698099969886,16,0.823,-0.01377801,-2.755602,11.33930223,2.267860446,cv
7.913622199906968,16,0.823,-0.01375433,-2.750866,11.31981359,2.2639627179999997,cv
7.9366627999115735,16,0.823,-0.01379441,-2.758882,11.35279943,2.2705598859999996,cv
7.9600557999219745,16,0.823,-0.01379441,-2.758882,11.35279943,2.2705598859999996,cv
7.983623899985105,16,0.823,-0.01392376,-2.784752,11.45925448,2.291850896,cv
8.006596599938348,16,0.823,-0.0137853,-2.75706,11.3453019,2.26906038,cv
8.030058200005442,16,0.823,-0.01379987,-2.759974,11.35729301,2.271458602,cv
8.052711799973622,16,0.824,-0.01392376,-2.784752,11.47317824,2.294635648,cv
8.074573699967004,16,0.823,-0.0138855,-2.7771,11.4277665,2.2855532999999997,cv
8.097911699907854,16,0.823,-0.01375069,-2.7501379999999997,11.31681787,2.2633635739999995,cv
8.119519699946977,16,0.823,-0.01382538,-2.7650759999999996,11.37828774,2.2756575479999994,cv
8.144186899997294,16,0.823,-0.01392012,-2.7840239999999996,11.456258759999999,2.2912517519999995,cv
8.165524499956518,16,0.823,-0.01377983,-2.755966,11.340800089999998,2.2681600179999997,cv
8.191428099991754,16,0.823,-0.01374522,-2.7490440000000005,11.312316059999999,2.262463212,cv
8.214550599921495,16,0.823,-0.01396566,-2.793132,11.49373818,2.298747636,cv
8.238755299942568,16,0.823,-0.01374704,-2.749408,11.31381392,2.262762784,cv
8.261630999972112,16,0.824,-0.01386182,-2.772364,11.42213968,2.2844279359999997,cv
8.287184699904174,16,0.823,-0.0139693,-2.79386,11.4967339,2.29934678,cv
8.309880699962378,16,0.823,-0.0137689,-2.75378,11.3318047,2.2663609399999998,cv
8.333410799968988,16,0.823,-0.01391283,-2.782566,11.45025909,2.290051818,cv
8.358002299908549,17,0.823,-0.01375069,-2.7501379999999997,11.31681787,2.2633635739999995,cv
8.380872199893929,17,0.823,-0.01382538,-2.7650759999999996,11.37828774,2.2756575479999994,cv
8.404030799982138,17,0.823,-0.0139693,-2.79386,11.4967339,2.29934678,cv
8.42679479997605,17,0.823,-0.0137853,-2.75706,11.3453019,2.26906038,cv
8.44987189990934,17,0.823,-0.01378166,-2.7563319999999996,11.34230618,2.2684612359999994,cv
8.47370529989712,17,0.824,-0.01390736,-2.781472,11.45966464,2.291932928,cv
8.49556569987908,17,0.823,-0.01377801,-2.755602,11.33930223,2.267860446,cv
8.519132499932311,17,0.824,-0.01373793,-2.747586,11.32005432,2.264010864,cv
8.540867799893022,17,0.824,-0.01384542,-2.7690840000000003,11.40862608,2.2817252160000003,cv
8.566289199981838,17,0.823,-0.01393833,-2.787666,11.47124559,2.294249118,cv
8.587799499975517,17,0.824,-0.01374704,-2.749408,11.32756096,2.2655121919999996,cv
8.612912399927154,17,0.823,-0.01381445,-2.76289,11.369292349999998,2.27385847,cv
8.635001299902797,17,0.823,-0.01388003,-2.7760059999999998,11.423264689999998,2.284652938,cv
8.66235959995538,17,0.823,-0.01373247,-2.7464939999999998,11.301822809999999,2.2603645619999995,cv
8.68341979989782,17,0.823,-0.01395291,-2.790582,11.483244930000001,2.296648986,cv
8.707246899954043,17,0.823,-0.01387275,-2.77455,11.41727325,2.28345465,cv
8.728622199967504,17,0.823,-0.01377073,-2.754146,11.333310789999999,2.266662158,cv
8.75535609992221,17,0.824,-0.01385453,-2.770906,11.41613272,2.283226544,cv
8.77781859994866,17,0.823,-0.01373793,-2.747586,11.30631639,2.261263278,cv
8.803075199946761,17,0.823,-0.01380534,-2.761068,11.361794819999998,2.272358964,cv
8.824632899952121,17,0.823,-0.01386364,-2.772728,11.409775719999999,2.281955144,cv
8.847862499998882,18,0.823,-0.01373247,-2.7464939999999998,11.301822809999999,2.2603645619999995,cv
8.870489900000393,18,0.823,-0.01380898,-2.761796,11.36479054,2.2729581079999996,cv
8.896622899919748,18,0.823,-0.01389643,-2.779286,11.43676189,2.287352378,cv
8.919777699979022,18,0.823,-0.01375979,-2.7519579999999997,11.324307169999999,2.2648614339999997,cv
8.945922899991274,18,0.824,-0.01388915,-2.77783,11.4446596,2.2889319199999996,cv
8.968774299952202,18,0.823,-0.01373247,-2.7464939999999998,11.301822809999999,2.2603645619999995,cv
8.990805299952626,18,0.824,-0.0138436,-2.7687199999999996,11.4071264,2.2814252799999997,cv
9.01278019999154,18,0.823,-0.01395291,-2.790582,11.483244930000001,2.296648986,cv
9.036219300003722,18,0.823,-0.0138855,-2.7771,11.4277665,2.2855532999999997,cv
9.05769149994012,18,0.823,-0.013727,-2.7454,11.297320999999998,2.2594642,cv
9.082832799991593,18,0.823,-0.01379987,-2.759974,11.35729301,2.271458602,cv
9.10488259990234,18,0.823,-0.01388732,-2.7774639999999997,11.42926436,2.2858528719999995,cv
9.131684099906124,18,0.823,-0.01374158,-2.748316,11.30932034,2.261864068,cv
9.15709260001313,18,0.823,-0.01396201,-2.792402,11.49073423,2.298146846,cv
9.179851299966685,18,0.823,-0.0137689,-2.75378,11.3318047,2.2663609399999998,cv
9.202771999989636,18,0.823,-0.01389643,-2.779286,11.43676189,2.287352378,cv
9.226437599980272,18,0.823,-0.01388368,-2.776736,11.42626864,2.285253728,cv
9.249122499953955,18,0.823,-0.01373429,-2.746858,11.303320669999998,2.2606641339999998,cv
9.272432099911384,18,0.823,-0.01383813,-2.7676260000000004,11.388780989999999,2.277756198,cv
9.295534699922428,18,0.823,-0.01393833,-2.787666,11.47124559,2.294249118,cv
9.318551299977116,18,0.823,-0.01370696,-2.7413920000000003,11.28082808,2.256165616,cv
9.340827699983492,19,0.823,-0.01382174,-2.764348,11.37529202,2.2750584039999997,cv
9.363671500002965,19,0.823,-0.01392194,-2.7843880000000003,11.45775662,2.2915513240000003,cv
9.384841799968854,19,0.823,-0.0138527,-2.77054,11.4007721,2.2801544199999997,cv
9.411607599933632,19,0.823,-0.01370514,-2.741028,11.279330219999999,2.255866044,cv
9.433957499917597,19,0.823,-0.01393287,-2.786574,11.466752009999999,2.2933504019999997,cv
9.460372899891809,19,0.823,-0.01375979,-2.7519579999999997,11.324307169999999,2.2648614339999997,cv
9.482928399927914,19,0.824,-0.01388004,-2.776008,11.437152959999999,2.2874305919999998,cv
9.504636099911295,19,0.823,-0.0138691,-2.77382,11.4142693,2.28285386,cv
9.525773499975912,19,0.823,-0.01375797,-2.751594,11.322809309999998,2.264561862,cv
9.551117199938744,19,0.823,-0.01372154,-2.744308,11.29282742,2.258565484,cv
9.572725199977867,19,0.823,-0.01393651,-2.7873019999999995,11.469747729999998,2.2939495459999995,cv
9.598755899933167,19,0.823,-0.01393833,-2.787666,11.47124559,2.294249118,cv
9.62168019998353,19,0.823,-0.01383085,-2.76617,11.38278955,2.2765579099999997,cv
9.647478099912405,19,0.823,-0.0139274,-2.7854799999999997,11.4622502,2.29245004,cv
9.670167199918069,19,0.823,-0.01373793,-2.747586,11.30631639,2.261263278,cv
9.694135300000198,19,0.823,-0.0138691,-2.77382,11.4142693,2.28285386,cv
9.71715109993238,19,0.823,-0.01375615,-2.75123,11.32131145,2.26426229,cv
9.740580199984834,19,0.823,-0.01373975,-2.7479500000000003,11.30781425,2.2615628500000002,cv
9.763069199980237,19,0.824,-0.01386728,-2.773456,11.426638719999998,2.285327744,cv
9.787143699941225,19,0.823,-0.01386364,-2.772728,11.409775719999999,2.281955144,cv
9.8100971999811,19,0.823,-0.01372154,-2.744308,11.29282742,2.258565484,cv
9.833693299908191,20,0.823,-0.01391465,-2.78293,11.45175695,2.2903513899999997,cv
9.856037399964407,20,0.823,-0.01387274,-2.7745480000000002,11.417265019999999,2.283453004,cv
9.880012599984184,20,0.823,-0.01371607,-2.743214,11.288325610000001,2.2576651219999997,cv
9.903839399921708,20,0.824,-0.01386911,-2.773822,11.42814664,2.2856293279999997,cv
9.926934299990535,20,0.823,-0.01375615,-2.75123,11.32131145,2.26426229,cv
9.94999899994582,20,0.824,-0.01373793,-2.747586,11.32005432,2.264010864,cv
9.974224099889398,20,0.824,-0.01386728,-2.773456,11.426638719999998,2.285327744,cv
9.997032799990848,20,0.823,-0.01375615,-2.75123,11.32131145,2.26426229,cv
10.021254799910821,20,0.824,-0.01373065,-2.74613,11.3140556,2.26281112,cv
10.04339909995906,20,0.823,-0.01390918,-2.781836,11.44725514,2.289451028,cv
10.065763899940066,20,0.823,-0.0138527,-2.77054,11.4007721,2.2801544199999997,cv
10.086966299917549,20,0.823,-0.01368328,-2.7366560000000004,11.26133944,2.2522678880000004,cv
10.112505399971269,20,0.823,-0.01372336,-2.744672,11.294325279999999,2.258865056,cv
10.134781199973077,20,0.823,-0.0139274,-2.7854799999999997,11.4622502,2.29245004,cv
10.160044099902734,20,0.823,-0.01374886,-2.749772,11.31531178,2.263062356,cv
10.18194769998081,20,0.824,-0.01384542,-2.7690840000000003,11.40862608,2.2817252160000003,cv
10.208039599936455,20,0.823,-0.01392376,-2.784752,11.45925448,2.291850896,cv
10.231165999895893,20,0.823,-0.01375979,-2.7519579999999997,11.324307169999999,2.2648614339999997,cv
10.254390799906105,20,0.823,-0.01390918,-2.781836,11.44725514,2.289451028,cv
10.277158899931237,20,0.823,-0.01375615,-2.75123,11.32131145,2.26426229,cv
10.301992899971083,20,0.823,-0.01372336,-2.744672,11.294325279999999,2.258865056,cv
10.325135300052352,21,0.823,-0.01391647,-2.783294,11.453254809999999,2.290650962,cv
10.34910300001502,21,0.823,-0.01368692,-2.737384,11.26433516,2.2528670319999997,cv
10.37213660008274,21,0.824,-0.01379623,-2.759246,11.368093519999999,2.273618704,cv
10.39512460003607,21,0.823,-0.01391829,-2.783658,11.454752669999998,2.290950534,cv
10.418208200018853,21,0.823,-0.01368328,-2.7366560000000004,11.26133944,2.2522678880000004,cv
10.441893900046125,21,0.823,-0.01373793,-2.747586,11.30631639,2.261263278,cv
10.465179600054398,21,0.823,-0.01389825,-2.7796499999999997,11.438259749999999,2.2876519499999994,cv
10.48713480005972,21,0.823,-0.01368328,-2.7366560000000004,11.26133944,2.2522678880000004,cv
10.509237800026312,21,0.823,-0.01370696,-2.7413920000000003,11.28082808,2.256165616,cv
10.53316290001385,21,0.824,-0.0137853,-2.75706,11.3590872,2.27181744,cv
10.55487270001322,21,0.823,-0.01385817,-2.7716339999999997,11.40527391,2.2810547819999996,cv
10.580386100104079,21,0.823,-0.01374522,-2.7490440000000005,11.312316059999999,2.262463212,cv
10.602306800079532,21,0.823,-0.0138436,-2.7687199999999996,11.3932828,2.2786565599999995,cv
10.629731000051834,21,0.823,-0.01392194,-2.7843880000000003,11.45775662,2.2915513240000003,cv
10.652175400056876,21,0.823,-0.0137853,-2.75706,11.3453019,2.26906038,cv
10.675689600058831,21,0.823,-0.01391283,-2.782566,11.45025909,2.290051818,cv
10.698103100061417,21,0.823,-0.0136851,-2.7370200000000002,11.2628373,2.25256746,cv
10.721021800069138,21,0.823,-0.01373975,-2.7479500000000003,11.30781425,2.2615628500000002,cv
10.743624499998987,21,0.823,-0.01388186,-2.776372,11.42477078,2.284954156,cv
10.767462900024839,21,0.823,-0.01384542,-2.7690840000000003,11.394780659999999,2.2789561320000002,cv
10.789759000064805,21,0.823,-0.01369785,-2.7395699999999996,11.273330549999999,2.2546661099999996,cv
10.814702200121246,22,0.823,-0.01382174,-2.764348,11.37529202,2.2750584039999997,cv
10.837328000110574,22,0.823,-0.01373065,-2.74613,11.300324949999998,2.26006499,cv
10.862332500051707,22,0.823,-0.0136851,-2.7370200000000002,11.2628373,2.25256746,cv
10.885669200099073,22,0.823,-0.01389279,-2.778558,11.43376617,2.286753234,cv
10.91147340007592,22,0.823,-0.01367417,-2.734834,11.25384191,2.250768382,cv
10.934655800112523,22,0.823,-0.01387821,-2.7756420000000004,11.42176683,2.2843533660000004,cv
10.957378100021742,22,0.823,-0.01374522,-2.7490440000000005,11.312316059999999,2.262463212,cv
10.980266400030814,22,0.823,-0.01369967,-2.7399340000000003,11.27482841,2.254965682,cv
11.006042600027286,22,0.823,-0.01382356,-2.7647120000000003,11.37678988,2.275357976,cv
11.028175300103612,22,0.823,-0.01367235,-2.73447,11.25234405,2.2504688099999997,cv
11.050209100008942,22,0.823,-0.01372336,-2.744672,11.294325279999999,2.258865056,cv
11.072023300104775,22,0.823,-0.01381809,-2.763618,11.37228807,2.274457614,cv
11.096377800102346,22,0.823,-0.01385817,-2.7716339999999997,11.40527391,2.2810547819999996,cv
11.118243500124663,22,0.823,-0.01365959,-2.731918,11.24184257,2.2483685139999996,cv
11.144053700030781,22,0.824,-0.01371972,-2.743944,11.305049279999999,2.261009856,cv
11.165017800056376,22,0.823,-0.0138436,-2.7687199999999996,11.3932828,2.2786565599999995,cv
11.189874600037001,22,0.823,-0.013727,-2.7454,11.297320999999998,2.2594642,cv
11.211413300014101,22,0.824,-0.01375615,-2.75123,11.3350676,2.26701352,cv
11.234050100087188,22,0.823,-0.01385999,-2.7719980000000004,11.40677177,2.2813543540000003,cv
11.25644920009654,22,0.823,-0.01383995,-2.76799,11.39027885,2.27805577,cv
11.2792648000177,22,0.824,-0.01365777,-2.731554,11.254002479999999,2.250800496,cv
11.30283010005951,23,0.814,-0.01393282,-2.786564,11.341315479999999,2.2682630959999996,cv
11.32542990008369,23,0.813,-0.0140731,-2.81462,11.4414303,2.28828606,cv
11.349605800001882,23,0.813,-0.01384719,-2.769438,11.25776547,2.2515530939999997,cv
11.372333800070919,23,0.813,-0.01393828,-2.787656,11.33182164,2.266364328,cv
11.394190400023945,23,0.813,-0.01407492,-2.814984,11.44290996,2.2885819919999997,cv
11.415340000065044,23,0.813,-0.01402026,-2.804052,11.398471379999998,2.279694276,cv
11.439964900026098,23,0.813,-0.01390549,-2.781098,11.305163369999999,2.261032674,cv
11.461456500110216,23,0.813,-0.01392553,-2.785106,11.32145589,2.2642911779999997,cv
11.486829400062561,23,0.813,-0.01403666,-2.8073319999999997,11.411804579999998,2.2823609159999996,cv
11.508296200074255,23,0.813,-0.01383444,-2.7668880000000002,11.247399719999999,2.249479944,cv
11.533490400062874,23,0.813,-0.01385448,-2.770896,11.26369224,2.2527384479999997,cv
11.555358000099659,23,0.813,-0.01401844,-2.803688,11.396991719999999,2.279398344,cv
11.580148400040343,23,0.813,-0.0139146,-2.78292,11.312569799999999,2.2625139599999997,cv
11.601413500029594,23,0.813,-0.0139146,-2.78292,11.312569799999999,2.2625139599999997,cv
11.627770700026304,23,0.813,-0.0139729,-2.79458,11.359967699999999,2.2719935399999995,cv
11.650624200003222,23,0.813,-0.0138563,-2.7712600000000003,11.265171899999999,2.25303438,cv
11.676301900064573,23,0.813,-0.01397472,-2.794944,11.36144736,2.2722894719999998,cv
11.698539100005291,23,0.813,-0.01384537,-2.769074,11.25628581,2.2512571619999995,cv
11.722281000111252,23,0.813,-0.01388545,-2.7770900000000003,11.28887085,2.2577741700000002,cv
11.744564700056799,23,0.813,-0.01402391,-2.8047820000000003,11.40143883,2.2802877660000003,cv
11.769042500061914,23,0.813,-0.01391642,-2.783284,11.31404946,2.262809892,cv
11.792505899909884,24,0.823,-0.01374886,-2.749772,11.31531178,2.263062356,cv
11.817291099927388,24,0.823,-0.01389279,-2.778558,11.43376617,2.286753234,cv
11.84070309996605,24,0.823,-0.01366142,-2.732284,11.243348659999999,2.2486697319999998,cv
11.864218499977142,24,0.824,-0.01378348,-2.7566960000000003,11.357587520000001,2.271517504,cv
11.88797959999647,24,0.823,-0.01374522,-2.7490440000000005,11.312316059999999,2.262463212,cv
11.911717599956319,24,0.823,-0.01367417,-2.734834,11.25384191,2.250768382,cv
11.934699699981138,24,0.823,-0.01384724,-2.769448,11.39627852,2.279255704,cv
11.959398799925111,24,0.823,-0.01375433,-2.750866,11.31981359,2.2639627179999997,cv
11.98287939990405,24,0.823,-0.01374886,-2.749772,11.31531178,2.263062356,cv
12.004535999963991,24,0.823,-0.01389097,-2.778194,11.43226831,2.286453662,cv
12.02655689988751,24,0.823,-0.01374886,-2.749772,11.31531178,2.263062356,cv
12.048268899903633,24,0.823,-0.01365231,-2.730462,11.23585113,2.247170226,cv
12.069444499909878,24,0.823,-0.01366506,-2.733012,11.246344379999998,2.249268876,cv
12.09165909991134,24,0.823,-0.01373611,-2.747222,11.304818529999999,2.2609637059999996,cv
12.11504129995592,24,0.824,-0.01383267,-2.766534,11.39812008,2.279624016,cv
12.137686199974269,24,0.823,-0.01375615,-2.75123,11.32131145,2.26426229,cv
12.160450399969704,24,0.823,-0.0136687,-2.73374,11.2493401,2.24986802,cv
12.182502699899487,24,0.823,-0.01378166,-2.7563319999999996,11.34230618,2.2684612359999994,cv
12.20543419988826,24,0.823,-0.01387275,-2.77455,11.41727325,2.28345465,cv
12.227243999950588,24,0.823,-0.01367052,-2.734104,11.25083796,2.250167592,cv
12.252910199924372,24,0.823,-0.01364684,-2.729368,11.23134932,2.246269864,cv
12.274497799924575,25,0.813,-0.01405852,-2.8117039999999998,11.42957676,2.2859153519999995,cv
12.299901399994269,25,0.813,-0.01402391,-2.8047820000000003,11.40143883,2.2802877660000003,cv
12.322577200015076,25,0.813,-0.01390549,-2.781098,11.305163369999999,2.261032674,cv
12.348907699924894,25,0.813,-0.01404941,-2.809882,11.422170329999998,2.2844340659999998,cv
12.371639799908735,25,0.813,-0.01386177,-2.772354,11.269619010000001,2.2539238019999996,cv
12.396292599965818,25,0.813,-0.01400751,-2.801502,11.388105629999998,2.277621126,cv
12.41864569997415,25,0.813,-0.01384719,-2.769438,11.25776547,2.2515530939999997,cv
12.44350900000427,25,0.813,-0.01386541,-2.773082,11.27257833,2.254515666,cv
12.465560999931768,25,0.813,-0.01404759,-2.8095179999999997,11.420690669999999,2.2841381339999995,cv
12.488315099966712,25,0.813,-0.01384354,-2.7687079999999997,11.254798019999999,2.2509596039999997,cv
12.509473399957642,25,0.813,-0.01382169,-2.7643379999999995,11.237033969999999,2.2474067939999993,cv
12.534551799995825,25,0.813,-0.01385994,-2.771988,11.268131219999997,2.253626244,cv
12.555600699968636,25,0.813,-0.01403301,-2.8066020000000003,11.40883713,2.281767426,cv
12.582716999924742,25,0.813,-0.01394557,-2.789114,11.33774841,2.267549682,cv
12.60495589999482,25,0.813,-0.01403848,-2.8076960000000004,11.41328424,2.2826568480000002,cv
12.628629599930719,25,0.813,-0.0139401,-2.7880200000000004,11.333301299999999,2.26666026,cv
12.651048699975945,25,0.813,-0.0138563,-2.7712600000000003,11.265171899999999,2.25303438,cv
12.676940199919045,25,0.813,-0.01393828,-2.787656,11.33182164,2.266364328,cv
12.699836399988271,25,0.813,-0.01380347,-2.760694,11.22222111,2.244444222,cv
12.723880599951372,25,0.813,-0.01389456,-2.778912,11.29627728,2.259255456,cv
12.746617099968717,25,0.813,-0.01403301,-2.8066020000000003,11.40883713,2.281767426,cv
12.770841399906203,26,0.803,-0.01397284,-2.794568,11.220190520000001,2.244038104,cv
12.793901599943638,26,0.803,-0.01409309,-2.818618,11.316751270000001,2.263350254,cv
12.817768699955195,26,0.802,-0.01418964,-2.8379280000000002,11.38009128,2.2760182560000004,cv
12.84102999989409,26,0.803,-0.01397467,-2.794934,11.22166001,2.244332002,cv
12.863903399906121,26,0.803,-0.0140694,-2.81388,11.297728200000002,2.2595456400000002,cv
12.88673069991637,26,0.802,-0.014186,-2.8372,11.377172000000002,2.2754344000000004,cv
12.910719499923289,26,0.803,-0.01396738,-2.793476,11.215806140000002,2.2431612280000004,cv
12.933731299941428,26,0.803,-0.01408398,-2.8167959999999996,11.30943594,2.2618871879999998,cv
12.958629099885002,26,0.802,-0.014186,-2.8372,11.377172000000002,2.2754344000000004,cv
12.980641199974343,26,0.803,-0.01400199,-2.8003980000000004,11.243597970000001,2.2487195940000007,cv
13.001828399952501,26,0.803,-0.01403843,-2.807686,11.27285929,2.2545718580000003,cv
13.023601499968208,26,0.803,-0.01413499,-2.826998,11.35039697,2.270079394,cv
13.049381999997422,26,0.803,-0.01419329,-2.838658,11.397211870000001,2.2794423740000003,cv
13.070334499934688,26,0.803,-0.01400382,-2.800764,11.245067460000001,2.249013492,cv
13.095334299956448,26,0.803,-0.01403661,-2.807322,11.27139783,2.254279566,cv
13.116955499979667,26,0.802,-0.01410401,-2.820802,11.311416020000001,2.262283204,cv
13.14322479988914,26,0.803,-0.01396738,-2.793476,11.215806140000002,2.2431612280000004,cv
13.165693399962038,26,0.803,-0.01419146,-2.838292,11.39574238,2.279148476,cv
13.191402799915522,26,0.803,-0.01400199,-2.8003980000000004,11.243597970000001,2.2487195940000007,cv
13.213769199908711,26,0.803,-0.01407851,-2.8157020000000004,11.30504353,2.2610087060000006,cv
13.236653299885802,26,0.802,-0.014186,-2.8372,11.377172000000002,2.2754344000000004,cv
13.259708699886687,27,0.813,-0.01380347,-2.760694,11.22222111,2.244444222,cv
13.284106599981897,27,0.813,-0.01386905,-2.77381,11.27553765,2.25510753,cv
13.307142499950714,27,0.813,-0.01402208,-2.804416,11.399951039999998,2.2799902079999996,cv
13.332516999915242,27,0.813,-0.01379982,-2.759964,11.21925366,2.243850732,cv
13.355130599928088,27,0.813,-0.01396197,-2.7923940000000003,11.35108161,2.270216322,cv
13.37792489991989,27,0.813,-0.0139565,-2.7913,11.346634499999999,2.2693269,cv
13.4012130999472,27,0.813,-0.01380893,-2.761786,11.22666009,2.2453320179999996,cv
13.4241126999259,27,0.813,-0.01392007,-2.784014,11.317016909999998,2.263403382,cv
13.446003699908033,27,0.813,-0.01402208,-2.804416,11.399951039999998,2.2799902079999996,cv
13.469070499995723,27,0.813,-0.01384172,-2.768344,11.253318359999998,2.250663672,cv
13.490527699934319,27,0.813,-0.01382533,-2.765066,11.23999329,2.2479986579999998,cv
13.51601749996189,27,0.813,-0.01386177,-2.772354,11.269619010000001,2.2539238019999996,cv
13.537534099887125,27,0.813,-0.01383626,-2.767252,11.248879379999998,2.2497758759999997,cv
13.562456599902362,27,0.813,-0.01379071,-2.758142,11.211847229999998,2.2423694459999997,cv
13.583743699942715,27,0.813,-0.01396197,-2.7923940000000003,11.35108161,2.270216322,cv
13.608393899980001,27,0.813,-0.01400569,-2.801138,11.386625969999999,2.277325194,cv
13.629833199898712,27,0.813,-0.01379982,-2.759964,11.21925366,2.243850732,cv
13.651668199920096,27,0.813,-0.01386723,-2.773446,11.27405799,2.254811598,cv
13.674329999950714,27,0.813,-0.01391096,-2.7821919999999998,11.30961048,2.2619220959999997,cv
13.695816199993715,27,0.813,-0.01402208,-2.804416,11.399951039999998,2.2799902079999996,cv
13.719024099991657,27,0.813,-0.01395103,-2.790206,11.34218739,2.2684374779999996,cv
13.741869399906136,28,0.813,-0.01382351,-2.764702,11.23851363,2.247702726,cv
13.76837019994855,28,0.813,-0.01394375,-2.78875,11.33626875,2.2672537499999996,cv
13.791507499990985,28,0.813,-0.01379071,-2.758142,11.211847229999998,2.2423694459999997,cv
13.81459919991903,28,0.813,-0.01389638,-2.7792760000000003,11.29775694,2.259551388,cv
13.8368388999952,28,0.813,-0.01401297,-2.802594,11.39254461,2.278508922,cv
13.861287499894388,28,0.813,-0.01377068,-2.754136,11.19556284,2.239112568,cv
13.883943199994974,28,0.813,-0.01389091,-2.778182,11.293309829999998,2.258661966,cv
13.908764199935831,28,0.813,-0.01401115,-2.80223,11.39106495,2.27821299,cv
13.931074899970554,28,0.813,-0.01378889,-2.757778,11.210367569999999,2.242073514,cv
13.952936299960129,28,0.813,-0.01389092,-2.778184,11.293317959999998,2.258663592,cv
13.974784899968654,28,0.813,-0.01400022,-2.800044,11.38217886,2.276435772,cv
13.999714399920776,28,0.813,-0.01401297,-2.802594,11.39254461,2.278508922,cv
14.020871299901046,28,0.813,-0.01381986,-2.763972,11.235546179999998,2.2471092359999996,cv
14.047055899980478,28,0.813,-0.0138563,-2.7712600000000003,11.265171899999999,2.25303438,cv
14.069874299922958,28,0.813,-0.01378707,-2.757414,11.20888791,2.2417775819999997,cv
14.094526199973188,28,0.813,-0.0138399,-2.76798,11.251838699999999,2.2503677399999997,cv
14.11723789991811,28,0.813,-0.01400387,-2.8007739999999997,11.385146309999998,2.2770292619999997,cv
14.141048899968155,28,0.813,-0.01378889,-2.757778,11.210367569999999,2.242073514,cv
14.163983899983577,28,0.813,-0.01389092,-2.778184,11.293317959999998,2.258663592,cv
14.186896099941805,28,0.813,-0.01400933,-2.801866,11.389585290000001,2.277917058,cv
14.207872699946165,28,0.813,-0.01382897,-2.765794,11.24295261,2.2485905219999998,cv
14.233632299932651,29,0.813,-0.01377249,-2.754498,11.197034369999999,2.2394068739999997,cv
14.25608259998262,29,0.813,-0.01398565,-2.79713,11.370333449999999,2.2740666899999997,cv
14.283397499937564,29,0.813,-0.0138399,-2.76798,11.251838699999999,2.2503677399999997,cv
14.30634100001771,29,0.813,-0.01398565,-2.79713,11.370333449999999,2.2740666899999997,cv
14.330037000006996,29,0.813,-0.0138399,-2.76798,11.251838699999999,2.2503677399999997,cv
14.353199300006963,29,0.813,-0.01383262,-2.766524,11.24592006,2.2491840119999997,cv
14.376479799975641,29,0.813,-0.01399476,-2.798952,11.37773988,2.275547976,cv
14.399287999956869,29,0.813,-0.0138563,-2.7712600000000003,11.265171899999999,2.25303438,cv
14.421276699984446,29,0.813,-0.01381622,-2.7632440000000003,11.23258686,2.246517372,cv
14.44304259994533,29,0.813,-0.01388545,-2.7770900000000003,11.28887085,2.2577741700000002,cv
14.467302499921061,29,0.813,-0.01398383,-2.796766,11.36885379,2.273770758,cv
14.488867499982007,29,0.813,-0.01377614,-2.755228,11.200001819999997,2.2400003639999997,cv
14.514232899993658,29,0.813,-0.01377978,-2.7559560000000003,11.20296114,2.240592228,cv
14.537053599953651,29,0.813,-0.01400751,-2.801502,11.388105629999998,2.277621126,cv
14.56354239990469,29,0.813,-0.01377796,-2.755592,11.201481479999998,2.240296296,cv
14.586142599931918,29,0.813,-0.01398383,-2.796766,11.36885379,2.273770758,cv
14.61195819999557,29,0.813,-0.01382533,-2.765066,11.23999329,2.2479986579999998,cv
14.634648200008087,29,0.813,-0.01387634,-2.7752679999999996,11.281464419999999,2.2562928839999996,cv
14.657412400003523,29,0.813,-0.01401297,-2.802594,11.39254461,2.278508922,cv
14.679199800011702,29,0.813,-0.01379436,-2.758872,11.21481468,2.242962936,cv
14.702656299923547,29,0.813,-0.01381075,-2.76215,11.228139749999999,2.24562795,cv
14.724682200001553,30,0.813,-0.01393282,-2.786564,11.32738266,2.2654765319999997,cv
14.750895699951798,30,0.813,-0.0140148,-2.8029599999999997,11.394032399999999,2.2788064799999996,cv
14.7717805999564,30,0.813,-0.01384173,-2.768346,11.25332649,2.250665298,cv
14.795921699958853,30,0.813,-0.01388181,-2.7763619999999998,11.28591153,2.257182306,cv
14.816980700008571,30,0.813,-0.01396196,-2.7923920000000004,11.35107348,2.270214696,cv
14.842519499943592,30,0.813,-0.01385265,-2.77053,11.262204449999999,2.25244089,cv
14.864192400011234,30,0.813,-0.01391096,-2.7821919999999998,11.30961048,2.2619220959999997,cv
14.891338299959898,30,0.813,-0.01400387,-2.8007739999999997,11.385146309999998,2.2770292619999997,cv
14.91415099997539,30,0.813,-0.01387816,-2.7756320000000003,11.28294408,2.2565888160000003,cv
14.937261099927127,30,0.813,-0.01401115,-2.80223,11.39106495,2.27821299,cv
14.958978499984369,30,0.813,-0.0137816,-2.7563199999999997,11.2044408,2.2408881599999995,cv
14.98352339991834,30,0.813,-0.01377432,-2.754864,11.198522159999998,2.239704432,cv
15.005113199935295,30,0.813,-0.01397108,-2.794216,11.35848804,2.2716976079999998,cv
15.032405099947937,30,0.813,-0.01400933,-2.801866,11.389585290000001,2.277917058,cv
15.05523960001301,30,0.813,-0.01392735,-2.78547,11.32293555,2.26458711,cv
15.08003790001385,30,0.813,-0.01396561,-2.793122,11.35404093,2.2708081859999996,cv
15.102336399955675,30,0.813,-0.01379071,-2.758142,11.211847229999998,2.2423694459999997,cv
15.12694789993111,30,0.813,-0.01391642,-2.783284,11.31404946,2.262809892,cv
15.149062999989837,30,0.813,-0.01385812,-2.771624,11.266651559999998,2.253330312,cv
15.174521200009622,30,0.813,-0.01378889,-2.757778,11.210367569999999,2.242073514,cv
15.197382299927995,30,0.813,-0.01401844,-2.803688,11.396991719999999,2.279398344,cv
15.22255139995832,31,0.813,-0.01377067,-2.754134,11.19555471,2.239110942,cv
15.245282999938354,31,0.813,-0.01390549,-2.781098,11.305163369999999,2.261032674,cv
15.268108199932612,31,0.813,-0.01394557,-2.789114,11.33774841,2.267549682,cv
15.29039889993146,31,0.813,-0.01377068,-2.754136,11.19556284,2.239112568,cv
15.316679399926215,31,0.813,-0.01381804,-2.763608,11.234066519999999,2.246813304,cv
15.340046499972232,31,0.813,-0.01383626,-2.767252,11.248879379999998,2.2497758759999997,cv
15.363759299973026,31,0.813,-0.01377068,-2.754136,11.19556284,2.239112568,cv
15.386620199889876,31,0.813,-0.0139565,-2.7913,11.346634499999999,2.2693269,cv
15.411891299998388,31,0.813,-0.01384354,-2.7687079999999997,11.254798019999999,2.2509596039999997,cv
15.43349369999487,31,0.813,-0.01386177,-2.772354,11.269619010000001,2.2539238019999996,cv
15.455232599982992,31,0.813,-0.01395832,-2.791664,11.348114159999998,2.2696228319999996,cv
15.476052599959075,31,0.813,-0.01400022,-2.800044,11.38217886,2.276435772,cv
15.497157899895683,31,0.813,-0.01395103,-2.790206,11.34218739,2.2684374779999996,cv
15.518956499989145,31,0.813,-0.01384354,-2.7687079999999997,11.254798019999999,2.2509596039999997,cv
15.540246299933642,31,0.813,-0.01376339,-2.7526780000000004,11.18963607,2.2379272140000004,cv
15.567553699947894,31,0.813,-0.01378343,-2.7566859999999997,11.20592859,2.2411857179999997,cv
15.59033619996626,31,0.813,-0.01377249,-2.754498,11.197034369999999,2.2394068739999997,cv
15.614894699887373,31,0.813,-0.01381622,-2.7632440000000003,11.23258686,2.246517372,cv
15.636035899980925,31,0.813,-0.01398747,-2.797494,11.37181311,2.274362622,cv
15.660008699982427,31,0.813,-0.01394192,-2.7883839999999998,11.334780959999998,2.2669561919999994,cv
15.681345699937083,31,0.813,-0.01376521,-2.7530419999999998,11.19111573,2.2382231459999997,cv
15.706047599902377,32,0.813,-0.0138399,-2.76798,11.251838699999999,2.2503677399999997,cv
15.728042999980971,32,0.813,-0.01392735,-2.78547,11.32293555,2.26458711,cv
15.754307099967264,32,0.813,-0.01376156,-2.7523120000000003,11.188148279999998,2.237629656,cv
15.777416299912147,32,0.813,-0.01398747,-2.797494,11.37181311,2.274362622,cv
15.800976599915884,32,0.813,-0.01376885,-2.75377,11.194075049999999,2.2388150099999997,cv
15.823436199920252,32,0.813,-0.01380893,-2.761786,11.22666009,2.2453320179999996,cv
15.847457699943334,32,0.813,-0.01394921,-2.789842,11.34070773,2.268141546,cv
15.870403899927624,32,0.813,-0.01376703,-2.753406,11.19259539,2.238519078,cv
15.893592400010675,32,0.813,-0.01379618,-2.759236,11.21629434,2.243258868,cv
15.915586299961433,32,0.813,-0.01394921,-2.789842,11.34070773,2.268141546,cv
15.937951099942438,32,0.812,-0.01394556,-2.789112,11.32379472,2.264758944,cv
15.95929679996334,32,0.813,-0.01376157,-2.752314,11.188156410000001,2.237631282,cv
15.985141000011936,32,0.813,-0.01373788,-2.7475759999999996,11.16889644,2.2337792879999996,cv
16.006629499956034,32,0.813,-0.0139729,-2.79458,11.359967699999999,2.2719935399999995,cv
16.033967999974266,32,0.813,-0.01382351,-2.764702,11.23851363,2.247702726,cv
16.05696529999841,32,0.813,-0.013931,-2.7862,11.325903,2.2651806,cv
16.082085000001825,32,0.813,-0.01382897,-2.765794,11.24295261,2.2485905219999998,cv
16.10464229993522,32,0.813,-0.01382897,-2.765794,11.24295261,2.2485905219999998,cv
16.128140199929476,32,0.813,-0.01397107,-2.794214,11.35847991,2.2716959820000002,cv
16.150859199929982,32,0.813,-0.01374334,-2.748668,11.173335419999999,2.234667084,cv
16.175584699958563,32,0.813,-0.01379618,-2.759236,11.21629434,2.243258868,cv
16.19947809993755,33,0.813,-0.0138399,-2.76798,11.251838699999999,2.2503677399999997,cv
16.222520699957386,33,0.813,-0.01376703,-2.753406,11.19259539,2.238519078,cv
16.246122199925594,33,0.813,-0.01388363,-2.7767259999999996,11.28739119,2.2574782379999996,cv
16.26992139988579,33,0.813,-0.01394375,-2.78875,11.33626875,2.2672537499999996,cv
16.292651299969293,33,0.813,-0.01376521,-2.7530419999999998,11.19111573,2.2382231459999997,cv
16.319528199965134,33,0.813,-0.01387998,-2.775996,11.28442374,2.256884748,cv
16.34272739989683,33,0.813,-0.01375246,-2.750492,11.180749979999998,2.236149996,cv
16.365714799962007,33,0.813,-0.01387088,-2.7741759999999998,11.27702544,2.255405088,cv
16.38858289993368,33,0.813,-0.01393099,-2.786198,11.32589487,2.265178974,cv
16.41041139990557,33,0.813,-0.01371966,-2.743932,11.15408358,2.230816716,cv
16.43136979988776,33,0.813,-0.01374153,-2.7483060000000004,11.17186389,2.234372778,cv
16.456245399895124,33,0.813,-0.01379253,-2.758506,11.21332689,2.242665378,cv
16.477440999937244,33,0.813,-0.01393646,-2.787292,11.330341979999998,2.2660683959999997,cv
16.50334849988576,33,0.813,-0.01383626,-2.767252,11.248879379999998,2.2497758759999997,cv
16.52457109990064,33,0.813,-0.01387452,-2.7749040000000003,11.279984759999998,2.2559969520000003,cv
16.55231229995843,33,0.813,-0.01397107,-2.794214,11.35847991,2.2716959820000002,cv
16.57454569998663,33,0.813,-0.01383261,-2.766522,11.24591193,2.2491823859999998,cv
16.59771629993338,33,0.813,-0.01398747,-2.797494,11.37181311,2.274362622,cv
16.6194427999435,33,0.813,-0.01377249,-2.754498,11.197034369999999,2.2394068739999997,cv
16.64430349995382,33,0.813,-0.01374152,-2.748304,11.17185576,2.234371152,cv
16.666607199935243,33,0.813,-0.01390731,-2.7814620000000003,11.30664303,2.261328606,cv
16.691904299892485,34,0.813,-0.01382715,-2.76543,11.241472949999999,2.2482945899999995,cv
16.71406039991416,34,0.813,-0.01381622,-2.7632440000000003,11.23258686,2.246517372,cv
16.737680799909867,34,0.813,-0.01391096,-2.7821919999999998,11.30961048,2.2619220959999997,cv
16.760339699918404,34,0.813,-0.01374699,-2.7493980000000002,11.17630287,2.2352605740000002,cv
16.785812299931422,34,0.813,-0.01373424,-2.746848,11.165937119999999,2.233187424,cv
16.80898009997327,34,0.813,-0.01392371,-2.784742,11.319976229999998,2.263995246,cv
16.833069799933583,34,0.813,-0.01371784,-2.7435680000000002,11.152603919999999,2.230520784,cv
16.856069099972956,34,0.813,-0.0138563,-2.7712600000000003,11.265171899999999,2.25303438,cv
16.879612799966708,34,0.813,-0.01392553,-2.785106,11.32145589,2.2642911779999997,cv
16.90133119991515,34,0.813,-0.01373606,-2.747212,11.167416779999998,2.233483356,cv
16.9251250999514,34,0.813,-0.01376521,-2.7530419999999998,11.19111573,2.2382231459999997,cv
16.946465599932708,34,0.813,-0.01396196,-2.7923920000000004,11.35107348,2.270214696,cv
16.97325209993869,34,0.813,-0.01392735,-2.78547,11.32293555,2.26458711,cv
16.995639999979176,34,0.813,-0.01385994,-2.771988,11.268131219999997,2.253626244,cv
17.022476699901745,34,0.813,-0.01392553,-2.785106,11.32145589,2.2642911779999997,cv
17.044741999940015,34,0.813,-0.01380893,-2.761786,11.22666009,2.2453320179999996,cv
17.07053259992972,34,0.813,-0.0139565,-2.7913,11.346634499999999,2.2693269,cv
17.093960899976082,34,0.813,-0.01376885,-2.75377,11.194075049999999,2.2388150099999997,cv
17.117280299891718,34,0.813,-0.01390367,-2.780734,11.30368371,2.2607367419999997,cv
17.140197199885733,34,0.813,-0.01383079,-2.766158,11.24443227,2.248886454,cv
17.16597209998872,34,0.813,-0.0137233,-2.74466,11.1570429,2.23140858,cv
17.18988070008345,35,0.813,-0.01382168,-2.7643359999999997,11.23702584,2.247405168,cv
17.212588099995628,35,0.813,-0.01372877,-2.745754,11.161490009999998,2.232298002,cv
17.235597599996254,35,0.813,-0.01385266,-2.7705319999999998,11.262212579999998,2.2524425159999995,cv
17.2595571000129,35,0.813,-0.01392553,-2.785106,11.32145589,2.2642911779999997,cv
17.282616000040434,35,0.813,-0.01373606,-2.747212,11.167416779999998,2.233483356,cv
17.306007700040936,35,0.813,-0.01385448,-2.770896,11.26369224,2.2527384479999997,cv
17.329024800099432,35,0.813,-0.01392553,-2.785106,11.32145589,2.2642911779999997,cv
17.35339990002103,35,0.813,-0.01371784,-2.7435680000000002,11.152603919999999,2.230520784,cv
17.375623700092547,35,0.813,-0.01385266,-2.7705319999999998,11.262212579999998,2.2524425159999995,cv
17.40045860002283,35,0.813,-0.01393646,-2.787292,11.330341979999998,2.2660683959999997,cv
17.42153460008558,35,0.813,-0.01373424,-2.746848,11.165937119999999,2.233187424,cv
17.446314600063488,35,0.813,-0.01375792,-2.7515840000000003,11.185188959999998,2.237037792,cv
17.46757229999639,35,0.813,-0.01392735,-2.78547,11.32293555,2.26458711,cv
17.49246520001907,35,0.813,-0.01383626,-2.767252,11.248879379999998,2.2497758759999997,cv
17.513384100049734,35,0.813,-0.01380165,-2.76033,11.22074145,2.24414829,cv
17.538863299996592,35,0.813,-0.01384355,-2.76871,11.25480615,2.2509612299999997,cv
17.560468400013633,35,0.813,-0.0137142,-2.74284,11.149644599999998,2.22992892,cv
17.58685790002346,35,0.813,-0.01373606,-2.747212,11.167416779999998,2.233483356,cv
17.609621500014327,35,0.813,-0.01384172,-2.768344,11.253318359999998,2.250663672,cv
17.63534810009878,35,0.813,-0.01372149,-2.7442979999999997,11.155571369999999,2.2311142739999994,cv
17.658546600025147,35,0.813,-0.01394921,-2.789842,11.34070773,2.268141546,cv
17.683313299901783,36,0.813,-0.01371237,-2.742474,11.148156809999998,2.229631362,cv
17.705700899939984,36,0.813,-0.0138399,-2.76798,11.251838699999999,2.2503677399999997,cv
17.733052299940027,36,0.813,-0.01392371,-2.784742,11.319976229999998,2.263995246,cv
17.760995099903084,36,0.813,-0.01384355,-2.76871,11.25480615,2.2509612299999997,cv
17.783739399979822,36,0.813,-0.01375428,-2.750856,11.18222964,2.236445928,cv
17.808027499937452,36,0.813,-0.01387816,-2.7756320000000003,11.28294408,2.2565888160000003,cv
17.831171299912967,36,0.813,-0.01372513,-2.745026,11.15853069,2.231706138,cv
17.855274899979122,36,0.813,-0.01374335,-2.7486699999999997,11.173343549999998,2.23466871,cv
17.877831499907188,36,0.813,-0.01392735,-2.78547,11.32293555,2.26458711,cv
17.900593899888918,36,0.813,-0.01372877,-2.745754,11.161490009999998,2.232298002,cv
17.921819599927403,36,0.813,-0.01371055,-2.74211,11.146677149999999,2.22933543,cv
17.943699699942954,36,0.813,-0.01377978,-2.7559560000000003,11.20296114,2.240592228,cv
17.964829099946655,36,0.813,-0.01382533,-2.765066,11.23999329,2.2479986579999998,cv
17.98713509994559,36,0.813,-0.01393464,-2.786928,11.328862319999999,2.265772464,cv
18.013037399970926,36,0.813,-0.01381622,-2.7632440000000003,11.23258686,2.246517372,cv
18.03579999995418,36,0.813,-0.01383444,-2.7668880000000002,11.247399719999999,2.249479944,cv
18.059490299900062,36,0.813,-0.01391642,-2.783284,11.31404946,2.262809892,cv
18.081918499898165,36,0.813,-0.01370326,-2.740652,11.14075038,2.228150076,cv
18.10572869994212,36,0.813,-0.01378707,-2.757414,11.20888791,2.2417775819999997,cv
18.12791289994493,36,0.813,-0.01392917,-2.785834,11.32441521,2.2648830419999997,cv
18.153318999917246,36,0.813,-0.01372877,-2.745754,11.161490009999998,2.232298002,cv
18.177227499894798,37,0.813,-0.01387634,-2.7752679999999996,11.281464419999999,2.2562928839999996,cv
18.200300699914806,37,0.813,-0.01381075,-2.76215,11.228139749999999,2.24562795,cv
18.22295289998874,37,0.813,-0.01370327,-2.740654,11.14075851,2.228151702,cv
18.248264099936932,37,0.813,-0.01381622,-2.7632440000000003,11.23258686,2.246517372,cv
18.270777899888344,37,0.813,-0.01371602,-2.743204,11.15112426,2.2302248519999996,cv
18.296282299910672,37,0.813,-0.01369962,-2.739924,11.13779106,2.2275582119999995,cv
18.319221399957314,37,0.813,-0.01389638,-2.7792760000000003,11.29775694,2.259551388,cv
18.342938699992374,37,0.813,-0.01368505,-2.73701,11.12594565,2.22518913,cv
18.36643909988925,37,0.813,-0.0138144,-2.76288,11.231107199999999,2.24622144,cv
18.38871339999605,37,0.813,-0.01390549,-2.781098,11.305163369999999,2.261032674,cv
18.409817999927327,37,0.813,-0.01372513,-2.745026,11.15853069,2.231706138,cv
18.434580899891444,37,0.813,-0.01369416,-2.738832,11.133352079999998,2.2266704159999997,cv
18.45591899997089,37,0.813,-0.01387088,-2.7741759999999998,11.27702544,2.255405088,cv
18.482851599925198,37,0.813,-0.01391824,-2.7836480000000003,11.315529119999999,2.263105824,cv
18.503912699990906,37,0.813,-0.01377614,-2.755228,11.200001819999997,2.2400003639999997,cv
18.52980579994619,37,0.813,-0.01381804,-2.763608,11.234066519999999,2.246813304,cv
18.551396899973042,37,0.813,-0.01368323,-2.736646,11.12446599,2.2248931979999997,cv
18.577802499989048,37,0.813,-0.01373059,-2.746118,11.16296967,2.232593934,cv
18.599870499921963,37,0.813,-0.01380711,-2.761422,11.225180429999998,2.245036086,cv
18.627042899955995,37,0.813,-0.01368687,-2.737374,11.12742531,2.2254850619999997,cv
18.65010889992118,37,0.813,-0.01379071,-2.758142,11.211847229999998,2.2423694459999997,cv
18.673784699989483,38,0.813,-0.01368687,-2.737374,11.12742531,2.2254850619999997,cv
18.69493179989513,38,0.813,-0.01380893,-2.761786,11.22666009,2.2453320179999996,cv
18.718347299960442,38,0.813,-0.0138563,-2.7712600000000003,11.265171899999999,2.25303438,cv
18.740111299906857,38,0.813,-0.01371238,-2.742476,11.14816494,2.2296329879999996,cv
18.767867799964733,38,0.813,-0.01369962,-2.739924,11.13779106,2.2275582119999995,cv
18.790071499883197,38,0.813,-0.01371055,-2.74211,11.146677149999999,2.22933543,cv
18.81214819988236,38,0.813,-0.01369234,-2.738468,11.131872419999999,2.226374484,cv
18.83464059990365,38,0.813,-0.01376703,-2.753406,11.19259539,2.238519078,cv
18.86201409995556,38,0.813,-0.01386176,-2.772352,11.26961088,2.253922176,cv
18.8839932999108,38,0.813,-0.01376339,-2.7526780000000004,11.18963607,2.2379272140000004,cv
18.90665249992162,38,0.813,-0.01380165,-2.76033,11.22074145,2.24414829,cv
18.927988599985838,38,0.813,-0.01388727,-2.777454,11.29035051,2.258070102,cv
18.95387229998596,38,0.813,-0.01380164,-2.7603280000000003,11.220733319999999,2.244146664,cv
18.975249599898234,38,0.813,-0.01380165,-2.76033,11.22074145,2.24414829,cv
19.000028699985705,38,0.813,-0.01390184,-2.780368,11.302195919999999,2.260439184,cv
19.021017999970354,38,0.813,-0.0136814,-2.73628,11.1229782,2.2245956399999995,cv
19.047565699904226,38,0.813,-0.01369416,-2.738832,11.133352079999998,2.2266704159999997,cv
19.06944189989008,38,0.813,-0.01379253,-2.758506,11.21332689,2.242665378,cv
19.09722209989559,38,0.813,-0.01368141,-2.736282,11.12298633,2.224597266,cv
19.120173699920997,38,0.813,-0.01380347,-2.760694,11.22222111,2.244444222,cv
19.145313199958764,38,0.813,-0.01370327,-2.740654,11.14075851,2.228151702,cv
19.169097899924964,39,0.813,-0.01388545,-2.7770900000000003,11.28887085,2.2577741700000002,cv
19.192828999948688,39,0.813,-0.01367412,-2.734824,11.11705956,2.223411912,cv
19.215308899991214,39,0.813,-0.01376157,-2.752314,11.188156410000001,2.237631282,cv
19.23878299992066,39,0.813,-0.01390913,-2.781826,11.30812269,2.261624538,cv
19.261088299914263,39,0.813,-0.01369598,-2.739196,11.13483174,2.226966348,cv
19.287519299890846,39,0.813,-0.01367776,-2.735552,11.12001888,2.224003776,cv
19.310612899949774,39,0.813,-0.01378707,-2.757414,11.20888791,2.2417775819999997,cv
19.33308099990245,39,0.813,-0.01368141,-2.736282,11.12298633,2.224597266,cv
19.355091499979608,39,0.813,-0.01375246,-2.750492,11.180749979999998,2.236149996,cv
19.376907899975777,39,0.813,-0.01384901,-2.769802,11.25924513,2.251849026,cv
19.39807159989141,39,0.813,-0.01387452,-2.7749040000000003,11.279984759999998,2.2559969520000003,cv
19.42225469998084,39,0.813,-0.01378525,-2.7570500000000004,11.20740825,2.2414816500000003,cv
19.44454409996979,39,0.813,-0.01375245,-2.75049,11.180741849999999,2.23614837,cv
19.469418599968776,39,0.813,-0.01385084,-2.770168,11.260732919999999,2.2521465839999997,cv
19.491227599908598,39,0.813,-0.01367047,-2.734094,11.11409211,2.2228184219999996,cv
19.51552619994618,39,0.813,-0.01367776,-2.735552,11.12001888,2.224003776,cv
19.536928899935447,39,0.813,-0.01390367,-2.780734,11.30368371,2.2607367419999997,cv
19.558193999924697,39,0.813,-0.0138818,-2.77636,11.285903399999999,2.25718068,cv
19.579191999975592,39,0.813,-0.01379253,-2.758506,11.21332689,2.242665378,cv
19.600017999997362,39,0.813,-0.01370144,-2.740288,11.13927072,2.2278541439999997,cv
19.621717599919066,39,0.813,-0.01367594,-2.735188,11.118539219999999,2.2237078439999998,cv
19.644493300118484,40,0.813,-0.01372149,-2.7442979999999997,11.155571369999999,2.2311142739999994,cv
19.667264600051567,40,0.813,-0.01383808,-2.7676160000000003,11.25035904,2.250071808,cv
19.691014400101267,40,0.813,-0.01375974,-2.7519479999999996,11.186668619999999,2.2373337239999995,cv
19.71336760011036,40,0.813,-0.01366683,-2.7333659999999997,11.11113279,2.2222265579999996,cv
19.73821570002474,40,0.813,-0.01379618,-2.759236,11.21629434,2.243258868,cv
19.76028990012128,40,0.813,-0.01377249,-2.754498,11.197034369999999,2.2394068739999997,cv
19.78452870005276,40,0.813,-0.01367047,-2.734094,11.11409211,2.2228184219999996,cv
19.80599180003628,40,0.813,-0.0138399,-2.76798,11.251838699999999,2.2503677399999997,cv
19.829724200069904,40,0.813,-0.01389273,-2.778546,11.29478949,2.258957898,cv
19.85121190000791,40,0.813,-0.01366136,-2.732272,11.10668568,2.221337136,cv
19.87751450005453,40,0.813,-0.01367594,-2.735188,11.118539219999999,2.2237078439999998,cv
19.899555300013162,40,0.813,-0.01377978,-2.7559560000000003,11.20296114,2.240592228,cv
19.926075200084597,40,0.813,-0.01366318,-2.7326360000000003,11.10816534,2.221633068,cv
19.948353000101633,40,0.813,-0.0138982,-2.7796399999999997,11.299236599999999,2.2598473199999995,cv
19.973637800081633,40,0.813,-0.01369416,-2.738832,11.133352079999998,2.2266704159999997,cv
19.996371900080703,40,0.813,-0.01379436,-2.758872,11.21481468,2.242962936,cv
20.01837740011979,40,0.813,-0.01385994,-2.771988,11.268131219999997,2.253626244,cv
20.040629200055264,40,0.813,-0.01368869,-2.737738,11.128904969999999,2.2257809939999995,cv
20.06717400008347,40,0.813,-0.01367594,-2.735188,11.118539219999999,2.2237078439999998,cv
20.089505600044504,40,0.813,-0.01386176,-2.772352,11.26961088,2.253922176,cv
20.114591700024903,40,0.813,-0.01364314,-2.7286279999999996,11.091872819999999,2.2183745639999994,cv
20.138377499883063,41,0.813,-0.01388545,-2.7770900000000003,11.28887085,2.2577741700000002,cv
20.1614257999463,41,0.813,-0.01368322,-2.7366439999999996,11.12445786,2.2248915719999998,cv
20.184399399906397,41,0.813,-0.01370326,-2.740652,11.14075038,2.228150076,cv
20.20799389993772,41,0.813,-0.01383626,-2.767252,11.248879379999998,2.2497758759999997,cv
20.229159399983473,41,0.813,-0.01377249,-2.754498,11.197034369999999,2.2394068739999997,cv
20.25369679997675,41,0.813,-0.01367047,-2.734094,11.11409211,2.2228184219999996,cv
20.27513199998066,41,0.813,-0.01377432,-2.754864,11.198522159999998,2.239704432,cv
20.301595899974927,41,0.813,-0.01383079,-2.766158,11.24443227,2.248886454,cv
20.323296499904245,41,0.813,-0.0136978,-2.73956,11.1363114,2.2272622799999997,cv
20.347637599916197,41,0.813,-0.01373606,-2.747212,11.167416779999998,2.233483356,cv
20.369326399988495,41,0.813,-0.01376521,-2.7530419999999998,11.19111573,2.2382231459999997,cv
20.394684099941514,41,0.813,-0.01366865,-2.73373,11.112612449999999,2.22252249,cv
20.41649479989428,41,0.813,-0.01381804,-2.763608,11.234066519999999,2.246813304,cv
20.443776199943386,41,0.813,-0.01385265,-2.77053,11.262204449999999,2.25244089,cv
20.46654239995405,41,0.813,-0.0137725,-2.7545,11.197042499999998,2.2394085,cv
20.490656799986027,41,0.813,-0.01384537,-2.769074,11.25628581,2.2512571619999995,cv
20.513567099929787,41,0.813,-0.01364497,-2.7289939999999997,11.093360609999998,2.2186721219999996,cv
20.539974099956453,41,0.813,-0.01376703,-2.753406,11.19259539,2.238519078,cv
20.562579699908383,41,0.813,-0.01364861,-2.7297219999999998,11.09631993,2.2192639859999996,cv
20.58568659995217,41,0.813,-0.01373606,-2.747212,11.167416779999998,2.233483356,cv
20.609403799986467,41,0.813,-0.0138818,-2.77636,11.285903399999999,2.25718068,cv
20.632954999920912,42,0.813,-0.01363586,-2.727172,11.08595418,2.217190836,cv
20.655690099927597,42,0.813,-0.01372513,-2.745026,11.15853069,2.231706138,cv
20.67996909993235,42,0.813,-0.01387452,-2.7749040000000003,11.279984759999998,2.2559969520000003,cv
20.702873699949123,42,0.813,-0.0136395,-2.7279,11.0889135,2.2177827,cv
20.725985699915327,42,0.813,-0.01372149,-2.7442979999999997,11.155571369999999,2.2311142739999994,cv
20.74890299991239,42,0.813,-0.01386723,-2.773446,11.27405799,2.254811598,cv
20.772044499986805,42,0.813,-0.0136395,-2.7279,11.0889135,2.2177827,cv
20.79464419989381,42,0.813,-0.01367594,-2.735188,11.118539219999999,2.2237078439999998,cv
20.81988939992152,42,0.813,-0.01381258,-2.762516,11.22962754,2.245925508,cv
20.841811399906874,42,0.813,-0.01362675,-2.7253499999999997,11.078547749999998,2.2157095499999997,cv
20.863287799991667,42,0.813,-0.01367412,-2.734824,11.11705956,2.223411912,cv
20.88432469998952,42,0.813,-0.01371055,-2.74211,11.146677149999999,2.22933543,cv
20.90546819998417,42,0.813,-0.01375428,-2.750856,11.18222964,2.236445928,cv
20.926737599889748,42,0.813,-0.01380711,-2.761422,11.225180429999998,2.245036086,cv
20.949669999885373,42,0.813,-0.01384172,-2.768344,11.253318359999998,2.250663672,cv
20.97695369995199,42,0.813,-0.0136395,-2.7279,11.0889135,2.2177827,cv
20.998990199994296,42,0.813,-0.01385265,-2.77053,11.262204449999999,2.25244089,cv
21.02200539992191,42,0.813,-0.01365772,-2.731544,11.10372636,2.220745272,cv
21.044241999974474,42,0.813,-0.01368505,-2.73701,11.12594565,2.22518913,cv
21.069122099899687,42,0.813,-0.01376703,-2.753406,11.19259539,2.238519078,cv
21.091552799916826,42,0.813,-0.01365954,-2.731908,11.105206019999999,2.2210412039999996,cv
21.11710320005659,43,0.813,-0.01367047,-2.734094,11.11409211,2.2228184219999996,cv
21.1395495000761,43,0.813,-0.01382533,-2.765066,11.23999329,2.2479986579999998,cv
21.16269440005999,43,0.813,-0.01364497,-2.7289939999999997,11.093360609999998,2.2186721219999996,cv
21.185055600013584,43,0.813,-0.0136978,-2.73956,11.1363114,2.2272622799999997,cv
21.21037010010332,43,0.813,-0.01379254,-2.758508,11.213335019999999,2.242667004,cv
21.23207380005624,43,0.813,-0.01361217,-2.722434,11.066694209999998,2.2133388419999998,cv
21.257424700073898,43,0.813,-0.01367047,-2.734094,11.11409211,2.2228184219999996,cv
21.279733000090346,43,0.813,-0.01382168,-2.7643359999999997,11.23702584,2.247405168,cv
21.303421500022523,43,0.813,-0.01362311,-2.724622,11.07558843,2.215117686,cv
21.324412300018594,43,0.813,-0.01371055,-2.74211,11.146677149999999,2.22933543,cv
21.35019790008664,43,0.813,-0.01375974,-2.7519479999999996,11.186668619999999,2.2373337239999995,cv
21.37165320001077,43,0.813,-0.01362675,-2.7253499999999997,11.078547749999998,2.2157095499999997,cv
21.392942000064068,43,0.813,-0.01363768,-2.7275359999999997,11.08743384,2.2174867679999997,cv
21.417724100057967,43,0.813,-0.01370509,-2.741018,11.142238169999999,2.2284476339999997,cv
21.43966930010356,43,0.813,-0.01374699,-2.7493980000000002,11.17630287,2.2352605740000002,cv
21.462615700089373,43,0.813,-0.01365772,-2.731544,11.10372636,2.220745272,cv
21.483995600021444,43,0.813,-0.01366683,-2.7333659999999997,11.11113279,2.2222265579999996,cv
21.50806260004174,43,0.813,-0.01374517,-2.749034,11.17482321,2.234964642,cv
21.529977600090206,43,0.813,-0.01372148,-2.744296,11.15556324,2.231112648,cv
21.55674590007402,43,0.813,-0.013614,-2.7228,11.068182,2.2136364,cv
21.57912590005435,43,0.813,-0.01384172,-2.768344,11.253318359999998,2.250663672,cv
21.6017960999161,44,0.813,-0.01366318,-2.7326360000000003,11.10816534,2.221633068,cv
21.62369789998047,44,0.813,-0.01367776,-2.735552,11.12001888,2.224003776,cv
21.64863799989689,44,0.813,-0.01370691,-2.7413819999999998,11.143717829999998,2.2287435659999995,cv
21.670001599937677,44,0.813,-0.01374517,-2.749034,11.17482321,2.234964642,cv
21.696665499941446,44,0.813,-0.01362857,-2.725714,11.080027409999998,2.216005482,cv
21.718484199955128,44,0.813,-0.01385812,-2.771624,11.266651559999998,2.253330312,cv
21.7435589999659,44,0.813,-0.01374517,-2.749034,11.17482321,2.234964642,cv
21.765905399923213,44,0.813,-0.01368323,-2.736646,11.12446599,2.2248931979999997,cv
21.79210979992058,44,0.813,-0.01383079,-2.766158,11.24443227,2.248886454,cv
21.81394459994044,44,0.813,-0.01364679,-2.7293580000000004,11.094840269999999,2.2189680540000003,cv
21.83716110000387,44,0.813,-0.01373242,-2.746484,11.16445746,2.232891492,cv
21.85852679994423,44,0.813,-0.01383079,-2.766158,11.24443227,2.248886454,cv
21.88305709999986,44,0.813,-0.01374517,-2.749034,11.17482321,2.234964642,cv
21.90483209991362,44,0.813,-0.01369962,-2.739924,11.13779106,2.2275582119999995,cv
21.932829799945466,44,0.813,-0.01379436,-2.758872,11.21481468,2.242962936,cv
21.95591069990769,44,0.813,-0.01370691,-2.7413819999999998,11.143717829999998,2.2287435659999995,cv
21.98067929991521,44,0.813,-0.01385994,-2.771988,11.268131219999997,2.253626244,cv
22.002879199921153,44,0.813,-0.01363404,-2.726808,11.08447452,2.216894904,cv
22.02709699992556,44,0.813,-0.0136978,-2.73956,11.1363114,2.2272622799999997,cv
22.04989049991127,44,0.813,-0.01383626,-2.767252,11.248879379999998,2.2497758759999997,cv
22.07428830000572,44,0.813,-0.01362129,-2.724258,11.074108769999999,2.214821754,cv
22.098213999997824,45,0.813,-0.01379618,-2.759236,11.21629434,2.243258868,cv
22.12145730003249,45,0.813,-0.01375245,-2.75049,11.180741849999999,2.23614837,cv
22.144083700026385,45,0.813,-0.01362857,-2.725714,11.080027409999998,2.216005482,cv
22.168843500083312,45,0.813,-0.0137397,-2.7479400000000003,11.170376099999999,2.2340752200000003,cv
22.192150100017898,45,0.813,-0.01365043,-2.730086,11.09779959,2.219559918,cv
22.215009700041264,45,0.813,-0.01366865,-2.73373,11.112612449999999,2.22252249,cv
22.23807800002396,45,0.813,-0.01380165,-2.76033,11.22074145,2.24414829,cv
22.261954400106333,45,0.813,-0.01375428,-2.750856,11.18222964,2.236445928,cv
22.285144600085914,45,0.813,-0.01365226,-2.730452,11.09928738,2.219857476,cv
22.308523400104605,45,0.813,-0.01378889,-2.757778,11.210367569999999,2.242073514,cv
22.329748500022106,45,0.813,-0.0137397,-2.7479400000000003,11.170376099999999,2.2340752200000003,cv
22.353634000057355,45,0.813,-0.01364314,-2.7286279999999996,11.091872819999999,2.2183745639999994,cv
22.374869200051762,45,0.813,-0.01369051,-2.738102,11.130384629999998,2.2260769259999997,cv
22.402156100026332,45,0.813,-0.0137397,-2.7479400000000003,11.170376099999999,2.2340752200000003,cv
22.42497050005477,45,0.813,-0.01366136,-2.732272,11.10668568,2.221337136,cv
22.448149700067006,45,0.813,-0.01379618,-2.759236,11.21629434,2.243258868,cv
22.470044500078075,45,0.813,-0.01375792,-2.7515840000000003,11.185188959999998,2.237037792,cv
22.495955200050958,45,0.813,-0.01362675,-2.7253499999999997,11.078547749999998,2.2157095499999997,cv
22.518675700062886,45,0.813,-0.01384172,-2.768344,11.253318359999998,2.250663672,cv
22.54430940002203,45,0.813,-0.0137561,-2.75122,11.183709299999999,2.23674186,cv
22.56740759999957,45,0.813,-0.01374335,-2.7486699999999997,11.173343549999998,2.23466871,cv
22.592177199898288,46,0.813,-0.0137561,-2.75122,11.183709299999999,2.23674186,cv
22.615460399887525,46,0.813,-0.01365772,-2.731544,11.10372636,2.220745272,cv
22.638599299942143,46,0.813,-0.01378343,-2.7566859999999997,11.20592859,2.2411857179999997,cv
22.66133379994426,46,0.813,-0.01374152,-2.748304,11.17185576,2.234371152,cv
22.68595919990912,46,0.813,-0.013614,-2.7228,11.068182,2.2136364,cv
22.70789589988999,46,0.813,-0.01382351,-2.764702,11.23851363,2.247702726,cv
22.7303328999551,46,0.813,-0.01382533,-2.765066,11.23999329,2.2479986579999998,cv
22.753121099900454,46,0.813,-0.013614,-2.7228,11.068182,2.2136364,cv
22.778217599960044,46,0.813,-0.01367412,-2.734824,11.11705956,2.223411912,cv
22.800406199879944,46,0.813,-0.01374334,-2.748668,11.173335419999999,2.234667084,cv
22.822130599990487,46,0.813,-0.01361946,-2.723892,11.07262098,2.214524196,cv
22.84371929988265,46,0.813,-0.01365954,-2.731908,11.105206019999999,2.2210412039999996,cv
22.869031799957156,46,0.813,-0.0136978,-2.73956,11.1363114,2.2272622799999997,cv
22.89103889989201,46,0.813,-0.01365408,-2.730816,11.10076704,2.220153408,cv
22.915774699882604,46,0.813,-0.01362857,-2.725714,11.080027409999998,2.216005482,cv
22.93695649993606,46,0.813,-0.01379253,-2.758506,11.21332689,2.242665378,cv
22.963968299911357,46,0.813,-0.01384354,-2.7687079999999997,11.254798019999999,2.2509596039999997,cv
22.987021699897014,46,0.813,-0.01373606,-2.747212,11.167416779999998,2.233483356,cv
23.01002529996913,46,0.813,-0.01382533,-2.765066,11.23999329,2.2479986579999998,cv
23.03197009989526,46,0.813,-0.01360306,-2.720612,11.05928778,2.211857556,cv
23.05307449994143,46,0.813,-0.01362493,-2.7249860000000004,11.07706809,2.215413618,cv
23.07589969993569,47,0.813,-0.01369051,-2.738102,11.130384629999998,2.2260769259999997,cv
23.098150399979204,47,0.813,-0.01378343,-2.7566859999999997,11.20592859,2.2411857179999997,cv
23.121826999937184,47,0.813,-0.01374881,-2.749762,11.17778253,2.235556506,cv
23.143976599909365,47,0.813,-0.01362493,-2.7249860000000004,11.07706809,2.215413618,cv
23.169838499976322,47,0.813,-0.01369051,-2.738102,11.130384629999998,2.2260769259999997,cv
23.191991099971347,47,0.813,-0.01365408,-2.730816,11.10076704,2.220153408,cv
23.217605599900708,47,0.813,-0.01363039,-2.726078,11.081507069999997,2.2163014139999997,cv
23.240000499994494,47,0.813,-0.01384354,-2.7687079999999997,11.254798019999999,2.2509596039999997,cv
23.265607599983923,47,0.813,-0.01366501,-2.733002,11.10965313,2.221930626,cv
23.28727189998608,47,0.813,-0.0137816,-2.7563199999999997,11.2044408,2.2408881599999995,cv
23.310179099906236,47,0.813,-0.01383079,-2.766158,11.24443227,2.248886454,cv
23.331874599913135,47,0.813,-0.01362129,-2.724258,11.074108769999999,2.214821754,cv
23.352856499957852,47,0.813,-0.01362675,-2.7253499999999997,11.078547749999998,2.2157095499999997,cv
23.374809099943377,47,0.813,-0.01365043,-2.730086,11.09779959,2.219559918,cv
23.39721969992388,47,0.813,-0.01372513,-2.745026,11.15853069,2.231706138,cv
23.42345999996178,47,0.813,-0.01381986,-2.763972,11.235546179999998,2.2471092359999996,cv
23.446201299899258,47,0.813,-0.01367958,-2.735916,11.12149854,2.2242997079999998,cv
23.470566499978304,47,0.813,-0.01382715,-2.76543,11.241472949999999,2.2482945899999995,cv
23.49204749998171,47,0.813,-0.01361035,-2.72207,11.065214549999999,2.21304291,cv
23.51552059990354,47,0.813,-0.01361764,-2.723528,11.07114132,2.214228264,cv
23.537670799996704,47,0.813,-0.0137725,-2.7545,11.197042499999998,2.2394085,cv
23.564919300028123,48,0.813,-0.01375063,-2.750126,11.17926219,2.2358524379999998,cv
23.58718010003213,48,0.813,-0.01374335,-2.7486699999999997,11.173343549999998,2.23466871,cv
23.6119941000361,48,0.813,-0.01383626,-2.767252,11.248879379999998,2.2497758759999997,cv
23.632872700109147,48,0.813,-0.013614,-2.7228,11.068182,2.2136364,cv
23.65678540011868,48,0.813,-0.01364133,-2.728266,11.090401289999999,2.218080258,cv
23.678133200039156,48,0.813,-0.01382897,-2.765794,11.24295261,2.2485905219999998,cv
23.699483700096607,48,0.813,-0.01382168,-2.7643359999999997,11.23702584,2.247405168,cv
23.72206260007806,48,0.813,-0.01363221,-2.726442,11.08298673,2.216597346,cv
23.744455100037158,48,0.813,-0.01360307,-2.7206140000000003,11.05929591,2.211859182,cv
23.766545600024983,48,0.813,-0.01370144,-2.740288,11.13927072,2.2278541439999997,cv
23.787920500035398,48,0.813,-0.013798,-2.7596,11.217773999999999,2.2435547999999996,cv
23.811465300037526,48,0.813,-0.01380164,-2.7603280000000003,11.220733319999999,2.244146664,cv
23.83308200002648,48,0.813,-0.01360125,-2.72025,11.05781625,2.2115632499999998,cv
23.85789140011184,48,0.813,-0.01363222,-2.726444,11.08299486,2.216598972,cv
23.880418200045824,48,0.813,-0.01380893,-2.761786,11.22666009,2.2453320179999996,cv
23.908677800092846,48,0.813,-0.01359395,-2.7187900000000003,11.051881349999999,2.2103762700000003,cv
23.929922500043176,48,0.813,-0.01373059,-2.746118,11.16296967,2.232593934,cv
23.951395800104365,48,0.813,-0.01363039,-2.726078,11.081507069999997,2.2163014139999997,cv
23.973003300023265,48,0.813,-0.01360853,-2.721706,11.06373489,2.212746978,cv
23.999319900060073,48,0.813,-0.01364315,-2.72863,11.091880949999998,2.21837619,cv
24.020897400099784,48,0.813,-0.01362675,-2.7253499999999997,11.078547749999998,2.2157095499999997,cv
24.04628349991981,49,0.813,-0.01358485,-2.7169700000000003,11.04448305,2.20889661,cv
24.068194499937817,49,0.813,-0.01381257,-2.762514,11.22961941,2.2459238819999996,cv
24.093729199958034,49,0.813,-0.01380711,-2.761422,11.225180429999998,2.245036086,cv
24.116346399998292,49,0.813,-0.01365954,-2.731908,11.105206019999999,2.2210412039999996,cv
24.141569199971855,49,0.813,-0.01380711,-2.761422,11.225180429999998,2.245036086,cv
24.165101199992932,49,0.813,-0.01359031,-2.7180619999999998,11.048922029999998,2.209784406,cv
24.187813199940138,49,0.813,-0.01369962,-2.739924,11.13779106,2.2275582119999995,cv
24.20923459995538,49,0.813,-0.01379436,-2.758872,11.21481468,2.242962936,cv
24.233980599907227,49,0.812,-0.01372148,-2.744296,11.14184176,2.228368352,cv
24.255128699936904,49,0.813,-0.01366501,-2.733002,11.10965313,2.221930626,cv
24.28142549993936,49,0.813,-0.01370327,-2.740654,11.14075851,2.228151702,cv
24.303296099998988,49,0.813,-0.01360307,-2.7206140000000003,11.05929591,2.211859182,cv
24.328429499990307,49,0.813,-0.01363768,-2.7275359999999997,11.08743384,2.2174867679999997,cv
24.351608199998736,49,0.813,-0.01373424,-2.746848,11.165937119999999,2.233187424,cv
24.37758839991875,49,0.813,-0.01360489,-2.7209779999999997,11.060775569999999,2.2121551139999998,cv
24.40036979992874,49,0.813,-0.01380893,-2.761786,11.22666009,2.2453320179999996,cv
24.426516699953936,49,0.813,-0.01358485,-2.7169700000000003,11.04448305,2.20889661,cv
24.449385799933225,49,0.813,-0.013798,-2.7596,11.217773999999999,2.2435547999999996,cv
24.47287709999364,49,0.813,-0.01361035,-2.72207,11.065214549999999,2.21304291,cv
24.49429439997766,49,0.813,-0.01361946,-2.723892,11.07262098,2.214524196,cv
24.518678899970837,49,0.813,-0.01364861,-2.7297219999999998,11.09631993,2.2192639859999996,cv
24.54115959990304,50,0.813,-0.01370326,-2.740652,11.14075038,2.228150076,cv
24.567822400014848,50,0.813,-0.01358302,-2.716604,11.04299526,2.208599052,cv
24.590658099972643,50,0.813,-0.01381257,-2.762514,11.22961941,2.2459238819999996,cv
24.615565399988554,50,0.813,-0.01360125,-2.72025,11.05781625,2.2115632499999998,cv
24.63888829993084,50,0.813,-0.01376338,-2.752676,11.189627940000001,2.237925588,cv
24.661412599962205,50,0.813,-0.01373059,-2.746118,11.16296967,2.232593934,cv
24.684737999923527,50,0.813,-0.01360124,-2.720248,11.05780812,2.2115616240000002,cv
24.71087039995473,50,0.813,-0.01371602,-2.743204,11.15112426,2.2302248519999996,cv
24.733369799912907,50,0.813,-0.01359214,-2.7184280000000003,11.050409819999999,2.210081964,cv
24.755289099994116,50,0.813,-0.01366137,-2.7322740000000003,11.10669381,2.2213387620000002,cv
24.776280999998562,50,0.813,-0.01369598,-2.739196,11.13483174,2.226966348,cv
24.800132800010033,50,0.813,-0.01373606,-2.747212,11.167416779999998,2.233483356,cv
24.82123529992532,50,0.813,-0.01361217,-2.722434,11.066694209999998,2.2133388419999998,cv
24.842817900003865,50,0.813,-0.01356845,-2.7136899999999997,11.031149849999998,2.2062299699999994,cv
24.865993999992497,50,0.813,-0.01360307,-2.7206140000000003,11.05929591,2.211859182,cv
24.888456099899486,50,0.813,-0.01373242,-2.746484,11.16445746,2.232891492,cv
24.91287989995908,50,0.813,-0.01369962,-2.739924,11.13779106,2.2275582119999995,cv
24.934567699907348,50,0.813,-0.01360853,-2.721706,11.06373489,2.212746978,cv
24.958388699917123,50,0.813,-0.01369234,-2.738468,11.131872419999999,2.226374484,cv
24.97934029996395,50,0.813,-0.01379982,-2.759964,11.21925366,2.243850732,cv
25.005583299905993,50,0.813,-0.0137233,-2.74466,11.1570429,2.23140858,cv
25.02919639996253,51,0.813,-0.0137561,-2.75122,11.183709299999999,2.23674186,cv
25.053650299902074,51,0.813,-0.01371602,-2.743204,11.15112426,2.2302248519999996,cv
25.07782479992602,51,0.813,-0.01366319,-2.732638,11.10817347,2.221634694,cv
25.1003135999199,51,0.813,-0.01380893,-2.761786,11.22666009,2.2453320179999996,cv
25.123131299973466,51,0.813,-0.01361764,-2.723528,11.07114132,2.214228264,cv
25.14675710001029,51,0.813,-0.01361217,-2.722434,11.066694209999998,2.2133388419999998,cv
25.1694801999256,51,0.813,-0.0137816,-2.7563199999999997,11.2044408,2.2408881599999995,cv
25.193471299950033,51,0.813,-0.0135976,-2.71952,11.054848799999998,2.21096976,cv
25.2164172999328,51,0.813,-0.01363586,-2.727172,11.08595418,2.217190836,cv
25.23874189995695,51,0.813,-0.01378707,-2.757414,11.20888791,2.2417775819999997,cv
25.26035919995047,51,0.813,-0.01369962,-2.739924,11.13779106,2.2275582119999995,cv
25.285580099909566,51,0.813,-0.01360489,-2.7209779999999997,11.060775569999999,2.2121551139999998,cv
25.3075225999346,51,0.813,-0.01372877,-2.745754,11.161490009999998,2.232298002,cv
25.33398369990755,51,0.813,-0.01379071,-2.758142,11.211847229999998,2.2423694459999997,cv
25.355270499945618,51,0.813,-0.0136559,-2.73118,11.1022467,2.22044934,cv
25.379429299966432,51,0.813,-0.01369598,-2.739196,11.13483174,2.226966348,cv
25.40085179999005,51,0.813,-0.01371602,-2.743204,11.15112426,2.2302248519999996,cv
25.42753659992013,51,0.813,-0.01358485,-2.7169700000000003,11.04448305,2.20889661,cv
25.45065649994649,51,0.813,-0.01379436,-2.758872,11.21481468,2.242962936,cv
25.47429529996589,51,0.813,-0.01357391,-2.714782,11.035588829999998,2.207117766,cv
25.496269299997948,51,0.813,-0.01365043,-2.730086,11.09779959,2.219559918,cv
25.520241799997166,52,0.813,-0.01379436,-2.758872,11.21481468,2.242962936,cv
25.54232599993702,52,0.813,-0.01359395,-2.7187900000000003,11.051881349999999,2.2103762700000003,cv
25.568363299942575,52,0.813,-0.01356481,-2.712962,11.02819053,2.205638106,cv
25.590911999926902,52,0.813,-0.01378889,-2.757778,11.210367569999999,2.242073514,cv
25.615255099954084,52,0.813,-0.01357756,-2.715512,11.03855628,2.2077112559999996,cv
25.637944199959747,52,0.813,-0.01368687,-2.737374,11.12742531,2.2254850619999997,cv
25.65946409991011,52,0.813,-0.01377978,-2.7559560000000003,11.20296114,2.240592228,cv
25.68047319992911,52,0.813,-0.0136978,-2.73956,11.1363114,2.2272622799999997,cv
25.70651759998873,52,0.813,-0.01360306,-2.720612,11.05928778,2.211857556,cv
25.72736719995737,52,0.813,-0.01373788,-2.7475759999999996,11.16889644,2.2337792879999996,cv
25.753012700006366,52,0.813,-0.01380164,-2.7603280000000003,11.220733319999999,2.244146664,cv
25.774731899960898,52,0.813,-0.01361946,-2.723892,11.07262098,2.214524196,cv
25.801529399934225,52,0.813,-0.01368687,-2.737374,11.12742531,2.2254850619999997,cv
25.823691900004633,52,0.813,-0.01357209,-2.7144179999999998,11.034109169999999,2.206821834,cv
25.848385599907488,52,0.813,-0.01365043,-2.730086,11.09779959,2.219559918,cv
25.87077129993122,52,0.812,-0.01377613,-2.7552259999999995,11.18621756,2.2372435119999996,cv
25.895552899921313,52,0.813,-0.01355752,-2.711504,11.02226376,2.204452752,cv
25.918724599992856,52,0.813,-0.01372877,-2.745754,11.161490009999998,2.232298002,cv
25.942555799963884,52,0.812,-0.01369051,-2.738102,11.116694120000002,2.2233388240000003,cv
25.964528099983,52,0.813,-0.01356298,-2.7125960000000005,11.02670274,2.205340548,cv
25.98777079989668,52,0.813,-0.01363039,-2.726078,11.081507069999997,2.2163014139999997,cv
26.00959549995605,53,0.813,-0.01377249,-2.754498,11.197034369999999,2.2394068739999997,cv
26.03439539996907,53,0.813,-0.01369051,-2.738102,11.130384629999998,2.2260769259999997,cv
26.056291199987754,53,0.813,-0.01362675,-2.7253499999999997,11.078547749999998,2.2157095499999997,cv
26.082922899979167,53,0.813,-0.01373424,-2.746848,11.165937119999999,2.233187424,cv
26.106046199915,53,0.813,-0.013614,-2.7228,11.068182,2.2136364,cv
26.13147709995974,53,0.813,-0.01374335,-2.7486699999999997,11.173343549999998,2.23466871,cv
26.154044799972326,53,0.813,-0.01356663,-2.713326,11.02967019,2.2059340379999997,cv
26.177160099963658,53,0.813,-0.01364315,-2.72863,11.091880949999998,2.21837619,cv
26.199791899998672,53,0.813,-0.01379253,-2.758506,11.21332689,2.242665378,cv
26.221839700010605,53,0.813,-0.01359942,-2.7198839999999995,11.05632846,2.2112656919999996,cv
26.243604699964635,53,0.813,-0.01357027,-2.714054,11.03262951,2.2065259019999997,cv
26.267831499921158,53,0.813,-0.01360125,-2.72025,11.05781625,2.2115632499999998,cv
26.289676899905317,53,0.813,-0.01376156,-2.7523120000000003,11.188148279999998,2.237629656,cv
26.318802299909294,53,0.813,-0.01366318,-2.7326360000000003,11.10816534,2.221633068,cv
26.340683799935505,53,0.813,-0.0136814,-2.73628,11.1229782,2.2245956399999995,cv
26.3632845999673,53,0.813,-0.01358485,-2.7169700000000003,11.04448305,2.20889661,cv
26.3858894999139,53,0.813,-0.01359578,-2.719156,11.05336914,2.2106738279999996,cv
26.410823000012897,53,0.813,-0.01372148,-2.744296,11.15556324,2.231112648,cv
26.433974899933673,53,0.813,-0.01354841,-2.709682,11.014857329999998,2.2029714659999997,cv
26.457821000018157,53,0.813,-0.01364132,-2.7282640000000002,11.09039316,2.218078632,cv
26.481228499906138,53,0.813,-0.0137816,-2.7563199999999997,11.2044408,2.2408881599999995,cv
26.503959699883126,54,0.813,-0.01357756,-2.715512,11.03855628,2.2077112559999996,cv
26.52595429995563,54,0.813,-0.01364679,-2.7293580000000004,11.094840269999999,2.2189680540000003,cv
26.548773299902678,54,0.813,-0.01372513,-2.745026,11.15853069,2.231706138,cv
26.57182929990813,54,0.813,-0.01368869,-2.737738,11.128904969999999,2.2257809939999995,cv
26.598071999964304,54,0.813,-0.01358302,-2.716604,11.04299526,2.208599052,cv
26.62091459997464,54,0.812,-0.01377796,-2.755592,11.187703520000001,2.237540704,cv
26.644587899907492,54,0.813,-0.01354477,-2.708954,11.011898009999998,2.2023796019999997,cv
26.667202799930237,54,0.813,-0.01361946,-2.723892,11.07262098,2.214524196,cv
26.692195399897173,54,0.813,-0.01376703,-2.753406,11.19259539,2.238519078,cv
26.714136999915354,54,0.813,-0.01355752,-2.711504,11.02226376,2.204452752,cv
26.736704999930225,54,0.813,-0.01362128,-2.7242559999999996,11.07410064,2.2148201279999995,cv
26.757764899986796,54,0.813,-0.01371784,-2.7435680000000002,11.152603919999999,2.230520784,cv
26.77882459992543,54,0.813,-0.01377432,-2.754864,11.198522159999998,2.239704432,cv
26.799845299916342,54,0.813,-0.01375974,-2.7519479999999996,11.186668619999999,2.2373337239999995,cv
26.821858399896882,54,0.812,-0.01368504,-2.7370080000000003,11.11225248,2.2224504960000004,cv
26.847616099985316,54,0.813,-0.01357574,-2.715148,11.037076619999999,2.207415324,cv
26.87029549991712,54,0.813,-0.01379071,-2.758142,11.211847229999998,2.2423694459999997,cv
26.893746899906546,54,0.812,-0.01359577,-2.719154,11.039765240000001,2.2079530480000003,cv
26.91600619989913,54,0.813,-0.0135976,-2.71952,11.054848799999998,2.21096976,cv
26.939944499987178,54,0.813,-0.01372149,-2.7442979999999997,11.155571369999999,2.2311142739999994,cv
26.96298339997884,54,0.813,-0.01357938,-2.715876,11.04003594,2.208007188,cv
26.988690899917856,55,0.813,-0.01358485,-2.7169700000000003,11.04448305,2.20889661,cv
27.013857599929906,55,0.812,-0.01375063,-2.750126,11.16551156,2.233102312,cv
27.034752999898046,55,0.813,-0.01357756,-2.715512,11.03855628,2.2077112559999996,cv
27.05597849993501,55,0.813,-0.01360489,-2.7209779999999997,11.060775569999999,2.2121551139999998,cv
27.07884179998655,55,0.813,-0.01370509,-2.741018,11.142238169999999,2.2284476339999997,cv
27.10103039990645,55,0.812,-0.01374881,-2.749762,11.16403372,2.2328067440000003,cv
27.12490039994009,55,0.813,-0.01353566,-2.707132,11.00449158,2.200898316,cv
27.14813139999751,55,0.813,-0.01365772,-2.731544,11.10372636,2.220745272,cv
27.17270239989739,55,0.813,-0.01375428,-2.750856,11.18222964,2.236445928,cv
27.194405899965204,55,0.813,-0.01356116,-2.7122319999999998,11.025223079999998,2.2050446159999995,cv
27.216860999935307,55,0.813,-0.01362857,-2.725714,11.080027409999998,2.216005482,cv
27.237983399885707,55,0.813,-0.0137233,-2.74466,11.1570429,2.23140858,cv
27.259780499967746,55,0.813,-0.01376156,-2.7523120000000003,11.188148279999998,2.237629656,cv
27.28097819990944,55,0.812,-0.01367411,-2.734822,11.10337732,2.220675464,cv
27.303402499994263,55,0.813,-0.01352837,-2.7056739999999997,10.998564809999998,2.1997129619999995,cv
27.32998659997247,55,0.813,-0.0135721,-2.71442,11.0341173,2.20682346,cv
27.352941799908876,55,0.813,-0.01355934,-2.711868,11.023743419999999,2.2047486839999997,cv
27.377331999945454,55,0.813,-0.01356663,-2.713326,11.02967019,2.2059340379999997,cv
27.400374499964528,55,0.813,-0.01374881,-2.749762,11.17778253,2.235556506,cv
27.42375329998322,55,0.813,-0.01355023,-2.7100459999999997,11.01633699,2.2032673979999995,cv
27.44709909998346,55,0.813,-0.01355752,-2.711504,11.02226376,2.204452752,cv
27.471792799886316,56,0.812,-0.01371966,-2.743932,11.14036392,2.228072784,cv
27.49344189988915,56,0.813,-0.01352108,-2.7042159999999997,10.99263804,2.1985276079999996,cv
27.515212699887343,56,0.813,-0.01357391,-2.714782,11.035588829999998,2.207117766,cv
27.538172199972905,56,0.813,-0.01366318,-2.7326360000000003,11.10816534,2.221633068,cv
27.564499499974772,56,0.812,-0.01373605,-2.74721,11.1536726,2.23073452,cv
27.58708289999049,56,0.813,-0.01362129,-2.724258,11.074108769999999,2.214821754,cv
27.61131289997138,56,0.813,-0.01377249,-2.754498,11.197034369999999,2.2394068739999997,cv
27.634386399993673,56,0.813,-0.01354112,-2.708224,11.00893056,2.2017861119999997,cv
27.657403399934992,56,0.813,-0.01361035,-2.72207,11.065214549999999,2.21304291,cv
27.678925299900584,56,0.813,-0.01375063,-2.750126,11.17926219,2.2358524379999998,cv
27.702603499987163,56,0.813,-0.01373241,-2.746482,11.16444933,2.232889866,cv
27.723981599905528,56,0.813,-0.01353019,-2.706038,11.000044469999999,2.2000088939999998,cv
27.749851499916986,56,0.813,-0.01355934,-2.711868,11.023743419999999,2.2047486839999997,cv
27.771271299920045,56,0.813,-0.01364132,-2.7282640000000002,11.09039316,2.218078632,cv
27.798610599944368,56,0.813,-0.01350651,-2.7013019999999996,10.980792629999998,2.1961585259999996,cv
27.821256199968047,56,0.812,-0.01372148,-2.744296,11.14184176,2.228368352,cv
27.847212699940428,56,0.813,-0.01352473,-2.704946,10.995605489999999,2.199121098,cv
27.870417999918573,56,0.813,-0.01375063,-2.750126,11.17926219,2.2358524379999998,cv
27.893544299993664,56,0.813,-0.01356481,-2.712962,11.02819053,2.205638106,cv
27.91643089998979,56,0.813,-0.01357756,-2.715512,11.03855628,2.2077112559999996,cv
27.942904999945313,56,0.813,-0.01371784,-2.7435680000000002,11.152603919999999,2.230520784,cv
27.96879670000635,57,0.813,-0.01358302,-2.716604,11.04299526,2.208599052,cv
27.990127999917604,57,0.813,-0.01374881,-2.749762,11.17778253,2.235556506,cv
28.01605410000775,57,0.813,-0.01356663,-2.713326,11.02967019,2.2059340379999997,cv
28.037004599929787,57,0.813,-0.01365226,-2.730452,11.09928738,2.219857476,cv
28.063325299997814,57,0.813,-0.01368869,-2.737738,11.128904969999999,2.2257809939999995,cv
28.08509419998154,57,0.813,-0.01356663,-2.713326,11.02967019,2.2059340379999997,cv
28.110171799897216,57,0.813,-0.0135976,-2.71952,11.054848799999998,2.21096976,cv
28.132029099971987,57,0.813,-0.01354659,-2.709318,11.013377669999999,2.202675534,cv
28.157633199938573,57,0.813,-0.0135138,-2.70276,10.986719399999998,2.19734388,cv
28.178879999904893,57,0.813,-0.01374334,-2.748668,11.173335419999999,2.234667084,cv
28.20409639994614,57,0.812,-0.01372877,-2.745754,11.14776124,2.229552248,cv
28.225077699986286,57,0.813,-0.01356116,-2.7122319999999998,11.025223079999998,2.2050446159999995,cv
28.25003689993173,57,0.813,-0.01360125,-2.72025,11.05781625,2.2115632499999998,cv
28.27095149992965,57,0.813,-0.0136559,-2.73118,11.1022467,2.22044934,cv
28.295888499938883,57,0.813,-0.01356481,-2.712962,11.02819053,2.205638106,cv
28.317464099964127,57,0.813,-0.01364497,-2.7289939999999997,11.093360609999998,2.2186721219999996,cv
28.344040199997835,57,0.813,-0.01376156,-2.7523120000000003,11.188148279999998,2.237629656,cv
28.366203799960203,57,0.813,-0.01357938,-2.715876,11.04003594,2.208007188,cv
28.39059699990321,57,0.813,-0.01370327,-2.740654,11.14075851,2.228151702,cv
28.413256399915554,57,0.813,-0.01355387,-2.7107740000000002,11.01929631,2.203859262,cv
28.437479199958034,57,0.813,-0.0135557,-2.71114,11.0207841,2.2041568199999997,cv
28.46109700005036,58,0.813,-0.01372513,-2.745026,11.15853069,2.231706138,cv
28.485975700081326,58,0.813,-0.01354294,-2.7085879999999998,11.010410219999999,2.2020820439999995,cv
28.5075680000009,58,0.813,-0.01363039,-2.726078,11.081507069999997,2.2163014139999997,cv
28.53210170008242,58,0.813,-0.01373241,-2.746482,11.16444933,2.232889866,cv
28.555612900061533,58,0.813,-0.01349375,-2.69875,10.97041875,2.19408375,cv
28.578997100004926,58,0.813,-0.01362857,-2.725714,11.080027409999998,2.216005482,cv
28.601551600033417,58,0.813,-0.01373788,-2.7475759999999996,11.16889644,2.2337792879999996,cv
28.626336500048637,58,0.813,-0.01353566,-2.707132,11.00449158,2.200898316,cv
28.649459300097078,58,0.813,-0.01370326,-2.740652,11.14075038,2.228150076,cv
28.6723345000064,58,0.813,-0.01364679,-2.7293580000000004,11.094840269999999,2.2189680540000003,cv
28.693985100020654,58,0.813,-0.01353383,-2.706766,11.003003790000001,2.2006007579999998,cv
28.717996000079438,58,0.813,-0.01357027,-2.714054,11.03262951,2.2065259019999997,cv
28.73916650004685,58,0.813,-0.01375245,-2.75049,11.180741849999999,2.23614837,cv
28.76523050002288,58,0.812,-0.01373423,-2.746846,11.15219476,2.230438952,cv
28.787967500044033,58,0.813,-0.0136395,-2.7279,11.0889135,2.2177827,cv
28.813733600080013,58,0.813,-0.01371784,-2.7435680000000002,11.152603919999999,2.230520784,cv
28.836238800082356,58,0.813,-0.01355023,-2.7100459999999997,11.01633699,2.2032673979999995,cv
28.86068270006217,58,0.813,-0.01368505,-2.73701,11.12594565,2.22518913,cv
28.883297700085677,58,0.813,-0.01353566,-2.707132,11.00449158,2.200898316,cv
28.90879910008516,58,0.813,-0.01354659,-2.709318,11.013377669999999,2.202675534,cv
28.931177400052547,58,0.813,-0.01371784,-2.7435680000000002,11.152603919999999,2.230520784,cv
28.95448439999018,59,0.813,-0.01351197,-2.702394,10.98523161,2.197046322,cv
28.976785499951802,59,0.813,-0.0135976,-2.71952,11.054848799999998,2.21096976,cv
28.99932349997107,59,0.813,-0.01369416,-2.738832,11.133352079999998,2.2266704159999997,cv
29.021776899928227,59,0.812,-0.01364679,-2.7293580000000004,11.081193480000001,2.2162386960000005,cv
29.046450699912384,59,0.813,-0.01352108,-2.7042159999999997,10.99263804,2.1985276079999996,cv
29.068208999931812,59,0.813,-0.01367958,-2.735916,11.12149854,2.2242997079999998,cv
29.092357799992897,59,0.813,-0.01375245,-2.75049,11.180741849999999,2.23614837,cv
29.11458849988412,59,0.813,-0.0135393,-2.70786,11.0074509,2.20149018,cv
29.141669799922965,59,0.813,-0.01360489,-2.7209779999999997,11.060775569999999,2.2121551139999998,cv
29.163472099928185,59,0.813,-0.01350651,-2.7013019999999996,10.980792629999998,2.1961585259999996,cv
29.18624029995408,59,0.813,-0.01355023,-2.7100459999999997,11.01633699,2.2032673979999995,cv
29.207228599931113,59,0.813,-0.01362675,-2.7253499999999997,11.078547749999998,2.2157095499999997,cv
29.234483999898657,59,0.813,-0.01367594,-2.735188,11.118539219999999,2.2237078439999998,cv
29.256324199959636,59,0.813,-0.01358302,-2.716604,11.04299526,2.208599052,cv
29.28242429997772,59,0.813,-0.01367594,-2.735188,11.118539219999999,2.2237078439999998,cv
29.30523929989431,59,0.813,-0.01351197,-2.702394,10.98523161,2.197046322,cv
29.330690399976447,59,0.813,-0.01359031,-2.7180619999999998,11.048922029999998,2.209784406,cv
29.353408699971624,59,0.813,-0.01354659,-2.709318,11.013377669999999,2.202675534,cv
29.377640899969265,59,0.813,-0.01356481,-2.712962,11.02819053,2.205638106,cv
29.40027439990081,59,0.813,-0.01375245,-2.75049,11.180741849999999,2.23614837,cv
29.42345809994731,59,0.813,-0.01355934,-2.711868,11.023743419999999,2.2047486839999997,cv
29.447392500005662,60,0.813,-0.01361035,-2.72207,11.065214549999999,2.21304291,cv
29.470471000066027,60,0.813,-0.0137561,-2.75122,11.183709299999999,2.23674186,cv
29.492209500051104,60,0.813,-0.01355023,-2.7100459999999997,11.01633699,2.2032673979999995,cv
29.514255300047807,60,0.813,-0.0135138,-2.70276,10.986719399999998,2.19734388,cv
29.536096600000747,60,0.813,-0.01355388,-2.710776,11.01930444,2.203860888,cv
29.563079500105232,60,0.813,-0.01362675,-2.7253499999999997,11.078547749999998,2.2157095499999997,cv
29.58655390003696,60,0.813,-0.01355752,-2.711504,11.02226376,2.204452752,cv
29.609212400042452,60,0.813,-0.01369598,-2.739196,11.13483174,2.226966348,cv
29.631733200047165,60,0.812,-0.01373059,-2.746118,11.149239080000001,2.2298478160000004,cv
29.653925600112416,60,0.813,-0.01351197,-2.702394,10.98523161,2.197046322,cv
29.67520710011013,60,0.813,-0.01355023,-2.7100459999999997,11.01633699,2.2032673979999995,cv
29.701255900086835,60,0.813,-0.0135976,-2.71952,11.054848799999998,2.21096976,cv
29.72212190006394,60,0.813,-0.01355387,-2.7107740000000002,11.01929631,2.203859262,cv
29.747129500028677,60,0.813,-0.01353019,-2.706038,11.000044469999999,2.2000088939999998,cv
29.76824140001554,60,0.813,-0.01370326,-2.740652,11.14075038,2.228150076,cv
29.796113900025375,60,0.813,-0.01375792,-2.7515840000000003,11.185188959999998,2.237037792,cv
29.818485400057398,60,0.813,-0.01364861,-2.7297219999999998,11.09631993,2.2192639859999996,cv
29.843817500048317,60,0.812,-0.01374516,-2.7490319999999997,11.161069920000001,2.232213984,cv
29.866808100021444,60,0.813,-0.01357938,-2.715876,11.04003594,2.208007188,cv
29.88982380006928,60,0.813,-0.01369962,-2.739924,11.13779106,2.2275582119999995,cv
29.91251330007799,60,0.812,-0.01364679,-2.7293580000000004,11.081193480000001,2.2162386960000005,cv
29.937446799944155,61,0.803,-0.01368135,-2.73627,10.98612405,2.1972248100000003,cv
29.960937299882062,61,0.802,-0.01389633,-2.7792660000000002,11.14485666,2.2289713320000004,cv
29.98377489997074,61,0.803,-0.01369593,-2.739186,10.997831790000001,2.199566358,cv
30.00673109991476,61,0.803,-0.01370868,-2.7417360000000004,11.008070040000002,2.2016140080000004,cv
30.029827499995008,61,0.803,-0.01384532,-2.7690639999999997,11.11779196,2.2235583919999997,cv
30.051141499890946,61,0.802,-0.01378337,-2.756674,11.05426274,2.210852548,cv
30.075385999982245,61,0.802,-0.01368864,-2.7377279999999997,10.97828928,2.195657856,cv
30.096357699949294,61,0.803,-0.01376333,-2.752666,11.051953990000001,2.210390798,cv
30.117178399930708,61,0.803,-0.01381617,-2.7632339999999997,11.09438451,2.218876902,cv
30.139224499929696,61,0.803,-0.01386353,-2.7727060000000003,11.13241459,2.2264829180000003,cv
30.160108399926685,61,0.802,-0.01390179,-2.780358,11.149235580000001,2.229847116,cv
30.185707499971613,61,0.802,-0.01381252,-2.762504,11.077641040000001,2.215528208,cv
30.20799819997046,61,0.803,-0.0138107,-2.76214,11.089992100000002,2.2179984200000002,cv
30.234008299885318,61,0.802,-0.01390726,-2.781452,11.153622519999999,2.230724504,cv
30.25652029993944,61,0.803,-0.01372508,-2.745016,11.021239240000002,2.204247848,cv
30.281137199955992,61,0.803,-0.01385443,-2.770886,11.12510729,2.225021458,cv
30.30365419993177,61,0.802,-0.0136941,-2.73882,10.982668200000003,2.19653364,cv
30.328501399955712,61,0.803,-0.01371414,-2.7428280000000003,11.01245442,2.2024908840000004,cv
30.351553099928424,61,0.802,-0.01388175,-2.77635,11.133163500000002,2.2266327,cv
30.37587489990983,61,0.803,-0.01367589,-2.735178,10.981739670000001,2.196347934,cv
30.39860759989824,61,0.803,-0.01379977,-2.7599539999999996,11.08121531,2.2162430619999998,cv
30.423554700100794,62,0.802,-0.01379066,-2.758132,11.06010932,2.212021864,cv
30.446597300004214,62,0.803,-0.01371961,-2.743922,11.01684683,2.203369366,cv
30.470406800042838,62,0.803,-0.01385625,-2.77125,11.12656875,2.22531375,cv
30.49249360000249,62,0.802,-0.01380706,-2.761412,11.07326212,2.214652424,cv
30.515273500001058,62,0.803,-0.01370139,-2.740278,11.00221617,2.200443234,cv
30.53659560007509,62,0.803,-0.01377427,-2.754854,11.06073881,2.212147762,cv
30.56372920004651,62,0.802,-0.01385807,-2.771614,11.11417214,2.222834428,cv
30.58660880010575,62,0.803,-0.01373783,-2.747566,11.03147749,2.2062954980000002,cv
30.609472800046206,62,0.803,-0.01387082,-2.774164,11.13826846,2.227653692,cv
30.630716200103052,62,0.802,-0.01389997,-2.779994,11.14777594,2.229555188,cv
30.653654500027187,62,0.802,-0.01369775,-2.73955,10.9855955,2.1971191,cv
30.675301900017075,62,0.803,-0.01370686,-2.7413719999999997,11.00660858,2.201321716,cv
30.699766000034288,62,0.803,-0.01374147,-2.748294,11.03440041,2.206880082,cv
30.72138940007426,62,0.802,-0.01378519,-2.757038,11.05572238,2.2111444760000003,cv
30.74703570001293,62,0.802,-0.01368499,-2.736998,10.97536198,2.195072396,cv
30.77038200001698,62,0.803,-0.01383256,-2.766512,11.107545680000001,2.2215091360000003,cv
30.79618600010872,62,0.802,-0.01376698,-2.753396,11.041117960000001,2.208223592,cv
30.818456800072454,62,0.803,-0.01378702,-2.757404,11.07097706,2.2141954120000005,cv
30.841739700059406,62,0.802,-0.0138945,-2.7789,11.143389000000003,2.2286778000000003,cv
30.864581900066696,62,0.803,-0.01367042,-2.734084,10.97734726,2.195469452,cv
30.888302500010468,62,0.803,-0.01376151,-2.752302,11.050492530000001,2.210098506,cv
30.91259809990879,63,0.802,-0.01370139,-2.740278,10.988514780000001,2.197702956,cv
30.935901999939233,63,0.803,-0.01368135,-2.73627,10.98612405,2.1972248100000003,cv
30.9587183999829,63,0.803,-0.01381435,-2.76287,11.09292305,2.21858461,cv
30.983397800009698,63,0.802,-0.01389815,-2.77963,11.1463163,2.22926326,cv
31.005544999963604,63,0.803,-0.01369593,-2.739186,10.997831790000001,2.199566358,cv
31.033476099953987,63,0.803,-0.01376151,-2.752302,11.050492530000001,2.210098506,cv
31.060881400015205,63,0.803,-0.01368682,-2.7373640000000004,10.99051646,2.1981032920000003,cv
31.08367660001386,63,0.802,-0.01368864,-2.7377279999999997,10.97828928,2.195657856,cv
31.10995199996978,63,0.803,-0.01371414,-2.7428280000000003,11.01245442,2.2024908840000004,cv
31.13161289994605,63,0.802,-0.01378337,-2.756674,11.05426274,2.210852548,cv
31.152401899918914,63,0.802,-0.01369228,-2.7384560000000002,10.98120856,2.1962417120000004,cv
31.173628099961206,63,0.803,-0.01366496,-2.7329920000000003,10.97296288,2.1945925760000002,cv
31.198371700011194,63,0.803,-0.013685,-2.7369999999999997,10.989054999999999,2.1978109999999997,cv
31.21975940000266,63,0.802,-0.01391454,-2.782908,11.15946108,2.231892216,cv
31.242599399993196,63,0.802,-0.01380523,-2.761046,11.071794460000001,2.214358892,cv
31.26442539994605,63,0.802,-0.01369775,-2.73955,10.9855955,2.1971191,cv
31.286787699908018,63,0.803,-0.01375058,-2.750116,11.04171574,2.208343148,cv
31.310406900011003,63,0.803,-0.01387993,-2.775986,11.145583790000002,2.229116758,cv
31.332828899961896,63,0.802,-0.01381434,-2.762868,11.07910068,2.215820136,cv
31.357312500011176,63,0.803,-0.01371597,-2.743194,11.01392391,2.202784782,cv
31.38004349998664,63,0.803,-0.01387993,-2.775986,11.145583790000002,2.229116758,cv
31.404558300040662,64,0.802,-0.01369957,-2.7399139999999997,10.98705514,2.197411028,cv
31.426701500080526,64,0.802,-0.01372325,-2.74465,11.0060465,2.2012093000000004,cv
31.451490900013596,64,0.803,-0.01385807,-2.771614,11.12803021,2.2256060420000003,cv
31.47413480002433,64,0.802,-0.01369957,-2.7399139999999997,10.98705514,2.197411028,cv
31.496601100079715,64,0.803,-0.01372508,-2.745016,11.021239240000002,2.204247848,cv
31.51825390011072,64,0.803,-0.01380888,-2.7617760000000002,11.088530640000002,2.217706128,cv
31.543741500005126,64,0.802,-0.01391454,-2.782908,11.15946108,2.231892216,cv
31.566658800002187,64,0.803,-0.01373236,-2.746472,11.02708508,2.205417016,cv
31.590215900097974,64,0.803,-0.01383256,-2.766512,11.107545680000001,2.2215091360000003,cv
31.611787800095044,64,0.802,-0.01382528,-2.7650560000000004,11.087874560000001,2.2175749120000003,cv
31.635793000110425,64,0.803,-0.01371779,-2.743558,11.015385370000002,2.2030770740000003,cv
31.656708300113678,64,0.803,-0.01379977,-2.7599539999999996,11.08121531,2.2162430619999998,cv
31.683012600056827,64,0.803,-0.01383621,-2.767242,11.11047663,2.2220953260000003,cv
31.705937100108713,64,0.803,-0.01372325,-2.74465,11.01976975,2.2039539500000003,cv
31.732237300020643,64,0.803,-0.01383621,-2.767242,11.11047663,2.2220953260000003,cv
31.753554000053555,64,0.802,-0.01369775,-2.73955,10.9855955,2.1971191,cv
31.778091400046833,64,0.803,-0.01370868,-2.7417360000000004,11.008070040000002,2.2016140080000004,cv
31.799876800039783,64,0.802,-0.01391637,-2.783274,11.160928740000001,2.232185748,cv
31.826208400074393,64,0.802,-0.01377791,-2.755582,11.049883820000002,2.2099767640000003,cv
31.84893890004605,64,0.803,-0.01381252,-2.762504,11.091453560000001,2.218290712,cv
31.87467380007729,64,0.802,-0.01388722,-2.777444,11.137550440000002,2.2275100880000003,cv
31.897930000093766,65,0.793,-0.01390903,-2.781806,11.02986079,2.2059721580000002,cv
31.920984500087798,65,0.792,-0.01405841,-2.8116820000000002,11.13426072,2.2268521440000004,cv
31.94379230006598,65,0.792,-0.01385619,-2.7712380000000003,10.97410248,2.194820496,cv
31.96741650009062,65,0.792,-0.01384344,-2.768688,10.964004480000002,2.192800896,cv
31.989845600095578,65,0.792,-0.01401652,-2.803304,11.10108384,2.220216768,cv
32.013764500035904,65,0.792,-0.01393818,-2.787636,11.03903856,2.207807712,cv
32.037112300051376,65,0.792,-0.01385073,-2.770146,10.96977816,2.193955632,cv
32.06066940003075,65,0.792,-0.01401834,-2.803668,11.10252528,2.220505056,cv
32.08275780000258,65,0.792,-0.01392178,-2.784356,11.02604976,2.205209952,cv
32.10698800010141,65,0.792,-0.01382158,-2.764316,10.94669136,2.189338272,cv
32.128768100054,65,0.792,-0.01400012,-2.8000239999999996,11.08809504,2.217619008,cv
32.15326790011022,65,0.792,-0.01404749,-2.809498,11.12561208,2.225122416,cv
32.17486530006863,65,0.792,-0.01383433,-2.7668660000000003,10.956789360000002,2.191357872,cv
32.200199700077064,65,0.792,-0.01386895,-2.77379,10.9842084,2.19684168,cv
32.2217991000507,65,0.792,-0.01391449,-2.7828980000000003,11.02027608,2.2040552160000004,cv
32.24876780004706,65,0.792,-0.01383069,-2.7661379999999998,10.95390648,2.190781296,cv
32.271042500040494,65,0.792,-0.01404749,-2.809498,11.12561208,2.225122416,cv
32.296502500073984,65,0.792,-0.01384162,-2.7683240000000002,10.962563040000001,2.1925126080000004,cv
32.31926120002754,65,0.792,-0.01396368,-2.7927359999999997,11.05923456,2.211846912,cv
32.34381410002243,65,0.792,-0.01403291,-2.8065819999999997,11.11406472,2.2228129439999997,cv
32.36623820010573,65,0.792,-0.01386348,-2.772696,10.97987616,2.195975232,cv
32.39183479989879,66,0.802,-0.01389268,-2.778536,11.14192936,2.228385872,cv
32.414056699955836,66,0.802,-0.01371779,-2.743558,11.001667580000001,2.200333516,cv
32.4373185998993,66,0.803,-0.01375605,-2.75121,11.04610815,2.20922163,cv
32.459998399950564,66,0.803,-0.01389086,-2.778172,11.15436058,2.230872116,cv
32.48351449996699,66,0.802,-0.01379248,-2.758496,11.06156896,2.2123137920000002,cv
32.50495069997851,66,0.803,-0.0137105,-2.7420999999999998,11.009531500000001,2.2019063,cv
32.52823809988331,66,0.803,-0.01373419,-2.746838,11.02855457,2.205710914,cv
32.551100999931805,66,0.802,-0.0139109,-2.78218,11.156541800000001,2.23130836,cv
32.57669389992952,66,0.803,-0.01369046,-2.738092,10.993439380000002,2.198687876,cv
32.59778319997713,66,0.803,-0.01382528,-2.7650560000000004,11.101699840000002,2.2203399680000007,cv
32.62146809999831,66,0.803,-0.01388722,-2.777444,11.151437660000001,2.230287532,cv
32.64299689990003,66,0.803,-0.01371232,-2.742464,11.010992960000001,2.2021985920000002,cv
32.668969699996524,66,0.803,-0.01369775,-2.73955,10.999293250000001,2.19985865,cv
32.69109849992674,66,0.802,-0.01393276,-2.786552,11.17407352,2.234814704,cv
32.71761969989166,66,0.802,-0.01371779,-2.743558,11.001667580000001,2.200333516,cv
32.740534399985336,66,0.803,-0.01389633,-2.7792660000000002,11.158752990000002,2.2317505980000005,cv
32.76434299990069,66,0.802,-0.01379977,-2.7599539999999996,11.06741554,2.2134831079999997,cv
32.787781499908306,66,0.803,-0.01376151,-2.752302,11.050492530000001,2.210098506,cv
32.81202279997524,66,0.802,-0.01389086,-2.778172,11.14046972,2.2280939440000003,cv
32.835465199896134,66,0.803,-0.01369046,-2.738092,10.993439380000002,2.198687876,cv
32.85960359999444,66,0.803,-0.01379795,-2.75959,11.079753850000001,2.2159507700000005,cv
32.8834504999686,67,0.812,-0.01363403,-2.7268060000000003,11.07083236,2.2141664720000005,cv
32.90643349988386,67,0.813,-0.01356116,-2.7122319999999998,11.025223079999998,2.2050446159999995,cv
32.92911509994883,67,0.813,-0.01367594,-2.735188,11.118539219999999,2.2237078439999998,cv
32.952352199936286,67,0.812,-0.01372877,-2.745754,11.14776124,2.229552248,cv
32.97501909988932,67,0.813,-0.01353383,-2.706766,11.003003790000001,2.2006007579999998,cv
32.99914479989093,67,0.813,-0.0135976,-2.71952,11.054848799999998,2.21096976,cv
33.02201489987783,67,0.813,-0.01373241,-2.746482,11.16444933,2.232889866,cv
33.0447841999121,67,0.813,-0.01354477,-2.708954,11.011898009999998,2.2023796019999997,cv
33.06708509998862,67,0.813,-0.01359213,-2.718426,11.050401689999998,2.210080338,cv
33.090364999952726,67,0.813,-0.01373788,-2.7475759999999996,11.16889644,2.2337792879999996,cv
33.111994799925014,67,0.813,-0.01364497,-2.7289939999999997,11.093360609999998,2.2186721219999996,cv
33.13746789994184,67,0.813,-0.01357574,-2.715148,11.037076619999999,2.207415324,cv
33.15908999997191,67,0.813,-0.01376156,-2.7523120000000003,11.188148279999998,2.237629656,cv
33.18502829992212,67,0.813,-0.013798,-2.7596,11.217773999999999,2.2435547999999996,cv
33.206063699908555,67,0.813,-0.01361035,-2.72207,11.065214549999999,2.21304291,cv
33.23180249996949,67,0.813,-0.01365043,-2.730086,11.09779959,2.219559918,cv
33.253200899926014,67,0.813,-0.01356663,-2.713326,11.02967019,2.2059340379999997,cv
33.280692699947394,67,0.813,-0.01356299,-2.7125980000000003,11.026710869999999,2.205342174,cv
33.30305589991622,67,0.813,-0.01362493,-2.7249860000000004,11.07706809,2.215413618,cv
33.32869429991115,67,0.813,-0.01353202,-2.706404,11.001532260000001,2.200306452,cv
33.351124799926765,67,0.813,-0.01377249,-2.754498,11.197034369999999,2.2394068739999997,cv
33.37616240000352,68,0.823,-0.01338085,-2.67617,11.01243955,2.20248791,cv
33.39960860006977,68,0.823,-0.01352478,-2.704956,11.130893939999998,2.226178788,cv
33.42206510005053,68,0.823,-0.01357397,-2.714794,11.171377309999999,2.234275462,cv
33.44529450009577,68,0.823,-0.01339361,-2.678722,11.02294103,2.204588206,cv
33.46853670000564,68,0.823,-0.01349381,-2.698762,11.105405629999998,2.2210811259999996,cv
33.48992469999939,68,0.823,-0.01363409,-2.726818,11.220856069999998,2.244171214,cv
33.51316460000817,68,0.823,-0.01358672,-2.7173439999999998,11.18187056,2.2363741119999996,cv
33.53587670007255,68,0.823,-0.01340636,-2.6812720000000003,11.03343428,2.206686856,cv
33.56181470002048,68,0.823,-0.01349016,-2.698032,11.102401679999998,2.220480336,cv
33.583247800008394,68,0.823,-0.01340636,-2.6812720000000003,11.03343428,2.206686856,cv
33.605292300111614,68,0.823,-0.01342458,-2.6849160000000003,11.048429339999998,2.209685868,cv
33.6268719000509,68,0.823,-0.01349563,-2.699126,11.106903489999999,2.221380698,cv
33.6515103999991,68,0.823,-0.01353571,-2.707142,11.139889329999999,2.227977866,cv
33.67340960004367,68,0.823,-0.01339725,-2.67945,11.02593675,2.20518735,cv
33.70018260006327,68,0.823,-0.01340636,-2.6812720000000003,11.03343428,2.206686856,cv
33.72326740005519,68,0.823,-0.01347741,-2.695482,11.09190843,2.218381686,cv
33.74716770008672,68,0.823,-0.01341729,-2.683458,11.042429669999999,2.2084859339999996,cv
33.77014840010088,68,0.823,-0.01359036,-2.718072,11.18486628,2.2369732559999997,cv
33.79272140003741,68,0.823,-0.01348652,-2.697304,11.099405959999999,2.219881192,cv
33.81397520005703,68,0.823,-0.01340272,-2.6805440000000003,11.03043856,2.206087712,cv
33.83517720003147,68,0.823,-0.01342822,-2.685644,11.051425059999998,2.210285012,cv
33.85747069993522,69,0.823,-0.01351203,-2.702406,11.120400689999999,2.2240801379999997,cv
33.880165399983525,69,0.823,-0.01361587,-2.723174,11.20586101,2.241172202,cv
33.904181299963966,69,0.823,-0.01349927,-2.699854,11.10989921,2.221979842,cv
33.92732899996918,69,0.823,-0.01347012,-2.6940239999999998,11.085908759999999,2.2171817519999997,cv
33.95139399997424,69,0.823,-0.01360494,-2.7209879999999997,11.196865619999999,2.2393731239999997,cv
33.974868599907495,69,0.823,-0.01341729,-2.683458,11.042429669999999,2.2084859339999996,cv
33.997656899970025,69,0.823,-0.01345919,-2.6918379999999997,11.076913369999998,2.2153826739999998,cv
34.02031559997704,69,0.823,-0.01359583,-2.719166,11.189368089999999,2.237873618,cv
34.042386499932036,69,0.823,-0.01347923,-2.695846,11.093406289999999,2.2186812579999997,cv
34.06410640000831,69,0.823,-0.01339543,-2.679086,11.02443889,2.204887778,cv
34.08840100001544,69,0.823,-0.01344097,-2.688194,11.06191831,2.212383662,cv
34.11014000000432,69,0.823,-0.01364502,-2.729004,11.22985146,2.245970292,cv
34.132165499962866,69,0.823,-0.01349198,-2.698396,11.10389954,2.220779908,cv
34.15445949998684,69,0.823,-0.01341547,-2.683094,11.04093181,2.2081863619999997,cv
34.177364700008184,69,0.823,-0.01347377,-2.694754,11.088912709999999,2.217782542,cv
34.20015789999161,69,0.823,-0.0136268,-2.72536,11.214856399999999,2.24297128,cv
34.22323999996297,69,0.823,-0.01350838,-2.701676,11.11739674,2.2234793479999997,cv
34.24545029993169,69,0.823,-0.01345191,-2.690382,11.070921929999997,2.214184386,cv
34.26743279991206,69,0.823,-0.01352478,-2.704956,11.130893939999998,2.226178788,cv
34.293115100008436,69,0.823,-0.01362316,-2.724632,11.21186068,2.242372136,cv
34.316440299968235,69,0.823,-0.01344644,-2.6892880000000003,11.06642012,2.213284024,cv
34.3402563999407,70,0.823,-0.01361587,-2.723174,11.20586101,2.241172202,cv
34.36342429998331,70,0.823,-0.01350291,-2.700582,11.11289493,2.222578986,cv
34.38822229998186,70,0.823,-0.01344826,-2.6896519999999997,11.067917979999999,2.2135835959999994,cv
34.41203439992387,70,0.823,-0.01364866,-2.729732,11.23284718,2.2465694359999997,cv
34.435304099926725,70,0.823,-0.01341729,-2.683458,11.042429669999999,2.2084859339999996,cv
34.45865699998103,70,0.823,-0.01352113,-2.704226,11.127889989999998,2.225577998,cv
34.483483899966814,70,0.823,-0.0136523,-2.73046,11.2358429,2.24716858,cv
34.505610099993646,70,0.823,-0.01344644,-2.6892880000000003,11.06642012,2.213284024,cv
34.52824889996555,70,0.823,-0.0135266,-2.70532,11.132391799999999,2.2264783599999998,cv
34.55019079998601,70,0.823,-0.01365959,-2.731918,11.24184257,2.2483685139999996,cv
34.57494809990749,70,0.823,-0.01350838,-2.701676,11.11739674,2.2234793479999997,cv
34.59639129997231,70,0.823,-0.01349563,-2.699126,11.106903489999999,2.221380698,cv
34.61883069993928,70,0.823,-0.01359036,-2.718072,11.18486628,2.2369732559999997,cv
34.641404799884185,70,0.823,-0.01367234,-2.734468,11.252335819999999,2.250467164,cv
34.664916899986565,70,0.823,-0.0134428,-2.68856,11.063424399999999,2.21268488,cv
34.68726839998271,70,0.823,-0.01348652,-2.697304,11.099405959999999,2.219881192,cv
34.71165739989374,70,0.823,-0.01362498,-2.724996,11.21335854,2.242671708,cv
34.737813199986704,70,0.823,-0.01343733,-2.687466,11.058922590000002,2.211784518,cv
34.76397409988567,70,0.823,-0.01362134,-2.724268,11.210362819999999,2.242072564,cv
34.786440899944864,70,0.823,-0.01344462,-2.6889239999999996,11.06492226,2.2129844519999997,cv
34.81341959990095,70,0.823,-0.0135685,-2.7137000000000002,11.1668755,2.2333751,cv
34.83752450009342,71,0.823,-0.01347741,-2.695482,11.09190843,2.218381686,cv
34.86036400008015,71,0.823,-0.01363045,-2.72609,11.217860349999999,2.24357207,cv
34.8837856000755,71,0.823,-0.01351202,-2.702404,11.12039246,2.224078492,cv
34.905716500012204,71,0.823,-0.01346466,-2.692932,11.08141518,2.2162830359999997,cv
34.927540700067766,71,0.823,-0.01354118,-2.7082360000000003,11.14439114,2.228878228,cv
34.95172230002936,71,0.823,-0.01364138,-2.728276,11.22685574,2.245371148,cv
34.97421410004608,71,0.823,-0.01345191,-2.690382,11.070921929999997,2.214184386,cv
35.00109420006629,71,0.823,-0.01350109,-2.700218,11.111397069999999,2.222279414,cv
35.02228010003455,71,0.823,-0.01351385,-2.70277,11.121898550000001,2.22437971,cv
35.046178800053895,71,0.823,-0.01344462,-2.6889239999999996,11.06492226,2.2129844519999997,cv
35.06714580010157,71,0.823,-0.01354118,-2.7082360000000003,11.14439114,2.228878228,cv
35.093112500035204,71,0.823,-0.01357761,-2.715522,11.17437303,2.234874606,cv
35.11546170001384,71,0.823,-0.01343733,-2.687466,11.058922590000002,2.211784518,cv
35.14226900006179,71,0.823,-0.01354118,-2.7082360000000003,11.14439114,2.228878228,cv
35.16550120001193,71,0.823,-0.01343915,-2.68783,11.06042045,2.21208409,cv
35.190058600041084,71,0.823,-0.01353753,-2.707506,11.14138719,2.2282774379999997,cv
35.21246550010983,71,0.823,-0.01362133,-2.7242659999999996,11.21035459,2.2420709179999996,cv
35.23879890004173,71,0.823,-0.01344462,-2.6889239999999996,11.06492226,2.2129844519999997,cv
35.26170950010419,71,0.823,-0.01367781,-2.7355620000000003,11.256837629999998,2.251367526,cv
35.28346970002167,71,0.823,-0.01345555,-2.69111,11.073917649999999,2.21478353,cv
35.30545990006067,71,0.823,-0.01348288,-2.696576,11.096410239999999,2.2192820479999997,cv
35.32970739994198,72,0.823,-0.01354482,-2.7089640000000004,11.147386860000001,2.2294773720000003,cv
35.35233539994806,72,0.823,-0.01363226,-2.726452,11.219349979999999,2.243869996,cv
35.37826359993778,72,0.823,-0.01345919,-2.6918379999999997,11.076913369999998,2.2153826739999998,cv
35.40172049996909,72,0.823,-0.01369603,-2.7392060000000003,11.271832689999998,2.254366538,cv
35.42491309996694,72,0.823,-0.01347376,-2.6947520000000003,11.088904479999998,2.2177808960000003,cv
35.44783620000817,72,0.823,-0.01351931,-2.703862,11.12639213,2.225278426,cv
35.4715555999428,72,0.823,-0.0136432,-2.72864,11.2283536,2.2456707199999997,cv
35.493433599942364,72,0.823,-0.01343915,-2.68783,11.06042045,2.21208409,cv
35.51661329995841,72,0.823,-0.01345737,-2.691474,11.07541551,2.215083102,cv
35.53831749991514,72,0.823,-0.01358672,-2.7173439999999998,11.18187056,2.2363741119999996,cv
35.56274819991086,72,0.823,-0.01367417,-2.734834,11.25384191,2.250768382,cv
35.58443509996869,72,0.823,-0.01344462,-2.6889239999999996,11.06492226,2.2129844519999997,cv
35.61076229996979,72,0.823,-0.01351931,-2.703862,11.12639213,2.225278426,cv
35.63361709995661,72,0.823,-0.01353935,-2.70787,11.142885049999999,2.22857701,cv
35.65937199990731,72,0.823,-0.01349016,-2.698032,11.102401679999998,2.220480336,cv
35.68244030000642,72,0.823,-0.01365048,-2.730096,11.23434504,2.246869008,cv
35.70562579995021,72,0.823,-0.01347012,-2.6940239999999998,11.085908759999999,2.2171817519999997,cv
35.728599099908024,72,0.823,-0.01356668,-2.713336,11.165377639999997,2.2330755279999996,cv
35.75240029999986,72,0.823,-0.01369421,-2.738842,11.27033483,2.254066966,cv
35.77487989992369,72,0.823,-0.01346284,-2.692568,11.07991732,2.215983464,cv
35.7974116000114,72,0.823,-0.01351203,-2.702406,11.120400689999999,2.2240801379999997,cv
35.81921769992914,73,0.823,-0.01364502,-2.729004,11.22985146,2.245970292,cv
35.84037679992616,73,0.823,-0.01366688,-2.733376,11.247842239999999,2.2495684479999998,cv
35.862392199924216,73,0.823,-0.01351931,-2.703862,11.12639213,2.225278426,cv
35.88455029996112,73,0.823,-0.01345373,-2.690746,11.07241979,2.2144839579999998,cv
35.908825999940746,73,0.823,-0.01350292,-2.700584,11.11290316,2.222580632,cv
35.931544499937445,73,0.823,-0.01367599,-2.735198,11.255339769999999,2.251067954,cv
35.956271399976686,73,0.823,-0.01347376,-2.6947520000000003,11.088904479999998,2.2177808960000003,cv
35.97979149990715,73,0.823,-0.01361951,-2.723902,11.208856729999999,2.2417713459999997,cv
36.00442699994892,73,0.823,-0.01365595,-2.7311900000000002,11.23884685,2.24776937,cv
36.02633559994865,73,0.823,-0.01352478,-2.704956,11.130893939999998,2.226178788,cv
36.04937969997991,73,0.823,-0.0136104,-2.72208,11.201359199999999,2.24027184,cv
36.07147779990919,73,0.823,-0.01364684,-2.729368,11.23134932,2.246269864,cv
36.09645009995438,73,0.823,-0.01347194,-2.694388,11.08740662,2.217481324,cv
36.119905499974266,73,0.823,-0.01361587,-2.723174,11.20586101,2.241172202,cv
36.14614620001521,73,0.823,-0.01364684,-2.729368,11.23134932,2.246269864,cv
36.16845040000044,73,0.823,-0.01355211,-2.710422,11.153386529999999,2.2306773059999996,cv
36.1933568000095,73,0.823,-0.01368692,-2.737384,11.26433516,2.2528670319999997,cv
36.215774299926125,73,0.823,-0.01348106,-2.696212,11.094912379999998,2.218982476,cv
36.23944169993047,73,0.823,-0.01355393,-2.710786,11.15488439,2.230976878,cv
36.26181099994574,73,0.823,-0.01363955,-2.72791,11.225349649999998,2.24506993,cv
36.28672319999896,73,0.823,-0.01346648,-2.6932959999999997,11.08291304,2.2165826079999995,cv
36.309745700098574,74,0.823,-0.01365777,-2.731554,11.240344709999999,2.2480689419999997,cv
36.33316590008326,74,0.823,-0.01363226,-2.726452,11.219349979999999,2.243869996,cv
36.35516350006219,74,0.823,-0.01345737,-2.691474,11.07541551,2.215083102,cv
36.381550800055265,74,0.823,-0.01352842,-2.7056839999999998,11.133889659999998,2.2267779319999996,cv
36.40451280004345,74,0.823,-0.01347923,-2.695846,11.093406289999999,2.2186812579999997,cv
36.429550600005314,74,0.823,-0.01353024,-2.706048,11.13538752,2.227077504,cv
36.452830300084315,74,0.823,-0.01364502,-2.729004,11.22985146,2.245970292,cv
36.47680260008201,74,0.823,-0.01346648,-2.6932959999999997,11.08291304,2.2165826079999995,cv
36.498461800045334,74,0.823,-0.01360676,-2.7213520000000004,11.19836348,2.2396726960000004,cv
36.52123890002258,74,0.823,-0.01368874,-2.737748,11.265833019999999,2.2531666039999996,cv
36.54228680010419,74,0.823,-0.0135266,-2.70532,11.132391799999999,2.2264783599999998,cv
36.563526100013405,74,0.823,-0.01346102,-2.6922040000000003,11.078419460000001,2.215683892,cv
36.585688100080006,74,0.823,-0.01347377,-2.694754,11.088912709999999,2.217782542,cv
36.608685000101104,74,0.823,-0.01355028,-2.710056,11.15188044,2.230376088,cv
36.633387400070205,74,0.823,-0.01368327,-2.736654,11.26133121,2.252266242,cv
36.656953300116584,74,0.823,-0.01347923,-2.695846,11.093406289999999,2.2186812579999997,cv
36.68260140006896,74,0.823,-0.01359765,-2.71953,11.19086595,2.2381731899999995,cv
36.705982600105926,74,0.823,-0.01346102,-2.6922040000000003,11.078419460000001,2.215683892,cv
36.730936700012535,74,0.823,-0.0135685,-2.7137000000000002,11.1668755,2.2333751,cv
36.753927100100555,74,0.823,-0.01353753,-2.707506,11.14138719,2.2282774379999997,cv
36.77693430008367,74,0.823,-0.01349563,-2.699126,11.106903489999999,2.221380698,cv
36.800955600105226,75,0.823,-0.01367052,-2.734104,11.25083796,2.250167592,cv
36.82439359999262,75,0.823,-0.01353388,-2.706776,11.13838324,2.227676648,cv
36.84785970009398,75,0.823,-0.01350838,-2.701676,11.11739674,2.2234793479999997,cv
36.87096259999089,75,0.823,-0.01365959,-2.731918,11.24184257,2.2483685139999996,cv
36.894009400042705,75,0.823,-0.01352478,-2.704956,11.130893939999998,2.226178788,cv
36.91689850005787,75,0.823,-0.01347377,-2.694754,11.088912709999999,2.217782542,cv
36.939690300030634,75,0.823,-0.01358854,-2.717708,11.183368419999999,2.236673684,cv
36.96350330009591,75,0.823,-0.01360858,-2.721716,11.199861339999998,2.239972268,cv
36.98662640003022,75,0.823,-0.01345919,-2.6918379999999997,11.076913369999998,2.2153826739999998,cv
37.00907000002917,75,0.823,-0.01358672,-2.7173439999999998,11.18187056,2.2363741119999996,cv
37.03082520002499,75,0.823,-0.01367052,-2.734104,11.25083796,2.250167592,cv
37.055364900035784,75,0.823,-0.01350656,-2.701312,11.115898880000001,2.223179776,cv
37.076843600021675,75,0.823,-0.01350292,-2.700584,11.11290316,2.222580632,cv
37.10388470010366,75,0.823,-0.01360676,-2.7213520000000004,11.19836348,2.2396726960000004,cv
37.12678560009226,75,0.823,-0.01349563,-2.699126,11.106903489999999,2.221380698,cv
37.15057810000144,75,0.823,-0.01362134,-2.724268,11.210362819999999,2.242072564,cv
37.173793900059536,75,0.823,-0.01353206,-2.706412,11.136885379999999,2.227377076,cv
37.19875030010007,75,0.823,-0.01349016,-2.698032,11.102401679999998,2.220480336,cv
37.22063790005632,75,0.823,-0.01369785,-2.7395699999999996,11.273330549999999,2.2546661099999996,cv
37.24427400005516,75,0.823,-0.01353206,-2.706412,11.136885379999999,2.227377076,cv
37.26598210004158,75,0.823,-0.01348106,-2.696212,11.094912379999998,2.218982476,cv
37.29268209997099,76,0.823,-0.01354846,-2.709692,11.15038258,2.230076516,cv
37.31572489999235,76,0.823,-0.01344644,-2.6892880000000003,11.06642012,2.213284024,cv
37.340520299971104,76,0.823,-0.01353207,-2.706414,11.13689361,2.227378722,cv
37.36374249996152,76,0.823,-0.01350474,-2.700948,11.114401019999999,2.222880204,cv
37.388539999956265,76,0.823,-0.01347923,-2.695846,11.093406289999999,2.2186812579999997,cv
37.4122174999211,76,0.823,-0.01369238,-2.738476,11.26882874,2.2537657479999997,cv
37.43611069989856,76,0.823,-0.01346466,-2.692932,11.08141518,2.2162830359999997,cv
37.45908269996289,76,0.823,-0.01356304,-2.7126080000000004,11.16238192,2.2324763840000004,cv
37.48320719995536,76,0.823,-0.01369056,-2.738112,11.26733088,2.253466176,cv
37.50476899999194,76,0.823,-0.01346284,-2.692568,11.07991732,2.215983464,cv
37.52649889991153,76,0.823,-0.01353389,-2.706778,11.13839147,2.227678294,cv
37.547708299942315,76,0.823,-0.01357397,-2.714794,11.171377309999999,2.234275462,cv
37.57374979997985,76,0.823,-0.01367235,-2.73447,11.25234405,2.2504688099999997,cv
37.596541599952616,76,0.823,-0.01348288,-2.696576,11.096410239999999,2.2192820479999997,cv
37.62336480000522,76,0.823,-0.01356668,-2.713336,11.165377639999997,2.2330755279999996,cv
37.646131299901754,76,0.823,-0.01346102,-2.6922040000000003,11.078419460000001,2.215683892,cv
37.67103239998687,76,0.823,-0.01355757,-2.711514,11.157880109999999,2.231576022,cv
37.69544569996651,76,0.823,-0.0135102,-2.7020399999999998,11.1188946,2.2237789199999995,cv
37.71817489992827,76,0.823,-0.01350656,-2.701312,11.115898880000001,2.223179776,cv
37.74601639993489,76,0.823,-0.01364866,-2.729732,11.23284718,2.2465694359999997,cv
37.76846859999932,76,0.823,-0.01355575,-2.71115,11.15638225,2.2312764499999997,cv
37.796483600046486,77,0.823,-0.0136851,-2.7370200000000002,11.2628373,2.25256746,cv
37.81903890008107,77,0.823,-0.01355393,-2.710786,11.15488439,2.230976878,cv
37.843773500062525,77,0.823,-0.01366688,-2.733376,11.247842239999999,2.2495684479999998,cv
37.86580610007513,77,0.823,-0.0134847,-2.69694,11.0979081,2.21958162,cv
37.887634100043215,77,0.823,-0.01357397,-2.714794,11.171377309999999,2.234275462,cv
37.909758100053295,77,0.823,-0.01368146,-2.7362919999999997,11.25984158,2.2519683159999997,cv
37.93443460005801,77,0.823,-0.01364137,-2.728274,11.226847509999999,2.245369502,cv
37.955758600030094,77,0.823,-0.0134847,-2.69694,11.0979081,2.21958162,cv
37.980928000062704,77,0.823,-0.01356668,-2.713336,11.165377639999997,2.2330755279999996,cv
38.002992600086145,77,0.823,-0.01353024,-2.706048,11.13538752,2.227077504,cv
38.026805700035766,77,0.823,-0.01345555,-2.69111,11.073917649999999,2.21478353,cv
38.04883480002172,77,0.823,-0.01359765,-2.71953,11.19086595,2.2381731899999995,cv
38.07361760002095,77,0.823,-0.01367963,-2.735926,11.258335489999999,2.251667098,cv
38.09576590009965,77,0.823,-0.01344826,-2.6896519999999997,11.067917979999999,2.2135835959999994,cv
38.12228450004477,77,0.823,-0.01356486,-2.7129719999999997,11.163879779999998,2.232775956,cv
38.14489150000736,77,0.823,-0.01347376,-2.6947520000000003,11.088904479999998,2.2177808960000003,cv
38.16973340010736,77,0.823,-0.0135266,-2.70532,11.132391799999999,2.2264783599999998,cv
38.19285290001426,77,0.823,-0.01363773,-2.7275460000000002,11.22385179,2.2447703580000002,cv
38.21800020011142,77,0.823,-0.01346466,-2.692932,11.08141518,2.2162830359999997,cv
38.24184300005436,77,0.823,-0.01367235,-2.73447,11.25234405,2.2504688099999997,cv
38.264924600021914,77,0.823,-0.0134683,-2.6936600000000004,11.0844109,2.2168821800000003,cv
38.28888539993204,78,0.823,-0.01356486,-2.7129719999999997,11.163879779999998,2.232775956,cv
38.31169789994601,78,0.823,-0.01369056,-2.738112,11.26733088,2.253466176,cv
38.33478579996154,78,0.823,-0.01346648,-2.6932959999999997,11.08291304,2.2165826079999995,cv
38.361702199908905,78,0.823,-0.01351203,-2.702406,11.120400689999999,2.2240801379999997,cv
38.38738809991628,78,0.823,-0.0134683,-2.6936600000000004,11.0844109,2.2168821800000003,cv
38.409973399946466,78,0.823,-0.01361587,-2.723174,11.20586101,2.241172202,cv
38.43543659988791,78,0.823,-0.01363955,-2.72791,11.225349649999998,2.24506993,cv
38.45812429988291,78,0.823,-0.0135266,-2.70532,11.132391799999999,2.2264783599999998,cv
38.4848437999608,78,0.823,-0.01366688,-2.733376,11.247842239999999,2.2495684479999998,cv
38.50679549993947,78,0.823,-0.01352296,-2.7045920000000003,11.12939608,2.225879216,cv
38.52882379991934,78,0.823,-0.0136104,-2.72208,11.201359199999999,2.24027184,cv
38.550827999948524,78,0.823,-0.01369967,-2.7399340000000003,11.27482841,2.254965682,cv
38.57573619997129,78,0.823,-0.01352842,-2.7056839999999998,11.133889659999998,2.2267779319999996,cv
38.59800169989467,78,0.823,-0.01355575,-2.71115,11.15638225,2.2312764499999997,cv
38.622699499945156,78,0.823,-0.01366688,-2.733376,11.247842239999999,2.2495684479999998,cv
38.64700629992876,78,0.823,-0.01347195,-2.69439,11.08741485,2.21748297,cv
38.66993469989393,78,0.823,-0.01361769,-2.723538,11.20735887,2.241471774,cv
38.69292969990056,78,0.823,-0.01363955,-2.72791,11.225349649999998,2.24506993,cv
38.716691899928264,78,0.823,-0.01346466,-2.692932,11.08141518,2.2162830359999997,cv
38.738844999927096,78,0.823,-0.01360676,-2.7213520000000004,11.19836348,2.2396726960000004,cv
38.76126309996471,78,0.823,-0.01369785,-2.7395699999999996,11.273330549999999,2.2546661099999996,cv
38.78297940001357,79,0.823,-0.01353571,-2.707142,11.139889329999999,2.227977866,cv
38.810091299936175,79,0.823,-0.01347195,-2.69439,11.08741485,2.21748297,cv
38.833050899906084,79,0.823,-0.01364502,-2.729004,11.22985146,2.245970292,cv
38.857728499919176,79,0.823,-0.01344462,-2.6889239999999996,11.06492226,2.2129844519999997,cv
38.881211199914105,79,0.823,-0.01365413,-2.730826,11.23734899,2.247469798,cv
38.906445599975996,79,0.823,-0.0135266,-2.70532,11.132391799999999,2.2264783599999998,cv
38.92893209995236,79,0.823,-0.01357032,-2.714064,11.168373359999999,2.233674672,cv
38.95243699999992,79,0.823,-0.01369056,-2.738112,11.26733088,2.253466176,cv
38.97544770000968,79,0.823,-0.01346648,-2.6932959999999997,11.08291304,2.2165826079999995,cv
38.99740489991382,79,0.823,-0.01352113,-2.704226,11.127889989999998,2.225577998,cv
39.01867989997845,79,0.823,-0.01360676,-2.7213520000000004,11.19836348,2.2396726960000004,cv
39.04352770000696,79,0.823,-0.01365413,-2.730826,11.23734899,2.247469798,cv
39.06477900000755,79,0.823,-0.0134683,-2.6936600000000004,11.0844109,2.2168821800000003,cv
39.09174910001457,79,0.823,-0.01349199,-2.698398,11.10390777,2.2207815539999998,cv
39.11487649998162,79,0.823,-0.01344462,-2.6889239999999996,11.06492226,2.2129844519999997,cv
39.140357599942945,79,0.823,-0.01351385,-2.70277,11.121898550000001,2.22437971,cv
39.163042899919674,79,0.823,-0.01361587,-2.723174,11.20586101,2.241172202,cv
39.18723939999472,79,0.823,-0.01344462,-2.6889239999999996,11.06492226,2.2129844519999997,cv
39.21023129997775,79,0.823,-0.01360858,-2.721716,11.199861339999998,2.239972268,cv
39.23357269994449,79,0.823,-0.01361587,-2.723174,11.20586101,2.241172202,cv
39.25689139997121,79,0.823,-0.0134428,-2.68856,11.063424399999999,2.21268488,cv
39.28134909993969,80,0.823,-0.01364866,-2.729732,11.23284718,2.2465694359999997,cv
39.30425149993971,80,0.823,-0.0135102,-2.7020399999999998,11.1188946,2.2237789199999995,cv
39.327043299912475,80,0.823,-0.01347012,-2.6940239999999998,11.085908759999999,2.2171817519999997,cv
39.350059999967925,80,0.823,-0.01359583,-2.719166,11.189368089999999,2.237873618,cv
39.37441109993961,80,0.823,-0.01362498,-2.724996,11.21335854,2.242671708,cv
39.39712039998267,80,0.823,-0.01351385,-2.70277,11.121898550000001,2.22437971,cv
39.41910849988926,80,0.823,-0.01361587,-2.723174,11.20586101,2.241172202,cv
39.441479399916716,80,0.823,-0.01369056,-2.738112,11.26733088,2.253466176,cv
39.46682739991229,80,0.823,-0.01352113,-2.704226,11.127889989999998,2.225577998,cv
39.48887819994707,80,0.823,-0.01359947,-2.719894,11.19236381,2.238472762,cv
39.511691299965605,80,0.823,-0.01366506,-2.733012,11.246344379999998,2.249268876,cv
39.532906899927184,80,0.823,-0.01350291,-2.700582,11.11289493,2.222578986,cv
39.55853439995553,80,0.823,-0.01345373,-2.690746,11.07241979,2.2144839579999998,cv
39.58069139998406,80,0.823,-0.01366142,-2.732284,11.243348659999999,2.2486697319999998,cv
39.60614069993608,80,0.823,-0.01361951,-2.723902,11.208856729999999,2.2417713459999997,cv
39.62932879989967,80,0.823,-0.01355028,-2.710056,11.15188044,2.230376088,cv
39.65365979995113,80,0.823,-0.01367963,-2.735926,11.258335489999999,2.251667098,cv
39.67622729996219,80,0.823,-0.01345373,-2.690746,11.07241979,2.2144839579999998,cv
39.70010739995632,80,0.823,-0.01355393,-2.710786,11.15488439,2.230976878,cv
39.722983699990436,80,0.823,-0.01362498,-2.724996,11.21335854,2.242671708,cv
39.74909189995378,80,0.823,-0.01345919,-2.6918379999999997,11.076913369999998,2.2153826739999998,cv
39.77808169997297,81,0.823,-0.01361222,-2.722444,11.202857059999998,2.2405714119999995,cv
39.801071899943054,81,0.823,-0.01364866,-2.729732,11.23284718,2.2465694359999997,cv
39.825055299908854,81,0.823,-0.01350656,-2.701312,11.115898880000001,2.223179776,cv
39.84852659993339,81,0.823,-0.01349927,-2.699854,11.10989921,2.221979842,cv
39.87242399994284,81,0.823,-0.01364866,-2.729732,11.23284718,2.2465694359999997,cv
39.893782699946314,81,0.823,-0.01346102,-2.6922040000000003,11.078419460000001,2.215683892,cv
39.91602099989541,81,0.823,-0.01345373,-2.690746,11.07241979,2.2144839579999998,cv
39.93794449989218,81,0.823,-0.01354664,-2.709328,11.14888472,2.229776944,cv
39.96377869986463,81,0.823,-0.01365231,-2.730462,11.23585113,2.247170226,cv
39.984966499963775,81,0.823,-0.01344462,-2.6889239999999996,11.06492226,2.2129844519999997,cv
40.01094109995756,81,0.823,-0.01350656,-2.701312,11.115898880000001,2.223179776,cv
40.03299439989496,81,0.823,-0.01350656,-2.701312,11.115898880000001,2.223179776,cv
40.060166199924424,81,0.823,-0.01345008,-2.690016,11.06941584,2.2138831679999997,cv
40.0831532998709,81,0.823,-0.01362133,-2.7242659999999996,11.21035459,2.2420709179999996,cv
40.10718099994119,81,0.823,-0.0134428,-2.68856,11.063424399999999,2.21268488,cv
40.129137599957176,81,0.823,-0.01359765,-2.71953,11.19086595,2.2381731899999995,cv
40.15660459990613,81,0.823,-0.01367963,-2.735926,11.258335489999999,2.251667098,cv
40.17904639989138,81,0.823,-0.01355939,-2.7118779999999996,11.159377969999998,2.2318755939999995,cv
40.20419209997635,81,0.823,-0.01368145,-2.73629,11.25983335,2.25196667,cv
40.226186899933964,81,0.823,-0.01347923,-2.695846,11.093406289999999,2.2186812579999997,cv
40.24914229987189,81,0.823,-0.01355575,-2.71115,11.15638225,2.2312764499999997,cv
40.27106460009236,82,0.823,-0.01367781,-2.7355620000000003,11.256837629999998,2.251367526,cv
40.29317310010083,82,0.823,-0.01350656,-2.701312,11.115898880000001,2.223179776,cv
40.31608210003469,82,0.823,-0.01345555,-2.69111,11.073917649999999,2.21478353,cv
40.33925600012299,82,0.823,-0.01355575,-2.71115,11.15638225,2.2312764499999997,cv
40.362545800046064,82,0.823,-0.01366506,-2.733012,11.246344379999998,2.249268876,cv
40.38535440003034,82,0.823,-0.01345555,-2.69111,11.073917649999999,2.21478353,cv
40.409910000045784,82,0.823,-0.01352296,-2.7045920000000003,11.12939608,2.225879216,cv
40.43207180011086,82,0.823,-0.01362133,-2.7242659999999996,11.21035459,2.2420709179999996,cv
40.45383530005347,82,0.823,-0.0134519,-2.6903799999999998,11.070913699999998,2.2141827399999996,cv
40.474880000110716,82,0.823,-0.01345373,-2.690746,11.07241979,2.2144839579999998,cv
40.49959040002432,82,0.823,-0.01348106,-2.696212,11.094912379999998,2.218982476,cv
40.521083300118335,82,0.823,-0.01368327,-2.736654,11.26133121,2.252266242,cv
40.546646000118926,82,0.823,-0.01352296,-2.7045920000000003,11.12939608,2.225879216,cv
40.568470400059596,82,0.823,-0.01357579,-2.715158,11.172875170000001,2.234575034,cv
40.596141700050794,82,0.823,-0.01367599,-2.735198,11.255339769999999,2.251067954,cv
40.61922530003358,82,0.823,-0.01357215,-2.71443,11.16987945,2.23397589,cv
40.643451400101185,82,0.823,-0.01369967,-2.7399340000000003,11.27482841,2.254965682,cv
40.667572600068524,82,0.823,-0.01347377,-2.694754,11.088912709999999,2.217782542,cv
40.69038390007336,82,0.823,-0.01361223,-2.722446,11.202865289999998,2.240573058,cv
40.713571800035425,82,0.823,-0.0136104,-2.72208,11.201359199999999,2.24027184,cv
40.73638470005244,82,0.823,-0.01344462,-2.6889239999999996,11.06492226,2.2129844519999997,cv
40.76053889992181,83,0.823,-0.01359583,-2.719166,11.189368089999999,2.237873618,cv
40.783570699975826,83,0.823,-0.01361222,-2.722444,11.202857059999998,2.2405714119999995,cv
40.81207969994284,83,0.823,-0.01345373,-2.690746,11.07241979,2.2144839579999998,cv
40.83556229993701,83,0.823,-0.01345373,-2.690746,11.07241979,2.2144839579999998,cv
40.85951659991406,83,0.823,-0.01349927,-2.699854,11.10989921,2.221979842,cv
40.88282249995973,83,0.823,-0.01367599,-2.735198,11.255339769999999,2.251067954,cv
40.904224499943666,83,0.823,-0.01347195,-2.69439,11.08741485,2.21748297,cv
40.92607519996818,83,0.823,-0.01350292,-2.700584,11.11290316,2.222580632,cv
40.950395999941975,83,0.823,-0.0135849,-2.7169800000000004,11.1803727,2.23607454,cv
40.972137499949895,83,0.823,-0.01363044,-2.726088,11.21785212,2.2435704239999996,cv
40.996710899984464,83,0.823,-0.01347194,-2.694388,11.08740662,2.217481324,cv
41.01823509996757,83,0.823,-0.01357215,-2.71443,11.16987945,2.23397589,cv
41.04577789991163,83,0.823,-0.0136687,-2.73374,11.2493401,2.24986802,cv
41.06838939990848,83,0.823,-0.01351203,-2.702406,11.120400689999999,2.2240801379999997,cv
41.093956299941055,83,0.823,-0.0136432,-2.72864,11.2283536,2.2456707199999997,cv
41.116724199964665,83,0.823,-0.0134264,-2.6852799999999997,11.049927199999999,2.2099854399999996,cv
41.13972559990361,83,0.823,-0.01355393,-2.710786,11.15488439,2.230976878,cv
41.162402499932796,83,0.823,-0.01369056,-2.738112,11.26733088,2.253466176,cv
41.18775239994284,83,0.823,-0.01347195,-2.69439,11.08741485,2.21748297,cv
41.210386899881996,83,0.823,-0.01362498,-2.724996,11.21335854,2.242671708,cv
41.23483889992349,83,0.823,-0.01361222,-2.722444,11.202857059999998,2.2405714119999995,cv
41.25838999997359,84,0.823,-0.01352842,-2.7056839999999998,11.133889659999998,2.2267779319999996,cv
41.28112609998789,84,0.823,-0.01368327,-2.736654,11.26133121,2.252266242,cv
41.30445869988762,84,0.823,-0.01352842,-2.7056839999999998,11.133889659999998,2.2267779319999996,cv
41.32847929990385,84,0.823,-0.01351203,-2.702406,11.120400689999999,2.2240801379999997,cv
41.351647799951024,84,0.823,-0.01367052,-2.734104,11.25083796,2.250167592,cv
41.37670959997922,84,0.823,-0.01348834,-2.6976679999999997,11.10090382,2.2201807639999998,cv
41.39947609999217,84,0.823,-0.01356486,-2.7129719999999997,11.163879779999998,2.232775956,cv
41.42357809992973,84,0.823,-0.01367599,-2.735198,11.255339769999999,2.251067954,cv
41.446548699983396,84,0.823,-0.01345555,-2.69111,11.073917649999999,2.21478353,cv
41.46868309995625,84,0.823,-0.01355028,-2.710056,11.15188044,2.230376088,cv
41.49018769990653,84,0.823,-0.01365413,-2.730826,11.23734899,2.247469798,cv
41.51412129995879,84,0.823,-0.01360858,-2.721716,11.199861339999998,2.239972268,cv
41.535330899991095,84,0.823,-0.01347195,-2.69439,11.08741485,2.21748297,cv
41.562123099924065,84,0.823,-0.013543,-2.7085999999999997,11.145888999999999,2.2291777999999995,cv
41.584365899907425,84,0.823,-0.01351931,-2.703862,11.12639213,2.225278426,cv
41.6111029998865,84,0.823,-0.01349745,-2.69949,11.108401349999998,2.22168027,cv
41.633236499968916,84,0.823,-0.01351931,-2.703862,11.12639213,2.225278426,cv
41.65603679988999,84,0.823,-0.0134847,-2.69694,11.0979081,2.21958162,cv
41.67771669989452,84,0.823,-0.01354664,-2.709328,11.14888472,2.229776944,cv
41.70536819996778,84,0.823,-0.01362498,-2.724996,11.21335854,2.242671708,cv
41.72878339991439,84,0.823,-0.01352842,-2.7056839999999998,11.133889659999998,2.2267779319999996,cv
41.752653699950315,85,0.823,-0.01367234,-2.734468,11.252335819999999,2.250467164,cv
41.77583339996636,85,0.823,-0.01346102,-2.6922040000000003,11.078419460000001,2.215683892,cv
41.79984879994299,85,0.823,-0.01353571,-2.707142,11.139889329999999,2.227977866,cv
41.82266589999199,85,0.823,-0.01368145,-2.73629,11.25983335,2.25196667,cv
41.846829299931414,85,0.823,-0.01345737,-2.691474,11.07541551,2.215083102,cv
41.869898499920964,85,0.823,-0.01355939,-2.7118779999999996,11.159377969999998,2.2318755939999995,cv
41.89349609997589,85,0.823,-0.01367599,-2.735198,11.255339769999999,2.251067954,cv
41.91599629994016,85,0.823,-0.01347559,-2.695118,11.090410570000001,2.218082114,cv
41.93941109988373,85,0.823,-0.01355211,-2.710422,11.153386529999999,2.2306773059999996,cv
41.961244399892166,85,0.823,-0.01368874,-2.737748,11.265833019999999,2.2531666039999996,cv
41.98571319994517,85,0.823,-0.01361587,-2.723174,11.20586101,2.241172202,cv
42.007378899957985,85,0.823,-0.01354664,-2.709328,11.14888472,2.229776944,cv
42.03236919990741,85,0.823,-0.01362862,-2.725724,11.21635426,2.2432708519999998,cv
42.05516849993728,85,0.823,-0.01345008,-2.690016,11.06941584,2.2138831679999997,cv
42.08194179995917,85,0.823,-0.01348834,-2.6976679999999997,11.10090382,2.2201807639999998,cv
42.10341839992907,85,0.823,-0.01349016,-2.698032,11.102401679999998,2.220480336,cv
42.12608299998101,85,0.823,-0.01345919,-2.6918379999999997,11.076913369999998,2.2153826739999998,cv
42.147454499965534,85,0.823,-0.01353024,-2.706048,11.13538752,2.227077504,cv
42.17393849988002,85,0.823,-0.01361951,-2.723902,11.208856729999999,2.2417713459999997,cv
42.196603999938816,85,0.823,-0.01345191,-2.690382,11.070921929999997,2.214184386,cv
42.222532699932344,85,0.823,-0.01357397,-2.714794,11.171377309999999,2.234275462,cv
42.25079179997556,86,0.823,-0.01347559,-2.695118,11.090410570000001,2.218082114,cv
42.27270899992436,86,0.823,-0.01360311,-2.7206219999999997,11.19535953,2.2390719059999995,cv
42.297943299869075,86,0.823,-0.01347377,-2.694754,11.088912709999999,2.217782542,cv
42.31947009987198,86,0.823,-0.01363409,-2.726818,11.220856069999998,2.244171214,cv
42.34495839988813,86,0.823,-0.0136687,-2.73374,11.2493401,2.24986802,cv
42.366913299891166,86,0.823,-0.01348106,-2.696212,11.094912379999998,2.218982476,cv
42.393303599907085,86,0.823,-0.01358126,-2.716252,11.177376979999998,2.235475396,cv
42.41671939997468,86,0.823,-0.01347923,-2.695846,11.093406289999999,2.2186812579999997,cv
42.44129449990578,86,0.824,-0.01358854,-2.717708,11.19695696,2.239391392,cv
42.463630199898034,86,0.823,-0.01349381,-2.698762,11.105405629999998,2.2210811259999996,cv
42.48766949994024,86,0.823,-0.01346284,-2.692568,11.07991732,2.215983464,cv
42.50946719991043,86,0.823,-0.0136268,-2.72536,11.214856399999999,2.24297128,cv
42.534086099942215,86,0.823,-0.0136687,-2.73374,11.2493401,2.24986802,cv
42.55607769987546,86,0.823,-0.01346102,-2.6922040000000003,11.078419460000001,2.215683892,cv
42.58492599998135,86,0.823,-0.01353207,-2.706414,11.13689361,2.227378722,cv
42.60770449996926,86,0.823,-0.01349927,-2.699854,11.10989921,2.221979842,cv
42.63078799995128,86,0.823,-0.01363591,-2.727182,11.222353929999999,2.244470786,cv
42.65372879989445,86,0.823,-0.01359036,-2.718072,11.18486628,2.2369732559999997,cv
42.67770609993022,86,0.823,-0.0134683,-2.6936600000000004,11.0844109,2.2168821800000003,cv
42.70081149996258,86,0.823,-0.01362498,-2.724996,11.21335854,2.242671708,cv
42.724334799917415,86,0.823,-0.01357032,-2.714064,11.168373359999999,2.233674672,cv
42.747699499945156,87,0.823,-0.01351385,-2.70277,11.121898550000001,2.22437971,cv
42.77089379995596,87,0.823,-0.01365959,-2.731918,11.24184257,2.2483685139999996,cv
42.79402109992225,87,0.823,-0.01359401,-2.718802,11.18787023,2.237574046,cv
42.81938539992552,87,0.823,-0.01348288,-2.696576,11.096410239999999,2.2192820479999997,cv
42.842069499893114,87,0.823,-0.01367599,-2.735198,11.255339769999999,2.251067954,cv
42.865899099968374,87,0.823,-0.01345008,-2.690016,11.06941584,2.2138831679999997,cv
42.88769649993628,87,0.823,-0.01353571,-2.707142,11.139889329999999,2.227977866,cv
42.91090469993651,87,0.823,-0.01363591,-2.727182,11.222353929999999,2.244470786,cv
42.93366249988321,87,0.823,-0.01356121,-2.7122420000000003,11.16087583,2.232175166,cv
42.956244799890555,87,0.823,-0.01346284,-2.692568,11.07991732,2.215983464,cv
42.97769379988313,87,0.823,-0.01354118,-2.7082360000000003,11.14439114,2.228878228,cv
43.00341459992342,87,0.823,-0.01365048,-2.730096,11.23434504,2.246869008,cv
43.024669599952176,87,0.823,-0.01347741,-2.695482,11.09190843,2.218381686,cv
43.04972419992555,87,0.823,-0.01352842,-2.7056839999999998,11.133889659999998,2.2267779319999996,cv
43.07249089994002,87,0.823,-0.01367234,-2.734468,11.252335819999999,2.250467164,cv
43.09811009990517,87,0.823,-0.01349563,-2.699126,11.106903489999999,2.221380698,cv
43.1212750999257,87,0.823,-0.01364866,-2.729732,11.23284718,2.2465694359999997,cv
43.14517239993438,87,0.823,-0.01357579,-2.715158,11.172875170000001,2.234575034,cv
43.168205199879594,87,0.823,-0.01350838,-2.701676,11.11739674,2.2234793479999997,cv
43.191722499905154,87,0.823,-0.01363044,-2.726088,11.21785212,2.2435704239999996,cv
43.21517319988925,87,0.823,-0.01347012,-2.6940239999999998,11.085908759999999,2.2171817519999997,cv
43.23919849994127,88,0.823,-0.01354482,-2.7089640000000004,11.147386860000001,2.2294773720000003,cv
43.262047799886204,88,0.823,-0.01368327,-2.736654,11.26133121,2.252266242,cv
43.28671889996622,88,0.823,-0.01346101,-2.692202,11.07841123,2.215682246,cv
43.310214999946766,88,0.823,-0.01357032,-2.714064,11.168373359999999,2.233674672,cv
43.3330192998983,88,0.823,-0.01367052,-2.734104,11.25083796,2.250167592,cv
43.35614159994293,88,0.823,-0.01349381,-2.698762,11.105405629999998,2.2210811259999996,cv
43.38013329997193,88,0.823,-0.01357579,-2.715158,11.172875170000001,2.234575034,cv
43.40188009990379,88,0.823,-0.01367234,-2.734468,11.252335819999999,2.250467164,cv
43.42537039995659,88,0.823,-0.01349016,-2.698032,11.102401679999998,2.220480336,cv
43.4465853999136,88,0.823,-0.01353207,-2.706414,11.13689361,2.227378722,cv
43.467730399919674,88,0.823,-0.01358672,-2.7173439999999998,11.18187056,2.2363741119999996,cv
43.49024149996694,88,0.823,-0.01368328,-2.7366560000000004,11.26133944,2.2522678880000004,cv
43.511751399957575,88,0.823,-0.01366324,-2.732648,11.24484652,2.248969304,cv
43.53525089996401,88,0.823,-0.01347559,-2.695118,11.090410570000001,2.218082114,cv
43.557190599967726,88,0.823,-0.01350838,-2.701676,11.11739674,2.2234793479999997,cv
43.58409479993861,88,0.823,-0.01361951,-2.723902,11.208856729999999,2.2417713459999997,cv
43.60693609993905,88,0.823,-0.01349563,-2.699126,11.106903489999999,2.221380698,cv
43.630536699900404,88,0.823,-0.01358126,-2.716252,11.177376979999998,2.235475396,cv
43.65283949999139,88,0.823,-0.01361587,-2.723174,11.20586101,2.241172202,cv
43.67728269996587,88,0.823,-0.01344462,-2.6889239999999996,11.06492226,2.2129844519999997,cv
43.70027969998773,88,0.823,-0.01361951,-2.723902,11.208856729999999,2.2417713459999997,cv
43.723988899961114,89,0.823,-0.01357579,-2.715158,11.172875170000001,2.234575034,cv
43.74915519997012,89,0.823,-0.01357579,-2.715158,11.172875170000001,2.234575034,cv
43.772275999886915,89,0.823,-0.01370878,-2.741756,11.28232594,2.256465188,cv
43.79515949997585,89,0.823,-0.01350474,-2.700948,11.114401019999999,2.222880204,cv
43.81817899993621,89,0.823,-0.01356122,-2.712244,11.160884059999999,2.232176812,cv
43.84118809993379,89,0.823,-0.01369421,-2.738842,11.27033483,2.254066966,cv
43.86287019995507,89,0.823,-0.01355575,-2.71115,11.15638225,2.2312764499999997,cv
43.88549009989947,89,0.823,-0.01346102,-2.6922040000000003,11.078419460000001,2.215683892,cv
43.90998639992904,89,0.823,-0.0135266,-2.70532,11.132391799999999,2.2264783599999998,cv
43.93212169990875,89,0.823,-0.01365777,-2.731554,11.240344709999999,2.2480689419999997,cv
43.95359099993948,89,0.823,-0.01346283,-2.6925660000000002,11.07990909,2.215981818,cv
43.97462359990459,89,0.823,-0.01341547,-2.683094,11.04093181,2.2081863619999997,cv
43.99585219996516,89,0.823,-0.01342822,-2.685644,11.051425059999998,2.210285012,cv
44.01770269998815,89,0.823,-0.01352842,-2.7056839999999998,11.133889659999998,2.2267779319999996,cv
44.0391677999869,89,0.823,-0.01360858,-2.721716,11.199861339999998,2.239972268,cv
44.065168599947356,89,0.823,-0.01370878,-2.741756,11.28232594,2.256465188,cv
44.087941599893384,89,0.823,-0.01352296,-2.7045920000000003,11.12939608,2.225879216,cv
44.112089499947615,89,0.823,-0.01365959,-2.731918,11.24184257,2.2483685139999996,cv
44.13539559987839,89,0.823,-0.01348105,-2.6962099999999998,11.09490415,2.2189808299999996,cv
44.159915999975055,89,0.823,-0.01355757,-2.711514,11.157880109999999,2.231576022,cv
44.18325029988773,89,0.823,-0.01368692,-2.737384,11.26433516,2.2528670319999997,cv
44.20725509990007,90,0.823,-0.01352113,-2.704226,11.127889989999998,2.225577998,cv
44.2304192999145,90,0.823,-0.01363227,-2.726454,11.21935821,2.2438716419999998,cv
44.25329039990902,90,0.823,-0.01366141,-2.732282,11.24334043,2.248668086,cv
44.27630219992716,90,0.823,-0.01347377,-2.694754,11.088912709999999,2.217782542,cv
44.30036039988045,90,0.823,-0.01354482,-2.7089640000000004,11.147386860000001,2.2294773720000003,cv
44.32323319988791,90,0.823,-0.01360311,-2.7206219999999997,11.19535953,2.2390719059999995,cv
44.34608739998657,90,0.823,-0.01343186,-2.686372,11.05442078,2.2108841559999997,cv
44.369253199896775,90,0.823,-0.01354846,-2.709692,11.15038258,2.230076516,cv
44.393056999891996,90,0.823,-0.01368145,-2.73629,11.25983335,2.25196667,cv
44.414684399962425,90,0.823,-0.01344644,-2.6892880000000003,11.06642012,2.213284024,cv
44.436222499934956,90,0.823,-0.01347012,-2.6940239999999998,11.085908759999999,2.2171817519999997,cv
44.457753899972886,90,0.823,-0.01354664,-2.709328,11.14888472,2.229776944,cv
44.48443839990068,90,0.823,-0.01361223,-2.722446,11.202865289999998,2.240573058,cv
44.505926799960434,90,0.823,-0.01351203,-2.702406,11.120400689999999,2.2240801379999997,cv
44.53257449995726,90,0.823,-0.01359583,-2.719166,11.189368089999999,2.237873618,cv
44.554147099959664,90,0.823,-0.01349927,-2.699854,11.10989921,2.221979842,cv
44.57884919992648,90,0.823,-0.01353389,-2.706778,11.13839147,2.227678294,cv
44.60206979990471,90,0.823,-0.01373429,-2.746858,11.303320669999998,2.2606641339999998,cv
44.62598899996374,90,0.823,-0.01350291,-2.700582,11.11289493,2.222578986,cv
44.64951719995588,90,0.823,-0.01355757,-2.711514,11.157880109999999,2.231576022,cv
44.67439069994725,90,0.823,-0.01369421,-2.738842,11.27033483,2.254066966,cv
44.698825799976476,91,0.823,-0.01352296,-2.7045920000000003,11.12939608,2.225879216,cv
44.72163109993562,91,0.823,-0.01367599,-2.735198,11.255339769999999,2.251067954,cv
44.74362769990694,91,0.823,-0.01349927,-2.699854,11.10989921,2.221979842,cv
44.76708309992682,91,0.823,-0.01342458,-2.6849160000000003,11.048429339999998,2.209685868,cv
44.789537499891594,91,0.823,-0.01359036,-2.718072,11.18486628,2.2369732559999997,cv
44.81468189996667,91,0.823,-0.01368874,-2.737748,11.265833019999999,2.2531666039999996,cv
44.83666659996379,91,0.823,-0.01350474,-2.700948,11.114401019999999,2.222880204,cv
44.862566699972376,91,0.823,-0.01359583,-2.719166,11.189368089999999,2.237873618,cv
44.88509899994824,91,0.823,-0.01350109,-2.700218,11.111397069999999,2.222279414,cv
44.908094999962486,91,0.823,-0.01355757,-2.711514,11.157880109999999,2.231576022,cv
44.92975739995018,91,0.823,-0.01370332,-2.7406639999999998,11.277832359999998,2.2555664719999995,cv
44.953318399959244,91,0.823,-0.01371425,-2.7428500000000002,11.28682775,2.2573655500000003,cv
44.97478179994505,91,0.823,-0.01347377,-2.694754,11.088912709999999,2.217782542,cv
44.99955329997465,91,0.823,-0.01349016,-2.698032,11.102401679999998,2.220480336,cv
45.020778599893674,91,0.823,-0.01368692,-2.737384,11.26433516,2.2528670319999997,cv
45.04626139998436,91,0.823,-0.01362315,-2.7246300000000003,11.21185245,2.2423704900000003,cv
45.06781339994632,91,0.823,-0.01355575,-2.71115,11.15638225,2.2312764499999997,cv
45.092830699984916,91,0.823,-0.01358672,-2.7173439999999998,11.18187056,2.2363741119999996,cv
45.113769899937324,91,0.823,-0.01343186,-2.686372,11.05442078,2.2108841559999997,cv
45.13488759996835,91,0.823,-0.0134264,-2.6852799999999997,11.049927199999999,2.2099854399999996,cv
45.15673759998754,91,0.823,-0.01350292,-2.700584,11.11290316,2.222580632,cv
45.17899329995271,92,0.823,-0.01361769,-2.723538,11.20735887,2.241471774,cv
45.20280769991223,92,0.823,-0.01371242,-2.742484,11.285321659999997,2.257064332,cv
45.223819999955595,92,0.823,-0.0135102,-2.7020399999999998,11.1188946,2.2237789199999995,cv
45.249520399956964,92,0.823,-0.01351749,-2.703498,11.12489427,2.224978854,cv
45.27123249997385,92,0.823,-0.01372153,-2.744306,11.29281919,2.2585638379999997,cv
45.29785909992643,92,0.823,-0.01353753,-2.707506,11.14138719,2.2282774379999997,cv
45.3211328999605,92,0.823,-0.01369421,-2.738842,11.27033483,2.254066966,cv
45.344655499910004,92,0.823,-0.01354664,-2.709328,11.14888472,2.229776944,cv
45.367269299924374,92,0.823,-0.01352478,-2.704956,11.130893939999998,2.226178788,cv
45.39002960000653,92,0.823,-0.01361769,-2.723538,11.20735887,2.241471774,cv
45.411990899941884,92,0.823,-0.01357943,-2.7158860000000002,11.17587089,2.2351741780000003,cv
45.43693089997396,92,0.823,-0.01340818,-2.681636,11.03493214,2.206986428,cv
45.45917739998549,92,0.823,-0.01356668,-2.713336,11.165377639999997,2.2330755279999996,cv
45.48323279991746,92,0.823,-0.01366506,-2.733012,11.246344379999998,2.249268876,cv
45.505074899992906,92,0.823,-0.01346284,-2.692568,11.07991732,2.215983464,cv
45.52920049999375,92,0.823,-0.0135266,-2.70532,11.132391799999999,2.2264783599999998,cv
45.551837599952705,92,0.823,-0.0136851,-2.7370200000000002,11.2628373,2.25256746,cv
45.57513959996868,92,0.823,-0.01353024,-2.706048,11.13538752,2.227077504,cv
45.59712910000235,92,0.823,-0.01357943,-2.7158860000000002,11.17587089,2.2351741780000003,cv
45.622200199984945,92,0.823,-0.01368146,-2.7362919999999997,11.25984158,2.2519683159999997,cv
45.64536169997882,92,0.823,-0.01348652,-2.697304,11.099405959999999,2.219881192,cv
45.67053600004874,93,0.823,-0.01359219,-2.718438,11.186372369999999,2.237274474,cv
45.69353859999683,93,0.823,-0.01363409,-2.726818,11.220856069999998,2.244171214,cv
45.71658260002732,93,0.823,-0.01348652,-2.697304,11.099405959999999,2.219881192,cv
45.73955970001407,93,0.823,-0.01357761,-2.715522,11.17437303,2.234874606,cv
45.7637252000859,93,0.823,-0.01366141,-2.732282,11.24334043,2.248668086,cv
45.78629479999654,93,0.823,-0.0134264,-2.6852799999999997,11.049927199999999,2.2099854399999996,cv
45.80987430003006,93,0.823,-0.013543,-2.7085999999999997,11.145888999999999,2.2291777999999995,cv
45.833286600071006,93,0.823,-0.01359765,-2.71953,11.19086595,2.2381731899999995,cv
45.85717130010016,93,0.823,-0.01345372,-2.690744,11.07241156,2.214482312,cv
45.87898920010775,93,0.823,-0.01359036,-2.718072,11.18486628,2.2369732559999997,cv
45.900599600048736,93,0.823,-0.01363955,-2.72791,11.225349649999998,2.24506993,cv
45.922128200065345,93,0.823,-0.01359765,-2.71953,11.19086595,2.2381731899999995,cv
45.9444181000581,93,0.823,-0.01346466,-2.692932,11.08141518,2.2162830359999997,cv
45.96729020006023,93,0.823,-0.01350474,-2.700948,11.114401019999999,2.222880204,cv
45.99021519999951,93,0.823,-0.01363773,-2.7275460000000002,11.22385179,2.2447703580000002,cv
46.01190880010836,93,0.823,-0.01361951,-2.723902,11.208856729999999,2.2417713459999997,cv
46.033180900034495,93,0.823,-0.01353207,-2.706414,11.13689361,2.227378722,cv
46.058575900038704,93,0.823,-0.0135102,-2.7020399999999998,11.1188946,2.2237789199999995,cv
46.08044440008234,93,0.823,-0.01369967,-2.7399340000000003,11.27482841,2.254965682,cv
46.106474000029266,93,0.823,-0.01359401,-2.718802,11.18787023,2.237574046,cv
46.12951800005976,93,0.823,-0.01355211,-2.710422,11.153386529999999,2.2306773059999996,cv
46.15335979999509,94,0.823,-0.01357761,-2.715522,11.17437303,2.234874606,cv
46.17653039994184,94,0.823,-0.01346102,-2.6922040000000003,11.078419460000001,2.215683892,cv
46.20011179998983,94,0.823,-0.01355575,-2.71115,11.15638225,2.2312764499999997,cv
46.22346779995132,94,0.823,-0.01355028,-2.710056,11.15188044,2.230376088,cv
46.24854709999636,94,0.823,-0.0134264,-2.6852799999999997,11.049927199999999,2.2099854399999996,cv
46.27154989994597,94,0.823,-0.01366142,-2.732284,11.243348659999999,2.2486697319999998,cv
46.294454899965785,94,0.823,-0.01350474,-2.700948,11.114401019999999,2.222880204,cv
46.31769009993877,94,0.823,-0.01352113,-2.704226,11.127889989999998,2.225577998,cv
46.34046489989851,94,0.823,-0.01364866,-2.729732,11.23284718,2.2465694359999997,cv
46.3622977999039,94,0.823,-0.01362315,-2.7246300000000003,11.21185245,2.2423704900000003,cv
46.38563669996802,94,0.823,-0.01348834,-2.6976679999999997,11.10090382,2.2201807639999998,cv
46.407205699943006,94,0.823,-0.01355393,-2.710786,11.15488439,2.230976878,cv
46.433714799932204,94,0.823,-0.01363955,-2.72791,11.225349649999998,2.24506993,cv
46.45558429998346,94,0.823,-0.01346466,-2.692932,11.08141518,2.2162830359999997,cv
46.48220379988197,94,0.823,-0.01352113,-2.704226,11.127889989999998,2.225577998,cv
46.50428769993596,94,0.823,-0.01345191,-2.690382,11.070921929999997,2.214184386,cv
46.528095299960114,94,0.823,-0.01349016,-2.698032,11.102401679999998,2.220480336,cv
46.550343599985354,94,0.823,-0.01359219,-2.718438,11.186372369999999,2.237274474,cv
46.579380499897525,94,0.823,-0.01355392,-2.710784,11.15487616,2.2309752319999996,cv
46.601268199970946,94,0.823,-0.01366688,-2.733376,11.247842239999999,2.2495684479999998,cv
46.62327319988981,94,0.823,-0.01349199,-2.698398,11.10390777,2.2207815539999998,cv
46.64535269991029,95,0.823,-0.01345737,-2.691474,11.07541551,2.215083102,cv
46.67066179995891,95,0.823,-0.01352296,-2.7045920000000003,11.12939608,2.225879216,cv
46.69355359999463,95,0.823,-0.01358307,-2.716614,11.17886661,2.2357733219999996,cv
46.71973069990054,95,0.823,-0.01347012,-2.6940239999999998,11.085908759999999,2.2171817519999997,cv
46.74257509992458,95,0.823,-0.01368327,-2.736654,11.26133121,2.252266242,cv
46.76637620001566,95,0.823,-0.01347741,-2.695482,11.09190843,2.218381686,cv
46.78932410001289,95,0.823,-0.01359219,-2.718438,11.186372369999999,2.237274474,cv
46.81374639994465,95,0.823,-0.0136851,-2.7370200000000002,11.2628373,2.25256746,cv
46.836384899914265,95,0.823,-0.01349563,-2.699126,11.106903489999999,2.221380698,cv
46.85898479993921,95,0.823,-0.01360312,-2.720624,11.19536776,2.239073552,cv
46.88027039996814,95,0.823,-0.01367781,-2.7355620000000003,11.256837629999998,2.251367526,cv
46.904672599979676,95,0.823,-0.01354299,-2.708598,11.145880769999998,2.2291761539999997,cv
46.92636009992566,95,0.823,-0.01345191,-2.690382,11.070921929999997,2.214184386,cv
46.95161999994889,95,0.823,-0.01355028,-2.710056,11.15188044,2.230376088,cv
46.97434979991522,95,0.823,-0.01347923,-2.695846,11.093406289999999,2.2186812579999997,cv
46.99958860001061,95,0.823,-0.01349016,-2.698032,11.102401679999998,2.220480336,cv
47.022618699935265,95,0.823,-0.01366688,-2.733376,11.247842239999999,2.2495684479999998,cv
47.04689659993164,95,0.823,-0.01345737,-2.691474,11.07541551,2.215083102,cv
47.06949259992689,95,0.823,-0.01359583,-2.719166,11.189368089999999,2.237873618,cv
47.09404170000926,95,0.823,-0.01369785,-2.7395699999999996,11.273330549999999,2.2546661099999996,cv
47.11676759994589,95,0.823,-0.01349563,-2.699126,11.106903489999999,2.221380698,cv
47.14094449998811,96,0.823,-0.01364866,-2.729732,11.23284718,2.2465694359999997,cv
47.16364599997178,96,0.823,-0.01359765,-2.71953,11.19086595,2.2381731899999995,cv
47.18700729997363,96,0.823,-0.0134847,-2.69694,11.0979081,2.21958162,cv
47.20974339998793,96,0.823,-0.01359219,-2.718438,11.186372369999999,2.237274474,cv
47.23399899993092,96,0.823,-0.01367234,-2.734468,11.252335819999999,2.250467164,cv
47.25670949998312,96,0.823,-0.01344644,-2.6892880000000003,11.06642012,2.213284024,cv
47.281865599914454,96,0.823,-0.01355575,-2.71115,11.15638225,2.2312764499999997,cv
47.304723499924876,96,0.823,-0.01347376,-2.6947520000000003,11.088904479999998,2.2177808960000003,cv
47.32942009996623,96,0.823,-0.01349381,-2.698762,11.105405629999998,2.2210811259999996,cv
47.35235649999231,96,0.823,-0.0136687,-2.73374,11.2493401,2.24986802,cv
47.3743427998852,96,0.823,-0.01345191,-2.690382,11.070921929999997,2.214184386,cv
47.39630749996286,96,0.823,-0.01348288,-2.696576,11.096410239999999,2.2192820479999997,cv
47.418255299911834,96,0.823,-0.01357761,-2.715522,11.17437303,2.234874606,cv
47.44081209995784,96,0.823,-0.01369238,-2.738476,11.26882874,2.2537657479999997,cv
47.46649159991648,96,0.823,-0.01359947,-2.719894,11.19236381,2.238472762,cv
47.488383399904706,96,0.823,-0.01360858,-2.721716,11.199861339999998,2.239972268,cv
47.51160429988522,96,0.823,-0.01370514,-2.741028,11.279330219999999,2.255866044,cv
47.53369979991112,96,0.823,-0.01349745,-2.69949,11.108401349999998,2.22168027,cv
47.56031859992072,96,0.823,-0.01346466,-2.692932,11.08141518,2.2162830359999997,cv
47.583860399900004,96,0.823,-0.01357032,-2.714064,11.168373359999999,2.233674672,cv
47.60733359993901,96,0.823,-0.01347377,-2.694754,11.088912709999999,2.217782542,cv
47.63036970002577,97,0.823,-0.0136851,-2.7370200000000002,11.2628373,2.25256746,cv
47.6523945000954,97,0.823,-0.01354846,-2.709692,11.15038258,2.230076516,cv
47.67450830002781,97,0.823,-0.01342822,-2.685644,11.051425059999998,2.210285012,cv
47.70038540009409,97,0.823,-0.01347377,-2.694754,11.088912709999999,2.217782542,cv
47.72359140007757,97,0.823,-0.01354299,-2.708598,11.145880769999998,2.2291761539999997,cv
47.747305800090544,97,0.823,-0.01343915,-2.68783,11.06042045,2.21208409,cv
47.770910200080834,97,0.823,-0.01362134,-2.724268,11.210362819999999,2.242072564,cv
47.79421469999943,97,0.823,-0.01357579,-2.715158,11.172875170000001,2.234575034,cv
47.81772120005917,97,0.823,-0.01352478,-2.704956,11.130893939999998,2.226178788,cv
47.839097000076436,97,0.823,-0.01365777,-2.731554,11.240344709999999,2.2480689419999997,cv
47.86044270009734,97,0.823,-0.01370331,-2.740662,11.277824129999999,2.2555648259999996,cv
47.88583670009393,97,0.823,-0.01358854,-2.717708,11.183368419999999,2.236673684,cv
47.907680900068954,97,0.823,-0.01354117,-2.708234,11.14438291,2.228876582,cv
47.93519160000142,97,0.823,-0.01364502,-2.729004,11.22985146,2.245970292,cv
47.957891300087795,97,0.823,-0.01350838,-2.701676,11.11739674,2.2234793479999997,cv
47.983609200106,97,0.823,-0.01362498,-2.724996,11.21335854,2.242671708,cv
48.00691890006419,97,0.823,-0.01343368,-2.6867360000000002,11.055918639999998,2.211183728,cv
48.03090550005436,97,0.823,-0.013543,-2.7085999999999997,11.145888999999999,2.2291777999999995,cv
48.05251710000448,97,0.823,-0.01353388,-2.706776,11.13838324,2.227676648,cv
48.074289400014095,97,0.823,-0.01343186,-2.686372,11.05442078,2.2108841559999997,cv
48.09529290010687,97,0.823,-0.01346466,-2.692932,11.08141518,2.2162830359999997,cv
48.11767309997231,98,0.823,-0.01354118,-2.7082360000000003,11.14439114,2.228878228,cv
48.14065389998723,98,0.823,-0.01363773,-2.7275460000000002,11.22385179,2.2447703580000002,cv
48.16394469991792,98,0.823,-0.01357032,-2.714064,11.168373359999999,2.233674672,cv
48.18654289992992,98,0.823,-0.01348105,-2.6962099999999998,11.09490415,2.2189808299999996,cv
48.21001929999329,98,0.823,-0.01359765,-2.71953,11.19086595,2.2381731899999995,cv
48.234408899908885,98,0.823,-0.01367052,-2.734104,11.25083796,2.250167592,cv
48.25783509993926,98,0.823,-0.01352478,-2.704956,11.130893939999998,2.226178788,cv
48.28283089993056,98,0.823,-0.01365595,-2.7311900000000002,11.23884685,2.24776937,cv
48.305974799906835,98,0.823,-0.01345919,-2.6918379999999997,11.076913369999998,2.2153826739999998,cv
48.327598199946806,98,0.823,-0.01353207,-2.706414,11.13689361,2.227378722,cv
48.34947919996921,98,0.823,-0.01361587,-2.723174,11.20586101,2.241172202,cv
48.37256409996189,98,0.823,-0.0136268,-2.72536,11.214856399999999,2.24297128,cv
48.39461179997306,98,0.823,-0.01341183,-2.682366,11.037936089999999,2.207587218,cv
48.421093499986455,98,0.823,-0.01347195,-2.69439,11.08741485,2.21748297,cv
48.443696299917065,98,0.823,-0.01353024,-2.706048,11.13538752,2.227077504,cv
48.46912399993744,98,0.823,-0.01345191,-2.690382,11.070921929999997,2.214184386,cv
48.49051339994185,98,0.823,-0.01367417,-2.734834,11.25384191,2.250768382,cv
48.51424149994273,98,0.823,-0.01356121,-2.7122420000000003,11.16087583,2.232175166,cv
48.53575329994783,98,0.823,-0.01347741,-2.695482,11.09190843,2.218381686,cv
48.562145599978976,98,0.823,-0.01355211,-2.710422,11.153386529999999,2.2306773059999996,cv
48.58469079993665,98,0.823,-0.01350474,-2.700948,11.114401019999999,2.222880204,cv
48.60867290000897,99,0.823,-0.01357579,-2.715158,11.172875170000001,2.234575034,cv
48.63268920010887,99,0.823,-0.01371971,-2.7439419999999997,11.291321329999999,2.2582642659999994,cv
48.657608800102025,99,0.823,-0.01345919,-2.6918379999999997,11.076913369999998,2.2153826739999998,cv
48.68312460009474,99,0.823,-0.01363591,-2.727182,11.222353929999999,2.244470786,cv
48.70472860010341,99,0.823,-0.01343551,-2.687102,11.05742473,2.2114849459999997,cv
48.731296400073916,99,0.823,-0.01347559,-2.695118,11.090410570000001,2.218082114,cv
48.75350840005558,99,0.823,-0.01351749,-2.703498,11.12489427,2.224978854,cv
48.778104400029406,99,0.823,-0.01343368,-2.6867360000000002,11.055918639999998,2.211183728,cv
48.799434300046414,99,0.823,-0.01361222,-2.722444,11.202857059999998,2.2405714119999995,cv
48.824793500010855,99,0.822,-0.01362497,-2.7249939999999997,11.199725339999999,2.2399450679999995,cv
48.846562200109474,99,0.823,-0.01349198,-2.698396,11.10389954,2.220779908,cv
48.87167870008852,99,0.823,-0.01359765,-2.71953,11.19086595,2.2381731899999995,cv
48.894711400032975,99,0.823,-0.0134847,-2.69694,11.0979081,2.21958162,cv
48.920489600044675,99,0.823,-0.01350656,-2.701312,11.115898880000001,2.223179776,cv
48.94361080008093,99,0.823,-0.01356303,-2.712606,11.162373689999999,2.232474738,cv
48.968317400082015,99,0.823,-0.01349745,-2.69949,11.108401349999998,2.22168027,cv
48.99060710007325,99,0.823,-0.01365959,-2.731918,11.24184257,2.2483685139999996,cv
49.014445100096054,99,0.823,-0.0135266,-2.70532,11.132391799999999,2.2264783599999998,cv
49.038125800085254,99,0.823,-0.01347923,-2.695846,11.093406289999999,2.2186812579999997,cv
49.06386720004957,99,0.823,-0.01360312,-2.720624,11.19536776,2.239073552,cv
49.090327200014144,99,0.823,-0.01342822,-2.685644,11.051425059999998,2.210285012,cv
49.11244279996026,100,0.823,-0.01350291,-2.700582,11.11289493,2.222578986,cv
49.13745669997297,100,0.823,-0.01343915,-2.68783,11.06042045,2.21208409,cv
49.16071520000696,100,0.823,-0.01359947,-2.719894,11.19236381,2.238472762,cv
49.186189199914224,100,0.823,-0.01351202,-2.702404,11.12039246,2.224078492,cv
49.20877029991243,100,0.823,-0.01352842,-2.7056839999999998,11.133889659999998,2.2267779319999996,cv
49.234807499917224,100,0.823,-0.01367052,-2.734104,11.25083796,2.250167592,cv
49.25806359993294,100,0.823,-0.01349745,-2.69949,11.108401349999998,2.22168027,cv
49.28085270000156,100,0.823,-0.01363227,-2.726454,11.21935821,2.2438716419999998,cv
49.3038142999867,100,0.823,-0.01353753,-2.707506,11.14138719,2.2282774379999997,cv
49.32558419997804,100,0.823,-0.01347923,-2.695846,11.093406289999999,2.2186812579999997,cv
49.347565999953076,100,0.823,-0.01355393,-2.710786,11.15488439,2.230976878,cv
49.369816399994306,100,0.823,-0.01363773,-2.7275460000000002,11.22385179,2.2447703580000002,cv
49.39166620001197,100,0.823,-0.0136268,-2.72536,11.214856399999999,2.24297128,cv
49.418377599911764,100,0.823,-0.01343551,-2.687102,11.05742473,2.2114849459999997,cv
49.44077370001469,100,0.823,-0.01362498,-2.724996,11.21335854,2.242671708,cv
49.467725299997255,100,0.823,-0.01350656,-2.701312,11.115898880000001,2.223179776,cv
49.48963799991179,100,0.823,-0.0136013,-2.72026,11.193869900000001,2.23877398,cv
49.512502099969424,100,0.823,-0.01360311,-2.7206219999999997,11.19535953,2.2390719059999995,cv
49.53556330001447,100,0.823,-0.01342093,-2.6841859999999995,11.045425389999998,2.2090850779999993,cv
49.561283299932256,100,0.823,-0.01352478,-2.704956,11.130893939999998,2.226178788,cv
49.583834099932574,100,0.823,-0.01354482,-2.7089640000000004,11.147386860000001,2.2294773720000003,cv
49.60746199998539,101,0.823,-0.01351931,-2.703862,11.12639213,2.225278426,cv
49.63089819997549,101,0.823,-0.01366142,-2.732284,11.243348659999999,2.2486697319999998,cv
49.6545552999014,101,0.823,-0.01353935,-2.70787,11.142885049999999,2.22857701,cv
49.677828199928626,101,0.823,-0.01351385,-2.70277,11.121898550000001,2.22437971,cv
49.70016659994144,101,0.823,-0.01365048,-2.730096,11.23434504,2.246869008,cv
49.722230699961074,101,0.823,-0.01364319,-2.7286379999999997,11.228345369999998,2.245669074,cv
49.74690289993305,101,0.823,-0.01346283,-2.6925660000000002,11.07990909,2.215981818,cv
49.7691156999208,101,0.823,-0.0135849,-2.7169800000000004,11.1803727,2.23607454,cv
49.794730599969625,101,0.823,-0.01367234,-2.734468,11.252335819999999,2.250467164,cv
49.81652539991774,101,0.823,-0.01347923,-2.695846,11.093406289999999,2.2186812579999997,cv
49.8399862999795,101,0.823,-0.01351203,-2.702406,11.120400689999999,2.2240801379999997,cv
49.861622499884106,101,0.823,-0.01361222,-2.722444,11.202857059999998,2.2405714119999995,cv
49.88668839994352,101,0.823,-0.01345008,-2.690016,11.06941584,2.2138831679999997,cv
49.908767999964766,101,0.823,-0.01357032,-2.714064,11.168373359999999,2.233674672,cv
49.93478679994587,101,0.823,-0.01366141,-2.732282,11.24334043,2.248668086,cv
49.95809719990939,101,0.823,-0.01349199,-2.698398,11.10390777,2.2207815539999998,cv
49.9830815999303,101,0.823,-0.01363955,-2.72791,11.225349649999998,2.24506993,cv
50.005903099896386,101,0.823,-0.01344462,-2.6889239999999996,11.06492226,2.2129844519999997,cv
50.03131609992124,101,0.823,-0.01354482,-2.7089640000000004,11.147386860000001,2.2294773720000003,cv
50.05375279998407,101,0.823,-0.01353024,-2.706048,11.13538752,2.227077504,cv
50.077332499902695,101,0.823,-0.01347376,-2.6947520000000003,11.088904479999998,2.2177808960000003,cv
50.09981079993304,102,0.823,-0.01365413,-2.730826,11.23734899,2.247469798,cv
50.12171929993201,102,0.822,-0.01363773,-2.7275460000000002,11.21021406,2.242042812,cv
50.1438626999734,102,0.823,-0.01346283,-2.6925660000000002,11.07990909,2.215981818,cv
50.16739599988796,102,0.823,-0.0134519,-2.6903799999999998,11.070913699999998,2.2141827399999996,cv
50.18921419989783,102,0.823,-0.01357579,-2.715158,11.172875170000001,2.234575034,cv
50.21590389998164,102,0.823,-0.01365959,-2.731918,11.24184257,2.2483685139999996,cv
50.238444899907336,102,0.823,-0.01351749,-2.703498,11.12489427,2.224978854,cv
50.26191729994025,102,0.823,-0.01361587,-2.723174,11.20586101,2.241172202,cv
50.28366009995807,102,0.823,-0.01343186,-2.686372,11.05442078,2.2108841559999997,cv
50.30906859994866,102,0.823,-0.01344826,-2.6896519999999997,11.067917979999999,2.2135835959999994,cv
50.3307450999273,102,0.823,-0.01366141,-2.732282,11.24334043,2.248668086,cv
50.352761999936774,102,0.823,-0.01351202,-2.702404,11.12039246,2.224078492,cv
50.37489259999711,102,0.823,-0.01344097,-2.688194,11.06191831,2.212383662,cv
50.397575499955565,102,0.823,-0.01350292,-2.700584,11.11290316,2.222580632,cv
50.42191109992564,102,0.823,-0.01364138,-2.728276,11.22685574,2.245371148,cv
50.44511909992434,102,0.823,-0.01346101,-2.692202,11.07841123,2.215682246,cv
50.470144099905156,102,0.823,-0.01350656,-2.701312,11.115898880000001,2.223179776,cv
50.491583499941044,102,0.823,-0.01361222,-2.722444,11.202857059999998,2.2405714119999995,cv
50.51498459989671,102,0.823,-0.01350291,-2.700582,11.11289493,2.222578986,cv
50.53672689991072,102,0.823,-0.0134847,-2.69694,11.0979081,2.21958162,cv
50.56237079994753,102,0.823,-0.01357397,-2.714794,11.171377309999999,2.234275462,cv
50.58486910001375,103,0.823,-0.01343187,-2.686374,11.05442901,2.2108858019999995,cv
50.6112267000135,103,0.823,-0.01348652,-2.697304,11.099405959999999,2.219881192,cv
50.63388739991933,103,0.823,-0.01349563,-2.699126,11.106903489999999,2.221380698,cv
50.659458599984646,103,0.823,-0.01344462,-2.6889239999999996,11.06492226,2.2129844519999997,cv
50.681926299934275,103,0.823,-0.01365048,-2.730096,11.23434504,2.246869008,cv
50.70858059998136,103,0.823,-0.01343915,-2.68783,11.06042045,2.21208409,cv
50.73096559999976,103,0.823,-0.01365595,-2.7311900000000002,11.23884685,2.24776937,cv
50.75283439992927,103,0.823,-0.01349927,-2.699854,11.10989921,2.221979842,cv
50.774870199966244,103,0.823,-0.01343551,-2.687102,11.05742473,2.2114849459999997,cv
50.79818909999449,103,0.823,-0.01349563,-2.699126,11.106903489999999,2.221380698,cv
50.81980029994156,103,0.823,-0.01364319,-2.7286379999999997,11.228345369999998,2.245669074,cv
50.8447051999392,103,0.823,-0.01361587,-2.723174,11.20586101,2.241172202,cv
50.86698829999659,103,0.823,-0.01349745,-2.69949,11.108401349999998,2.22168027,cv
50.892675899900496,103,0.823,-0.01357579,-2.715158,11.172875170000001,2.234575034,cv
50.91616369993426,103,0.823,-0.01341,-2.682,11.03643,2.207286,cv
50.945964799961075,103,0.823,-0.01351931,-2.703862,11.12639213,2.225278426,cv
50.9713652000064,103,0.823,-0.01351203,-2.702406,11.120400689999999,2.2240801379999997,cv
50.99418049992528,103,0.823,-0.01346648,-2.6932959999999997,11.08291304,2.2165826079999995,cv
51.0168991999235,103,0.823,-0.01343004,-2.686008,11.05292292,2.210584584,cv
51.03889089997392,103,0.823,-0.01356122,-2.712244,11.160884059999999,2.232176812,cv
51.06426199991256,103,0.823,-0.01364319,-2.7286379999999997,11.228345369999998,2.245669074,cv
51.08771899994463,104,0.823,-0.01348288,-2.696576,11.096410239999999,2.2192820479999997,cv
51.11251179990359,104,0.823,-0.01362862,-2.725724,11.21635426,2.2432708519999998,cv
51.13512009999249,104,0.823,-0.01344462,-2.6889239999999996,11.06492226,2.2129844519999997,cv
51.15856129990425,104,0.823,-0.01349381,-2.698762,11.105405629999998,2.2210811259999996,cv
51.181154099991545,104,0.823,-0.01363773,-2.7275460000000002,11.22385179,2.2447703580000002,cv
51.20635209989268,104,0.823,-0.01349745,-2.69949,11.108401349999998,2.22168027,cv
51.22903489996679,104,0.823,-0.01352842,-2.7056839999999998,11.133889659999998,2.2267779319999996,cv
51.25417159998324,104,0.823,-0.01363955,-2.72791,11.225349649999998,2.24506993,cv
51.27687840000726,104,0.823,-0.01344462,-2.6889239999999996,11.06492226,2.2129844519999997,cv
51.298797699972056,104,0.823,-0.01356304,-2.7126080000000004,11.16238192,2.2324763840000004,cv
51.32069089997094,104,0.823,-0.01363409,-2.726818,11.220856069999998,2.244171214,cv
51.34517699992284,104,0.823,-0.01357761,-2.715522,11.17437303,2.234874606,cv
51.36690699995961,104,0.823,-0.01347559,-2.695118,11.090410570000001,2.218082114,cv
51.39333769993391,104,0.823,-0.01356304,-2.7126080000000004,11.16238192,2.2324763840000004,cv
51.41605349991005,104,0.823,-0.01342458,-2.6849160000000003,11.048429339999998,2.209685868,cv
51.4415078999009,104,0.823,-0.01352842,-2.7056839999999998,11.133889659999998,2.2267779319999996,cv
51.46395279990975,104,0.823,-0.01348652,-2.697304,11.099405959999999,2.219881192,cv
51.487301599932835,104,0.823,-0.01345737,-2.691474,11.07541551,2.215083102,cv
51.508888999931514,104,0.823,-0.01358308,-2.716616,11.17887484,2.235774968,cv
51.53497579996474,104,0.823,-0.01365595,-2.7311900000000002,11.23884685,2.24776937,cv
51.55802889994811,104,0.823,-0.01349199,-2.698398,11.10390777,2.2207815539999998,cv
51.58419349999167,105,0.823,-0.01366688,-2.733376,11.247842239999999,2.2495684479999998,cv
51.605612299987115,105,0.823,-0.01346466,-2.692932,11.08141518,2.2162830359999997,cv
51.62914059998002,105,0.823,-0.01349745,-2.69949,11.108401349999998,2.22168027,cv
51.650894699967466,105,0.823,-0.01364502,-2.729004,11.22985146,2.245970292,cv
51.67617859994061,105,0.823,-0.01346648,-2.6932959999999997,11.08291304,2.2165826079999995,cv
51.698857599985786,105,0.823,-0.01350474,-2.700948,11.114401019999999,2.222880204,cv
51.724896899890155,105,0.823,-0.01362498,-2.724996,11.21335854,2.242671708,cv
51.74672599998303,105,0.823,-0.01346102,-2.6922040000000003,11.078419460000001,2.215683892,cv
51.77099549991544,105,0.823,-0.0135102,-2.7020399999999998,11.1188946,2.2237789199999995,cv
51.7927420999622,105,0.823,-0.01347559,-2.695118,11.090410570000001,2.218082114,cv
51.81765789992642,105,0.823,-0.01343551,-2.687102,11.05742473,2.2114849459999997,cv
51.83893269998953,105,0.823,-0.01358854,-2.717708,11.183368419999999,2.236673684,cv
51.86447659996338,105,0.823,-0.01367052,-2.734104,11.25083796,2.250167592,cv
51.887020899914205,105,0.823,-0.01347559,-2.695118,11.090410570000001,2.218082114,cv
51.91282519989181,105,0.823,-0.01359765,-2.71953,11.19086595,2.2381731899999995,cv
51.93633069994394,105,0.823,-0.0134264,-2.6852799999999997,11.049927199999999,2.2099854399999996,cv
51.96087029995397,105,0.823,-0.01353571,-2.707142,11.139889329999999,2.227977866,cv
51.984311699983664,105,0.823,-0.0134847,-2.69694,11.0979081,2.21958162,cv
52.007096299901605,105,0.823,-0.01344826,-2.6896519999999997,11.067917979999999,2.2135835959999994,cv
52.03037619998213,105,0.823,-0.01356304,-2.7126080000000004,11.16238192,2.2324763840000004,cv
52.053805099916644,105,0.823,-0.01355757,-2.711514,11.157880109999999,2.231576022,cv
52.07839079992846,106,0.823,-0.01346284,-2.692568,11.07991732,2.215983464,cv
52.10122119996231,106,0.823,-0.01361222,-2.722444,11.202857059999998,2.2405714119999995,cv
52.12416809995193,106,0.823,-0.01347012,-2.6940239999999998,11.085908759999999,2.2171817519999997,cv
52.1462400999153,106,0.823,-0.01343915,-2.68783,11.06042045,2.21208409,cv
52.167931599891745,106,0.823,-0.01351385,-2.70277,11.121898550000001,2.22437971,cv
52.19241639995016,106,0.823,-0.01361405,-2.72281,11.20436315,2.2408726299999997,cv
52.21446059993468,106,0.823,-0.01341729,-2.683458,11.042429669999999,2.2084859339999996,cv
52.24166289996356,106,0.823,-0.01345555,-2.69111,11.073917649999999,2.21478353,cv
52.2640953999944,106,0.823,-0.01348834,-2.6976679999999997,11.10090382,2.2201807639999998,cv
52.28712489991449,106,0.823,-0.01345737,-2.691474,11.07541551,2.215083102,cv
52.30912519991398,106,0.823,-0.01356668,-2.713336,11.165377639999997,2.2330755279999996,cv
52.33350309997331,106,0.823,-0.01363773,-2.7275460000000002,11.22385179,2.2447703580000002,cv
52.35498649987858,106,0.823,-0.01342458,-2.6849160000000003,11.048429339999998,2.209685868,cv
52.38253589998931,106,0.823,-0.0134847,-2.69694,11.0979081,2.21958162,cv
52.40510319988243,106,0.823,-0.01341911,-2.683822,11.04392753,2.208785506,cv
52.430896999896504,106,0.823,-0.01346284,-2.692568,11.07991732,2.215983464,cv
52.45418269990478,106,0.823,-0.01344644,-2.6892880000000003,11.06642012,2.213284024,cv
52.47684429993387,106,0.823,-0.01343551,-2.687102,11.05742473,2.2114849459999997,cv
52.4987510999199,106,0.823,-0.01357215,-2.71443,11.16987945,2.23397589,cv
52.522082199924625,106,0.823,-0.01362133,-2.7242659999999996,11.21035459,2.2420709179999996,cv
52.544644499896094,106,0.823,-0.0134264,-2.6852799999999997,11.049927199999999,2.2099854399999996,cv
52.571266300044954,107,0.823,-0.01351385,-2.70277,11.121898550000001,2.22437971,cv
52.5941164001124,107,0.823,-0.01352295,-2.70459,11.12938785,2.2258775699999997,cv
52.619392100023106,107,0.823,-0.01350291,-2.700582,11.11289493,2.222578986,cv
52.64236180006992,107,0.823,-0.01367052,-2.734104,11.25083796,2.250167592,cv
52.667335200007074,107,0.823,-0.01343551,-2.687102,11.05742473,2.2114849459999997,cv
52.69021990010515,107,0.823,-0.01357579,-2.715158,11.172875170000001,2.234575034,cv
52.713343500043266,107,0.823,-0.01358125,-2.7162499999999996,11.17736875,2.2354737499999997,cv
52.73610530002043,107,0.823,-0.01342276,-2.684552,11.04693148,2.209386296,cv
52.762397000100464,107,0.823,-0.01350109,-2.700218,11.111397069999999,2.222279414,cv
52.783827700070105,107,0.823,-0.01338267,-2.6765339999999997,11.013937409999999,2.2027874819999997,cv
52.8050487000728,107,0.823,-0.01339907,-2.679814,11.027434609999998,2.205486922,cv
52.82697850011755,107,0.823,-0.01348288,-2.696576,11.096410239999999,2.2192820479999997,cv
52.85304720001295,107,0.823,-0.01357761,-2.715522,11.17437303,2.234874606,cv
52.875468200072646,107,0.823,-0.01342276,-2.684552,11.04693148,2.209386296,cv
52.90264540002681,107,0.823,-0.01349381,-2.698762,11.105405629999998,2.2210811259999996,cv
52.925168800051324,107,0.823,-0.01345555,-2.69111,11.073917649999999,2.21478353,cv
52.9492586000124,107,0.823,-0.01351931,-2.703862,11.12639213,2.225278426,cv
52.97216120001394,107,0.823,-0.01367417,-2.734834,11.25384191,2.250768382,cv
52.9963569000829,107,0.823,-0.01344462,-2.6889239999999996,11.06492226,2.2129844519999997,cv
53.019355500116944,107,0.823,-0.01354482,-2.7089640000000004,11.147386860000001,2.2294773720000003,cv
53.043535500066355,107,0.823,-0.01364502,-2.729004,11.22985146,2.245970292,cv
53.068134899949655,108,0.823,-0.01345191,-2.690382,11.070921929999997,2.214184386,cv
53.090094699990004,108,0.823,-0.0136268,-2.72536,11.214856399999999,2.24297128,cv
53.11204579996411,108,0.823,-0.0135685,-2.7137000000000002,11.1668755,2.2333751,cv
53.13546529994346,108,0.823,-0.01342093,-2.6841859999999995,11.045425389999998,2.2090850779999993,cv
53.15718979993835,108,0.823,-0.01348288,-2.696576,11.096410239999999,2.2192820479999997,cv
53.18413949990645,108,0.823,-0.01357397,-2.714794,11.171377309999999,2.234275462,cv
53.20708729990292,108,0.823,-0.01344826,-2.6896519999999997,11.067917979999999,2.2135835959999994,cv
53.23179829993751,108,0.823,-0.01355575,-2.71115,11.15638225,2.2312764499999997,cv
53.25461659999564,108,0.823,-0.01341547,-2.683094,11.04093181,2.2081863619999997,cv
53.276079099974595,108,0.823,-0.01347012,-2.6940239999999998,11.085908759999999,2.2171817519999997,cv
53.29808959993534,108,0.823,-0.01355757,-2.711514,11.157880109999999,2.231576022,cv
53.32287449995056,108,0.823,-0.0136523,-2.73046,11.2358429,2.24716858,cv
53.344516299897805,108,0.823,-0.01343551,-2.687102,11.05742473,2.2114849459999997,cv
53.371042499900796,108,0.823,-0.01347012,-2.6940239999999998,11.085908759999999,2.2171817519999997,cv
53.39424939989112,108,0.823,-0.01347923,-2.695846,11.093406289999999,2.2186812579999997,cv
53.41791549988557,108,0.823,-0.01345555,-2.69111,11.073917649999999,2.21478353,cv
53.44109519990161,108,0.823,-0.01362315,-2.7246300000000003,11.21185245,2.2423704900000003,cv
53.465461699990556,108,0.823,-0.01345555,-2.69111,11.073917649999999,2.21478353,cv
53.488040899974294,108,0.823,-0.01347195,-2.69439,11.08741485,2.21748297,cv
53.511817699996755,108,0.823,-0.01361405,-2.72281,11.20436315,2.2408726299999997,cv
53.5335986999562,108,0.823,-0.01343915,-2.68783,11.06042045,2.21208409,cv
53.5607281998964,109,0.823,-0.01342276,-2.684552,11.04693148,2.209386296,cv
53.58265279990155,109,0.823,-0.01357032,-2.714064,11.168373359999999,2.233674672,cv
53.60501819988713,109,0.823,-0.01344826,-2.6896519999999997,11.067917979999999,2.2135835959999994,cv
53.627680599922314,109,0.823,-0.01353389,-2.706778,11.13839147,2.227678294,cv
53.653314399998635,109,0.823,-0.01361769,-2.723538,11.20735887,2.241471774,cv
53.67619199992623,109,0.823,-0.01346102,-2.6922040000000003,11.078419460000001,2.215683892,cv
53.70002389990259,109,0.823,-0.01354664,-2.709328,11.14888472,2.229776944,cv
53.72320479992777,109,0.823,-0.01358854,-2.717708,11.183368419999999,2.236673684,cv
53.746496699983254,109,0.823,-0.01345373,-2.690746,11.07241979,2.2144839579999998,cv
53.767932799994014,109,0.823,-0.01353935,-2.70787,11.142885049999999,2.22857701,cv
53.79246289993171,109,0.823,-0.01357032,-2.714064,11.168373359999999,2.233674672,cv
53.81381599989254,109,0.823,-0.01341,-2.682,11.03643,2.207286,cv
53.83948669990059,109,0.823,-0.01342093,-2.6841859999999995,11.045425389999998,2.2090850779999993,cv
53.86116369999945,109,0.823,-0.01363955,-2.72791,11.225349649999998,2.24506993,cv
53.88719519996084,109,0.823,-0.01345737,-2.691474,11.07541551,2.215083102,cv
53.91024269990157,109,0.823,-0.01357761,-2.715522,11.17437303,2.234874606,cv
53.93429349991493,109,0.823,-0.01355939,-2.7118779999999996,11.159377969999998,2.2318755939999995,cv
53.9572834999999,109,0.823,-0.01345737,-2.691474,11.07541551,2.215083102,cv
53.9821990999626,109,0.823,-0.01360311,-2.7206219999999997,11.19535953,2.2390719059999995,cv
54.00409769988619,109,0.823,-0.01344644,-2.6892880000000003,11.06642012,2.213284024,cv
54.02773179998621,109,0.823,-0.01347012,-2.6940239999999998,11.085908759999999,2.2171817519999997,cv
54.05029799998738,110,0.823,-0.01365048,-2.730096,11.23434504,2.246869008,cv
54.075634700013325,110,0.823,-0.01358125,-2.7162499999999996,11.17736875,2.2354737499999997,cv
54.097272599930875,110,0.823,-0.01351567,-2.703134,11.12339641,2.224679282,cv
54.12020799994934,110,0.823,-0.0136104,-2.72208,11.201359199999999,2.24027184,cv
54.1422277999809,110,0.823,-0.01357579,-2.715158,11.172875170000001,2.234575034,cv
54.16807459993288,110,0.823,-0.01341365,-2.68273,11.039433949999998,2.20788679,cv
54.1903728999896,110,0.823,-0.0136268,-2.72536,11.214856399999999,2.24297128,cv
54.21383219992276,110,0.823,-0.01355392,-2.710784,11.15487616,2.2309752319999996,cv
54.235047599999234,110,0.823,-0.01342458,-2.6849160000000003,11.048429339999998,2.209685868,cv
54.260026399977505,110,0.823,-0.01349199,-2.698398,11.10390777,2.2207815539999998,cv
54.28187830001116,110,0.823,-0.01355757,-2.711514,11.157880109999999,2.231576022,cv
54.30673810001463,110,0.823,-0.0134683,-2.6936600000000004,11.0844109,2.2168821800000003,cv
54.32908920000773,110,0.823,-0.01355757,-2.711514,11.157880109999999,2.231576022,cv
54.355460899998434,110,0.823,-0.01366324,-2.732648,11.24484652,2.248969304,cv
54.37850759993307,110,0.823,-0.01352296,-2.7045920000000003,11.12939608,2.225879216,cv
54.404350799974054,110,0.823,-0.01367781,-2.7355620000000003,11.256837629999998,2.251367526,cv
54.42642149992753,110,0.823,-0.01349381,-2.698762,11.105405629999998,2.2210811259999996,cv
54.4484272999689,110,0.823,-0.01355939,-2.7118779999999996,11.159377969999998,2.2318755939999995,cv
54.47080030001234,110,0.823,-0.01365413,-2.730826,11.23734899,2.247469798,cv
54.495419499929994,110,0.822,-0.01355757,-2.711514,11.14432254,2.228864508,cv
54.51757829997223,110,0.823,-0.01349016,-2.698032,11.102401679999998,2.220480336,cv
54.54236869991291,111,0.823,-0.01357943,-2.7158860000000002,11.17587089,2.2351741780000003,cv
54.564721099915914,111,0.823,-0.01342093,-2.6841859999999995,11.045425389999998,2.2090850779999993,cv
54.59007349994499,111,0.823,-0.01348288,-2.696576,11.096410239999999,2.2192820479999997,cv
54.61317869997583,111,0.823,-0.01358307,-2.716614,11.17886661,2.2357733219999996,cv
54.63523059990257,111,0.823,-0.01346102,-2.6922040000000003,11.078419460000001,2.215683892,cv
54.657480699941516,111,0.823,-0.01353024,-2.706048,11.13538752,2.227077504,cv
54.68492659996264,111,0.823,-0.01362134,-2.724268,11.210362819999999,2.242072564,cv
54.70767829997931,111,0.823,-0.01348288,-2.696576,11.096410239999999,2.2192820479999997,cv
54.731052099959925,111,0.823,-0.01361405,-2.72281,11.20436315,2.2408726299999997,cv
54.75317079992965,111,0.823,-0.01348106,-2.696212,11.094912379999998,2.218982476,cv
54.775118199991994,111,0.823,-0.01344826,-2.6896519999999997,11.067917979999999,2.2135835959999994,cv
54.796203800011426,111,0.823,-0.01347012,-2.6940239999999998,11.085908759999999,2.2171817519999997,cv
54.81883739994373,111,0.823,-0.01355028,-2.710056,11.15188044,2.230376088,cv
54.841306099900976,111,0.823,-0.01365048,-2.730096,11.23434504,2.246869008,cv
54.863276699907146,111,0.823,-0.01347376,-2.6947520000000003,11.088904479999998,2.2177808960000003,cv
54.885480299941264,111,0.823,-0.01344826,-2.6896519999999997,11.067917979999999,2.2135835959999994,cv
54.907385199912824,111,0.823,-0.01350656,-2.701312,11.115898880000001,2.223179776,cv
54.9334565999452,111,0.823,-0.01359583,-2.719166,11.189368089999999,2.237873618,cv
54.95646079990547,111,0.823,-0.0134264,-2.6852799999999997,11.049927199999999,2.2099854399999996,cv
54.980600200011395,111,0.823,-0.013543,-2.7085999999999997,11.145888999999999,2.2291777999999995,cv
55.003466699970886,111,0.823,-0.01355575,-2.71115,11.15638225,2.2312764499999997,cv
55.02756319998298,112,0.823,-0.01347012,-2.6940239999999998,11.085908759999999,2.2171817519999997,cv
55.05041269992944,112,0.823,-0.01359401,-2.718802,11.18787023,2.237574046,cv
55.07478479994461,112,0.823,-0.01356486,-2.7129719999999997,11.163879779999998,2.232775956,cv
55.09784269996453,112,0.823,-0.01350292,-2.700584,11.11290316,2.222580632,cv
55.12262909999117,112,0.823,-0.0136104,-2.72208,11.201359199999999,2.24027184,cv
55.145773399970494,112,0.823,-0.01342458,-2.6849160000000003,11.048429339999998,2.209685868,cv
55.16907359997276,112,0.823,-0.0135102,-2.7020399999999998,11.1188946,2.2237789199999995,cv
55.19169389992021,112,0.823,-0.01367234,-2.734468,11.252335819999999,2.250467164,cv
55.21657119994052,112,0.823,-0.01346283,-2.6925660000000002,11.07990909,2.215981818,cv
55.23861839994788,112,0.823,-0.01355757,-2.711514,11.157880109999999,2.231576022,cv
55.260127699933946,112,0.823,-0.01364866,-2.729732,11.23284718,2.2465694359999997,cv
55.28129199997056,112,0.823,-0.01362862,-2.725724,11.21635426,2.2432708519999998,cv
55.30680079990998,112,0.823,-0.01344826,-2.6896519999999997,11.067917979999999,2.2135835959999994,cv
55.32899849989917,112,0.823,-0.013543,-2.7085999999999997,11.145888999999999,2.2291777999999995,cv
55.35498889989685,112,0.823,-0.01365595,-2.7311900000000002,11.23884685,2.24776937,cv
55.3775768999476,112,0.823,-0.01348652,-2.697304,11.099405959999999,2.219881192,cv
55.40244349988643,112,0.823,-0.0136268,-2.72536,11.214856399999999,2.24297128,cv
55.42553939996287,112,0.823,-0.01344826,-2.6896519999999997,11.067917979999999,2.2135835959999994,cv
55.448999999905936,112,0.823,-0.01352842,-2.7056839999999998,11.133889659999998,2.2267779319999996,cv
55.47148259996902,112,0.823,-0.01365413,-2.730826,11.23734899,2.247469798,cv
55.4956305999076,112,0.823,-0.01347012,-2.6940239999999998,11.085908759999999,2.2171817519999997,cv
55.51858629996423,113,0.823,-0.0135685,-2.7137000000000002,11.1668755,2.2333751,cv
55.54190359998029,113,0.823,-0.01367234,-2.734468,11.252335819999999,2.250467164,cv
55.5646243999945,113,0.823,-0.01346283,-2.6925660000000002,11.07990909,2.215981818,cv
55.589322999934666,113,0.823,-0.01347559,-2.695118,11.090410570000001,2.218082114,cv
55.612508499994874,113,0.823,-0.01364137,-2.728274,11.226847509999999,2.245369502,cv
55.63475669990294,113,0.823,-0.01343915,-2.68783,11.06042045,2.21208409,cv
55.65617109998129,113,0.823,-0.01347923,-2.695846,11.093406289999999,2.2186812579999997,cv
55.68098599999212,113,0.823,-0.01351203,-2.702406,11.120400689999999,2.2240801379999997,cv
55.70237739989534,113,0.823,-0.01353935,-2.70787,11.142885049999999,2.22857701,cv
55.72793619998265,113,0.823,-0.01343004,-2.686008,11.05292292,2.210584584,cv
55.74920899991412,113,0.823,-0.01361405,-2.72281,11.20436315,2.2408726299999997,cv
55.77443609992042,113,0.823,-0.01366506,-2.733012,11.246344379999998,2.249268876,cv
55.79723549995106,113,0.823,-0.0134847,-2.69694,11.0979081,2.21958162,cv
55.82268409989774,113,0.823,-0.01356122,-2.712244,11.160884059999999,2.232176812,cv
55.845662299892865,113,0.823,-0.01343915,-2.68783,11.06042045,2.21208409,cv
55.873206299962476,113,0.823,-0.01353207,-2.706414,11.13689361,2.227378722,cv
55.8946196999168,113,0.823,-0.01345008,-2.690016,11.06941584,2.2138831679999997,cv
55.91678759991191,113,0.823,-0.01349927,-2.699854,11.10989921,2.221979842,cv
55.93883199989796,113,0.823,-0.01356668,-2.713336,11.165377639999997,2.2330755279999996,cv
55.96234349999577,113,0.823,-0.01365048,-2.730096,11.23434504,2.246869008,cv
55.985298099927604,113,0.823,-0.0134264,-2.6852799999999997,11.049927199999999,2.2099854399999996,cv
56.00979149993509,114,0.823,-0.01351385,-2.70277,11.121898550000001,2.22437971,cv
56.03227549989242,114,0.823,-0.01362862,-2.725724,11.21635426,2.2432708519999998,cv
56.05616379994899,114,0.823,-0.01343733,-2.687466,11.058922590000002,2.211784518,cv
56.07886249991134,114,0.823,-0.01350109,-2.700218,11.111397069999999,2.222279414,cv
56.10359509999398,114,0.823,-0.01365413,-2.730826,11.23734899,2.247469798,cv
56.12683129997458,114,0.823,-0.01346102,-2.6922040000000003,11.078419460000001,2.215683892,cv
56.15042219997849,114,0.823,-0.01358854,-2.717708,11.183368419999999,2.236673684,cv
56.17410219996236,114,0.823,-0.01357397,-2.714794,11.171377309999999,2.234275462,cv
56.199361599981785,114,0.823,-0.01347741,-2.695482,11.09190843,2.218381686,cv
56.221486900001764,114,0.823,-0.01366141,-2.732282,11.24334043,2.248668086,cv
56.24326089990791,114,0.823,-0.01349199,-2.698398,11.10390777,2.2207815539999998,cv
56.26425219990779,114,0.823,-0.01346283,-2.6925660000000002,11.07990909,2.215981818,cv
56.288726400001906,114,0.823,-0.01346284,-2.692568,11.07991732,2.215983464,cv
56.310860699974,114,0.823,-0.01365595,-2.7311900000000002,11.23884685,2.24776937,cv
56.33713809994515,114,0.823,-0.01353753,-2.707506,11.14138719,2.2282774379999997,cv
56.35981459997129,114,0.823,-0.01355939,-2.7118779999999996,11.159377969999998,2.2318755939999995,cv
56.3848584999796,114,0.823,-0.01363409,-2.726818,11.220856069999998,2.244171214,cv
56.40800939989276,114,0.823,-0.01348106,-2.696212,11.094912379999998,2.218982476,cv
56.431191099924035,114,0.823,-0.01362134,-2.724268,11.210362819999999,2.242072564,cv
56.45410919992719,114,0.823,-0.01355575,-2.71115,11.15638225,2.2312764499999997,cv
56.47848279995378,114,0.823,-0.01346466,-2.692932,11.08141518,2.2162830359999997,cv
56.501738400082104,115,0.823,-0.01366688,-2.733376,11.247842239999999,2.2495684479999998,cv
56.52444700000342,115,0.823,-0.01347559,-2.695118,11.090410570000001,2.218082114,cv
56.54716550000012,115,0.823,-0.01348288,-2.696576,11.096410239999999,2.2192820479999997,cv
56.57611070002895,115,0.823,-0.01356486,-2.7129719999999997,11.163879779999998,2.232775956,cv
56.60459040000569,115,0.823,-0.01353024,-2.706048,11.13538752,2.227077504,cv
56.62799030006863,115,0.823,-0.01350109,-2.700218,11.111397069999999,2.222279414,cv
56.65258080000058,115,0.823,-0.01362316,-2.724632,11.21186068,2.242372136,cv
56.676137300091796,115,0.823,-0.01343915,-2.68783,11.06042045,2.21208409,cv
56.70020420011133,115,0.823,-0.01353753,-2.707506,11.14138719,2.2282774379999997,cv
56.72160020004958,115,0.823,-0.01364319,-2.7286379999999997,11.228345369999998,2.245669074,cv
56.744433400104754,115,0.823,-0.01346102,-2.6922040000000003,11.078419460000001,2.215683892,cv
56.7655927001033,115,0.823,-0.01344097,-2.688194,11.06191831,2.212383662,cv
56.79114450002089,115,0.823,-0.01350109,-2.700218,11.111397069999999,2.222279414,cv
56.8133947000606,115,0.823,-0.01353024,-2.706048,11.13538752,2.227077504,cv
56.839804500108585,115,0.823,-0.01342822,-2.685644,11.051425059999998,2.210285012,cv
56.86271290003788,115,0.823,-0.01363591,-2.727182,11.222353929999999,2.244470786,cv
56.88735760003328,115,0.823,-0.01343369,-2.686738,11.05592687,2.211185374,cv
56.910028300015256,115,0.823,-0.01358308,-2.716616,11.17887484,2.235774968,cv
56.935011700028554,115,0.823,-0.0136523,-2.73046,11.2358429,2.24716858,cv
56.95759820006788,115,0.823,-0.01349381,-2.698762,11.105405629999998,2.2210811259999996,cv
56.98059200006537,115,0.823,-0.01361951,-2.723902,11.208856729999999,2.2417713459999997,cv
57.00398859998677,116,0.823,-0.01353024,-2.706048,11.13538752,2.227077504,cv
57.02598349994514,116,0.823,-0.01343915,-2.68783,11.06042045,2.21208409,cv
57.04833969997708,116,0.823,-0.01351749,-2.703498,11.12489427,2.224978854,cv
57.072880799882114,116,0.823,-0.01360676,-2.7213520000000004,11.19836348,2.2396726960000004,cv
57.095786599908024,116,0.823,-0.0134264,-2.6852799999999997,11.049927199999999,2.2099854399999996,cv
57.1210561998887,116,0.823,-0.01350474,-2.700948,11.114401019999999,2.222880204,cv
57.14365509990603,116,0.823,-0.01354299,-2.708598,11.145880769999998,2.2291761539999997,cv
57.16710469988175,116,0.823,-0.01345737,-2.691474,11.07541551,2.215083102,cv
57.190028699929826,116,0.823,-0.01357761,-2.715522,11.17437303,2.234874606,cv
57.2127389999805,116,0.823,-0.01363955,-2.72791,11.225349649999998,2.24506993,cv
57.234534599934705,116,0.823,-0.01343551,-2.687102,11.05742473,2.2114849459999997,cv
57.25836609990802,116,0.823,-0.01345555,-2.69111,11.073917649999999,2.21478353,cv
57.27965669997502,116,0.823,-0.01361405,-2.72281,11.20436315,2.2408726299999997,cv
57.30655759992078,116,0.823,-0.01362315,-2.7246300000000003,11.21185245,2.2423704900000003,cv
57.329752299934626,116,0.823,-0.01355757,-2.711514,11.157880109999999,2.231576022,cv
57.35538339999039,116,0.823,-0.01363409,-2.726818,11.220856069999998,2.244171214,cv
57.377932099974714,116,0.823,-0.01348834,-2.6976679999999997,11.10090382,2.2201807639999998,cv
57.40245119994506,116,0.823,-0.01363227,-2.726454,11.21935821,2.2438716419999998,cv
57.42478929995559,116,0.823,-0.01347194,-2.694388,11.08740662,2.217481324,cv
57.448850599932484,116,0.823,-0.01348652,-2.697304,11.099405959999999,2.219881192,cv
57.471917099901475,116,0.823,-0.0136687,-2.73374,11.2493401,2.24986802,cv
57.4956199999433,117,0.823,-0.01343733,-2.687466,11.058922590000002,2.211784518,cv
57.518232099944726,117,0.823,-0.01353024,-2.706048,11.13538752,2.227077504,cv
57.54419849999249,117,0.823,-0.01361405,-2.72281,11.20436315,2.2408726299999997,cv
57.56707549991552,117,0.823,-0.01344826,-2.6896519999999997,11.067917979999999,2.2135835959999994,cv
57.591554799932055,117,0.823,-0.01358126,-2.716252,11.177376979999998,2.235475396,cv
57.61522589996457,117,0.823,-0.01347741,-2.695482,11.09190843,2.218381686,cv
57.638191999983974,117,0.823,-0.01349563,-2.699126,11.106903489999999,2.221380698,cv
57.661124799982645,117,0.823,-0.01361769,-2.723538,11.20735887,2.241471774,cv
57.68535059993155,117,0.823,-0.01354117,-2.708234,11.14438291,2.228876582,cv
57.70702969992999,117,0.823,-0.01350656,-2.701312,11.115898880000001,2.223179776,cv
57.729704799945466,117,0.823,-0.01359219,-2.718438,11.186372369999999,2.237274474,cv
57.75179989996832,117,0.823,-0.01363955,-2.72791,11.225349649999998,2.24506993,cv
57.77737189992331,117,0.823,-0.01345737,-2.691474,11.07541551,2.215083102,cv
57.799106499995105,117,0.823,-0.01356486,-2.7129719999999997,11.163879779999998,2.232775956,cv
57.826193399960175,117,0.823,-0.01366688,-2.733376,11.247842239999999,2.2495684479999998,cv
57.848931599990465,117,0.823,-0.01353024,-2.706048,11.13538752,2.227077504,cv
57.87352279992774,117,0.823,-0.01366506,-2.733012,11.246344379999998,2.249268876,cv
57.89627719996497,117,0.823,-0.01343369,-2.686738,11.05592687,2.211185374,cv
57.91996999992989,117,0.823,-0.01353207,-2.706414,11.13689361,2.227378722,cv
57.94294819992501,117,0.823,-0.01365595,-2.7311900000000002,11.23884685,2.24776937,cv
57.96515199996065,117,0.823,-0.01345555,-2.69111,11.073917649999999,2.21478353,cv
57.98720260011032,118,0.823,-0.01350474,-2.700948,11.114401019999999,2.222880204,cv
58.01060070004314,118,0.823,-0.01357215,-2.71443,11.16987945,2.23397589,cv
58.032143800053746,118,0.823,-0.01364502,-2.729004,11.22985146,2.245970292,cv
58.05862840008922,118,0.823,-0.01347194,-2.694388,11.08740662,2.217481324,cv
58.08196310012136,118,0.823,-0.01367235,-2.73447,11.25234405,2.2504688099999997,cv
58.10611380008049,118,0.823,-0.0134519,-2.6903799999999998,11.070913699999998,2.2141827399999996,cv
58.128928600111976,118,0.823,-0.01350838,-2.701676,11.11739674,2.2234793479999997,cv
58.152227500104345,118,0.823,-0.01364502,-2.729004,11.22985146,2.245970292,cv
58.17569160007406,118,0.823,-0.01345737,-2.691474,11.07541551,2.215083102,cv
58.19793900009245,118,0.823,-0.01354664,-2.709328,11.14888472,2.229776944,cv
58.2197976000607,118,0.823,-0.01364138,-2.728276,11.22685574,2.245371148,cv
58.2434038000647,118,0.823,-0.01365595,-2.7311900000000002,11.23884685,2.24776937,cv
58.2647076001158,118,0.823,-0.01345191,-2.690382,11.070921929999997,2.214184386,cv
58.285879200091586,118,0.823,-0.01347741,-2.695482,11.09190843,2.218381686,cv
58.307860500062816,118,0.823,-0.01355028,-2.710056,11.15188044,2.230376088,cv
58.32973510003649,118,0.823,-0.01363409,-2.726818,11.220856069999998,2.244171214,cv
58.3541009001201,118,0.823,-0.01363955,-2.72791,11.225349649999998,2.24506993,cv
58.37705140002072,118,0.823,-0.01345919,-2.6918379999999997,11.076913369999998,2.2153826739999998,cv
58.40308410010766,118,0.823,-0.0135849,-2.7169800000000004,11.1803727,2.23607454,cv
58.42469740007073,118,0.823,-0.01344826,-2.6896519999999997,11.067917979999999,2.2135835959999994,cv
58.44739000010304,118,0.823,-0.01345737,-2.691474,11.07541551,2.215083102,cv
58.46935649996158,119,0.823,-0.01357032,-2.714064,11.168373359999999,2.233674672,cv
58.49499059992377,119,0.823,-0.01367417,-2.734834,11.25384191,2.250768382,cv
58.51736049994361,119,0.823,-0.01349745,-2.69949,11.108401349999998,2.22168027,cv
58.54141619999427,119,0.823,-0.0135849,-2.7169800000000004,11.1803727,2.23607454,cv
58.56309750000946,119,0.823,-0.01355028,-2.710056,11.15188044,2.230376088,cv
58.5903968999628,119,0.823,-0.01345372,-2.690744,11.07241156,2.214482312,cv
58.612929299939424,119,0.823,-0.01366141,-2.732282,11.24334043,2.248668086,cv
58.63618329993915,119,0.823,-0.01346466,-2.692932,11.08141518,2.2162830359999997,cv
58.65911709994543,119,0.823,-0.01354664,-2.709328,11.14888472,2.229776944,cv
58.68187659990508,119,0.823,-0.01367599,-2.735198,11.255339769999999,2.251067954,cv
58.70377419993747,119,0.823,-0.01346648,-2.6932959999999997,11.08291304,2.2165826079999995,cv
58.7285476999823,119,0.823,-0.01345191,-2.690382,11.070921929999997,2.214184386,cv
58.74991189991124,119,0.823,-0.01363045,-2.72609,11.217860349999999,2.24357207,cv
58.77812109992374,119,0.823,-0.01362315,-2.7246300000000003,11.21185245,2.2423704900000003,cv
58.800155099947006,119,0.823,-0.01362134,-2.724268,11.210362819999999,2.242072564,cv
58.82445329998154,119,0.823,-0.01363226,-2.726452,11.219349979999999,2.243869996,cv
58.8461678000167,119,0.823,-0.01347559,-2.695118,11.090410570000001,2.218082114,cv
58.87241979991086,119,0.823,-0.01354482,-2.7089640000000004,11.147386860000001,2.2294773720000003,cv
58.895031399908476,119,0.823,-0.01346101,-2.692202,11.07841123,2.215682246,cv
58.921456199954264,119,0.823,-0.01350474,-2.700948,11.114401019999999,2.222880204,cv
58.94305469992105,119,0.823,-0.01355757,-2.711514,11.157880109999999,2.231576022,cv
58.965553599991836,120,0.823,-0.01346102,-2.6922040000000003,11.078419460000001,2.215683892,cv
58.987092299968936,120,0.823,-0.01351203,-2.702406,11.120400689999999,2.2240801379999997,cv
59.01143579999916,120,0.823,-0.01359583,-2.719166,11.189368089999999,2.237873618,cv
59.033203099970706,120,0.823,-0.01354299,-2.708598,11.145880769999998,2.2291761539999997,cv
59.06066219997592,120,0.823,-0.01344826,-2.6896519999999997,11.067917979999999,2.2135835959999994,cv
59.08348649996333,120,0.823,-0.01364137,-2.728274,11.226847509999999,2.245369502,cv
59.10800159990322,120,0.823,-0.01344826,-2.6896519999999997,11.067917979999999,2.2135835959999994,cv
59.131109999958426,120,0.823,-0.01363955,-2.72791,11.225349649999998,2.24506993,cv
59.15476129995659,120,0.823,-0.01354846,-2.709692,11.15038258,2.230076516,cv
59.17611339990981,120,0.823,-0.01348834,-2.6976679999999997,11.10090382,2.2201807639999998,cv
59.200846799998544,120,0.823,-0.01355028,-2.710056,11.15188044,2.230376088,cv
59.22184179991018,120,0.823,-0.01363955,-2.72791,11.225349649999998,2.24506993,cv
59.243113399948925,120,0.823,-0.01353753,-2.707506,11.14138719,2.2282774379999997,cv
59.26545309997164,120,0.823,-0.01345737,-2.691474,11.07541551,2.215083102,cv
59.28828420001082,120,0.823,-0.01351385,-2.70277,11.121898550000001,2.22437971,cv
59.311888900003396,120,0.823,-0.01364138,-2.728276,11.22685574,2.245371148,cv
59.335148499929346,120,0.823,-0.0134683,-2.6936600000000004,11.0844109,2.2168821800000003,cv
59.35880719998386,120,0.823,-0.01350656,-2.701312,11.115898880000001,2.223179776,cv
59.38145549991168,120,0.823,-0.01364138,-2.728276,11.22685574,2.245371148,cv
59.40538259991445,120,0.823,-0.01353753,-2.707506,11.14138719,2.2282774379999997,cv
59.42817919992376,120,0.823,-0.01350292,-2.700584,11.11290316,2.222580632,cv
59.45221649995074,121,0.823,-0.01367963,-2.735926,11.258335489999999,2.251667098,cv
59.47530029993504,121,0.823,-0.01347559,-2.695118,11.090410570000001,2.218082114,cv
59.49750469997525,121,0.823,-0.01353024,-2.706048,11.13538752,2.227077504,cv
59.51973669999279,121,0.823,-0.01361951,-2.723902,11.208856729999999,2.2417713459999997,cv
59.54333759995643,121,0.823,-0.01369238,-2.738476,11.26882874,2.2537657479999997,cv
59.56615719990805,121,0.823,-0.01345008,-2.690016,11.06941584,2.2138831679999997,cv
59.590939199901186,121,0.823,-0.01355393,-2.710786,11.15488439,2.230976878,cv
59.61432919988874,121,0.823,-0.01355939,-2.7118779999999996,11.159377969999998,2.2318755939999995,cv
59.6386058999924,121,0.823,-0.01348834,-2.6976679999999997,11.10090382,2.2201807639999998,cv
59.660243499907665,121,0.823,-0.01364138,-2.728276,11.22685574,2.245371148,cv
59.682235899963416,121,0.823,-0.01362862,-2.725724,11.21635426,2.2432708519999998,cv
59.704110999940895,121,0.823,-0.0134519,-2.6903799999999998,11.070913699999998,2.2141827399999996,cv
59.729177599889226,121,0.823,-0.01346466,-2.692932,11.08141518,2.2162830359999997,cv
59.7516446999507,121,0.823,-0.0136851,-2.7370200000000002,11.2628373,2.25256746,cv
59.777777799987234,121,0.823,-0.01354482,-2.7089640000000004,11.147386860000001,2.2294773720000003,cv
59.80055989988614,121,0.823,-0.01357215,-2.71443,11.16987945,2.23397589,cv
59.82218699995428,121,0.823,-0.01364137,-2.728274,11.226847509999999,2.245369502,cv
59.844617799972184,121,0.823,-0.01347741,-2.695482,11.09190843,2.218381686,cv
59.8710618999321,121,0.823,-0.0134847,-2.69694,11.0979081,2.21958162,cv
59.89462149993051,121,0.823,-0.01353753,-2.707506,11.14138719,2.2282774379999997,cv
59.920653399894945,121,0.823,-0.01346284,-2.692568,11.07991732,2.215983464,cv
59.95096419996116,122,0.823,-0.01346648,-2.6932959999999997,11.08291304,2.2165826079999995,cv
59.974642299930565,122,0.823,-0.01354664,-2.709328,11.14888472,2.229776944,cv
59.998349799891,122,0.823,-0.01347195,-2.69439,11.08741485,2.21748297,cv
60.02000749995932,122,0.823,-0.0136268,-2.72536,11.214856399999999,2.24297128,cv
60.042595199891366,122,0.823,-0.01365777,-2.731554,11.240344709999999,2.2480689419999997,cv
60.0642551999772,122,0.823,-0.01344462,-2.6889239999999996,11.06492226,2.2129844519999997,cv
60.09082459995989,122,0.823,-0.01345919,-2.6918379999999997,11.076913369999998,2.2153826739999998,cv
60.11328839987982,122,0.823,-0.01363409,-2.726818,11.220856069999998,2.244171214,cv
60.13807369989809,122,0.823,-0.01343551,-2.687102,11.05742473,2.2114849459999997,cv
60.160220599966124,122,0.823,-0.01362862,-2.725724,11.21635426,2.2432708519999998,cv
60.1831794999307,122,0.823,-0.01363955,-2.72791,11.225349649999998,2.24506993,cv
60.205184099962935,122,0.823,-0.01345737,-2.691474,11.07541551,2.215083102,cv
60.229851899901405,122,0.823,-0.01350838,-2.701676,11.11739674,2.2234793479999997,cv
60.25194939994253,122,0.823,-0.01368692,-2.737384,11.26433516,2.2528670319999997,cv
60.27883139997721,122,0.823,-0.01354117,-2.708234,11.14438291,2.228876582,cv
60.30125869996846,122,0.823,-0.01361587,-2.723174,11.20586101,2.241172202,cv
60.32322719995864,122,0.823,-0.0135266,-2.70532,11.132391799999999,2.2264783599999998,cv
60.34516949998215,122,0.823,-0.01343186,-2.686372,11.05442078,2.2108841559999997,cv
60.368539699935354,122,0.823,-0.01347559,-2.695118,11.090410570000001,2.218082114,cv
60.390193399973214,122,0.823,-0.01360858,-2.721716,11.199861339999998,2.239972268,cv
60.41655189997982,122,0.823,-0.01362315,-2.7246300000000003,11.21185245,2.2423704900000003,cv
