time(s),cycle,voltage(V),current(A),j_current(mA/cm²),power(mW),power_density(mW/cm²),method
1.453399799996987,0,3.7,-0.03476078,-1.3904311999999999,128.614886,5.14459544,fixed
1.5372615999658592,0,3.7,-0.03463089,-1.3852356000000001,128.134293,5.12537172,fixed
1.6213286999845877,0,3.7,-0.03441952,-1.3767808,127.352224,5.09408896,fixed
1.7052650999976322,0,3.7,-0.03475709,-1.3902835999999998,128.601233,5.14404932,fixed
1.7893583999830298,0,3.7,-0.03456728,-1.3826911999999998,127.89893599999999,5.11595744,fixed
1.8733980999677442,0,3.7,-0.03458043,-1.3832172,127.94759100000003,5.117903640000001,fixed
1.9571856999536976,0,3.7,-0.03467449,-1.3869796000000003,128.295613,5.131824520000001,fixed
2.0410525999614038,0,3.7,-0.03464564,-1.3858256,128.188868,5.12755472,fixed
2.126230200054124,1,3.75,-0.03410534,-1.3642136,127.89502499999999,5.115801,fixed
2.2102622000384144,1,3.75,-0.03463169,-1.3852676,129.8688375,5.1947535,fixed
2.2942509000422433,1,3.75,-0.03454707,-1.3818827999999999,129.5515125,5.1820604999999995,fixed
2.378337800037116,1,3.75,-0.03454297,-1.3817187999999998,129.5361375,5.181445499999999,fixed
2.4625023000407964,1,3.75,-0.03458801,-1.3835204,129.7050375,5.1882015,fixed
2.546633700025268,1,3.75,-0.03442803,-1.3771212,129.10511250000002,5.164204499999999,fixed
2.6309540000511333,1,3.75,-0.03459166,-1.3836664,129.718725,5.1887490000000005,fixed
2.7152433000155725,1,3.75,-0.03447809,-1.3791236,129.29283750000002,5.1717135,fixed
2.799338100012392,1,3.75,-0.03452815,-1.381126,129.48056250000002,5.1792225,fixed
2.8835324000101537,1,3.75,-0.03411607,-1.3646428,127.93526249999998,5.1174105,fixed
2.9677073000348173,1,3.75,-0.03428196,-1.3712784,128.55735,5.142294,fixed
3.051723000011407,1,3.75,-0.03428272,-1.3713088000000002,128.5602,5.1424080000000005,fixed
3.1359102000133134,1,3.75,-0.03416416,-1.3665663999999997,128.1156,5.124623999999999,fixed
3.2198885999969207,1,3.75,-0.03426159,-1.3704636,128.4809625,5.139238499999999,fixed
3.3039580000331625,1,3.75,-0.03421566,-1.3686264,128.308725,5.132349,fixed
3.3884296000469476,1,3.75,-0.03426923,-1.3707692,128.50961249999997,5.1403845,fixed
3.4725062000215985,1,3.75,-0.03421044,-1.3684176,128.28915,5.131565999999999,fixed
3.55645120004192,1,3.75,-0.03418935,-1.3675739999999998,128.2100625,5.128402499999999,fixed
3.6405888000153936,1,3.75,-0.03416202,-1.3664808,128.107575,5.124302999999999,fixed
3.7247095000348054,1,3.75,-0.03414926,-1.3659704,128.05972500000001,5.122389,fixed
3.8087008000002243,1,3.75,-0.03426769,-1.3707076,128.50383750000003,5.1401535,fixed
3.89291090000188,1,3.75,-0.03415061,-1.3660244,128.0647875,5.1225914999999995,fixed
3.9770556000294164,1,3.75,-0.03418275,-1.36731,128.18531249999998,5.1274125,fixed
4.060938900045585,1,3.75,-0.03421096,-1.3684384,128.2911,5.1316440000000005,fixed
4.146083900006488,2,3.8,-0.03382189,-1.3528756000000002,128.523182,5.1409272800000005,fixed
4.229966799961403,2,3.8,-0.03375247,-1.3500988,128.259386,5.13037544,fixed
4.313830600003712,2,3.8,-0.03393072,-1.3572288000000001,128.936736,5.15746944,fixed
4.397690899961162,2,3.8,-0.03370552,-1.3482208,128.08097600000002,5.12323904,fixed
4.4817142999963835,2,3.8,-0.03383458,-1.3533832000000001,128.571404,5.14285616,fixed
4.565642500005197,2,3.8,-0.03393804,-1.3575216,128.964552,5.15858208,fixed
4.649814599950332,2,3.8,-0.03434581,-1.3738324,130.51407799999998,5.22056312,fixed
4.7337715000030585,2,3.8,-0.03436903,-1.3747612,130.602314,5.22409256,fixed
4.817650299984962,2,3.8,-0.03444262,-1.3777047999999998,130.881956,5.2352782399999995,fixed
4.901616399991326,2,3.8,-0.0344542,-1.378168,130.92595999999998,5.2370384,fixed
4.985742899996694,2,3.8,-0.03444574,-1.3778296,130.893812,5.23575248,fixed
5.069888699974399,2,3.8,-0.03448965,-1.379586,131.06067,5.2424268,fixed
5.154060399974696,2,3.8,-0.03460165,-1.384066,131.48627,5.2594508,fixed
5.238205699948594,2,3.8,-0.03455829,-1.3823315999999999,131.32150199999998,5.25286008,fixed
5.322693899972364,2,3.8,-0.03465777,-1.3863108,131.699526,5.26798104,fixed
5.407022400002461,2,3.8,-0.03459264,-1.3837056,131.452032,5.25808128,fixed
5.491178099997342,2,3.8,-0.03460758,-1.3843032,131.50880399999997,5.260352159999999,fixed
5.575289600004908,2,3.8,-0.03461043,-1.3844172000000001,131.519634,5.26078536,fixed
5.659449299972039,2,3.8,-0.03452345,-1.3809379999999998,131.18910999999997,5.247564399999999,fixed
5.743515499983914,2,3.8,-0.0345901,-1.383604,131.44237999999999,5.2576952,fixed
5.828114599979017,2,3.8,-0.03457947,-1.3831788,131.401986,5.25607944,fixed
5.912127899995539,2,3.8,-0.0345713,-1.382852,131.37094,5.254837599999999,fixed
5.9961802999605425,2,3.8,-0.03449802,-1.3799207999999998,131.09247599999998,5.243699039999999,fixed
6.080421199963894,2,3.8,-0.03463116,-1.3852464,131.598408,5.26393632,fixed
6.165807899960782,3,3.8499999999999996,-0.03434578,-1.3738312,132.23125299999998,5.289250119999999,fixed
6.249813599977642,3,3.8499999999999996,-0.03441287,-1.3765147999999998,132.48954949999998,5.299581979999998,fixed
6.333781299937982,3,3.8499999999999996,-0.03449034,-1.3796136,132.78780899999998,5.31151236,fixed
6.4180067999404855,3,3.8499999999999996,-0.03440379,-1.3761515999999998,132.45459149999996,5.2981836599999985,fixed
6.502473599975929,3,3.8499999999999996,-0.03449655,-1.379862,132.8117175,5.312468699999999,fixed
6.586795299954247,3,3.8499999999999996,-0.03450911,-1.3803644,132.8600735,5.314402939999999,fixed
6.670910199929494,3,3.8499999999999996,-0.03442609,-1.3770436000000001,132.5404465,5.30161786,fixed
6.754987699969206,3,3.8499999999999996,-0.03438165,-1.375266,132.3693525,5.2947741,fixed
6.839026899950113,3,3.8499999999999996,-0.03452571,-1.3810284000000002,132.9239835,5.31695934,fixed
6.9231710999738425,3,3.8499999999999996,-0.03442419,-1.3769676000000002,132.5331315,5.3013252600000005,fixed
7.0072181999566965,3,3.8499999999999996,-0.03442955,-1.3771820000000004,132.5537675,5.302150700000001,fixed
7.091321499960031,3,3.8499999999999996,-0.03451996,-1.3807984000000002,132.90184599999998,5.3160738400000005,fixed
7.175477599957958,3,3.8499999999999996,-0.03442026,-1.3768103999999999,132.518001,5.300720039999999,fixed
7.259777499944903,3,3.8499999999999996,-0.03448644,-1.3794576,132.772794,5.31091176,fixed
7.343985799932852,3,3.8499999999999996,-0.03448751,-1.3795004,132.77691349999998,5.311076539999999,fixed
7.428162199968938,3,3.8499999999999996,-0.03443945,-1.377578,132.5918825,5.303675299999999,fixed
7.512513599940576,3,3.8499999999999996,-0.0343937,-1.3757480000000002,132.415745,5.2966298,fixed
7.596648699953221,3,3.8499999999999996,-0.03440074,-1.3760295999999999,132.44284899999997,5.2977139599999985,fixed
7.680970799934585,3,3.8499999999999996,-0.03442057,-1.3768228,132.51919449999997,5.300767779999999,fixed
7.7652845999691635,3,3.8499999999999996,-0.03439328,-1.3757312,132.414128,5.2965651199999995,fixed
7.849271799961571,3,3.8499999999999996,-0.03448135,-1.379254,132.7531975,5.3101278999999995,fixed
7.933387799945194,3,3.8499999999999996,-0.03431462,-1.3725847999999998,132.11128699999998,5.284451479999999,fixed
8.017447499965783,3,3.8499999999999996,-0.03450216,-1.3800864,132.83331599999997,5.31333264,fixed
8.101484499929938,3,3.8499999999999996,-0.03435941,-1.3743763999999998,132.28372849999997,5.291349139999999,fixed
8.186967099958565,4,3.8999999999999995,-0.0341545,-1.36618,133.20254999999997,5.3281019999999994,fixed
8.271150099986698,4,3.8999999999999995,-0.03427174,-1.3708696,133.659786,5.34639144,fixed
8.355317599955015,4,3.8999999999999995,-0.03418517,-1.3674068,133.322163,5.332886519999999,fixed
8.439494599937461,4,3.8999999999999995,-0.03420554,-1.3682216,133.401606,5.33606424,fixed
8.52346099994611,4,3.8999999999999995,-0.03413907,-1.3655628000000002,133.142373,5.32569492,fixed
8.607608299993444,4,3.8999999999999995,-0.03420111,-1.3680444,133.38432899999998,5.33537316,fixed
8.69180749997031,4,3.8999999999999995,-0.03418228,-1.3672912000000002,133.310892,5.33243568,fixed
8.775830599945039,4,3.8999999999999995,-0.03430076,-1.3720303999999999,133.77296399999997,5.350918559999998,fixed
8.85998379997909,4,3.8999999999999995,-0.03430426,-1.3721704000000003,133.786614,5.351464560000001,fixed
8.944084099959582,4,3.8999999999999995,-0.03424348,-1.3697392,133.54957199999998,5.341982879999999,fixed
9.02806669997517,4,3.8999999999999995,-0.03420915,-1.368366,133.41568499999997,5.336627399999999,fixed
9.112244499963708,4,3.8999999999999995,-0.03425893,-1.3703572,133.609827,5.344393079999999,fixed
9.196814299968537,4,3.8999999999999995,-0.03429066,-1.3716264,133.733574,5.3493429599999995,fixed
9.280947699968237,4,3.8999999999999995,-0.03419805,-1.367922,133.37239499999998,5.3348958,fixed
9.365099399990868,4,3.8999999999999995,-0.03430076,-1.3720303999999999,133.77296399999997,5.350918559999998,fixed
9.449174899957143,4,3.8999999999999995,-0.03416168,-1.3664671999999998,133.23055199999996,5.329222079999998,fixed
9.533187499968335,4,3.8999999999999995,-0.03414192,-1.3656768,133.15348799999998,5.326139519999999,fixed
9.617096499947365,4,3.8999999999999995,-0.03422708,-1.3690832,133.48561199999997,5.339424479999999,fixed
9.700949999969453,4,3.8999999999999995,-0.0342689,-1.3707559999999999,133.64870999999997,5.345948399999998,fixed
9.784935699950438,4,3.8999999999999995,-0.03417897,-1.3671588,133.297983,5.331919319999999,fixed
9.869298199948389,4,3.8999999999999995,-0.03417156,-1.3668624,133.269084,5.33076336,fixed
9.953689399990253,4,3.8999999999999995,-0.03415902,-1.3663607999999998,133.22017799999998,5.328807119999999,fixed
10.037971299956553,4,3.8999999999999995,-0.03410738,-1.3642952,133.018782,5.320751279999999,fixed
10.12228969996795,4,3.8999999999999995,-0.03420535,-1.368214,133.40086499999998,5.3360346,fixed
10.207856499997433,5,3.9499999999999993,-0.0338236,-1.352944,133.60322,5.344128799999999,fixed
10.292117700038943,5,3.9499999999999993,-0.03388597,-1.3554388,133.84958149999997,5.353983259999999,fixed
10.376285500009544,5,3.9499999999999993,-0.03391906,-1.3567624,133.98028699999998,5.359211479999999,fixed
10.46055450005224,5,3.9499999999999993,-0.03376661,-1.3506644,133.3781095,5.335124379999999,fixed
10.544603300048038,5,3.9499999999999993,-0.03394538,-1.3578152,134.08425099999997,5.3633700399999995,fixed
10.628813000046648,5,3.9499999999999993,-0.03395477,-1.3581908,134.1213415,5.364853659999999,fixed
10.712904000014532,5,3.9499999999999993,-0.03393411,-1.3573644000000002,134.03973449999998,5.36158938,fixed
10.797118300048169,5,3.9499999999999993,-0.03390114,-1.3560456000000003,133.90950299999997,5.35638012,fixed
10.881461500015575,5,3.9499999999999993,-0.03385308,-1.3541231999999999,133.719666,5.348786639999998,fixed
10.965724500012584,5,3.9499999999999993,-0.03399103,-1.3596411999999998,134.26456849999997,5.370582739999998,fixed
11.049800500040874,5,3.9499999999999993,-0.03397196,-1.3588784,134.18924199999998,5.367569679999999,fixed
11.13382010004716,5,3.9499999999999993,-0.03396479,-1.3585916,134.16092049999997,5.366436819999999,fixed
11.218111800029874,5,3.9499999999999993,-0.03385385,-1.354154,133.72270749999996,5.3489083,fixed
11.30240360001335,5,3.9499999999999993,-0.03333902,-1.3335607999999999,131.68912899999995,5.267565159999998,fixed
11.386568600020837,5,3.9499999999999993,-0.03350878,-1.3403512,132.35968099999997,5.294387239999999,fixed
11.470810100028757,5,3.9499999999999993,-0.0335003,-1.3400119999999998,132.32618499999995,5.293047399999998,fixed
11.555084899999201,5,3.9499999999999993,-0.03348717,-1.3394868,132.27432149999996,5.290972859999999,fixed
11.63938310003141,5,3.9499999999999993,-0.03345922,-1.3383687999999998,132.16391899999996,5.286556759999998,fixed
11.723618400050327,5,3.9499999999999993,-0.03345893,-1.3383572,132.16277349999996,5.2865109399999985,fixed
11.807613000040874,5,3.9499999999999993,-0.03348035,-1.3392140000000001,132.2473825,5.2898952999999995,fixed
11.891994200006593,5,3.9499999999999993,-0.0335488,-1.341952,132.51775999999995,5.300710399999999,fixed
11.976033700047992,5,3.9499999999999993,-0.03346695,-1.3386780000000003,132.19445249999998,5.2877781,fixed
12.06102240004111,5,3.9499999999999993,-0.03357382,-1.3429528,132.61658899999998,5.304663559999999,fixed
12.145103999995627,5,3.9499999999999993,-0.03347618,-1.3390472,132.230911,5.289236439999999,fixed
12.230646200012416,6,3.9399999999999995,-0.0336094,-1.344376,132.42103599999996,5.29684144,fixed
12.314856400014833,6,3.9399999999999995,-0.0335453,-1.341812,132.16848199999998,5.286739279999999,fixed
12.398770200030413,6,3.9399999999999995,-0.03342453,-1.3369812,131.69264819999998,5.267705928,fixed
12.48278510000091,6,3.9399999999999995,-0.03315689,-1.3262756000000002,130.63814659999997,5.225525864000001,fixed
12.566835200006608,6,3.9399999999999995,-0.03352435,-1.3409739999999999,132.085939,5.2834375599999985,fixed
12.650938200007658,6,3.9399999999999995,-0.03343943,-1.3375772000000001,131.75135419999998,5.270054168,fixed
12.735077299992554,6,3.9399999999999995,-0.03352656,-1.3410623999999998,132.09464639999996,5.283785855999999,fixed
12.819262000033632,6,3.9399999999999995,-0.03353425,-1.34137,132.124945,5.284997799999999,fixed
12.903402200026903,6,3.9399999999999995,-0.03351669,-1.3406676000000002,132.0557586,5.282230344,fixed
12.987638299993705,6,3.9399999999999995,-0.03342101,-1.3368404,131.6787794,5.267151176,fixed
13.072041800012812,6,3.9399999999999995,-0.03346717,-1.3386867999999998,131.86064979999998,5.2744259919999985,fixed
13.156218299991451,6,3.9399999999999995,-0.03338793,-1.3355172000000002,131.5484442,5.261937768,fixed
13.240470300021116,6,3.9399999999999995,-0.03342797,-1.3371188,131.70620179999997,5.268248072,fixed
13.324709500011522,6,3.9399999999999995,-0.03341319,-1.3365276,131.64796859999998,5.2659187439999995,fixed
13.408853700035252,6,3.9399999999999995,-0.03342228,-1.3368912,131.6837832,5.267351327999999,fixed
13.492839400016237,6,3.9399999999999995,-0.03332166,-1.3328664000000001,131.2873404,5.251493615999999,fixed
13.57706620002864,6,3.9399999999999995,-0.03353953,-1.3415812,132.14574819999996,5.285829927999999,fixed
13.661262900044676,6,3.9399999999999995,-0.03352511,-1.3410043999999999,132.08893339999997,5.2835573359999985,fixed
13.745235300040804,6,3.9399999999999995,-0.03358376,-1.3433503999999998,132.32001439999996,5.2928005759999985,fixed
13.829438400047366,6,3.9399999999999995,-0.0334521,-1.338084,131.80127399999998,5.27205096,fixed
13.913509600039106,6,3.9399999999999995,-0.03358322,-1.3433287999999999,132.31788679999997,5.2927154719999985,fixed
13.997376600047573,6,3.9399999999999995,-0.03344249,-1.3376995999999999,131.76341059999996,5.2705364239999986,fixed
14.081533399992622,6,3.9399999999999995,-0.03354522,-1.3418088,132.1681668,5.286726671999999,fixed
14.165500100003555,6,3.9399999999999995,-0.03349206,-1.3396823999999998,131.9587164,5.278348655999999,fixed
14.250813599966932,7,3.9499999999999993,-0.03349244,-1.3396975999999998,132.29513799999998,5.291805519999999,fixed
14.334932499972638,7,3.9499999999999993,-0.03335179,-1.3340716000000001,131.73957049999999,5.269582819999999,fixed
14.418995099957101,7,3.9499999999999993,-0.03347662,-1.3390647999999998,132.23264899999998,5.289305959999998,fixed
14.503208699985407,7,3.9499999999999993,-0.03339322,-1.3357288,131.90321899999998,5.276128759999999,fixed
14.587509399978444,7,3.9499999999999993,-0.03342925,-1.3371700000000002,132.04553749999997,5.2818214999999995,fixed
14.672009199974127,7,3.9499999999999993,-0.03338593,-1.3354372,131.87442349999998,5.274976939999999,fixed
14.756040599953849,7,3.9499999999999993,-0.03321538,-1.3286152000000002,131.20075099999997,5.24803004,fixed
14.840218099940103,7,3.9499999999999993,-0.03332665,-1.333066,131.64026749999996,5.265610699999999,fixed
14.924461199960206,7,3.9499999999999993,-0.03319616,-1.3278463999999999,131.124832,5.244993279999998,fixed
15.008678999962285,7,3.9499999999999993,-0.03356524,-1.3426096,132.582698,5.303307919999999,fixed
15.093023099994753,7,3.9499999999999993,-0.0331487,-1.3259480000000001,130.937365,5.2374946,fixed
15.17746569996234,7,3.9499999999999993,-0.03325109,-1.3300436,131.34180549999996,5.2536722199999994,fixed
15.261959499970544,7,3.9499999999999993,-0.03315992,-1.3263968,130.98168399999997,5.239267359999999,fixed
15.34638919995632,7,3.9499999999999993,-0.03324879,-1.3299516,131.33272049999997,5.253308819999999,fixed
15.430618799990043,7,3.9499999999999993,-0.0331816,-1.3272639999999998,131.06731999999997,5.242692799999999,fixed
15.514814399939496,7,3.9499999999999993,-0.03313378,-1.3253512,130.87843099999998,5.235137239999999,fixed
15.599035699968226,7,3.9499999999999993,-0.03337052,-1.3348208,131.81355399999998,5.272542159999999,fixed
15.683082199946512,7,3.9499999999999993,-0.03318585,-1.327434,131.0841075,5.243364299999999,fixed
15.767240899964236,7,3.9499999999999993,-0.03330586,-1.3322344000000002,131.558147,5.26232588,fixed
15.851588599965908,7,3.9499999999999993,-0.03316718,-1.3266871999999998,131.01036099999996,5.240414439999999,fixed
15.935786499991082,7,3.9499999999999993,-0.03314994,-1.3259976,130.94226299999997,5.237690519999999,fixed
16.020014499954414,7,3.9499999999999993,-0.03319641,-1.3278564,131.12581949999998,5.245032779999999,fixed
16.104294099961407,7,3.9499999999999993,-0.03310521,-1.3242084,130.76557949999997,5.230623179999999,fixed
16.188905599992722,7,3.9499999999999993,-0.03323817,-1.3295267999999998,131.29077149999995,5.251630859999998,fixed
16.274759399937466,8,3.9399999999999995,-0.03327152,-1.3308607999999997,131.08978879999998,5.243591551999998,fixed
16.358969599939883,8,3.9399999999999995,-0.03341855,-1.3367419999999999,131.669087,5.266763479999999,fixed
16.442937899963,8,3.9399999999999995,-0.03341154,-1.3364616,131.6414676,5.265658704,fixed
16.52686109993374,8,3.9399999999999995,-0.03345748,-1.3382991999999998,131.8224712,5.272898847999999,fixed
16.61132909997832,8,3.9399999999999995,-0.03358663,-1.3434652,132.3313222,5.293252888,fixed
16.695718599949032,8,3.9399999999999995,-0.03350953,-1.3403812000000002,132.02754819999998,5.281101928,fixed
16.779829199949745,8,3.9399999999999995,-0.03352938,-1.3411752,132.10575719999997,5.284230287999999,fixed
16.863734799961094,8,3.9399999999999995,-0.03355381,-1.3421524000000002,132.20201139999998,5.288080456,fixed
16.94781989994226,8,3.9399999999999995,-0.03354593,-1.3418371999999998,132.1709642,5.2868385679999985,fixed
17.032106299942825,8,3.9399999999999995,-0.03356121,-1.3424484,132.23116739999998,5.289246695999999,fixed
17.116404499975033,8,3.9399999999999995,-0.033479,-1.33916,131.90726,5.276290399999999,fixed
17.200558799959254,8,3.9399999999999995,-0.03350918,-1.3403672,132.0261692,5.2810467679999995,fixed
17.284828899952117,8,3.9399999999999995,-0.03350446,-1.3401784,132.0075724,5.280302895999999,fixed
17.369029099936597,8,3.9399999999999995,-0.03350074,-1.3400296,131.99291559999998,5.279716624,fixed
17.453018599946517,8,3.9399999999999995,-0.03342349,-1.3369396,131.68855059999999,5.267542023999999,fixed
17.53703649993986,8,3.9399999999999995,-0.03366814,-1.3467256,132.65247159999998,5.306098864,fixed
17.62118539994117,8,3.9399999999999995,-0.03385297,-1.3541188000000002,133.3807018,5.335228072,fixed
17.705210399988573,8,3.9399999999999995,-0.03384038,-1.3536152000000001,133.3310972,5.333243888,fixed
17.789112899976317,8,3.9399999999999995,-0.03322002,-1.3288008000000002,130.8868788,5.235475152,fixed
17.873232699988876,8,3.9399999999999995,-0.03305978,-1.3223911999999998,130.25553319999997,5.2102213279999985,fixed
17.957308399956673,8,3.9399999999999995,-0.0332063,-1.328252,130.832822,5.23331288,fixed
18.041516699944623,8,3.9399999999999995,-0.03313863,-1.3255451999999999,130.5662022,5.222648087999999,fixed
18.125752299965825,8,3.9399999999999995,-0.0331451,-1.325804,130.591694,5.22366776,fixed
18.21059139998397,8,3.9399999999999995,-0.03314646,-1.3258584000000002,130.5970524,5.2238820960000005,fixed
18.296006099961232,9,3.9299999999999997,-0.03320916,-1.3283664000000002,130.51199880000001,5.220479952000001,fixed
18.38038919994142,9,3.9299999999999997,-0.03326249,-1.3304996,130.72158569999996,5.2288634279999995,fixed
18.46458689996507,9,3.9299999999999997,-0.03350356,-1.3401424,131.6689908,5.266759631999999,fixed
18.54862159996992,9,3.9299999999999997,-0.03318795,-1.327518,130.4286435,5.217145739999999,fixed
18.63285959995119,9,3.9299999999999997,-0.03325395,-1.330158,130.68802349999999,5.22752094,fixed
18.71700049994979,9,3.9299999999999997,-0.03324579,-1.3298316,130.6559547,5.226238187999999,fixed
18.801124699937645,9,3.9299999999999997,-0.03324027,-1.3296108000000002,130.6342611,5.225370444,fixed
18.885227599937934,9,3.9299999999999997,-0.03326692,-1.3306768,130.73899559999998,5.229559824,fixed
18.969367699988652,9,3.9299999999999997,-0.03312772,-1.3251087999999998,130.1919396,5.207677583999999,fixed
19.053511499951128,9,3.9299999999999997,-0.03328314,-1.3313256000000002,130.8027402,5.232109608000001,fixed
19.137695499986876,9,3.9299999999999997,-0.03324794,-1.3299176,130.66440419999998,5.226576167999999,fixed
19.221902499964926,9,3.9299999999999997,-0.03329663,-1.3318652,130.8557559,5.234230235999999,fixed
19.306113699974958,9,3.9299999999999997,-0.0333429,-1.333716,131.037597,5.241503879999999,fixed
19.390473099949304,9,3.9299999999999997,-0.03334849,-1.3339396,131.05956569999998,5.242382627999999,fixed
19.474745599960443,9,3.9299999999999997,-0.03327684,-1.3310736,130.7779812,5.231119248,fixed
19.558957399975043,9,3.9299999999999997,-0.03330656,-1.3322623999999998,130.8947808,5.235791231999999,fixed
19.64292519999435,9,3.9299999999999997,-0.03334681,-1.3338724,131.0529633,5.242118531999999,fixed
19.726964799978305,9,3.9299999999999997,-0.0330831,-1.3233239999999997,130.016583,5.2006633199999985,fixed
19.811141299956944,9,3.9299999999999997,-0.0332019,-1.328076,130.483467,5.21933868,fixed
19.895380899950396,9,3.9299999999999997,-0.03316474,-1.3265895999999997,130.3374282,5.213497127999998,fixed
19.979667699954007,9,3.9299999999999997,-0.0331318,-1.3252720000000002,130.207974,5.208318960000001,fixed
20.063974699936807,9,3.9299999999999997,-0.03317388,-1.3269552000000002,130.3733484,5.214933936,fixed
20.148030199983623,9,3.9299999999999997,-0.03318609,-1.3274436,130.4213337,5.216853348,fixed
20.232186199980788,9,3.9299999999999997,-0.03312508,-1.3250032000000003,130.1815644,5.207262576000001,fixed
20.31776099995477,10,3.9399999999999995,-0.03312917,-1.3251668,130.52892979999996,5.221157192,fixed
20.401999099936802,10,3.9399999999999995,-0.03318327,-1.3273308,130.7420838,5.2296833519999995,fixed
20.486236799973994,10,3.9399999999999995,-0.03319653,-1.3278612,130.7943282,5.2317731279999995,fixed
20.570503299939446,10,3.9399999999999995,-0.03322975,-1.32919,130.92521499999998,5.237008599999999,fixed
20.6547767999582,10,3.9399999999999995,-0.03317793,-1.3271172000000002,130.7210442,5.228841768000001,fixed
20.73894599993946,10,3.9399999999999995,-0.0331543,-1.326172,130.62794199999996,5.2251176799999985,fixed
20.82305249996716,10,3.9399999999999995,-0.03324757,-1.3299028,130.9954258,5.2398170319999995,fixed
20.90747899998678,10,3.9399999999999995,-0.03310454,-1.3241816,130.43188759999998,5.217275503999999,fixed
20.992612899979576,10,3.9399999999999995,-0.03321296,-1.3285184,130.85906239999997,5.234362496,fixed
21.07681549998233,10,3.9399999999999995,-0.03310558,-1.3242232,130.4359852,5.217439408,fixed
21.160958499938715,10,3.9399999999999995,-0.03306643,-1.3226572,130.2817342,5.211269368,fixed
21.245063699956518,10,3.9399999999999995,-0.03310827,-1.3243308000000003,130.44658379999998,5.217863352,fixed
21.32919049996417,10,3.9399999999999995,-0.03311415,-1.3245660000000001,130.469751,5.21879004,fixed
21.4134487999836,10,3.9399999999999995,-0.03308126,-1.3232504,130.3401644,5.213606575999999,fixed
21.497688199975528,10,3.9399999999999995,-0.03301628,-1.3206512000000001,130.0841432,5.203365728,fixed
21.581786999944597,10,3.9399999999999995,-0.03317472,-1.3269888,130.70839679999997,5.228335872,fixed
21.665856899984647,10,3.9399999999999995,-0.03314228,-1.3256912000000003,130.58058319999998,5.223223328,fixed
21.749966299976222,10,3.9399999999999995,-0.03310398,-1.3241592,130.42968119999998,5.217187247999999,fixed
21.834250399959274,10,3.9399999999999995,-0.0329834,-1.319336,129.954596,5.19818384,fixed
21.91844439995475,10,3.9399999999999995,-0.03306442,-1.3225768,130.27381479999997,5.210952591999999,fixed
22.002680099976715,10,3.9399999999999995,-0.03302703,-1.3210811999999998,130.12649819999996,5.205059927999999,fixed
22.086837799986824,10,3.9399999999999995,-0.03302694,-1.3210775999999997,130.12614359999998,5.205045743999999,fixed
22.170994099986274,10,3.9399999999999995,-0.03309414,-1.3237656000000002,130.39091159999998,5.215636464,fixed
22.255222899955697,10,3.9399999999999995,-0.03295456,-1.3181824,129.84096639999999,5.193638655999999,fixed
22.34077349997824,11,3.9299999999999997,-0.03317077,-1.3268308000000002,130.3611261,5.2144450440000005,fixed
22.42496289993869,11,3.9299999999999997,-0.03313369,-1.3253476,130.21540169999997,5.2086160679999995,fixed
22.5089570999844,11,3.9299999999999997,-0.03309178,-1.3236712,130.0506954,5.202027815999999,fixed
22.592911199957598,11,3.9299999999999997,-0.03300231,-1.3200924,129.6990783,5.187963132,fixed
22.677099099964835,11,3.9299999999999997,-0.03310458,-1.3241832,130.1009994,5.204039976,fixed
22.761283699946944,11,3.9299999999999997,-0.03310648,-1.3242592,130.1084664,5.204338655999999,fixed
22.845491499989294,11,3.9299999999999997,-0.0329935,-1.3197400000000001,129.664455,5.1865782000000005,fixed
22.929628199955914,11,3.9299999999999997,-0.03323525,-1.32941,130.6145325,5.2245813,fixed
23.01347339997301,11,3.9299999999999997,-0.03312318,-1.3249272000000003,130.1740974,5.206963896,fixed
23.097060999949463,11,3.9299999999999997,-0.03302971,-1.3211883999999998,129.80676029999998,5.192270411999999,fixed
23.18066379998345,11,3.9299999999999997,-0.03297435,-1.318974,129.5891955,5.18356782,fixed
23.264223999984097,11,3.9299999999999997,-0.03307875,-1.32315,129.9994875,5.1999794999999995,fixed
23.347904299967922,11,3.9299999999999997,-0.03309844,-1.3239375999999998,130.0768692,5.203074767999999,fixed
23.431453999946825,11,3.9299999999999997,-0.0335133,-1.340532,131.707269,5.26829076,fixed
23.515049799985718,11,3.9299999999999997,-0.03326325,-1.33053,130.7245725,5.228982899999999,fixed
23.598642399942037,11,3.9299999999999997,-0.0333881,-1.3355239999999997,131.21523299999998,5.248609319999998,fixed
23.682186499936506,11,3.9299999999999997,-0.03324356,-1.3297423999999998,130.64719079999998,5.225887631999998,fixed
23.765678499941714,11,3.9299999999999997,-0.03317549,-1.3270196,130.3796757,5.215187028,fixed
23.849314399936702,11,3.9299999999999997,-0.03328161,-1.3312644,130.7967273,5.231869091999999,fixed
23.93284559994936,11,3.9299999999999997,-0.03329032,-1.3316128,130.8309576,5.2332383039999995,fixed
24.016302999982145,11,3.9299999999999997,-0.03317107,-1.3268428,130.3623051,5.214492204,fixed
24.099764099984895,11,3.9299999999999997,-0.03314935,-1.325974,130.27694549999998,5.21107782,fixed
24.183268399967346,11,3.9299999999999997,-0.03306319,-1.3225276,129.93833669999998,5.197533468,fixed
24.26682169997366,11,3.9299999999999997,-0.03317773,-1.3271092000000002,130.3884789,5.215539156,fixed
24.35164339997573,12,3.9399999999999995,-0.03316486,-1.3265943999999998,130.66954839999997,5.226781935999998,fixed
24.435187399969436,12,3.9399999999999995,-0.03305882,-1.3223528000000002,130.2517508,5.210070032,fixed
24.518829199951142,12,3.9399999999999995,-0.03299472,-1.3197888,129.99919679999996,5.199967871999999,fixed
24.6023704999825,12,3.9399999999999995,-0.03302309,-1.3209235999999998,130.1109746,5.2044389839999985,fixed
24.686014899984002,12,3.9399999999999995,-0.0330274,-1.321096,130.12795599999998,5.205118239999999,fixed
24.769552999990992,12,3.9399999999999995,-0.03334814,-1.3339256,131.3916716,5.255666863999999,fixed
24.853151299990714,12,3.9399999999999995,-0.03349181,-1.3396723999999998,131.95773139999997,5.278309255999998,fixed
24.93673369998578,12,3.9399999999999995,-0.03342463,-1.3369851999999998,131.69304219999998,5.267721687999998,fixed
25.020295099995565,12,3.9399999999999995,-0.03341237,-1.3364947999999999,131.64473779999997,5.265789511999999,fixed
25.10385029995814,12,3.9399999999999995,-0.03353648,-1.3414591999999999,132.1337312,5.285349247999998,fixed
25.187391499988735,12,3.9399999999999995,-0.03352827,-1.3411308,132.10138379999998,5.284055351999999,fixed
25.271025999973062,12,3.9399999999999995,-0.03337887,-1.3351548,131.51274779999997,5.260509911999999,fixed
25.35469759994885,12,3.9399999999999995,-0.03330888,-1.3323552,131.2369872,5.2494794879999995,fixed
25.438286099990364,12,3.9399999999999995,-0.03338005,-1.3352020000000002,131.517397,5.26069588,fixed
25.521755399997346,12,3.9399999999999995,-0.03320976,-1.3283903999999997,130.84645439999997,5.233858175999998,fixed
25.605253299989272,12,3.9399999999999995,-0.03351362,-1.3405448000000002,132.0436628,5.281746512,fixed
25.68888709996827,12,3.9399999999999995,-0.03340245,-1.336098,131.605653,5.264226119999999,fixed
25.77242669998668,12,3.9399999999999995,-0.03345797,-1.3383188,131.82440179999998,5.272976071999999,fixed
25.8561051999568,12,3.9399999999999995,-0.03333229,-1.3332916,131.32922259999998,5.253168903999999,fixed
25.939648300001863,12,3.9399999999999995,-0.03345655,-1.338262,131.818807,5.27275228,fixed
26.023205199977383,12,3.9399999999999995,-0.03326947,-1.3307788000000003,131.0817118,5.2432684720000005,fixed
26.107028600003105,12,3.9399999999999995,-0.03311104,-1.3244416,130.4574976,5.218299903999999,fixed
26.191596399992704,12,3.9399999999999995,-0.03310471,-1.3241884000000002,130.43255739999998,5.217302296,fixed
26.275230899977032,12,3.9399999999999995,-0.03310519,-1.3242076,130.43444859999997,5.217377944,fixed
26.360074499971233,13,3.9499999999999993,-0.03294736,-1.3178944000000001,130.14207199999998,5.2056828799999995,fixed
26.443552399985492,13,3.9499999999999993,-0.03300402,-1.3201608000000002,130.36587899999998,5.21463516,fixed
26.527424499974586,13,3.9499999999999993,-0.03311228,-1.3244912,130.79350599999998,5.231740239999999,fixed
26.61159519996727,13,3.9499999999999993,-0.03352661,-1.3410643999999998,132.4301095,5.297204379999998,fixed
26.695658499957062,13,3.9499999999999993,-0.0333708,-1.3348319999999998,131.81465999999998,5.272586399999998,fixed
26.77966739999829,13,3.9499999999999993,-0.03349767,-1.3399068,132.31579649999998,5.292631859999999,fixed
26.86341849999735,13,3.9499999999999993,-0.0330516,-1.3220640000000001,130.55381999999997,5.2221528,fixed
26.94720519997645,13,3.9499999999999993,-0.03314558,-1.3258232,130.925041,5.237001639999999,fixed
27.03115749999415,13,3.9499999999999993,-0.03314932,-1.3259728000000002,130.93981399999998,5.2375925599999995,fixed
27.115153799997643,13,3.9499999999999993,-0.03316944,-1.3267776,131.019288,5.240771519999999,fixed
27.199159299954772,13,3.9499999999999993,-0.03307977,-1.3231908000000001,130.66509149999996,5.226603659999999,fixed
27.28333599999314,13,3.9499999999999993,-0.03313688,-1.3254751999999999,130.89067599999998,5.235627039999999,fixed
27.36744289996568,13,3.9499999999999993,-0.03311559,-1.3246235999999998,130.8065805,5.232263219999998,fixed
27.45151059998898,13,3.9499999999999993,-0.03314839,-1.3259356,130.93614049999996,5.237445619999999,fixed
27.536378899996635,13,3.9499999999999993,-0.03319803,-1.3279212,131.1322185,5.2452887399999994,fixed
27.620555599976797,13,3.9499999999999993,-0.0330848,-1.3233919999999997,130.68495999999996,5.227398399999998,fixed
27.704835599986836,13,3.9499999999999993,-0.03313133,-1.3252532,130.8687535,5.234750139999998,fixed
27.789037299982738,13,3.9499999999999993,-0.03305211,-1.3220844000000003,130.5558345,5.2222333800000005,fixed
27.873143000004347,13,3.9499999999999993,-0.03309345,-1.323738,130.71912749999998,5.2287650999999995,fixed
27.957312099984847,13,3.9499999999999993,-0.03313241,-1.3252964,130.8730195,5.2349207799999995,fixed
28.04138030001195,13,3.9499999999999993,-0.03315242,-1.3260968,130.952059,5.238082359999999,fixed
28.12521219998598,13,3.9499999999999993,-0.03328084,-1.3312336,131.45931799999997,5.258372719999999,fixed
28.209393199998885,13,3.9499999999999993,-0.03309076,-1.3236303999999999,130.70850199999998,5.228340079999999,fixed
28.29349429998547,13,3.9499999999999993,-0.0330328,-1.321312,130.47956,5.219182399999999,fixed
28.378961199952755,14,3.9399999999999995,-0.03316643,-1.3266571999999999,130.67573419999997,5.227029367999998,fixed
28.46311249997234,14,3.9399999999999995,-0.03330154,-1.3320615999999998,131.20806759999996,5.248322703999999,fixed
28.547171299986076,14,3.9399999999999995,-0.03314852,-1.3259408,130.60516879999997,5.224206751999999,fixed
28.63098269997863,14,3.9399999999999995,-0.03328632,-1.3314528,131.1481008,5.245924032,fixed
28.714588499977253,14,3.9399999999999995,-0.03305647,-1.3222588,130.24249179999998,5.209699671999999,fixed
28.798373699944932,14,3.9399999999999995,-0.03307693,-1.3230772,130.3231042,5.212924167999999,fixed
28.88240819994826,14,3.9399999999999995,-0.03314312,-1.3257248,130.5838928,5.223355711999999,fixed
28.966574299964122,14,3.9399999999999995,-0.03307863,-1.3231452,130.3298022,5.213192087999999,fixed
29.05055339995306,14,3.9399999999999995,-0.0331112,-1.324448,130.458128,5.218325119999999,fixed
29.134342699951958,14,3.9399999999999995,-0.03297453,-1.3189812,129.91964819999998,5.196785928,fixed
29.218578699976206,14,3.9399999999999995,-0.03300859,-1.3203436,130.05384459999996,5.202153783999999,fixed
29.30370229994878,14,3.9399999999999995,-0.03295482,-1.3181928000000003,129.8419908,5.193679632,fixed
29.387798699957784,14,3.9399999999999995,-0.03291193,-1.3164772,129.67300419999998,5.186920167999999,fixed
29.471878199954517,14,3.9399999999999995,-0.03294501,-1.3178003999999999,129.80333939999997,5.192133575999999,fixed
29.555747499980498,14,3.9399999999999995,-0.032907,-1.31628,129.65357999999998,5.186143199999999,fixed
29.63993429997936,14,3.9399999999999995,-0.03296474,-1.3185896,129.88107559999997,5.195243023999999,fixed
29.724140399950556,14,3.9399999999999995,-0.03283539,-1.3134156,129.37143659999998,5.174857463999999,fixed
29.808158799947705,14,3.9399999999999995,-0.03291682,-1.3166728,129.6922708,5.1876908319999995,fixed
29.89228639996145,14,3.9399999999999995,-0.0328612,-1.3144479999999998,129.473128,5.178925119999999,fixed
29.976414599979762,14,3.9399999999999995,-0.03303917,-1.3215668,130.17432979999998,5.2069731919999995,fixed
30.060506899957545,14,3.9399999999999995,-0.03310544,-1.3242176,130.43543359999998,5.217417343999999,fixed
30.144712099980097,14,3.9399999999999995,-0.03307276,-1.3229104,130.3066744,5.2122669759999996,fixed
30.228844099969137,14,3.9399999999999995,-0.03304205,-1.321682,130.185677,5.2074270799999995,fixed
30.312980099988636,14,3.9399999999999995,-0.03298955,-1.319582,129.978827,5.199153079999999,fixed
30.39823760004947,15,3.9499999999999993,-0.03307389,-1.3229556,130.6418655,5.2256746199999995,fixed
30.48236610001186,15,3.9499999999999993,-0.03305806,-1.3223224,130.57933699999998,5.223173479999999,fixed
30.5666637000395,15,3.9499999999999993,-0.03302766,-1.3211064,130.45925699999998,5.2183702799999985,fixed
30.6508209000458,15,3.9499999999999993,-0.03294802,-1.3179208,130.144679,5.205787159999999,fixed
30.734942300012335,15,3.9499999999999993,-0.03294548,-1.3178191999999997,130.13464599999998,5.205385839999998,fixed
30.819062700029463,15,3.9499999999999993,-0.03309135,-1.3236539999999999,130.71083249999995,5.228433299999999,fixed
30.90306010004133,15,3.9499999999999993,-0.03309721,-1.3238884000000002,130.73397949999998,5.229359179999999,fixed
30.987151300010737,15,3.9499999999999993,-0.03305449,-1.3221796000000001,130.56523549999997,5.2226094199999995,fixed
31.071299500006717,15,3.9499999999999993,-0.03305073,-1.3220292,130.55038349999998,5.22201534,fixed
31.155486200004816,15,3.9499999999999993,-0.03309848,-1.3239392,130.73899599999996,5.229559839999999,fixed
31.239584500028286,15,3.9499999999999993,-0.03309752,-1.3239007999999999,130.73520399999995,5.229408159999998,fixed
31.323668299999554,15,3.9499999999999993,-0.03310782,-1.3243128000000002,130.77588899999998,5.23103556,fixed
31.407768800039776,15,3.9499999999999993,-0.03304147,-1.3216588000000002,130.5138065,5.22055226,fixed
31.491673100041226,15,3.9499999999999993,-0.03299903,-1.3199611999999998,130.34616849999998,5.213846739999998,fixed
31.575779200007673,15,3.9499999999999993,-0.03304001,-1.3216004000000001,130.50803949999997,5.220321579999999,fixed
31.660598500049673,15,3.9499999999999993,-0.03301529,-1.3206116,130.4103955,5.21641582,fixed
31.744725700002164,15,3.9499999999999993,-0.03307321,-1.3229284,130.63917949999998,5.225567179999999,fixed
31.828766399994493,15,3.9499999999999993,-0.03297136,-1.3188544,130.23687199999998,5.209474879999999,fixed
31.91273090004688,15,3.9499999999999993,-0.03298054,-1.3192216,130.27313299999997,5.210925319999999,fixed
31.99681540002348,15,3.9499999999999993,-0.0329552,-1.3182079999999998,130.17303999999996,5.2069215999999985,fixed
32.08093200001167,15,3.9499999999999993,-0.0328615,-1.31446,129.802925,5.192116999999999,fixed
32.165821700007655,15,3.9499999999999993,-0.03307106,-1.3228424,130.63068699999997,5.225227479999999,fixed
32.249784900050145,15,3.9499999999999993,-0.03298268,-1.3193072000000001,130.28158599999998,5.21126344,fixed
32.33372860000236,15,3.9499999999999993,-0.03304705,-1.321882,130.53584749999996,5.221433899999999,fixed
32.4191875999677,16,3.959999999999999,-0.03287155,-1.314862,130.17133799999996,5.206853519999998,fixed
32.50336209998932,16,3.959999999999999,-0.03308543,-1.3234172000000002,131.01830279999996,5.240732112,fixed
32.58756389998598,16,3.959999999999999,-0.03307544,-1.3230176,130.97874239999996,5.239149695999999,fixed
32.671541499963496,16,3.959999999999999,-0.03302109,-1.3208436000000001,130.7635164,5.230540656,fixed
32.75578539998969,16,3.959999999999999,-0.03302053,-1.3208212000000001,130.76129879999996,5.230451951999999,fixed
32.84006309998222,16,3.959999999999999,-0.03285262,-1.3141048,130.09637519999998,5.203855007999999,fixed
32.92437959997915,16,3.959999999999999,-0.0329319,-1.317276,130.41032399999997,5.216412959999999,fixed
33.0086900999886,16,3.959999999999999,-0.03293407,-1.3173628000000002,130.41891719999998,5.216756687999999,fixed
33.09302169998409,16,3.959999999999999,-0.03304177,-1.3216708,130.84540919999995,5.2338163679999985,fixed
33.177216699987184,16,3.959999999999999,-0.03297675,-1.3190699999999997,130.58792999999997,5.223517199999998,fixed
33.26122949994169,16,3.959999999999999,-0.03303047,-1.3212188,130.80066119999998,5.232026447999999,fixed
33.34559799998533,16,3.959999999999999,-0.03298479,-1.3193915999999999,130.61976839999997,5.224790735999998,fixed
33.429946699994616,16,3.959999999999999,-0.03301394,-1.3205575999999999,130.73520239999996,5.2294080959999985,fixed
33.51393039996037,16,3.959999999999999,-0.03303081,-1.3212324000000002,130.80200759999997,5.232080303999999,fixed
33.597994399955496,16,3.959999999999999,-0.03304135,-1.3216539999999997,130.84374599999995,5.233749839999997,fixed
33.682218199945055,16,3.959999999999999,-0.03296315,-1.3185259999999999,130.53407399999995,5.221362959999999,fixed
33.766162099957,16,3.959999999999999,-0.03295044,-1.3180176000000001,130.48374239999995,5.219349695999999,fixed
33.84970349998912,16,3.959999999999999,-0.03305543,-1.3222171999999999,130.89950279999996,5.235980111999998,fixed
33.933186499984004,16,3.959999999999999,-0.03308265,-1.323306,131.00729399999997,5.240291759999999,fixed
34.016699699976016,16,3.959999999999999,-0.03305349,-1.3221395999999999,130.89182039999997,5.235672815999998,fixed
34.10020689998055,16,3.959999999999999,-0.03302796,-1.3211184,130.79072159999996,5.231628863999999,fixed
34.18372149998322,16,3.959999999999999,-0.03339374,-1.3357496,132.23921039999996,5.289568415999999,fixed
34.26748809998389,16,3.959999999999999,-0.03328207,-1.3312827999999999,131.79699719999996,5.271879887999998,fixed
34.35149499995168,16,3.959999999999999,-0.03312474,-1.3249896,131.17397039999997,5.246958815999999,fixed
34.43698989995755,17,3.969999999999999,-0.03309859,-1.3239435999999998,131.40140229999994,5.256056091999998,fixed
34.52133679995313,17,3.969999999999999,-0.0331893,-1.3275719999999998,131.76152099999996,5.2704608399999975,fixed
34.605526399973314,17,3.969999999999999,-0.03314011,-1.3256044,131.5662367,5.262649467999998,fixed
34.68954309995752,17,3.969999999999999,-0.03309286,-1.3237144,131.37865419999997,5.255146167999999,fixed
34.7736617999617,17,3.969999999999999,-0.0331045,-1.3241800000000001,131.42486499999998,5.256994599999999,fixed
34.85796779993689,17,3.969999999999999,-0.03319933,-1.3279731999999997,131.80134009999998,5.272053603999997,fixed
34.94220969994785,17,3.969999999999999,-0.03305667,-1.3222668000000002,131.23497989999996,5.249399195999999,fixed
35.02633759996388,17,3.969999999999999,-0.03316944,-1.3267776,131.68267679999997,5.267307071999999,fixed
35.11038799997186,17,3.969999999999999,-0.03311506,-1.3246024,131.46678819999997,5.258671527999999,fixed
35.194416899990756,17,3.969999999999999,-0.03311913,-1.3247651999999999,131.48294609999994,5.259317843999998,fixed
35.27912629995262,17,3.969999999999999,-0.03307094,-1.3228376,131.29163179999998,5.2516652719999986,fixed
35.363184199959505,17,3.969999999999999,-0.0330359,-1.3214359999999998,131.15252299999997,5.246100919999998,fixed
35.44740259996615,17,3.969999999999999,-0.03308473,-1.3233892,131.34637809999995,5.253855123999998,fixed
35.53151119995164,17,3.969999999999999,-0.03341581,-1.3366324,132.66076569999996,5.306430627999998,fixed
35.61555869993754,17,3.969999999999999,-0.03311268,-1.3245072,131.45733959999995,5.258293583999999,fixed
35.699678399949335,17,3.969999999999999,-0.03308629,-1.3234515999999998,131.35257129999994,5.254102851999998,fixed
35.78380249993643,17,3.969999999999999,-0.03313329,-1.3253316000000002,131.5391613,5.261566451999999,fixed
35.86806829995476,17,3.969999999999999,-0.03307911,-1.3231644,131.32406669999997,5.252962667999999,fixed
35.952298199990764,17,3.969999999999999,-0.03311428,-1.3245712,131.46369159999995,5.258547663999999,fixed
36.03661919996375,17,3.969999999999999,-0.03311668,-1.3246672000000002,131.47321959999996,5.258928783999999,fixed
36.12092519993894,17,3.969999999999999,-0.03304496,-1.3217983999999998,131.18849119999996,5.247539647999997,fixed
36.20514469995396,17,3.969999999999999,-0.03304565,-1.3218260000000002,131.1912305,5.24764922,fixed
36.289226199965924,17,3.969999999999999,-0.03299567,-1.3198268,130.99280989999994,5.239712395999998,fixed
36.37332659994718,17,3.969999999999999,-0.03310503,-1.3242012,131.42696909999995,5.257078763999999,fixed
36.459140499995556,18,3.9799999999999986,-0.03298701,-1.3194804,131.28829979999995,5.2515319919999985,fixed
36.543575300020166,18,3.9799999999999986,-0.03310125,-1.32405,131.74297499999994,5.269718999999998,fixed
36.62764999998035,18,3.9799999999999986,-0.03293478,-1.3173911999999999,131.08042439999994,5.243216975999998,fixed
36.71160520002013,18,3.9799999999999986,-0.03284802,-1.3139208,130.73511959999996,5.229404783999998,fixed
36.79590339999413,18,3.9799999999999986,-0.03306237,-1.3224948,131.58823259999997,5.263529303999999,fixed
36.88028929999564,18,3.9799999999999986,-0.03303704,-1.3214815999999998,131.48741919999995,5.259496767999997,fixed
36.96445339999627,18,3.9799999999999986,-0.03302141,-1.3208564,131.42521179999997,5.257008471999998,fixed
37.04865130002145,18,3.9799999999999986,-0.03308265,-1.323306,131.66894699999995,5.266757879999998,fixed
37.132861500023864,18,3.9799999999999986,-0.03315449,-1.3261796000000001,131.95487019999996,5.2781948079999985,fixed
37.21715260000201,18,3.9799999999999986,-0.03306294,-1.3225175999999998,131.59050119999995,5.263620047999997,fixed
37.30128820001846,18,3.9799999999999986,-0.03303572,-1.3214287999999998,131.48216559999995,5.259286623999998,fixed
37.38540060003288,18,3.9799999999999986,-0.03308111,-1.3232443999999999,131.66281779999994,5.266512711999998,fixed
37.46955630002776,18,3.9799999999999986,-0.0330818,-1.323272,131.66556399999996,5.266622559999998,fixed
37.553751300030854,18,3.9799999999999986,-0.03313198,-1.3252792,131.86528039999996,5.2746112159999985,fixed
37.63806919998024,18,3.9799999999999986,-0.03303953,-1.3215812,131.49732939999996,5.2598931759999985,fixed
37.72236379998503,18,3.9799999999999986,-0.03309318,-1.3237271999999998,131.71085639999995,5.268434255999997,fixed
37.80658650002442,18,3.9799999999999986,-0.03310533,-1.3242132,131.75921339999996,5.2703685359999985,fixed
37.89058160001878,18,3.9799999999999986,-0.03300875,-1.3203500000000004,131.374825,5.254993,fixed
37.97468789998675,18,3.9799999999999986,-0.03296677,-1.3186707999999998,131.20774459999996,5.248309783999997,fixed
38.05900270002894,18,3.9799999999999986,-0.03302795,-1.3211179999999998,131.45124099999998,5.258049639999998,fixed
38.143184199987445,18,3.9799999999999986,-0.03310669,-1.3242676,131.76462619999995,5.270585047999998,fixed
38.22749150003074,18,3.9799999999999986,-0.03299923,-1.3199691999999998,131.33693539999993,5.253477415999997,fixed
38.31156609999016,18,3.9799999999999986,-0.03295734,-1.3182936,131.17021319999998,5.246808527999998,fixed
38.395660699985456,18,3.9799999999999986,-0.03290648,-1.3162592000000002,130.96779039999996,5.238711615999999,fixed
38.48133509996114,19,3.9899999999999984,-0.03284352,-1.3137408,131.04564479999993,5.2418257919999975,fixed
38.56560799997533,19,3.9899999999999984,-0.03296538,-1.3186152000000002,131.53186619999997,5.261274647999999,fixed
38.649620799929835,19,3.9899999999999984,-0.0328459,-1.313836,131.05514099999994,5.242205639999998,fixed
38.73378149996279,19,3.9899999999999984,-0.03285725,-1.31429,131.10042749999994,5.244017099999998,fixed
38.81783589994302,19,3.9899999999999984,-0.03288816,-1.3155264,131.22375839999995,5.248950335999998,fixed
38.902384099958,19,3.9899999999999984,-0.03301834,-1.3207336,131.74317659999997,5.269727063999998,fixed
38.98657849995652,19,3.9899999999999984,-0.03289068,-1.3156271999999998,131.23381319999993,5.249352527999997,fixed
39.07087389996741,19,3.9899999999999984,-0.03288079,-1.3152316,131.19435209999995,5.247774083999998,fixed
39.15509299997939,19,3.9899999999999984,-0.03287099,-1.3148396000000002,131.15525009999996,5.246210003999999,fixed
39.23938259994611,19,3.9899999999999984,-0.03289005,-1.3156019999999997,131.23129949999992,5.249251979999997,fixed
39.32342139998218,19,3.9899999999999984,-0.03288627,-1.3154508,131.21621729999995,5.248648691999998,fixed
39.4074936999823,19,3.9899999999999984,-0.03281872,-1.3127488000000003,130.94669279999997,5.237867711999999,fixed
39.49172999995062,19,3.9899999999999984,-0.03286723,-1.3146892,131.14024769999995,5.245609907999998,fixed
39.575843499973416,19,3.9899999999999984,-0.03279483,-1.3117931999999999,130.85137169999993,5.234054867999998,fixed
39.659896899946034,19,3.9899999999999984,-0.03287571,-1.3150284,131.17408289999997,5.246963315999999,fixed
39.744131699961144,19,3.9899999999999984,-0.03289725,-1.31589,131.26002749999995,5.250401099999998,fixed
39.828468399937265,19,3.9899999999999984,-0.03292452,-1.3169808,131.36883479999995,5.254753391999998,fixed
39.91272879997268,19,3.9899999999999984,-0.03287095,-1.314838,131.15509049999997,5.2462036199999975,fixed
39.996981199947186,19,3.9899999999999984,-0.0328639,-1.314556,131.12696099999997,5.245078439999999,fixed
40.081255199969746,19,3.9899999999999984,-0.03296473,-1.3185892,131.52927269999995,5.261170907999998,fixed
40.16543049993925,19,3.9899999999999984,-0.03293926,-1.3175704,131.42764739999993,5.257105895999998,fixed
40.25012219994096,19,3.9899999999999984,-0.03290041,-1.3160164,131.27263589999993,5.250905435999998,fixed
40.33441789995413,19,3.9899999999999984,-0.03283276,-1.3133104,131.00271239999998,5.240108495999998,fixed
40.41867119993549,19,3.9899999999999984,-0.03292433,-1.3169732000000003,131.36807669999996,5.254723067999999,fixed
40.50420029996894,20,3.9799999999999986,-0.03290495,-1.316198,130.96170099999995,5.238468039999998,fixed
40.588346599950455,20,3.9799999999999986,-0.03288523,-1.3154092,130.88321539999998,5.235328615999998,fixed
40.672704999975394,20,3.9799999999999986,-0.0330139,-1.320556,131.39532199999996,5.255812879999999,fixed
40.756929699971806,20,3.9799999999999986,-0.03298108,-1.3192432000000003,131.26469839999996,5.250587936,fixed
40.84106709994376,20,3.9799999999999986,-0.03294403,-1.3177611999999999,131.11723939999996,5.244689575999998,fixed
40.92532629997004,20,3.9799999999999986,-0.03297427,-1.3189707999999998,131.23759459999997,5.249503783999997,fixed
41.00954159995308,20,3.9799999999999986,-0.03308051,-1.3232204,131.66042979999995,5.266417191999999,fixed
41.0938125999528,20,3.9799999999999986,-0.03296922,-1.3187688,131.21749559999995,5.248699823999998,fixed
41.17810159997316,20,3.9799999999999986,-0.03297737,-1.3190948,131.24993259999997,5.249997303999998,fixed
41.26228329993319,20,3.9799999999999986,-0.03296568,-1.3186271999999999,131.20340639999995,5.248136255999998,fixed
41.3466409999528,20,3.9799999999999986,-0.03294149,-1.3176595999999998,131.10713019999994,5.244285207999997,fixed
41.43096939998213,20,3.9799999999999986,-0.03280364,-1.3121456,130.55848719999997,5.2223394879999985,fixed
41.51520809996873,20,3.9799999999999986,-0.03304853,-1.3219412,131.53314939999996,5.2613259759999975,fixed
41.59954559995094,20,3.9799999999999986,-0.03295838,-1.3183352000000002,131.17435239999998,5.246974095999999,fixed
41.68377659993712,20,3.9799999999999986,-0.03283189,-1.3132756,130.67092219999995,5.2268368879999985,fixed
41.767869199975394,20,3.9799999999999986,-0.03292501,-1.3170004,131.04153979999995,5.241661591999998,fixed
41.852145899960306,20,3.9799999999999986,-0.03292135,-1.3168540000000002,131.02697299999997,5.241078919999999,fixed
41.936333299963735,20,3.9799999999999986,-0.03291132,-1.3164528000000002,130.98705359999997,5.239482143999999,fixed
42.02043719997164,20,3.9799999999999986,-0.03288602,-1.3154408000000002,130.88635959999996,5.235454383999999,fixed
42.1045900999452,20,3.9799999999999986,-0.03290805,-1.3163220000000002,130.97403899999995,5.238961559999999,fixed
42.18889389996184,20,3.9799999999999986,-0.03297374,-1.3189496,131.23548519999997,5.249419407999999,fixed
42.27310409996426,20,3.9799999999999986,-0.0330446,-1.321784,131.51750799999996,5.260700319999999,fixed
42.35717609996209,20,3.9799999999999986,-0.03307217,-1.3228868,131.62723659999995,5.265089463999998,fixed
42.44159219996072,20,3.9799999999999986,-0.03298793,-1.3195172,131.29196139999996,5.251678455999998,fixed
42.5272510999348,21,3.9899999999999984,-0.03302866,-1.3211464000000002,131.78435339999993,5.271374135999999,fixed
42.611558499978855,21,3.9899999999999984,-0.03299685,-1.319874,131.65743149999994,5.266297259999998,fixed
42.69563999993261,21,3.9899999999999984,-0.03303995,-1.3215979999999998,131.82940049999993,5.2731760199999975,fixed
42.779754299961496,21,3.9899999999999984,-0.0330491,-1.321964,131.86590899999996,5.274636359999998,fixed
42.863945599936415,21,3.9899999999999984,-0.03305505,-1.322202,131.88964949999996,5.275585979999998,fixed
42.94827989995247,21,3.9899999999999984,-0.03323263,-1.3293052,132.59819369999994,5.303927747999999,fixed
43.03258499997901,21,3.9899999999999984,-0.03301555,-1.320622,131.73204449999994,5.269281779999997,fixed
43.11679759994149,21,3.9899999999999984,-0.03302659,-1.3210636,131.77609409999997,5.271043763999998,fixed
43.20148509996943,21,3.9899999999999984,-0.03299544,-1.3198176000000001,131.65180559999996,5.266072223999998,fixed
43.28577979997499,21,3.9899999999999984,-0.03310221,-1.3240884,132.07781789999996,5.283112715999998,fixed
43.369970899948385,21,3.9899999999999984,-0.03323041,-1.3292164,132.58933589999995,5.303573435999998,fixed
43.4543303999817,21,3.9899999999999984,-0.03317744,-1.3270976,132.37798559999996,5.295119423999998,fixed
43.53875179996248,21,3.9899999999999984,-0.03321383,-1.3285532,132.52318169999992,5.300927267999998,fixed
43.62298789998749,21,3.9899999999999984,-0.03319291,-1.3277164,132.43971089999997,5.297588435999997,fixed
43.70715989993187,21,3.9899999999999984,-0.03311539,-1.3246156000000002,132.13040609999996,5.285216243999999,fixed
43.79118669993477,21,3.9899999999999984,-0.03307616,-1.3230464,131.97387839999993,5.278955135999998,fixed
43.87544509995496,21,3.9899999999999984,-0.033188,-1.32752,132.42011999999994,5.296804799999998,fixed
43.95972219994292,21,3.9899999999999984,-0.0332939,-1.331756,132.84266099999994,5.313706439999998,fixed
44.04383269994287,21,3.9899999999999984,-0.0332284,-1.329136,132.58131599999996,5.303252639999998,fixed
44.12793699995382,21,3.9899999999999984,-0.03313995,-1.325598,132.22840049999996,5.289136019999998,fixed
44.21195239998633,21,3.9899999999999984,-0.03315022,-1.3260088,132.26937779999994,5.290775111999999,fixed
44.29616819997318,21,3.9899999999999984,-0.0332548,-1.330192,132.68665199999995,5.307466079999998,fixed
44.3802440999425,21,3.9899999999999984,-0.03319074,-1.3276296000000003,132.43105259999996,5.2972421039999995,fixed
44.46425629995065,21,3.9899999999999984,-0.03316001,-1.3264004,132.30843989999994,5.292337595999998,fixed
44.54983750003157,22,3.9999999999999982,-0.03314626,-1.3258504,132.58503999999994,5.303401599999997,fixed
44.63410389999626,22,3.9999999999999982,-0.03315539,-1.3262155999999998,132.62155999999993,5.304862399999997,fixed
44.718281500041485,22,3.9999999999999982,-0.03311628,-1.3246512,132.46511999999993,5.298604799999997,fixed
44.802358000015374,22,3.9999999999999982,-0.03302869,-1.3211476,132.11475999999993,5.284590399999997,fixed
44.88645980000729,22,3.9999999999999982,-0.03314626,-1.3258504,132.58503999999994,5.303401599999997,fixed
44.97053410002263,22,3.9999999999999982,-0.03314298,-1.3257192,132.57191999999995,5.302876799999997,fixed
45.05525810003746,22,3.9999999999999982,-0.03317286,-1.3269144,132.69143999999994,5.307657599999997,fixed
45.1394777999958,22,3.9999999999999982,-0.03315427,-1.3261707999999999,132.61707999999993,5.304683199999997,fixed
45.223708800040185,22,3.9999999999999982,-0.03318897,-1.3275587999999998,132.75587999999993,5.310235199999997,fixed
45.30786110000918,22,3.9999999999999982,-0.0331516,-1.3260640000000001,132.60639999999995,5.304255999999998,fixed
45.39219660003437,22,3.9999999999999982,-0.03323799,-1.3295196000000002,132.95195999999996,5.318078399999998,fixed
45.47640970000066,22,3.9999999999999982,-0.03325488,-1.3301952,133.01951999999994,5.320780799999997,fixed
45.560486100031994,22,3.9999999999999982,-0.03313586,-1.3254344,132.54343999999995,5.301737599999997,fixed
45.64467910001986,22,3.9999999999999982,-0.0331868,-1.3274720000000002,132.74719999999996,5.309887999999998,fixed
45.728730000031646,22,3.9999999999999982,-0.03318365,-1.327346,132.73459999999994,5.309383999999997,fixed
45.81284860003507,22,3.9999999999999982,-0.03326544,-1.3306175999999998,133.06175999999994,5.322470399999997,fixed
45.89673890004633,22,3.9999999999999982,-0.03324994,-1.3299975999999998,132.99975999999995,5.3199903999999965,fixed
45.980831400025636,22,3.9999999999999982,-0.03317851,-1.3271404000000002,132.71403999999995,5.308561599999998,fixed
46.065012800041586,22,3.9999999999999982,-0.03313851,-1.3255404000000002,132.55403999999996,5.302161599999998,fixed
46.14910630002851,22,3.9999999999999982,-0.03319373,-1.3277491999999997,132.77491999999992,5.310996799999996,fixed
46.23330600000918,22,3.9999999999999982,-0.03325997,-1.3303988000000002,133.03987999999995,5.321595199999998,fixed
46.31766250001965,22,3.9999999999999982,-0.0332232,-1.3289279999999999,132.89279999999994,5.315711999999997,fixed
46.40200400003232,22,3.9999999999999982,-0.03321603,-1.3286412,132.86411999999996,5.314564799999998,fixed
46.486185600049794,22,3.9999999999999982,-0.03320591,-1.3282363999999998,132.82363999999993,5.312945599999996,fixed
46.57181429996854,23,4.009999999999998,-0.03324607,-1.3298428000000002,133.31674069999994,5.332669627999998,fixed
46.656162399973255,23,4.009999999999998,-0.03312665,-1.3250659999999999,132.83786649999993,5.3135146599999965,fixed
46.7401049999753,23,4.009999999999998,-0.03310574,-1.3242296000000002,132.75401739999995,5.310160695999998,fixed
46.823980999935884,23,4.009999999999998,-0.03305909,-1.3223635999999999,132.56695089999994,5.302678035999997,fixed
46.908163199957926,23,4.009999999999998,-0.03312548,-1.3250191999999998,132.83317479999994,5.313326991999997,fixed
46.99214059993392,23,4.009999999999998,-0.03312557,-1.3250228000000002,132.8335356999999,5.313341427999998,fixed
47.07642959995428,23,4.009999999999998,-0.03305949,-1.3223795999999999,132.56855489999992,5.302742195999997,fixed
47.16069119994063,23,4.009999999999998,-0.03307814,-1.3231256,132.6433413999999,5.3057336559999975,fixed
47.245102099957876,23,4.009999999999998,-0.03299247,-1.3196988000000003,132.29980469999995,5.291992187999998,fixed
47.329233299940825,23,4.009999999999998,-0.03318791,-1.3275164000000002,133.08351909999993,5.323340763999998,fixed
47.41372569993837,23,4.009999999999998,-0.03309574,-1.3238296,132.71391739999993,5.3085566959999975,fixed
47.49810679996153,23,4.009999999999998,-0.03305073,-1.3220292,132.53342729999991,5.301337091999997,fixed
47.58198659995105,23,4.009999999999998,-0.03302708,-1.3210832,132.43859079999993,5.297543631999997,fixed
47.6658714999794,23,4.009999999999998,-0.03306892,-1.3227567999999998,132.60636919999993,5.304254767999997,fixed
47.75001929997234,23,4.009999999999998,-0.0331623,-1.326492,132.98082299999993,5.3192329199999975,fixed
47.834027499950025,23,4.009999999999998,-0.03298425,-1.3193700000000002,132.26684249999994,5.290673699999998,fixed
47.918090599938296,23,4.009999999999998,-0.03305685,-1.322274,132.55796849999993,5.302318739999997,fixed
48.00245599995833,23,4.009999999999998,-0.03301914,-1.3207656,132.40675139999993,5.296270055999997,fixed
48.0867798999534,23,4.009999999999998,-0.03313395,-1.3253580000000003,132.86713949999995,5.314685579999998,fixed
48.17102549993433,23,4.009999999999998,-0.03311882,-1.3247528,132.80646819999996,5.312258727999997,fixed
48.255261899961624,23,4.009999999999998,-0.03307839,-1.3231355999999999,132.64434389999994,5.305773755999997,fixed
48.33931869996013,23,4.009999999999998,-0.03314092,-1.3256367999999998,132.89508919999992,5.315803567999997,fixed
48.423249099985696,23,4.009999999999998,-0.03300062,-1.3200247999999999,132.33248619999992,5.293299447999997,fixed
48.50755129993195,23,4.009999999999998,-0.03303009,-1.3212036,132.45066089999995,5.298026435999997,fixed
48.59321159997489,24,3.9999999999999982,-0.03309283,-1.3237132,132.37131999999994,5.2948527999999975,fixed
48.67738949996419,24,3.9999999999999982,-0.03313104,-1.3252416,132.52415999999994,5.300966399999997,fixed
48.761229099938646,24,3.9999999999999982,-0.03320223,-1.3280892,132.80891999999994,5.312356799999997,fixed
48.84497839998221,24,3.9999999999999982,-0.03317301,-1.3269204,132.69203999999996,5.307681599999998,fixed
48.92909999995027,24,3.9999999999999982,-0.03311488,-1.3245952,132.45951999999994,5.298380799999998,fixed
49.01308159995824,24,3.9999999999999982,-0.03303412,-1.3213648,132.13647999999995,5.285459199999997,fixed
49.09729469998274,24,3.9999999999999982,-0.0331962,-1.3278480000000001,132.78479999999996,5.311391999999998,fixed
49.18157809996046,24,3.9999999999999982,-0.03326339,-1.3305355999999997,133.05355999999992,5.322142399999996,fixed
49.26577579998411,24,3.9999999999999982,-0.03323923,-1.3295692,132.95691999999994,5.318276799999997,fixed
49.34987229993567,24,3.9999999999999982,-0.0331795,-1.3271799999999998,132.71799999999996,5.3087199999999966,fixed
49.433909499959555,24,3.9999999999999982,-0.03314544,-1.3258176,132.58175999999995,5.303270399999997,fixed
49.518210399954114,24,3.9999999999999982,-0.03320138,-1.3280552,132.80551999999994,5.312220799999998,fixed
49.602431699982844,24,3.9999999999999982,-0.03317121,-1.3268484,132.68483999999995,5.3073935999999975,fixed
49.68662619998213,24,3.9999999999999982,-0.03316952,-1.3267807999999999,132.67807999999994,5.307123199999997,fixed
49.77051689993823,24,3.9999999999999982,-0.03308411,-1.3233644,132.33643999999995,5.293457599999997,fixed
49.854075699986424,24,3.9999999999999982,-0.03321882,-1.3287528,132.87527999999995,5.315011199999997,fixed
49.93767469993327,24,3.9999999999999982,-0.03317908,-1.3271632,132.71631999999994,5.308652799999997,fixed
50.021197099937126,24,3.9999999999999982,-0.03320212,-1.3280848,132.80847999999995,5.312339199999998,fixed
50.10476449993439,24,3.9999999999999982,-0.03316246,-1.3264983999999997,132.64983999999993,5.305993599999996,fixed
50.18822629994247,24,3.9999999999999982,-0.03315535,-1.326214,132.62139999999994,5.304855999999997,fixed
50.271847699943464,24,3.9999999999999982,-0.03320452,-1.3281808000000002,132.81807999999995,5.312723199999998,fixed
50.35566269996343,24,3.9999999999999982,-0.03317025,-1.3268099999999998,132.68099999999993,5.307239999999997,fixed
50.43992659996729,24,3.9999999999999982,-0.03311396,-1.3245584,132.45583999999994,5.298233599999997,fixed
50.524222199979704,24,3.9999999999999982,-0.03308825,-1.32353,132.35299999999995,5.294119999999998,fixed
50.60990760003915,25,4.009999999999998,-0.03309838,-1.3239352,132.72450379999992,5.3089801519999975,fixed
50.69416569999885,25,4.009999999999998,-0.03310345,-1.324138,132.74483449999994,5.309793379999998,fixed
50.77822139998898,25,4.009999999999998,-0.03299216,-1.3196864,132.2985615999999,5.291942463999997,fixed
50.86226840002928,25,4.009999999999998,-0.03312088,-1.3248351999999999,132.81472879999993,5.312589151999997,fixed
50.94646790000843,25,4.009999999999998,-0.03311465,-1.3245860000000003,132.78974649999995,5.311589859999998,fixed
51.03051060001599,25,4.009999999999998,-0.03304833,-1.3219332,132.52380329999994,5.300952131999997,fixed
51.114457999996375,25,4.009999999999998,-0.03304427,-1.3217708,132.50752269999992,5.300300907999997,fixed
51.19846610003151,25,4.009999999999998,-0.03305678,-1.3222712,132.55768779999994,5.302307511999998,fixed
51.28227640001569,25,4.009999999999998,-0.03306484,-1.3225935999999998,132.59000839999993,5.303600335999997,fixed
51.36632800003281,25,4.009999999999998,-0.03316838,-1.3267352,133.00520379999992,5.320208151999997,fixed
51.45063229999505,25,4.009999999999998,-0.03313347,-1.3253388,132.86521469999994,5.314608587999997,fixed
51.53479800000787,25,4.009999999999998,-0.03313519,-1.3254076000000001,132.87211189999996,5.314884475999998,fixed
51.61911620001774,25,4.009999999999998,-0.03303745,-1.321498,132.48017449999995,5.2992069799999975,fixed
51.70330230001127,25,4.009999999999998,-0.03298937,-1.3195747999999998,132.28737369999993,5.291494947999997,fixed
51.787658000015654,25,4.009999999999998,-0.03321618,-1.3286472,133.19688179999991,5.327875271999997,fixed
51.87193960003788,25,4.009999999999998,-0.03316855,-1.3267419999999999,133.00588549999992,5.320235419999997,fixed
51.956150499987416,25,4.009999999999998,-0.0331636,-1.3265440000000002,132.98603599999996,5.319441439999998,fixed
52.0404247000115,25,4.009999999999998,-0.03321998,-1.3287992,133.21211979999995,5.328484791999998,fixed
52.124599700036924,25,4.009999999999998,-0.03312297,-1.3249188,132.82310969999995,5.312924387999997,fixed
52.208433000021614,25,4.009999999999998,-0.03314607,-1.3258428,132.91574069999993,5.316629627999998,fixed
52.2925980000291,25,4.009999999999998,-0.03306926,-1.3227704,132.60773259999993,5.304309303999998,fixed
52.37653810001211,25,4.009999999999998,-0.03322318,-1.3289271999999999,133.22495179999993,5.3289980719999965,fixed
52.46072020003339,25,4.009999999999998,-0.0331389,-1.325556,132.88698899999991,5.315479559999997,fixed
52.54504120000638,25,4.009999999999998,-0.03315033,-1.3260131999999998,132.9328232999999,5.3173129319999966,fixed
52.630557399999816,26,4.019999999999998,-0.03306916,-1.3227664000000001,132.93802319999992,5.317520927999998,fixed
52.71455740003148,26,4.019999999999998,-0.03314405,-1.325762,133.2390809999999,5.329563239999998,fixed
52.79837660002522,26,4.019999999999998,-0.03318847,-1.3275388,133.41764939999993,5.336705975999997,fixed
52.88232750003226,26,4.019999999999998,-0.03308416,-1.3233664000000003,132.99832319999993,5.319932927999998,fixed
52.96636840002611,26,4.019999999999998,-0.03325565,-1.330226,133.68771299999992,5.347508519999996,fixed
53.0504135999945,26,4.019999999999998,-0.03327423,-1.3309692000000002,133.76240459999994,5.350496183999998,fixed
53.1349087000126,26,4.019999999999998,-0.03326466,-1.3305864,133.72393319999992,5.348957327999997,fixed
53.218845700030215,26,4.019999999999998,-0.03318864,-1.3275455999999999,133.41833279999992,5.336733311999996,fixed
53.30289210000774,26,4.019999999999998,-0.03333848,-1.3335392,134.0206895999999,5.360827583999996,fixed
53.38710809999611,26,4.019999999999998,-0.03315199,-1.3260796,133.27099979999994,5.330839991999997,fixed
53.471373400010634,26,4.019999999999998,-0.03318115,-1.3272460000000001,133.38822299999993,5.335528919999998,fixed
53.555485900025815,26,4.019999999999998,-0.0331907,-1.327628,133.42661399999992,5.337064559999997,fixed
53.63981630001217,26,4.019999999999998,-0.03307344,-1.3229376000000002,132.95522879999993,5.318209151999998,fixed
53.72415050002746,26,4.019999999999998,-0.03314805,-1.3259219999999998,133.25516099999993,5.330206439999996,fixed
53.80849180003861,26,4.019999999999998,-0.03308787,-1.3235147999999999,133.01323739999992,5.320529495999996,fixed
53.89269970002351,26,4.019999999999998,-0.03319255,-1.3277020000000002,133.43405099999995,5.337362039999998,fixed
53.977046000014525,26,4.019999999999998,-0.03299622,-1.3198488,132.64480439999994,5.305792175999997,fixed
54.06107950001024,26,4.019999999999998,-0.0330422,-1.321688,132.82964399999994,5.313185759999997,fixed
54.146085000014864,26,4.019999999999998,-0.03303256,-1.3213024000000002,132.79089119999992,5.3116356479999975,fixed
54.230107100040186,26,4.019999999999998,-0.03313864,-1.3255455999999999,133.21733279999992,5.328693311999997,fixed
54.314241100044455,26,4.019999999999998,-0.03306505,-1.322602,132.92150099999992,5.316860039999997,fixed
54.39837430004263,26,4.019999999999998,-0.03310882,-1.3243527999999998,133.0974563999999,5.323898255999996,fixed
54.48247550002998,26,4.019999999999998,-0.03311045,-1.324418,133.1040089999999,5.324160359999998,fixed
54.566685100027826,26,4.019999999999998,-0.03303373,-1.3213492,132.79559459999993,5.311823783999997,fixed
54.65234409994446,27,4.029999999999998,-0.03291503,-1.3166011999999998,132.6475708999999,5.305902835999996,fixed
54.73675479996018,27,4.029999999999998,-0.03306628,-1.3226512000000001,133.25710839999994,5.330284335999997,fixed
54.8206583999563,27,4.029999999999998,-0.03312415,-1.324966,133.49032449999993,5.339612979999997,fixed
54.90463829995133,27,4.029999999999998,-0.03306155,-1.3224620000000002,133.23804649999994,5.329521859999998,fixed
54.989419099933,27,4.029999999999998,-0.03312963,-1.3251852,133.5124088999999,5.3404963559999965,fixed
55.073677999957,27,4.029999999999998,-0.03316393,-1.3265572,133.65063789999994,5.346025515999997,fixed
55.15801549993921,27,4.029999999999998,-0.03303409,-1.3213636,133.12738269999994,5.325095307999996,fixed
55.24255899997661,27,4.029999999999998,-0.03314205,-1.3256819999999998,133.56246149999993,5.342498459999996,fixed
55.32669829996303,27,4.029999999999998,-0.03313993,-1.3255972,133.5539178999999,5.342156715999997,fixed
55.410823999962304,27,4.029999999999998,-0.03308513,-1.3234052,133.3330738999999,5.333322955999997,fixed
55.494890499976464,27,4.029999999999998,-0.0330216,-1.320864,133.07704799999993,5.323081919999997,fixed
55.57946559996344,27,4.029999999999998,-0.03309618,-1.3238472000000001,133.37760539999994,5.335104215999997,fixed
55.66373409994412,27,4.029999999999998,-0.03308458,-1.3233832,133.33085739999993,5.333234295999997,fixed
55.7479430999374,27,4.029999999999998,-0.0330742,-1.322968,133.28902599999992,5.331561039999997,fixed
55.83220439997967,27,4.029999999999998,-0.03304842,-1.3219368,133.18513259999992,5.3274053039999965,fixed
55.91642369993497,27,4.029999999999998,-0.03308396,-1.3233584000000003,133.32835879999993,5.333134351999998,fixed
56.000731399981305,27,4.029999999999998,-0.03310475,-1.3241900000000002,133.41214249999993,5.336485699999997,fixed
56.085027499939315,27,4.029999999999998,-0.03305766,-1.3223064000000002,133.22236979999994,5.328894791999998,fixed
56.16935069998726,27,4.029999999999998,-0.03300618,-1.3202472,133.01490539999995,5.320596215999997,fixed
56.25346289994195,27,4.029999999999998,-0.03302788,-1.3211152000000002,133.10235639999993,5.324094255999998,fixed
56.33727209997596,27,4.029999999999998,-0.03305139,-1.3220555999999999,133.19710169999993,5.327884067999996,fixed
56.420786799979396,27,4.029999999999998,-0.03302479,-1.3209916,133.0899036999999,5.3235961479999965,fixed
56.50445659994148,27,4.029999999999998,-0.03302637,-1.3210548,133.0962710999999,5.323850843999996,fixed
56.58798619994195,27,4.029999999999998,-0.03310907,-1.3243627999999998,133.4295520999999,5.337182083999996,fixed
56.672943599987775,28,4.039999999999997,-0.0330258,-1.3210320000000002,133.42423199999993,5.336969279999997,fixed
56.756444500002544,28,4.039999999999997,-0.03298729,-1.3194916,133.2686515999999,5.330746063999997,fixed
56.83996449998813,28,4.039999999999997,-0.03291266,-1.3165064000000002,132.96714639999993,5.318685855999997,fixed
56.92343989998335,28,4.039999999999997,-0.0329265,-1.31706,133.0230599999999,5.320922399999996,fixed
57.00701599998865,28,4.039999999999997,-0.03294162,-1.3176648,133.0841447999999,5.323365791999996,fixed
57.090534599963576,28,4.039999999999997,-0.03298464,-1.3193856000000002,133.2579455999999,5.330317823999997,fixed
57.17406910000136,28,4.039999999999997,-0.03297401,-1.3189604,133.2150003999999,5.328600015999996,fixed
57.25794809998479,28,4.039999999999997,-0.03289098,-1.3156392,132.8795591999999,5.315182367999996,fixed
57.34141629998339,28,4.039999999999997,-0.03294307,-1.3177227999999999,133.09000279999992,5.323600111999996,fixed
57.42496039997786,28,4.039999999999997,-0.03296973,-1.3187892000000003,133.19770919999993,5.3279083679999975,fixed
57.50847979995888,28,4.039999999999997,-0.03299731,-1.3198923999999999,133.30913239999992,5.332365295999996,fixed
57.591932599956635,28,4.039999999999997,-0.03292182,-1.3168727999999998,133.0041527999999,5.320166111999996,fixed
57.675761299964506,28,4.039999999999997,-0.03293926,-1.3175704,133.0746103999999,5.322984415999996,fixed
57.75962259998778,28,4.039999999999997,-0.03299623,-1.3198492000000002,133.30476919999992,5.332190767999998,fixed
57.843216999957804,28,4.039999999999997,-0.03290179,-1.3160716,132.92323159999992,5.316929263999996,fixed
57.9267405999708,28,4.039999999999997,-0.03294496,-1.3177984,133.0976383999999,5.323905535999996,fixed
58.01025130000198,28,4.039999999999997,-0.03297558,-1.3190232,133.2213431999999,5.328853727999996,fixed
58.09362629998941,28,4.039999999999997,-0.03297295,-1.3189179999999998,133.21071799999993,5.328428719999995,fixed
58.17729429999599,28,4.039999999999997,-0.03299293,-1.3197171999999997,133.29143719999988,5.331657487999995,fixed
58.26113780000014,28,4.039999999999997,-0.03298455,-1.319382,133.25758199999993,5.330303279999996,fixed
58.345313199970406,28,4.039999999999997,-0.03295984,-1.3183936,133.1577535999999,5.326310143999997,fixed
58.42901689995779,28,4.039999999999997,-0.03288849,-1.3155396,132.86949959999993,5.314779983999996,fixed
58.51313679997111,28,4.039999999999997,-0.03305542,-1.3222168000000003,133.5438967999999,5.341755871999998,fixed
58.59710279997671,28,4.039999999999997,-0.03293053,-1.3172211999999999,133.0393411999999,5.321573647999996,fixed
58.68247699999483,29,4.029999999999998,-0.03301686,-1.3206744000000001,133.05794579999994,5.322317831999998,fixed
58.76651079999283,29,4.029999999999998,-0.03292223,-1.3168891999999999,132.67658689999993,5.307063475999996,fixed
58.85064539994346,29,4.029999999999998,-0.03297403,-1.3189612,132.88534089999993,5.315413635999996,fixed
58.93456359999254,29,4.029999999999998,-0.03304866,-1.3219463999999999,133.18609979999994,5.3274439919999965,fixed
59.01855069998419,29,4.029999999999998,-0.03293249,-1.3172996000000001,132.71793469999992,5.308717387999997,fixed
59.10252399998717,29,4.029999999999998,-0.03290185,-1.3160740000000002,132.59445549999992,5.303778219999997,fixed
59.18663029995514,29,4.029999999999998,-0.03280315,-1.3121260000000001,132.19669449999992,5.287867779999997,fixed
59.270714799989946,29,4.029999999999998,-0.03281535,-1.3126140000000002,132.24586049999994,5.289834419999997,fixed
59.35476279997965,29,4.029999999999998,-0.03279394,-1.3117576,132.15957819999994,5.286383127999997,fixed
59.43885219999356,29,4.029999999999998,-0.03282348,-1.3129392000000002,132.27862439999993,5.291144975999997,fixed
59.52298009995138,29,4.029999999999998,-0.03275229,-1.3100916,131.99172869999992,5.279669147999997,fixed
59.60720669996226,29,4.029999999999998,-0.03275406,-1.3101624,131.99886179999993,5.279954471999997,fixed
59.691416699963156,29,4.029999999999998,-0.03304087,-1.3216348,133.1547060999999,5.326188243999997,fixed
59.77537589997519,29,4.029999999999998,-0.03304544,-1.3218176,133.17312319999994,5.326924927999997,fixed
59.8594600999495,29,4.029999999999998,-0.03297137,-1.3188548,132.87462109999993,5.314984843999997,fixed
59.94345149997389,29,4.029999999999998,-0.03299649,-1.3198596,132.97585469999993,5.319034187999997,fixed
60.02730979997432,29,4.029999999999998,-0.032993,-1.31972,132.96178999999992,5.318471599999997,fixed
60.111309799947776,29,4.029999999999998,-0.03294753,-1.3179012,132.77854589999993,5.311141835999997,fixed
60.1955750999623,29,4.029999999999998,-0.0329629,-1.3185160000000002,132.8404869999999,5.313619479999998,fixed
60.27971589996014,29,4.029999999999998,-0.0330516,-1.3220640000000001,133.19794799999994,5.327917919999997,fixed
60.363848999957554,29,4.029999999999998,-0.03295133,-1.3180532,132.79385989999992,5.311754395999997,fixed
60.44838479999453,29,4.029999999999998,-0.03302803,-1.3211212,133.1029608999999,5.324118435999997,fixed
60.532401699980255,29,4.029999999999998,-0.03294395,-1.317758,132.7641184999999,5.310564739999997,fixed
60.61643809993984,29,4.029999999999998,-0.0329311,-1.317244,132.71233299999992,5.3084933199999975,fixed
60.70177499996498,30,4.039999999999997,-0.03298067,-1.3192267999999998,133.2419067999999,5.329676271999996,fixed
60.786021999956574,30,4.039999999999997,-0.03297535,-1.319014,133.22041399999992,5.328816559999996,fixed
60.871814199956134,30,4.039999999999997,-0.03300961,-1.3203844,133.35882439999992,5.334352975999996,fixed
60.95575359999202,30,4.039999999999997,-0.0329264,-1.317056,133.0226559999999,5.320906239999997,fixed
61.03978219995042,30,4.039999999999997,-0.03295024,-1.3180096000000001,133.1189695999999,5.324758783999997,fixed
61.124001599964686,30,4.039999999999997,-0.03290124,-1.3160496000000002,132.9210095999999,5.316840383999997,fixed
61.208321499987505,30,4.039999999999997,-0.03302082,-1.3208328,133.40411279999992,5.336164511999996,fixed
61.2925671999692,30,4.039999999999997,-0.03292412,-1.3169648,133.01344479999992,5.320537791999997,fixed
61.376836199953686,30,4.039999999999997,-0.03300456,-1.3201824000000002,133.33842239999993,5.333536895999997,fixed
61.46097349998308,30,4.039999999999997,-0.03287968,-1.3151872,132.8339071999999,5.313356287999997,fixed
61.545087999955285,30,4.039999999999997,-0.03268318,-1.3073272,132.0400471999999,5.281601887999996,fixed
61.62915739999153,30,4.039999999999997,-0.03269611,-1.3078443999999998,132.09228439999993,5.283691375999996,fixed
61.713150599971414,30,4.039999999999997,-0.03264958,-1.3059832,131.9043031999999,5.276172127999996,fixed
61.79735329997493,30,4.039999999999997,-0.03288156,-1.3152624,132.84150239999988,5.313660095999996,fixed
61.88160399993649,30,4.039999999999997,-0.03278057,-1.3112228000000001,132.4335027999999,5.297340111999997,fixed
61.965798699937295,30,4.039999999999997,-0.03283004,-1.3132016,132.63336159999992,5.305334463999997,fixed
62.04994389996864,30,4.039999999999997,-0.03290777,-1.3163108,132.94739079999994,5.317895631999996,fixed
62.13417579996167,30,4.039999999999997,-0.03286863,-1.3147452000000002,132.78926519999993,5.311570607999998,fixed
62.218331299955025,30,4.039999999999997,-0.03292158,-1.3168632,133.0031831999999,5.320127327999996,fixed
62.302590999985114,30,4.039999999999997,-0.03290719,-1.3162876,132.94504759999992,5.317801903999996,fixed
62.38683609996224,30,4.039999999999997,-0.03297862,-1.3191448,133.23362479999992,5.329344991999996,fixed
62.47083869995549,30,4.039999999999997,-0.03292676,-1.3170704,133.02411039999993,5.320964415999996,fixed
62.55491719994461,30,4.039999999999997,-0.03293872,-1.3175488,133.0724287999999,5.322897151999997,fixed
62.639014999964274,30,4.039999999999997,-0.03289729,-1.3158916000000003,132.90505159999992,5.316202063999998,fixed
62.72460590000264,31,4.049999999999997,-0.03279226,-1.3116904,132.80865299999988,5.312346119999996,fixed
62.80883840000024,31,4.049999999999997,-0.03284125,-1.31365,133.0070624999999,5.320282499999996,fixed
62.8928529000259,31,4.049999999999997,-0.03293696,-1.3174784,133.3946879999999,5.335787519999996,fixed
62.977083900012076,31,4.049999999999997,-0.03297449,-1.3189796,133.5466844999999,5.3418673799999965,fixed
63.06130480003776,31,4.049999999999997,-0.03296285,-1.3185140000000002,133.4995424999999,5.339981699999997,fixed
63.14552369999001,31,4.049999999999997,-0.03294126,-1.3176504,133.4121029999999,5.336484119999996,fixed
63.22952200000873,31,4.049999999999997,-0.03286652,-1.3146608,133.10940599999992,5.324376239999996,fixed
63.31381700001657,31,4.049999999999997,-0.03293829,-1.3175316000000001,133.4000744999999,5.336002979999996,fixed
63.39808010001434,31,4.049999999999997,-0.03284125,-1.31365,133.0070624999999,5.320282499999996,fixed
63.4824387000408,31,4.049999999999997,-0.03286012,-1.3144048000000002,133.0834859999999,5.323339439999997,fixed
63.566578200028744,31,4.049999999999997,-0.03281619,-1.3126476,132.9055694999999,5.316222779999996,fixed
63.65074010001263,31,4.049999999999997,-0.03282541,-1.3130164,132.9429104999999,5.3177164199999964,fixed
63.73485290003009,31,4.049999999999997,-0.03294329,-1.3177316,133.4203244999999,5.336812979999996,fixed
63.81916250003269,31,4.049999999999997,-0.03285164,-1.3140656000000002,133.04914199999993,5.321965679999997,fixed
63.90333360002842,31,4.049999999999997,-0.03296798,-1.3187192,133.52031899999992,5.340812759999997,fixed
63.98763760004658,31,4.049999999999997,-0.03288999,-1.3155995999999999,133.2044594999999,5.328178379999995,fixed
64.07161330000963,31,4.049999999999997,-0.03284297,-1.3137188,133.0140284999999,5.320561139999996,fixed
64.15557719999924,31,4.049999999999997,-0.03292582,-1.3170328,133.3495709999999,5.3339828399999965,fixed
64.2396643999964,31,4.049999999999997,-0.03284586,-1.3138343999999997,133.0257329999999,5.321029319999996,fixed
64.32396790001076,31,4.049999999999997,-0.03291963,-1.3167852,133.32450149999988,5.332980059999996,fixed
64.40813940000953,31,4.049999999999997,-0.03286921,-1.3147684000000002,133.12030049999993,5.324812019999997,fixed
64.49221290001879,31,4.049999999999997,-0.03284784,-1.3139136000000002,133.03375199999994,5.3213500799999975,fixed
64.57634790003067,31,4.049999999999997,-0.03268624,-1.3074496,132.3792719999999,5.295170879999996,fixed
64.66070730000501,31,4.049999999999997,-0.03280143,-1.3120572,132.8457914999999,5.313831659999996,fixed
64.74621279997518,32,4.059999999999997,-0.03268841,-1.3075364000000003,132.7149445999999,5.308597783999997,fixed
64.83050329994876,32,4.059999999999997,-0.03270819,-1.3083275999999997,132.7952513999999,5.311810055999995,fixed
64.91452989995014,32,4.059999999999997,-0.03272527,-1.3090108,132.8645961999999,5.314583847999996,fixed
64.99835849995725,32,4.059999999999997,-0.03265555,-1.306222,132.5815329999999,5.303261319999996,fixed
65.08247119997395,32,4.059999999999997,-0.03264531,-1.3058123999999998,132.5399585999999,5.301598343999995,fixed
65.16667619993677,32,4.059999999999997,-0.03264171,-1.3056683999999998,132.5253425999999,5.301013703999995,fixed
65.25087139994139,32,4.059999999999997,-0.03281117,-1.3124468000000002,133.21335019999992,5.328534007999997,fixed
65.33488739997847,32,4.059999999999997,-0.03269288,-1.3077152,132.7330927999999,5.309323711999997,fixed
65.41909139993368,32,4.059999999999997,-0.03277361,-1.3109444000000001,133.0608565999999,5.322434263999996,fixed
65.50350709998747,32,4.059999999999997,-0.03283036,-1.3132144000000003,133.2912615999999,5.331650463999997,fixed
65.5877614999772,32,4.059999999999997,-0.03273603,-1.3094412,132.90828179999988,5.316331271999996,fixed
65.67195409996202,32,4.059999999999997,-0.03284019,-1.3136076,133.3311713999999,5.333246855999996,fixed
65.75613459997112,32,4.059999999999997,-0.03278749,-1.3114996000000003,133.11720939999992,5.3246883759999974,fixed
65.83996029995615,32,4.059999999999997,-0.03274972,-1.3099888000000002,132.96386319999993,5.318554527999996,fixed
65.9236562999431,32,4.059999999999997,-0.03287457,-1.3149828,133.4707541999999,5.338830167999996,fixed
66.00715829996625,32,4.059999999999997,-0.03281538,-1.3126152,133.2304427999999,5.329217711999996,fixed
66.09068969998043,32,4.059999999999997,-0.03287703,-1.3150812000000003,133.48074179999992,5.339229671999997,fixed
66.17431389994454,32,4.059999999999997,-0.03290577,-1.3162308000000003,133.5974261999999,5.343897047999997,fixed
66.25804889993742,32,4.059999999999997,-0.03288126,-1.3152504000000003,133.4979155999999,5.339916623999997,fixed
66.34226649993798,32,4.059999999999997,-0.03294572,-1.3178287999999998,133.7596231999999,5.350384927999995,fixed
66.42643159994623,32,4.059999999999997,-0.03293272,-1.3173088,133.7068431999999,5.348273727999996,fixed
66.51057579996996,32,4.059999999999997,-0.03289414,-1.3157656,133.5502083999999,5.342008335999996,fixed
66.59462329995586,32,4.059999999999997,-0.03296451,-1.3185804,133.83591059999992,5.353436423999996,fixed
66.67881089996081,32,4.059999999999997,-0.0329697,-1.3187879999999998,133.8569819999999,5.354279279999996,fixed
66.7642442000215,33,4.069999999999997,-0.03279499,-1.3117996000000003,133.47560929999992,5.339024371999997,fixed
66.84851130004972,33,4.069999999999997,-0.03287786,-1.3151144,133.81289019999988,5.352515607999996,fixed
66.93260990001727,33,4.069999999999997,-0.03292895,-1.317158,134.02082649999988,5.360833059999996,fixed
67.01649430004181,33,4.069999999999997,-0.03290968,-1.3163871999999999,133.94239759999988,5.357695903999995,fixed
67.10084060003283,33,4.069999999999997,-0.03284599,-1.3138396,133.6831792999999,5.347327171999996,fixed
67.18499570002314,33,4.069999999999997,-0.03296852,-1.3187407999999998,134.1818763999999,5.367275055999995,fixed
67.2691393000423,33,4.069999999999997,-0.03294795,-1.317918,134.09815649999987,5.363926259999995,fixed
67.35344510001596,33,4.069999999999997,-0.0329297,-1.3171879999999998,134.0238789999999,5.360955159999995,fixed
67.43773300002795,33,4.069999999999997,-0.03283034,-1.3132136,133.61948379999987,5.344779351999996,fixed
67.52190510003129,33,4.069999999999997,-0.03282163,-1.3128652,133.58403409999988,5.343361363999996,fixed
67.60595540003851,33,4.069999999999997,-0.03285359,-1.3141436000000002,133.7141112999999,5.348564451999996,fixed
67.68996839999454,33,4.069999999999997,-0.03275966,-1.3103864,133.3318161999999,5.333272647999996,fixed
67.77399570000125,33,4.069999999999997,-0.03286263,-1.3145052,133.75090409999987,5.350036163999995,fixed
67.85831650003092,33,4.069999999999997,-0.03290652,-1.3162608,133.9295363999999,5.357181455999996,fixed
67.94268890004605,33,4.069999999999997,-0.03281717,-1.3126867999999998,133.56588189999988,5.342635275999995,fixed
68.02681120001944,33,4.069999999999997,-0.03284809,-1.3139236000000003,133.69172629999989,5.347669051999997,fixed
68.11078310001176,33,4.069999999999997,-0.0328582,-1.314328,133.7328739999999,5.349314959999996,fixed
68.19498040003236,33,4.069999999999997,-0.03282094,-1.3128376,133.58122579999988,5.343249031999996,fixed
68.2792948000133,33,4.069999999999997,-0.03276335,-1.3105339999999999,133.3468344999999,5.333873379999996,fixed
68.36356830003206,33,4.069999999999997,-0.03292087,-1.3168348,133.98794089999987,5.359517635999996,fixed
68.44779070001096,33,4.069999999999997,-0.03277506,-1.3110024000000002,133.3944941999999,5.3357797679999965,fixed
68.53222250001272,33,4.069999999999997,-0.03279531,-1.3118124,133.4769116999999,5.339076467999996,fixed
68.61631850001868,33,4.069999999999997,-0.03283565,-1.313426,133.6410954999999,5.345643819999996,fixed
68.70042110001668,33,4.069999999999997,-0.03284967,-1.3139868,133.6981568999999,5.3479262759999955,fixed
68.78586139995605,34,4.0799999999999965,-0.03270736,-1.3082944,133.44602879999988,5.337841151999996,fixed
68.8702401999617,34,4.0799999999999965,-0.03282399,-1.3129596,133.92187919999986,5.356875167999995,fixed
68.95425599993905,34,4.0799999999999965,-0.03288935,-1.315574,134.18854799999988,5.367541919999995,fixed
69.0382161999587,34,4.0799999999999965,-0.0327887,-1.311548,133.77789599999986,5.351115839999995,fixed
69.12244419998024,34,4.0799999999999965,-0.03289414,-1.3157656,134.2080911999999,5.368323647999995,fixed
69.20677779999096,34,4.0799999999999965,-0.03286366,-1.3145464000000002,134.08373279999992,5.363349311999996,fixed
69.29099939996377,34,4.0799999999999965,-0.0328686,-1.3147440000000001,134.10388799999987,5.364155519999996,fixed
69.37521719996585,34,4.0799999999999965,-0.03288628,-1.3154512,134.17602239999988,5.367040895999995,fixed
69.45945389993722,34,4.0799999999999965,-0.03282481,-1.3129924,133.9252247999999,5.3570089919999955,fixed
69.54354159993818,34,4.0799999999999965,-0.03279859,-1.3119436000000002,133.81824719999992,5.352729887999996,fixed
69.62781089998316,34,4.0799999999999965,-0.03283647,-1.3134588,133.9727975999999,5.358911903999996,fixed
69.71190749993548,34,4.0799999999999965,-0.03288113,-1.3152452,134.1550103999999,5.366200415999995,fixed
69.79609419999178,34,4.0799999999999965,-0.0327913,-1.311652,133.7885039999999,5.351540159999995,fixed
69.88041389995487,34,4.0799999999999965,-0.03284793,-1.3139172,134.0195543999999,5.360782175999995,fixed
69.9646858999622,34,4.0799999999999965,-0.0328526,-1.3141040000000002,134.0386079999999,5.361544319999996,fixed
70.04876969999168,34,4.0799999999999965,-0.03282891,-1.3131564,133.9419527999999,5.357678111999995,fixed
70.13310619996628,34,4.0799999999999965,-0.03274994,-1.3099975999999998,133.61975519999987,5.344790207999995,fixed
70.21743879996939,34,4.0799999999999965,-0.03279117,-1.3116468000000001,133.7879735999999,5.351518943999996,fixed
70.30164209997747,34,4.0799999999999965,-0.03283085,-1.3132340000000002,133.9498679999999,5.357994719999996,fixed
70.38595199998235,34,4.0799999999999965,-0.03275907,-1.3103628,133.65700559999988,5.346280223999996,fixed
70.47022289998131,34,4.0799999999999965,-0.03274824,-1.3099295999999998,133.61281919999988,5.344512767999995,fixed
70.55456269998103,34,4.0799999999999965,-0.03274762,-1.3099048,133.61028959999987,5.344411583999995,fixed
70.63886649993947,34,4.0799999999999965,-0.03284713,-1.3138852,134.01629039999992,5.360651615999996,fixed
70.72319859993877,34,4.0799999999999965,-0.0327524,-1.3100960000000001,133.6297919999999,5.345191679999996,fixed
70.80881060002139,35,4.089999999999996,-0.03267315,-1.306926,133.63318349999986,5.345327339999995,fixed
70.89294770004926,35,4.089999999999996,-0.03280563,-1.3122252,134.1750266999999,5.367001067999995,fixed
70.97664860001532,35,4.089999999999996,-0.03271464,-1.3085856,133.8028775999999,5.352115103999995,fixed
71.06072990002576,35,4.089999999999996,-0.03279933,-1.3119732000000002,134.14925969999987,5.365970387999996,fixed
71.1448715000297,35,4.089999999999996,-0.03278494,-1.3113976,134.09040459999989,5.363616183999995,fixed
71.2290124000283,35,4.089999999999996,-0.0327702,-1.3108080000000002,134.03011799999987,5.361204719999996,fixed
71.31334170000628,35,4.089999999999996,-0.03269729,-1.3078915999999998,133.73191609999986,5.349276643999994,fixed
71.39757450000616,35,4.089999999999996,-0.03270386,-1.3081544,133.75878739999987,5.350351495999996,fixed
71.4819065000047,35,4.089999999999996,-0.0327967,-1.311868,134.13850299999987,5.365540119999995,fixed
71.56599810003536,35,4.089999999999996,-0.03275368,-1.3101472,133.9625511999999,5.358502047999996,fixed
71.65009549999377,35,4.089999999999996,-0.03275942,-1.3103768,133.98602779999987,5.359441111999995,fixed
71.73427270003594,35,4.089999999999996,-0.03267238,-1.3068952000000003,133.6300341999999,5.345201367999996,fixed
71.81833910004934,35,4.089999999999996,-0.03275866,-1.3103464,133.9829193999999,5.359316775999996,fixed
71.90256180003053,35,4.089999999999996,-0.03278969,-1.3115876,134.1098320999999,5.364393283999995,fixed
71.98682730004657,35,4.089999999999996,-0.03275026,-1.3100104000000001,133.9485633999999,5.357942535999996,fixed
72.07091470004525,35,4.089999999999996,-0.03279629,-1.3118516,134.1368260999999,5.365473043999995,fixed
72.1551036000019,35,4.089999999999996,-0.03281673,-1.3126692,134.2204256999999,5.368817027999995,fixed
72.23934750002809,35,4.089999999999996,-0.03279545,-1.3118179999999997,134.13339049999988,5.3653356199999935,fixed
72.32367070001783,35,4.089999999999996,-0.03271548,-1.3086191999999999,133.80631319999986,5.352252527999995,fixed
72.40798940003151,35,4.089999999999996,-0.03285845,-1.314338,134.3910604999999,5.375642419999995,fixed
72.49211280001327,35,4.089999999999996,-0.03279914,-1.3119655999999997,134.14848259999988,5.365939303999994,fixed
72.57629689999158,35,4.089999999999996,-0.0327903,-1.311612,134.11232699999988,5.3644930799999955,fixed
72.66061280004214,35,4.089999999999996,-0.03272713,-1.3090852000000002,133.85396169999987,5.354158467999996,fixed
72.74488579999888,35,4.089999999999996,-0.03279164,-1.3116655999999998,134.11780759999985,5.364712303999994,fixed
72.83069739997154,36,4.099999999999996,-0.03268817,-1.3075268,134.02149699999987,5.360859879999995,fixed
72.9149312999798,36,4.099999999999996,-0.03264586,-1.3058344,133.84802599999986,5.353921039999995,fixed
72.99894139997195,36,4.099999999999996,-0.03277235,-1.3108939999999998,134.36663499999986,5.374665399999994,fixed
73.08283039997332,36,4.099999999999996,-0.03268465,-1.3073860000000002,134.00706499999987,5.360282599999995,fixed
73.16715099994326,36,4.099999999999996,-0.03266878,-1.3067512,133.94199799999987,5.3576799199999945,fixed
73.25146569998469,36,4.099999999999996,-0.03270512,-1.3082047999999997,134.09099199999986,5.363639679999994,fixed
73.33574949996546,36,4.099999999999996,-0.03275556,-1.3102224,134.2977959999999,5.371911839999995,fixed
73.41990209993673,36,4.099999999999996,-0.0326841,-1.307364,134.00480999999985,5.3601923999999945,fixed
73.50380389997736,36,4.099999999999996,-0.03262972,-1.3051888,133.78185199999987,5.351274079999995,fixed
73.5873358999379,36,4.099999999999996,-0.03266645,-1.3066579999999999,133.93244499999986,5.357297799999994,fixed
73.67095689993585,36,4.099999999999996,-0.03266151,-1.3064604,133.91219099999986,5.356487639999995,fixed
73.75458429998253,36,4.099999999999996,-0.03268974,-1.3075896,134.02793399999987,5.361117359999995,fixed
73.83803269994678,36,4.099999999999996,-0.03262044,-1.3048176,133.74380399999987,5.349752159999995,fixed
73.92148939997423,36,4.099999999999996,-0.03271678,-1.3086712,134.13879799999987,5.365551919999995,fixed
74.00502429995686,36,4.099999999999996,-0.03270901,-1.3083604,134.10694099999986,5.364277639999995,fixed
74.08856119995471,36,4.099999999999996,-0.03265827,-1.3063308,133.89890699999987,5.355956279999995,fixed
74.17219339997973,36,4.099999999999996,-0.03276163,-1.3104651999999999,134.32268299999987,5.372907319999994,fixed
74.25603619997855,36,4.099999999999996,-0.03268658,-1.3074632,134.01497799999987,5.3605991199999945,fixed
74.34002279996639,36,4.099999999999996,-0.0326988,-1.307952,134.06507999999985,5.362603199999995,fixed
74.4237848999328,36,4.099999999999996,-0.03260381,-1.3041523999999998,133.67562099999986,5.347024839999994,fixed
74.50725189998047,36,4.099999999999996,-0.03280516,-1.3122064,134.50115599999987,5.380046239999995,fixed
74.59099849994527,36,4.099999999999996,-0.03278023,-1.3112092000000002,134.3989429999999,5.375957719999995,fixed
74.67452909995336,36,4.099999999999996,-0.03269781,-1.3079124000000002,134.06102099999987,5.362440839999996,fixed
74.75798629998462,36,4.099999999999996,-0.03270725,-1.3082900000000002,134.09972499999986,5.363988999999996,fixed
74.84289430000354,37,4.109999999999996,-0.0326451,-1.3058040000000002,134.17136099999988,5.366854439999996,fixed
74.92726539995056,37,4.109999999999996,-0.03270706,-1.3082824000000002,134.42601659999985,5.3770406639999955,fixed
75.0108959999634,37,4.109999999999996,-0.03268022,-1.3072088000000002,134.31570419999989,5.372628167999995,fixed
75.09435589995701,37,4.109999999999996,-0.03265739,-1.3062956,134.22187289999988,5.368874915999994,fixed
75.17792159999954,37,4.109999999999996,-0.0326263,-1.305052,134.09409299999987,5.363763719999995,fixed
75.26138089998858,37,4.109999999999996,-0.03271831,-1.3087324,134.47225409999984,5.378890163999995,fixed
75.34487469994929,37,4.109999999999996,-0.03271795,-1.308718,134.47077449999986,5.378830979999995,fixed
75.42842499999097,37,4.109999999999996,-0.03262188,-1.3048752,134.07592679999985,5.363037071999994,fixed
75.51188039995031,37,4.109999999999996,-0.03267476,-1.3069903999999999,134.29326359999985,5.371730543999994,fixed
75.5954047999694,37,4.109999999999996,-0.03267719,-1.3070876,134.30325089999985,5.372130035999994,fixed
75.67885699996259,37,4.109999999999996,-0.03266289,-1.3065156,134.24447789999985,5.369779115999995,fixed
75.76226009998936,37,4.109999999999996,-0.03264802,-1.3059208,134.1833621999999,5.367334487999995,fixed
75.84587369998917,37,4.109999999999996,-0.0326236,-1.304944,134.08299599999987,5.363319839999995,fixed
75.92932669998845,37,4.109999999999996,-0.03262741,-1.3050964000000003,134.0986550999999,5.363946203999996,fixed
76.0128741999506,37,4.109999999999996,-0.03259368,-1.3037471999999999,133.96002479999984,5.358400991999994,fixed
76.0965176000027,37,4.109999999999996,-0.03255829,-1.3023316,133.81457189999983,5.352582875999995,fixed
76.18004700000165,37,4.109999999999996,-0.03266371,-1.3065484,134.24784809999989,5.369913923999995,fixed
76.26366009999765,37,4.109999999999996,-0.03273406,-1.3093624,134.5369865999999,5.3814794639999946,fixed
76.34738799999468,37,4.109999999999996,-0.03265864,-1.3063456000000002,134.22701039999987,5.369080415999996,fixed
76.43096009996952,37,4.109999999999996,-0.03268622,-1.3074488,134.34036419999987,5.3736145679999945,fixed
76.5143724999507,37,4.109999999999996,-0.0326893,-1.3075719999999997,134.35302299999984,5.374120919999993,fixed
76.59781149995979,37,4.109999999999996,-0.03263243,-1.3052972,134.11928729999985,5.364771491999995,fixed
76.68134519999148,37,4.109999999999996,-0.03265823,-1.3063292000000002,134.2253252999999,5.3690130119999955,fixed
76.76522080000723,37,4.109999999999996,-0.03268227,-1.3072908,134.32412969999984,5.372965187999995,fixed
76.85057139996206,38,4.119999999999996,-0.03268056,-1.3072224,134.64390719999986,5.385756287999994,fixed
76.93457539996598,38,4.119999999999996,-0.03256441,-1.3025764000000002,134.16536919999984,5.366614767999995,fixed
77.01853939995635,38,4.119999999999996,-0.03266197,-1.3064787999999998,134.56731639999987,5.3826926559999935,fixed
77.10257939994335,38,4.119999999999996,-0.032706,-1.3082399999999998,134.74871999999985,5.389948799999994,fixed
77.18674899998587,38,4.119999999999996,-0.0326979,-1.307916,134.71534799999986,5.388613919999995,fixed
77.27087409998057,38,4.119999999999996,-0.03266657,-1.3066628,134.58626839999985,5.383450735999994,fixed
77.35523479996482,38,4.119999999999996,-0.0326671,-1.306684,134.58845199999985,5.383538079999994,fixed
77.43916559999343,38,4.119999999999996,-0.03274699,-1.3098796,134.91759879999984,5.396703951999994,fixed
77.52313879999565,38,4.119999999999996,-0.03270092,-1.3080368000000002,134.72779039999986,5.389111615999996,fixed
77.60716689995024,38,4.119999999999996,-0.03275458,-1.3101832,134.94886959999985,5.397954783999994,fixed
77.69124049996026,38,4.119999999999996,-0.0327326,-1.309304,134.85831199999987,5.394332479999995,fixed
77.77556139999069,38,4.119999999999996,-0.03275658,-1.3102632,134.95710959999985,5.398284383999995,fixed
77.85966199997347,38,4.119999999999996,-0.03267495,-1.306998,134.62079399999988,5.384831759999995,fixed
77.94369589997223,38,4.119999999999996,-0.03266676,-1.3066704000000002,134.58705119999988,5.383482047999995,fixed
78.02739759994438,38,4.119999999999996,-0.03273659,-1.3094636,134.87475079999987,5.394990031999994,fixed
78.11179519997677,38,4.119999999999996,-0.03273134,-1.3092536,134.85312079999983,5.394124831999994,fixed
78.19580539996969,38,4.119999999999996,-0.03268277,-1.3073108,134.65301239999985,5.386120495999994,fixed
78.27993949997472,38,4.119999999999996,-0.0327158,-1.308632,134.78909599999986,5.391563839999995,fixed
78.3640185999684,38,4.119999999999996,-0.03271101,-1.3084404,134.76936119999985,5.390774447999995,fixed
78.4480681999703,38,4.119999999999996,-0.03268255,-1.307302,134.65210599999986,5.386084239999994,fixed
78.53206579998368,38,4.119999999999996,-0.03272606,-1.3090424,134.83136719999985,5.3932546879999945,fixed
78.61615459999302,38,4.119999999999996,-0.03272533,-1.3090131999999999,134.82835959999983,5.3931343839999935,fixed
78.70016399997985,38,4.119999999999996,-0.03267217,-1.3068868,134.60934039999987,5.384373615999994,fixed
78.7844255999662,38,4.119999999999996,-0.03269982,-1.3079927999999998,134.72325839999985,5.388930335999993,fixed
78.86997159995371,39,4.1299999999999955,-0.03264165,-1.305666,134.81001449999985,5.392400579999994,fixed
78.95422829996096,39,4.1299999999999955,-0.03262257,-1.3049027999999998,134.73121409999982,5.389248563999994,fixed
79.03824149997672,39,4.1299999999999955,-0.03263262,-1.3053048,134.77272059999987,5.390908823999994,fixed
79.12217369995778,39,4.1299999999999955,-0.03265958,-1.3063832,134.88406539999986,5.395362615999994,fixed
79.20690379996086,39,4.1299999999999955,-0.03260364,-1.3041456000000002,134.65303319999987,5.386121327999995,fixed
79.29093529994134,39,4.1299999999999955,-0.0325423,-1.301692,134.39969899999988,5.3759879599999945,fixed
79.37508299999172,39,4.1299999999999955,-0.03266637,-1.3066548,134.91210809999984,5.396484323999994,fixed
79.45913689996814,39,4.1299999999999955,-0.03265424,-1.3061696,134.86201119999984,5.394480447999994,fixed
79.54307269997662,39,4.1299999999999955,-0.03263196,-1.3052784,134.76999479999984,5.390799791999994,fixed
79.62726389995078,39,4.1299999999999955,-0.03261762,-1.3047048,134.71077059999988,5.388430823999995,fixed
79.71130809996976,39,4.1299999999999955,-0.03262676,-1.3050704,134.74851879999986,5.389940751999994,fixed
79.79538399993908,39,4.1299999999999955,-0.03264108,-1.3056432,134.80766039999986,5.392306415999994,fixed
79.87965339998482,39,4.1299999999999955,-0.0325476,-1.3019040000000002,134.42158799999987,5.376863519999995,fixed
79.96400179999182,39,4.1299999999999955,-0.03270987,-1.3083948,135.09176309999987,5.4036705239999945,fixed
80.0482151999604,39,4.1299999999999955,-0.03265407,-1.3061627999999998,134.86130909999986,5.394452363999993,fixed
80.13219859998208,39,4.1299999999999955,-0.03260579,-1.3042316000000003,134.66191269999985,5.386476507999995,fixed
80.2162053999491,39,4.1299999999999955,-0.03263504,-1.3054016,134.78271519999984,5.391308607999994,fixed
80.30033109994838,39,4.1299999999999955,-0.03269127,-1.3076508000000002,135.01494509999986,5.400597803999995,fixed
80.38444729999173,39,4.1299999999999955,-0.03261646,-1.3046583999999999,134.70597979999985,5.388239191999993,fixed
80.46871539996937,39,4.1299999999999955,-0.03261733,-1.3046932,134.70957289999984,5.388382915999994,fixed
80.55301219999092,39,4.1299999999999955,-0.03273771,-1.3095084,135.2067422999999,5.408269691999994,fixed
80.6370423999615,39,4.1299999999999955,-0.03260731,-1.3042924,134.66819029999985,5.386727611999994,fixed
80.72096769994823,39,4.1299999999999955,-0.03268657,-1.3074628,134.99553409999984,5.399821363999994,fixed
80.80482249998022,39,4.1299999999999955,-0.03272592,-1.3090368000000001,135.15804959999986,5.4063219839999945,fixed
80.89029910002137,40,4.139999999999995,-0.03261656,-1.3046624,135.03255839999986,5.401302335999993,fixed
80.97444459999679,40,4.139999999999995,-0.03254808,-1.3019232,134.74905119999985,5.389962047999994,fixed
81.05855320004048,40,4.139999999999995,-0.03268071,-1.3072284000000003,135.29813939999985,5.411925575999995,fixed
81.14240750001045,40,4.139999999999995,-0.03265862,-1.3063448,135.20668679999983,5.408267471999993,fixed
81.22642800002359,40,4.139999999999995,-0.03257485,-1.3029940000000002,134.85987899999984,5.394395159999995,fixed
81.31056730001,40,4.139999999999995,-0.03267974,-1.3071895999999998,135.29412359999984,5.4117649439999935,fixed
81.39480180002283,40,4.139999999999995,-0.03258935,-1.3035740000000002,134.91990899999988,5.396796359999994,fixed
81.47896750003565,40,4.139999999999995,-0.03262501,-1.3050004000000002,135.06754139999984,5.402701655999994,fixed
81.56279250001535,40,4.139999999999995,-0.0325525,-1.3020999999999998,134.76734999999985,5.390693999999993,fixed
81.64693780004745,40,4.139999999999995,-0.03265764,-1.3063056,135.20262959999985,5.408105183999994,fixed
81.73100329999579,40,4.139999999999995,-0.03269336,-1.3077344,135.35051039999985,5.414020415999993,fixed
81.81477610004367,40,4.139999999999995,-0.03264353,-1.3057412,135.14421419999982,5.405768567999994,fixed
81.898354200006,40,4.139999999999995,-0.03257189,-1.3028756,134.84762459999985,5.3939049839999935,fixed
81.98186090000672,40,4.139999999999995,-0.0325458,-1.301832,134.73961199999985,5.389584479999995,fixed
82.06535020004958,40,4.139999999999995,-0.03272631,-1.3090524,135.48692339999985,5.4194769359999935,fixed
82.14874080003938,40,4.139999999999995,-0.0325814,-1.3032560000000002,134.88699599999987,5.395479839999995,fixed
82.23243460000958,40,4.139999999999995,-0.0325604,-1.302416,134.80005599999987,5.392002239999994,fixed
82.3162236000062,40,4.139999999999995,-0.03261984,-1.3047935999999998,135.04613759999984,5.401845503999993,fixed
82.4003394000465,40,4.139999999999995,-0.03262468,-1.3049872000000002,135.06617519999986,5.402647007999994,fixed
82.48449740000069,40,4.139999999999995,-0.03265732,-1.3062928,135.20130479999983,5.408052191999994,fixed
82.56852210004581,40,4.139999999999995,-0.03260099,-1.3040396,134.96809859999988,5.398723943999994,fixed
82.65275350003503,40,4.139999999999995,-0.03268692,-1.3074768,135.32384879999984,5.412953951999994,fixed
82.73680900002364,40,4.139999999999995,-0.03261755,-1.304702,135.03665699999988,5.401466279999994,fixed
82.8206015000469,40,4.139999999999995,-0.03260802,-1.3043208000000002,134.99720279999985,5.399888111999995,fixed
82.9061927999719,41,4.149999999999995,-0.03257849,-1.3031396000000002,135.20073349999984,5.408029339999994,fixed
82.99038399994606,41,4.149999999999995,-0.03263377,-1.3053508,135.43014549999984,5.417205819999993,fixed
83.07434079993982,41,4.149999999999995,-0.03257992,-1.3031968,135.20666799999984,5.408266719999994,fixed
83.1583453999483,41,4.149999999999995,-0.03252573,-1.3010292,134.98177949999985,5.399271179999994,fixed
83.24285419995431,41,4.149999999999995,-0.03263891,-1.3055564000000002,135.45147649999984,5.418059059999994,fixed
83.32703769998625,41,4.149999999999995,-0.03258435,-1.303374,135.22505249999983,5.409002099999993,fixed
83.41170739993686,41,4.149999999999995,-0.03252666,-1.3010664,134.98563899999982,5.399425559999994,fixed
83.4960913999821,41,4.149999999999995,-0.03252318,-1.3009271999999998,134.97119699999982,5.398847879999993,fixed
83.58042559993919,41,4.149999999999995,-0.03257543,-1.3030172000000002,135.18803449999987,5.407521379999994,fixed
83.66470639995532,41,4.149999999999995,-0.03251808,-1.3007232,134.95003199999982,5.398001279999994,fixed
83.74874169996474,41,4.149999999999995,-0.03245885,-1.298354,134.70422749999983,5.388169099999994,fixed
83.83291139994981,41,4.149999999999995,-0.03248286,-1.2993144,134.80386899999985,5.392154759999994,fixed
83.91709839995019,41,4.149999999999995,-0.03251164,-1.3004655999999999,134.92330599999985,5.396932239999993,fixed
84.00132609996945,41,4.149999999999995,-0.03259378,-1.3037512,135.26418699999985,5.410567479999994,fixed
84.08549359993776,41,4.149999999999995,-0.03245342,-1.2981367999999998,134.68169299999983,5.3872677199999925,fixed
84.1697818999528,41,4.149999999999995,-0.03251139,-1.3004556,134.92226849999983,5.396890739999994,fixed
84.25411439995514,41,4.149999999999995,-0.03255081,-1.3020323999999999,135.08586149999985,5.403434459999993,fixed
84.33820589998504,41,4.149999999999995,-0.03250602,-1.3002408,134.89998299999982,5.395999319999994,fixed
84.42233989998931,41,4.149999999999995,-0.0326022,-1.304088,135.29912999999982,5.411965199999993,fixed
84.50647839996964,41,4.149999999999995,-0.03257739,-1.3030956,135.19616849999983,5.407846739999994,fixed
84.59052309999242,41,4.149999999999995,-0.03255066,-1.3020264,135.08523899999986,5.403409559999993,fixed
84.67461939994246,41,4.149999999999995,-0.03247796,-1.2991184000000002,134.78353399999983,5.391341359999995,fixed
84.75864199997159,41,4.149999999999995,-0.0326143,-1.304572,135.34934499999986,5.413973799999994,fixed
84.84282129997155,41,4.149999999999995,-0.03252062,-1.3008248,134.96057299999984,5.398422919999994,fixed
84.92852690001018,42,4.159999999999995,-0.03244846,-1.2979383999999998,134.98559359999982,5.399423743999993,fixed
85.01308980002068,42,4.159999999999995,-0.03253585,-1.3014339999999998,135.34913599999982,5.413965439999992,fixed
85.09716120001394,42,4.159999999999995,-0.03244199,-1.2976796,134.9586783999998,5.398347135999993,fixed
85.18108320003375,42,4.159999999999995,-0.03245002,-1.2980008,134.99208319999983,5.399683327999994,fixed
85.26517760002753,42,4.159999999999995,-0.03245144,-1.2980576,134.99799039999982,5.399919615999993,fixed
85.34946560004028,42,4.159999999999995,-0.03248834,-1.2995336,135.15149439999982,5.406059775999993,fixed
85.43353780003963,42,4.159999999999995,-0.03239009,-1.2956036,134.74277439999986,5.389710975999993,fixed
85.51778680004645,42,4.159999999999995,-0.0324752,-1.299008,135.09683199999984,5.403873279999993,fixed
85.60171430004993,42,4.159999999999995,-0.03248711,-1.2994844,135.14637759999985,5.405855103999993,fixed
85.68584760004887,42,4.159999999999995,-0.03245595,-1.2982379999999998,135.01675199999983,5.400670079999992,fixed
85.77012980001746,42,4.159999999999995,-0.03245753,-1.2983012,135.0233247999998,5.400932991999993,fixed
85.85461360000772,42,4.159999999999995,-0.03243756,-1.2975024,134.94024959999982,5.397609983999993,fixed
85.93888220004737,42,4.159999999999995,-0.03250906,-1.3003624,135.2376895999998,5.409507583999994,fixed
86.0232401000103,42,4.159999999999995,-0.03236895,-1.2947579999999999,134.65483199999983,5.3861932799999925,fixed
86.1075691000442,42,4.159999999999995,-0.03242247,-1.2968988000000001,134.87747519999985,5.395099007999994,fixed
86.19169310003053,42,4.159999999999995,-0.03243218,-1.2972871999999998,134.9178687999998,5.396714751999992,fixed
86.27598500001477,42,4.159999999999995,-0.03234998,-1.2939992,134.57591679999985,5.383036671999993,fixed
86.36011170002166,42,4.159999999999995,-0.03246736,-1.2986944,135.06421759999984,5.402568703999993,fixed
86.44421710004099,42,4.159999999999995,-0.0324071,-1.296284,134.81353599999986,5.392541439999993,fixed
86.52861959999427,42,4.159999999999995,-0.03236782,-1.2947128,134.65013119999983,5.386005247999994,fixed
86.61290100001497,42,4.159999999999995,-0.03242395,-1.2969579999999998,134.88363199999984,5.395345279999993,fixed
86.6971298000426,42,4.159999999999995,-0.03248203,-1.2992812,135.12524479999985,5.405009791999993,fixed
86.78145100001711,42,4.159999999999995,-0.03236521,-1.2946084,134.63927359999983,5.385570943999993,fixed
86.86541840003338,42,4.159999999999995,-0.03244222,-1.2976888,134.95963519999984,5.398385407999993,fixed
86.95076939999126,43,4.149999999999995,-0.03256754,-1.3027016,135.15529099999983,5.406211639999993,fixed
87.0349740999518,43,4.149999999999995,-0.03247266,-1.2989064,134.76153899999986,5.390461559999993,fixed
87.11899429996265,43,4.149999999999995,-0.03252061,-1.3008244,134.96053149999983,5.398421259999994,fixed
87.20290809997823,43,4.149999999999995,-0.03249977,-1.2999908,134.87404549999982,5.394961819999994,fixed
87.28719179995824,43,4.149999999999995,-0.03251884,-1.3007536,134.95318599999985,5.3981274399999934,fixed
87.37160799995763,43,4.149999999999995,-0.03243197,-1.2972788,134.59267549999984,5.383707019999993,fixed
87.45587509998586,43,4.149999999999995,-0.03252501,-1.3010004000000002,134.97879149999983,5.399151659999994,fixed
87.53999999997905,43,4.149999999999995,-0.03247071,-1.2988283999999999,134.75344649999985,5.390137859999993,fixed
87.62428109999746,43,4.149999999999995,-0.03242134,-1.2968536,134.54856099999984,5.381942439999993,fixed
87.70837569999276,43,4.149999999999995,-0.03249364,-1.2997456,134.84860599999982,5.3939442399999935,fixed
87.7924323999905,43,4.149999999999995,-0.03242033,-1.2968131999999999,134.54436949999982,5.381774779999993,fixed
87.87660399999004,43,4.149999999999995,-0.03245147,-1.2980588,134.67360049999985,5.386944019999993,fixed
87.96080070000608,43,4.149999999999995,-0.03247834,-1.2991336000000002,134.78511099999986,5.391404439999994,fixed
88.04495839995798,43,4.149999999999995,-0.03247942,-1.2991768000000001,134.78959299999985,5.391583719999994,fixed
88.12930479994975,43,4.149999999999995,-0.03239322,-1.2957288,134.43186299999985,5.377274519999993,fixed
88.21363999997266,43,4.149999999999995,-0.03247382,-1.2989528000000001,134.76635299999984,5.390654119999994,fixed
88.29793249996146,43,4.149999999999995,-0.03248154,-1.2992616000000001,134.79839099999984,5.3919356399999945,fixed
88.38199799996801,43,4.149999999999995,-0.03242494,-1.2969976,134.56350099999983,5.382540039999994,fixed
88.46590289997403,43,4.149999999999995,-0.03251854,-1.3007416,134.95194099999983,5.398077639999994,fixed
88.54998999997042,43,4.149999999999995,-0.03243307,-1.2973228,134.59724049999986,5.383889619999994,fixed
88.63419029995566,43,4.149999999999995,-0.0324516,-1.2980639999999999,134.67413999999982,5.386965599999993,fixed
88.71829789999174,43,4.149999999999995,-0.03241152,-1.2964607999999997,134.50780799999984,5.380312319999993,fixed
88.80199299997184,43,4.149999999999995,-0.03251644,-1.3006576,134.94322599999984,5.3977290399999935,fixed
88.88551659998484,43,4.149999999999995,-0.0324301,-1.297204,134.58491499999985,5.383396599999994,fixed
88.97055869997712,44,4.159999999999995,-0.03232168,-1.2928672,134.45818879999982,5.378327551999994,fixed
89.05484439997235,44,4.159999999999995,-0.03245697,-1.2982787999999998,135.02099519999982,5.400839807999993,fixed
89.13888899999438,44,4.159999999999995,-0.03235091,-1.2940364,134.5797855999998,5.383191423999993,fixed
89.22282659995835,44,4.159999999999995,-0.03241597,-1.2966388,134.85043519999985,5.394017407999994,fixed
89.3071265000035,44,4.159999999999995,-0.03237526,-1.2950104000000002,134.68108159999983,5.387243263999994,fixed
89.39145149994874,44,4.159999999999995,-0.0325006,-1.3000239999999998,135.2024959999998,5.408099839999992,fixed
89.47576279996429,44,4.159999999999995,-0.03234157,-1.2936628,134.54093119999982,5.3816372479999925,fixed
89.55981219996465,44,4.159999999999995,-0.03230022,-1.2920087999999998,134.36891519999983,5.374756607999992,fixed
89.64382349996595,44,4.159999999999995,-0.03231373,-1.2925492,134.42511679999984,5.377004671999994,fixed
89.72773059998872,44,4.159999999999995,-0.03235293,-1.2941172,134.58818879999984,5.383527551999993,fixed
89.81152359995758,44,4.159999999999995,-0.03238006,-1.2952024,134.70104959999983,5.388041983999993,fixed
89.89501759997802,44,4.159999999999995,-0.03227882,-1.2911528,134.27989119999984,5.371195647999993,fixed
89.97852459998103,44,4.159999999999995,-0.03236654,-1.2946616,134.64480639999982,5.385792255999993,fixed
90.06210929999361,44,4.159999999999995,-0.03237867,-1.2951468,134.69526719999982,5.387810687999993,fixed
90.14551859995117,44,4.159999999999995,-0.03236935,-1.2947739999999999,134.65649599999983,5.386259839999993,fixed
90.22925779997604,44,4.159999999999995,-0.03231418,-1.2925672,134.4269887999998,5.3770795519999925,fixed
90.31332279997878,44,4.159999999999995,-0.03239959,-1.2959835999999998,134.78229439999984,5.391291775999992,fixed
90.39742389996536,44,4.159999999999995,-0.03244055,-1.297622,134.95268799999982,5.398107519999994,fixed
90.48158059996786,44,4.159999999999995,-0.03236745,-1.294698,134.6485919999998,5.3859436799999925,fixed
90.56580429995665,44,4.159999999999995,-0.03240337,-1.2961348000000001,134.79801919999983,5.391920767999994,fixed
90.65102679998381,44,4.159999999999995,-0.03241206,-1.2964824,134.83416959999983,5.393366783999993,fixed
90.73518289998174,44,4.159999999999995,-0.03237687,-1.2950748,134.68777919999982,5.387511167999993,fixed
90.81959759996971,44,4.159999999999995,-0.03227205,-1.2908819999999996,134.25172799999982,5.370069119999992,fixed
90.90360590000637,44,4.159999999999995,-0.03234272,-1.2937088,134.54571519999982,5.381828607999994,fixed
90.98878750001313,45,4.149999999999995,-0.0324595,-1.2983800000000003,134.70692499999984,5.388276999999995,fixed
91.07318720006151,45,4.149999999999995,-0.03236388,-1.2945551999999998,134.31010199999983,5.372404079999993,fixed
91.15737750002882,45,4.149999999999995,-0.03247718,-1.2990872000000002,134.78029699999985,5.391211879999995,fixed
91.24131780001335,45,4.149999999999995,-0.03240383,-1.2961532,134.47589449999984,5.3790357799999935,fixed
91.32566600001883,45,4.149999999999995,-0.03238123,-1.2952491999999998,134.38210449999983,5.375284179999992,fixed
91.40998140000738,45,4.149999999999995,-0.03241666,-1.2966664,134.52913899999982,5.381165559999994,fixed
91.49415240006056,45,4.149999999999995,-0.03240071,-1.2960284,134.46294649999984,5.378517859999993,fixed
91.57832300005248,45,4.149999999999995,-0.0323802,-1.2952079999999997,134.37782999999985,5.375113199999992,fixed
91.66259930003434,45,4.149999999999995,-0.03244821,-1.2979283999999998,134.66007149999984,5.3864028599999925,fixed
91.74664010002743,45,4.149999999999995,-0.03238119,-1.2952476,134.38193849999982,5.375277539999994,fixed
91.83079810003983,45,4.149999999999995,-0.03233331,-1.2933324,134.18323649999982,5.3673294599999934,fixed
91.91498760005925,45,4.149999999999995,-0.03245122,-1.2980488000000003,134.67256299999985,5.386902519999995,fixed
91.9993224000209,45,4.149999999999995,-0.03234318,-1.2937272,134.22419699999983,5.368967879999993,fixed
92.08335720002651,45,4.149999999999995,-0.03238725,-1.29549,134.40708749999982,5.376283499999993,fixed
92.16744850005489,45,4.149999999999995,-0.03243691,-1.2974763999999999,134.61317649999984,5.384527059999993,fixed
92.25169590004953,45,4.149999999999995,-0.03246253,-1.2985012,134.71949949999984,5.388779979999994,fixed
92.3365142000257,45,4.149999999999995,-0.03239658,-1.2958632,134.44580699999983,5.377832279999994,fixed
92.42082840000512,45,4.149999999999995,-0.03237508,-1.2950031999999998,134.35658199999983,5.374263279999993,fixed
92.50490020005964,45,4.149999999999995,-0.03242233,-1.2968932000000002,134.55266949999984,5.382106779999995,fixed
92.58911560004344,45,4.149999999999995,-0.03237043,-1.2948172,134.3372844999998,5.373491379999994,fixed
92.67317540000658,45,4.149999999999995,-0.03239178,-1.2956712000000001,134.42588699999985,5.377035479999994,fixed
92.75697590003256,45,4.149999999999995,-0.03239988,-1.2959952,134.45950199999984,5.378380079999993,fixed
92.84127360006096,45,4.149999999999995,-0.03240267,-1.2961068,134.47108049999983,5.378843219999993,fixed
92.92548910004552,45,4.149999999999995,-0.0323089,-1.292356,134.08193499999985,5.363277399999994,fixed
93.01112349994946,46,4.159999999999995,-0.03229602,-1.2918408,134.35144319999984,5.374057727999993,fixed
93.09524529997725,46,4.159999999999995,-0.03230187,-1.2920748,134.37577919999984,5.375031167999993,fixed
93.1791645999765,46,4.159999999999995,-0.03224416,-1.2897664,134.13570559999985,5.365428223999993,fixed
93.26299159997143,46,4.159999999999995,-0.03226275,-1.2905099999999998,134.21303999999984,5.368521599999992,fixed
93.34710109996377,46,4.159999999999995,-0.03227401,-1.2909604,134.25988159999983,5.370395263999993,fixed
93.43140459997812,46,4.159999999999995,-0.03227412,-1.2909648000000002,134.26033919999986,5.370413567999995,fixed
93.51571589993546,46,4.159999999999995,-0.03218277,-1.2873108,133.88032319999982,5.355212927999993,fixed
93.59991319995606,46,4.159999999999995,-0.03227692,-1.2910768000000001,134.27198719999984,5.370879487999994,fixed
93.68403369997395,46,4.159999999999995,-0.03227021,-1.2908084,134.24407359999984,5.369762943999993,fixed
93.76844319998054,46,4.159999999999995,-0.03230102,-1.2920408,134.37224319999982,5.374889727999994,fixed
93.85268239997094,46,4.159999999999995,-0.03236129,-1.2944516000000001,134.62296639999985,5.384918655999994,fixed
93.93686879996676,46,4.159999999999995,-0.03234823,-1.2939292,134.56863679999984,5.382745471999994,fixed
94.02127599995583,46,4.159999999999995,-0.03233963,-1.2935851999999999,134.53286079999984,5.381314431999993,fixed
94.10547379998025,46,4.159999999999995,-0.03226373,-1.2905491999999998,134.21711679999981,5.3686846719999926,fixed
94.1897081999341,46,4.159999999999995,-0.03231748,-1.2926992000000002,134.44071679999982,5.377628671999994,fixed
94.2740547999856,46,4.159999999999995,-0.03223763,-1.2895052,134.10854079999984,5.364341631999993,fixed
94.3583788999822,46,4.159999999999995,-0.03232487,-1.2929947999999998,134.47145919999983,5.378858367999992,fixed
94.44269239995629,46,4.159999999999995,-0.03232081,-1.2928324,134.45456959999981,5.378182783999994,fixed
94.52687249996234,46,4.159999999999995,-0.0322614,-1.290456,134.20742399999986,5.368296959999993,fixed
94.61132749996614,46,4.159999999999995,-0.03236407,-1.2945628000000002,134.63453119999986,5.3853812479999945,fixed
94.69572459993651,46,4.159999999999995,-0.03225356,-1.2901424,134.17480959999983,5.366992383999993,fixed
94.7799648999353,46,4.159999999999995,-0.03230205,-1.292082,134.37652799999984,5.375061119999993,fixed
94.86425039998721,46,4.159999999999995,-0.03230381,-1.2921524000000002,134.38384959999985,5.375353983999994,fixed
94.94833369995467,46,4.159999999999995,-0.03232436,-1.2929744000000003,134.46933759999985,5.378773503999994,fixed
95.03398329997435,47,4.149999999999995,-0.03245713,-1.2982852,134.69708949999983,5.387883579999993,fixed
95.11810499994317,47,4.149999999999995,-0.0324063,-1.296252,134.48614499999982,5.379445799999993,fixed
95.202170799952,47,4.149999999999995,-0.03239288,-1.2957151999999998,134.43045199999983,5.377218079999993,fixed
95.286092299968,47,4.149999999999995,-0.0323997,-1.295988,134.45875499999983,5.378350199999994,fixed
95.3701511999825,47,4.149999999999995,-0.03238589,-1.2954356000000002,134.40144349999983,5.376057739999995,fixed
95.45421179995174,47,4.149999999999995,-0.03239021,-1.2956084,134.41937149999987,5.376774859999994,fixed
95.53841079998529,47,4.149999999999995,-0.03247728,-1.2990912000000001,134.78071199999982,5.391228479999994,fixed
95.62257419998059,47,4.149999999999995,-0.0324305,-1.29722,134.58657499999984,5.383462999999994,fixed
95.7067393999896,47,4.149999999999995,-0.03251041,-1.3004163999999998,134.91820149999984,5.396728059999993,fixed
95.79088299995055,47,4.149999999999995,-0.0324864,-1.299456,134.81855999999985,5.392742399999993,fixed
95.87514269998064,47,4.149999999999995,-0.0315251,-1.261004,130.82916499999985,5.2331665999999935,fixed
95.95945489994483,47,4.149999999999995,-0.03243412,-1.2973648,134.60159799999983,5.384063919999994,fixed
96.04357589996653,47,4.149999999999995,-0.03240689,-1.2962756000000002,134.48859349999984,5.379543739999995,fixed
96.12787549995119,47,4.149999999999995,-0.03250297,-1.3001188,134.88732549999983,5.395493019999993,fixed
96.21216499997536,47,4.149999999999995,-0.03239431,-1.2957724000000002,134.43638649999983,5.377455459999994,fixed
96.29633539996576,47,4.149999999999995,-0.03240795,-1.296318,134.49299249999981,5.379719699999994,fixed
96.38037409994286,47,4.149999999999995,-0.03243342,-1.2973367999999998,134.59869299999983,5.383947719999993,fixed
96.46460369997658,47,4.149999999999995,-0.03240518,-1.2962072,134.48149699999985,5.379259879999994,fixed
96.54885999998078,47,4.149999999999995,-0.03235821,-1.2943284,134.28657149999984,5.371462859999993,fixed
96.63316359993769,47,4.149999999999995,-0.0323491,-1.293964,134.24876499999982,5.369950599999993,fixed
96.71723759995075,47,4.149999999999995,-0.03240432,-1.2961728,134.47792799999982,5.379117119999993,fixed
96.80192489997717,47,4.149999999999995,-0.03240164,-1.2960656,134.46680599999985,5.378672239999993,fixed
96.88595219998388,47,4.149999999999995,-0.03242453,-1.2969811999999998,134.56179949999984,5.382471979999993,fixed
96.97002389997942,47,4.149999999999995,-0.03226821,-1.2907283999999999,133.91307149999983,5.356522859999993,fixed
97.05565550003666,48,4.139999999999995,-0.03246533,-1.2986132000000001,134.40646619999984,5.376258647999994,fixed
97.13986210001167,48,4.139999999999995,-0.03241709,-1.2966836000000002,134.20675259999987,5.368270103999994,fixed
97.22382160002599,48,4.139999999999995,-0.0324589,-1.298356,134.37984599999984,5.375193839999994,fixed
97.30784580000909,48,4.139999999999995,-0.0324354,-1.2974160000000001,134.28255599999986,5.371302239999994,fixed
97.39193300000625,48,4.139999999999995,-0.03237984,-1.2951936000000002,134.05253759999985,5.362101503999995,fixed
97.47615589998895,48,4.139999999999995,-0.0324736,-1.2989439999999999,134.44070399999984,5.377628159999993,fixed
97.56048059999011,48,4.139999999999995,-0.03235061,-1.2940244,133.93152539999986,5.3572610159999945,fixed
97.64478309999686,48,4.139999999999995,-0.03242411,-1.2969644,134.23581539999984,5.369432615999994,fixed
97.72876570001245,48,4.139999999999995,-0.03236352,-1.2945408,133.98497279999984,5.359398911999994,fixed
97.81237050000345,48,4.139999999999995,-0.03243269,-1.2973076000000001,134.27133659999984,5.370853463999994,fixed
97.89585269999225,48,4.139999999999995,-0.03236898,-1.2947592,134.00757719999984,5.360303087999994,fixed
97.97937180002918,48,4.139999999999995,-0.03238063,-1.2952252000000002,134.05580819999986,5.362232327999995,fixed
98.06286200002069,48,4.139999999999995,-0.03236451,-1.2945803999999999,133.98907139999986,5.359562855999993,fixed
98.14635130000534,48,4.139999999999995,-0.03209445,-1.2837779999999999,132.87102299999984,5.314840919999994,fixed
98.23030049999943,48,4.139999999999995,-0.03248132,-1.2992528,134.47266479999985,5.3789065919999945,fixed
98.31460270000389,48,4.139999999999995,-0.03235532,-1.2942128,133.95102479999986,5.358040991999993,fixed
98.39882400003262,48,4.139999999999995,-0.03243413,-1.2973651999999998,134.27729819999985,5.371091927999993,fixed
98.48314150003716,48,4.139999999999995,-0.03246393,-1.2985572000000003,134.40067019999984,5.376026807999995,fixed
98.56726640003035,48,4.139999999999995,-0.03245975,-1.29839,134.38336499999986,5.375334599999993,fixed
98.6514589000144,48,4.139999999999995,-0.03242377,-1.2969507999999998,134.23440779999984,5.369376311999993,fixed
98.73575680004433,48,4.139999999999995,-0.03237508,-1.2950031999999998,134.03283119999983,5.361313247999993,fixed
98.81987220002338,48,4.139999999999995,-0.03244153,-1.2976612,134.30793419999986,5.372317367999994,fixed
98.90407560003223,48,4.139999999999995,-0.03239486,-1.2957943999999997,134.11472039999984,5.364588815999992,fixed
98.98846419999609,48,4.139999999999995,-0.03243643,-1.2974572,134.28682019999985,5.371472807999994,fixed
99.07392049999908,49,4.149999999999995,-0.03237597,-1.2950387999999997,134.36027549999983,5.374411019999992,fixed
99.15794380003354,49,4.149999999999995,-0.03241437,-1.2965748,134.51963549999982,5.380785419999993,fixed
99.24196730001131,49,4.149999999999995,-0.03237288,-1.2949152000000002,134.34745199999983,5.373898079999994,fixed
99.32575700001325,49,4.149999999999995,-0.03236689,-1.2946756000000001,134.32259349999984,5.372903739999995,fixed
99.40992110001389,49,4.149999999999995,-0.03234242,-1.2936968,134.2210429999998,5.368841719999994,fixed
99.49414510000497,49,4.149999999999995,-0.03236812,-1.2947248,134.32769799999983,5.373107919999994,fixed
99.57837630005088,49,4.149999999999995,-0.03233725,-1.2934899999999998,134.19958749999984,5.367983499999993,fixed
99.66250210005092,49,4.149999999999995,-0.03219609,-1.2878436,133.61377349999984,5.344550939999993,fixed
99.74663830001373,49,4.149999999999995,-0.03238111,-1.2952444,134.38160649999983,5.375264259999994,fixed
99.83081380004296,49,4.149999999999995,-0.03226447,-1.2905788,133.89755049999985,5.355902019999994,fixed
99.9150053000194,49,4.149999999999995,-0.03227756,-1.2911023999999998,133.95187399999983,5.358074959999993,fixed
99.99884830001974,49,4.149999999999995,-0.03234171,-1.2936684000000003,134.21809649999986,5.368723859999995,fixed
100.08240569999907,49,4.149999999999995,-0.03230636,-1.2922544,134.07139399999986,5.362855759999993,fixed
100.16605170001276,49,4.149999999999995,-0.03234636,-1.2938543999999998,134.23739399999982,5.369495759999993,fixed
100.24961729999632,49,4.149999999999995,-0.03228887,-1.2915548,133.99881049999982,5.359952419999993,fixed
100.33344920002855,49,4.149999999999995,-0.0322393,-1.289572,133.79309499999982,5.351723799999993,fixed
100.41749170003459,49,4.149999999999995,-0.0322119,-1.288476,133.67938499999985,5.347175399999993,fixed
100.50160770001821,49,4.149999999999995,-0.0322733,-1.290932,133.93419499999985,5.357367799999993,fixed
100.5858309000032,49,4.149999999999995,-0.03225373,-1.2901492,133.85297949999986,5.354119179999994,fixed
100.66987380001228,49,4.149999999999995,-0.03222782,-1.2891127999999998,133.74545299999983,5.349818119999993,fixed
100.7541523000109,49,4.149999999999995,-0.0322989,-1.2919559999999999,134.04043499999983,5.361617399999993,fixed
100.83837640000274,49,4.149999999999995,-0.03219284,-1.2877136000000002,133.60028599999984,5.344011439999995,fixed
100.92259360000025,49,4.149999999999995,-0.03232055,-1.2928220000000001,134.13028249999985,5.365211299999994,fixed
101.0067820000113,49,4.149999999999995,-0.03227956,-1.2911823999999998,133.96017399999982,5.358406959999993,fixed
101.09239589999197,50,4.139999999999995,-0.03234233,-1.2936932,133.89724619999984,5.355889847999994,fixed
101.17671790003078,50,4.139999999999995,-0.03238868,-1.2955472000000001,134.08913519999984,5.363565407999994,fixed
101.26092390000122,50,4.139999999999995,-0.03230973,-1.2923892000000001,133.76228219999987,5.350491287999994,fixed
101.3448972000042,50,4.139999999999995,-0.03237208,-1.2948832,134.02041119999984,5.360816447999993,fixed
101.4292407000321,50,4.139999999999995,-0.03232649,-1.2930596,133.83166859999983,5.353266743999995,fixed
101.51344910002081,50,4.139999999999995,-0.0322056,-1.2882240000000003,133.33118399999987,5.333247359999995,fixed
101.59755970002152,50,4.139999999999995,-0.03214942,-1.2859768,133.09859879999982,5.323943951999994,fixed
101.68161690002307,50,4.139999999999995,-0.03225541,-1.2902163999999998,133.53739739999983,5.341495895999993,fixed
101.7657880000188,50,4.139999999999995,-0.0321545,-1.2861800000000003,133.11962999999986,5.3247851999999956,fixed
101.84996880003018,50,4.139999999999995,-0.03218072,-1.2872288,133.22818079999985,5.329127231999994,fixed
101.93428630003473,50,4.139999999999995,-0.03227385,-1.2909540000000002,133.61373899999984,5.344549559999995,fixed
102.01847170002293,50,4.139999999999995,-0.03224342,-1.2897368,133.48775879999985,5.339510351999994,fixed
102.1026665000245,50,4.139999999999995,-0.03225658,-1.2902632,133.54224119999986,5.341689647999994,fixed
102.18692110001575,50,4.139999999999995,-0.03217401,-1.2869604000000001,133.20040139999986,5.328016055999995,fixed
102.2710209999932,50,4.139999999999995,-0.03214379,-1.2857515999999998,133.07529059999985,5.323011623999993,fixed
102.35530719999224,50,4.139999999999995,-0.03219192,-1.2876767999999998,133.27454879999985,5.330981951999993,fixed
102.43949990003603,50,4.139999999999995,-0.03227217,-1.2908868,133.60678379999985,5.344271351999994,fixed
102.5236356999958,50,4.139999999999995,-0.03218478,-1.2873912,133.24498919999985,5.329799567999994,fixed
102.60784940002486,50,4.139999999999995,-0.03218769,-1.2875075999999999,133.25703659999985,5.330281463999993,fixed
102.69211689999793,50,4.139999999999995,-0.03226134,-1.2904536,133.56194759999985,5.342477903999994,fixed
102.77638430002844,50,4.139999999999995,-0.03214311,-1.2857244,133.07247539999986,5.322899015999995,fixed
102.86066619999474,50,4.139999999999995,-0.03112308,-1.2449232000000001,128.84955119999987,5.153982047999994,fixed
102.94490610004868,50,4.139999999999995,-0.03219472,-1.2877888000000002,133.28614079999986,5.331445631999995,fixed
103.02912459999789,50,4.139999999999995,-0.03231633,-1.2926532,133.78960619999984,5.351584247999994,fixed
103.11480819998542,51,4.149999999999995,-0.03236001,-1.2944004,134.29404149999985,5.3717616599999936,fixed
103.19900109997252,51,4.149999999999995,-0.03226907,-1.2907628,133.91664049999983,5.356665619999993,fixed
103.28306859993609,51,4.149999999999995,-0.0322126,-1.288504,133.68228999999985,5.347291599999994,fixed
103.36706809996394,51,4.149999999999995,-0.03227622,-1.2910488,133.94631299999983,5.357852519999994,fixed
103.45152129995404,51,4.149999999999995,-0.03227535,-1.291014,133.94270249999985,5.357708099999994,fixed
103.5357305999496,51,4.149999999999995,-0.03221947,-1.2887788,133.71080049999983,5.3484320199999935,fixed
103.61989569995785,51,4.149999999999995,-0.03235414,-1.2941656000000001,134.26968099999985,5.370787239999994,fixed
103.70403659995645,51,4.149999999999995,-0.03228007,-1.2912028,133.96229049999982,5.3584916199999935,fixed
103.7882117999834,51,4.149999999999995,-0.03230322,-1.2921288000000002,134.05836299999984,5.362334519999995,fixed
103.87241779995384,51,4.149999999999995,-0.03234378,-1.2937512,134.22668699999986,5.369067479999994,fixed
103.95663489995059,51,4.149999999999995,-0.03227783,-1.2911132,133.95299449999985,5.358119779999994,fixed
104.04093589994591,51,4.149999999999995,-0.03221119,-1.2884476,133.67643849999985,5.347057539999994,fixed
104.12532409996493,51,4.149999999999995,-0.03223457,-1.2893827999999998,133.77346549999982,5.350938619999993,fixed
104.20968729996821,51,4.149999999999995,-0.0322737,-1.2909480000000002,133.93585499999986,5.357434199999995,fixed
104.29371389996959,51,4.149999999999995,-0.03213093,-1.2852372,133.34335949999985,5.333734379999994,fixed
104.37785239994992,51,4.149999999999995,-0.03233138,-1.2932552000000002,134.17522699999984,5.3670090799999945,fixed
104.4621961999801,51,4.149999999999995,-0.0322832,-1.291328,133.97527999999983,5.359011199999994,fixed
104.54650509997737,51,4.149999999999995,-0.03220771,-1.2883084,133.66199649999984,5.346479859999993,fixed
104.6308942999458,51,4.149999999999995,-0.03221855,-1.288742,133.7069824999998,5.3482792999999935,fixed
104.71467589994427,51,4.149999999999995,-0.03220283,-1.2881132,133.64174449999985,5.3456697799999935,fixed
104.79870389995631,51,4.149999999999995,-0.0322163,-1.2886520000000001,133.69764499999985,5.347905799999994,fixed
104.88315639994107,51,4.149999999999995,-0.03222257,-1.2889027999999998,133.72366549999984,5.348946619999992,fixed
104.9675238999771,51,4.149999999999995,-0.03224215,-1.2896859999999999,133.80492249999983,5.352196899999993,fixed
105.05165819998365,51,4.149999999999995,-0.03214489,-1.2857956000000001,133.40129349999984,5.336051739999994,fixed
105.13721569994232,52,4.159999999999995,-0.03211689,-1.2846756000000001,133.60626239999985,5.344250495999994,fixed
105.22140549996402,52,4.159999999999995,-0.03204206,-1.2816824,133.2949695999998,5.331798783999993,fixed
105.30542629997944,52,4.159999999999995,-0.03208519,-1.2834075999999999,133.47439039999983,5.338975615999993,fixed
105.38952089997474,52,4.159999999999995,-0.03214509,-1.2858036000000002,133.72357439999985,5.348942975999994,fixed
105.4738579999539,52,4.159999999999995,-0.0320468,-1.281872,133.31468799999985,5.332587519999993,fixed
105.55813689995557,52,4.159999999999995,-0.0321227,-1.2849079999999997,133.63043199999981,5.345217279999992,fixed
105.64242509996984,52,4.159999999999995,-0.03214916,-1.2859664000000002,133.74050559999984,5.349620223999994,fixed
105.72674209997058,52,4.159999999999995,-0.03208812,-1.2835248,133.48657919999982,5.339463167999993,fixed
105.81068049994064,52,4.159999999999995,-0.03202323,-1.2809291999999999,133.21663679999983,5.328665471999993,fixed
105.89426169998478,52,4.159999999999995,-0.03215322,-1.2861288000000002,133.75739519999985,5.350295807999994,fixed
105.97776819998398,52,4.159999999999995,-0.03212474,-1.2849895999999998,133.63891839999982,5.345556735999993,fixed
106.06130269996356,52,4.159999999999995,-0.03206815,-1.2827259999999998,133.4035039999998,5.336140159999992,fixed
106.14504049997777,52,4.159999999999995,-0.03219383,-1.2877532,133.9263327999998,5.3570533119999935,fixed
106.22926659998484,52,4.159999999999995,-0.03214698,-1.2858791999999999,133.7314367999998,5.349257471999993,fixed
106.31313269998645,52,4.159999999999995,-0.03216347,-1.2865387999999998,133.80003519999983,5.3520014079999925,fixed
106.39722969994182,52,4.159999999999995,-0.03219242,-1.2876968,133.92046719999985,5.3568186879999935,fixed
106.48154889995931,52,4.159999999999995,-0.03214753,-1.2859012,133.73372479999983,5.349348991999993,fixed
106.56549169996288,52,4.159999999999995,-0.0321017,-1.2840679999999998,133.54307199999982,5.341722879999993,fixed
106.64910659997258,52,4.159999999999995,-0.03216148,-1.2864592,133.79175679999983,5.351670271999993,fixed
106.73275989998365,52,4.159999999999995,-0.03215941,-1.2863764,133.7831455999998,5.351325823999993,fixed
106.81672639993485,52,4.159999999999995,-0.03205656,-1.2822623999999998,133.35528959999982,5.334211583999992,fixed
106.90120489994297,52,4.159999999999995,-0.03051566,-1.2206264,126.94514559999983,5.077805823999993,fixed
106.9855935999658,52,4.159999999999995,-0.03130621,-1.2522484,130.23383359999985,5.209353343999994,fixed
107.0698961999733,52,4.159999999999995,-0.03227302,-1.2909208,134.25576319999982,5.370230527999993,fixed
107.15572860004613,53,4.149999999999995,-0.03228892,-1.2915568,133.99901799999984,5.359960719999993,fixed
107.23989319999237,53,4.149999999999995,-0.03233945,-1.293578,134.20871749999984,5.368348699999993,fixed
107.32394160004333,53,4.149999999999995,-0.03234025,-1.29361,134.21203749999987,5.3684814999999935,fixed
107.40791760000866,53,4.149999999999995,-0.03228147,-1.2912588,133.96810049999982,5.358724019999994,fixed
107.49223160004476,53,4.149999999999995,-0.03239169,-1.2956676000000003,134.42551349999985,5.377020539999995,fixed
107.57618890004233,53,4.149999999999995,-0.03237212,-1.2948847999999997,134.34429799999984,5.373771919999992,fixed
107.6598714000429,53,4.149999999999995,-0.03241505,-1.296602,134.52245749999983,5.380898299999994,fixed
107.74414940003771,53,4.149999999999995,-0.0323625,-1.2945000000000002,134.30437499999985,5.372174999999994,fixed
107.82838980003726,53,4.149999999999995,-0.03230676,-1.2922703999999998,134.07305399999984,5.362922159999993,fixed
107.9126857999945,53,4.149999999999995,-0.03226397,-1.2905588000000001,133.89547549999986,5.355819019999994,fixed
107.99700329999905,53,4.149999999999995,-0.03216605,-1.2866419999999998,133.48910749999985,5.339564299999993,fixed
108.08133420004742,53,4.149999999999995,-0.03222788,-1.2891152,133.74570199999982,5.349828079999993,fixed
108.16567550000036,53,4.149999999999995,-0.03222926,-1.2891704000000002,133.75142899999983,5.350057159999994,fixed
108.2499868000159,53,4.149999999999995,-0.0322664,-1.2906559999999998,133.90555999999984,5.356222399999993,fixed
108.33402430004207,53,4.149999999999995,-0.0321814,-1.287256,133.55280999999982,5.342112399999993,fixed
108.41826070001116,53,4.149999999999995,-0.03225667,-1.2902668,133.86518049999984,5.354607219999993,fixed
108.50242390000494,53,4.149999999999995,-0.0321325,-1.2853,133.34987499999983,5.3339949999999945,fixed
108.58662220003316,53,4.149999999999995,-0.03209125,-1.2836500000000002,133.17868749999982,5.327147499999994,fixed
108.6708921000245,53,4.149999999999995,-0.03206836,-1.2827343999999998,133.08369399999984,5.323347759999993,fixed
108.75503340002615,53,4.149999999999995,-0.03212003,-1.2848012,133.29812449999983,5.331924979999994,fixed
108.83932650001952,53,4.149999999999995,-0.03217266,-1.2869064000000001,133.51653899999982,5.340661559999994,fixed
108.92360400001053,53,4.149999999999995,-0.03205936,-1.2823744000000001,133.04634399999983,5.321853759999994,fixed
109.00792020000517,53,4.149999999999995,-0.03218503,-1.2874012000000001,133.56787449999985,5.342714979999994,fixed
109.09219880000455,53,4.149999999999995,-0.03209395,-1.283758,133.18989249999984,5.327595699999994,fixed
109.17783900001086,54,4.139999999999995,-0.03217624,-1.2870496,133.20963359999985,5.328385343999994,fixed
109.26201589999255,54,4.139999999999995,-0.03218957,-1.2875828,133.26481979999986,5.330592791999994,fixed
109.34593260003021,54,4.139999999999995,-0.03218534,-1.2874135999999998,133.24730759999983,5.329892303999993,fixed
109.42982439999469,54,4.139999999999995,-0.03210204,-1.2840815999999997,132.90244559999982,5.316097823999993,fixed
109.51409830001649,54,4.139999999999995,-0.03212028,-1.2848112,132.97795919999984,5.3191183679999945,fixed
109.59826910000993,54,4.139999999999995,-0.03220523,-1.2882092,133.32965219999986,5.333186087999994,fixed
109.68234900000971,54,4.139999999999995,-0.03211872,-1.2847488,132.97150079999986,5.318860031999994,fixed
109.76643960003275,54,4.139999999999995,-0.03218783,-1.2875132,133.25761619999986,5.330304647999994,fixed
109.85056210000766,54,4.139999999999995,-0.03215919,-1.2863675999999997,133.13904659999983,5.325561863999993,fixed
109.93478760001017,54,4.139999999999995,-0.03214992,-1.2859968000000002,133.10066879999985,5.324026751999995,fixed
110.01906170003349,54,4.139999999999995,-0.0320718,-1.2828719999999998,132.77725199999983,5.311090079999993,fixed
110.10321969998768,54,4.139999999999995,-0.03210273,-1.2841092,132.90530219999985,5.316212087999994,fixed
110.1872744000284,54,4.139999999999995,-0.03217516,-1.2870063999999999,133.20516239999986,5.328206495999994,fixed
110.27111100003822,54,4.139999999999995,-0.0321107,-1.2844280000000001,132.93829799999983,5.317531919999994,fixed
110.35520700004417,54,4.139999999999995,-0.03105165,-1.242066,128.55383099999983,5.142153239999994,fixed
110.43925759999547,54,4.139999999999995,-0.03212354,-1.2849416,132.99145559999982,5.319658223999994,fixed
110.52345610002521,54,4.139999999999995,-0.03220542,-1.2882167999999998,133.33043879999985,5.333217551999994,fixed
110.60758609999903,54,4.139999999999995,-0.03210798,-1.2843191999999999,132.92703719999986,5.317081487999993,fixed
110.69183010002598,54,4.139999999999995,-0.03218623,-1.2874492000000002,133.25099219999987,5.330039687999995,fixed
110.77602819999447,54,4.139999999999995,-0.03216154,-1.2864616,133.14877559999985,5.325951023999994,fixed
110.8602200000314,54,4.139999999999995,-0.03205618,-1.2822471999999998,132.71258519999984,5.308503407999993,fixed
110.94442090002121,54,4.139999999999995,-0.03219711,-1.2878844,133.29603539999985,5.331841415999994,fixed
111.02868480002508,54,4.139999999999995,-0.0321146,-1.2845840000000002,132.95444399999982,5.318177759999995,fixed
111.11290270002792,54,4.139999999999995,-0.03215909,-1.2863636,133.13863259999985,5.325545303999994,fixed
111.19846390001476,55,4.149999999999995,-0.03213432,-1.2853728000000002,133.35742799999983,5.334297119999994,fixed
111.28261460002977,55,4.149999999999995,-0.03214758,-1.2859032000000001,133.41245699999985,5.3364982799999945,fixed
111.3666041000397,55,4.149999999999995,-0.03201484,-1.2805936,132.86158599999987,5.314463439999994,fixed
111.45131530001527,55,4.149999999999995,-0.03210837,-1.2843347999999997,133.24973549999982,5.329989419999992,fixed
111.53567020001356,55,4.149999999999995,-0.03204872,-1.2819488,133.00218799999985,5.320087519999994,fixed
111.6203908000025,55,4.149999999999995,-0.03207834,-1.2831336,133.12511099999983,5.325004439999994,fixed
111.7045493000187,55,4.149999999999995,-0.03218589,-1.2874356,133.57144349999987,5.342857739999993,fixed
111.78865639999276,55,4.149999999999995,-0.03209862,-1.2839448000000002,133.20927299999985,5.328370919999995,fixed
111.87287040002411,55,4.149999999999995,-0.0321264,-1.285056,133.32455999999985,5.3329823999999935,fixed
111.95708320004633,55,4.149999999999995,-0.0321242,-1.284968,133.31542999999985,5.332617199999994,fixed
112.0418834000011,55,4.149999999999995,-0.03197911,-1.2791644,132.71330649999982,5.308532259999994,fixed
112.12637710000854,55,4.149999999999995,-0.03209255,-1.283702,133.18408249999982,5.327363299999993,fixed
112.21069979999447,55,4.149999999999995,-0.03215882,-1.2863528,133.45910299999983,5.338364119999993,fixed
112.29498240002431,55,4.149999999999995,-0.03217296,-1.2869184000000002,133.51778399999984,5.340711359999995,fixed
112.37924420001218,55,4.149999999999995,-0.03209527,-1.2838108,133.19537049999985,5.327814819999993,fixed
112.46349670004565,55,4.149999999999995,-0.03219051,-1.2876203999999998,133.59061649999984,5.343624659999993,fixed
112.54775530000916,55,4.149999999999995,-0.0321042,-1.284168,133.23242999999985,5.329297199999994,fixed
112.63182420004159,55,4.149999999999995,-0.03213665,-1.2854660000000002,133.36709749999986,5.334683899999995,fixed
112.71576200000709,55,4.149999999999995,-0.03218,-1.2872,133.54699999999983,5.3418799999999935,fixed
112.79989840002963,55,4.149999999999995,-0.0320979,-1.2839159999999998,133.20628499999984,5.328251399999993,fixed
112.8839007000206,55,4.149999999999995,-0.03207663,-1.2830652,133.11801449999984,5.324720579999994,fixed
112.96814890002133,55,4.149999999999995,-0.0321332,-1.285328,133.35277999999983,5.3341111999999935,fixed
113.05233470001258,55,4.149999999999995,-0.03221543,-1.2886172000000002,133.69403449999987,5.347761379999994,fixed
113.1365079000243,55,4.149999999999995,-0.03217272,-1.2869088000000002,133.51678799999985,5.340671519999995,fixed
113.22217409993755,56,4.159999999999995,-0.03224688,-1.2898752,134.1470207999998,5.365880831999993,fixed
113.30641239997931,56,4.159999999999995,-0.03221504,-1.2886016,134.01456639999984,5.360582655999993,fixed
113.39043419994414,56,4.159999999999995,-0.03215909,-1.2863636,133.78181439999983,5.351272575999993,fixed
113.47412549995352,56,4.159999999999995,-0.03223044,-1.2892176,134.0786303999998,5.363145215999993,fixed
113.55820349993883,56,4.159999999999995,-0.03216704,-1.2866816,133.81488639999984,5.352595455999993,fixed
113.64279059995897,56,4.159999999999995,-0.03220458,-1.2881832,133.97105279999982,5.358842111999993,fixed
113.72677509998903,56,4.159999999999995,-0.03221003,-1.2884012,133.99372479999982,5.359748991999993,fixed
113.81064139999216,56,4.159999999999995,-0.03221727,-1.2886908,134.02384319999982,5.360953727999993,fixed
113.89427519997116,56,4.159999999999995,-0.03217619,-1.2870476,133.85295039999983,5.354118015999993,fixed
113.97776519996114,56,4.159999999999995,-0.03212591,-1.2850363999999999,133.64378559999983,5.345751423999992,fixed
114.06131849996746,56,4.159999999999995,-0.03218258,-1.2873032,133.87953279999985,5.355181311999993,fixed
114.14489779993892,56,4.159999999999995,-0.03222127,-1.2888508,134.04048319999984,5.3616193279999935,fixed
114.22864309995202,56,4.159999999999995,-0.03219683,-1.2878732000000002,133.93881279999982,5.357552511999994,fixed
114.31220809998922,56,4.159999999999995,-0.03216278,-1.2865112000000003,133.79716479999985,5.351886591999994,fixed
114.39577349997126,56,4.159999999999995,-0.03219209,-1.2876836,133.91909439999984,5.356763775999993,fixed
114.47942179994425,56,4.159999999999995,-0.03211311,-1.2845244,133.59053759999983,5.3436215039999935,fixed
114.56310869997833,56,4.159999999999995,-0.03219187,-1.2876747999999998,133.91817919999983,5.356727167999993,fixed
114.64692739996826,56,4.159999999999995,-0.03216369,-1.2865476,133.80095039999983,5.352038015999994,fixed
114.73052739998093,56,4.159999999999995,-0.03220483,-1.2881931999999998,133.97209279999984,5.358883711999993,fixed
114.81442139996216,56,4.159999999999995,-0.03218053,-1.2872211999999998,133.87100479999984,5.354840191999993,fixed
114.8985132999369,56,4.159999999999995,-0.03215613,-1.2862452,133.76950079999983,5.350780031999993,fixed
114.9826223999844,56,4.159999999999995,-0.0322535,-1.2901399999999998,134.17455999999984,5.366982399999992,fixed
115.06687839998631,56,4.159999999999995,-0.03222686,-1.2890744,134.06373759999985,5.362549503999993,fixed
115.15113739995286,56,4.159999999999995,-0.03224545,-1.2898180000000001,134.14107199999984,5.365642879999994,fixed
115.23629050003365,57,4.169999999999995,-0.03215166,-1.2860664,134.0724221999998,5.362896887999993,fixed
115.32055570004741,57,4.169999999999995,-0.03209398,-1.2837592,133.83189659999982,5.353275863999993,fixed
115.40463020006428,57,4.169999999999995,-0.0321673,-1.2866920000000002,134.13764099999983,5.365505639999994,fixed
115.48868910002057,57,4.169999999999995,-0.03209578,-1.2838311999999998,133.83940259999983,5.353576103999992,fixed
115.572924600041,57,4.169999999999995,-0.03208135,-1.2832540000000001,133.77922949999984,5.351169179999993,fixed
115.657141600037,57,4.169999999999995,-0.03211771,-1.2847084000000002,133.93085069999984,5.3572340279999935,fixed
115.74142980005126,57,4.169999999999995,-0.03214028,-1.2856112,134.02496759999983,5.360998703999993,fixed
115.82549020001898,57,4.169999999999995,-0.03203949,-1.2815795999999997,133.6046732999998,5.3441869319999915,fixed
115.90949870005716,57,4.169999999999995,-0.03213271,-1.2853084000000001,133.99340069999982,5.359736027999993,fixed
115.9937906000414,57,4.169999999999995,-0.03212165,-1.284866,133.94728049999983,5.357891219999994,fixed
116.07787940005073,57,4.169999999999995,-0.03213895,-1.285558,134.01942149999982,5.3607768599999925,fixed
116.1620170000242,57,4.169999999999995,-0.03213066,-1.2852264,133.9848521999998,5.359394087999993,fixed
116.24621780001326,57,4.169999999999995,-0.03206558,-1.2826232000000002,133.71346859999983,5.348538743999994,fixed
116.33043780003209,57,4.169999999999995,-0.03205876,-1.2823504,133.68502919999983,5.347401167999992,fixed
116.41458640003111,57,4.169999999999995,-0.03202764,-1.2811056000000003,133.55525879999982,5.342210351999994,fixed
116.49873590003699,57,4.169999999999995,-0.03204362,-1.2817448000000002,133.62189539999983,5.344875815999994,fixed
116.58295420004288,57,4.169999999999995,-0.03202311,-1.2809244000000002,133.53636869999983,5.341454747999994,fixed
116.66709870001068,57,4.169999999999995,-0.03196503,-1.2786012,133.29417509999982,5.331767003999993,fixed
116.75142830004916,57,4.169999999999995,-0.03202604,-1.2810416,133.5485867999998,5.341943471999993,fixed
116.83576000004541,57,4.169999999999995,-0.03197908,-1.2791632,133.35276359999983,5.3341105439999925,fixed
116.92004250001628,57,4.169999999999995,-0.03201749,-1.2806996000000002,133.51293329999984,5.340517331999994,fixed
117.00421470002038,57,4.169999999999995,-0.03193352,-1.2773408000000002,133.1627783999998,5.3265111359999935,fixed
117.08834820002085,57,4.169999999999995,-0.03203028,-1.2812112000000002,133.56626759999983,5.342650703999994,fixed
117.17260660004104,57,4.169999999999995,-0.03207221,-1.2828884,133.7411156999998,5.349644627999993,fixed
117.25821350002661,58,4.159999999999995,-0.03219076,-1.2876303999999998,133.91356159999984,5.356542463999992,fixed
117.34210100001656,58,4.159999999999995,-0.03210891,-1.2843563999999998,133.5730655999998,5.342922623999993,fixed
117.42564120003954,58,4.159999999999995,-0.03216622,-1.2866488,133.81147519999985,5.352459007999993,fixed
117.50920520001091,58,4.159999999999995,-0.03215269,-1.2861076,133.75519039999983,5.350207615999993,fixed
117.59275860001799,58,4.159999999999995,-0.03218061,-1.2872244000000002,133.87133759999983,5.354853503999994,fixed
117.67648570000893,58,4.159999999999995,-0.03217117,-1.2868468,133.8320671999998,5.353282687999993,fixed
117.76031189999776,58,4.159999999999995,-0.03200865,-1.2803460000000002,133.15598399999985,5.326239359999994,fixed
117.844627100043,58,4.159999999999995,-0.03210634,-1.2842535999999998,133.5623743999998,5.342494975999992,fixed
117.92913709999993,58,4.159999999999995,-0.03201867,-1.2807468,133.19766719999984,5.3279066879999935,fixed
118.01340890000574,58,4.159999999999995,-0.0320827,-1.283308,133.4640319999998,5.338561279999993,fixed
118.09765690000495,58,4.159999999999995,-0.03198878,-1.2795512,133.07332479999982,5.322932991999993,fixed
118.18171239999356,58,4.159999999999995,-0.03204885,-1.2819539999999998,133.32321599999983,5.3329286399999924,fixed
118.2659510000376,58,4.159999999999995,-0.0320279,-1.281116,133.23606399999983,5.329442559999993,fixed
118.35026560002007,58,4.159999999999995,-0.0320124,-1.2804960000000003,133.17158399999985,5.326863359999995,fixed
118.43461150000803,58,4.159999999999995,-0.03204596,-1.2818384,133.31119359999983,5.332447743999993,fixed
118.51886690000538,58,4.159999999999995,-0.03197128,-1.2788511999999999,133.00052479999982,5.320020991999993,fixed
118.60318830003962,58,4.159999999999995,-0.03207147,-1.2828587999999999,133.41731519999982,5.336692607999993,fixed
118.6873920999933,58,4.159999999999995,-0.03197171,-1.2788684000000001,133.00231359999984,5.320092543999994,fixed
118.7716052000178,58,4.159999999999995,-0.03204564,-1.2818256,133.30986239999984,5.332394495999993,fixed
118.85573030001251,58,4.159999999999995,-0.03207063,-1.2828252,133.41382079999983,5.3365528319999935,fixed
118.93964960001176,58,4.159999999999995,-0.03206142,-1.2824567999999998,133.37550719999982,5.335020287999993,fixed
119.02396740001859,58,4.159999999999995,-0.03213638,-1.2854552000000001,133.68734079999984,5.347493631999994,fixed
119.10825280001154,58,4.159999999999995,-0.03215297,-1.2861188000000001,133.75635519999983,5.350254207999994,fixed
119.19253470003605,58,4.159999999999995,-0.03212766,-1.2851064000000003,133.65106559999984,5.3460426239999945,fixed
119.27805150003405,59,4.169999999999995,-0.0319946,-1.279784,133.4174819999998,5.336699279999993,fixed
119.36234540003352,59,4.169999999999995,-0.03197995,-1.279198,133.35639149999983,5.334255659999993,fixed
119.44641370000318,59,4.169999999999995,-0.03203321,-1.2813283999999998,133.57848569999985,5.343139427999993,fixed
119.5303812000202,59,4.169999999999995,-0.03199615,-1.279846,133.42394549999983,5.336957819999993,fixed
119.6145264999941,59,4.169999999999995,-0.03202068,-1.2808272000000003,133.52623559999984,5.341049423999994,fixed
119.69860120001249,59,4.169999999999995,-0.03198215,-1.279286,133.36556549999983,5.334622619999993,fixed
119.78290530003142,59,4.169999999999995,-0.0320724,-1.282896,133.74190799999982,5.349676319999993,fixed
119.86701200000243,59,4.169999999999995,-0.03206152,-1.2824608,133.69653839999984,5.347861535999993,fixed
119.9510252000182,59,4.169999999999995,-0.03203071,-1.2812284,133.56806069999982,5.342722427999993,fixed
120.0350507000112,59,4.169999999999995,-0.03202644,-1.2810576,133.55025479999986,5.342010191999993,fixed
120.11945330002345,59,4.169999999999995,-0.0320306,-1.281224,133.56760199999982,5.342704079999993,fixed
120.20361690002028,59,4.169999999999995,-0.03199162,-1.2796648,133.40505539999984,5.336202215999993,fixed
120.28787410003133,59,4.169999999999995,-0.03199923,-1.2799691999999998,133.43678909999983,5.337471563999992,fixed
120.37205940001877,59,4.169999999999995,-0.03214646,-1.2858584000000002,134.0507381999998,5.362029527999994,fixed
120.45610740000848,59,4.169999999999995,-0.03205075,-1.28203,133.65162749999985,5.3460650999999935,fixed
120.54027280001901,59,4.169999999999995,-0.03210096,-1.2840384,133.86100319999983,5.354440127999993,fixed
120.6246175999986,59,4.169999999999995,-0.03210299,-1.2841196,133.86946829999982,5.354778731999993,fixed
120.7093686000444,59,4.169999999999995,-0.0320309,-1.281236,133.56885299999982,5.342754119999993,fixed
120.7933382000192,59,4.169999999999995,-0.03204665,-1.281866,133.63453049999984,5.345381219999993,fixed
120.87757760001114,59,4.169999999999995,-0.03203015,-1.281206,133.56572549999981,5.342629019999993,fixed
120.96162660000846,59,4.169999999999995,-0.0321117,-1.284468,133.90578899999983,5.356231559999993,fixed
121.04571750003379,59,4.169999999999995,-0.03201864,-1.2807456,133.51772879999982,5.3407091519999925,fixed
121.13011150003877,59,4.169999999999995,-0.03213632,-1.2854528000000003,134.00845439999983,5.360338175999995,fixed
121.21460120001575,59,4.169999999999995,-0.03207131,-1.2828524,133.73736269999984,5.349494507999992,fixed
