time_s,voltage_set_V,voltage_meas_V,current_A,nplc
1.099999991538425e-06,2.0,2.0,0.0001363247,0.01
1.1394797000000096,2.0,2.0,0.0001356203,0.01
1.144623700000011,2.0,2.0,0.0001349497,0.01
1.1495715000000075,2.0,2.0,0.0001343512,0.01
1.1545262999999863,2.0,2.0,0.0001336876,0.01
1.1596351999999968,2.0,2.0,0.0001330345,0.01
1.1645978999999897,2.0,2.0,0.0001324116,0.01
1.1694998000000112,2.0,2.0,0.0001317851,0.01
1.1746774000000073,2.0,2.0,0.0001311331,0.01
1.1795780999999863,2.0,2.0,0.0001305081,0.01
1.1846389000000102,2.0,2.0,0.000129892,0.01
1.1895759999999882,2.0,2.0,0.0001292866,0.01
1.1942671999999845,2.0,2.0,0.0001287346,0.01
1.1986708000000021,2.0,2.0,0.000128197,0.01
1.203059599999989,2.0,2.0,0.0001276556,0.01
1.2073904000000084,2.0,2.0,0.00012712,0.01
1.2117210000000114,2.0,2.0,0.000126603,0.01
1.216206800000009,2.0,2.0,0.0001260558,0.01
1.2205234999999846,2.0,2.0,0.0001255493,0.01
1.2250799999999913,2.0,2.0,0.0001250031,0.01
1.229707999999988,2.0,2.0,0.0001244422,0.01
1.2342783999999938,2.0,2.0,0.0001239077,0.01
1.2386304000000052,2.0,2.0,0.0001234012,0.01
1.243161999999984,2.0,2.0,0.0001228667,0.01
1.2477322999999956,2.0,2.0,0.0001223301,0.01
1.2523151999999982,2.0,2.0,0.0001218003,0.01
1.2569005000000004,2.0,2.0,0.0001212522,0.01
1.2614817999999843,2.0,2.0,0.000120735,0.01
1.2660215999999878,2.0,2.0,0.0001202063,0.01
1.270594100000011,2.0,2.0,0.0001196862,0.01
1.2751783999999873,2.0,2.0,0.0001191817,0.01
1.2796834000000104,2.0,2.0,0.0001186558,0.01
1.2840265000000102,2.0,2.0,0.0001181727,0.01
1.288505299999997,2.0,2.0,0.0001176672,0.01
1.293067399999984,2.0,2.0,0.0001171539,0.01
1.2975217999999984,2.0,2.0,0.0001166533,0.01
1.3020819999999844,2.0,2.0,0.0001161536,0.01
1.3066090000000088,2.0,2.0,0.0001156539,0.01
1.3111188000000027,2.0,2.0,0.0001151649,0.01
1.3156266000000016,2.0,2.0,0.0001146526,0.01
1.320139399999988,2.0,2.0,0.0001141569,0.01
1.324792599999995,2.0,2.0,0.0001136679,0.01
1.329287899999997,2.0,2.0,0.0001131856,0.01
1.333662000000004,2.0,2.0,0.0001127123,0.01
1.3381549000000064,2.0,2.0,0.0001122358,0.01
1.342745399999984,2.0,2.0,0.0001117478,0.01
1.3472535999999877,2.0,2.0,0.0001112637,0.01
1.3517520999999988,2.0,2.0,0.0001107872,0.01
1.3563258000000076,2.0,2.0,0.000110304,0.01
1.3608275999999933,2.0,2.0,0.0001098374,0.01
1.3654209000000037,2.0,2.0,0.0001093484,0.01
1.3699880000000064,2.0,2.0,0.0001088818,0.01
1.3744905000000074,2.0,2.0,0.0001084036,0.01
1.3789936000000012,2.0,2.0,0.0001079464,0.01
1.3835564999999974,2.0,2.0,0.0001074789,0.01
1.3881792999999902,2.0,2.0,0.0001070141,0.01
1.3927205999999899,2.0,2.0,0.0001065542,0.01
1.3970491000000038,2.0,2.0,0.0001061051,0.01
1.4016263999999978,2.0,2.0,0.0001056568,0.01
1.4061139000000082,2.0,2.0,0.0001052144,0.01
1.4106098999999972,2.0,2.0,0.0001047545,0.01
1.4150936000000058,2.0,2.0,0.0001043013,0.01
1.4196384999999907,2.0,2.0,0.000103858,0.01
1.4241399000000001,2.0,2.0,0.0001034215,0.01
1.4285089999999911,2.0,2.0,0.0001029923,0.01
1.4330952999999909,2.0,2.0,0.0001025491,0.01
1.437538399999994,2.0,2.0,0.0001021058,0.01
1.4418411000000049,2.0,2.0,0.0001016975,0.01
1.4463799000000108,2.0,2.0,0.0001012626,0.01
1.450907099999995,2.0,2.0,0.0001008193,0.01
1.455448600000011,2.0,2.0,0.0001003769,0.01
1.4600197999999978,2.0,2.0,8.083155e-05,0.01
1.6885492000000113,2.0,2.0,8.049193e-05,0.01
1.6931643000000065,2.0,2.0,8.013323e-05,0.01
1.69777049999999,2.0,2.0,7.979557e-05,0.01
1.7024227999999937,2.0,2.0,7.943687e-05,0.01
1.7072193999999854,2.0,2.0,7.907992e-05,0.01
1.7118816999999922,2.0,2.0,7.873694e-05,0.01
1.7166384999999877,2.0,2.0,7.837872e-05,0.01
1.7213908999999887,2.0,2.0,7.803067e-05,0.01
1.7260449999999992,2.0,2.0,7.768589e-05,0.01
1.7309362999999962,2.0,2.0,7.733772e-05,0.01
1.735730899999993,2.0,2.0,7.698654e-05,0.01
1.7405258999999944,2.0,2.0,7.663658e-05,0.01
1.745181400000007,2.0,2.0,7.625984e-05,0.01
1.750591600000007,2.0,2.0,7.591923e-05,0.01
1.755391099999997,2.0,2.0,7.55733e-05,0.01
1.7600821999999994,2.0,2.0,7.523964e-05,0.01
1.7648768999999902,2.0,2.0,7.490134e-05,0.01
1.7696851000000038,2.0,2.0,7.456708e-05,0.01
1.7745217000000082,2.0,2.0,7.422413e-05,0.01
1.7793321000000049,2.0,2.0,7.389046e-05,0.01
1.7840873000000101,2.0,2.0,7.356262e-05,0.01
1.7888275999999905,2.0,2.0,7.323769e-05,0.01
1.7935012000000086,2.0,2.0,7.291394e-05,0.01
1.798192599999993,2.0,2.0,7.259192e-05,0.01
1.8026391999999873,2.0,2.0,7.230369e-05,0.01
1.8071514000000093,2.0,2.0,7.199448e-05,0.01
1.811682300000001,2.0,2.0,7.169168e-05,0.01
1.8162882000000025,2.0,2.0,7.13784e-05,0.01
1.8208376000000044,2.0,2.0,7.107502e-05,0.01
1.8254114000000072,2.0,2.0,7.076814e-05,0.01
1.8299974999999904,2.0,2.0,7.046651e-05,0.01
1.834541999999999,2.0,2.0,7.016663e-05,0.01
1.8390676999999869,2.0,2.0,6.9865e-05,0.01
1.8436226999999974,2.0,2.0,6.9575e-05,0.01
1.8480902999999955,2.0,2.0,6.928326e-05,0.01
1.8525888000000066,2.0,2.0,6.899036e-05,0.01
1.857137200000011,2.0,2.0,6.869632e-05,0.01
1.8616595999999959,2.0,2.0,6.839874e-05,0.01
1.8661802000000023,2.0,2.0,6.810642e-05,0.01
1.8707839999999862,2.0,2.0,6.781472e-05,0.01
1.87538330000001,2.0,2.0,6.751894e-05,0.01
1.8800628999999844,2.0,2.0,6.722131e-05,0.01
1.884813600000001,2.0,2.0,6.692671e-05,0.01
1.8895372000000066,2.0,2.0,6.663148e-05,0.01
1.8942611999999883,2.0,2.0,6.633679e-05,0.01
1.8989421999999934,2.0,2.0,6.604219e-05,0.01
1.9035738999999978,2.0,2.0,6.576031e-05,0.01
1.9081739000000084,2.0,2.0,6.547673e-05,0.01
1.9125821000000087,2.0,2.0,6.52177e-05,0.01
1.916933499999999,2.0,2.0,6.494106e-05,0.01
1.9215608000000088,2.0,2.0,6.465981e-05,0.01
1.926138399999985,2.0,2.0,6.43884e-05,0.01
1.9306999000000076,2.0,2.0,6.412293e-05,0.01
1.935165899999987,2.0,2.0,6.384168e-05,0.01
1.9396849999999972,2.0,2.0,6.357906e-05,0.01
1.944151000000005,2.0,2.0,6.331586e-05,0.01
1.9484414000000072,2.0,2.0,6.305841e-05,0.01
1.9527945000000102,2.0,2.0,6.278072e-05,0.01
1.9574360999999953,2.0,2.0,6.253026e-05,0.01
1.9620625999999959,2.0,2.0,6.226131e-05,0.01
1.9663760999999909,2.0,2.0,6.201317e-05,0.01
1.9708411000000012,2.0,2.0,6.17547e-05,0.01
1.9752982999999915,2.0,2.0,6.148727e-05,0.01
1.9798729999999978,2.0,2.0,6.123006e-05,0.01
1.9843625000000031,2.0,2.0,6.097899e-05,0.01
1.9886392999999885,2.0,2.0,6.072753e-05,0.01
1.9932169999999871,2.0,2.0,6.047589e-05,0.01
1.997459599999985,2.0,2.0,6.023132e-05,0.01
2.0017892999999845,2.0,2.0,5.998549e-05,0.01
2.0061888999999837,2.0,2.0,5.973761e-05,0.01
2.010509500000012,2.0,2.0,5.950072e-05,0.01
2.014821000000012,2.0,2.0,5.92577e-05,0.01
2.0194239999999866,2.0,2.0,5.900906e-05,0.01
2.0237122999999997,2.0,2.0,5.877603e-05,0.01
2.0282365999999854,2.0,2.0,5.852526e-05,0.01
2.032680499999998,2.0,2.0,5.82843e-05,0.01
2.037037099999992,2.0,2.0,5.804243e-05,0.01
2.0414948000000095,2.0,2.0,5.780299e-05,0.01
2.0459387999999876,2.0,2.0,5.756028e-05,0.01
2.050447200000008,2.0,2.0,5.732223e-05,0.01
2.0548900000000003,2.0,2.0,5.708395e-05,0.01
2.0592459000000076,2.0,2.0,5.685057e-05,0.01
2.0637074999999925,2.0,2.0,5.661519e-05,0.01
2.0680049999999994,2.0,2.0,5.638065e-05,0.01
2.072394299999985,2.0,2.0,5.615879e-05,0.01
2.0766802999999925,2.0,2.0,5.592878e-05,0.01
2.081070699999998,2.0,2.0,5.570227e-05,0.01
2.0853428000000065,2.0,2.0,5.547737e-05,0.01
2.0897779000000014,2.0,2.0,5.525564e-05,0.01
2.0940803000000017,2.0,2.0,5.502608e-05,0.01
2.098396000000008,2.0,2.0,5.481529e-05,0.01
2.10267300000001,2.0,2.0,5.459007e-05,0.01
2.1069616000000053,2.0,2.0,5.436414e-05,0.01
2.1112660000000005,2.0,2.0,5.41452e-05,0.01
2.115835699999991,2.0,2.0,5.39245e-05,0.01
2.1203959999999995,2.0,2.0,5.37025e-05,0.01
2.1249620000000107,2.0,2.0,5.34607e-05,0.01
2.129549499999996,2.0,2.0,5.323666e-05,0.01
2.1341003,2.0,2.0,5.301305e-05,0.01
2.1386402999999916,2.0,2.0,5.279076e-05,0.01
2.143223599999999,2.0,2.0,5.255012e-05,0.01
2.1478103000000033,2.0,2.0,5.234165e-05,0.01
2.1523779000000047,2.0,2.0,5.211662e-05,0.01
2.1569332999999915,2.0,2.0,5.189518e-05,0.01
2.161489700000004,2.0,2.0,5.167491e-05,0.01
2.166055599999993,2.0,2.0,5.145597e-05,0.01
2.1704526999999985,2.0,2.0,5.125174e-05,0.01
2.1746960000000115,2.0,2.0,5.104411e-05,0.01
2.179267899999985,2.0,2.0,5.082957e-05,0.01
2.183683599999995,2.0,2.0,5.062244e-05,0.01
2.1880079000000023,2.0,2.0,5.041655e-05,0.01
2.1925258999999926,2.0,2.0,5.020907e-05,0.01
2.196992399999999,2.0,2.0,4.999769e-05,0.01
2.2013337999999862,2.0,2.0,4.979156e-05,0.01
2.205947600000002,2.0,2.0,4.957879e-05,0.01
2.2104108999999994,2.0,2.0,4.937772e-05,0.01
2.215009600000002,2.0,2.0,4.916244e-05,0.01
2.2195912999999905,2.0,2.0,4.895241e-05,0.01
2.2242247000000077,2.0,2.0,4.874474e-05,0.01
2.2288063000000022,2.0,2.0,4.853628e-05,0.01
2.2333745999999906,2.0,2.0,4.833092e-05,0.01
2.2378393999999844,2.0,2.0,4.813507e-05,0.01
2.2424243000000104,2.0,2.0,4.792816e-05,0.01
2.2470275999999956,2.0,2.0,4.772241e-05,0.01
2.251662600000003,2.0,2.0,4.752093e-05,0.01
2.256247000000002,2.0,2.0,4.731635e-05,0.01
2.26084689999999,2.0,2.0,4.711196e-05,0.01
2.2653372000000047,2.0,2.0,4.691535e-05,0.01
2.2699962000000085,2.0,2.0,4.671794e-05,0.01
2.274664999999999,2.0,2.0,4.651143e-05,0.01
2.27925909999999,2.0,2.0,4.631399e-05,0.01
2.283869699999997,2.0,2.0,4.611759e-05,0.01
2.2884958999999867,2.0,2.0,4.591903e-05,0.01
2.2931609000000037,2.0,2.0,4.572062e-05,0.01
2.2977275000000077,2.0,2.0,4.552692e-05,0.01
2.3023646999999983,2.0,2.0,4.53309e-05,0.01
2.3070057999999847,2.0,2.0,4.513641e-05,0.01
2.3115966999999955,2.0,2.0,4.494964e-05,0.01
2.3161877000000004,2.0,2.0,4.475478e-05,0.01
2.320810899999998,2.0,2.0,4.456532e-05,0.01
2.325205899999986,2.0,2.0,4.438e-05,0.01
2.3298010999999974,2.0,2.0,4.419461e-05,0.01
2.3343604000000084,2.0,2.0,4.400675e-05,0.01
2.3389357000000075,2.0,2.0,4.381785e-05,0.01
2.3434225999999967,2.0,2.0,4.363873e-05,0.01
2.3480141000000003,2.0,2.0,4.345159e-05,0.01
2.3525582000000043,2.0,2.0,4.327026e-05,0.01
2.3570398999999895,2.0,2.0,4.309056e-05,0.01
2.361645299999992,2.0,2.0,4.290329e-05,0.01
2.3662716999999986,2.0,2.0,4.272161e-05,0.01
2.370870300000007,2.0,2.0,4.254284e-05,0.01
2.375464800000003,2.0,2.0,4.236151e-05,0.01
2.380076900000006,2.0,2.0,4.217925e-05,0.01
2.384705099999991,2.0,2.0,4.200014e-05,0.01
2.3892926000000045,2.0,2.0,4.181938e-05,0.01
2.393782299999998,2.0,2.0,4.164959e-05,0.01
2.3980430000000013,2.0,2.0,4.148538e-05,0.01
2.40231270000001,2.0,2.0,4.132151e-05,0.01
2.406594399999989,2.0,2.0,4.115697e-05,0.01
2.410841299999987,2.0,2.0,4.099799e-05,0.01
2.415411299999988,2.0,2.0,4.082014e-05,0.01
2.419986999999992,2.0,2.0,4.064953e-05,0.01
2.424525700000004,2.0,2.0,4.047975e-05,0.01
2.4290809999999965,2.0,2.0,4.031146e-05,0.01
2.433637900000008,2.0,2.0,4.013768e-05,0.01
2.438051900000005,2.0,2.0,3.997697e-05,0.01
2.442613999999992,2.0,2.0,3.980687e-05,0.01
2.447202400000009,2.0,2.0,3.964072e-05,0.01
2.4518067999999857,2.0,2.0,3.947586e-05,0.01
2.4563090000000045,2.0,2.0,3.931139e-05,0.01
2.4607619999999883,2.0,2.0,3.914718e-05,0.01
2.465181699999988,2.0,2.0,3.898673e-05,0.01
2.4696864999999946,2.0,2.0,3.882543e-05,0.01
2.474102600000009,2.0,2.0,3.866472e-05,0.01
2.478650299999998,2.0,2.0,3.850051e-05,0.01
2.4831033000000104,2.0,2.0,3.834651e-05,0.01
2.487495700000011,2.0,2.0,3.819014e-05,0.01
2.492053800000008,2.0,2.0,3.80309e-05,0.01
2.4967082000000005,2.0,2.0,3.786172e-05,0.01
2.501285199999984,2.0,2.0,3.770159e-05,0.01
2.5058903999999984,2.0,2.0,3.754351e-05,0.01
2.510353000000009,2.0,2.0,3.739413e-05,0.01
2.5146905999999944,2.0,2.0,3.72439e-05,0.01
2.5189239999999984,2.0,2.0,3.7096e-05,0.01
2.523474599999986,2.0,2.0,3.69414e-05,0.01
2.5280851999999925,2.0,2.0,3.678535e-05,0.01
2.5326202999999907,2.0,2.0,3.66319e-05,0.01
2.537161999999995,2.0,2.0,3.647847e-05,0.01
2.5417103999999995,2.0,2.0,3.632445e-05,0.01
2.546257400000002,2.0,2.0,3.617247e-05,0.01
2.550794400000001,2.0,2.0,3.602369e-05,0.01
2.5553337000000056,2.0,2.0,3.586879e-05,0.01
2.559940399999988,2.0,2.0,3.571507e-05,0.01
2.564419700000002,2.0,2.0,3.55692e-05,0.01
2.569100700000007,2.0,2.0,3.541635e-05,0.01
2.5738130000000012,2.0,2.0,3.525942e-05,0.01
2.5783810000000074,2.0,2.0,3.511588e-05,0.01
2.5829007000000104,2.0,2.0,3.496651e-05,0.01
2.5876883999999905,2.0,2.0,3.481424e-05,0.01
2.5923688999999968,2.0,2.0,3.467362e-05,0.01
2.5970550000000117,2.0,2.0,3.451e-05,0.01
2.6017359999999883,2.0,2.0,3.436936e-05,0.01
2.606455000000011,2.0,2.0,3.422057e-05,0.01
2.611015100000003,2.0,2.0,3.407122e-05,0.01
2.6154980999999964,2.0,2.0,3.393989e-05,0.01
2.6202973999999983,2.0,2.0,3.378678e-05,0.01
2.624904999999984,2.0,2.0,3.363449e-05,0.01
2.6295379999999966,2.0,2.0,3.350087e-05,0.01
2.634242599999993,2.0,2.0,3.334799e-05,0.01
2.6388431000000026,2.0,2.0,3.320157e-05,0.01
2.643544999999989,2.0,2.0,3.307839e-05,0.01
2.6483024000000057,2.0,2.0,3.292206e-05,0.01
2.653018299999985,2.0,2.0,3.278199e-05,0.01
2.657695999999987,2.0,2.0,3.263906e-05,0.01
2.6625051999999982,2.0,2.0,3.249465e-05,0.01
2.6672002999999904,2.0,2.0,3.235776e-05,0.01
2.671941799999985,2.0,2.0,3.221742e-05,0.01
2.6767024000000106,2.0,2.0,3.207624e-05,0.01
2.681410800000009,2.0,2.0,3.19205e-05,0.01
2.6864247000000034,2.0,2.0,3.178599e-05,0.01
2.691232499999984,2.0,2.0,3.165031e-05,0.01
2.695937299999997,2.0,2.0,3.151198e-05,0.01
2.7006355999999982,2.0,2.0,3.137489e-05,0.01
2.705143300000003,2.0,2.0,3.124936e-05,0.01
2.709835499999997,2.0,2.0,3.111285e-05,0.01
2.7145506999999895,2.0,2.0,3.097834e-05,0.01
2.719110900000004,2.0,2.0,3.084874e-05,0.01
2.7238037999999847,2.0,2.0,3.071456e-05,0.01
2.72845430000001,2.0,2.0,3.058379e-05,0.01
2.7329459000000043,2.0,2.0,3.045801e-05,0.01
2.737676999999991,2.0,2.0,3.032466e-05,0.01
2.742357900000002,2.0,2.0,3.019447e-05,0.01
2.7470485999999994,2.0,2.0,3.006554e-05,0.01
2.7516358999999966,2.0,2.0,2.994209e-05,0.01
2.756280299999986,2.0,2.0,2.981422e-05,0.01
2.760992499999986,2.0,2.0,2.968073e-05,0.01
2.765588100000002,2.0,2.0,2.955776e-05,0.01
2.770459299999999,2.0,2.0,2.942733e-05,0.01
2.7750473000000113,2.0,2.0,2.930213e-05,0.01
2.779701700000004,2.0,2.0,2.917752e-05,0.01
2.7844015000000013,2.0,2.0,2.905092e-05,0.01
2.7891105999999866,2.0,2.0,2.892864e-05,0.01
2.7938660000000084,2.0,2.0,2.879937e-05,0.01
2.79851690000001,2.0,2.0,2.867918e-05,0.01
2.8032613000000026,2.0,2.0,2.855538e-05,0.01
2.807949900000011,2.0,2.0,2.84317e-05,0.01
2.812454800000012,2.0,2.0,2.831745e-05,0.01
2.8171514,2.0,2.0,2.819342e-05,0.01
2.821864699999992,2.0,2.0,2.806916e-05,0.01
2.826549,2.0,2.0,2.795095e-05,0.01
2.8310696000000064,2.0,2.0,2.783763e-05,0.01
2.835795399999995,2.0,2.0,2.771593e-05,0.01
2.8405017999999984,2.0,2.0,2.759633e-05,0.01
2.8451948000000016,2.0,2.0,2.747813e-05,0.01
2.8499145000000112,2.0,2.0,2.736131e-05,0.01
2.8546197999999947,2.0,2.0,2.724346e-05,0.01
2.8592750999999907,2.0,2.0,2.712467e-05,0.01
2.863974600000006,2.0,2.0,2.701054e-05,0.01
2.8686911000000066,2.0,2.0,2.689546e-05,0.01
2.8732604999999865,2.0,2.0,2.678228e-05,0.01
2.877759999999995,2.0,2.0,2.667382e-05,0.01
2.882394599999998,2.0,2.0,2.655729e-05,0.01
2.886714000000012,2.0,2.0,2.645837e-05,0.01
2.891279400000002,2.0,2.0,2.63473e-05,0.01
2.8956023000000073,2.0,2.0,2.62427e-05,0.01
2.900187399999993,2.0,2.0,2.613185e-05,0.01
2.904774500000002,2.0,2.0,2.602179e-05,0.01
2.909115899999989,2.0,2.0,2.592476e-05,0.01
2.913408000000004,2.0,2.0,2.582132e-05,0.01
2.9179355999999927,2.0,2.0,2.571222e-05,0.01
2.922503699999993,2.0,2.0,2.56047e-05,0.01
2.9270852999999875,2.0,2.0,2.550063e-05,0.01
2.931541899999985,2.0,2.0,2.539582e-05,0.01
2.936182699999989,2.0,2.0,2.528867e-05,0.01
2.9406979000000035,2.0,2.0,2.518214e-05,0.01
2.945364100000006,2.0,2.0,2.507613e-05,0.01
2.9500105999999846,2.0,2.0,2.497036e-05,0.01
2.954574600000001,2.0,2.0,2.486709e-05,0.01
2.959190299999989,2.0,2.0,2.475898e-05,0.01
2.963900200000012,2.0,2.0,2.465338e-05,0.01
2.9685638999999924,2.0,2.0,2.454877e-05,0.01
2.9730599000000097,2.0,2.0,2.445036e-05,0.01
2.9775148999999885,2.0,2.0,2.43537e-05,0.01
2.982507599999991,2.0,2.0,2.422074e-05,0.01
2.987836399999992,2.0,2.0,2.412485e-05,0.01
2.9924814000000026,2.0,2.0,2.402411e-05,0.01
2.997190399999994,2.0,2.0,2.3916e-05,0.01
3.001823299999984,2.0,2.0,2.381506e-05,0.01
3.0065323999999976,2.0,2.0,2.371355e-05,0.01
3.011107299999992,2.0,2.0,2.361785e-05,0.01
3.0159266999999943,2.0,2.0,2.350741e-05,0.01
3.0207771000000037,2.0,2.0,2.340861e-05,0.01
3.0253734000000065,2.0,2.0,2.331137e-05,0.01
3.0301197,2.0,2.0,2.321219e-05,0.01
3.0348298000000113,2.0,2.0,2.311126e-05,0.01
3.0395150999999885,2.0,2.0,2.301167e-05,0.01
3.044216299999988,2.0,2.0,2.291558e-05,0.01
3.048801400000002,2.0,2.0,2.281855e-05,0.01
3.0534458999999856,2.0,2.0,2.272382e-05,0.01
3.0581458000000055,2.0,2.0,2.262658e-05,0.01
3.0627230000000054,2.0,2.0,2.253148e-05,0.01
3.0674119999999903,2.0,2.0,2.243791e-05,0.01
3.0720963999999924,2.0,2.0,2.234339e-05,0.01
3.076641599999988,2.0,2.0,2.225117e-05,0.01
3.081199199999986,2.0,2.0,2.215549e-05,0.01
3.085718799999995,2.0,2.0,2.206913e-05,0.01
3.090361900000005,2.0,2.0,2.197421e-05,0.01
3.0951153000000033,2.0,2.0,2.187289e-05,0.01
3.0996873999999934,2.0,2.0,2.179021e-05,0.01
3.1043944999999837,2.0,2.0,2.168772e-05,0.01
3.1090532999999994,2.0,2.0,2.160481e-05,0.01
3.1136564999999905,2.0,2.0,2.15167e-05,0.01
3.118504999999999,2.0,2.0,2.142685e-05,0.01
3.1231698999999935,2.0,2.0,2.132495e-05,0.01
3.127678199999991,2.0,2.0,2.124127e-05,0.01
3.132425799999993,2.0,2.0,2.115526e-05,0.01
3.1371441000000004,2.0,2.0,2.105651e-05,0.01
3.1418224999999893,2.0,2.0,2.097225e-05,0.01
3.1465775000000065,2.0,2.0,2.087966e-05,0.01
3.151324299999999,2.0,2.0,2.079173e-05,0.01
3.15602659999999,2.0,2.0,2.070247e-05,0.01
3.1607309999999984,2.0,2.0,2.061313e-05,0.01
3.1654523999999924,2.0,2.0,2.052811e-05,0.01
3.1701565999999843,2.0,2.0,2.044044e-05,0.01
3.174911199999997,2.0,2.0,2.034843e-05,0.01
3.1797340999999903,2.0,2.0,2.026025e-05,0.01
3.1844514000000004,2.0,2.0,2.01764e-05,0.01
3.1891779000000042,2.0,2.0,2.009196e-05,0.01
3.1939078999999992,2.0,2.0,2.000429e-05,0.01
3.198700500000001,2.0,2.0,1.99196e-05,0.01
3.203312199999999,2.0,2.0,1.983558e-05,0.01
3.2078009999999892,2.0,2.0,1.975507e-05,0.01
3.2125119000000097,2.0,2.0,1.967238e-05,0.01
3.2172471000000087,2.0,2.0,1.958503e-05,0.01
3.2219710999999904,2.0,2.0,1.949827e-05,0.01
3.2267057999999906,2.0,2.0,1.94185e-05,0.01
3.2314217999999926,2.0,2.0,1.933596e-05,0.01
3.236175099999997,2.0,2.0,1.925312e-05,0.01
3.2408545000000117,2.0,2.0,1.916884e-05,0.01
3.245539000000008,2.0,2.0,1.909314e-05,0.01
3.2502159999999947,2.0,2.0,1.901205e-05,0.01
3.2547600999999986,2.0,2.0,1.893286e-05,0.01
3.2594449999999995,2.0,2.0,1.885047e-05,0.01
3.2641200999999853,2.0,2.0,1.877419e-05,0.01
3.2687977999999873,2.0,2.0,1.869469e-05,0.01
3.2735141,2.0,2.0,1.86174e-05,0.01
3.2780397999999877,2.0,2.0,1.854039e-05,0.01
3.282751300000001,2.0,2.0,1.846149e-05,0.01
3.287412499999988,2.0,2.0,1.83839e-05,0.01
3.2921323999999856,2.0,2.0,1.830966e-05,0.01
3.296816799999988,2.0,2.0,1.823032e-05,0.01
3.3013515000000098,2.0,2.0,1.81533e-05,0.01
3.3061396999999886,2.0,2.0,1.807804e-05,0.01
3.3108349999999973,2.0,2.0,1.800074e-05,0.01
3.31552880000001,2.0,2.0,1.792417e-05,0.01
3.3202442999999846,2.0,2.0,1.784701e-05,0.01
3.3249289000000033,2.0,2.0,1.777233e-05,0.01
3.329486099999997,2.0,2.0,1.770012e-05,0.01
3.333970700000009,2.0,2.0,1.763039e-05,0.01
3.338624299999992,2.0,2.0,1.755542e-05,0.01
3.343400900000006,2.0,2.0,1.747913e-05,0.01
3.3479374000000064,2.0,2.0,1.740839e-05,0.01
3.352630299999987,2.0,2.0,1.733793e-05,0.01
3.357351399999999,2.0,2.0,1.72599e-05,0.01
3.362063799999987,2.0,2.0,1.718407e-05,0.01
3.3667777,2.0,2.0,1.711563e-05,0.01
3.3714768000000106,2.0,2.0,1.704415e-05,0.01
3.3761802999999873,2.0,2.0,1.697297e-05,0.01
3.3807979000000046,2.0,2.0,1.689973e-05,0.01
3.385473399999995,2.0,2.0,1.683219e-05,0.01
3.390175400000004,2.0,2.0,1.676159e-05,0.01
3.3947563000000116,2.0,2.0,1.66888e-05,0.01
3.3994189000000006,2.0,2.0,1.662139e-05,0.01
3.404044199999987,2.0,2.0,1.65521e-05,0.01
3.408721100000008,2.0,2.0,1.647917e-05,0.01
3.413361100000003,2.0,2.0,1.641279e-05,0.01
3.4181266999999877,2.0,2.0,1.634291e-05,0.01
3.4228235999999868,2.0,2.0,1.627349e-05,0.01
3.427505999999994,2.0,2.0,1.62071e-05,0.01
3.4321865000000003,2.0,2.0,1.614085e-05,0.01
3.43692089999999,2.0,2.0,1.607098e-05,0.01
3.4414059000000066,2.0,2.0,1.60033e-05,0.01
3.4460164999999847,2.0,2.0,1.593996e-05,0.01
3.4506992999999966,2.0,2.0,1.587254e-05,0.01
3.45529479999999,2.0,2.0,1.580777e-05,0.01
3.4601225000000113,2.0,2.0,1.57379e-05,0.01
3.4647986999999887,2.0,2.0,1.567281e-05,0.01
3.4694955999999877,2.0,2.0,1.560862e-05,0.01
3.474225600000011,2.0,2.0,1.554224e-05,0.01
3.478793599999989,2.0,2.0,1.547948e-05,0.01
3.4834764000000007,2.0,2.0,1.541168e-05,0.01
3.4880229999999983,2.0,2.0,1.535054e-05,0.01
3.4926153000000113,2.0,2.0,1.52901e-05,0.01
3.4972324999999955,2.0,2.0,1.522301e-05,0.01
3.50191319999999,2.0,2.0,1.515908e-05,0.01
3.5066383999999857,2.0,2.0,1.509491e-05,0.01
3.511370400000004,2.0,2.0,1.503272e-05,0.01
3.5159716000000003,2.0,2.0,1.496971e-05,0.01
3.520688100000001,2.0,2.0,1.489913e-05,0.01
3.525631699999991,2.0,2.0,1.484219e-05,0.01
3.530239300000005,2.0,2.0,1.478233e-05,0.01
3.534983000000011,2.0,2.0,1.471758e-05,0.01
3.5393432999999845,2.0,2.0,1.466168e-05,0.01
3.5436388999999906,2.0,2.0,1.460577e-05,0.01
3.548126599999989,2.0,2.0,1.454883e-05,0.01
3.5523987999999918,2.0,2.0,1.449409e-05,0.01
3.5568137999999863,2.0,2.0,1.443586e-05,0.01
3.561304199999995,2.0,2.0,1.437705e-05,0.01
3.565680399999991,2.0,2.0,1.432184e-05,0.01
3.5700611000000038,2.0,2.0,1.426524e-05,0.01
3.574615999999992,2.0,2.0,1.42076e-05,0.01
3.578967199999994,2.0,2.0,1.415356e-05,0.01
3.583221899999984,2.0,2.0,1.409684e-05,0.01
3.5875574000000086,2.0,2.0,1.40456e-05,0.01
3.5925186000000053,2.0,2.0,1.399378e-05,0.01
3.5967815999999857,2.0,2.0,1.393915e-05,0.01
3.601505199999991,2.0,2.0,1.387394e-05,0.01
3.6058818999999858,2.0,2.0,1.381232e-05,0.01
3.610245099999986,2.0,2.0,1.376155e-05,0.01
3.614551000000006,2.0,2.0,1.372312e-05,0.01
3.6187955999999986,2.0,2.0,1.367071e-05,0.01
3.6230799999999874,2.0,2.0,1.360153e-05,0.01
3.6276325000000043,2.0,2.0,1.355134e-05,0.01
3.632132299999995,2.0,2.0,1.349591e-05,0.01
3.636695799999984,2.0,2.0,1.345118e-05,0.01
3.6411468999999954,2.0,2.0,1.338654e-05,0.01
3.645702,2.0,2.0,1.333578e-05,0.01
3.6501843000000065,2.0,2.0,1.328242e-05,0.01
3.6547630000000026,2.0,2.0,1.322768e-05,0.01
3.659074099999998,2.0,2.0,1.317633e-05,0.01
3.663499999999999,2.0,2.0,1.312451e-05,0.01
3.6680325000000096,2.0,2.0,1.30721e-05,0.01
3.6725792999999953,2.0,2.0,1.302213e-05,0.01
3.6771697000000074,2.0,2.0,1.29666e-05,0.01
3.6816981000000055,2.0,2.0,1.291196e-05,0.01
3.6861591999999916,2.0,2.0,1.286644e-05,0.01
3.690530499999994,2.0,2.0,1.281578e-05,0.01
3.6948883999999964,2.0,2.0,1.276454e-05,0.01
3.6993440999999905,2.0,2.0,1.271515e-05,0.01
3.703790199999986,2.0,2.0,1.266157e-05,0.01
3.7083015000000046,2.0,2.0,1.261372e-05,0.01
3.7128245000000106,2.0,2.0,1.256491e-05,0.01
3.717340500000006,2.0,2.0,1.251134e-05,0.01
3.7217520000000093,2.0,2.0,1.246058e-05,0.01
3.7263982000000055,2.0,2.0,1.240943e-05,0.01
3.731106799999992,2.0,2.0,1.235926e-05,0.01
3.735671499999995,2.0,2.0,1.230733e-05,0.01
3.7402114999999867,2.0,2.0,1.225803e-05,0.01
3.744869200000011,2.0,2.0,1.220728e-05,0.01
3.7495237999999915,2.0,2.0,1.215962e-05,0.01
3.754183000000012,2.0,2.0,1.211071e-05,0.01
3.7587522000000035,2.0,2.0,1.205995e-05,0.01
3.763394599999998,2.0,2.0,1.200939e-05,0.01
3.767900999999995,2.0,2.0,1.19629e-05,0.01
3.772642300000001,2.0,2.0,1.191632e-05,0.01
3.7772186999999917,2.0,2.0,1.186333e-05,0.01
3.7819241999999917,2.0,2.0,1.181209e-05,0.01
3.7867141000000117,2.0,2.0,1.176356e-05,0.01
3.791446900000011,2.0,2.0,1.171591e-05,0.01
3.7960602999999935,2.0,2.0,1.166641e-05,0.01
3.8007610999999883,2.0,2.0,1.161906e-05,0.01
3.8053093999999987,2.0,2.0,1.157159e-05,0.01
3.8100774000000115,2.0,2.0,1.152491e-05,0.01
3.814593699999989,2.0,2.0,1.147658e-05,0.01
3.8193392000000017,2.0,2.0,1.142816e-05,0.01
3.824017800000007,2.0,2.0,1.138409e-05,0.01
3.8286793000000046,2.0,2.0,1.133624e-05,0.01
3.83317439999999,2.0,2.0,1.129432e-05,0.01
3.8376567999999907,2.0,2.0,1.124482e-05,0.01
3.8423661999999865,2.0,2.0,1.119698e-05,0.01
3.846990799999986,2.0,2.0,1.115233e-05,0.01
3.8517577000000074,2.0,2.0,1.110807e-05,0.01
3.8563782999999887,2.0,2.0,1.106265e-05,0.01
3.8610282999999868,2.0,2.0,1.101531e-05,0.01
3.865606799999995,2.0,2.0,1.097347e-05,0.01
3.870242300000001,2.0,2.0,1.092747e-05,0.01
3.875004600000011,2.0,2.0,1.087972e-05,0.01
3.8797122999999942,2.0,2.0,1.083546e-05,0.01
3.8844224000000054,2.0,2.0,1.07917e-05,0.01
3.8891187000000116,2.0,2.0,1.074404e-05,0.01
3.893708199999992,2.0,2.0,1.070395e-05,0.01
3.898427499999997,2.0,2.0,1.065786e-05,0.01
3.903125100000011,2.0,2.0,1.06141e-05,0.01
3.9076921999999854,2.0,2.0,1.057217e-05,0.01
3.912061599999987,2.0,2.0,1.053557e-05,0.01
3.9166065000000003,2.0,2.0,1.049065e-05,0.01
3.921189599999991,2.0,2.0,1.044573e-05,0.01
3.9257670000000076,2.0,2.0,1.040688e-05,0.01
3.9300943000000075,2.0,2.0,1.036845e-05,0.01
3.934650199999993,2.0,2.0,1.032594e-05,0.01
3.939131599999996,2.0,2.0,1.028393e-05,0.01
3.9436463000000117,2.0,2.0,1.024326e-05,0.01
3.9481705000000034,2.0,2.0,1.020599e-05,0.01
3.952586700000012,2.0,2.0,1.016514e-05,0.01
3.9570481000000086,2.0,2.0,1.012513e-05,0.01
3.9615373999999974,2.0,2.0,1.008379e-05,0.01
3.9660532000000046,2.0,2.0,1.004644e-05,0.01
3.9706634000000065,2.0,2.0,1.000335e-05,0.01
3.975465700000001,2.0,2.0,8.186802e-06,0.01
4.204249099999998,2.0,2.0,8.153901e-06,0.01
4.20872,2.0,2.0,8.123356e-06,0.01
4.213247300000006,2.0,2.0,8.093321e-06,0.01
4.217862700000012,2.0,2.0,8.057111e-06,0.01
4.222525700000006,2.0,2.0,8.022362e-06,0.01
4.227402399999988,2.0,2.0,7.989971e-06,0.01
4.2322513999999956,2.0,2.0,7.957961e-06,0.01
4.2370625000000075,2.0,2.0,7.924171e-06,0.01
4.241893000000005,2.0,2.0,7.888151e-06,0.01
4.24682390000001,2.0,2.0,7.857479e-06,0.01
4.251650399999988,2.0,2.0,7.825405e-06,0.01
4.256510800000001,2.0,2.0,7.791932e-06,0.01
4.261178599999994,2.0,2.0,7.760051e-06,0.01
4.2658652000000075,2.0,2.0,7.729123e-06,0.01
4.270568400000002,2.0,2.0,7.698068e-06,0.01
4.275320800000003,2.0,2.0,7.665676e-06,0.01
4.280270099999996,2.0,2.0,7.631505e-06,0.01
4.284992399999993,2.0,2.0,7.593194e-06,0.01
4.291232699999995,2.0,2.0,7.561439e-06,0.01
4.296120099999996,2.0,2.0,7.52911e-06,0.01
4.30097219999999,2.0,2.0,7.496339e-06,0.01
4.3058824000000016,2.0,2.0,7.466617e-06,0.01
4.3107564999999965,2.0,2.0,7.436644e-06,0.01
4.315581299999991,2.0,2.0,7.404575e-06,0.01
4.320918699999993,2.0,2.0,7.368489e-06,0.01
4.325580000000002,2.0,2.0,7.341451e-06,0.01
4.330433999999997,2.0,2.0,7.311852e-06,0.01
4.3352636999999845,2.0,2.0,7.279719e-06,0.01
4.340162700000008,2.0,2.0,7.247196e-06,0.01
4.3449918000000025,2.0,2.0,7.218877e-06,0.01
4.349862099999996,2.0,2.0,7.189296e-06,0.01
4.354740599999985,2.0,2.0,7.159567e-06,0.01
4.359575799999988,2.0,2.0,7.129149e-06,0.01
4.364262300000007,2.0,2.0,7.100009e-06,0.01
4.369070599999986,2.0,2.0,7.072263e-06,0.01
4.373711600000007,2.0,2.0,7.044136e-06,0.01
4.378644500000007,2.0,2.0,7.01219e-06,0.01
4.383471399999991,2.0,2.0,6.982528e-06,0.01
4.388386099999991,2.0,2.0,6.955164e-06,0.01
4.39326299999999,2.0,2.0,6.927999e-06,0.01
4.398194200000006,2.0,2.0,6.896244e-06,0.01
4.403030400000006,2.0,2.0,6.865181e-06,0.01
4.407760499999995,2.0,2.0,6.840625e-06,0.01
4.4126263999999935,2.0,2.0,6.813579e-06,0.01
4.417408899999998,2.0,2.0,6.784187e-06,0.01
4.422258499999998,2.0,2.0,6.754342e-06,0.01
4.427080700000005,2.0,2.0,6.728043e-06,0.01
4.431960099999998,2.0,2.0,6.701333e-06,0.01
4.436786299999994,2.0,2.0,6.672605e-06,0.01
4.441445200000004,2.0,2.0,6.644633e-06,0.01
4.446190800000011,2.0,2.0,6.619805e-06,0.01
4.451044700000011,2.0,2.0,6.592696e-06,0.01
4.455737400000004,2.0,2.0,6.566149e-06,0.01
4.4605967999999905,2.0,2.0,6.536123e-06,0.01
4.4654007000000036,2.0,2.0,6.51175e-06,0.01
4.470097799999991,2.0,2.0,6.486041e-06,0.01
4.474911999999989,2.0,2.0,6.459429e-06,0.01
4.479643600000003,2.0,2.0,6.434727e-06,0.01
4.484345399999995,2.0,2.0,6.406251e-06,0.01
4.489282500000002,2.0,2.0,6.380253e-06,0.01
4.494125700000012,2.0,2.0,6.355076e-06,0.01
4.498816699999992,2.0,2.0,6.3277e-06,0.01
4.5035191999999995,2.0,2.0,6.301023e-06,0.01
4.508129700000012,2.0,2.0,6.278508e-06,0.01
4.512968999999998,2.0,2.0,6.254899e-06,0.01
4.517899400000005,2.0,2.0,6.226567e-06,0.01
4.52277269999999,2.0,2.0,6.198503e-06,0.01
4.527602099999996,2.0,2.0,6.174474e-06,0.01
4.532248399999986,2.0,2.0,6.151247e-06,0.01
4.5370617000000095,2.0,2.0,6.125779e-06,0.01
4.5418525000000045,2.0,2.0,6.099829e-06,0.01
4.546652399999999,2.0,2.0,6.076728e-06,0.01
4.551480900000001,2.0,2.0,6.051592e-06,0.01
4.556361100000004,2.0,2.0,6.025422e-06,0.01
4.561259799999988,2.0,2.0,5.999664e-06,0.01
4.566164200000003,2.0,2.0,5.976152e-06,0.01
4.571041699999995,2.0,2.0,5.953385e-06,0.01
4.575813600000004,2.0,2.0,5.927612e-06,0.01
4.580703199999988,2.0,2.0,5.900884e-06,0.01
4.585698199999996,2.0,2.0,5.877863e-06,0.01
4.590537699999999,2.0,2.0,5.855702e-06,0.01
4.595356299999992,2.0,2.0,5.834892e-06,0.01
4.600098900000006,2.0,2.0,5.797266e-06,0.01
4.604934200000002,2.0,2.0,5.779209e-06,0.01
4.609787399999988,2.0,2.0,5.758574e-06,0.01
4.614597900000007,2.0,2.0,5.744498e-06,0.01
4.619463599999989,2.0,2.0,5.717498e-06,0.01
4.624335299999984,2.0,2.0,5.691535e-06,0.01
4.629189800000006,2.0,2.0,5.667589e-06,0.01
4.634008300000005,2.0,2.0,5.637271e-06,0.01
4.638788000000005,2.0,2.0,5.620134e-06,0.01
4.643782499999986,2.0,2.0,5.587234e-06,0.01
4.649843599999997,2.0,2.0,5.567088e-06,0.01
4.6546515,2.0,2.0,5.54197e-06,0.01
4.660067300000009,2.0,2.0,5.518952e-06,0.01
4.664915399999984,2.0,2.0,5.497296e-06,0.01
4.669756400000011,2.0,2.0,5.474069e-06,0.01
4.674435499999987,2.0,2.0,5.453895e-06,0.01
4.679214800000011,2.0,2.0,5.43126e-06,0.01
4.6840014,2.0,2.0,5.408116e-06,0.01
4.688820200000009,2.0,2.0,5.388329e-06,0.01
4.693499800000012,2.0,2.0,5.369405e-06,0.01
4.698951999999991,2.0,2.0,5.342021e-06,0.01
4.7042687,2.0,2.0,5.318093e-06,0.01
4.709123500000004,2.0,2.0,5.296393e-06,0.01
4.713966800000009,2.0,2.0,5.27622e-06,0.01
4.718622299999993,2.0,2.0,5.254774e-06,0.01
4.723212600000011,2.0,2.0,5.231525e-06,0.01
4.728013799999985,2.0,2.0,5.213431e-06,0.01
4.732738100000006,2.0,2.0,5.193979e-06,0.01
4.7373838999999975,2.0,2.0,5.172067e-06,0.01
4.7422836000000075,2.0,2.0,5.150027e-06,0.01
4.747115799999989,2.0,2.0,5.13136e-06,0.01
4.751799299999988,2.0,2.0,5.111039e-06,0.01
4.756633700000009,2.0,2.0,5.089148e-06,0.01
4.761413699999991,2.0,2.0,5.068171e-06,0.01
4.766292099999987,2.0,2.0,5.049839e-06,0.01
4.771156999999988,2.0,2.0,5.029371e-06,0.01
4.775961599999988,2.0,2.0,5.008734e-06,0.01
4.780668399999996,2.0,2.0,4.98612e-06,0.01
4.7854012999999895,2.0,2.0,4.969448e-06,0.01
4.790162600000002,2.0,2.0,4.949569e-06,0.01
4.794982900000008,2.0,2.0,4.929714e-06,0.01
4.79992630000001,2.0,2.0,4.909311e-06,0.01
4.804616399999986,2.0,2.0,4.88948e-06,0.01
4.809006399999987,2.0,2.0,4.873459e-06,0.01
4.813196799999986,2.0,2.0,4.857359e-06,0.01
4.81742460000001,2.0,2.0,4.838507e-06,0.01
4.8216567000000055,2.0,2.0,4.820449e-06,0.01
4.8258837999999855,2.0,2.0,4.805112e-06,0.01
4.830128400000007,2.0,2.0,4.78751e-06,0.01
4.834599499999996,2.0,2.0,4.770787e-06,0.01
4.839139200000005,2.0,2.0,4.751085e-06,0.01
4.843547900000004,2.0,2.0,4.731573e-06,0.01
4.847864399999992,2.0,2.0,4.717382e-06,0.01
4.852370500000006,2.0,2.0,4.70132e-06,0.01
4.856908699999991,2.0,2.0,4.681274e-06,0.01
4.861465199999998,2.0,2.0,4.663074e-06,0.01
4.865991799999989,2.0,2.0,4.647381e-06,0.01
4.87048630000001,2.0,2.0,4.629766e-06,0.01
4.874993399999994,2.0,2.0,4.61289e-06,0.01
4.879498600000005,2.0,2.0,4.594627e-06,0.01
4.883991000000009,2.0,2.0,4.576044e-06,0.01
4.8883869999999945,2.0,2.0,4.561509e-06,0.01
4.892703699999998,2.0,2.0,4.546745e-06,0.01
4.897242500000004,2.0,2.0,4.527871e-06,0.01
4.901876999999985,2.0,2.0,4.509162e-06,0.01
4.906493600000005,2.0,2.0,4.493571e-06,0.01
4.911007600000005,2.0,2.0,4.477344e-06,0.01
4.915544899999986,2.0,2.0,4.45988e-06,0.01
4.920092000000011,2.0,2.0,4.443616e-06,0.01
4.92469650000001,2.0,2.0,4.425197e-06,0.01
4.929386899999997,2.0,2.0,4.409379e-06,0.01
4.934078699999986,2.0,2.0,4.393761e-06,0.01
4.938674700000007,2.0,2.0,4.37508e-06,0.01
4.943310099999991,2.0,2.0,4.356278e-06,0.01
4.947948400000001,2.0,2.0,4.341861e-06,0.01
4.952560000000005,2.0,2.0,4.32627e-06,0.01
4.957053400000007,2.0,2.0,4.30925e-06,0.01
4.9615804000000026,2.0,2.0,4.291912e-06,0.01
4.966292399999986,2.0,2.0,4.276922e-06,0.01
4.97086920000001,2.0,2.0,4.261522e-06,0.01
4.975523199999998,2.0,2.0,4.240967e-06,0.01
4.980915699999997,2.0,2.0,4.223369e-06,0.01
4.985379800000004,2.0,2.0,4.210231e-06,0.01
4.9900156999999865,2.0,2.0,4.193048e-06,0.01
4.994764900000007,2.0,2.0,4.178157e-06,0.01
4.999408899999992,2.0,2.0,4.160911e-06,0.01
5.003948199999996,2.0,2.0,4.143823e-06,0.01
5.008539100000007,2.0,2.0,4.131286e-06,0.01
5.013192400000008,2.0,2.0,4.116714e-06,0.01
5.017804799999993,2.0,2.0,4.099692e-06,0.01
5.022274500000009,2.0,2.0,4.083083e-06,0.01
5.026678699999991,2.0,2.0,4.069846e-06,0.01
5.031074200000006,2.0,2.0,4.055846e-06,0.01
5.035586499999994,2.0,2.0,4.040859e-06,0.01
5.040153199999992,2.0,2.0,4.025777e-06,0.01
5.044787899999989,2.0,2.0,4.008786e-06,0.01
5.049435499999987,2.0,2.0,3.994277e-06,0.01
5.054287499999987,2.0,2.0,3.979385e-06,0.01
5.058955400000002,0.0,0.0,-0.0001920753,0.01
5.217048599999998,0.0,0.0,-0.000191074,0.01
5.222148199999992,0.0,0.0,-0.0001901034,0.01
5.2272514,0.0,0.0,-0.0001891354,0.01
5.232365899999991,0.0,0.0,-0.0001881691,0.01
5.237326899999999,0.0,0.0,-0.0001872566,0.01
5.242356400000006,0.0,0.0,-0.0001863077,0.01
5.2474566999999865,0.0,0.0,-0.0001853748,0.01
5.252393100000006,0.0,0.0,-0.000184484,0.01
5.257324000000011,0.0,0.0,-0.0001835789,0.01
5.262562199999991,0.0,0.0,-0.0001826285,0.01
5.267495099999991,0.0,0.0,-0.0001817465,0.01
5.272560900000002,0.0,0.0,-0.0001808398,0.01
5.277618999999987,0.0,0.0,-0.0001799433,0.01
5.2825334000000055,0.0,0.0,-0.0001790919,0.01
5.287410200000011,0.0,0.0,-0.0001779072,0.01
5.294237899999985,0.0,0.0,-0.0001770223,0.01
5.299222100000009,0.0,0.0,-0.0001761811,0.01
5.304226599999993,0.0,0.0,-0.0001753049,0.01
5.309246000000002,0.0,0.0,-0.0001744492,0.01
5.31427930000001,0.0,0.0,-0.0001735701,0.01
5.319319299999989,0.0,0.0,-0.0001727435,0.01
5.324221999999992,0.0,0.0,-0.0001718877,0.01
5.329294000000004,0.0,0.0,-0.0001710494,0.01
5.33425410000001,0.0,0.0,-0.0001702621,0.01
5.339055500000001,0.0,0.0,-0.0001694238,0.01
5.344293599999986,0.0,0.0,-0.0001685725,0.01
5.349391400000002,0.0,0.0,-0.0001677383,0.01
5.354476500000004,0.0,0.0,-0.0001669192,0.01
5.3595201999999915,0.0,0.0,-0.0001660675,0.01
5.364709099999999,0.0,0.0,-0.0001652569,0.01
5.369602299999997,0.0,0.0,-0.0001644755,0.01
5.3746486999999945,0.0,0.0,-0.0001636385,0.01
5.379741800000005,0.0,0.0,-0.0001628629,0.01
5.384769900000009,0.0,0.0,-0.0001620551,0.01
5.389612900000003,0.0,0.0,-0.0001613319,0.01
5.3943438999999955,0.0,0.0,-0.000160588,0.01
5.3990758999999855,0.0,0.0,-0.000159859,0.01
5.403808099999992,0.0,0.0,-0.0001591313,0.01
5.408376099999998,0.0,0.0,-0.0001584269,0.01
5.412943899999988,0.0,0.0,-0.0001577225,0.01
5.417572799999988,0.0,0.0,-0.0001570136,0.01
5.422313000000003,0.0,0.0,-0.0001563021,0.01
5.4270262,0.0,0.0,-0.0001555827,0.01
5.431767199999996,0.0,0.0,-0.0001548758,0.01
5.436516899999987,0.0,0.0,-0.0001541668,0.01
5.441229599999986,0.0,0.0,-0.000153467,0.01
5.445954999999998,0.0,0.0,-0.0001527568,0.01
5.450576699999999,0.0,0.0,-0.0001520827,0.01
5.455192000000011,0.0,0.0,-0.00015139,0.01
5.459902800000009,0.0,0.0,-0.0001507134,0.01
5.46463589999999,0.0,0.0,-0.0001500323,0.01
5.4693307999999945,0.0,0.0,-0.0001493291,0.01
5.474130500000001,0.0,0.0,-0.0001486526,0.01
5.478809299999995,0.0,0.0,-0.0001479669,0.01
5.483471900000012,0.0,0.0,-0.0001473277,0.01
5.488230999999985,0.0,0.0,-0.0001466396,0.01
5.492960899999986,0.0,0.0,-0.0001459713,0.01
5.497752200000008,0.0,0.0,-0.0001453006,0.01
5.502363599999995,0.0,0.0,-0.0001446591,0.01
5.507232299999998,0.0,0.0,-0.0001439803,0.01
5.511935499999993,0.0,0.0,-0.0001433154,0.01
5.516634600000003,0.0,0.0,-0.0001426623,0.01
5.521380899999997,0.0,0.0,-0.0001420335,0.01
5.526096999999993,0.0,0.0,-0.0001413827,0.01
5.530834199999987,0.0,0.0,-0.0001407354,0.01
5.535588099999984,0.0,0.0,-0.0001400787,0.01
5.540360899999996,0.0,0.0,-0.0001394488,0.01
5.545098899999999,0.0,0.0,-0.0001388037,0.01
5.549710500000003,0.0,0.0,-0.0001382077,0.01
5.5543634,0.0,0.0,-0.0001375812,0.01
5.559133000000003,0.0,0.0,-0.0001369583,0.01
5.563821200000007,0.0,0.0,-0.0001363459,0.01
5.568551100000008,0.0,0.0,-0.0001357183,0.01
5.573305599999998,0.0,0.0,-0.0001351001,0.01
5.578026899999998,0.0,0.0,-0.000134483,0.01
5.582746499999985,0.0,0.0,-0.0001338681,0.01
5.587458599999991,0.0,0.0,-0.0001332732,0.01
5.59216459999999,0.0,0.0,-0.0001326794,0.01
5.596803999999992,0.0,0.0,-0.0001320751,0.01
5.6015284000000065,0.0,0.0,-0.0001314744,0.01
5.606273600000009,0.0,0.0,-0.0001308912,0.01
5.611093600000004,0.0,0.0,-0.000130281,0.01
5.615824799999984,0.0,0.0,-0.000129693,0.01
5.620399999999989,0.0,0.0,-0.0001291156,0.01
5.625048099999987,0.0,0.0,-0.0001285451,0.01
5.629688299999998,0.0,0.0,-0.0001279677,0.01
5.634457400000002,0.0,0.0,-0.000127376,0.01
5.639185099999992,0.0,0.0,-0.0001268267,0.01
5.643886399999985,0.0,0.0,-0.0001262572,0.01
5.64861830000001,0.0,0.0,-0.0001256703,0.01
5.653349099999986,0.0,0.0,-0.0001250892,0.01
5.657946100000004,0.0,0.0,-0.0001245574,0.01
5.662484799999987,0.0,0.0,-0.0001240159,0.01
5.667111900000009,0.0,0.0,-0.0001234571,0.01
5.671898699999986,0.0,0.0,-0.0001228808,0.01
5.676493599999986,0.0,0.0,-0.0001223578,0.01
5.68117860000001,0.0,0.0,-0.0001218106,0.01
5.685937599999988,0.0,0.0,-0.0001212449,0.01
5.690645399999994,0.0,0.0,-0.0001206987,0.01
5.695237899999995,0.0,0.0,-0.0001201737,0.01
5.6999414,0.0,0.0,-0.0001196382,0.01
5.704549100000008,0.0,0.0,-0.0001191152,0.01
5.709235299999989,0.0,0.0,-0.0001185728,0.01
5.713999300000012,0.0,0.0,-0.0001180314,0.01
5.718628599999988,0.0,0.0,-0.0001175026,0.01
5.723387900000006,0.0,0.0,-0.0001169729,0.01
5.727996099999984,0.0,0.0,-0.0001164538,0.01
5.732685599999996,0.0,0.0,-0.0001159008,0.01
5.737769399999991,0.0,0.0,-0.0001153826,0.01
5.742562700000008,0.0,0.0,-0.0001148529,0.01
5.747396199999997,0.0,0.0,-0.0001143124,0.01
5.752148699999992,0.0,0.0,-0.000113805,0.01
5.756888000000004,0.0,0.0,-0.0001132811,0.01
5.761653599999988,0.0,0.0,-0.0001127862,0.01
5.76626730000001,0.0,0.0,-0.0001122749,0.01
5.770916,0.0,0.0,-0.0001117742,0.01
5.775688800000012,0.0,0.0,-0.0001112668,0.01
5.7805529000000035,0.0,0.0,-0.0001107089,0.01
5.785749399999986,0.0,0.0,-0.0001101966,0.01
5.790497799999997,0.0,0.0,-0.0001097076,0.01
5.795233300000007,0.0,0.0,-0.0001092177,0.01
5.799976999999984,0.0,0.0,-0.0001087121,0.01
5.8047732,0.0,0.0,-0.0001082513,0.01
5.809359599999993,0.0,0.0,-0.0001077681,0.01
5.8138891000000115,0.0,0.0,-0.0001073091,0.01
5.818564600000002,0.0,0.0,-0.000106825,0.01
5.823349799999988,0.0,0.0,-0.000106341,0.01
5.828100599999999,0.0,0.0,-0.0001058528,0.01
5.832904600000006,0.0,0.0,-0.0001053772,0.01
5.837630499999989,0.0,0.0,-0.0001049047,0.01
5.842352000000005,0.0,0.0,-0.0001044265,0.01
5.847070599999995,0.0,0.0,-0.0001039666,0.01
5.851776599999994,0.0,0.0,-0.0001035009,0.01
5.856401000000005,0.0,0.0,-0.0001030477,0.01
5.8610501,0.0,0.0,-0.0001025878,0.01
5.865755500000006,0.0,0.0,-0.0001021329,0.01
5.870319300000006,0.0,0.0,-0.0001016962,0.01
5.875041100000004,0.0,0.0,-0.0001012247,0.01
5.8797223999999915,0.0,0.0,-0.0001007931,0.01
5.884445699999986,0.0,0.0,-0.0001003232,0.01
5.889087399999994,0.0,0.0,-9.757603e-05,0.01
5.973008399999998,0.0,0.0,-9.710844e-05,0.01
5.977877299999989,0.0,0.0,-9.664026e-05,0.01
5.982715299999995,0.0,0.0,-9.619653e-05,0.01
5.987629199999986,0.0,0.0,-9.573806e-05,0.01
5.992675099999985,0.0,0.0,-9.526657e-05,0.01
5.997787299999999,0.0,0.0,-9.480557e-05,0.01
6.00284289999999,0.0,0.0,-9.434553e-05,0.01
6.007821299999989,0.0,0.0,-9.388921e-05,0.01
6.012952799999994,0.0,0.0,-9.342878e-05,0.01
6.01793889999999,0.0,0.0,-9.299204e-05,0.01
6.022954499999997,0.0,0.0,-9.254249e-05,0.01
6.028427800000003,0.0,0.0,-9.206208e-05,0.01
6.033216699999997,0.0,0.0,-9.165479e-05,0.01
6.037749899999994,0.0,0.0,-9.126256e-05,0.01
6.042166000000009,0.0,0.0,-9.089205e-05,0.01
6.046497499999987,0.0,0.0,-9.051328e-05,0.01
6.050806899999998,0.0,0.0,-9.011132e-05,0.01
6.055687699999993,0.0,0.0,-8.971316e-05,0.01
6.060161899999997,0.0,0.0,-8.931763e-05,0.01
6.0646620999999925,0.0,0.0,-8.895368e-05,0.01
6.069012999999984,0.0,0.0,-8.858507e-05,0.01
6.073499999999996,0.0,0.0,-8.819872e-05,0.01
6.078061599999984,0.0,0.0,-8.781699e-05,0.01
6.082397700000001,0.0,0.0,-8.745653e-05,0.01
6.087000999999987,0.0,0.0,-8.707291e-05,0.01
6.091584299999994,0.0,0.0,-8.668671e-05,0.01
6.096189600000002,0.0,0.0,-8.63124e-05,0.01
6.100789599999985,0.0,0.0,-8.592213e-05,0.01
6.105336999999992,0.0,0.0,-8.556819e-05,0.01
6.109959299999986,0.0,0.0,-8.518433e-05,0.01
6.114592700000003,0.0,0.0,-8.480001e-05,0.01
6.119180599999993,0.0,0.0,-8.444829e-05,0.01
6.1238818999999864,0.0,0.0,-8.405988e-05,0.01
6.128435700000011,0.0,0.0,-8.369933e-05,0.01
6.132994400000001,0.0,0.0,-8.334489e-05,0.01
6.137563400000005,0.0,0.0,-8.297493e-05,0.01
6.142053099999998,0.0,0.0,-8.264145e-05,0.01
6.14656500000001,0.0,0.0,-8.227101e-05,0.01
6.151114000000007,0.0,0.0,-8.190814e-05,0.01
6.155684799999989,0.0,0.0,-8.155009e-05,0.01
6.160413299999988,0.0,0.0,-8.118615e-05,0.01
6.165111599999989,0.0,0.0,-8.08222e-05,0.01
6.169699500000007,0.0,0.0,-8.047171e-05,0.01
6.174410200000011,0.0,0.0,-8.010762e-05,0.01
6.179103199999986,0.0,0.0,-7.975714e-05,0.01
6.183815399999986,0.0,0.0,-7.940199e-05,0.01
6.188441399999988,0.0,0.0,-7.904497e-05,0.01
6.193106,0.0,0.0,-7.869906e-05,0.01
6.1976966999999945,0.0,0.0,-7.836593e-05,0.01
6.2021595999999874,0.0,0.0,-7.803756e-05,0.01
6.20669749999999,0.0,0.0,-7.76969e-05,0.01
6.211259399999989,0.0,0.0,-7.735741e-05,0.01
6.215909000000011,0.0,0.0,-7.702084e-05,0.01
6.220359699999989,0.0,0.0,-7.669943e-05,0.01
6.224913200000003,0.0,0.0,-7.63663e-05,0.01
6.229430100000002,0.0,0.0,-7.603788e-05,0.01
6.234004699999986,0.0,0.0,-7.57048e-05,0.01
6.238616900000011,0.0,0.0,-7.538397e-05,0.01
6.2431622999999945,0.0,0.0,-7.505435e-05,0.01
6.24764429999999,0.0,0.0,-7.473405e-05,0.01
6.252071000000001,0.0,0.0,-7.442314e-05,0.01
6.256533600000012,0.0,0.0,-7.410633e-05,0.01
6.260919800000011,0.0,0.0,-7.380352e-05,0.01
6.26547690000001,0.0,0.0,-7.348442e-05,0.01
6.27004740000001,0.0,0.0,-7.316414e-05,0.01
6.2746356000000105,0.0,0.0,-7.284329e-05,0.01
6.2792512999999985,0.0,0.0,-7.252942e-05,0.01
6.283703299999985,0.0,0.0,-7.222487e-05,0.01
6.288320099999993,0.0,0.0,-7.191042e-05,0.01
6.292880700000012,0.0,0.0,-7.160237e-05,0.01
6.297368199999994,0.0,0.0,-7.129549e-05,0.01
6.301961299999988,0.0,0.0,-7.098627e-05,0.01
6.306612199999989,0.0,0.0,-7.067183e-05,0.01
6.311230999999992,0.0,0.0,-7.036611e-05,0.01
6.315677099999988,0.0,0.0,-7.006855e-05,0.01
6.3202751000000035,0.0,0.0,-6.976866e-05,0.01
6.324841499999991,0.0,0.0,-6.946934e-05,0.01
6.329456399999998,0.0,0.0,-6.916306e-05,0.01
6.334078299999987,0.0,0.0,-6.886196e-05,0.01
6.338616800000011,0.0,0.0,-6.857144e-05,0.01
6.343291099999988,0.0,0.0,-6.826686e-05,0.01
6.347898600000008,0.0,0.0,-6.796758e-05,0.01
6.352500099999986,0.0,0.0,-6.767111e-05,0.01
6.356909400000006,0.0,0.0,-6.739164e-05,0.01
6.361484700000005,0.0,0.0,-6.710401e-05,0.01
6.365968399999986,0.0,0.0,-6.681631e-05,0.01
6.370522899999997,0.0,0.0,-6.653048e-05,0.01
6.375095700000003,0.0,0.0,-6.62387e-05,0.01
6.3797044000000085,0.0,0.0,-6.595569e-05,0.01
6.38430790000001,0.0,0.0,-6.567094e-05,0.01
6.388878900000009,0.0,0.0,-6.53873e-05,0.01
6.393287200000003,0.0,0.0,-6.511292e-05,0.01
6.3978137,0.0,0.0,-6.483468e-05,0.01
6.402432199999993,0.0,0.0,-6.455406e-05,0.01
6.4070317000000045,0.0,0.0,-6.427222e-05,0.01
6.411608400000006,0.0,0.0,-6.399679e-05,0.01
6.416217399999994,0.0,0.0,-6.371554e-05,0.01
6.420792299999988,0.0,0.0,-6.344243e-05,0.01
6.42532940000001,0.0,0.0,-6.317159e-05,0.01
6.429929499999986,0.0,0.0,-6.289731e-05,0.01
6.434541700000011,0.0,0.0,-6.262246e-05,0.01
6.439116299999995,0.0,0.0,-6.235401e-05,0.01
6.443685999999985,0.0,0.0,-6.208782e-05,0.01
6.448294500000003,0.0,0.0,-6.182069e-05,0.01
6.45281030000001,0.0,0.0,-6.155515e-05,0.01
6.457215600000012,0.0,0.0,-6.129769e-05,0.01
6.461800600000004,0.0,0.0,-6.103498e-05,0.01
6.466397199999989,0.0,0.0,-6.076903e-05,0.01
6.470809299999985,0.0,0.0,-6.051331e-05,0.01
6.475473999999991,0.0,0.0,-6.024768e-05,0.01
6.480101099999985,0.0,0.0,-5.998748e-05,0.01
6.484595100000007,0.0,0.0,-5.973708e-05,0.01
6.489240499999994,0.0,0.0,-5.947426e-05,0.01
6.4937089000000014,0.0,0.0,-5.922348e-05,0.01
6.498334699999987,0.0,0.0,-5.896609e-05,0.01
6.5030108999999925,0.0,0.0,-5.87121e-05,0.01
6.5074578999999915,0.0,0.0,-5.846705e-05,0.01
6.511781600000006,0.0,0.0,-5.822153e-05,0.01
6.516433699999993,0.0,0.0,-5.796869e-05,0.01
6.521029999999996,0.0,0.0,-5.771644e-05,0.01
6.525630400000011,0.0,0.0,-5.746942e-05,0.01
6.530248499999999,0.0,0.0,-5.721926e-05,0.01
6.534689299999997,0.0,0.0,-5.697643e-05,0.01
6.53927139999999,0.0,0.0,-5.673453e-05,0.01
6.543757099999993,0.0,0.0,-5.649719e-05,0.01
6.548448000000008,0.0,0.0,-5.624725e-05,0.01
6.553042799999986,0.0,0.0,-5.600326e-05,0.01
6.557524300000011,0.0,0.0,-5.576742e-05,0.01
6.562153599999988,0.0,0.0,-5.552415e-05,0.01
6.56670969999999,0.0,0.0,-5.529212e-05,0.01
6.571235900000005,0.0,0.0,-5.505014e-05,0.01
6.575862300000011,0.0,0.0,-5.481417e-05,0.01
6.580350799999991,0.0,0.0,-5.458343e-05,0.01
6.584918299999998,0.0,0.0,-5.435065e-05,0.01
6.589403699999991,0.0,0.0,-5.41183e-05,0.01
6.594011200000011,0.0,0.0,-5.389309e-05,0.01
6.598592499999995,0.0,0.0,-5.365361e-05,0.01
6.60317169999999,0.0,0.0,-5.342491e-05,0.01
6.607773600000002,0.0,0.0,-5.31946e-05,0.01
6.6123389999999915,0.0,0.0,-5.297347e-05,0.01
6.6169127,0.0,0.0,-5.273705e-05,0.01
6.621516299999996,0.0,0.0,-5.250136e-05,0.01
6.6261050999999895,0.0,0.0,-5.228459e-05,0.01
6.630695900000006,0.0,0.0,-5.205515e-05,0.01
6.635308699999996,0.0,0.0,-5.183795e-05,0.01
6.6399523000000045,0.0,0.0,-5.161667e-05,0.01
6.644551400000012,0.0,0.0,-5.138099e-05,0.01
6.649172800000002,0.0,0.0,-5.116246e-05,0.01
6.653731800000003,0.0,0.0,-5.094235e-05,0.01
6.658291700000007,0.0,0.0,-5.07174e-05,0.01
6.662957900000009,0.0,0.0,-5.050345e-05,0.01
6.667440099999993,0.0,0.0,-5.029073e-05,0.01
6.671977300000009,0.0,0.0,-5.007062e-05,0.01
6.676604999999995,0.0,0.0,-4.985865e-05,0.01
6.681175499999995,0.0,0.0,-4.964418e-05,0.01
6.685810500000002,0.0,0.0,-4.942872e-05,0.01
6.690170499999994,0.0,0.0,-4.922509e-05,0.01
6.694793199999992,0.0,0.0,-4.90112e-05,0.01
6.699356099999989,0.0,0.0,-4.880312e-05,0.01
6.703925199999986,0.0,0.0,-4.859812e-05,0.01
6.708485599999989,0.0,0.0,-4.838889e-05,0.01
6.713081499999987,0.0,0.0,-4.817809e-05,0.01
6.717662200000007,0.0,0.0,-4.797079e-05,0.01
6.722230300000007,0.0,0.0,-4.777454e-05,0.01
6.726529999999997,0.0,0.0,-4.75783e-05,0.01
6.730904100000004,0.0,0.0,-4.738089e-05,0.01
6.735270299999996,0.0,0.0,-4.718369e-05,0.01
6.739894899999996,0.0,0.0,-4.698064e-05,0.01
6.744587800000005,0.0,0.0,-4.677354e-05,0.01
6.749168400000002,0.0,0.0,-4.657168e-05,0.01
6.753752800000001,0.0,0.0,-4.637194e-05,0.01
6.758241199999986,0.0,0.0,-4.617899e-05,0.01
6.762920199999996,0.0,0.0,-4.597576e-05,0.01
6.76755399999999,0.0,0.0,-4.577349e-05,0.01
6.772136799999998,0.0,0.0,-4.557825e-05,0.01
6.776870599999995,0.0,0.0,-4.537751e-05,0.01
6.781605899999988,0.0,0.0,-4.517682e-05,0.01
6.786343899999991,0.0,0.0,-4.497672e-05,0.01
6.7909554999999955,0.0,0.0,-4.478281e-05,0.01
6.7956322,0.0,0.0,-4.458613e-05,0.01
6.80015929999999,0.0,0.0,-4.439885e-05,0.01
6.804887000000008,0.0,0.0,-4.420377e-05,0.01
6.8095618000000115,0.0,0.0,-4.400905e-05,0.01
6.81425329999999,0.0,0.0,-4.381537e-05,0.01
6.818944600000009,0.0,0.0,-4.362285e-05,0.01
6.823661200000004,0.0,0.0,-4.343395e-05,0.01
6.828370599999971,0.0,0.0,-4.323771e-05,0.01
6.832902300000001,0.0,0.0,-4.305637e-05,0.01
6.8376202000000035,0.0,0.0,-4.286619e-05,0.01
6.842194000000006,0.0,0.0,-4.268533e-05,0.01
6.846951600000011,0.0,0.0,-4.249234e-05,0.01
6.851690000000019,0.0,0.0,-4.230391e-05,0.01
6.856441500000017,0.0,0.0,-4.211815e-05,0.01
6.861053400000003,0.0,0.0,-4.19374e-05,0.01
6.865784299999973,0.0,0.0,-4.175246e-05,0.01
6.870510400000001,0.0,0.0,-4.15668e-05,0.01
6.8752231999999935,0.0,0.0,-4.137978e-05,0.01
6.880017699999996,0.0,0.0,-4.120051e-05,0.01
6.884361399999989,0.0,0.0,-4.103946e-05,0.01
6.88858399999998,0.0,0.0,-4.087666e-05,0.01
6.893058300000007,0.0,0.0,-4.070314e-05,0.01
6.897645099999977,0.0,0.0,-4.052902e-05,0.01
6.902229700000021,0.0,0.0,-4.035957e-05,0.01
6.906575400000008,0.0,0.0,-4.019536e-05,0.01
6.911121900000012,0.0,0.0,-4.002416e-05,0.01
6.915442199999973,0.0,0.0,-3.985794e-05,0.01
6.920063299999981,0.0,0.0,-3.969017e-05,0.01
6.924623100000019,0.0,0.0,-3.952253e-05,0.01
6.929235099999971,0.0,0.0,-3.93519e-05,0.01
6.933823399999994,0.0,0.0,-3.918129e-05,0.01
6.93826660000002,0.0,0.0,-3.902089e-05,0.01
6.942843900000014,0.0,0.0,-3.885985e-05,0.01
6.947316300000011,0.0,0.0,-3.869272e-05,0.01
6.951693999999975,0.0,0.0,-3.853026e-05,0.01
6.956191699999977,0.0,0.0,-3.83707e-05,0.01
6.960797200000002,0.0,0.0,-3.820707e-05,0.01
6.9654448,0.0,0.0,-3.803906e-05,0.01
6.970178900000008,0.0,0.0,-3.787022e-05,0.01
6.974910099999988,0.0,0.0,-3.769494e-05,0.01
6.979657099999997,0.0,0.0,-3.753946e-05,0.01
6.98420219999997,0.0,0.0,-3.738395e-05,0.01
6.98871539999999,0.0,0.0,-3.722382e-05,0.01
6.993063399999983,0.0,0.0,-3.707591e-05,0.01
6.99730790000001,0.0,0.0,-3.692947e-05,0.01
7.001684399999988,0.0,0.0,-3.677777e-05,0.01
7.006319899999994,0.0,0.0,-3.661938e-05,0.01
7.010909799999979,0.0,0.0,-3.64607e-05,0.01
7.015478200000018,0.0,0.0,-3.630173e-05,0.01
7.019911900000011,0.0,0.0,-3.615411e-05,0.01
7.024568199999976,0.0,0.0,-3.600213e-05,0.01
7.029367499999978,0.0,0.0,-3.583762e-05,0.01
7.033867100000009,0.0,0.0,-3.56871e-05,0.01
7.038417999999979,0.0,0.0,-3.553802e-05,0.01
7.043005600000015,0.0,0.0,-3.539099e-05,0.01
7.047494799999981,0.0,0.0,-3.523755e-05,0.01
7.052031600000021,0.0,0.0,-3.50879e-05,0.01
7.056559199999981,0.0,0.0,-3.493678e-05,0.01
7.061360400000012,0.0,0.0,-3.477752e-05,0.01
7.0661559000000125,0.0,0.0,-3.462319e-05,0.01
7.070847700000002,0.0,0.0,-3.447354e-05,0.01
7.075665000000015,0.0,0.0,-3.431545e-05,0.01
7.081351799999993,0.0,0.0,-3.413931e-05,0.01
7.085869899999977,0.0,0.0,-3.400247e-05,0.01
7.090362599999992,0.0,0.0,-3.385309e-05,0.01
7.094883600000003,0.0,0.0,-3.371275e-05,0.01
7.099276400000008,0.0,0.0,-3.358145e-05,0.01
7.1036960000000136,0.0,0.0,-3.343005e-05,0.01
7.108055999999976,0.0,0.0,-3.330513e-05,0.01
7.112302800000009,0.0,0.0,-3.317558e-05,0.01
7.116704099999993,0.0,0.0,-3.302974e-05,0.01
7.121035099999972,0.0,0.0,-3.289867e-05,0.01
7.125357000000008,0.0,0.0,-3.277781e-05,0.01
7.129690299999993,0.0,0.0,-3.264478e-05,0.01
7.1339975999999865,0.0,0.0,-3.249862e-05,0.01
7.138274000000024,0.0,0.0,-3.238946e-05,0.01
7.142547700000023,0.0,0.0,-3.226161e-05,0.01
7.146854399999995,0.0,0.0,-3.212477e-05,0.01
7.1511356999999975,0.0,0.0,-3.199666e-05,0.01
7.155436199999997,0.0,0.0,-3.186532e-05,0.01
7.159680499999979,0.0,0.0,-3.174601e-05,0.01
7.163960299999985,0.0,0.0,-3.161874e-05,0.01
7.168281400000012,0.0,0.0,-3.148855e-05,0.01
7.17255160000002,0.0,0.0,-3.136517e-05,0.01
7.176865099999986,0.0,0.0,-3.123939e-05,0.01
7.181180199999972,0.0,0.0,-3.111478e-05,0.01
7.185462099999995,0.0,0.0,-3.099308e-05,0.01
7.18975469999998,0.0,0.0,-3.086904e-05,0.01
7.194066899999996,0.0,0.0,-3.074268e-05,0.01
7.198338799999988,0.0,0.0,-3.062331e-05,0.01
7.202607899999975,0.0,0.0,-3.05036e-05,0.01
7.2068610000000035,0.0,0.0,-3.037957e-05,0.01
7.211154700000009,0.0,0.0,-3.025878e-05,0.01
7.215450999999973,0.0,0.0,-3.013558e-05,0.01
7.219746100000009,0.0,0.0,-3.001911e-05,0.01
7.224018899999976,0.0,0.0,-2.990182e-05,0.01
7.228278199999977,0.0,0.0,-2.978094e-05,0.01
7.232545800000025,0.0,0.0,-2.966308e-05,0.01
7.237006399999984,0.0,0.0,-2.953812e-05,0.01
7.2415340000000015,0.0,0.0,-2.941501e-05,0.01
7.246062199999983,0.0,0.0,-2.92932e-05,0.01
7.2505873000000065,0.0,0.0,-2.916986e-05,0.01
7.254913999999985,0.0,0.0,-2.90513e-05,0.01
7.259441700000025,0.0,0.0,-2.892925e-05,0.01
7.263944100000003,0.0,0.0,-2.881139e-05,0.01
7.2684737000000155,0.0,0.0,-2.868828e-05,0.01
7.272839499999975,0.0,0.0,-2.85724e-05,0.01
7.277366200000017,0.0,0.0,-2.845245e-05,0.01
7.281910400000015,0.0,0.0,-2.833424e-05,0.01
7.286289000000011,0.0,0.0,-2.821836e-05,0.01
7.290835700000002,0.0,0.0,-2.809724e-05,0.01
7.295255499999996,0.0,0.0,-2.797926e-05,0.01
7.299862000000019,0.0,0.0,-2.786664e-05,0.01
7.3043638999999985,0.0,0.0,-2.775157e-05,0.01
7.308669399999985,0.0,0.0,-2.763685e-05,0.01
7.313179400000024,0.0,0.0,-2.752075e-05,0.01
7.317703300000005,0.0,0.0,-2.740648e-05,0.01
7.3222427999999695,0.0,0.0,-2.729096e-05,0.01
7.327069499999993,0.0,0.0,-2.716787e-05,0.01
7.331746199999998,0.0,0.0,-2.70514e-05,0.01
7.336487799999986,0.0,0.0,-2.693028e-05,0.01
7.341170799999986,0.0,0.0,-2.681557e-05,0.01
7.345873900000015,0.0,0.0,-2.66991e-05,0.01
7.3506322999999725,0.0,0.0,-2.658068e-05,0.01
7.355309900000009,0.0,0.0,-2.64621e-05,0.01
7.360048500000005,0.0,0.0,-2.634993e-05,0.01
7.364785999999981,0.0,0.0,-2.62358e-05,0.01
7.369531300000006,0.0,0.0,-2.611854e-05,0.01
7.374250700000005,0.0,0.0,-2.600441e-05,0.01
7.378921199999979,0.0,0.0,-2.589165e-05,0.01
7.383529300000021,0.0,0.0,-2.578276e-05,0.01
7.388171100000022,0.0,0.0,-2.567e-05,0.01
7.392746299999999,0.0,0.0,-2.556089e-05,0.01
7.397372799999971,0.0,0.0,-2.545354e-05,0.01
7.402103599999975,0.0,0.0,-2.534485e-05,0.01
7.406679899999972,0.0,0.0,-2.523634e-05,0.01
7.411255100000005,0.0,0.0,-2.512841e-05,0.01
7.4159791000000155,0.0,0.0,-2.501893e-05,0.01
7.420689999999979,0.0,0.0,-2.491199e-05,0.01
7.425425700000005,0.0,0.0,-2.480388e-05,0.01
7.430012299999987,0.0,0.0,-2.469537e-05,0.01
7.434592599999974,0.0,0.0,-2.459055e-05,0.01
7.439303999999993,0.0,0.0,-2.448555e-05,0.01
7.443975200000011,0.0,0.0,-2.438267e-05,0.01
7.448542099999997,0.0,0.0,-2.427785e-05,0.01
7.453219499999989,0.0,0.0,-2.417071e-05,0.01
7.457930499999975,0.0,0.0,-2.406667e-05,0.01
7.462629600000014,0.0,0.0,-2.39667e-05,0.01
7.467346200000009,0.0,0.0,-2.385859e-05,0.01
7.472187599999984,0.0,0.0,-2.375105e-05,0.01
7.476811999999995,0.0,0.0,-2.365148e-05,0.01
7.481362600000011,0.0,0.0,-2.354957e-05,0.01
7.485868700000026,0.0,0.0,-2.345465e-05,0.01
7.49052039999998,0.0,0.0,-2.334925e-05,0.01
7.495221800000024,0.0,0.0,-2.324502e-05,0.01
7.499777800000004,0.0,0.0,-2.315145e-05,0.01
7.504418199999975,0.0,0.0,-2.30546e-05,0.01
7.509108900000001,0.0,0.0,-2.295386e-05,0.01
7.513790599999993,0.0,0.0,-2.285195e-05,0.01
7.5185109999999895,0.0,0.0,-2.275373e-05,0.01
7.5230465999999865,0.0,0.0,-2.265455e-05,0.01
7.528034900000023,0.0,0.0,-2.255439e-05,0.01
7.532663099999979,0.0,0.0,-2.245598e-05,0.01
7.537381400000015,0.0,0.0,-2.235931e-05,0.01
7.542240400000026,0.0,0.0,-2.226225e-05,0.01
7.546771200000023,0.0,0.0,-2.21693e-05,0.01
7.551437599999986,0.0,0.0,-2.207281e-05,0.01
7.556008599999984,0.0,0.0,-2.197924e-05,0.01
7.560698300000013,0.0,0.0,-2.188571e-05,0.01
7.565194099999985,0.0,0.0,-2.17968e-05,0.01
7.569723899999985,0.0,0.0,-2.170322e-05,0.01
7.574192700000026,0.0,0.0,-2.161377e-05,0.01
7.579619100000002,0.0,0.0,-2.150389e-05,0.01
7.584237999999971,0.0,0.0,-2.141928e-05,0.01
7.588554299999998,0.0,0.0,-2.133112e-05,0.01
7.592792700000018,0.0,0.0,-2.124534e-05,0.01
7.597278200000005,0.0,0.0,-2.117197e-05,0.01
7.6016402999999855,0.0,0.0,-2.107065e-05,0.01
7.60627089999997,0.0,0.0,-2.099652e-05,0.01
7.610849200000018,0.0,0.0,-2.088646e-05,0.01
7.615406099999973,0.0,0.0,-2.081443e-05,0.01
7.619835799999976,0.0,0.0,-2.071211e-05,0.01
7.624401599999999,0.0,0.0,-2.064888e-05,0.01
7.628708099999983,0.0,0.0,-2.055663e-05,0.01
7.6329723999999715,0.0,0.0,-2.047959e-05,0.01
7.637303799999984,0.0,0.0,-2.040198e-05,0.01
7.64164310000001,0.0,0.0,-2.030532e-05,0.01
7.646089899999993,0.0,0.0,-2.023036e-05,0.01
7.650481099999979,0.0,0.0,-2.014942e-05,0.01
7.654759599999977,0.0,0.0,-2.006673e-05,0.01
7.659067199999981,0.0,0.0,-1.999187e-05,0.01
7.663565099999971,0.0,0.0,-1.991051e-05,0.01
7.667798800000014,0.0,0.0,-1.983073e-05,0.01
7.672106799999995,0.0,0.0,-1.975228e-05,0.01
7.676422899999977,0.0,0.0,-1.967134e-05,0.01
7.6809212,0.0,0.0,-1.959257e-05,0.01
7.6855012999999985,0.0,0.0,-1.951162e-05,0.01
7.690106700000001,0.0,0.0,-1.942719e-05,0.01
7.694450099999983,0.0,0.0,-1.934874e-05,0.01
7.69897629999997,0.0,0.0,-1.926896e-05,0.01
7.703359599999999,0.0,0.0,-1.919194e-05,0.01
7.707961399999988,0.0,0.0,-1.910882e-05,0.01
7.7124961999999755,0.0,0.0,-1.903079e-05,0.01
7.717059000000006,0.0,0.0,-1.894985e-05,0.01
7.721588399999973,0.0,0.0,-1.887007e-05,0.01
7.726211700000022,0.0,0.0,-1.879103e-05,0.01
7.7308014000000185,0.0,0.0,-1.871183e-05,0.01
7.73532560000001,0.0,0.0,-1.863322e-05,0.01
7.739825899999971,0.0,0.0,-1.855795e-05,0.01
7.744320200000004,0.0,0.0,-1.848443e-05,0.01
7.748867299999972,0.0,0.0,-1.840262e-05,0.01
7.75342310000002,0.0,0.0,-1.832604e-05,0.01
7.757925499999999,0.0,0.0,-1.825208e-05,0.01
7.762472100000025,0.0,0.0,-1.817653e-05,0.01
7.767135199999984,0.0,0.0,-1.809719e-05,0.01
7.7717784000000165,0.0,0.0,-1.802047e-05,0.01
7.776407099999972,0.0,0.0,-1.794259e-05,0.01
7.780846199999985,0.0,0.0,-1.78714e-05,0.01
7.785407899999996,0.0,0.0,-1.779904e-05,0.01
7.7898375999999985,0.0,0.0,-1.772058e-05,0.01
7.7947226,0.0,0.0,-1.76424e-05,0.01
7.799321599999985,0.0,0.0,-1.756845e-05,0.01
7.803861499999982,0.0,0.0,-1.749755e-05,0.01
7.808418500000016,0.0,0.0,-1.742287e-05,0.01
7.812883399999976,0.0,0.0,-1.735211e-05,0.01
7.817527900000016,0.0,0.0,-1.727962e-05,0.01
7.822107800000026,0.0,0.0,-1.720567e-05,0.01
7.826735999999983,0.0,0.0,-1.713391e-05,0.01
7.83138630000002,0.0,0.0,-1.705951e-05,0.01
7.835876100000007,0.0,0.0,-1.698686e-05,0.01
7.840483300000017,0.0,0.0,-1.691989e-05,0.01
7.845052599999974,0.0,0.0,-1.685046e-05,0.01
7.849711899999988,0.0,0.0,-1.677606e-05,0.01
7.854331100000024,0.0,0.0,-1.670604e-05,0.01
7.858791499999995,0.0,0.0,-1.66385e-05,0.01
7.86339959999998,0.0,0.0,-1.656817e-05,0.01
7.86798349999998,0.0,0.0,-1.649784e-05,0.01
7.872581200000013,0.0,0.0,-1.64277e-05,0.01
7.877176700000007,0.0,0.0,-1.635854e-05,0.01
7.881847999999991,0.0,0.0,-1.628969e-05,0.01
7.886459399999978,0.0,0.0,-1.622228e-05,0.01
7.891006300000015,0.0,0.0,-1.615285e-05,0.01
7.895491199999981,0.0,0.0,-1.608414e-05,0.01
7.900024099999996,0.0,0.0,-1.602021e-05,0.01
7.904615499999977,0.0,0.0,-1.595544e-05,0.01
7.909009200000014,0.0,0.0,-1.588964e-05,0.01
7.913327700000025,0.0,0.0,-1.582559e-05,0.01
7.917837299999974,0.0,0.0,-1.576004e-05,0.01
7.922449599999993,0.0,0.0,-1.569644e-05,0.01
7.927011100000016,0.0,0.0,-1.562773e-05,0.01
7.931657599999994,0.0,0.0,-1.556471e-05,0.01
7.936205499999971,0.0,0.0,-1.5496e-05,0.01
7.940761599999973,0.0,0.0,-1.543486e-05,0.01
7.945353899999986,0.0,0.0,-1.536918e-05,0.01
7.949932199999978,0.0,0.0,-1.530675e-05,0.01
7.954424099999983,0.0,0.0,-1.524282e-05,0.01
7.958789700000011,0.0,0.0,-1.51833e-05,0.01
7.9632669999999735,0.0,0.0,-1.512403e-05,0.01
7.967737600000021,0.0,0.0,-1.505835e-05,0.01
7.972264800000005,0.0,0.0,-1.499172e-05,0.01
7.977168300000017,0.0,0.0,-1.492708e-05,0.01
7.981754200000012,0.0,0.0,-1.486652e-05,0.01
7.9862059999999815,0.0,0.0,-1.480783e-05,0.01
7.990756999999974,0.0,0.0,-1.474261e-05,0.01
7.995436600000005,0.0,0.0,-1.468076e-05,0.01
7.999859599999979,0.0,0.0,-1.462323e-05,0.01
8.004439600000012,0.0,0.0,-1.456325e-05,0.01
8.008880599999998,0.0,0.0,-1.450374e-05,0.01
8.013404499999979,0.0,0.0,-1.444097e-05,0.01
8.018000400000005,0.0,0.0,-1.438274e-05,0.01
8.022450900000024,0.0,0.0,-1.432497e-05,0.01
8.027053599999988,0.0,0.0,-1.426499e-05,0.01
8.031587899999977,0.0,0.0,-1.420338e-05,0.01
8.03619070000002,0.0,0.0,-1.414329e-05,0.01
8.0407778,0.0,0.0,-1.408692e-05,0.01
8.04526549999997,0.0,0.0,-1.402916e-05,0.01
8.049883599999987,0.0,0.0,-1.397093e-05,0.01
8.05454149999997,0.0,0.0,-1.39092e-05,0.01
8.05913609999999,0.0,0.0,-1.385272e-05,0.01
8.063621599999976,0.0,0.0,-1.379645e-05,0.01
8.06822790000001,0.0,0.0,-1.373684e-05,0.01
8.072893599999986,0.0,0.0,-1.36793e-05,0.01
8.077326900000003,0.0,0.0,-1.362165e-05,0.01
8.081800799999996,0.0,0.0,-1.356913e-05,0.01
8.08629639999998,0.0,0.0,-1.351392e-05,0.01
8.09063679999997,0.0,0.0,-1.346198e-05,0.01
8.094933799999978,0.0,0.0,-1.340503e-05,0.01
8.099191899999994,0.0,0.0,-1.335145e-05,0.01
8.103452300000015,0.0,0.0,-1.331e-05,0.01
8.107693499999982,0.0,0.0,-1.325526e-05,0.01
8.111963000000003,0.0,0.0,-1.31983e-05,0.01
8.116453799999988,0.0,0.0,-1.315754e-05,0.01
8.12105600000001,0.0,0.0,-1.308348e-05,0.01
8.125642900000003,0.0,0.0,-1.303351e-05,0.01
8.129996800000015,0.0,0.0,-1.298751e-05,0.01
8.134309499999972,0.0,0.0,-1.293859e-05,0.01
8.138674999999978,0.0,0.0,-1.288025e-05,0.01
8.14321050000001,0.0,0.0,-1.284018e-05,0.01
8.14767119999999,0.0,0.0,-1.277845e-05,0.01
8.152271400000018,0.0,0.0,-1.272933e-05,0.01
8.156696300000021,0.0,0.0,-1.267189e-05,0.01
8.161159499999997,0.0,0.0,-1.262404e-05,0.01
8.16554880000001,0.0,0.0,-1.257289e-05,0.01
8.170198299999981,0.0,0.0,-1.25199e-05,0.01
8.174691300000006,0.0,0.0,-1.246798e-05,0.01
8.179194399999972,0.0,0.0,-1.241954e-05,0.01
8.183706900000004,0.0,0.0,-1.236957e-05,0.01
8.188246800000002,0.0,0.0,-1.231531e-05,0.01
8.192875200000003,0.0,0.0,-1.2263e-05,0.01
8.197686999999974,0.0,0.0,-1.220827e-05,0.01
8.202647599999978,0.0,0.0,-1.215246e-05,0.01
8.207859299999996,0.0,0.0,-1.209355e-05,0.01
8.212953099999993,0.0,0.0,-1.203716e-05,0.01
8.218043099999988,0.0,0.0,-1.198417e-05,0.01
8.223156700000004,0.0,0.0,-1.192885e-05,0.01
8.228262599999994,0.0,0.0,-1.187227e-05,0.01
8.233413799999994,0.0,0.0,-1.181472e-05,0.01
8.23854289999997,0.0,0.0,-1.176163e-05,0.01
8.24365389999997,0.0,0.0,-1.170883e-05,0.01
8.248811499999988,0.0,0.0,-1.165274e-05,0.01
8.253894300000013,0.0,0.0,-1.159868e-05,0.01
8.258856100000003,0.0,0.0,-1.154811e-05,0.01
8.263785799999994,0.0,0.0,-1.149628e-05,0.01
8.268901700000015,0.0,0.0,-1.144068e-05,0.01
8.273890800000004,0.0,0.0,-1.138904e-05,0.01
8.278796699999987,0.0,0.0,-1.134178e-05,0.01
8.283831899999996,0.0,0.0,-1.129005e-05,0.01
8.288885100000016,0.0,0.0,-1.123415e-05,0.01
8.294018699999981,0.0,0.0,-1.118398e-05,0.01
8.2990317,0.0,0.0,-1.113399e-05,0.01
8.304385799999977,0.0,0.0,-1.108033e-05,0.01
8.309545599999979,0.0,0.0,-1.102917e-05,0.01
8.314657399999987,0.0,0.0,-1.097551e-05,0.01
8.320093600000007,0.0,0.0,-1.092368e-05,0.01
8.325275799999986,0.0,0.0,-1.087544e-05,0.01
8.330410099999995,0.0,0.0,-1.082586e-05,0.01
8.335687000000007,0.0,0.0,-1.077004e-05,0.01
8.340776399999982,0.0,0.0,-1.072512e-05,0.01
8.345786799999985,0.0,0.0,-1.067737e-05,0.01
8.351005299999997,0.0,0.0,-1.062321e-05,0.01
8.35605049999998,0.0,0.0,-1.057205e-05,0.01
8.36114600000002,0.0,0.0,-1.052879e-05,0.01
8.36650370000001,0.0,0.0,-1.04778e-05,0.01
8.371389399999998,0.0,0.0,-1.043047e-05,0.01
8.37636040000001,0.0,0.0,-1.038213e-05,0.01
8.381475000000023,0.0,0.0,-1.033671e-05,0.01
8.386416999999994,0.0,0.0,-1.029121e-05,0.01
8.391354499999977,0.0,0.0,-1.024371e-05,0.01
8.396378200000015,0.0,0.0,-1.019812e-05,0.01
8.401474500000006,0.0,0.0,-1.015162e-05,0.01
8.406571199999973,0.0,0.0,-1.010736e-05,0.01
8.411753499999975,0.0,0.0,-1.005604e-05,0.01
8.416875600000026,0.0,0.0,-1.001062e-05,0.01
8.421811600000012,0.0,0.0,-9.864167e-06,0.01
8.510052499999972,0.0,0.0,-9.814196e-06,0.01
8.515128300000015,0.0,0.0,-9.767676e-06,0.01
8.520120599999984,0.0,0.0,-9.72472e-06,0.01
8.5250451,0.0,0.0,-9.682257e-06,0.01
8.530071099999986,0.0,0.0,-9.635674e-06,0.01
8.535168499999997,0.0,0.0,-9.589917e-06,0.01
8.540119500000003,0.0,0.0,-9.54747e-06,0.01
8.545195400000011,0.0,0.0,-9.504896e-06,0.01
8.550121199999978,0.0,0.0,-9.460349e-06,0.01
8.555051600000013,0.0,0.0,-9.415725e-06,0.01
8.5603294,0.0,0.0,-9.37291e-06,0.01
8.565368700000022,0.0,0.0,-9.33129e-06,0.01
8.57037459999998,0.0,0.0,-9.288143e-06,0.01
8.575356800000009,0.0,0.0,-9.244116e-06,0.01
8.580367500000023,0.0,0.0,-9.203047e-06,0.01
8.5854645,0.0,0.0,-9.163347e-06,0.01
8.5905712,0.0,0.0,-9.118472e-06,0.01
8.595717999999977,0.0,0.0,-9.075463e-06,0.01
8.600921200000016,0.0,0.0,-9.041289e-06,0.01
8.606127000000015,0.0,0.0,-9.000888e-06,0.01
8.611194699999999,0.0,0.0,-8.950285e-06,0.01
8.616152399999976,0.0,0.0,-8.902357e-06,0.01
8.621266100000014,0.0,0.0,-8.866083e-06,0.01
8.626354800000001,0.0,0.0,-8.825291e-06,0.01
8.631329100000016,0.0,0.0,-8.783298e-06,0.01
8.636288200000024,0.0,0.0,-8.740023e-06,0.01
8.64137519999997,0.0,0.0,-8.702787e-06,0.01
8.646557099999995,0.0,0.0,-8.668232e-06,0.01
8.651480300000003,0.0,0.0,-8.628535e-06,0.01
8.656442500000026,0.0,0.0,-8.587863e-06,0.01
8.66151309999998,0.0,0.0,-8.551149e-06,0.01
8.666607800000008,0.0,0.0,-8.512585e-06,0.01
8.671681499999977,0.0,0.0,-8.470768e-06,0.01
8.676805000000002,0.0,0.0,-8.432266e-06,0.01
8.681738999999993,0.0,0.0,-8.396947e-06,0.01
8.686780899999974,0.0,0.0,-8.358259e-06,0.01
8.691869499999996,0.0,0.0,-8.318934e-06,0.01
8.696889800000008,0.0,0.0,-8.280743e-06,0.01
8.701874799999985,0.0,0.0,-8.243705e-06,0.01
8.707033599999988,0.0,0.0,-8.207365e-06,0.01
8.71202249999999,0.0,0.0,-8.169251e-06,0.01
8.717103899999984,0.0,0.0,-8.131256e-06,0.01
8.722184500000026,0.0,0.0,-8.095682e-06,0.01
8.727410399999997,0.0,0.0,-8.056226e-06,0.01
8.732642300000009,0.0,0.0,-8.019761e-06,0.01
8.737705800000015,0.0,0.0,-7.982023e-06,0.01
8.743094499999984,0.0,0.0,-7.945238e-06,0.01
8.748215500000015,0.0,0.0,-7.906739e-06,0.01
8.753282500000012,0.0,0.0,-7.869891e-06,0.01
8.75924759999998,0.0,0.0,-7.829545e-06,0.01
8.764092000000005,0.0,0.0,-7.797917e-06,0.01
8.768466400000023,0.0,0.0,-7.767179e-06,0.01
8.772673600000019,0.0,0.0,-7.737206e-06,0.01
8.77690610000002,0.0,0.0,-7.705639e-06,0.01
8.781193099999996,0.0,0.0,-7.679229e-06,0.01
8.785417300000006,0.0,0.0,-7.65123e-06,0.01
8.789660799999979,0.0,0.0,-7.620426e-06,0.01
8.794156799999996,0.0,0.0,-7.588991e-06,0.01
8.798615299999994,0.0,0.0,-7.559272e-06,0.01
8.803195599999981,0.0,0.0,-7.528407e-06,0.01
8.807759599999997,0.0,0.0,-7.498306e-06,0.01
8.812157300000024,0.0,0.0,-7.467059e-06,0.01
8.816737999999987,0.0,0.0,-7.434222e-06,0.01
8.821285499999988,0.0,0.0,-7.407172e-06,0.01
8.825721499999986,0.0,0.0,-7.379369e-06,0.01
8.830351899999982,0.0,0.0,-7.347666e-06,0.01
8.834788800000013,0.0,0.0,-7.317891e-06,0.01
8.839248899999973,0.0,0.0,-7.288616e-06,0.01
8.843834500000014,0.0,0.0,-7.261379e-06,0.01
8.848335799999973,0.0,0.0,-7.229437e-06,0.01
8.852713100000017,0.0,0.0,-7.201427e-06,0.01
8.857301000000007,0.0,0.0,-7.170307e-06,0.01
8.862003500000014,0.0,0.0,-7.141102e-06,0.01
8.866763800000001,0.0,0.0,-7.112146e-06,0.01
8.871584499999983,0.0,0.0,-7.078609e-06,0.01
8.876440100000025,0.0,0.0,-7.046281e-06,0.01
8.8812863,0.0,0.0,-7.017325e-06,0.01
8.88629629999997,0.0,0.0,-6.989769e-06,0.01
8.8911746,0.0,0.0,-6.95667e-06,0.01
8.895933200000002,0.0,0.0,-6.924611e-06,0.01
8.900817500000016,0.0,0.0,-6.89591e-06,0.01
8.905497700000012,0.0,0.0,-6.868856e-06,0.01
8.91008579999999,0.0,0.0,-6.840481e-06,0.01
8.914647899999977,0.0,0.0,-6.81139e-06,0.01
8.9192453,0.0,0.0,-6.784662e-06,0.01
8.92403680000001,0.0,0.0,-6.756725e-06,0.01
8.92875939999999,0.0,0.0,-6.726351e-06,0.01
8.933588999999984,0.0,0.0,-6.696713e-06,0.01
8.938377100000025,0.0,0.0,-6.668712e-06,0.01
8.943227999999976,0.0,0.0,-6.641338e-06,0.01
8.948003299999982,0.0,0.0,-6.612519e-06,0.01
8.952855999999997,0.0,0.0,-6.584709e-06,0.01
8.95771179999997,0.0,0.0,-6.554491e-06,0.01
8.962589900000012,0.0,0.0,-6.526045e-06,0.01
8.967542600000002,0.0,0.0,-6.498479e-06,0.01
8.972248200000024,0.0,0.0,-6.470021e-06,0.01
8.977076300000022,0.0,0.0,-6.441141e-06,0.01
8.98192849999998,0.0,0.0,-6.414869e-06,0.01
8.98684129999998,0.0,0.0,-6.387354e-06,0.01
8.991906299999982,0.0,0.0,-6.357456e-06,0.01
8.996800199999996,0.0,0.0,-6.327864e-06,0.01
9.00163950000001,0.0,0.0,-6.304114e-06,0.01
9.006519700000013,0.0,0.0,-6.27974e-06,0.01
9.011277699999994,0.0,0.0,-6.250046e-06,0.01
9.016073000000006,0.0,0.0,-6.220951e-06,0.01
9.020787400000017,0.0,0.0,-6.197023e-06,0.01
9.025572000000011,0.0,0.0,-6.17144e-06,0.01
9.030517599999996,0.0,0.0,-6.14363e-06,0.01
9.035408500000017,0.0,0.0,-6.115565e-06,0.01
9.040271700000005,0.0,0.0,-6.090123e-06,0.01
9.045107099999996,0.0,0.0,-6.065559e-06,0.01
9.050025000000005,0.0,0.0,-6.037099e-06,0.01
9.05489769999997,0.0,0.0,-6.011707e-06,0.01
9.059748800000023,0.0,0.0,-5.986888e-06,0.01
9.064504100000022,0.0,0.0,-5.962069e-06,0.01
9.069263700000022,0.0,0.0,-5.935467e-06,0.01
9.07399559999999,0.0,0.0,-5.909631e-06,0.01
9.078737999999987,0.0,0.0,-5.885877e-06,0.01
9.083533499999987,0.0,0.0,-5.861981e-06,0.01
9.088493700000015,0.0,0.0,-5.834616e-06,0.01
9.093315700000005,0.0,0.0,-5.815509e-06,0.01
9.097955599999977,0.0,0.0,-5.788797e-06,0.01
9.102434099999982,0.0,0.0,-5.771552e-06,0.01
9.10670859999999,0.0,0.0,-5.74207e-06,0.01
9.11099489999998,0.0,0.0,-5.714115e-06,0.01
9.115256999999986,0.0,0.0,-5.701613e-06,0.01
9.119567299999972,0.0,0.0,-5.68413e-06,0.01
9.123870599999975,0.0,0.0,-5.650685e-06,0.01
9.128145700000005,0.0,0.0,-5.636221e-06,0.01
9.132368799999995,0.0,0.0,-5.618183e-06,0.01
9.136899099999994,0.0,0.0,-5.579582e-06,0.01
9.141432500000008,0.0,0.0,-5.5733e-06,0.01
9.146009800000002,0.0,0.0,-5.54689e-06,0.01
9.150596599999972,0.0,0.0,-5.52307e-06,0.01
9.155161399999997,0.0,0.0,-5.500287e-06,0.01
9.159733700000004,0.0,0.0,-5.478879e-06,0.01
9.164304300000026,0.0,0.0,-5.458643e-06,0.01
9.168759299999977,0.0,0.0,-5.43586e-06,0.01
9.173340800000005,0.0,0.0,-5.41435e-06,0.01
9.177866499999993,0.0,0.0,-5.391357e-06,0.01
9.182447200000013,0.0,0.0,-5.371374e-06,0.01
9.186932500000012,0.0,0.0,-5.352728e-06,0.01
9.19145450000002,0.0,0.0,-5.327866e-06,0.01
9.196012499999995,0.0,0.0,-5.305274e-06,0.01
9.200541299999998,0.0,0.0,-5.284763e-06,0.01
9.205092900000011,0.0,0.0,-5.265119e-06,0.01
9.209676699999989,0.0,0.0,-5.241806e-06,0.01
9.214294699999982,0.0,0.0,-5.220211e-06,0.01
9.218742500000019,0.0,0.0,-5.20059e-06,0.01
9.223385399999984,0.0,0.0,-5.179059e-06,0.01
9.227999399999987,0.0,0.0,-5.158821e-06,0.01
9.232585599999993,0.0,0.0,-5.136824e-06,0.01
9.237140399999987,0.0,0.0,-5.114573e-06,0.01
9.241740499999992,0.0,0.0,-5.095883e-06,0.01
9.246256099999982,0.0,0.0,-5.077809e-06,0.01
9.250884600000006,0.0,0.0,-5.055599e-06,0.01
9.255483599999991,0.0,0.0,-5.034281e-06,0.01
9.260097299999984,0.0,0.0,-5.015403e-06,0.01
9.264535200000012,0.0,0.0,-4.996352e-06,0.01
9.269179300000019,0.0,0.0,-4.973911e-06,0.01
9.27376670000001,0.0,0.0,-4.954883e-06,0.01
9.278336500000023,0.0,0.0,-4.934026e-06,0.01
9.283405800000025,0.0,0.0,-4.912603e-06,0.01
9.288156300000026,0.0,0.0,-4.89317e-06,0.01
9.292587000000026,0.0,0.0,-4.872511e-06,0.01
9.297252000000015,0.0,0.0,-4.850835e-06,0.01
9.301853600000015,0.0,0.0,-4.834034e-06,0.01
9.306471199999976,0.0,0.0,-4.816915e-06,0.01
9.311056599999972,0.0,0.0,-4.794999e-06,0.01
9.315448500000002,0.0,0.0,-4.775462e-06,0.01
9.3200377,0.0,0.0,-4.757707e-06,0.01
9.324544500000002,0.0,0.0,-4.740461e-06,0.01
9.328977599999973,0.0,0.0,-4.719969e-06,0.01
9.333686899999975,0.0,0.0,-4.700941e-06,0.01
9.338285199999973,0.0,0.0,-4.681048e-06,0.01
9.342796399999997,0.0,0.0,-4.663993e-06,0.01
9.347440699999993,0.0,0.0,-4.645131e-06,0.01
9.352031699999998,0.0,0.0,-4.624855e-06,0.01
9.356654100000014,0.0,0.0,-4.604847e-06,0.01
9.361233400000003,0.0,0.0,-4.587792e-06,0.01
9.365841400000022,0.0,0.0,-4.572264e-06,0.01
9.370436499999983,0.0,0.0,-4.551518e-06,0.01
9.37503190000001,0.0,0.0,-4.533089e-06,0.01
9.37962269999997,0.0,0.0,-4.51519e-06,0.01
9.38424550000002,0.0,0.0,-4.499461e-06,0.01
9.388700900000003,0.0,0.0,-4.479579e-06,0.01
9.393073300000026,0.0,0.0,-4.461915e-06,0.01
9.397529299999974,0.0,0.0,-4.444187e-06,0.01
9.40224169999999,0.0,0.0,-4.427168e-06,0.01
9.406890299999986,0.0,0.0,-4.412467e-06,0.01
9.411445700000002,0.0,0.0,-4.39223e-06,0.01
9.41606489999998,0.0,0.0,-4.372665e-06,0.01
9.420599600000003,0.0,0.0,-4.356557e-06,0.01
9.42501870000001,0.0,0.0,-4.34122e-06,0.01
9.429377799999997,0.0,0.0,-4.323599e-06,0.01
9.434116899999992,0.0,0.0,-4.30431e-06,0.01
9.438720699999976,0.0,0.0,-4.288019e-06,0.01
9.443376999999998,0.0,0.0,-4.269789e-06,0.01
9.448000100000002,0.0,0.0,-4.254927e-06,0.01
9.452606199999991,0.0,0.0,-4.23587e-06,0.01
9.457227199999977,0.0,0.0,-4.216969e-06,0.01
9.461754499999984,0.0,0.0,-4.202871e-06,0.01
9.466213799999991,0.0,0.0,-4.188366e-06,0.01
9.470755999999994,0.0,0.0,-4.169592e-06,0.01
9.47520350000002,0.0,0.0,-4.15336e-06,0.01
9.47975630000002,0.0,0.0,-4.137994e-06,0.01
9.48424289999997,0.0,0.0,-4.123357e-06,0.01
9.488662099999999,0.0,0.0,-4.10589e-06,0.01
9.492941099999996,0.0,0.0,-4.090295e-06,0.01
9.49718230000002,0.0,0.0,-4.072764e-06,0.01
9.501524399999994,0.0,0.0,-4.059464e-06,0.01
9.505805099999975,0.0,0.0,-4.045654e-06,0.01
9.510150399999986,0.0,0.0,-4.029204e-06,0.01
9.514440999999977,0.0,0.0,-4.013644e-06,0.01
9.518726399999991,0.0,0.0,-3.999325e-06,0.01
9.522965499999998,0.0,0.0,-3.985452e-06,0.01
9.527218000000005,0.0,0.0,-3.97336e-06,0.01
9.531527299999993,0.0,0.0,-3.955701e-06,0.01
9.535761200000024,0.0,0.0,-3.939727e-06,0.01
9.540055699999982,0.0,0.0,-3.926522e-06,0.01
9.544323099999986,0.0,0.0,-3.913731e-06,0.01
9.548645099999987,0.0,0.0,-3.897376e-06,0.01
9.552929899999981,0.0,0.0,-3.882675e-06,0.01
9.55717850000002,0.0,0.0,-3.865238e-06,0.01
9.561461000000008,0.0,0.0,-3.853561e-06,0.01
9.565742199999988,0.0,0.0,-3.841023e-06,0.01
9.57005989999999,0.0,0.0,-3.824924e-06,0.01
9.574312399999997,0.0,0.0,-3.810033e-06,0.01
9.57861170000001,0.0,0.0,-3.796732e-06,0.01
9.582901900000024,0.0,0.0,-3.783654e-06,0.01
9.587188099999992,0.0,0.0,-3.772326e-06,0.01
9.591516899999988,0.0,0.0,-3.758613e-06,0.01
9.595801100000017,0.0,0.0,-3.731946e-06,0.01
9.600156700000014,0.0,0.0,-3.730706e-06,0.01
9.604561900000022,0.0,0.0,-3.719985e-06,0.01
9.608775200000025,0.0,0.0,-3.699808e-06,0.01
9.61296649999997,0.0,0.0,-3.678047e-06,0.01
9.617152099999998,0.0,0.0,-3.670347e-06,0.01
9.621341299999983,0.0,0.0,-3.663092e-06,0.01
9.625494600000025,0.0,0.0,-3.655231e-06,0.01
9.629762599999992,0.0,0.0,-3.634073e-06,0.01
9.634043700000007,0.0,0.0,-3.619882e-06,0.01
9.638383499999975,0.0,0.0,-3.611291e-06,0.01
9.642619400000001,0.0,0.0,-3.596272e-06,0.01
9.646772499999997,0.0,0.0,-3.581792e-06,0.01
9.650948099999994,0.0,0.0,-3.567219e-06,0.01
9.655223999999976,0.0,0.0,-3.5529e-06,0.01
9.659514300000012,0.0,0.0,-3.541219e-06,0.01
9.663748399999974,0.0,0.0,-3.528052e-06,0.01
9.668072499999994,0.0,0.0,-3.515162e-06,0.01
9.672351100000014,0.0,0.0,-3.500617e-06,0.01
9.676606900000024,0.0,0.0,-3.488179e-06,0.01
9.680877699999996,0.0,0.0,-3.476187e-06,0.01
9.685041399999989,0.0,0.0,-3.465524e-06,0.01
9.6892694,0.0,0.0,-3.450795e-06,0.01
9.69351039999998,0.0,0.0,-3.439305e-06,0.01
9.697789,0.0,0.0,-3.424922e-06,0.01
9.702093600000012,0.0,0.0,-3.413121e-06,0.01
9.706408899999985,0.0,0.0,-3.401894e-06,0.01
9.710611299999982,0.0,0.0,-3.387185e-06,0.01
9.714801299999976,0.0,0.0,-3.375193e-06,0.01
9.719068800000002,0.0,0.0,-3.363866e-06,0.01
9.723297600000024,0.0,0.0,-3.351611e-06,0.01
9.727555100000018,0.0,0.0,-3.341174e-06,0.01
9.731743999999992,0.0,0.0,-3.327719e-06,0.01
9.73594700000001,0.0,0.0,-3.315018e-06,0.01
9.740264700000012,0.0,0.0,-3.303028e-06,0.01
9.744548000000009,0.0,0.0,-3.292909e-06,0.01
9.7488472,0.0,0.0,-3.278781e-06,0.01
9.753073799999981,0.0,0.0,-3.266563e-06,0.01
9.757255100000009,0.0,0.0,-3.253199e-06,0.01
9.761376499999983,0.0,0.0,-3.243934e-06,0.01
9.765610400000014,0.0,0.0,-3.233026e-06,0.01
9.770048799999984,0.0,0.0,-3.219141e-06,0.01
9.774478199999976,0.0,0.0,-3.205979e-06,0.01
9.778831500000024,0.0,0.0,-3.194805e-06,0.01
9.783120300000007,0.0,0.0,-3.183987e-06,0.01
9.78743049999997,0.0,0.0,-3.175306e-06,0.01
9.791677100000015,0.0,0.0,-3.160466e-06,0.01
9.79590300000001,0.0,0.0,-3.148031e-06,0.01
9.800274000000002,0.0,0.0,-3.137276e-06,0.01
9.804616099999976,0.0,0.0,-3.127793e-06,0.01
9.808904999999982,0.0,0.0,-3.114366e-06,0.01
9.813155100000017,0.0,0.0,-3.103063e-06,0.01
9.817374499999971,0.0,0.0,-3.088631e-06,0.01
9.821622300000001,0.0,0.0,-3.080994e-06,0.01
9.825806999999998,0.0,0.0,-3.070901e-06,0.01
9.830137900000011,0.0,0.0,-3.057002e-06,0.01
9.834447000000011,0.0,0.0,-3.045763e-06,0.01
9.838983499999983,0.0,0.0,-3.035008e-06,0.01
9.843298699999991,0.0,0.0,-3.024253e-06,0.01
9.847881900000004,0.0,0.0,-3.012926e-06,0.01
9.852301300000022,0.0,0.0,-2.99984e-06,0.01
9.856938899999989,0.0,0.0,-2.987191e-06,0.01
9.861517400000025,0.0,0.0,-2.977058e-06,0.01
9.866078800000025,0.0,0.0,-2.96736e-06,0.01
9.870838800000001,0.0,0.0,-2.952381e-06,0.01
9.875390900000014,0.0,0.0,-2.941054e-06,0.01
9.879973300000017,0.0,0.0,-2.931254e-06,0.01
9.884232499999996,0.0,0.0,-2.920713e-06,0.01
9.888554800000009,0.0,0.0,-2.910595e-06,0.01
9.89305569999999,0.0,0.0,-2.897716e-06,0.01
9.897551299999975,0.0,0.0,-2.884989e-06,0.01
9.902102899999988,0.0,0.0,-2.875275e-06,0.01
9.90650260000001,0.0,0.0,-2.866979e-06,0.01
9.910802199999978,0.0,0.0,-2.85387e-06,0.01
9.914974599999994,0.0,0.0,-2.843797e-06,0.01
9.919564400000013,0.0,0.0,-2.833887e-06,0.01
9.924009599999977,0.0,0.0,-2.823491e-06,0.01
9.928528700000015,0.0,0.0,-2.812232e-06,0.01
9.933126800000025,0.0,0.0,-2.800627e-06,0.01
9.937563399999988,0.0,0.0,-2.788004e-06,0.01
9.942070300000012,0.0,0.0,-2.779986e-06,0.01
9.946613000000013,0.0,0.0,-2.771353e-06,0.01
9.951147300000002,0.0,0.0,-2.758625e-06,0.01
9.955802800000015,0.0,0.0,-2.747212e-06,0.01
9.96033749999998,0.0,0.0,-2.736989e-06,0.01
9.964856499999996,0.0,0.0,-2.729012e-06,0.01
9.969233799999984,0.0,0.0,-2.716793e-06,0.01
9.973820400000022,0.0,0.0,-2.70642e-06,0.01
9.978418099999999,0.0,0.0,-2.694796e-06,0.01
9.982926700000007,0.0,0.0,-2.68629e-06,0.01
9.987291700000014,0.0,0.0,-2.678355e-06,0.01
9.991748400000006,0.0,0.0,-2.665437e-06,0.01
9.996333100000015,0.0,0.0,-2.654555e-06,0.01
10.00082470000001,0.0,0.0,-2.645603e-06,0.01
10.005367799999988,0.0,0.0,-2.636185e-06,0.01
10.00995180000001,0.0,0.0,-2.624921e-06,0.01
10.014485400000012,0.0,0.0,-2.613593e-06,0.01
10.019002100000023,0.0,0.0,-2.603835e-06,0.01
10.023516799999982,0.0,0.0,-2.595265e-06,0.01
10.028133000000025,0.0,0.0,-2.585486e-06,0.01
10.032647800000007,0.0,0.0,-2.573798e-06,0.01
10.03718950000001,0.0,0.0,-2.562746e-06,0.01
10.041604300000017,0.0,0.0,-2.555173e-06,0.01
10.046156800000006,0.0,0.0,-2.547154e-06,0.01
10.050571999999988,0.0,0.0,-2.535127e-06,0.01
10.055126599999994,0.0,0.0,-2.525306e-06,0.01
10.059660899999983,0.0,0.0,-2.516926e-06,0.01
10.064165000000003,0.0,0.0,-2.507551e-06,0.01
10.068620199999998,0.0,0.0,-2.498451e-06,0.01
10.073096099999987,0.0,0.0,-2.487461e-06,0.01
10.07769669999999,0.0,0.0,-2.475986e-06,0.01
10.082318999999984,0.0,0.0,-2.469177e-06,0.01
10.086950800000011,0.0,0.0,-2.461179e-06,0.01
10.091676300000017,0.0,0.0,-2.447922e-06,0.01
10.096403500000008,0.0,0.0,-2.445842e-06,0.01
10.10107720000002,0.0,0.0,-2.434303e-06,0.01
10.1056916,0.0,0.0,-2.418497e-06,0.01
10.110326799999996,0.0,0.0,-2.412622e-06,0.01
10.11493459999997,0.0,0.0,-2.401931e-06,0.01
10.119421499999987,2.0,2.0,0.0001813398,0.01
10.277629699999977,2.0,2.0,0.0001804099,0.01
10.2827767,2.0,2.0,0.0001795134,0.01
10.287854900000013,2.0,2.0,0.0001786125,0.01
10.293025399999976,2.0,2.0,0.0001777102,0.01
10.298178800000017,2.0,2.0,0.0001768181,0.01
10.30329039999998,2.0,2.0,0.0001759376,0.01
10.30839370000001,2.0,2.0,0.0001750717,0.01
10.313338999999985,2.0,2.0,0.0001742276,0.01
10.318411400000002,2.0,2.0,0.0001733616,0.01
10.323471900000015,2.0,2.0,0.0001725161,0.01
10.328541700000017,2.0,2.0,0.0001716604,0.01
10.33368059999998,2.0,2.0,0.000170793,0.01
10.33874179999998,2.0,2.0,0.0001699677,0.01
10.34380809999999,2.0,2.0,0.0001691048,0.01
10.348984700000017,2.0,2.0,0.0001682723,0.01
10.354086999999993,2.0,2.0,0.000167434,0.01
10.359088699999973,2.0,2.0,0.0001666177,0.01
10.36407969999999,2.0,2.0,0.0001658229,0.01
10.3690608,2.0,2.0,0.0001650254,0.01
10.374124499999994,2.0,2.0,0.0001642135,0.01
10.379146400000025,2.0,2.0,0.0001634115,0.01
10.3842401,2.0,2.0,0.0001626023,0.01
10.389330299999983,2.0,2.0,0.0001618106,0.01
10.39421649999997,2.0,2.0,0.0001610409,0.01
10.399021800000014,2.0,2.0,0.0001603203,0.01
10.403793699999994,2.0,2.0,0.0001595739,0.01
10.4083617,2.0,2.0,0.0001588754,0.01
10.413040299999977,2.0,2.0,0.0001581593,0.01
10.417733399999975,2.0,2.0,0.0001574562,0.01
10.422257899999977,2.0,2.0,0.000156746,0.01
10.426992799999994,2.0,2.0,0.0001560416,0.01
10.431593099999986,2.0,2.0,0.0001553476,0.01
10.436205700000016,2.0,2.0,0.0001546549,0.01
10.440897699999994,2.0,2.0,0.0001539518,0.01
10.445614299999988,2.0,2.0,0.0001532345,0.01
10.450362999999982,2.0,2.0,0.0001525476,0.01
10.455112199999974,2.0,2.0,0.0001518211,0.01
10.459968300000014,2.0,2.0,0.0001511272,0.01
10.464591799999994,2.0,2.0,0.0001504706,0.01
10.469309899999985,2.0,2.0,0.0001497791,0.01
10.47387839999999,2.0,2.0,0.00014912,0.01
10.47863430000001,2.0,2.0,0.0001484331,0.01
10.48335400000002,2.0,2.0,0.0001477695,0.01
10.487962799999991,2.0,2.0,0.0001471233,0.01
10.492575999999985,2.0,2.0,0.0001464597,0.01
10.497227199999998,2.0,2.0,0.0001458077,0.01
10.501912199999992,2.0,2.0,0.0001451336,0.01
10.506751199999997,2.0,2.0,0.0001444559,0.01
10.511516900000004,2.0,2.0,0.0001437993,0.01
10.516237400000023,2.0,2.0,0.0001431461,0.01
10.520986300000004,2.0,2.0,0.0001425,0.01
10.52570529999997,2.0,2.0,0.0001418363,0.01
10.530482000000006,2.0,2.0,0.0001412088,0.01
10.535052000000007,2.0,2.0,0.0001405929,0.01
10.539761499999997,2.0,2.0,0.0001399514,0.01
10.544372599999974,2.0,2.0,0.0001393343,0.01
10.549106999999992,2.0,2.0,0.0001386823,0.01
10.55390669999997,2.0,2.0,0.0001380605,0.01
10.558621899999991,2.0,2.0,0.0001374307,0.01
10.563247900000022,2.0,2.0,0.0001368125,0.01
10.56797469999998,2.0,2.0,0.0001362093,0.01
10.572646099999986,2.0,2.0,0.000135597,0.01
10.577404399999978,2.0,2.0,0.0001349683,0.01
10.581993599999976,2.0,2.0,0.000134385,0.01
10.586653800000022,2.0,2.0,0.0001337738,0.01
10.591365399999972,2.0,2.0,0.0001331742,0.01
10.596125499999971,2.0,2.0,0.0001325873,0.01
10.600814800000023,2.0,2.0,0.0001319645,0.01
10.605565599999977,2.0,2.0,0.0001313776,0.01
10.61035720000001,2.0,2.0,0.0001307711,0.01
10.615025300000013,2.0,2.0,0.0001301879,0.01
10.61976599999997,2.0,2.0,0.0001295999,0.01
10.624473599999988,2.0,2.0,0.0001289956,0.01
10.629153799999983,2.0,2.0,0.0001284251,0.01
10.633892500000002,2.0,2.0,0.0001278594,0.01
10.638649299999997,2.0,2.0,0.0001272782,0.01
10.643232899999987,2.0,2.0,0.0001267009,0.01
10.647897100000023,2.0,2.0,0.0001261499,0.01
10.652637900000002,2.0,2.0,0.0001255774,0.01
10.657367899999997,2.0,2.0,0.0001250137,0.01
10.662091400000008,2.0,2.0,0.0001244422,0.01
10.666905900000017,2.0,2.0,0.0001238601,0.01
10.67167280000001,2.0,2.0,0.0001233149,0.01
10.67635359999997,2.0,2.0,0.0001227783,0.01
10.680888900000014,2.0,2.0,0.0001222369,0.01
10.685390400000017,2.0,2.0,0.0001217072,0.01
10.690096600000004,2.0,2.0,0.0001211299,0.01
10.694980799999996,2.0,2.0,0.0001205827,0.01
10.699691299999984,2.0,2.0,0.0001200423,0.01
10.704506100000003,2.0,2.0,0.0001194951,0.01
10.709208400000023,2.0,2.0,0.0001189586,0.01
10.713880099999983,2.0,2.0,0.0001184366,0.01
10.718440999999984,2.0,2.0,0.0001179291,0.01
10.722822000000008,2.0,2.0,0.0001174392,0.01
10.727070000000026,2.0,2.0,0.000116956,0.01
10.731357100000025,2.0,2.0,0.0001164806,0.01
10.735998100000018,2.0,2.0,0.0001159615,0.01
10.740576099999998,2.0,2.0,0.0001154599,0.01
10.745087800000022,2.0,2.0,0.0001149602,0.01
10.749643100000014,2.0,2.0,0.0001144654,0.01
10.7540118,2.0,2.0,0.0001139755,0.01
10.75838699999997,2.0,2.0,0.0001135098,0.01
10.762937299999976,2.0,2.0,0.0001130275,0.01
10.767524900000012,2.0,2.0,0.000112526,0.01
10.772059800000022,2.0,2.0,0.0001120496,0.01
10.776493899999991,2.0,2.0,0.0001115713,0.01
10.780856700000015,2.0,2.0,0.0001111007,0.01
10.785407700000007,2.0,2.0,0.0001106184,0.01
10.790028199999995,2.0,2.0,0.000110146,0.01
10.79450989999998,2.0,2.0,0.0001096686,0.01
10.799039100000016,2.0,2.0,0.0001092087,0.01
10.803330800000026,2.0,2.0,0.0001087488,0.01
10.807932300000004,2.0,2.0,0.0001082697,0.01
10.812419799999986,2.0,2.0,0.0001078174,0.01
10.816973700000005,2.0,2.0,0.0001073468,0.01
10.821639399999981,2.0,2.0,0.0001068618,0.01
10.8264006,2.0,2.0,0.000106372,0.01
10.831303300000002,2.0,2.0,0.0001058606,0.01
10.83622889999998,2.0,2.0,0.0001053774,0.01
10.841067899999985,2.0,2.0,0.0001048893,0.01
10.84584209999997,2.0,2.0,0.0001044119,0.01
10.850554299999999,2.0,2.0,0.000103957,0.01
10.855750199999989,2.0,2.0,0.0001034173,0.01
10.860814399999981,2.0,2.0,0.0001029449,0.01
10.865677199999993,2.0,2.0,0.0001024618,0.01
10.870553799999982,2.0,2.0,0.000101996,0.01
10.875389900000016,2.0,2.0,0.0001015062,0.01
10.8803317,2.0,2.0,0.0001010422,0.01
10.88518449999998,2.0,2.0,0.0001005823,0.01
10.890065300000003,2.0,2.0,0.0001001166,0.01
10.894838400000026,2.0,2.0,9.240547e-05,0.01
10.978658300000006,2.0,2.0,9.201474e-05,0.01
10.983240500000022,2.0,2.0,9.160581e-05,0.01
10.987858200000005,2.0,2.0,9.11902e-05,0.01
10.992742599999985,2.0,2.0,9.076729e-05,0.01
10.99767300000002,2.0,2.0,9.034453e-05,0.01
11.002883199999985,2.0,2.0,8.989209e-05,0.01
11.008027599999991,2.0,2.0,8.945536e-05,0.01
11.013085900000021,2.0,2.0,8.90326e-05,0.01
11.018148699999983,2.0,2.0,8.859006e-05,0.01
11.023320899999987,2.0,2.0,8.816789e-05,0.01
11.028421700000024,2.0,2.0,8.773991e-05,0.01
11.033595400000024,2.0,2.0,8.730783e-05,0.01
11.038809300000025,2.0,2.0,8.688858e-05,0.01
11.043864699999972,2.0,2.0,8.647049e-05,0.01
11.048895800000025,2.0,2.0,8.605938e-05,0.01
11.053901699999983,2.0,2.0,8.566166e-05,0.01
11.058826199999999,2.0,2.0,8.525814e-05,0.01
11.063902299999995,2.0,2.0,8.484073e-05,0.01
11.069061999999974,2.0,2.0,8.443e-05,0.01
11.074155799999971,2.0,2.0,8.402492e-05,0.01
11.07909810000001,2.0,2.0,8.363652e-05,0.01
11.084012799999982,2.0,2.0,8.323289e-05,0.01
11.089152399999989,2.0,2.0,8.284333e-05,0.01
11.094203199999981,2.0,2.0,8.245377e-05,0.01
11.09912079999998,2.0,2.0,8.205199e-05,0.01
11.104102800000021,2.0,2.0,8.167299e-05,0.01
11.1092534,2.0,2.0,8.128517e-05,0.01
11.114179499999977,2.0,2.0,8.089495e-05,0.01
11.119205099999988,2.0,2.0,8.052577e-05,0.01
11.124167100000022,2.0,2.0,8.014378e-05,0.01
11.129060600000003,2.0,2.0,7.977642e-05,0.01
11.134204599999975,2.0,2.0,7.939086e-05,0.01
11.139347900000018,2.0,2.0,7.901353e-05,0.01
11.144363699999985,2.0,2.0,7.863096e-05,0.01
11.149378500000012,2.0,2.0,7.826411e-05,0.01
11.15414290000001,2.0,2.0,7.791886e-05,0.01
11.158958600000005,2.0,2.0,7.755429e-05,0.01
11.163845100000003,2.0,2.0,7.720893e-05,0.01
11.169553800000017,2.0,2.0,7.67985e-05,0.01
11.174006599999984,2.0,2.0,7.649687e-05,0.01
11.178455100000008,2.0,2.0,7.616903e-05,0.01
11.18305140000001,2.0,2.0,7.584064e-05,0.01
11.187597499999981,2.0,2.0,7.550983e-05,0.01
11.191911000000005,2.0,2.0,7.520703e-05,0.01
11.196372300000007,2.0,2.0,7.488968e-05,0.01
11.200697999999988,2.0,2.0,7.458746e-05,0.01
11.205209299999979,2.0,2.0,7.426605e-05,0.01
11.20974910000001,2.0,2.0,7.394984e-05,0.01
11.214318699999978,2.0,2.0,7.363247e-05,0.01
11.218885499999999,2.0,2.0,7.331572e-05,0.01
11.22337809999999,2.0,2.0,7.300302e-05,0.01
11.22800669999998,2.0,2.0,7.2688e-05,0.01
11.232571099999973,2.0,2.0,7.237763e-05,0.01
11.23708959999999,2.0,2.0,7.206843e-05,0.01
11.241622699999994,2.0,2.0,7.176097e-05,0.01
11.24623379999997,2.0,2.0,7.145294e-05,0.01
11.250665500000025,2.0,2.0,7.115771e-05,0.01
11.254995199999996,2.0,2.0,7.086306e-05,0.01
11.259522600000025,2.0,2.0,7.056491e-05,0.01
11.264035200000023,2.0,2.0,7.026096e-05,0.01
11.268584599999997,2.0,2.0,6.995933e-05,0.01
11.273190399999976,2.0,2.0,6.96542e-05,0.01
11.277840500000025,2.0,2.0,6.935195e-05,0.01
11.282551699999999,2.0,2.0,6.903639e-05,0.01
11.287287900000024,2.0,2.0,6.8733e-05,0.01
11.292015600000013,2.0,2.0,6.843018e-05,0.01
11.296572099999992,2.0,2.0,6.813676e-05,0.01
11.301297599999998,2.0,2.0,6.782924e-05,0.01
11.306062699999984,2.0,2.0,6.753049e-05,0.01
11.31076969999998,2.0,2.0,6.72318e-05,0.01
11.31545749999998,2.0,2.0,6.693952e-05,0.01
11.319955300000004,2.0,2.0,6.665764e-05,0.01
11.32463869999998,2.0,2.0,6.636304e-05,0.01
11.329332399999998,2.0,2.0,6.606898e-05,0.01
11.333835899999997,2.0,2.0,6.579122e-05,0.01
11.338496099999986,2.0,2.0,6.550293e-05,0.01
11.343194799999992,2.0,2.0,6.521295e-05,0.01
11.347870399999977,2.0,2.0,6.492242e-05,0.01
11.352582400000017,2.0,2.0,6.464287e-05,0.01
11.357083699999976,2.0,2.0,6.437209e-05,0.01
11.361737000000005,2.0,2.0,6.408961e-05,0.01
11.366275499999972,2.0,2.0,6.381197e-05,0.01
11.370734900000002,2.0,2.0,6.355518e-05,0.01
11.375140499999986,2.0,2.0,6.328719e-05,0.01
11.379695900000002,2.0,2.0,6.301597e-05,0.01
11.384339000000011,2.0,2.0,6.274055e-05,0.01
11.388820899999985,2.0,2.0,6.247567e-05,0.01
11.393368699999996,2.0,2.0,6.221115e-05,0.01
11.39808290000002,2.0,2.0,6.193863e-05,0.01
11.402624600000024,2.0,2.0,6.167136e-05,0.01
11.407340499999975,2.0,2.0,6.139826e-05,0.01
11.411880999999994,2.0,2.0,6.114163e-05,0.01
11.416540899999973,2.0,2.0,6.086777e-05,0.01
11.421342700000025,2.0,2.0,6.059701e-05,0.01
11.426012200000002,2.0,2.0,6.033506e-05,0.01
11.430632600000024,2.0,2.0,6.007127e-05,0.01
11.435354700000005,2.0,2.0,5.980633e-05,0.01
11.440096600000004,2.0,2.0,5.954186e-05,0.01
11.444633199999998,2.0,2.0,5.928973e-05,0.01
11.449315300000023,2.0,2.0,5.902944e-05,0.01
11.45404000000002,2.0,2.0,5.876962e-05,0.01
11.458600499999989,2.0,2.0,5.851187e-05,0.01
11.463411300000018,2.0,2.0,5.825311e-05,0.01
11.468126199999972,2.0,2.0,5.799689e-05,0.01
11.472663599999976,2.0,2.0,5.774742e-05,0.01
11.47777480000002,2.0,2.0,5.747293e-05,0.01
11.482477099999983,2.0,2.0,5.721847e-05,0.01
11.486997400000007,2.0,2.0,5.697459e-05,0.01
11.491622800000016,2.0,2.0,5.672583e-05,0.01
11.496324000000016,2.0,2.0,5.64858e-05,0.01
11.500818200000026,2.0,2.0,5.624439e-05,0.01
11.50549269999999,2.0,2.0,5.599633e-05,0.01
11.510117700000023,2.0,2.0,5.575687e-05,0.01
11.515123500000016,2.0,2.0,5.549367e-05,0.01
11.519846099999995,2.0,2.0,5.524632e-05,0.01
11.524638600000003,2.0,2.0,5.500279e-05,0.01
11.529356099999973,2.0,2.0,5.476244e-05,0.01
11.534010500000022,2.0,2.0,5.452252e-05,0.01
11.538659399999972,2.0,2.0,5.429165e-05,0.01
11.543326100000002,2.0,2.0,5.404781e-05,0.01
11.548033799999985,2.0,2.0,5.380921e-05,0.01
11.55274750000001,2.0,2.0,5.357338e-05,0.01
11.557456899999977,2.0,2.0,5.334089e-05,0.01
11.561982999999998,2.0,2.0,5.31148e-05,0.01
11.566729399999986,2.0,2.0,5.287593e-05,0.01
11.571423299999992,2.0,2.0,5.264693e-05,0.01
11.576006500000005,2.0,2.0,5.242333e-05,0.01
11.580701299999987,2.0,2.0,5.219099e-05,0.01
11.585408700000016,2.0,2.0,5.195966e-05,0.01
11.589969399999973,2.0,2.0,5.174346e-05,0.01
11.5946194,2.0,2.0,5.152076e-05,0.01
11.599232599999993,2.0,2.0,5.129017e-05,0.01
11.604153999999994,2.0,2.0,5.105708e-05,0.01
11.60884040000002,2.0,2.0,5.084088e-05,0.01
11.613169400000004,2.0,2.0,5.062984e-05,0.01
11.617825400000015,2.0,2.0,5.04222e-05,0.01
11.622392300000001,2.0,2.0,5.018613e-05,0.01
11.62697959999997,2.0,2.0,4.998192e-05,0.01
11.631388800000025,2.0,2.0,4.976996e-05,0.01
11.63578960000001,2.0,2.0,4.958345e-05,0.01
11.640237000000013,2.0,2.0,4.937072e-05,0.01
11.644483799999989,2.0,2.0,4.916867e-05,0.01
11.648786900000005,2.0,2.0,4.897709e-05,0.01
11.653122899999971,2.0,2.0,4.878434e-05,0.01
11.657589900000005,2.0,2.0,4.857898e-05,0.01
11.662167300000021,2.0,2.0,4.837091e-05,0.01
11.666761099999974,2.0,2.0,4.816612e-05,0.01
11.671347400000002,2.0,2.0,4.796213e-05,0.01
11.675870700000019,2.0,2.0,4.775851e-05,0.01
11.68027699999999,2.0,2.0,4.756344e-05,0.01
11.684622100000013,2.0,2.0,4.737128e-05,0.01
11.689141199999995,2.0,2.0,4.717135e-05,0.01
11.693685700000003,2.0,2.0,4.697299e-05,0.01
11.698251599999992,2.0,2.0,4.677772e-05,0.01
11.702621899999997,2.0,2.0,4.658381e-05,0.01
11.70718119999998,2.0,2.0,4.638816e-05,0.01
11.711509400000011,2.0,2.0,4.619832e-05,0.01
11.71607899999998,2.0,2.0,4.600113e-05,0.01
11.720669900000019,2.0,2.0,4.580547e-05,0.01
11.725188600000024,2.0,2.0,4.561972e-05,0.01
11.729522900000006,2.0,2.0,4.542814e-05,0.01
11.733946899999978,2.0,2.0,4.524392e-05,0.01
11.738459299999988,2.0,2.0,4.505525e-05,0.01
11.743006100000002,2.0,2.0,4.486273e-05,0.01
11.7475503,2.0,2.0,4.467093e-05,0.01
11.752081900000007,2.0,2.0,4.448307e-05,0.01
11.756485300000008,2.0,2.0,4.430408e-05,0.01
11.761056300000007,2.0,2.0,4.411564e-05,0.01
11.765534500000001,2.0,2.0,4.393047e-05,0.01
11.770044100000007,2.0,2.0,4.374588e-05,0.01
11.774590900000021,2.0,2.0,4.356164e-05,0.01
11.779170399999998,2.0,2.0,4.337763e-05,0.01
11.7837533,2.0,2.0,4.318955e-05,0.01
11.78824609999998,2.0,2.0,4.30102e-05,0.01
11.792800499999998,2.0,2.0,4.283084e-05,0.01
11.797404400000005,2.0,2.0,4.264043e-05,0.01
11.802132200000017,2.0,2.0,4.245841e-05,0.01
11.806729299999972,2.0,2.0,4.227649e-05,0.01
11.811283600000024,2.0,2.0,4.209656e-05,0.01
11.81590460000001,2.0,2.0,4.191978e-05,0.01
11.8204475,2.0,2.0,4.174135e-05,0.01
11.825051799999983,2.0,2.0,4.156492e-05,0.01
11.829611399999976,2.0,2.0,4.138906e-05,0.01
11.834071100000017,2.0,2.0,4.121578e-05,0.01
11.83861619999999,2.0,2.0,4.104516e-05,0.01
11.843163899999979,2.0,2.0,4.087105e-05,0.01
11.847762100000011,2.0,2.0,4.069262e-05,0.01
11.852293900000006,2.0,2.0,4.052342e-05,0.01
11.856887599999993,2.0,2.0,4.035379e-05,0.01
11.861488699999995,2.0,2.0,4.017786e-05,0.01
11.866072299999985,2.0,2.0,4.000575e-05,0.01
11.870670099999984,2.0,2.0,3.983805e-05,0.01
11.875123700000017,2.0,2.0,3.967093e-05,0.01
11.879722700000002,2.0,2.0,3.950265e-05,0.01
11.884332900000004,2.0,2.0,3.933436e-05,0.01
11.88874709999999,2.0,2.0,3.917222e-05,0.01
11.8933356,2.0,2.0,3.900685e-05,0.01
11.897916899999984,2.0,2.0,3.884321e-05,0.01
11.902482200000009,2.0,2.0,3.867695e-05,0.01
11.90709499999997,2.0,2.0,3.851099e-05,0.01
11.911727400000018,2.0,2.0,3.835e-05,0.01
11.91604030000002,2.0,2.0,3.81948e-05,0.01
11.92062169999997,2.0,2.0,3.803265e-05,0.01
11.925194200000021,2.0,2.0,3.787426e-05,0.01
11.92974190000001,2.0,2.0,3.771149e-05,0.01
11.934320500000013,2.0,2.0,3.755252e-05,0.01
11.93876419999998,2.0,2.0,3.740376e-05,0.01
11.943003799999985,2.0,2.0,3.72541e-05,0.01
11.9474692,2.0,2.0,3.709746e-05,0.01
11.952007100000003,2.0,2.0,3.694199e-05,0.01
11.956674599999985,2.0,2.0,3.678097e-05,0.01
11.9613789,2.0,2.0,3.662084e-05,0.01
11.966104099999995,2.0,2.0,3.645839e-05,0.01
11.97077969999998,2.0,2.0,3.630524e-05,0.01
11.975304300000005,2.0,2.0,3.614889e-05,0.01
11.980022399999996,2.0,2.0,3.598992e-05,0.01
11.9847398,2.0,2.0,3.583735e-05,0.01
11.989391800000021,2.0,2.0,3.568159e-05,0.01
11.993899800000008,2.0,2.0,3.553542e-05,0.01
11.998537899999974,2.0,2.0,3.538345e-05,0.01
12.003203699999972,2.0,2.0,3.522681e-05,0.01
12.00782909999998,2.0,2.0,3.507686e-05,0.01
12.012393599999996,2.0,2.0,3.492837e-05,0.01
12.01709870000002,2.0,2.0,3.477494e-05,0.01
12.021824900000013,2.0,2.0,3.462413e-05,0.01
12.026580799999977,2.0,2.0,3.44707e-05,0.01
12.03129899999999,2.0,2.0,3.432305e-05,0.01
12.035978399999976,2.0,2.0,3.417545e-05,0.01
12.040672700000016,2.0,2.0,3.402552e-05,0.01
12.045275000000004,2.0,2.0,3.388139e-05,0.01
12.049985499999991,2.0,2.0,3.373259e-05,0.01
12.054668900000024,2.0,2.0,3.359082e-05,0.01
12.059240199999977,2.0,2.0,3.344935e-05,0.01
12.063949999999977,2.0,2.0,3.330141e-05,0.01
12.068677900000012,2.0,2.0,3.315149e-05,0.01
12.0736536,2.0,2.0,3.300501e-05,0.01
12.078285600000015,2.0,2.0,3.286325e-05,0.01
12.082988699999987,2.0,2.0,3.272027e-05,0.01
12.087510599999973,2.0,2.0,3.258226e-05,0.01
12.092247299999997,2.0,2.0,3.243525e-05,0.01
12.09694330000002,2.0,2.0,3.230075e-05,0.01
12.101515399999982,2.0,2.0,3.217465e-05,0.01
12.105849499999977,2.0,2.0,3.20422e-05,0.01
12.110128900000007,2.0,2.0,3.191351e-05,0.01
12.1143639,2.0,2.0,3.179007e-05,0.01
12.118730900000003,2.0,2.0,3.16648e-05,0.01
12.123337600000013,2.0,2.0,3.151308e-05,0.01
12.127987200000007,2.0,2.0,3.13897e-05,0.01
12.132337199999995,2.0,2.0,3.126425e-05,0.01
12.136571800000013,2.0,2.0,3.113607e-05,0.01
12.140842599999985,2.0,2.0,3.102318e-05,0.01
12.145141200000012,2.0,2.0,3.08915e-05,0.01
12.1494055,2.0,2.0,3.077595e-05,0.01
12.153941299999985,2.0,2.0,3.064585e-05,0.01
12.158494799999971,2.0,2.0,3.051998e-05,0.01
12.163033499999983,2.0,2.0,3.03908e-05,0.01
12.167637000000013,2.0,2.0,3.025944e-05,0.01
12.172167600000023,2.0,2.0,3.013575e-05,0.01
12.17676640000002,2.0,2.0,3.000789e-05,0.01
12.181189000000018,2.0,2.0,2.988468e-05,0.01
12.185506400000008,2.0,2.0,2.976938e-05,0.01
12.189726399999984,2.0,2.0,2.965186e-05,0.01
12.19391330000002,2.0,2.0,2.953889e-05,0.01
12.198406700000021,2.0,2.0,2.941859e-05,0.01
12.202660400000013,2.0,2.0,2.930272e-05,0.01
12.207106399999986,2.0,2.0,2.918358e-05,0.01
12.21153529999998,2.0,2.0,2.905838e-05,0.01
12.216187699999978,2.0,2.0,2.894052e-05,0.01
12.220637899999986,2.0,2.0,2.882033e-05,0.01
12.225087999999971,2.0,2.0,2.870212e-05,0.01
12.229385700000023,2.0,2.0,2.85845e-05,0.01
12.233947699999987,2.0,2.0,2.846827e-05,0.01
12.238456499999984,2.0,2.0,2.835146e-05,0.01
12.242932399999972,2.0,2.0,2.823279e-05,0.01
12.24754519999999,2.0,2.0,2.810782e-05,0.01
12.252163999999993,2.0,2.0,2.79902e-05,0.01
12.256898700000022,2.0,2.0,2.786791e-05,0.01
12.261721500000021,2.0,2.0,2.77433e-05,0.01
12.266450099999986,2.0,2.0,2.762101e-05,0.01
12.271312299999977,2.0,2.0,2.749931e-05,0.01
12.276077999999984,2.0,2.0,2.738147e-05,0.01
12.280913899999973,2.0,2.0,2.725685e-05,0.01
12.2857937,2.0,2.0,2.713421e-05,0.01
12.290790000000015,2.0,2.0,2.701309e-05,0.01
12.29559439999997,2.0,2.0,2.689291e-05,0.01
12.300376299999982,2.0,2.0,2.677354e-05,0.01
12.305245800000023,2.0,2.0,2.665533e-05,0.01
12.31011269999999,2.0,2.0,2.65348e-05,0.01
12.314788599999986,2.0,2.0,2.642438e-05,0.01
12.319512700000018,2.0,2.0,2.63085e-05,0.01
12.3243564,2.0,2.0,2.619108e-05,0.01
12.328996700000005,2.0,2.0,2.607653e-05,0.01
12.333897100000002,2.0,2.0,2.596435e-05,0.01
12.338670200000024,2.0,2.0,2.585197e-05,0.01
12.343333299999983,2.0,2.0,2.574054e-05,0.01
12.348121100000014,2.0,2.0,2.562391e-05,0.01
12.352923499999974,2.0,2.0,2.551365e-05,0.01
12.357642699999985,2.0,2.0,2.540455e-05,0.01
12.362531999999987,2.0,2.0,2.528693e-05,0.01
12.367261699999972,2.0,2.0,2.518211e-05,0.01
12.371977800000025,2.0,2.0,2.507051e-05,0.01
12.376889500000004,2.0,2.0,2.495988e-05,0.01
12.38172259999999,2.0,2.0,2.484633e-05,0.01
12.386478199999999,2.0,2.0,2.473898e-05,0.01
12.39132589999997,2.0,2.0,2.463029e-05,0.01
12.39614929999999,2.0,2.0,2.452178e-05,0.01
12.400908500000014,2.0,2.0,2.4416e-05,0.01
12.40570889999998,2.0,2.0,2.430711e-05,0.01
12.410543599999983,2.0,2.0,2.419938e-05,0.01
12.415402400000005,2.0,2.0,2.409302e-05,0.01
12.420067700000004,2.0,2.0,2.399014e-05,0.01
12.424979199999996,2.0,2.0,2.388086e-05,0.01
12.429806299999996,2.0,2.0,2.37743e-05,0.01
12.434683500000006,2.0,2.0,2.367046e-05,0.01
12.439523599999973,2.0,2.0,2.356719e-05,0.01
12.444368300000008,2.0,2.0,2.346025e-05,0.01
12.449117300000012,2.0,2.0,2.33566e-05,0.01
12.453495099999998,2.0,2.0,2.327139e-05,0.01
12.458017100000006,2.0,2.0,2.317453e-05,0.01
12.46235999999999,2.0,2.0,2.308252e-05,0.01
12.466679499999998,2.0,2.0,2.298877e-05,0.01
12.47124150000002,2.0,2.0,2.289386e-05,0.01
12.475783200000023,2.0,2.0,2.279836e-05,0.01
12.48040199999997,2.0,2.0,2.270617e-05,0.01
12.484956899999986,2.0,2.0,2.260776e-05,0.01
12.489331499999992,2.0,2.0,2.251827e-05,0.01
12.49374419999998,2.0,2.0,2.242859e-05,0.01
12.498316799999998,2.0,2.0,2.233677e-05,0.01
12.502877899999987,2.0,2.0,2.224244e-05,0.01
12.507463799999982,2.0,2.0,2.214985e-05,0.01
12.51181029999998,2.0,2.0,2.206116e-05,0.01
12.516346499999997,2.0,2.0,2.19713e-05,0.01
12.52071860000001,2.0,2.0,2.188297e-05,0.01
12.525454799999977,2.0,2.0,2.178649e-05,0.01
12.530236100000025,2.0,2.0,2.168906e-05,0.01
12.535113200000012,2.0,2.0,2.159281e-05,0.01
12.539998500000024,2.0,2.0,2.14969e-05,0.01
12.544726200000014,2.0,2.0,2.140315e-05,0.01
12.549552399999982,2.0,2.0,2.130882e-05,0.01
12.55425409999998,2.0,2.0,2.122031e-05,0.01
12.558942100000024,2.0,2.0,2.113121e-05,0.01
12.56376210000002,2.0,2.0,2.103572e-05,0.01
12.568583100000012,2.0,2.0,2.094063e-05,0.01
12.573304699999994,2.0,2.0,2.085404e-05,0.01
12.57783969999997,2.0,2.0,2.07721e-05,0.01
12.582246699999985,2.0,2.0,2.069016e-05,0.01
12.586720300000025,2.0,2.0,2.05994e-05,0.01
12.591362000000004,2.0,2.0,2.051281e-05,0.01
12.59589649999998,2.0,2.0,2.044118e-05,0.01
12.600475299999971,2.0,2.0,2.034319e-05,0.01
12.605018400000006,2.0,2.0,2.0264e-05,0.01
12.609586999999976,2.0,2.0,2.017623e-05,0.01
12.613991699999985,2.0,2.0,2.009704e-05,0.01
12.618578200000002,2.0,2.0,2.00052e-05,0.01
12.62317939999997,2.0,2.0,1.994056e-05,0.01
12.627746699999989,2.0,2.0,1.984416e-05,0.01
12.632323600000007,2.0,2.0,1.975581e-05,0.01
12.636852900000008,2.0,2.0,1.969715e-05,0.01
12.641430000000014,2.0,2.0,1.95935e-05,0.01
12.645913800000017,2.0,2.0,1.952871e-05,0.01
12.650354600000014,2.0,2.0,1.944004e-05,0.01
12.6549665,2.0,2.0,1.93591e-05,0.01
12.659576200000004,2.0,2.0,1.927874e-05,0.01
12.664272499999981,2.0,2.0,1.919346e-05,0.01
12.668786000000011,2.0,2.0,1.911426e-05,0.01
12.673551700000019,2.0,2.0,1.903491e-05,0.01
12.678048900000022,2.0,2.0,1.895863e-05,0.01
12.682715599999995,2.0,2.0,1.887637e-05,0.01
12.687261499999977,2.0,2.0,1.879733e-05,0.01
12.69193039999999,2.0,2.0,1.872062e-05,0.01
12.696625100000006,2.0,2.0,1.864112e-05,0.01
12.701251800000023,2.0,2.0,1.856383e-05,0.01
12.70594010000002,2.0,2.0,1.848522e-05,0.01
12.710665199999994,2.0,2.0,1.840413e-05,0.01
12.715342099999987,2.0,2.0,1.832814e-05,0.01
12.719980299999975,2.0,2.0,1.82504e-05,0.01
12.724861499999975,2.0,2.0,1.816728e-05,0.01
12.729518600000006,2.0,2.0,1.808925e-05,0.01
12.734150399999976,2.0,2.0,1.801704e-05,0.01
12.738724300000001,2.0,2.0,1.794236e-05,0.01
12.743517800000006,2.0,2.0,1.78639e-05,0.01
12.748224900000025,2.0,2.0,1.778514e-05,0.01
12.752791699999989,2.0,2.0,1.771497e-05,0.01
12.757479199999977,2.0,2.0,1.763854e-05,0.01
12.76204660000002,2.0,2.0,1.75662e-05,0.01
12.766730399999972,2.0,2.0,1.748554e-05,0.01
12.771845699999972,2.0,2.0,1.740984e-05,0.01
12.776542899999981,2.0,2.0,1.733691e-05,0.01
12.781133399999987,2.0,2.0,1.72647e-05,0.01
12.785827799999993,2.0,2.0,1.719061e-05,0.01
12.790581999999972,2.0,2.0,1.711666e-05,0.01
12.795233300000007,2.0,2.0,1.704589e-05,0.01
12.7998781,2.0,2.0,1.697632e-05,0.01
12.804409899999996,2.0,2.0,1.690556e-05,0.01
12.809069399999998,2.0,2.0,1.683133e-05,0.01
12.813744900000017,2.0,2.0,1.676087e-05,0.01
12.818465500000002,2.0,2.0,1.669274e-05,0.01
12.823023599999999,2.0,2.0,1.662184e-05,0.01
12.827409499999987,2.0,2.0,1.655778e-05,0.01
12.83159089999998,2.0,2.0,1.649794e-05,0.01
12.835794599999986,2.0,2.0,1.643013e-05,0.01
12.840045900000007,2.0,2.0,1.637274e-05,0.01
12.844229999999982,2.0,2.0,1.630901e-05,0.01
12.848436400000026,2.0,2.0,1.624509e-05,0.01
12.852645800000005,2.0,2.0,1.618614e-05,0.01
12.857162899999992,2.0,2.0,1.611918e-05,0.01
12.861709599999983,2.0,2.0,1.605202e-05,0.01
12.866414799999973,2.0,2.0,1.59826e-05,0.01
12.87100399999997,2.0,2.0,1.591783e-05,0.01
12.875514500000008,2.0,2.0,1.585203e-05,0.01
12.880097999999975,2.0,2.0,1.578785e-05,0.01
12.884647099999995,2.0,2.0,1.572114e-05,0.01
12.888965900000017,2.0,2.0,1.565929e-05,0.01
12.893466499999988,2.0,2.0,1.559685e-05,0.01
12.897991999999988,2.0,2.0,1.553467e-05,0.01
12.902439500000014,2.0,2.0,1.547411e-05,0.01
12.90670369999998,2.0,2.0,1.540877e-05,0.01
12.91102699999999,2.0,2.0,1.535112e-05,0.01
12.91553749999997,2.0,2.0,1.529197e-05,0.01
12.919881400000008,2.0,2.0,1.523432e-05,0.01
12.924198699999977,2.0,2.0,1.517085e-05,0.01
12.928710899999999,2.0,2.0,1.51068e-05,0.01
12.93334040000002,2.0,2.0,1.504624e-05,0.01
12.937893799999983,2.0,2.0,1.498568e-05,0.01
12.942306799999983,2.0,2.0,1.492558e-05,0.01
12.94692839999999,2.0,2.0,1.486199e-05,0.01
12.951412000000005,2.0,2.0,1.480633e-05,0.01
12.955902700000024,2.0,2.0,1.474075e-05,0.01
12.9604779,2.0,2.0,1.468334e-05,0.01
12.965038300000003,2.0,2.0,1.462045e-05,0.01
12.969669199999998,2.0,2.0,1.455756e-05,0.01
12.97429249999999,2.0,2.0,1.450003e-05,0.01
12.978703499999995,2.0,2.0,1.444529e-05,0.01
12.98325669999997,2.0,2.0,1.438508e-05,0.01
12.987740400000007,2.0,2.0,1.432336e-05,0.01
12.992278100000021,2.0,2.0,1.426757e-05,0.01
12.996826399999975,2.0,2.0,1.421225e-05,0.01
13.001313400000015,2.0,2.0,1.415216e-05,0.01
13.005941300000018,2.0,2.0,1.409451e-05,0.01
13.01052709999999,2.0,2.0,1.403477e-05,0.01
13.015116799999987,2.0,2.0,1.397747e-05,0.01
13.01972840000002,2.0,2.0,1.392215e-05,0.01
13.024202100000025,2.0,2.0,1.386357e-05,0.01
13.028865499999995,2.0,2.0,1.380522e-05,0.01
13.033464600000002,2.0,2.0,1.374804e-05,0.01
13.038055799999995,2.0,2.0,1.369342e-05,0.01
13.04265620000001,2.0,2.0,1.363577e-05,0.01
13.047257300000012,2.0,2.0,1.357707e-05,0.01
13.051883799999985,2.0,2.0,1.352524e-05,0.01
13.056476599999996,2.0,2.0,1.346865e-05,0.01
13.060961299999974,2.0,2.0,1.341402e-05,0.01
13.065557599999977,2.0,2.0,1.335907e-05,0.01
13.070169299999975,2.0,2.0,1.330142e-05,0.01
13.074757599999998,2.0,2.0,1.324923e-05,0.01
13.079353700000013,2.0,2.0,1.319777e-05,0.01
13.08387590000001,2.0,2.0,1.314034e-05,0.01
13.088494500000024,2.0,2.0,1.308433e-05,0.01
13.093102299999998,2.0,2.0,1.302377e-05,0.01
13.09775129999997,2.0,2.0,1.298184e-05,0.01
13.102263100000016,2.0,2.0,1.292059e-05,0.01
13.106611900000019,2.0,2.0,1.288158e-05,0.01
13.111176600000022,2.0,2.0,1.28153e-05,0.01
13.115749999999991,2.0,2.0,1.277279e-05,0.01
13.120379500000013,2.0,2.0,1.270816e-05,0.01
13.124986999999976,2.0,2.0,1.266962e-05,0.01
13.129587399999991,2.0,2.0,1.260742e-05,0.01
13.134189300000003,2.0,2.0,1.255395e-05,0.01
13.138591500000018,2.0,2.0,1.251939e-05,0.01
13.143189199999995,2.0,2.0,1.245486e-05,0.01
13.147602899999981,2.0,2.0,1.240827e-05,0.01
13.152234899999996,2.0,2.0,1.235819e-05,0.01
13.1567048,2.0,2.0,1.231093e-05,0.01
13.161276299999997,2.0,2.0,1.226037e-05,0.01
13.165769800000021,2.0,2.0,1.22097e-05,0.01
13.170428800000025,2.0,2.0,1.215972e-05,0.01
13.175048199999992,2.0,2.0,1.210906e-05,0.01
13.179546899999991,2.0,2.0,1.206345e-05,0.01
13.18412840000002,2.0,2.0,1.20122e-05,0.01
13.188712500000008,2.0,2.0,1.196164e-05,0.01
13.193218000000002,2.0,2.0,1.191447e-05,0.01
13.197833000000003,2.0,2.0,1.186546e-05,0.01
13.202432799999997,2.0,2.0,1.181548e-05,0.01
13.20703629999997,2.0,2.0,1.17654e-05,0.01
13.21158250000002,2.0,2.0,1.171358e-05,0.01
13.216634100000022,2.0,2.0,1.166991e-05,0.01
13.221092100000021,2.0,2.0,1.162449e-05,0.01
13.22580210000001,2.0,2.0,1.157208e-05,0.01
13.230440199999975,2.0,2.0,1.152549e-05,0.01
13.234992299999988,2.0,2.0,1.147891e-05,0.01
13.239550500000007,2.0,2.0,1.143524e-05,0.01
13.244094299999972,2.0,2.0,1.138632e-05,0.01
13.248412799999983,2.0,2.0,1.133906e-05,0.01
13.252977699999974,2.0,2.0,1.129714e-05,0.01
13.257471899999985,2.0,2.0,1.125298e-05,0.01
13.26188129999997,2.0,2.0,1.120688e-05,0.01
13.266463199999976,2.0,2.0,1.116321e-05,0.01
13.270841099999984,2.0,2.0,1.111739e-05,0.01
13.275342799999976,2.0,2.0,1.107353e-05,0.01
13.279706299999987,2.0,2.0,1.10347e-05,0.01
13.284226999999987,2.0,2.0,1.098637e-05,0.01
13.28865350000001,2.0,2.0,1.094153e-05,0.01
13.29325940000001,2.0,2.0,1.089844e-05,0.01
13.297975199999996,2.0,2.0,1.085244e-05,0.01
13.302548899999977,2.0,2.0,1.080702e-05,0.01
13.307254499999999,2.0,2.0,1.076093e-05,0.01
13.311797500000011,2.0,2.0,1.072025e-05,0.01
13.316414899999984,2.0,2.0,1.067591e-05,0.01
13.32087469999999,2.0,2.0,1.06334e-05,0.01
13.325518799999998,2.0,2.0,1.058731e-05,0.01
13.330110600000012,2.0,2.0,1.054547e-05,0.01
13.33478150000002,2.0,2.0,1.050238e-05,0.01
13.339483200000018,2.0,2.0,1.046112e-05,0.01
13.344166099999995,2.0,2.0,1.041504e-05,0.01
13.348847999999975,2.0,2.0,1.036779e-05,0.01
13.353524600000014,2.0,2.0,1.032902e-05,0.01
13.358252499999992,2.0,2.0,1.028635e-05,0.01
13.362936600000012,2.0,2.0,1.024093e-05,0.01
13.36752580000001,2.0,2.0,1.0199e-05,0.01
13.372195799999986,2.0,2.0,1.015832e-05,0.01
13.376894900000025,2.0,2.0,1.011806e-05,0.01
13.381477399999994,2.0,2.0,1.007672e-05,0.01
13.386223799999982,2.0,2.0,1.003429e-05,0.01
13.390919699999984,2.0,2.0,9.27625e-06,0.01
13.47879230000001,2.0,2.0,9.235482e-06,0.01
13.484008000000017,2.0,2.0,9.192134e-06,0.01
13.489244100000008,2.0,2.0,9.147906e-06,0.01
13.494344599999977,2.0,2.0,9.107878e-06,0.01
13.499399400000016,2.0,2.0,9.070025e-06,0.01
13.504685699999982,2.0,2.0,9.025278e-06,0.01
13.509658100000024,2.0,2.0,8.983278e-06,0.01
13.514771600000017,2.0,2.0,8.946559e-06,0.01
13.519870200000014,2.0,2.0,8.90915e-06,0.01
13.524891799999978,2.0,2.0,8.867013e-06,0.01
13.529780000000017,2.0,2.0,8.825014e-06,0.01
13.534707700000013,2.0,2.0,8.791611e-06,0.01
13.539797899999996,2.0,2.0,8.75374e-06,0.01
13.544942699999979,2.0,2.0,8.712248e-06,0.01
13.549671100000012,2.0,2.0,8.671776e-06,0.01
13.554752500000006,2.0,2.0,8.637927e-06,0.01
13.559834799999976,2.0,2.0,8.601648e-06,0.01
13.564925500000015,2.0,2.0,8.55889e-06,0.01
13.570045199999981,2.0,2.0,8.519238e-06,0.01
13.575019899999972,2.0,2.0,8.485892e-06,0.01
13.580068199999971,2.0,2.0,8.450197e-06,0.01
13.585082699999987,2.0,2.0,8.409083e-06,0.01
13.59011270000002,2.0,2.0,8.370773e-06,0.01
13.595131600000002,2.0,2.0,8.325528e-06,0.01
13.600211999999999,2.0,2.0,8.293204e-06,0.01
13.605144199999984,2.0,2.0,8.254636e-06,0.01
13.610258600000009,2.0,2.0,8.223836e-06,0.01
13.615362600000026,2.0,2.0,8.193357e-06,0.01
13.620327700000018,2.0,2.0,8.152371e-06,0.01
13.625201899999979,2.0,2.0,8.110757e-06,0.01
13.630275299999994,2.0,2.0,8.07881e-06,0.01
13.635177199999987,2.0,2.0,8.047627e-06,0.01
13.640339100000006,2.0,2.0,8.015872e-06,0.01
13.645452599999999,2.0,2.0,7.978962e-06,0.01
13.650408500000026,2.0,2.0,7.940079e-06,0.01
13.655372399999976,2.0,2.0,7.907944e-06,0.01
13.660341000000017,2.0,2.0,7.874278e-06,0.01
13.665481899999975,2.0,2.0,7.836669e-06,0.01
13.67060889999999,2.0,2.0,7.801733e-06,0.01
13.675656500000002,2.0,2.0,7.768196e-06,0.01
13.680766099999971,2.0,2.0,7.734086e-06,0.01
13.685819299999991,2.0,2.0,7.698704e-06,0.01
13.690888700000016,2.0,2.0,7.665613e-06,0.01
13.695738399999982,2.0,2.0,7.633223e-06,0.01
13.7007969,2.0,2.0,7.599812e-06,0.01
13.705930599999988,2.0,2.0,7.564685e-06,0.01
13.710956500000009,2.0,2.0,7.531339e-06,0.01
13.715914899999973,2.0,2.0,7.497866e-06,0.01
13.721080700000016,2.0,2.0,7.466236e-06,0.01
13.726028299999996,2.0,2.0,7.43372e-06,0.01
13.731043999999997,2.0,2.0,7.400124e-06,0.01
13.735982200000024,2.0,2.0,7.369893e-06,0.01
13.741062399999976,2.0,2.0,7.336607e-06,0.01
13.746096899999998,2.0,2.0,7.305365e-06,0.01
13.750978999999973,2.0,2.0,7.272401e-06,0.01
13.756058600000017,2.0,2.0,7.241341e-06,0.01
13.761008600000025,2.0,2.0,7.211378e-06,0.01
13.766053999999997,2.0,2.0,7.178537e-06,0.01
13.771123799999998,2.0,2.0,7.146209e-06,0.01
13.776469200000008,2.0,2.0,7.11306e-06,0.01
13.781720800000016,2.0,2.0,7.081433e-06,0.01
13.786788000000001,2.0,2.0,7.049665e-06,0.01
13.791835300000002,2.0,2.0,7.019501e-06,0.01
13.7969157,2.0,2.0,6.98909e-06,0.01
13.802004899999986,2.0,2.0,6.957201e-06,0.01
13.807274500000005,2.0,2.0,6.923608e-06,0.01
13.812388699999985,2.0,2.0,6.893571e-06,0.01
13.817675899999983,2.0,2.0,6.864672e-06,0.01
13.8233247,2.0,2.0,6.82948e-06,0.01
13.828432399999997,2.0,2.0,6.79798e-06,0.01
13.833435599999973,2.0,2.0,6.771515e-06,0.01
13.838420400000018,2.0,2.0,6.742688e-06,0.01
13.843235900000025,2.0,2.0,6.711824e-06,0.01
13.848352900000009,2.0,2.0,6.682096e-06,0.01
13.853450599999974,2.0,2.0,6.654796e-06,0.01
13.858430300000009,2.0,2.0,6.626105e-06,0.01
13.863337899999976,2.0,2.0,6.595613e-06,0.01
13.868659100000002,2.0,2.0,6.564293e-06,0.01
13.873467399999981,2.0,2.0,6.542232e-06,0.01
13.877800999999977,2.0,2.0,6.517997e-06,0.01
13.882100700000024,2.0,2.0,6.493168e-06,0.01
13.886368699999991,2.0,2.0,6.468391e-06,0.01
13.89096649999999,2.0,2.0,6.441686e-06,0.01
13.89550109999999,2.0,2.0,6.417886e-06,0.01
13.900081399999976,2.0,2.0,6.394594e-06,0.01
13.904589299999998,2.0,2.0,6.367421e-06,0.01
13.908919099999991,2.0,2.0,6.342412e-06,0.01
13.91343999999998,2.0,2.0,6.319452e-06,0.01
13.917796899999985,2.0,2.0,6.296275e-06,0.01
13.922254899999984,2.0,2.0,6.270452e-06,0.01
13.926847899999984,2.0,2.0,6.24688e-06,0.01
13.931325300000026,2.0,2.0,6.22098e-06,0.01
13.935856100000024,2.0,2.0,6.197893e-06,0.01
13.940477900000019,2.0,2.0,6.175734e-06,0.01
13.945043199999986,2.0,2.0,6.149402e-06,0.01
13.949515200000008,2.0,2.0,6.123374e-06,0.01
13.953959199999986,2.0,2.0,6.102614e-06,0.01
13.958454599999982,2.0,2.0,6.078779e-06,0.01
13.962965199999985,2.0,2.0,6.054504e-06,0.01
13.967401499999994,2.0,2.0,6.029319e-06,0.01
13.972001700000021,2.0,2.0,6.008064e-06,0.01
13.976575400000002,2.0,2.0,5.983422e-06,0.01
13.981032599999992,2.0,2.0,5.962309e-06,0.01
13.985630300000025,2.0,2.0,5.936855e-06,0.01
13.99020969999998,2.0,2.0,5.910954e-06,0.01
13.994813299999976,2.0,2.0,5.890018e-06,0.01
13.999400700000024,2.0,2.0,5.868604e-06,0.01
14.003996599999994,2.0,2.0,5.844327e-06,0.01
14.008599500000003,2.0,2.0,5.819953e-06,0.01
14.012920800000018,2.0,2.0,5.799446e-06,0.01
14.017540499999996,2.0,2.0,5.777525e-06,0.01
14.022127800000021,2.0,2.0,5.754391e-06,0.01
14.026613999999995,2.0,2.0,5.732453e-06,0.01
14.031317000000001,2.0,2.0,5.708144e-06,0.01
14.035917299999994,2.0,2.0,5.686808e-06,0.01
14.040519500000016,2.0,2.0,5.667144e-06,0.01
14.045032400000025,2.0,2.0,5.642453e-06,0.01
14.049645999999996,2.0,2.0,5.618143e-06,0.01
14.054288199999974,2.0,2.0,5.597352e-06,0.01
14.058840400000008,2.0,2.0,5.576797e-06,0.01
14.06346689999998,2.0,2.0,5.552552e-06,0.01
14.067954299999997,2.0,2.0,5.530725e-06,0.01
14.072386199999983,2.0,2.0,5.511296e-06,0.01
14.076989000000026,2.0,2.0,5.489405e-06,0.01
14.081566099999975,2.0,2.0,5.468487e-06,0.01
14.08616619999998,2.0,2.0,5.44643e-06,0.01
14.090776800000015,2.0,2.0,5.423712e-06,0.01
14.0952044,2.0,2.0,5.402731e-06,0.01
14.09973020000001,2.0,2.0,5.389622e-06,0.01
14.104321200000015,2.0,2.0,5.35865e-06,0.01
14.108966399999986,2.0,2.0,5.339984e-06,0.01
14.113374399999998,2.0,2.0,5.316714e-06,0.01
14.118002100000012,2.0,2.0,5.3091e-06,0.01
14.122619100000009,2.0,2.0,5.276411e-06,0.01
14.127166499999987,2.0,2.0,5.259886e-06,0.01
14.131740200000024,2.0,2.0,5.242492e-06,0.01
14.136301100000026,2.0,2.0,5.215361e-06,0.01
14.140971499999978,2.0,2.0,5.20764e-06,0.01
14.145580199999984,2.0,2.0,5.173764e-06,0.01
14.150164000000018,2.0,2.0,5.155223e-06,0.01
14.154638999999975,2.0,2.0,5.138e-06,0.01
14.158919799999978,2.0,2.0,5.120245e-06,0.01
14.163201000000015,2.0,2.0,5.101239e-06,0.01
14.167429400000003,2.0,2.0,5.081639e-06,0.01
14.17172469999997,2.0,2.0,5.063375e-06,0.01
14.176024900000016,2.0,2.0,5.045962e-06,0.01
14.180622599999992,2.0,2.0,5.028902e-06,0.01
14.184942999999976,2.0,2.0,5.007248e-06,0.01
14.189477599999975,2.0,2.0,4.986161e-06,0.01
14.193850800000007,2.0,2.0,4.970761e-06,0.01
14.198392000000013,2.0,2.0,4.951693e-06,0.01
14.20294309999997,2.0,2.0,4.931496e-06,0.01
14.207521699999972,2.0,2.0,4.910496e-06,0.01
14.211898200000007,2.0,2.0,4.89442e-06,0.01
14.216117999999994,2.0,2.0,4.87715e-06,0.01
14.220667400000025,2.0,2.0,4.86101e-06,0.01
14.225066500000025,2.0,2.0,4.839667e-06,0.01
14.22961399999997,2.0,2.0,4.818946e-06,0.01
14.234348099999977,2.0,2.0,4.802146e-06,0.01
14.2388287,2.0,2.0,4.784137e-06,0.01
14.243113199999982,2.0,2.0,4.766587e-06,0.01
14.247343899999976,2.0,2.0,4.74733e-06,0.01
14.252042700000004,2.0,2.0,4.730402e-06,0.01
14.256618800000012,2.0,2.0,4.712482e-06,0.01
14.26114419999999,2.0,2.0,4.695363e-06,0.01
14.265684099999987,2.0,2.0,4.675764e-06,0.01
14.270269999999982,2.0,2.0,4.65531e-06,0.01
14.274801299999979,2.0,2.0,4.640572e-06,0.01
14.279130699999996,2.0,2.0,4.624446e-06,0.01
14.28364849999997,2.0,2.0,4.605291e-06,0.01
14.288050800000008,2.0,2.0,4.586163e-06,0.01
14.292613500000016,2.0,2.0,4.571144e-06,0.01
14.297144600000024,2.0,2.0,4.552473e-06,0.01
14.30167369999998,2.0,2.0,4.536754e-06,0.01
14.306210399999998,2.0,2.0,4.51849e-06,0.01
14.310789600000021,2.0,2.0,4.498471e-06,0.01
14.315112699999986,2.0,2.0,4.484217e-06,0.01
14.31967739999999,2.0,2.0,4.469807e-06,0.01
14.32410649999997,2.0,2.0,4.451161e-06,0.01
14.328593899999987,2.0,2.0,4.43328e-06,0.01
14.332964899999979,2.0,2.0,4.418324e-06,0.01
14.337635499999976,2.0,2.0,4.401652e-06,0.01
14.34230500000001,2.0,2.0,4.382815e-06,0.01
14.347097299999973,2.0,2.0,4.364806e-06,0.01
14.35179119999998,2.0,2.0,4.34756e-06,0.01
14.35677179999999,2.0,2.0,4.32844e-06,0.01
14.361671899999976,2.0,2.0,4.31316e-06,0.01
14.366464399999984,2.0,2.0,4.294932e-06,0.01
14.371317599999998,2.0,2.0,4.276668e-06,0.01
14.376186899999993,2.0,2.0,4.259578e-06,0.01
14.381025500000021,2.0,2.0,4.244497e-06,0.01
14.385875999999996,2.0,2.0,4.224867e-06,0.01
14.390718100000015,2.0,2.0,4.205996e-06,0.01
14.395575899999983,2.0,2.0,4.191042e-06,0.01
14.40053389999997,2.0,2.0,4.17711e-06,0.01
14.405192,2.0,2.0,4.15843e-06,0.01
14.409779500000013,2.0,2.0,4.140642e-06,0.01
14.414300500000024,2.0,2.0,4.127154e-06,0.01
14.418768199999988,2.0,2.0,4.111877e-06,0.01
14.423109399999987,2.0,2.0,4.096413e-06,0.01
14.427423599999997,2.0,2.0,4.081589e-06,0.01
14.431688699999995,2.0,2.0,4.066759e-06,0.01
14.43618859999998,2.0,2.0,4.052759e-06,0.01
14.44073179999998,2.0,2.0,4.040064e-06,0.01
14.445266800000013,2.0,2.0,4.021577e-06,0.01
14.449889999999982,2.0,2.0,4.00344e-06,0.01
14.454492899999991,2.0,2.0,3.99014e-06,0.01
14.459026699999981,2.0,2.0,3.976331e-06,0.01
14.463577799999996,2.0,2.0,3.960613e-06,0.01
14.46811439999999,2.0,2.0,3.943145e-06,0.01
14.472667600000023,2.0,2.0,3.931053e-06,0.01
14.477197999999987,2.0,2.0,3.914539e-06,0.01
14.481533800000022,2.0,2.0,3.902448e-06,0.01
14.486093299999993,2.0,2.0,3.885967e-06,0.01
14.490477899999973,2.0,2.0,3.870057e-06,0.01
14.49499689999999,2.0,2.0,3.858507e-06,0.01
14.499486400000023,2.0,2.0,3.844952e-06,0.01
14.503852699999982,2.0,2.0,3.829584e-06,0.01
14.508395899999982,2.0,2.0,3.814152e-06,0.01
14.512804500000016,2.0,2.0,3.801648e-06,0.01
14.517368900000008,2.0,2.0,3.787106e-06,0.01
14.521897500000023,2.0,2.0,3.773996e-06,0.01
14.526368300000001,2.0,2.0,3.758629e-06,0.01
14.530777699999987,2.0,2.0,3.742466e-06,0.01
14.535232899999983,2.0,2.0,3.730662e-06,0.01
14.5398012,2.0,2.0,3.717647e-06,0.01
14.544171000000006,2.0,2.0,3.703138e-06,0.01
14.548623899999996,2.0,2.0,3.689232e-06,0.01
14.553129399999989,2.0,2.0,3.676822e-06,0.01
14.557505400000025,2.0,2.0,3.663331e-06,0.01
14.562042200000008,2.0,2.0,3.649522e-06,0.01
14.566373199999987,2.0,2.0,3.636349e-06,0.01
14.570842200000016,2.0,2.0,3.619999e-06,0.01
14.575363600000003,2.0,2.0,3.608828e-06,0.01
14.579918899999996,2.0,2.0,3.596801e-06,0.01
14.584588800000006,2.0,2.0,3.582037e-06,0.01
14.589299499999981,2.0,2.0,3.566064e-06,0.01
14.593985400000008,2.0,2.0,3.560968e-06,0.01
14.59868590000002,2.0,2.0,3.54341e-06,0.01
14.60335809999998,2.0,2.0,3.518146e-06,0.01
14.607954500000005,2.0,2.0,3.513564e-06,0.01
14.612532299999998,2.0,2.0,3.498256e-06,0.01
14.61721399999999,2.0,2.0,3.482566e-06,0.01
14.621983199999988,2.0,2.0,3.469364e-06,0.01
14.626908300000025,2.0,2.0,3.460328e-06,0.01
14.631438199999991,2.0,2.0,3.441336e-06,0.01
14.6358563,2.0,2.0,3.439554e-06,0.01
14.640434400000004,2.0,2.0,3.415364e-06,0.01
14.644814899999972,2.0,2.0,3.412727e-06,0.01
14.64910420000001,2.0,2.0,3.395418e-06,0.01
14.653647299999989,2.0,2.0,3.3845e-06,0.01
14.658213400000022,2.0,2.0,3.373181e-06,0.01
14.662753899999984,2.0,2.0,3.359081e-06,0.01
14.667301899999984,2.0,2.0,3.347881e-06,0.01
14.671765999999991,2.0,2.0,3.332735e-06,0.01
14.676291900000024,2.0,2.0,3.322653e-06,0.01
14.680855399999984,2.0,2.0,3.312344e-06,0.01
14.68512770000001,2.0,2.0,3.297698e-06,0.01
14.68962479999999,2.0,2.0,3.284434e-06,0.01
14.69399229999999,2.0,2.0,3.274061e-06,0.01
14.698501099999987,2.0,2.0,3.262962e-06,0.01
14.703080899999975,2.0,2.0,3.249407e-06,0.01
14.707801899999993,2.0,2.0,3.234733e-06,0.01
14.712487199999998,2.0,2.0,3.224117e-06,0.01
14.717119700000012,2.0,2.0,3.211506e-06,0.01
14.721860499999991,2.0,2.0,3.201069e-06,0.01
14.726591999999982,2.0,2.0,3.186916e-06,0.01
14.731169299999976,2.0,2.0,3.174024e-06,0.01
14.73582399999998,2.0,2.0,3.164542e-06,0.01
14.740482299999996,2.0,2.0,3.153303e-06,0.01
14.74516779999999,2.0,2.0,3.139697e-06,0.01
14.749812899999995,2.0,2.0,3.126715e-06,0.01
14.75453920000001,2.0,2.0,3.116393e-06,0.01
14.759256300000004,2.0,2.0,3.104952e-06,0.01
14.763950899999998,2.0,2.0,3.09202e-06,0.01
14.768625499999985,2.0,2.0,3.079077e-06,0.01
14.773259699999983,2.0,2.0,3.068742e-06,0.01
14.777812499999982,2.0,2.0,3.058394e-06,0.01
14.782367000000022,2.0,2.0,3.047028e-06,0.01
14.786899399999982,2.0,2.0,3.034682e-06,0.01
14.791493300000013,2.0,2.0,3.022821e-06,0.01
14.796151599999973,2.0,2.0,3.012424e-06,0.01
14.801078200000006,2.0,2.0,3.002775e-06,0.01
14.805761000000018,2.0,2.0,2.987987e-06,0.01
14.810390499999983,2.0,2.0,2.975857e-06,0.01
14.81497250000001,2.0,2.0,2.966566e-06,0.01
14.819661999999994,2.0,2.0,2.956232e-06,0.01
14.824370600000009,2.0,2.0,2.943784e-06,0.01
14.829012200000022,2.0,2.0,2.932265e-06,0.01
14.8337717,2.0,2.0,2.92268e-06,0.01
14.838518899999997,2.0,2.0,2.911838e-06,0.01
14.843195900000012,2.0,2.0,2.899787e-06,0.01
14.847893499999998,2.0,2.0,2.887886e-06,0.01
14.852564700000016,2.0,2.0,2.878365e-06,0.01
14.85712940000002,2.0,2.0,2.867586e-06,0.01
14.861790999999982,2.0,2.0,2.8573e-06,0.01
14.86661190000001,2.0,2.0,2.845336e-06,0.01
14.871278200000006,2.0,2.0,2.832441e-06,0.01
14.876036,2.0,2.0,2.824718e-06,0.01
14.880722699999978,2.0,2.0,2.816023e-06,0.01
14.885368599999993,2.0,2.0,2.803504e-06,0.01
14.889919700000007,2.0,2.0,2.791286e-06,0.01
14.894620499999974,2.0,2.0,2.78274e-06,0.01
14.899307000000022,2.0,2.0,2.772704e-06,0.01
14.904004900000018,2.0,2.0,2.76019e-06,0.01
14.908546600000022,2.0,2.0,2.749903e-06,0.01
14.91292390000001,2.0,2.0,2.742626e-06,0.01
14.917401600000005,2.0,2.0,2.731044e-06,0.01
14.922009100000025,2.0,2.0,2.722176e-06,0.01
14.926615400000003,2.0,2.0,2.711825e-06,0.01
14.931172000000004,2.0,2.0,2.699098e-06,0.01
14.935733200000016,2.0,2.0,2.691652e-06,0.01
14.940355399999987,2.0,2.0,2.683676e-06,0.01
14.94463989999997,2.0,2.0,2.672879e-06,0.01
14.94894499999998,2.0,2.0,2.66257e-06,0.01
14.954086399999994,2.0,2.0,2.653597e-06,0.01
14.958611000000019,2.0,2.0,2.644476e-06,0.01
14.963162599999976,2.0,2.0,2.633339e-06,0.01
14.967846500000007,2.0,2.0,2.622797e-06,0.01
14.972541400000011,2.0,2.0,2.613803e-06,0.01
14.977321500000016,2.0,2.0,2.602348e-06,0.01
14.981976599999996,2.0,2.0,2.594287e-06,0.01
14.986648800000012,2.0,2.0,2.584105e-06,0.01
14.991344200000015,2.0,2.0,2.572926e-06,0.01
14.99595039999997,2.0,2.0,2.565884e-06,0.01
15.00048750000002,2.0,2.0,2.557632e-06,0.01
15.005139100000008,2.0,2.0,2.547005e-06,0.01
15.009763399999997,2.0,2.0,2.536123e-06,0.01
15.014392199999975,2.0,2.0,2.52927e-06,0.01
15.01907940000001,2.0,2.0,2.519831e-06,0.01
15.02376879999997,2.0,2.0,2.509522e-06,0.01
15.028341800000021,2.0,2.0,2.498597e-06,0.01
15.032958800000017,2.0,2.0,2.492193e-06,0.01
15.037665199999992,2.0,2.0,2.48182e-06,0.01
15.042379100000005,2.0,2.0,2.473503e-06,0.01
15.046958399999994,2.0,2.0,2.463321e-06,0.01
15.05168500000002,2.0,2.0,2.453756e-06,0.01
15.056410200000016,2.0,2.0,2.44542e-06,0.01
15.061106199999983,2.0,2.0,2.439076e-06,0.01
15.065657999999985,2.0,2.0,2.428492e-06,0.01
15.070389299999988,2.0,2.0,2.417077e-06,0.01
15.074938700000018,2.0,2.0,2.409974e-06,0.01
15.079592400000024,2.0,2.0,2.401804e-06,0.01
15.084270000000004,2.0,2.0,2.392155e-06,0.01
15.088795300000015,2.0,2.0,2.382355e-06,0.01
15.093384700000001,2.0,2.0,2.368184e-06,0.01
15.098099100000013,2.0,2.0,2.367547e-06,0.01
15.102675799999986,2.0,2.0,2.36063e-06,0.01
15.107366200000001,2.0,2.0,2.342283e-06,0.01
15.112018799999987,2.0,2.0,2.347355e-06,0.01
15.116717499999993,2.0,2.0,2.335601e-06,0.01
15.12117840000002,2.0,2.0,2.323637e-06,0.01
15.125909999999976,2.0,2.0,2.322365e-06,0.01
15.130561100000023,2.0,2.0,2.304928e-06,0.01
15.135261200000002,2.0,2.0,2.295255e-06,0.01
15.1398595,2.0,2.0,2.29691e-06,0.01
15.144500600000015,2.0,2.0,2.274573e-06,0.01
15.149168499999973,2.0,2.0,2.272136e-06,0.01
15.153730800000005,2.0,2.0,2.265537e-06,0.01
15.158396700000026,2.0,2.0,2.258836e-06,0.01
15.163074100000017,2.0,2.0,2.248782e-06,0.01
15.167937300000006,2.0,2.0,2.2393e-06,0.01
15.17268009999998,2.0,2.0,2.232018e-06,0.01
15.177368000000001,0.0,0.0,-0.0001938308,0.01
15.33526569999998,0.0,0.0,-0.000192921,0.01
15.339712200000008,0.0,0.0,-0.0001920637,0.01
15.344269800000006,0.0,0.0,-0.0001911905,0.01
15.348632599999974,0.0,0.0,-0.0001903669,0.01
15.35310770000001,0.0,0.0,-0.0001895038,0.01
15.357656299999974,0.0,0.0,-0.0001886146,0.01
15.362494700000013,0.0,0.0,-0.0001877441,0.01
15.367132200000015,0.0,0.0,-0.0001868985,0.01
15.371690000000001,0.0,0.0,-0.0001860457,0.01
15.376287100000013,0.0,0.0,-0.0001852016,0.01
15.380875600000024,0.0,0.0,-0.0001843633,0.01
15.385512399999982,0.0,0.0,-0.0001835192,0.01
15.390064399999972,0.0,0.0,-0.0001827143,0.01
15.394661199999973,0.0,0.0,-0.0001818877,0.01
15.399277999999981,0.0,0.0,-0.0001810727,0.01
15.403834399999994,0.0,0.0,-0.0001802533,0.01
15.408477699999992,0.0,0.0,-0.0001794368,0.01
15.41308829999997,0.0,0.0,-0.0001786232,0.01
15.417589099999987,0.0,0.0,-0.0001778519,0.01
15.422054300000013,0.0,0.0,-0.0001770674,0.01
15.42670320000002,0.0,0.0,-0.0001762568,0.01
15.431289300000003,0.0,0.0,-0.0001754738,0.01
15.435904800000003,0.0,0.0,-0.0001746748,0.01
15.44053630000002,0.0,0.0,-0.0001738931,0.01
15.445138299999996,0.0,0.0,-0.0001731102,0.01
15.449623999999972,0.0,0.0,-0.0001723637,0.01
15.4542237,0.0,0.0,-0.0001715894,0.01
15.458751399999983,0.0,0.0,-0.0001708296,0.01
15.463394300000004,0.0,0.0,-0.0001700597,0.01
15.4680338,0.0,0.0,-0.0001693015,0.01
15.472627100000011,0.0,0.0,-0.0001685417,0.01
15.47725109999999,0.0,0.0,-0.0001677951,0.01
15.481698300000005,0.0,0.0,-0.000167063,0.01
15.486298099999999,0.0,0.0,-0.0001663165,0.01
15.490911299999993,0.0,0.0,-0.0001655655,0.01
15.495347299999992,0.0,0.0,-0.0001648597,0.01
15.499795399999982,0.0,0.0,-0.000164136,0.01
15.504432099999974,0.0,0.0,-0.000163407,0.01
15.508865200000002,0.0,0.0,-0.0001627232,0.01
15.513453500000026,0.0,0.0,-0.0001619749,0.01
15.518076399999984,0.0,0.0,-0.0001612633,0.01
15.522663000000023,0.0,0.0,-0.000160546,0.01
15.527329000000009,0.0,0.0,-0.0001598138,0.01
15.531980900000008,0.0,0.0,-0.0001590964,0.01
15.536639499999978,0.0,0.0,-0.0001583875,0.01
15.54124059999998,0.0,0.0,-0.0001576701,0.01
15.545864499999993,0.0,0.0,-0.0001569761,0.01
15.550507100000004,0.0,0.0,-0.0001562743,0.01
15.55509360000002,0.0,0.0,-0.0001555861,0.01
15.559594300000015,0.0,0.0,-0.0001549062,0.01
15.564229099999977,0.0,0.0,-0.000154218,0.01
15.568788600000005,0.0,0.0,-0.0001535369,0.01
15.573408499999971,0.0,0.0,-0.0001528441,0.01
15.578016199999979,0.0,0.0,-0.0001521688,0.01
15.582566199999974,0.0,0.0,-0.0001514889,0.01
15.587189299999977,0.0,0.0,-0.0001508299,0.01
15.591822700000023,0.0,0.0,-0.0001501546,0.01
15.596457600000008,0.0,0.0,-0.0001494921,0.01
15.601045100000022,0.0,0.0,-0.0001488273,0.01
15.605581799999982,0.0,0.0,-0.0001481508,0.01
15.610111200000006,0.0,0.0,-0.0001475012,0.01
15.61489389999997,0.0,0.0,-0.0001468503,0.01
15.61946949999998,0.0,0.0,-0.0001462146,0.01
15.624099999999999,0.0,0.0,-0.0001455614,0.01
15.628646800000013,0.0,0.0,-0.0001449268,0.01
15.63321719999999,0.0,0.0,-0.0001442818,0.01
15.637699899999973,0.0,0.0,-0.0001435902,0.01
15.642635100000007,0.0,0.0,-0.0001429545,0.01
15.647060899999985,0.0,0.0,-0.000142384,0.01
15.651323100000013,0.0,0.0,-0.0001417832,0.01
15.655646199999978,0.0,0.0,-0.0001412034,0.01
15.659962399999984,0.0,0.0,-0.0001406201,0.01
15.664288499999998,0.0,0.0,-0.000140031,0.01
15.668670799999973,0.0,0.0,-0.0001394546,0.01
15.672967900000003,0.0,0.0,-0.0001388783,0.01
15.677188699999988,0.0,0.0,-0.0001383089,0.01
15.681486199999995,0.0,0.0,-0.0001377209,0.01
15.6858297,0.0,0.0,-0.0001371668,0.01
15.690064899999982,0.0,0.0,-0.0001365963,0.01
15.694702899999982,0.0,0.0,-0.0001359966,0.01
15.699046899999985,0.0,0.0,-0.0001354272,0.01
15.703468299999997,0.0,0.0,-0.0001348392,0.01
15.708042599999999,0.0,0.0,-0.0001342618,0.01
15.712363400000015,0.0,0.0,-0.0001336993,0.01
15.716712299999983,0.0,0.0,-0.0001331394,0.01
15.720964400000014,0.0,0.0,-0.0001326143,0.01
15.725249599999984,0.0,0.0,-0.0001320507,0.01
15.729595099999983,0.0,0.0,-0.0001315024,0.01
15.734192899999982,0.0,0.0,-0.0001309261,0.01
15.738693000000012,0.0,0.0,-0.0001303625,0.01
15.743275900000015,0.0,0.0,-0.0001297967,0.01
15.747811200000001,0.0,0.0,-0.0001292379,0.01
15.752371299999993,0.0,0.0,-0.000128679,0.01
15.75654099999997,0.0,0.0,-0.0001281609,0.01
15.76080780000001,0.0,0.0,-0.0001276369,0.01
15.765171599999974,0.0,0.0,-0.0001270918,0.01
15.769739200000004,0.0,0.0,-0.0001265425,0.01
15.774319300000002,0.0,0.0,-0.0001259799,0.01
15.77892079999998,0.0,0.0,-0.000125421,0.01
15.783449899999994,0.0,0.0,-0.000124896,0.01
15.787993299999982,0.0,0.0,-0.0001243361,0.01
15.792596100000026,0.0,0.0,-0.0001238016,0.01
15.797118099999977,0.0,0.0,-0.000123267,0.01
15.801665000000014,0.0,0.0,-0.0001227246,0.01
15.806289300000003,0.0,0.0,-0.0001221764,0.01
15.810901999999999,0.0,0.0,-0.0001216291,0.01
15.815847599999984,0.0,0.0,-0.0001210237,0.01
15.821071700000005,0.0,0.0,-0.0001204192,0.01
15.826163899999983,0.0,0.0,-0.0001198361,0.01
15.831306799999993,0.0,0.0,-0.0001192714,0.01
15.836327100000005,0.0,0.0,-0.0001186844,0.01
15.841314000000011,0.0,0.0,-0.0001181187,0.01
15.846419400000002,0.0,0.0,-0.0001175492,0.01
15.851428100000021,0.0,0.0,-0.0001169894,0.01
15.856424899999979,0.0,0.0,-0.0001164256,0.01
15.861471300000005,0.0,0.0,-0.0001158619,0.01
15.866466100000025,0.0,0.0,-0.0001153128,0.01
15.871441199999992,0.0,0.0,-0.0001147781,0.01
15.876414099999977,0.0,0.0,-0.0001142251,0.01
15.881557199999975,0.0,0.0,-0.0001136555,0.01
15.88683229999998,0.0,0.0,-0.000113089,0.01
15.892018300000018,0.0,0.0,-0.000112531,0.01
15.897207499999979,0.0,0.0,-0.0001119887,0.01
15.90243959999998,0.0,0.0,-0.0001114142,0.01
15.907567700000016,0.0,0.0,-0.0001108719,0.01
15.912474799999984,0.0,0.0,-0.0001103703,0.01
15.917171600000017,0.0,0.0,-0.0001098938,0.01
15.92190740000001,0.0,0.0,-0.0001094156,0.01
15.9264182,0.0,0.0,-0.00010894,0.01
15.930830599999979,0.0,0.0,-0.00010849,0.01
15.935313000000008,0.0,0.0,-0.0001080301,0.01
15.939878299999975,0.0,0.0,-0.0001075594,0.01
15.944416999999987,0.0,0.0,-0.0001070995,0.01
15.948986300000001,0.0,0.0,-0.0001066445,0.01
15.953424999999982,0.0,0.0,-0.0001061797,0.01
15.95804499999997,0.0,0.0,-0.0001057189,0.01
15.962381499999992,0.0,0.0,-0.0001052823,0.01
15.966939000000025,0.0,0.0,-0.0001048291,0.01
15.971477199999981,0.0,0.0,-0.00010438,0.01
15.975908500000003,0.0,0.0,-0.0001039317,0.01
15.980434800000012,0.0,0.0,-0.0001034951,0.01
15.984975399999996,0.0,0.0,-0.000103041,0.01
15.989537299999995,0.0,0.0,-0.0001026052,0.01
15.993776000000025,0.0,0.0,-0.0001021961,0.01
15.998341299999993,0.0,0.0,-0.0001017378,0.01
16.002896299999975,0.0,0.0,-0.0001013062,0.01
16.007494899999983,0.0,0.0,-0.0001008704,0.01
16.011799699999983,0.0,0.0,-0.0001004521,0.01
16.016280499999993,0.0,0.0,-0.0001000205,0.01
16.020837900000004,0.0,0.0,-9.727943e-05,0.01
16.105031999999994,0.0,0.0,-9.67474e-05,0.01
16.110505699999976,0.0,0.0,-9.625942e-05,0.01
16.115632500000004,0.0,0.0,-9.578367e-05,0.01
16.12099840000002,0.0,0.0,-9.530034e-05,0.01
16.126334999999983,0.0,0.0,-9.480053e-05,0.01
16.131552199999987,0.0,0.0,-9.433876e-05,0.01
16.13657310000002,0.0,0.0,-9.386512e-05,0.01
16.141841699999986,0.0,0.0,-9.341247e-05,0.01
16.14685129999998,0.0,0.0,-9.296392e-05,0.01
16.1518547,0.0,0.0,-9.254133e-05,0.01
16.15683130000002,0.0,0.0,-9.208421e-05,0.01
16.161834199999987,0.0,0.0,-9.164049e-05,0.01
16.167029000000014,0.0,0.0,-9.1202e-05,0.01
16.1718482,0.0,0.0,-9.076701e-05,0.01
16.177171799999996,0.0,0.0,-9.031295e-05,0.01
16.182203500000014,0.0,0.0,-8.98631e-05,0.01
16.1872664,0.0,0.0,-8.944937e-05,0.01
16.191894900000023,0.0,0.0,-8.908367e-05,0.01
16.19621139999998,0.0,0.0,-8.871259e-05,0.01
16.20050809999998,0.0,0.0,-8.835505e-05,0.01
16.204813300000012,0.0,0.0,-8.798949e-05,0.01
16.209145700000022,0.0,0.0,-8.762891e-05,0.01
16.21348180000001,0.0,0.0,-8.727427e-05,0.01
16.217916800000012,0.0,0.0,-8.689169e-05,0.01
16.22255369999999,0.0,0.0,-8.651143e-05,0.01
16.22697599999998,0.0,0.0,-8.615285e-05,0.01
16.23133919999998,0.0,0.0,-8.580054e-05,0.01
16.23588430000001,0.0,0.0,-8.541982e-05,0.01
16.240505400000018,0.0,0.0,-8.504633e-05,0.01
16.244881099999986,0.0,0.0,-8.469461e-05,0.01
16.249291200000016,0.0,0.0,-8.434347e-05,0.01
16.2536963,0.0,0.0,-8.398836e-05,0.01
16.258237399999985,0.0,0.0,-8.362257e-05,0.01
16.262825099999986,0.0,0.0,-8.326861e-05,0.01
16.267270699999983,0.0,0.0,-8.291563e-05,0.01
16.27178120000002,0.0,0.0,-8.256099e-05,0.01
16.276512700000012,0.0,0.0,-8.218249e-05,0.01
16.28116449999999,0.0,0.0,-8.18163e-05,0.01
16.28596540000001,0.0,0.0,-8.143072e-05,0.01
16.290887800000007,0.0,0.0,-8.105687e-05,0.01
16.295498199999997,0.0,0.0,-8.071629e-05,0.01
16.30019279999999,0.0,0.0,-8.035001e-05,0.01
16.30468910000002,0.0,0.0,-8.001162e-05,0.01
16.309539299999983,0.0,0.0,-7.963712e-05,0.01
16.314125199999978,0.0,0.0,-7.929549e-05,0.01
16.318905799999982,0.0,0.0,-7.892792e-05,0.01
16.32464379999999,0.0,0.0,-7.849997e-05,0.01
16.329439100000002,0.0,0.0,-7.814756e-05,0.01
16.334313899999984,0.0,0.0,-7.778314e-05,0.01
16.339163299999996,0.0,0.0,-7.741574e-05,0.01
16.344180800000004,0.0,0.0,-7.70581e-05,0.01
16.349326500000018,0.0,0.0,-7.668247e-05,0.01
16.35423750000001,0.0,0.0,-7.63273e-05,0.01
16.359017600000016,0.0,0.0,-7.598197e-05,0.01
16.363758099999984,0.0,0.0,-7.564191e-05,0.01
16.368446199999994,0.0,0.0,-7.530823e-05,0.01
16.37310819999999,0.0,0.0,-7.498097e-05,0.01
16.377892099999997,0.0,0.0,-7.463447e-05,0.01
16.382746300000008,0.0,0.0,-7.429328e-05,0.01
16.387501900000018,0.0,0.0,-7.396309e-05,0.01
16.39231369999999,0.0,0.0,-7.362594e-05,0.01
16.397080399999993,0.0,0.0,-7.328993e-05,0.01
16.402003700000023,0.0,0.0,-7.294404e-05,0.01
16.40693970000001,0.0,0.0,-7.261094e-05,0.01
16.4118062,0.0,0.0,-7.22732e-05,0.01
16.416830500000003,0.0,0.0,-7.193604e-05,0.01
16.421709899999996,0.0,0.0,-7.160528e-05,0.01
16.426536199999987,0.0,0.0,-7.127744e-05,0.01
16.43141049999997,0.0,0.0,-7.095425e-05,0.01
16.436124300000017,0.0,0.0,-7.063748e-05,0.01
16.44095729999998,0.0,0.0,-7.031254e-05,0.01
16.44579699999997,0.0,0.0,-6.998935e-05,0.01
16.450534500000003,0.0,0.0,-6.968304e-05,0.01
16.45525570000001,0.0,0.0,-6.936919e-05,0.01
16.460006700000008,0.0,0.0,-6.906e-05,0.01
16.464893500000017,0.0,0.0,-6.874436e-05,0.01
16.4697625,0.0,0.0,-6.842406e-05,0.01
16.474567499999978,0.0,0.0,-6.812186e-05,0.01
16.47935990000002,0.0,0.0,-6.7808e-05,0.01
16.484201600000006,0.0,0.0,-6.749882e-05,0.01
16.48903630000001,0.0,0.0,-6.719249e-05,0.01
16.493901300000005,0.0,0.0,-6.688389e-05,0.01
16.498673699999983,0.0,0.0,-6.658921e-05,0.01
16.503361400000017,0.0,0.0,-6.628935e-05,0.01
16.508093700000018,0.0,0.0,-6.599403e-05,0.01
16.512878699999987,0.0,0.0,-6.569593e-05,0.01
16.51771930000001,0.0,0.0,-6.539943e-05,0.01
16.52262619999999,0.0,0.0,-6.509091e-05,0.01
16.527635599999996,0.0,0.0,-6.478571e-05,0.01
16.53257719999999,0.0,0.0,-6.448826e-05,0.01
16.53743099999997,0.0,0.0,-6.41907e-05,0.01
16.542276000000015,0.0,0.0,-6.389664e-05,0.01
16.547154999999975,0.0,0.0,-6.360839e-05,0.01
16.552011499999992,0.0,0.0,-6.332073e-05,0.01
16.55685779999999,0.0,0.0,-6.302891e-05,0.01
16.561704399999996,0.0,0.0,-6.273951e-05,0.01
16.566571399999987,0.0,0.0,-6.245424e-05,0.01
16.5713394,0.0,0.0,-6.217349e-05,0.01
16.576235399999973,0.0,0.0,-6.188583e-05,0.01
16.581149100000005,0.0,0.0,-6.159816e-05,0.01
16.586038499999972,0.0,0.0,-6.131574e-05,0.01
16.590828999999985,0.0,0.0,-6.104331e-05,0.01
16.59572209999999,0.0,0.0,-6.075215e-05,0.01
16.60088669999999,0.0,0.0,-6.045857e-05,0.01
16.605846299999996,0.0,0.0,-6.01744e-05,0.01
16.610701500000005,0.0,0.0,-5.991236e-05,0.01
16.61554209999997,0.0,0.0,-5.962644e-05,0.01
16.620273499999996,0.0,0.0,-5.93807e-05,0.01
16.62518419999998,0.0,0.0,-5.910479e-05,0.01
16.630095299999994,0.0,0.0,-5.883401e-05,0.01
16.634962700000017,0.0,0.0,-5.855556e-05,0.01
16.639932199999976,0.0,0.0,-5.828711e-05,0.01
16.644817499999988,0.0,0.0,-5.800538e-05,0.01
16.649655300000006,0.0,0.0,-5.775604e-05,0.01
16.65431669999998,0.0,0.0,-5.750215e-05,0.01
16.65903579999997,0.0,0.0,-5.724663e-05,0.01
16.663911799999994,0.0,0.0,-5.698447e-05,0.01
16.668740800000023,0.0,0.0,-5.672126e-05,0.01
16.674144300000023,0.0,0.0,-5.644059e-05,0.01
16.67882529999997,0.0,0.0,-5.61909e-05,0.01
16.683627100000024,0.0,0.0,-5.593979e-05,0.01
16.688316699999973,0.0,0.0,-5.569231e-05,0.01
16.693178400000022,0.0,0.0,-5.543913e-05,0.01
16.698018400000024,0.0,0.0,-5.518497e-05,0.01
16.702742999999998,0.0,0.0,-5.494112e-05,0.01
16.707687799999974,0.0,0.0,-5.468723e-05,0.01
16.7125714,0.0,0.0,-5.443799e-05,0.01
16.717293799999993,0.0,0.0,-5.419852e-05,0.01
16.7220954,0.0,0.0,-5.394885e-05,0.01
16.726984500000015,0.0,0.0,-5.370384e-05,0.01
16.731801099999984,0.0,0.0,-5.345853e-05,0.01
16.736696999999992,0.0,0.0,-5.321936e-05,0.01
16.741590299999984,0.0,0.0,-5.297929e-05,0.01
16.74627879999997,0.0,0.0,-5.272365e-05,0.01
16.75148089999999,0.0,0.0,-5.24884e-05,0.01
16.756319599999983,0.0,0.0,-5.22479e-05,0.01
16.761169999999993,0.0,0.0,-5.200915e-05,0.01
16.765906799999982,0.0,0.0,-5.177914e-05,0.01
16.770760999999993,0.0,0.0,-5.154155e-05,0.01
16.775683300000026,0.0,0.0,-5.130238e-05,0.01
16.78052009999999,0.0,0.0,-5.107378e-05,0.01
16.785376799999995,0.0,0.0,-5.084044e-05,0.01
16.790270700000008,0.0,0.0,-5.060752e-05,0.01
16.795165800000007,0.0,0.0,-5.037243e-05,0.01
16.79981079999999,0.0,0.0,-5.015837e-05,0.01
16.80459989999997,0.0,0.0,-4.993144e-05,0.01
16.80931929999997,0.0,0.0,-4.971325e-05,0.01
16.81415499999997,0.0,0.0,-4.948481e-05,0.01
16.818990600000006,0.0,0.0,-4.925847e-05,0.01
16.82390859999998,0.0,0.0,-4.903526e-05,0.01
16.828771000000017,0.0,0.0,-4.881088e-05,0.01
16.833512199999973,0.0,0.0,-4.859852e-05,0.01
16.838272700000005,0.0,0.0,-4.837724e-05,0.01
16.84303189999997,0.0,0.0,-4.81643e-05,0.01
16.8477034,0.0,0.0,-4.795273e-05,0.01
16.852587099999994,0.0,0.0,-4.773824e-05,0.01
16.857446900000014,0.0,0.0,-4.751832e-05,0.01
16.86228460000001,0.0,0.0,-4.730034e-05,0.01
16.867042400000003,0.0,0.0,-4.709148e-05,0.01
16.871927900000003,0.0,0.0,-4.688205e-05,0.01
16.87661159999999,0.0,0.0,-4.66728e-05,0.01
16.88150380000002,0.0,0.0,-4.645812e-05,0.01
16.886360500000023,0.0,0.0,-4.620424e-05,0.01
16.892384600000014,0.0,0.0,-4.599614e-05,0.01
16.89715050000001,0.0,0.0,-4.578339e-05,0.01
16.902083500000003,0.0,0.0,-4.55728e-05,0.01
16.906926,0.0,0.0,-4.536957e-05,0.01
16.91134599999998,0.0,0.0,-4.519313e-05,0.01
16.91581020000001,0.0,0.0,-4.499747e-05,0.01
16.920419400000014,0.0,0.0,-4.481055e-05,0.01
16.924865699999998,0.0,0.0,-4.461955e-05,0.01
16.929436699999997,0.0,0.0,-4.443226e-05,0.01
16.934019200000023,0.0,0.0,-4.42409e-05,0.01
16.93856089999997,0.0,0.0,-4.40512e-05,0.01
16.943113600000004,0.0,0.0,-4.386428e-05,0.01
16.947660600000006,0.0,0.0,-4.368143e-05,0.01
16.95211009999997,0.0,0.0,-4.350441e-05,0.01
16.956627700000013,0.0,0.0,-4.33183e-05,0.01
16.96111669999999,0.0,0.0,-4.313522e-05,0.01
16.965640699999994,0.0,0.0,-4.295121e-05,0.01
16.970269700000017,0.0,0.0,-4.276428e-05,0.01
16.974974599999996,0.0,0.0,-4.257095e-05,0.01
16.979668100000026,0.0,0.0,-4.238345e-05,0.01
16.984505599999977,0.0,0.0,-4.219419e-05,0.01
16.989368300000024,0.0,0.0,-4.200344e-05,0.01
16.99422279999999,0.0,0.0,-4.180929e-05,0.01
16.999002899999994,0.0,0.0,-4.162761e-05,0.01
17.003667300000018,0.0,0.0,-4.144932e-05,0.01
17.00821669999999,0.0,0.0,-4.127156e-05,0.01
17.01301410000002,0.0,0.0,-4.108081e-05,0.01
17.01782609999998,0.0,0.0,-4.090204e-05,0.01
17.022649,0.0,0.0,-4.071336e-05,0.01
17.027554500000008,0.0,0.0,-4.052819e-05,0.01
17.032442800000013,0.0,0.0,-4.035291e-05,0.01
17.037316799999985,0.0,0.0,-4.016682e-05,0.01
17.042040299999996,0.0,0.0,-3.998689e-05,0.01
17.046812499999987,0.0,0.0,-3.98131e-05,0.01
17.051636599999995,0.0,0.0,-3.963433e-05,0.01
17.056361700000025,0.0,0.0,-3.94599e-05,0.01
17.06111279999999,0.0,0.0,-3.928235e-05,0.01
17.06599369999998,0.0,0.0,-3.910501e-05,0.01
17.070892000000015,0.0,0.0,-3.893089e-05,0.01
17.075614299999984,0.0,0.0,-3.874688e-05,0.01
17.080552300000022,0.0,0.0,-3.858181e-05,0.01
17.085169199999996,0.0,0.0,-3.841115e-05,0.01
17.090053099999977,0.0,0.0,-3.824259e-05,0.01
17.094703200000026,0.0,0.0,-3.807399e-05,0.01
17.09950889999999,0.0,0.0,-3.788913e-05,0.01
17.104332999999997,0.0,0.0,-3.774471e-05,0.01
17.109072200000014,0.0,0.0,-3.756564e-05,0.01
17.114042400000017,0.0,0.0,-3.740522e-05,0.01
17.11883160000002,0.0,0.0,-3.721772e-05,0.01
17.12368909999998,0.0,0.0,-3.704505e-05,0.01
17.128498999999977,0.0,0.0,-3.689073e-05,0.01
17.13339289999999,0.0,0.0,-3.673644e-05,0.01
17.13825220000001,0.0,0.0,-3.65661e-05,0.01
17.143144300000017,0.0,0.0,-3.640102e-05,0.01
17.147704799999985,0.0,0.0,-3.624699e-05,0.01
17.15213940000001,0.0,0.0,-3.609879e-05,0.01
17.156530999999973,0.0,0.0,-3.594652e-05,0.01
17.161027400000023,0.0,0.0,-3.5789e-05,0.01
17.16563400000001,0.0,0.0,-3.564663e-05,0.01
17.169929500000023,0.0,0.0,-3.550716e-05,0.01
17.174298299999975,0.0,0.0,-3.535954e-05,0.01
17.1786558,0.0,0.0,-3.521862e-05,0.01
17.18314559999999,0.0,0.0,-3.506809e-05,0.01
17.1877164,0.0,0.0,-3.49231e-05,0.01
17.19229389999998,0.0,0.0,-3.47749e-05,0.01
17.1968655,0.0,0.0,-3.462408e-05,0.01
17.20143230000002,0.0,0.0,-3.448171e-05,0.01
17.205610700000022,0.0,0.0,-3.434456e-05,0.01
17.20991090000001,0.0,0.0,-3.420977e-05,0.01
17.214482999999973,0.0,0.0,-3.406272e-05,0.01
17.218801499999984,0.0,0.0,-3.392502e-05,0.01
17.22340159999999,0.0,0.0,-3.377944e-05,0.01
17.22774049999998,0.0,0.0,-3.364668e-05,0.01
17.23230209999997,0.0,0.0,-3.350634e-05,0.01
17.23695090000001,0.0,0.0,-3.335901e-05,0.01
17.241402300000004,0.0,0.0,-3.322073e-05,0.01
17.24596379999997,0.0,0.0,-3.308067e-05,0.01
17.250387699999976,0.0,0.0,-3.294611e-05,0.01
17.25497660000002,0.0,0.0,-3.280751e-05,0.01
17.259484699999973,0.0,0.0,-3.266924e-05,0.01
17.263774000000012,0.0,0.0,-3.253822e-05,0.01
17.268284100000017,0.0,0.0,-3.240344e-05,0.01
17.272832100000016,0.0,0.0,-3.226686e-05,0.01
17.277480000000025,0.0,0.0,-3.212451e-05,0.01
17.281914900000004,0.0,0.0,-3.199232e-05,0.01
17.28656699999999,0.0,0.0,-3.185574e-05,0.01
17.29109699999998,0.0,0.0,-3.17242e-05,0.01
17.29574600000001,0.0,0.0,-3.158555e-05,0.01
17.300294699999995,0.0,0.0,-3.144288e-05,0.01
17.305247899999983,0.0,0.0,-3.130894e-05,0.01
17.30987060000001,0.0,0.0,-3.11765e-05,0.01
17.3145174,0.0,0.0,-3.104017e-05,0.01
17.31910210000001,0.0,0.0,-3.090922e-05,0.01
17.32357139999999,0.0,0.0,-3.07802e-05,0.01
17.328075800000022,0.0,0.0,-3.065584e-05,0.01
17.332403699999986,0.0,0.0,-3.053272e-05,0.01
17.336707199999978,0.0,0.0,-3.041334e-05,0.01
17.342145200000004,0.0,0.0,-3.025553e-05,0.01
17.34665819999998,0.0,0.0,-3.012951e-05,0.01
17.351054599999998,0.0,0.0,-3.000839e-05,0.01
17.355606599999987,0.0,0.0,-2.987819e-05,0.01
17.360189699999978,0.0,0.0,-2.975358e-05,0.01
17.364761499999986,0.0,0.0,-2.962838e-05,0.01
17.369324500000005,0.0,0.0,-2.950061e-05,0.01
17.37378430000001,0.0,0.0,-2.938148e-05,0.01
17.378345200000012,0.0,0.0,-2.92572e-05,0.01
17.382930999999985,0.0,0.0,-2.913084e-05,0.01
17.387257200000022,0.0,0.0,-2.901764e-05,0.01
17.391482499999995,0.0,0.0,-2.890689e-05,0.01
17.395652100000007,0.0,0.0,-2.879392e-05,0.01
17.399824500000022,0.0,0.0,-2.868188e-05,0.01
17.404005400000017,0.0,0.0,-2.857264e-05,0.01
17.408184500000004,0.0,0.0,-2.846351e-05,0.01
17.412345099999982,0.0,0.0,-2.835462e-05,0.01
17.41651059999998,0.0,0.0,-2.82434e-05,0.01
17.420647299999985,0.0,0.0,-2.813613e-05,0.01
17.424844500000006,0.0,0.0,-2.802503e-05,0.01
17.429084499999988,0.0,0.0,-2.791614e-05,0.01
17.433528000000024,0.0,0.0,-2.780107e-05,0.01
17.437889299999995,0.0,0.0,-2.768635e-05,0.01
17.442401099999984,0.0,0.0,-2.757199e-05,0.01
17.446950500000014,0.0,0.0,-2.745553e-05,0.01
17.451375299999995,0.0,0.0,-2.734534e-05,0.01
17.455898900000022,0.0,0.0,-2.722879e-05,0.01
17.460486899999978,0.0,0.0,-2.711488e-05,0.01
17.464791900000023,0.0,0.0,-2.700715e-05,0.01
17.469134399999973,0.0,0.0,-2.689847e-05,0.01
17.473530600000004,0.0,0.0,-2.679133e-05,0.01
17.478092600000025,0.0,0.0,-2.667639e-05,0.01
17.482652799999983,0.0,0.0,-2.656248e-05,0.01
17.487183700000003,0.0,0.0,-2.645395e-05,0.01
17.491592500000024,0.0,0.0,-2.634739e-05,0.01
17.496154100000012,0.0,0.0,-2.623347e-05,0.01
17.500598000000025,0.0,0.0,-2.612844e-05,0.01
17.505167200000017,0.0,0.0,-2.602071e-05,0.01
17.509620400000017,0.0,0.0,-2.591436e-05,0.01
17.5140983,0.0,0.0,-2.580817e-05,0.01
17.518555400000025,0.0,0.0,-2.56989e-05,0.01
17.523016100000007,0.0,0.0,-2.559059e-05,0.01
17.527559800000006,0.0,0.0,-2.548636e-05,0.01
17.53208760000001,0.0,0.0,-2.53827e-05,0.01
17.536583300000018,0.0,0.0,-2.527439e-05,0.01
17.541043000000002,0.0,0.0,-2.516957e-05,0.01
17.545574999999985,0.0,0.0,-2.506496e-05,0.01
17.549929799999973,0.0,0.0,-2.49681e-05,0.01
17.55448439999998,0.0,0.0,-2.485978e-05,0.01
17.559020799999985,0.0,0.0,-2.475808e-05,0.01
17.56355739999998,0.0,0.0,-2.46519e-05,0.01
17.568109300000003,0.0,0.0,-2.455037e-05,0.01
17.572620400000005,0.0,0.0,-2.445042e-05,0.01
17.577007400000014,0.0,0.0,-2.434909e-05,0.01
17.5816006,0.0,0.0,-2.424582e-05,0.01
17.586133399999994,0.0,0.0,-2.414605e-05,0.01
17.590645800000004,0.0,0.0,-2.404803e-05,0.01
17.595127400000024,0.0,0.0,-2.393778e-05,0.01
17.599654799999996,0.0,0.0,-2.385781e-05,0.01
17.60417819999998,0.0,0.0,-2.37429e-05,0.01
17.608573200000023,0.0,0.0,-2.365089e-05,0.01
17.61312099999998,0.0,0.0,-2.354239e-05,0.01
17.61762490000001,0.0,0.0,-2.34632e-05,0.01
17.622181399999988,0.0,0.0,-2.334771e-05,0.01
17.626700299999982,0.0,0.0,-2.325997e-05,0.01
17.631240900000023,0.0,0.0,-2.316834e-05,0.01
17.635774400000003,0.0,0.0,-2.305732e-05,0.01
17.64029929999998,0.0,0.0,-2.297522e-05,0.01
17.64483039999999,0.0,0.0,-2.286302e-05,0.01
17.64932090000002,0.0,0.0,-2.277644e-05,0.01
17.653811099999984,0.0,0.0,-2.268523e-05,0.01
17.658344199999988,0.0,0.0,-2.258856e-05,0.01
17.66283169999997,0.0,0.0,-2.249383e-05,0.01
17.667334600000004,0.0,0.0,-2.240241e-05,0.01
17.671830699999987,0.0,0.0,-2.231291e-05,0.01
17.676338999999984,0.0,0.0,-2.221821e-05,0.01
17.680860399999972,0.0,0.0,-2.212249e-05,0.01
17.685494199999994,0.0,0.0,-2.203147e-05,0.01
17.690121799999986,0.0,0.0,-2.193946e-05,0.01
17.694622600000002,0.0,0.0,-2.184845e-05,0.01
17.699121699999978,0.0,0.0,-2.17572e-05,0.01
17.703644300000008,0.0,0.0,-2.166327e-05,0.01
17.70819640000002,0.0,0.0,-2.157552e-05,0.01
17.712716399999977,0.0,0.0,-2.148974e-05,0.01
17.71707809999998,0.0,0.0,-2.139907e-05,0.01
17.721635600000013,0.0,0.0,-2.131039e-05,0.01
17.726179399999978,0.0,0.0,-2.122362e-05,0.01
17.730702599999972,0.0,0.0,-2.113528e-05,0.01
17.735214600000006,0.0,0.0,-2.104677e-05,0.01
17.739727500000015,0.0,0.0,-2.096134e-05,0.01
17.744242499999984,0.0,0.0,-2.087208e-05,0.01
17.74859809999998,0.0,0.0,-2.078939e-05,0.01
17.7532066,0.0,0.0,-2.070461e-05,0.01
17.7577359,0.0,0.0,-2.061901e-05,0.01
17.762227999999993,0.0,0.0,-2.052967e-05,0.01
17.766746000000012,0.0,0.0,-2.044832e-05,0.01
17.771237799999994,0.0,0.0,-2.036255e-05,0.01
17.77563329999998,0.0,0.0,-2.027911e-05,0.01
17.780237,0.0,0.0,-2.01951e-05,0.01
17.784668099999976,0.0,0.0,-2.011141e-05,0.01
17.789190899999994,0.0,0.0,-2.002888e-05,0.01
17.7937225,0.0,0.0,-1.994461e-05,0.01
17.798371799999984,0.0,0.0,-1.986027e-05,0.01
17.802886699999988,0.0,0.0,-1.977658e-05,0.01
17.8073718,0.0,0.0,-1.969797e-05,0.01
17.811723299999983,0.0,0.0,-1.962068e-05,0.01
17.816238999999996,0.0,0.0,-1.953666e-05,0.01
17.820752700000014,0.0,0.0,-1.945472e-05,0.01
17.8251396,0.0,0.0,-1.937987e-05,0.01
17.829684999999984,0.0,0.0,-1.929966e-05,0.01
17.834172000000024,0.0,0.0,-1.922121e-05,0.01
17.83851340000001,0.0,0.0,-1.91426e-05,0.01
17.843037200000026,0.0,0.0,-1.906266e-05,0.01
17.84760890000001,0.0,0.0,-1.89842e-05,0.01
17.85212100000001,0.0,0.0,-1.890676e-05,0.01
17.85658380000001,0.0,0.0,-1.882597e-05,0.01
17.861150599999974,0.0,0.0,-1.874414e-05,0.01
17.865937799999983,0.0,0.0,-1.866699e-05,0.01
17.870592499999987,0.0,0.0,-1.858998e-05,0.01
17.875192099999992,0.0,0.0,-1.850962e-05,0.01
17.879759999999976,0.0,0.0,-1.843275e-05,0.01
17.884351600000002,0.0,0.0,-1.835297e-05,0.01
17.88880660000001,0.0,0.0,-1.828135e-05,0.01
17.89335360000001,0.0,0.0,-1.820841e-05,0.01
17.897817599999996,0.0,0.0,-1.812703e-05,0.01
17.90251360000002,0.0,0.0,-1.804944e-05,0.01
17.90697289999997,0.0,0.0,-1.797898e-05,0.01
17.911246399999982,0.0,0.0,-1.791056e-05,0.01
17.915705800000012,0.0,0.0,-1.783588e-05,0.01
17.920315700000003,0.0,0.0,-1.776047e-05,0.01
17.92472459999999,0.0,0.0,-1.768855e-05,0.01
17.929256899999984,0.0,0.0,-1.76162e-05,0.01
17.93392640000002,0.0,0.0,-1.754283e-05,0.01
17.938444300000015,0.0,0.0,-1.746727e-05,0.01
17.942964399999994,0.0,0.0,-1.739564e-05,0.01
17.947464799999977,0.0,0.0,-1.732562e-05,0.01
17.951984900000014,0.0,0.0,-1.725502e-05,0.01
17.956650000000025,0.0,0.0,-1.717888e-05,0.01
17.961215299999992,0.0,0.0,-1.710448e-05,0.01
17.96596390000002,0.0,0.0,-1.70317e-05,0.01
17.970797600000026,0.0,0.0,-1.695949e-05,0.01
17.975680899999986,0.0,0.0,-1.688074e-05,0.01
17.980554199999972,0.0,0.0,-1.680226e-05,0.01
17.985363399999983,0.0,0.0,-1.673194e-05,0.01
17.9902381,0.0,0.0,-1.665888e-05,0.01
17.995159600000022,0.0,0.0,-1.658026e-05,0.01
18.000115300000004,0.0,0.0,-1.650922e-05,0.01
18.004833299999973,0.0,0.0,-1.643876e-05,0.01
18.009670400000005,0.0,0.0,-1.636378e-05,0.01
18.01450619999997,0.0,0.0,-1.629318e-05,0.01
18.0192993,0.0,0.0,-1.622143e-05,0.01
18.02410900000001,0.0,0.0,-1.615078e-05,0.01
18.028858599999978,0.0,0.0,-1.608297e-05,0.01
18.03371800000002,0.0,0.0,-1.600973e-05,0.01
18.038660100000016,0.0,0.0,-1.593681e-05,0.01
18.043565600000022,0.0,0.0,-1.586415e-05,0.01
18.0482758,0.0,0.0,-1.579938e-05,0.01
18.053141299999993,0.0,0.0,-1.573196e-05,0.01
18.057958699999972,0.0,0.0,-1.565917e-05,0.01
18.062934299999995,0.0,0.0,-1.558729e-05,0.01
18.06784749999997,0.0,0.0,-1.551858e-05,0.01
18.07254260000002,0.0,0.0,-1.54564e-05,0.01
18.07716149999999,0.0,0.0,-1.538665e-05,0.01
18.082040199999994,0.0,0.0,-1.53206e-05,0.01
18.08691749999997,0.0,0.0,-1.525434e-05,0.01
18.09176480000002,0.0,0.0,-1.518376e-05,0.01
18.09647799999999,0.0,0.0,-1.5114e-05,0.01
18.101326200000017,0.0,0.0,-1.506625e-05,0.01
18.10605019999997,0.0,0.0,-1.499929e-05,0.01
18.11081009999998,0.0,0.0,-1.491335e-05,0.01
18.115668099999994,0.0,0.0,-1.485592e-05,0.01
18.120503499999984,0.0,0.0,-1.477917e-05,0.01
18.125662499999976,0.0,0.0,-1.472106e-05,0.01
18.130550200000016,0.0,0.0,-1.465281e-05,0.01
18.13546409999998,0.0,0.0,-1.458876e-05,0.01
18.140320900000006,0.0,0.0,-1.454043e-05,0.01
18.14503000000002,0.0,0.0,-1.447625e-05,0.01
18.149835600000017,0.0,0.0,-1.440463e-05,0.01
18.154679199999975,0.0,0.0,-1.434011e-05,0.01
18.15951130000002,0.0,0.0,-1.427839e-05,0.01
18.164428499999985,0.0,0.0,-1.421375e-05,0.01
18.169164000000023,0.0,0.0,-1.415435e-05,0.01
18.17397060000002,0.0,0.0,-1.408797e-05,0.01
18.18014820000002,0.0,0.0,-1.401507e-05,0.01
18.18478269999997,0.0,0.0,-1.395287e-05,0.01
18.18960340000001,0.0,0.0,-1.388951e-05,0.01
18.1943766,0.0,0.0,-1.38335e-05,0.01
18.199133000000018,0.0,0.0,-1.377189e-05,0.01
18.20416289999997,0.0,0.0,-1.370969e-05,0.01
18.208950399999992,0.0,0.0,-1.365124e-05,0.01
18.213692999999978,0.0,0.0,-1.359428e-05,0.01
18.2183,0.0,0.0,-1.353477e-05,0.01
18.222829900000022,0.0,0.0,-1.348073e-05,0.01
18.2270934,0.0,0.0,-1.342948e-05,0.01
18.231301499999972,0.0,0.0,-1.338057e-05,0.01
18.23555319999997,0.0,0.0,-1.33262e-05,0.01
18.24012110000001,0.0,0.0,-1.327215e-05,0.01
18.24469640000001,0.0,0.0,-1.321741e-05,0.01
18.249045599999988,0.0,0.0,-1.316617e-05,0.01
18.253570500000023,0.0,0.0,-1.311503e-05,0.01
18.258152999999993,0.0,0.0,-1.305913e-05,0.01
18.262387699999977,0.0,0.0,-1.300429e-05,0.01
18.266995399999985,0.0,0.0,-1.295373e-05,0.01
18.27163280000002,0.0,0.0,-1.289878e-05,0.01
18.276220000000023,0.0,0.0,-1.284425e-05,0.01
18.28082119999999,0.0,0.0,-1.279126e-05,0.01
18.285352199999977,0.0,0.0,-1.27406e-05,0.01
18.2905983,0.0,0.0,-1.268004e-05,0.01
18.29512440000002,0.0,0.0,-1.262589e-05,0.01
18.299746400000004,0.0,0.0,-1.257279e-05,0.01
18.304346699999996,0.0,0.0,-1.252155e-05,0.01
18.308770299999992,0.0,0.0,-1.246962e-05,0.01
18.313694899999973,0.0,0.0,-1.241974e-05,0.01
18.318145700000002,0.0,0.0,-1.236898e-05,0.01
18.322754400000008,0.0,0.0,-1.231483e-05,0.01
18.327214099999992,0.0,0.0,-1.226591e-05,0.01
18.33160750000002,0.0,0.0,-1.221758e-05,0.01
18.336070300000017,0.0,0.0,-1.21675e-05,0.01
18.340668800000003,0.0,0.0,-1.211636e-05,0.01
18.345340099999987,0.0,0.0,-1.206385e-05,0.01
18.35006249999998,0.0,0.0,-1.201329e-05,0.01
18.354829999999993,0.0,0.0,-1.196127e-05,0.01
18.35954700000002,0.0,0.0,-1.191022e-05,0.01
18.364159900000004,0.0,0.0,-1.186072e-05,0.01
18.368494699999985,0.0,0.0,-1.181579e-05,0.01
18.373006599999997,0.0,0.0,-1.176872e-05,0.01
18.377843999999982,0.0,0.0,-1.171689e-05,0.01
18.38230649999997,0.0,0.0,-1.166923e-05,0.01
18.386809900000003,0.0,0.0,-1.162314e-05,0.01
18.391419499999984,0.0,0.0,-1.157646e-05,0.01
18.3959337,0.0,0.0,-1.152463e-05,0.01
18.40028239999998,0.0,0.0,-1.148154e-05,0.01
18.40463870000002,0.0,0.0,-1.143719e-05,0.01
18.40923570000001,0.0,0.0,-1.139186e-05,0.01
18.413606800000025,0.0,0.0,-1.134779e-05,0.01
18.4179307,0.0,0.0,-1.13016e-05,0.01
18.422495099999992,0.0,0.0,-1.125278e-05,0.01
18.42707059999998,0.0,0.0,-1.120902e-05,0.01
18.431536800000003,0.0,0.0,-1.116418e-05,0.01
18.436077099999977,0.0,0.0,-1.11175e-05,0.01
18.440722100000016,0.0,0.0,-1.106926e-05,0.01
18.445513000000005,0.0,0.0,-1.102277e-05,0.01
18.450374899999986,0.0,0.0,-1.097435e-05,0.01
18.455220499999996,0.0,0.0,-1.092319e-05,0.01
18.460080600000026,0.0,0.0,-1.087885e-05,0.01
18.464848099999983,0.0,0.0,-1.082944e-05,0.01
18.46968670000001,0.0,0.0,-1.078684e-05,0.01
18.474441300000024,0.0,0.0,-1.07386e-05,0.01
18.479118099999994,0.0,0.0,-1.069367e-05,0.01
18.483788300000015,0.0,0.0,-1.064601e-05,0.01
18.488681600000007,0.0,0.0,-1.060475e-05,0.01
18.493520999999987,0.0,0.0,-1.056207e-05,0.01
18.498337400000025,0.0,0.0,-1.051315e-05,0.01
18.50311290000002,0.0,0.0,-1.046482e-05,0.01
18.507756900000004,0.0,0.0,-1.042464e-05,0.01
18.512448099999972,0.0,0.0,-1.038097e-05,0.01
18.51723770000001,0.0,0.0,-1.03338e-05,0.01
18.52207040000002,0.0,0.0,-1.028905e-05,0.01
18.526931100000013,0.0,0.0,-1.024529e-05,0.01
18.531800999999973,0.0,0.0,-1.020104e-05,0.01
18.536651099999972,0.0,0.0,-1.015553e-05,0.01
18.541499199999976,0.0,0.0,-1.011128e-05,0.01
18.546295799999996,0.0,0.0,-1.006827e-05,0.01
18.551151500000003,0.0,0.0,-1.002518e-05,0.01
18.556108199999983,0.0,0.0,-9.884119e-06,0.01
18.644272699999988,0.0,0.0,-9.833924e-06,0.01
18.649514399999987,0.0,0.0,-9.786434e-06,0.01
18.654682999999977,0.0,0.0,-9.740025e-06,0.01
18.659928100000002,0.0,0.0,-9.693028e-06,0.01
18.665202099999988,0.0,0.0,-9.645347e-06,0.01
18.67041610000001,0.0,0.0,-9.601578e-06,0.01
18.67573679999998,0.0,0.0,-9.553912e-06,0.01
18.6808633,0.0,0.0,-9.508523e-06,0.01
18.68599549999999,0.0,0.0,-9.465313e-06,0.01
18.691186700000003,0.0,0.0,-9.421924e-06,0.01
18.696487100000013,0.0,0.0,-9.37585e-06,0.01
18.70144210000001,0.0,0.0,-9.332817e-06,0.01
18.706567199999995,0.0,0.0,-9.291133e-06,0.01
18.711581599999988,0.0,0.0,-9.250787e-06,0.01
18.7166388,0.0,0.0,-9.206686e-06,0.01
18.721788800000013,0.0,0.0,-9.163221e-06,0.01
18.726932799999986,0.0,0.0,-9.122311e-06,0.01
18.732259899999974,0.0,0.0,-9.078199e-06,0.01
18.737306999999987,0.0,0.0,-9.037279e-06,0.01
18.742275800000016,0.0,0.0,-8.995714e-06,0.01
18.747225800000024,0.0,0.0,-8.954858e-06,0.01
18.752349900000013,0.0,0.0,-8.916566e-06,0.01
18.757304499999975,0.0,0.0,-8.875383e-06,0.01
18.762398700000006,0.0,0.0,-8.834009e-06,0.01
18.767747699999973,0.0,0.0,-8.786551e-06,0.01
18.773505899999975,0.0,0.0,-8.749704e-06,0.01
18.7785935,0.0,0.0,-8.706931e-06,0.01
18.783509700000025,0.0,0.0,-8.666138e-06,0.01
18.78842639999999,0.0,0.0,-8.630813e-06,0.01
18.793403599999976,0.0,0.0,-8.594418e-06,0.01
18.798495800000012,0.0,0.0,-8.552792e-06,0.01
18.803489800000023,0.0,0.0,-8.511694e-06,0.01
18.80850829999997,0.0,0.0,-8.475022e-06,0.01
18.813469800000007,0.0,0.0,-8.441167e-06,0.01
18.81835749999999,0.0,0.0,-8.401338e-06,0.01
18.823488899999973,0.0,0.0,-8.359909e-06,0.01
18.82847579999998,0.0,0.0,-8.325166e-06,0.01
18.83354220000001,0.0,0.0,-8.289649e-06,0.01
18.838617699999986,0.0,0.0,-8.249557e-06,0.01
18.84366970000002,0.0,0.0,-8.20921e-06,0.01
18.848799299999996,0.0,0.0,-8.1758e-06,0.01
18.853893200000016,0.0,0.0,-8.141051e-06,0.01
18.859006000000022,0.0,0.0,-8.099375e-06,0.01
18.864136499999972,0.0,0.0,-8.060744e-06,0.01
18.869056699999987,0.0,0.0,-8.029308e-06,0.01
18.874215400000026,0.0,0.0,-7.992206e-06,0.01
18.879347699999983,0.0,0.0,-7.953641e-06,0.01
18.884453399999984,0.0,0.0,-7.917047e-06,0.01
18.88950410000001,0.0,0.0,-7.882683e-06,0.01
18.89463539999997,0.0,0.0,-7.847299e-06,0.01
18.899645099999987,0.0,0.0,-7.810517e-06,0.01
18.904694099999972,0.0,0.0,-7.774752e-06,0.01
18.909662000000026,0.0,0.0,-7.742933e-06,0.01
18.914206499999977,0.0,0.0,-7.716394e-06,0.01
18.91846989999999,0.0,0.0,-7.683367e-06,0.01
18.922926599999982,0.0,0.0,-7.65212e-06,0.01
18.927496399999995,0.0,0.0,-7.622974e-06,0.01
18.932057499999985,0.0,0.0,-7.592429e-06,0.01
18.93673910000001,0.0,0.0,-7.559399e-06,0.01
18.941321200000004,0.0,0.0,-7.527262e-06,0.01
18.945866799999976,0.0,0.0,-7.497351e-06,0.01
18.950334199999986,0.0,0.0,-7.467759e-06,0.01
18.95474999999999,0.0,0.0,-7.439819e-06,0.01
18.959167999999977,0.0,0.0,-7.408579e-06,0.01
18.963749300000018,0.0,0.0,-7.377715e-06,0.01
18.968181200000004,0.0,0.0,-7.350155e-06,0.01
18.97265169999997,0.0,0.0,-7.322472e-06,0.01
18.977212500000007,0.0,0.0,-7.291417e-06,0.01
18.981729700000017,0.0,0.0,-7.26157e-06,0.01
18.98634420000002,0.0,0.0,-7.23211e-06,0.01
18.99104349999999,0.0,0.0,-7.20315e-06,0.01
18.995735799999977,0.0,0.0,-7.172667e-06,0.01
19.000382600000023,0.0,0.0,-7.14333e-06,0.01
19.005081099999984,0.0,0.0,-7.111643e-06,0.01
19.009747600000026,0.0,0.0,-7.083885e-06,0.01
19.014435600000013,0.0,0.0,-7.05652e-06,0.01
19.019105799999977,0.0,0.0,-7.024446e-06,0.01
19.023622999999986,0.0,0.0,-6.994606e-06,0.01
19.028263100000004,0.0,0.0,-6.96826e-06,0.01
19.032981300000017,0.0,0.0,-6.940435e-06,0.01
19.0376933,0.0,0.0,-6.908622e-06,0.01
19.04235349999999,0.0,0.0,-6.880056e-06,0.01
19.046883400000013,0.0,0.0,-6.8534e-06,0.01
19.051564499999984,0.0,0.0,-6.826855e-06,0.01
19.056286199999988,0.0,0.0,-6.796563e-06,0.01
19.0609427,0.0,0.0,-6.76888e-06,0.01
19.06561049999999,0.0,0.0,-6.739606e-06,0.01
19.07029879999999,0.0,0.0,-6.713123e-06,0.01
19.07501129999997,0.0,0.0,-6.68545e-06,0.01
19.079721099999972,0.0,0.0,-6.656176e-06,0.01
19.08429480000001,0.0,0.0,-6.626838e-06,0.01
19.08888029999997,0.0,0.0,-6.60291e-06,0.01
19.093426899999997,0.0,0.0,-6.584518e-06,0.01
19.098142600000017,0.0,0.0,-6.546526e-06,0.01
19.102837299999976,0.0,0.0,-6.519989e-06,0.01
19.10748080000002,0.0,0.0,-6.504016e-06,0.01
19.11203999999998,0.0,0.0,-6.462703e-06,0.01
19.11677739999999,0.0,0.0,-6.439116e-06,0.01
19.121436200000005,0.0,0.0,-6.420915e-06,0.01
19.126090799999986,0.0,0.0,-6.38412e-06,0.01
19.13079049999999,0.0,0.0,-6.360001e-06,0.01
19.135376199999996,0.0,0.0,-6.340528e-06,0.01
19.140048999999976,0.0,0.0,-6.301466e-06,0.01
19.144729600000005,0.0,0.0,-6.280008e-06,0.01
19.1492801,0.0,0.0,-6.260648e-06,0.01
19.153864800000008,0.0,0.0,-6.236873e-06,0.01
19.15839360000001,0.0,0.0,-6.2097e-06,0.01
19.162922700000024,0.0,0.0,-6.183913e-06,0.01
19.167627100000004,0.0,0.0,-6.160303e-06,0.01
19.17215249999998,0.0,0.0,-6.136121e-06,0.01
19.176842899999997,0.0,0.0,-6.109165e-06,0.01
19.181531800000016,0.0,0.0,-6.083046e-06,0.01
19.186169199999995,0.0,0.0,-6.059309e-06,0.01
19.190843599999994,0.0,0.0,-6.034617e-06,0.01
19.1955021,0.0,0.0,-6.010689e-06,0.01
19.200195899999983,0.0,0.0,-5.984597e-06,0.01
19.204763300000025,0.0,0.0,-5.959347e-06,0.01
19.209440099999995,0.0,0.0,-5.937186e-06,0.01
19.21411439999997,0.0,0.0,-5.914674e-06,0.01
19.21861039999999,0.0,0.0,-5.887993e-06,0.01
19.223417799999993,0.0,0.0,-5.862856e-06,0.01
19.228115300000013,0.0,0.0,-5.839326e-06,0.01
19.232682699999998,0.0,0.0,-5.817545e-06,0.01
19.23747800000001,0.0,0.0,-5.791389e-06,0.01
19.24199920000001,0.0,0.0,-5.76797e-06,0.01
19.246719199999973,0.0,0.0,-5.74476e-06,0.01
19.251293499999974,0.0,0.0,-5.723551e-06,0.01
19.255959700000005,0.0,0.0,-5.698286e-06,0.01
19.26065060000002,0.0,0.0,-5.676267e-06,0.01
19.265150300000016,0.0,0.0,-5.652085e-06,0.01
19.269790699999987,0.0,0.0,-5.630211e-06,0.01
19.27440009999998,0.0,0.0,-5.610129e-06,0.01
19.27893339999997,0.0,0.0,-5.585219e-06,0.01
19.283616999999992,0.0,0.0,-5.5607e-06,0.01
19.288295600000026,0.0,0.0,-5.538572e-06,0.01
19.29298,0.0,0.0,-5.518062e-06,0.01
19.29754889999998,0.0,0.0,-5.492924e-06,0.01
19.30228599999998,0.0,0.0,-5.470607e-06,0.01
19.306812700000023,0.0,0.0,-5.449606e-06,0.01
19.311453900000004,0.0,0.0,-5.429286e-06,0.01
19.315970800000002,0.0,0.0,-5.406312e-06,0.01
19.320726499999978,0.0,0.0,-5.385037e-06,0.01
19.32537100000002,0.0,0.0,-5.361595e-06,0.01
19.329979999999978,0.0,0.0,-5.340573e-06,0.01
19.334594299999992,0.0,0.0,-5.321438e-06,0.01
19.33917170000001,0.0,0.0,-5.297893e-06,0.01
19.343694400000004,0.0,0.0,-5.274835e-06,0.01
19.34844190000001,0.0,0.0,-5.255191e-06,0.01
19.353118600000016,0.0,0.0,-5.23487e-06,0.01
19.35764519999998,0.0,0.0,-5.211578e-06,0.01
19.36234189999999,0.0,0.0,-5.190599e-06,0.01
19.36748769999997,0.0,0.0,-5.168071e-06,0.01
19.37204989999998,0.0,0.0,-5.148598e-06,0.01
19.376644699999986,0.0,0.0,-5.126894e-06,0.01
19.381259699999987,0.0,0.0,-5.107169e-06,0.01
19.38549919999997,0.0,0.0,-5.087992e-06,0.01
19.390454599999998,0.0,0.0,-5.065381e-06,0.01
19.39514109999999,0.0,0.0,-5.045695e-06,0.01
19.39947239999998,0.0,0.0,-5.025498e-06,0.01
19.403801499999986,0.0,0.0,-5.006279e-06,0.01
19.408375200000023,0.0,0.0,-4.987188e-06,0.01
19.412940900000024,0.0,0.0,-4.969115e-06,0.01
19.417551899999978,0.0,0.0,-4.947206e-06,0.01
19.4221086,0.0,0.0,-4.926922e-06,0.01
19.42667419999998,0.0,0.0,-4.907958e-06,0.01
19.431124399999987,0.0,0.0,-4.889908e-06,0.01
19.435453499999994,0.0,0.0,-4.871978e-06,0.01
19.439865800000007,0.0,0.0,-4.85179e-06,0.01
19.444456899999977,0.0,0.0,-4.829834e-06,0.01
19.44901329999999,0.0,0.0,-4.814218e-06,0.01
19.453453799999977,0.0,0.0,-4.79729e-06,0.01
19.457922800000006,0.0,0.0,-4.776544e-06,0.01
19.462276499999973,0.0,0.0,-4.757771e-06,0.01
19.46697419999998,0.0,0.0,-4.738602e-06,0.01
19.47155079999999,0.0,0.0,-4.722197e-06,0.01
19.47647919999997,0.0,0.0,-4.699707e-06,0.01
19.481322799999987,0.0,0.0,-4.678973e-06,0.01
19.486463500000013,0.0,0.0,-4.659029e-06,0.01
19.491249900000014,0.0,0.0,-4.640511e-06,0.01
19.49594559999997,0.0,0.0,-4.621381e-06,0.01
19.50072640000002,0.0,0.0,-4.602417e-06,0.01
19.50558510000002,0.0,0.0,-4.582255e-06,0.01
19.510311600000023,0.0,0.0,-4.564563e-06,0.01
19.515109999999993,0.0,0.0,-4.545636e-06,0.01
19.5199796,0.0,0.0,-4.525362e-06,0.01
19.52475099999998,0.0,0.0,-4.50398e-06,0.01
19.529539699999987,0.0,0.0,-4.489306e-06,0.01
19.534297200000026,0.0,0.0,-4.472642e-06,0.01
19.539072799999985,0.0,0.0,-4.45186e-06,0.01
19.543899399999987,0.0,0.0,-4.431532e-06,0.01
19.54887389999999,0.0,0.0,-4.41314e-06,0.01
19.553697,0.0,0.0,-4.39754e-06,0.01
19.558586400000024,0.0,0.0,-4.377204e-06,0.01
19.563442399999985,0.0,0.0,-4.357893e-06,0.01
19.568290100000013,0.0,0.0,-4.340683e-06,0.01
19.573136799999986,0.0,0.0,-4.323437e-06,0.01
19.578145399999983,0.0,0.0,-4.303517e-06,0.01
19.58297920000001,0.0,0.0,-4.284837e-06,0.01
19.587749499999973,0.0,0.0,-4.269026e-06,0.01
19.592617599999983,0.0,0.0,-4.248216e-06,0.01
19.59739639999998,0.0,0.0,-4.237652e-06,0.01
19.602047700000014,0.0,0.0,-4.218022e-06,0.01
19.6068942,0.0,0.0,-4.190623e-06,0.01
19.61170340000001,0.0,0.0,-4.179579e-06,0.01
19.616533500000003,0.0,0.0,-4.167267e-06,0.01
19.621361200000024,0.0,0.0,-4.15247e-06,0.01
19.62619159999997,0.0,0.0,-4.132233e-06,0.01
19.63105280000002,0.0,0.0,-4.111902e-06,0.01
19.63592799999998,0.0,0.0,-4.087877e-06,0.01
19.640790200000026,0.0,0.0,-4.075628e-06,0.01
19.645473299999992,0.0,0.0,-4.068213e-06,0.01
19.650146199999995,0.0,0.0,-4.045366e-06,0.01
19.65490699999998,0.0,0.0,-4.030572e-06,0.01
19.659851000000003,0.0,0.0,-4.011129e-06,0.01
19.66467829999999,0.0,0.0,-3.991752e-06,0.01
19.669487300000014,0.0,0.0,-3.978898e-06,0.01
19.674326199999996,0.0,0.0,-3.965055e-06,0.01
19.67861620000002,0.0,0.0,-3.947905e-06,0.01
19.6829386,0.0,0.0,-3.932631e-06,0.01
19.68723890000001,0.0,0.0,-3.918599e-06,0.01
19.69157180000002,0.0,0.0,-3.905363e-06,0.01
19.69592929999999,0.0,0.0,-3.89044e-06,0.01
19.700528299999974,0.0,0.0,-3.873703e-06,0.01
19.704901099999972,0.0,0.0,-3.857125e-06,0.01
19.709447099999977,0.0,0.0,-3.84481e-06,0.01
19.713772399999982,0.0,0.0,-3.832752e-06,0.01
19.718331799999987,0.0,0.0,-3.815124e-06,0.01
19.722651799999994,0.0,0.0,-3.800454e-06,0.01
19.727048500000024,0.0,0.0,-3.787312e-06,0.01
19.731511599999976,0.0,0.0,-3.773313e-06,0.01
19.73610359999998,0.0,0.0,-3.758231e-06,0.01
19.740470000000016,0.0,0.0,-3.742861e-06,0.01
19.74470389999999,0.0,0.0,-3.728291e-06,0.01
19.749184599999978,0.0,0.0,-3.71626e-06,0.01
19.75350850000001,0.0,0.0,-3.703884e-06,0.01
19.757841299999995,0.0,0.0,-3.68915e-06,0.01
19.762139699999977,0.0,0.0,-3.673783e-06,0.01
19.766441900000018,0.0,0.0,-3.661815e-06,0.01
19.770749799999976,0.0,0.0,-3.648837e-06,0.01
19.7751212,0.0,0.0,-3.636903e-06,0.01
19.77943019999998,0.0,0.0,-3.622428e-06,0.01
19.78370769999998,0.0,0.0,-3.607918e-06,0.01
19.787955599999975,0.0,0.0,-3.595954e-06,0.01
19.79250780000001,0.0,0.0,-3.582908e-06,0.01
19.79710080000001,0.0,0.0,-3.567253e-06,0.01
19.801485000000014,0.0,0.0,-3.554109e-06,0.01
19.806032200000004,0.0,0.0,-3.539663e-06,0.01
19.810644799999977,0.0,0.0,-3.526588e-06,0.01
19.815223000000003,0.0,0.0,-3.514462e-06,0.01
19.819855399999994,0.0,0.0,-3.497951e-06,0.01
19.824178500000016,0.0,0.0,-3.48516e-06,0.01
19.828620600000022,0.0,0.0,-3.472178e-06,0.01
19.83297379999999,0.0,0.0,-3.461006e-06,0.01
19.837312999999995,0.0,0.0,-3.447422e-06,0.01
19.841889200000026,0.0,0.0,-3.432877e-06,0.01
19.846293100000025,0.0,0.0,-3.420658e-06,0.01
19.850890600000014,0.0,0.0,-3.408404e-06,0.01
19.855180899999993,0.0,0.0,-3.397558e-06,0.01
19.859746599999994,0.0,0.0,-3.382348e-06,0.01
19.864204200000017,0.0,0.0,-3.368348e-06,0.01
19.868557899999985,0.0,0.0,-3.35712e-06,0.01
19.87315480000001,0.0,0.0,-3.345183e-06,0.01
19.877624700000013,0.0,0.0,-3.331728e-06,0.01
19.882103200000017,0.0,0.0,-3.317437e-06,0.01
19.886686899999972,0.0,0.0,-3.305573e-06,0.01
19.891344800000013,0.0,0.0,-3.293073e-06,0.01
19.896088899999995,0.0,0.0,-3.278972e-06,0.01
19.901006300000006,0.0,0.0,-3.265799e-06,0.01
19.905727599999977,0.0,0.0,-3.251926e-06,0.01
19.910355100000004,0.0,0.0,-3.240853e-06,0.01
19.914966800000002,0.0,0.0,-3.23118e-06,0.01
19.91954340000001,0.0,0.0,-3.215514e-06,0.01
19.924107400000025,0.0,0.0,-3.201397e-06,0.01
19.928622200000007,0.0,0.0,-3.190822e-06,0.01
19.933308899999986,0.0,0.0,-3.179188e-06,0.01
19.937815999999998,0.0,0.0,-3.16464e-06,0.01
19.942458699999975,0.0,0.0,-3.151887e-06,0.01
19.94701980000002,0.0,0.0,-3.141349e-06,0.01
19.951678500000014,0.0,0.0,-3.129639e-06,0.01
19.956225200000006,0.0,0.0,-3.117191e-06,0.01
19.96076740000001,0.0,0.0,-3.104947e-06,0.01
19.96526319999998,0.0,0.0,-3.090858e-06,0.01
19.9698492,0.0,0.0,-3.081758e-06,0.01
19.974525700000015,0.0,0.0,-3.07043e-06,0.01
19.979190200000005,0.0,0.0,-3.057193e-06,0.01
19.983824200000015,0.0,0.0,-3.043409e-06,0.01
19.988498900000025,0.0,0.0,-3.033736e-06,0.01
19.9931239,0.0,0.0,-3.022702e-06,0.01
19.997662400000024,0.0,0.0,-3.009592e-06,0.01
20.002338199999997,0.0,0.0,-2.996991e-06,0.01
20.00695239999999,0.0,0.0,-2.986619e-06,0.01
20.011524699999995,0.0,0.0,-2.975403e-06,0.01
20.01616660000002,0.0,0.0,-2.963733e-06,0.01
20.020829300000003,0.0,0.0,-2.951602e-06,0.01
20.025542400000006,0.0,0.0,-2.93959e-06,0.01
20.030253000000016,0.0,0.0,-2.929304e-06,0.01
20.03494009999997,0.0,0.0,-2.919735e-06,0.01
20.0394991,0.0,0.0,-2.906689e-06,0.01
20.04414780000002,0.0,0.0,-2.89354e-06,0.01
20.04867569999999,0.0,0.0,-2.883843e-06,0.01
20.053328000000022,0.0,0.0,-2.873684e-06,0.01
20.05798820000001,0.0,0.0,-2.86087e-06,0.01
20.062641100000008,0.0,0.0,-2.849334e-06,0.01
20.067248399999983,0.0,0.0,-2.838874e-06,0.01
20.071904700000005,0.0,0.0,-2.829456e-06,0.01
20.07666599999999,0.0,0.0,-2.816323e-06,0.01
20.08135249999998,0.0,0.0,-2.807095e-06,0.01
20.085853499999985,0.0,0.0,-2.794622e-06,0.01
20.0905851,0.0,0.0,-2.784949e-06,0.01
20.095256000000006,0.0,0.0,-2.777526e-06,0.01
20.09984909999997,0.0,0.0,-2.757585e-06,0.01
20.104439599999978,0.0,0.0,-2.75362e-06,0.01
20.109120899999994,0.0,0.0,-2.74138e-06,0.01
20.11377540000001,0.0,0.0,-2.730688e-06,0.01
20.1183307,0.0,0.0,-2.723348e-06,0.01
20.122842900000023,0.0,0.0,-2.704151e-06,0.01
20.127552200000025,0.0,0.0,-2.699165e-06,0.01
20.1322543,0.0,0.0,-2.692441e-06,0.01
20.136861099999976,0.0,0.0,-2.672946e-06,0.01
20.141581900000006,0.0,0.0,-2.674537e-06,0.01
20.146075199999984,0.0,0.0,-2.65604e-06,0.01
20.150758800000006,0.0,0.0,-2.648806e-06,0.01
20.155422999999985,0.0,0.0,-2.639494e-06,0.01
20.160082499999987,0.0,0.0,-2.626575e-06,0.01
20.164578699999993,0.0,0.0,-2.615884e-06,0.01
20.169160999999974,0.0,0.0,-2.608141e-06,0.01
20.1734965,0.0,0.0,-2.600229e-06,0.01
20.177813800000024,0.0,0.0,-2.58888e-06,0.01
20.18230360000001,0.0,0.0,-2.57821e-06,0.01
20.186853799999994,0.0,0.0,-2.569407e-06,0.01
20.19143939999998,0.0,0.0,-2.558779e-06,0.01
20.196043499999973,0.0,0.0,-2.550591e-06,0.01
20.200685899999996,0.0,0.0,-2.539306e-06,0.01
20.205248499999982,0.0,0.0,-2.527597e-06,0.01
20.20975549999997,0.0,0.0,-2.521594e-06,0.01
20.214322100000004,0.0,0.0,-2.51349e-06,0.01
20.218853799999977,0.0,0.0,-2.501569e-06,0.01
20.223433399999976,0.0,0.0,-2.491852e-06,0.01
20.228027899999972,0.0,0.0,-2.483559e-06,0.01
20.232370600000024,0.0,0.0,-2.476579e-06,0.01
20.236993499999983,2.0,2.0,0.0001812714,0.01
20.39489309999999,2.0,2.0,0.0001803822,0.01
20.399994100000015,2.0,2.0,0.0001794886,0.01
20.40497049999999,2.0,2.0,0.0001784539,0.01
20.411011099999996,2.0,2.0,0.000177569,0.01
20.415638,2.0,2.0,0.0001768181,0.01
20.42030870000002,2.0,2.0,0.0001759856,0.01
20.425011799999993,2.0,2.0,0.0001752172,0.01
20.4293639,2.0,2.0,0.0001744663,0.01
20.43371430000002,2.0,2.0,0.0001737081,0.01
20.438253999999972,2.0,2.0,0.0001729658,0.01
20.442772699999978,2.0,2.0,0.0001722017,0.01
20.44728470000001,2.0,2.0,0.0001714436,0.01
20.451773300000013,2.0,2.0,0.0001706998,0.01
20.45618109999998,2.0,2.0,0.0001699663,0.01
20.46071699999999,2.0,2.0,0.0001692154,0.01
20.46520670000001,2.0,2.0,0.0001684702,0.01
20.46974180000001,2.0,2.0,0.0001677368,0.01
20.474244999999996,2.0,2.0,0.0001669974,0.01
20.47873149999998,2.0,2.0,0.0001662756,0.01
20.483098100000007,2.0,2.0,0.0001655712,0.01
20.48761250000001,2.0,2.0,0.0001648435,0.01
20.492112399999996,2.0,2.0,0.000164123,0.01
20.496746599999994,2.0,2.0,0.0001633358,0.01
20.501603799999998,2.0,2.0,0.000162614,0.01
20.506061199999976,2.0,2.0,0.0001619038,0.01
20.51067169999999,2.0,2.0,0.0001611748,0.01
20.51522799999998,2.0,2.0,0.0001604672,0.01
20.519798700000024,2.0,2.0,0.0001597686,0.01
20.52435909999997,2.0,2.0,0.0001590513,0.01
20.5289133,2.0,2.0,0.0001583307,0.01
20.533642900000018,2.0,2.0,0.0001576322,0.01
20.538200700000004,2.0,2.0,0.000156931,0.01
20.542763100000002,2.0,2.0,0.0001562454,0.01
20.547328800000003,2.0,2.0,0.0001555456,0.01
20.551983500000006,2.0,2.0,0.0001548541,0.01
20.55657869999999,2.0,2.0,0.0001541742,0.01
20.560930299999995,2.0,2.0,0.0001535268,0.01
20.565513699999997,2.0,2.0,0.0001528515,0.01
20.570090800000003,2.0,2.0,0.0001521634,0.01
20.574524300000007,2.0,2.0,0.0001515068,0.01
20.579111599999976,2.0,2.0,0.0001508419,0.01
20.583712400000024,2.0,2.0,0.0001501783,0.01
20.58824279999999,2.0,2.0,0.0001495217,0.01
20.592806600000017,2.0,2.0,0.0001488697,0.01
20.59735519999998,2.0,2.0,0.000148199,0.01
20.60189059999999,2.0,2.0,0.0001475657,0.01
20.606342400000017,2.0,2.0,0.0001469254,0.01
20.610799999999983,2.0,2.0,0.000146292,0.01
20.615359099999978,2.0,2.0,0.0001456447,0.01
20.620006699999976,2.0,2.0,0.0001450031,0.01
20.62448059999997,2.0,2.0,0.0001443756,0.01
20.629114700000002,2.0,2.0,0.0001437353,0.01
20.633567599999992,2.0,2.0,0.0001431007,0.01
20.638102500000002,2.0,2.0,0.0001424988,0.01
20.642716000000007,2.0,2.0,0.0001418724,0.01
20.647406199999978,2.0,2.0,0.0001412251,0.01
20.652041899999972,2.0,2.0,0.0001405917,0.01
20.65672330000001,2.0,2.0,0.000139963,0.01
20.66141920000001,2.0,2.0,0.0001393227,0.01
20.666068800000005,2.0,2.0,0.0001387056,0.01
20.670608500000014,2.0,2.0,0.000138106,0.01
20.6752123,2.0,2.0,0.0001374831,0.01
20.67987949999997,2.0,2.0,0.0001368708,0.01
20.684425299999987,2.0,2.0,0.0001362828,0.01
20.68890349999998,2.0,2.0,0.0001357018,0.01
20.693602899999973,2.0,2.0,0.0001350858,0.01
20.698266100000012,2.0,2.0,0.0001344793,0.01
20.702954299999988,2.0,2.0,0.0001338808,0.01
20.707610999999986,2.0,2.0,0.000133287,0.01
20.712197500000002,2.0,2.0,0.000132691,0.01
20.717004099999997,2.0,2.0,0.0001320856,0.01
20.7216492,2.0,2.0,0.0001314882,0.01
20.72639129999999,2.0,2.0,0.0001308981,0.01
20.731058599999983,2.0,2.0,0.000130317,0.01
20.735542099999975,2.0,2.0,0.000129765,0.01
20.740104700000018,2.0,2.0,0.0001291877,0.01
20.744760199999973,2.0,2.0,0.0001286103,0.01
20.74922620000001,2.0,2.0,0.0001280583,0.01
20.753854999999987,2.0,2.0,0.0001274936,0.01
20.75847329999999,2.0,2.0,0.0001269406,0.01
20.763094000000024,2.0,2.0,0.0001263701,0.01
20.767593799999986,2.0,2.0,0.0001258287,0.01
20.77223409999999,2.0,2.0,0.0001252699,0.01
20.776946500000008,2.0,2.0,0.0001247052,0.01
20.781630699999994,2.0,2.0,0.0001241474,0.01
20.786245500000007,2.0,2.0,0.0001235933,0.01
20.79091410000001,2.0,2.0,0.0001230393,0.01
20.795416999999986,2.0,2.0,0.0001225115,0.01
20.799953700000003,2.0,2.0,0.0001219876,0.01
20.804617800000017,2.0,2.0,0.0001214521,0.01
20.809255199999996,2.0,2.0,0.0001209048,0.01
20.81391739999998,2.0,2.0,0.0001203741,0.01
20.81853849999999,2.0,2.0,0.0001198386,0.01
20.823076500000013,2.0,2.0,0.0001193214,0.01
20.82758510000002,2.0,2.0,0.0001188072,0.01
20.832116400000018,2.0,2.0,0.0001182968,0.01
20.83680659999999,2.0,2.0,0.0001177603,0.01
20.841463499999975,2.0,2.0,0.0001172238,0.01
20.846183499999995,2.0,2.0,0.0001167067,0.01
20.850692200000026,2.0,2.0,0.0001162051,0.01
20.855381899999998,2.0,2.0,0.0001156937,0.01
20.86001399999998,2.0,2.0,0.0001151815,0.01
20.864689199999987,2.0,2.0,0.0001146682,0.01
20.86934930000001,2.0,2.0,0.0001141627,0.01
20.87406169999997,2.0,2.0,0.0001136437,0.01
20.878663200000005,2.0,2.0,0.0001131556,0.01
20.883269299999995,2.0,2.0,0.000112625,0.01
20.887927600000012,2.0,2.0,0.0001121669,0.01
20.892577099999983,2.0,2.0,0.0001116479,0.01
20.897286599999973,2.0,2.0,0.0001111522,0.01
20.901955299999997,2.0,2.0,0.0001106582,0.01
20.9065195,2.0,2.0,0.0001101818,0.01
20.91083229999998,2.0,2.0,0.0001097376,0.01
20.91530130000001,2.0,2.0,0.0001092669,0.01
20.919836799999985,2.0,2.0,0.0001087887,0.01
20.924161400000003,2.0,2.0,0.0001083521,0.01
20.928619700000013,2.0,2.0,0.0001078873,0.01
20.93314509999999,2.0,2.0,0.0001074166,0.01
20.937752699999976,2.0,2.0,0.000106955,0.01
20.94230110000001,2.0,2.0,0.0001064893,0.01
20.946817899999985,2.0,2.0,0.0001060419,0.01
20.951292599999988,2.0,2.0,0.0001055937,0.01
20.9559443,2.0,2.0,0.0001051096,0.01
20.960474299999987,2.0,2.0,0.0001046564,0.01
20.964964399999985,2.0,2.0,0.0001041674,0.01
20.970012199999985,2.0,2.0,0.0001037192,0.01
20.974591599999997,2.0,2.0,0.0001032651,0.01
20.97921150000002,2.0,2.0,0.0001027994,0.01
20.98379030000001,2.0,2.0,0.0001023628,0.01
20.98834099999999,2.0,2.0,0.0001019262,0.01
20.992964099999995,2.0,2.0,0.0001014655,0.01
20.99753499999997,2.0,2.0,0.0001010305,0.01
21.002125700000022,2.0,2.0,0.0001005939,0.01
21.006741499999976,2.0,2.0,0.0001001515,0.01
21.011348999999996,2.0,2.0,9.245829e-05,0.01
21.095060400000023,2.0,2.0,9.200759e-05,0.01
21.099960099999976,2.0,2.0,9.161919e-05,0.01
21.10483979999998,2.0,2.0,9.11848e-05,0.01
21.109733199999994,2.0,2.0,9.074706e-05,0.01
21.114785100000006,2.0,2.0,9.033406e-05,0.01
21.11978799999997,2.0,2.0,8.990562e-05,0.01
21.124912199999983,2.0,2.0,8.945652e-05,0.01
21.129969000000017,2.0,2.0,8.902227e-05,0.01
21.135010599999987,2.0,2.0,8.859413e-05,0.01
21.140032200000007,2.0,2.0,8.817734e-05,0.01
21.145151,2.0,2.0,8.775996e-05,0.01
21.150192199999992,2.0,2.0,8.734115e-05,0.01
21.155240400000025,2.0,2.0,8.692177e-05,0.01
21.160181599999987,2.0,2.0,8.651416e-05,0.01
21.165235300000006,2.0,2.0,8.610713e-05,0.01
21.170144800000003,2.0,2.0,8.570545e-05,0.01
21.175066800000025,2.0,2.0,8.530599e-05,0.01
21.17987260000001,2.0,2.0,8.492448e-05,0.01
21.18461400000001,2.0,2.0,8.454317e-05,0.01
21.189394100000015,2.0,2.0,8.416166e-05,0.01
21.194065599999988,2.0,2.0,8.379656e-05,0.01
21.19868439999999,2.0,2.0,8.343679e-05,0.01
21.2032471,2.0,2.0,8.306985e-05,0.01
21.207988100000023,2.0,2.0,8.269485e-05,0.01
21.212453100000005,2.0,2.0,8.236884e-05,0.01
21.21667359999998,2.0,2.0,8.203868e-05,0.01
21.22090129999998,2.0,2.0,8.171424e-05,0.01
21.2252924,2.0,2.0,8.137143e-05,0.01
21.229587700000025,2.0,2.0,8.103943e-05,0.01
21.2339298,2.0,2.0,8.070403e-05,0.01
21.238482499999975,2.0,2.0,8.036156e-05,0.01
21.243012399999998,2.0,2.0,8.00156e-05,0.01
21.247555999999975,2.0,2.0,7.96727e-05,0.01
21.252122999999983,2.0,2.0,7.932862e-05,0.01
21.25673169999999,2.0,2.0,7.898442e-05,0.01
21.26130760000001,2.0,2.0,7.864436e-05,0.01
21.265824399999985,2.0,2.0,7.830895e-05,0.01
21.270431099999996,2.0,2.0,7.79683e-05,0.01
21.27500040000001,2.0,2.0,7.763989e-05,0.01
21.27943319999997,2.0,2.0,7.731908e-05,0.01
21.28388990000002,2.0,2.0,7.6993e-05,0.01
21.288381300000026,2.0,2.0,7.666337e-05,0.01
21.29278979999998,2.0,2.0,7.633957e-05,0.01
21.297283100000016,2.0,2.0,7.601293e-05,0.01
21.302014699999972,2.0,2.0,7.566767e-05,0.01
21.306845699999997,2.0,2.0,7.532407e-05,0.01
21.311703000000023,2.0,2.0,7.497353e-05,0.01
21.31660499999998,2.0,2.0,7.46323e-05,0.01
21.321415300000012,2.0,2.0,7.429575e-05,0.01
21.32627100000002,2.0,2.0,7.395508e-05,0.01
21.331130099999996,2.0,2.0,7.361096e-05,0.01
21.336071199999992,2.0,2.0,7.327088e-05,0.01
21.3408733,2.0,2.0,7.294129e-05,0.01
21.3457406,2.0,2.0,7.261289e-05,0.01
21.350574999999992,2.0,2.0,7.227981e-05,0.01
21.355414399999972,2.0,2.0,7.19479e-05,0.01
21.360191199999974,2.0,2.0,7.162472e-05,0.01
21.365021800000022,2.0,2.0,7.130444e-05,0.01
21.3698622,2.0,2.0,7.097661e-05,0.01
21.37472630000002,2.0,2.0,7.064296e-05,0.01
21.379645100000005,2.0,2.0,7.03221e-05,0.01
21.384517200000005,2.0,2.0,7.000531e-05,0.01
21.389298399999973,2.0,2.0,6.967399e-05,0.01
21.394171200000017,2.0,2.0,6.937412e-05,0.01
21.39870989999997,2.0,2.0,6.90812e-05,0.01
21.403230199999996,2.0,2.0,6.878367e-05,0.01
21.407745499999976,2.0,2.0,6.848494e-05,0.01
21.41233729999999,2.0,2.0,6.820774e-05,0.01
21.41661929999998,2.0,2.0,6.793292e-05,0.01
21.420812300000023,2.0,2.0,6.766387e-05,0.01
21.425094,2.0,2.0,6.738905e-05,0.01
21.4294309,2.0,2.0,6.711239e-05,0.01
21.433795900000007,2.0,2.0,6.684169e-05,0.01
21.43806109999997,2.0,2.0,6.657674e-05,0.01
21.44224559999998,2.0,2.0,6.631704e-05,0.01
21.446434699999998,2.0,2.0,6.606024e-05,0.01
21.45057780000002,2.0,2.0,6.57953e-05,0.01
21.45487639999999,2.0,2.0,6.552564e-05,0.01
21.45939290000001,2.0,2.0,6.524909e-05,0.01
21.463889300000005,2.0,2.0,6.497478e-05,0.01
21.46839349999999,2.0,2.0,6.470522e-05,0.01
21.472792500000025,2.0,2.0,6.443032e-05,0.01
21.477306199999987,2.0,2.0,6.415676e-05,0.01
21.481846299999972,2.0,2.0,6.388755e-05,0.01
21.48635539999998,2.0,2.0,6.361852e-05,0.01
21.49087780000002,2.0,2.0,6.334374e-05,0.01
21.495399599999985,2.0,2.0,6.307945e-05,0.01
21.499822100000017,2.0,2.0,6.282148e-05,0.01
21.504239600000005,2.0,2.0,6.255959e-05,0.01
21.50862669999998,2.0,2.0,6.230323e-05,0.01
21.513092099999994,2.0,2.0,6.203938e-05,0.01
21.517427399999974,2.0,2.0,6.17884e-05,0.01
21.521824900000013,2.0,2.0,6.15351e-05,0.01
21.526303900000016,2.0,2.0,6.127181e-05,0.01
21.530801300000007,2.0,2.0,6.100703e-05,0.01
21.535514799999987,2.0,2.0,6.073743e-05,0.01
21.540207500000008,2.0,2.0,6.047248e-05,0.01
21.544888000000014,2.0,2.0,6.020453e-05,0.01
21.549476900000002,2.0,2.0,5.994715e-05,0.01
21.554019799999992,2.0,2.0,5.969103e-05,0.01
21.558714099999975,2.0,2.0,5.942996e-05,0.01
21.563244399999974,2.0,2.0,5.9182e-05,0.01
21.56792839999997,2.0,2.0,5.89188e-05,0.01
21.57250099999999,2.0,2.0,5.866491e-05,0.01
21.57720089999998,2.0,2.0,5.840579e-05,0.01
21.5818893,2.0,2.0,5.81519e-05,0.01
21.58648169999998,2.0,2.0,5.790442e-05,0.01
21.591038400000002,2.0,2.0,5.765065e-05,0.01
21.59560640000001,2.0,2.0,5.741016e-05,0.01
21.60037779999999,2.0,2.0,5.714579e-05,0.01
21.604979200000002,2.0,2.0,5.691707e-05,0.01
21.6096412,2.0,2.0,5.665433e-05,0.01
21.61433390000002,2.0,2.0,5.640103e-05,0.01
21.618921100000023,2.0,2.0,5.61652e-05,0.01
21.623605999999995,2.0,2.0,5.591352e-05,0.01
21.62828830000001,2.0,2.0,5.567419e-05,0.01
21.632994999999994,2.0,2.0,5.543849e-05,0.01
21.6377167,2.0,2.0,5.519553e-05,0.01
21.642252499999984,2.0,2.0,5.494267e-05,0.01
21.64701050000002,2.0,2.0,5.470756e-05,0.01
21.651699000000008,2.0,2.0,5.446576e-05,0.01
21.656397500000026,2.0,2.0,5.42238e-05,0.01
21.66110199999997,2.0,2.0,5.398783e-05,0.01
21.665861099999972,2.0,2.0,5.375141e-05,0.01
21.670559700000013,2.0,2.0,5.351048e-05,0.01
21.67525969999997,2.0,2.0,5.327524e-05,0.01
21.679797399999984,2.0,2.0,5.305222e-05,0.01
21.68448159999997,2.0,2.0,5.282073e-05,0.01
21.68933179999999,2.0,2.0,5.257748e-05,0.01
21.69407259999997,2.0,2.0,5.234588e-05,0.01
21.698687000000007,2.0,2.0,5.212186e-05,0.01
21.703361599999994,2.0,2.0,5.189069e-05,0.01
21.70809780000002,2.0,2.0,5.166967e-05,0.01
21.712739399999975,2.0,2.0,5.143982e-05,0.01
21.71735000000001,2.0,2.0,5.121955e-05,0.01
21.721997699999974,2.0,2.0,5.09996e-05,0.01
21.726685499999974,2.0,2.0,5.0776e-05,0.01
21.7313585,2.0,2.0,5.055339e-05,0.01
21.73605859999998,2.0,2.0,5.032687e-05,0.01
21.74078689999999,2.0,2.0,5.010868e-05,0.01
21.7454611,2.0,2.0,4.989247e-05,0.01
21.749983299999997,2.0,2.0,4.968092e-05,0.01
21.75459860000001,2.0,2.0,4.946681e-05,0.01
21.759232499999996,2.0,2.0,4.925252e-05,0.01
21.7639461,2.0,2.0,4.903823e-05,0.01
21.768638699999997,2.0,2.0,4.881928e-05,0.01
21.773385200000007,2.0,2.0,4.860576e-05,0.01
21.778131299999984,2.0,2.0,4.838954e-05,0.01
21.782747700000016,2.0,2.0,4.818515e-05,0.01
21.78733390000002,2.0,2.0,4.798076e-05,0.01
21.792005000000017,2.0,2.0,4.776997e-05,0.01
21.796730700000012,2.0,2.0,4.755879e-05,0.01
21.80132309999999,2.0,2.0,4.735751e-05,0.01
21.805973100000017,2.0,2.0,4.715369e-05,0.01
21.810530900000003,2.0,2.0,4.694912e-05,0.01
21.815217200000006,2.0,2.0,4.67424e-05,0.01
21.81989219999997,2.0,2.0,4.654421e-05,0.01
21.82460470000001,2.0,2.0,4.634099e-05,0.01
21.829262400000005,2.0,2.0,4.613718e-05,0.01
21.833964200000025,2.0,2.0,4.5933e-05,0.01
21.83867779999997,2.0,2.0,4.573618e-05,0.01
21.843312500000025,2.0,2.0,4.553836e-05,0.01
21.847930899999994,2.0,2.0,4.534503e-05,0.01
21.85263090000001,2.0,2.0,4.514573e-05,0.01
21.857282899999973,2.0,2.0,4.494789e-05,0.01
21.86198109999998,2.0,2.0,4.475093e-05,0.01
21.866561400000023,2.0,2.0,4.456226e-05,0.01
21.87118079999999,2.0,2.0,4.436813e-05,0.01
21.875720399999977,2.0,2.0,4.417758e-05,0.01
21.880436900000007,2.0,2.0,4.398869e-05,0.01
21.885461599999985,2.0,2.0,4.37835e-05,0.01
21.890036599999974,2.0,2.0,4.359506e-05,0.01
21.894643499999972,2.0,2.0,4.340931e-05,0.01
21.899218399999995,2.0,2.0,4.322623e-05,0.01
21.903849700000023,2.0,2.0,4.303931e-05,0.01
21.908430599999974,2.0,2.0,4.285729e-05,0.01
21.91276879999998,2.0,2.0,4.268842e-05,0.01
21.91728230000001,2.0,2.0,4.250558e-05,0.01
21.92172099999999,2.0,2.0,4.233263e-05,0.01
21.926284599999974,2.0,2.0,4.215363e-05,0.01
21.930730600000004,2.0,2.0,4.197859e-05,0.01
21.93534360000001,2.0,2.0,4.179667e-05,0.01
21.939777900000024,2.0,2.0,4.163363e-05,0.01
21.94423260000002,2.0,2.0,4.145569e-05,0.01
21.94867849999997,2.0,2.0,4.128274e-05,0.01
21.953232200000002,2.0,2.0,4.11128e-05,0.01
21.957665200000008,2.0,2.0,4.094118e-05,0.01
21.962105399999984,2.0,2.0,4.077381e-05,0.01
21.96656660000002,2.0,2.0,4.05898e-05,0.01
21.971478699999977,2.0,2.0,4.041279e-05,0.01
21.976261099999988,2.0,2.0,4.022761e-05,0.01
21.981005900000014,2.0,2.0,4.005201e-05,0.01
21.985661499999992,2.0,2.0,3.988231e-05,0.01
21.990426800000023,2.0,2.0,3.96992e-05,0.01
21.99539340000001,2.0,2.0,3.951986e-05,0.01
22.000304599999993,2.0,2.0,3.933669e-05,0.01
22.00524760000002,2.0,2.0,3.916322e-05,0.01
22.010075700000016,2.0,2.0,3.898615e-05,0.01
22.01479009999997,2.0,2.0,3.881146e-05,0.01
22.019357800000023,2.0,2.0,3.865714e-05,0.01
22.02393280000001,2.0,2.0,3.849527e-05,0.01
22.028434800000014,2.0,2.0,3.833253e-05,0.01
22.033011999999985,2.0,2.0,3.817123e-05,0.01
22.03758640000001,2.0,2.0,3.800702e-05,0.01
22.042158299999983,2.0,2.0,3.784864e-05,0.01
22.0467223,2.0,2.0,3.769053e-05,0.01
22.051069100000007,2.0,2.0,3.75368e-05,0.01
22.055636800000002,2.0,2.0,3.737464e-05,0.01
22.06023620000002,2.0,2.0,3.721769e-05,0.01
22.064570800000013,2.0,2.0,3.707212e-05,0.01
22.0688356,2.0,2.0,3.691986e-05,0.01
22.073448100000007,2.0,2.0,3.676583e-05,0.01
22.07788770000002,2.0,2.0,3.661589e-05,0.01
22.082206600000006,2.0,2.0,3.646916e-05,0.01
22.086706300000003,2.0,2.0,3.631601e-05,0.01
22.091345699999977,2.0,2.0,3.615034e-05,0.01
22.09610570000001,2.0,2.0,3.597623e-05,0.01
22.100981999999988,2.0,2.0,3.584318e-05,0.01
22.105815399999983,2.0,2.0,3.567081e-05,0.01
22.110748699999988,2.0,2.0,3.550864e-05,0.01
22.115635899999972,2.0,2.0,3.535084e-05,0.01
22.120535500000017,2.0,2.0,3.518196e-05,0.01
22.125375099999985,2.0,2.0,3.502591e-05,0.01
22.13012409999999,2.0,2.0,3.488297e-05,0.01
22.13492259999998,2.0,2.0,3.472021e-05,0.01
22.139588800000013,2.0,2.0,3.45723e-05,0.01
22.14435880000002,2.0,2.0,3.441042e-05,0.01
22.149238000000025,2.0,2.0,3.426338e-05,0.01
22.154046100000016,2.0,2.0,3.411051e-05,0.01
22.158736499999975,2.0,2.0,3.396552e-05,0.01
22.16350269999998,2.0,2.0,3.381415e-05,0.01
22.168358000000012,2.0,2.0,3.366217e-05,0.01
22.173173299999974,2.0,2.0,3.350987e-05,0.01
22.177896999999973,2.0,2.0,3.336985e-05,0.01
22.18256150000002,2.0,2.0,3.322396e-05,0.01
22.187299600000017,2.0,2.0,3.307781e-05,0.01
22.192074100000013,2.0,2.0,3.293196e-05,0.01
22.196507899999972,2.0,2.0,3.280094e-05,0.01
22.20097800000002,2.0,2.0,3.266781e-05,0.01
22.20534170000002,2.0,2.0,3.253653e-05,0.01
22.209918200000004,2.0,2.0,3.239651e-05,0.01
22.214474800000005,2.0,2.0,3.22594e-05,0.01
22.218846400000018,2.0,2.0,3.213156e-05,0.01
22.223610800000017,2.0,2.0,3.199038e-05,0.01
22.228170499999976,2.0,2.0,3.185697e-05,0.01
22.232711600000016,2.0,2.0,3.172161e-05,0.01
22.237295500000016,2.0,2.0,3.158736e-05,0.01
22.241845000000012,2.0,2.0,3.145957e-05,0.01
22.246302200000002,2.0,2.0,3.132565e-05,0.01
22.25074269999999,2.0,2.0,3.119845e-05,0.01
22.255235599999992,2.0,2.0,3.106477e-05,0.01
22.25985220000001,2.0,2.0,3.093816e-05,0.01
22.264282700000024,2.0,2.0,3.080889e-05,0.01
22.26876249999998,2.0,2.0,3.067845e-05,0.01
22.273328400000025,2.0,2.0,3.054802e-05,0.01
22.27781429999999,2.0,2.0,3.042365e-05,0.01
22.282259399999987,2.0,2.0,3.029962e-05,0.01
22.286824000000024,2.0,2.0,3.017069e-05,0.01
22.291378699999996,2.0,2.0,3.004748e-05,0.01
22.29580340000001,2.0,2.0,2.991947e-05,0.01
22.30020619999999,2.0,2.0,2.980583e-05,0.01
22.304588200000012,2.0,2.0,2.96833e-05,0.01
22.308926499999984,2.0,2.0,2.956359e-05,0.01
22.313227600000005,2.0,2.0,2.944736e-05,0.01
22.3178264,2.0,2.0,2.932251e-05,0.01
22.322329200000013,2.0,2.0,2.920256e-05,0.01
22.326846999999987,2.0,2.0,2.908318e-05,0.01
22.33132790000002,2.0,2.0,2.896067e-05,0.01
22.3358202,2.0,2.0,2.883943e-05,0.01
22.340320700000007,2.0,2.0,2.872134e-05,0.01
22.344758899999988,2.0,2.0,2.860511e-05,0.01
22.349120099999993,2.0,2.0,2.848609e-05,0.01
22.35369509999998,2.0,2.0,2.836614e-05,0.01
22.35817959999997,2.0,2.0,2.825282e-05,0.01
22.362693999999976,2.0,2.0,2.813403e-05,0.01
22.367181500000015,2.0,2.0,2.801909e-05,0.01
22.37169879999999,2.0,2.0,2.790029e-05,0.01
22.376144599999975,2.0,2.0,2.77829e-05,0.01
22.380599399999994,2.0,2.0,2.766831e-05,0.01
22.38516370000002,2.0,2.0,2.755871e-05,0.01
22.3895349,2.0,2.0,2.744435e-05,0.01
22.39401220000002,2.0,2.0,2.733161e-05,0.01
22.39843559999997,2.0,2.0,2.722308e-05,0.01
22.402711599999975,2.0,2.0,2.711594e-05,0.01
22.407035399999984,2.0,2.0,2.701309e-05,0.01
22.4112748,2.0,2.0,2.690456e-05,0.01
22.4155212,2.0,2.0,2.679647e-05,0.01
22.419791099999998,2.0,2.0,2.669245e-05,0.01
22.42428419999999,2.0,2.0,2.658429e-05,0.01
22.428807199999994,2.0,2.0,2.647133e-05,0.01
22.433346400000005,2.0,2.0,2.636149e-05,0.01
22.437740099999985,2.0,2.0,2.625122e-05,0.01
22.442080999999973,2.0,2.0,2.615048e-05,0.01
22.446668199999976,2.0,2.0,2.604334e-05,0.01
22.451150900000016,2.0,2.0,2.59327e-05,0.01
22.455710099999976,2.0,2.0,2.582227e-05,0.01
22.46037530000001,2.0,2.0,2.571687e-05,0.01
22.464743699999985,2.0,2.0,2.56064e-05,0.01
22.4693853,2.0,2.0,2.549539e-05,0.01
22.47388109999997,2.0,2.0,2.53964e-05,0.01
22.478244000000018,2.0,2.0,2.52945e-05,0.01
22.482798300000013,2.0,2.0,2.519047e-05,0.01
22.487253899999985,2.0,2.0,2.508819e-05,0.01
22.49161270000002,2.0,2.0,2.49853e-05,0.01
22.49617169999999,2.0,2.0,2.487952e-05,0.01
22.500784599999974,2.0,2.0,2.477683e-05,0.01
22.505342299999995,2.0,2.0,2.467397e-05,0.01
22.509897299999977,2.0,2.0,2.456915e-05,0.01
22.514433399999973,2.0,2.0,2.446996e-05,0.01
22.518636800000024,2.0,2.0,2.437466e-05,0.01
22.523210000000006,2.0,2.0,2.427003e-05,0.01
22.52776879999999,2.0,2.0,2.417298e-05,0.01
22.53222169999998,2.0,2.0,2.407439e-05,0.01
22.536569199999974,2.0,2.0,2.397267e-05,0.01
22.54116399999998,2.0,2.0,2.387562e-05,0.01
22.545735999999977,2.0,2.0,2.377353e-05,0.01
22.550444200000015,2.0,2.0,2.367123e-05,0.01
22.554981899999973,2.0,2.0,2.357108e-05,0.01
22.559701500000017,2.0,2.0,2.346956e-05,0.01
22.56445309999998,2.0,2.0,2.336941e-05,0.01
22.56918569999999,2.0,2.0,2.326595e-05,0.01
22.57389760000001,2.0,2.0,2.316444e-05,0.01
22.578501200000005,2.0,2.0,2.307029e-05,0.01
22.582766300000003,2.0,2.0,2.298488e-05,0.01
22.586996399999975,2.0,2.0,2.289793e-05,0.01
22.59149659999997,2.0,2.0,2.279817e-05,0.01
22.59598779999999,2.0,2.0,2.2705e-05,0.01
22.600539700000013,2.0,2.0,2.260638e-05,0.01
22.60512460000001,2.0,2.0,2.252817e-05,0.01
22.60948860000002,2.0,2.0,2.24251e-05,0.01
22.61408019999999,2.0,2.0,2.233251e-05,0.01
22.61842059999998,2.0,2.0,2.223625e-05,0.01
22.62296459999999,2.0,2.0,2.215356e-05,0.01
22.62752039999998,2.0,2.0,2.206214e-05,0.01
22.631976099999974,2.0,2.0,2.197556e-05,0.01
22.63648699999999,2.0,2.0,2.187231e-05,0.01
22.64099090000002,2.0,2.0,2.179114e-05,0.01
22.645475999999974,2.0,2.0,2.168598e-05,0.01
22.650014,2.0,2.0,2.160248e-05,0.01
22.655036699999982,2.0,2.0,2.150407e-05,0.01
22.65971350000001,2.0,2.0,2.141497e-05,0.01
22.664419500000008,2.0,2.0,2.131796e-05,0.01
22.669558100000017,2.0,2.0,2.12238e-05,0.01
22.674275899999998,2.0,2.0,2.113063e-05,0.01
22.679066200000022,2.0,2.0,2.10402e-05,0.01
22.68390690000001,2.0,2.0,2.09482e-05,0.01
22.688720100000012,2.0,2.0,2.085428e-05,0.01
22.693454400000007,2.0,2.0,2.076261e-05,0.01
22.69818909999998,2.0,2.0,2.067394e-05,0.01
22.702986699999997,2.0,2.0,2.058401e-05,0.01
22.707724199999973,2.0,2.0,2.049592e-05,0.01
22.712635999999975,2.0,2.0,2.040026e-05,0.01
22.717529300000024,2.0,2.0,2.031307e-05,0.01
22.722330199999988,2.0,2.0,2.02244e-05,0.01
22.726998200000025,2.0,2.0,2.014146e-05,0.01
22.731855300000007,2.0,2.0,2.004813e-05,0.01
22.736697300000003,2.0,2.0,1.995903e-05,0.01
22.741353600000025,2.0,2.0,1.987285e-05,0.01
22.746270200000026,2.0,2.0,1.978741e-05,0.01
22.75113269999997,2.0,2.0,1.969858e-05,0.01
22.75587630000001,2.0,2.0,1.961256e-05,0.01
22.76076089999998,2.0,2.0,1.952739e-05,0.01
22.765575300000023,2.0,2.0,1.944253e-05,0.01
22.770337499999982,2.0,2.0,1.935634e-05,0.01
22.775300500000014,2.0,2.0,1.926784e-05,0.01
22.780136700000014,2.0,2.0,1.91869e-05,0.01
22.784953400000006,2.0,2.0,1.910262e-05,0.01
22.789788999999985,2.0,2.0,1.901919e-05,0.01
22.794609700000024,2.0,2.0,1.893185e-05,0.01
22.79949690000001,2.0,2.0,1.884916e-05,0.01
22.804499700000008,2.0,2.0,1.876457e-05,0.01
22.80930669999998,2.0,2.0,1.868437e-05,0.01
22.8140674,2.0,2.0,1.860168e-05,0.01
22.818800899999985,2.0,2.0,1.852656e-05,0.01
22.8235775,2.0,2.0,1.844271e-05,0.01
22.82838720000001,2.0,2.0,1.836293e-05,0.01
22.83329550000002,2.0,2.0,1.82801e-05,0.01
22.83816250000001,2.0,2.0,1.820032e-05,0.01
22.842939100000024,2.0,2.0,1.812142e-05,0.01
22.847771000000023,2.0,2.0,1.804194e-05,0.01
22.85257280000002,2.0,2.0,1.796231e-05,0.01
22.857245999999975,2.0,2.0,1.7885e-05,0.01
22.862113799999975,2.0,2.0,1.780785e-05,0.01
22.866931799999975,2.0,2.0,1.773404e-05,0.01
22.871977200000003,2.0,2.0,1.764902e-05,0.01
22.87683499999997,2.0,2.0,1.756867e-05,0.01
22.881465400000025,2.0,2.0,1.749704e-05,0.01
22.886083699999972,2.0,2.0,1.742542e-05,0.01
22.890955299999973,2.0,2.0,1.734608e-05,0.01
22.89581979999997,2.0,2.0,1.726748e-05,0.01
22.900769700000012,2.0,2.0,1.719438e-05,0.01
22.905506000000003,2.0,2.0,1.711971e-05,0.01
22.910004500000014,2.0,2.0,1.705463e-05,0.01
22.91440130000001,2.0,2.0,1.698287e-05,0.01
22.918797900000015,2.0,2.0,1.691779e-05,0.01
22.92338940000002,2.0,2.0,1.684733e-05,0.01
22.927951199999995,2.0,2.0,1.677803e-05,0.01
22.932443999999975,2.0,2.0,1.671178e-05,0.01
22.93698310000002,2.0,2.0,1.663711e-05,0.01
22.94148230000002,2.0,2.0,1.657189e-05,0.01
22.946051099999977,2.0,2.0,1.650363e-05,0.01
22.950668399999984,2.0,2.0,1.643724e-05,0.01
22.95509390000001,2.0,2.0,1.636898e-05,0.01
22.959434299999998,2.0,2.0,1.630578e-05,0.01
22.96387599999997,2.0,2.0,1.623926e-05,0.01
22.9683038,2.0,2.0,1.617301e-05,0.01
22.972810400000014,2.0,2.0,1.610883e-05,0.01
22.977438800000016,2.0,2.0,1.603791e-05,0.01
22.982049200000006,2.0,2.0,1.597477e-05,0.01
22.986667399999988,2.0,2.0,1.59091e-05,0.01
22.99106949999998,2.0,2.0,1.584504e-05,0.01
22.995534299999974,2.0,2.0,1.577808e-05,0.01
23.000093400000026,2.0,2.0,1.571693e-05,0.01
23.0047103,2.0,2.0,1.565171e-05,0.01
23.009292800000026,2.0,2.0,1.558579e-05,0.01
23.013724799999977,2.0,2.0,1.552244e-05,0.01
23.018319099999985,2.0,2.0,1.545664e-05,0.01
23.022939099999974,2.0,2.0,1.53955e-05,0.01
23.027530800000022,2.0,2.0,1.533132e-05,0.01
23.03210100000001,2.0,2.0,1.526506e-05,0.01
23.03654160000002,2.0,2.0,1.520404e-05,0.01
23.04113289999998,2.0,2.0,1.514465e-05,0.01
23.04571679999998,2.0,2.0,1.507977e-05,0.01
23.050353799999982,2.0,2.0,1.501479e-05,0.01
23.05476299999998,2.0,2.0,1.495574e-05,0.01
23.059232699999995,2.0,2.0,1.489646e-05,0.01
23.063836999999978,2.0,2.0,1.483416e-05,0.01
23.068454700000018,2.0,2.0,1.477301e-05,0.01
23.073032000000012,2.0,2.0,1.471245e-05,0.01
23.077613699999972,2.0,2.0,1.465131e-05,0.01
23.082201699999985,2.0,2.0,1.45925e-05,0.01
23.086642799999993,2.0,2.0,1.453381e-05,0.01
23.09120869999998,2.0,2.0,1.447499e-05,0.01
23.095808599999998,2.0,2.0,1.442247e-05,0.01
23.100439800000004,2.0,2.0,1.435096e-05,0.01
23.105112799999972,2.0,2.0,1.430717e-05,0.01
23.109700799999985,2.0,2.0,1.42331e-05,0.01
23.114227200000016,2.0,2.0,1.417138e-05,0.01
23.118721800000003,2.0,2.0,1.412561e-05,0.01
23.123340799999994,2.0,2.0,1.405154e-05,0.01
23.127830099999983,2.0,2.0,1.400321e-05,0.01
23.132226800000012,2.0,2.0,1.394079e-05,0.01
23.136853099999996,2.0,2.0,1.389944e-05,0.01
23.141436499999998,2.0,2.0,1.382793e-05,0.01
23.14602789999998,2.0,2.0,1.377669e-05,0.01
23.150650600000006,2.0,2.0,1.371613e-05,0.01
23.155249700000013,2.0,2.0,1.365953e-05,0.01
23.159810499999992,2.0,2.0,1.360677e-05,0.01
23.16423020000002,2.0,2.0,1.355181e-05,0.01
23.168767800000012,2.0,2.0,1.349649e-05,0.01
23.173360000000002,2.0,2.0,1.343768e-05,0.01
23.17801989999998,2.0,2.0,1.33785e-05,0.01
23.182914900000014,2.0,2.0,1.33254e-05,0.01
23.187510299999985,2.0,2.0,1.327289e-05,0.01
23.192087500000014,2.0,2.0,1.321593e-05,0.01
23.19674070000002,2.0,2.0,1.315653e-05,0.01
23.201379700000018,2.0,2.0,1.310471e-05,0.01
23.206001000000015,2.0,2.0,1.305172e-05,0.01
23.210506099999975,2.0,2.0,1.299698e-05,0.01
23.215113900000006,2.0,2.0,1.294214e-05,0.01
23.21969280000002,2.0,2.0,1.289264e-05,0.01
23.224248499999987,2.0,2.0,1.284045e-05,0.01
23.22885339999999,2.0,2.0,1.278656e-05,0.01
23.2334563,2.0,2.0,1.27332e-05,0.01
23.238035500000024,2.0,2.0,1.268011e-05,0.01
23.2424527,2.0,2.0,1.263198e-05,0.01
23.247068599999977,2.0,2.0,1.258043e-05,0.01
23.25166919999998,2.0,2.0,1.252648e-05,0.01
23.25609209999999,2.0,2.0,1.247465e-05,0.01
23.26082359999998,2.0,2.0,1.242331e-05,0.01
23.26541659999998,2.0,2.0,1.237401e-05,0.01
23.27003339999999,2.0,2.0,1.232325e-05,0.01
23.27461629999999,2.0,2.0,1.22692e-05,0.01
23.279224999999997,2.0,2.0,1.222019e-05,0.01
23.28370000000001,2.0,2.0,1.216952e-05,0.01
23.28832189999997,2.0,2.0,1.212294e-05,0.01
23.292881799999975,2.0,2.0,1.20718e-05,0.01
23.297476200000006,2.0,2.0,1.201812e-05,0.01
23.30200609999997,2.0,2.0,1.197028e-05,0.01
23.306617099999983,2.0,2.0,1.192447e-05,0.01
23.311273400000005,2.0,2.0,1.187245e-05,0.01
23.315886499999976,2.0,2.0,1.182431e-05,0.01
23.32050270000002,2.0,2.0,1.177763e-05,0.01
23.325073499999974,2.0,2.0,1.172804e-05,0.01
23.329694700000005,2.0,2.0,1.167981e-05,0.01
23.334066000000007,2.0,2.0,1.163264e-05,0.01
23.338656200000003,2.0,2.0,1.158605e-05,0.01
23.34308649999997,2.0,2.0,1.154122e-05,0.01
23.347682099999986,2.0,2.0,1.149638e-05,0.01
23.352279699999997,2.0,2.0,1.144572e-05,0.01
23.356873099999973,2.0,2.0,1.139662e-05,0.01
23.361458700000014,2.0,2.0,1.135371e-05,0.01
23.36586139999997,2.0,2.0,1.130937e-05,0.01
23.37044320000001,2.0,2.0,1.12618e-05,0.01
23.37504100000001,2.0,2.0,1.121571e-05,0.01
23.37948849999998,2.0,2.0,1.117203e-05,0.01
23.384053999999992,2.0,2.0,1.112554e-05,0.01
23.388613299999975,2.0,2.0,1.108119e-05,0.01
23.393215699999985,2.0,2.0,1.103586e-05,0.01
23.398264499999982,2.0,2.0,1.098462e-05,0.01
23.402877999999987,2.0,2.0,1.094019e-05,0.01
23.40746200000001,2.0,2.0,1.090001e-05,0.01
23.41195369999997,2.0,2.0,1.08541e-05,0.01
23.416525200000024,2.0,2.0,1.080635e-05,0.01
23.421009700000013,2.0,2.0,1.076509e-05,0.01
23.425612100000023,2.0,2.0,1.07225e-05,0.01
23.430213999999978,2.0,2.0,1.067591e-05,0.01
23.434793599999978,2.0,2.0,1.063157e-05,0.01
23.43937569999997,2.0,2.0,1.059023e-05,0.01
23.443980099999976,2.0,2.0,1.054664e-05,0.01
23.44852850000001,2.0,2.0,1.050588e-05,0.01
23.453052599999978,2.0,2.0,1.046095e-05,0.01
23.457698499999992,2.0,2.0,1.041504e-05,0.01
23.46212429999997,2.0,2.0,1.037844e-05,0.01
23.466640199999972,2.0,2.0,1.033643e-05,0.01
23.471219899999994,2.0,2.0,1.02945e-05,0.01
23.475809700000013,2.0,2.0,1.025024e-05,0.01
23.48023969999997,2.0,2.0,1.021306e-05,0.01
23.484539299999994,2.0,2.0,1.017271e-05,0.01
23.488762099999974,2.0,2.0,1.012796e-05,0.01
23.4941379,2.0,2.0,1.008479e-05,0.01
23.498432200000025,2.0,2.0,1.004752e-05,0.01
23.502766699999995,2.0,2.0,1.000983e-05,0.01
23.507325200000025,2.0,2.0,9.254562e-06,0.01
23.595113400000002,2.0,2.0,9.206262e-06,0.01
23.60014799999999,2.0,2.0,9.168218e-06,0.01
23.60522659999998,2.0,2.0,9.125379e-06,0.01
23.610353999999973,2.0,2.0,9.086878e-06,0.01
23.615405899999985,2.0,2.0,9.044252e-06,0.01
23.620555500000023,2.0,2.0,9.009741e-06,0.01
23.625692800000024,2.0,2.0,8.970433e-06,0.01
23.630752900000005,2.0,2.0,8.931032e-06,0.01
23.63569030000002,2.0,2.0,8.889469e-06,0.01
23.640640700000006,2.0,2.0,8.852886e-06,0.01
23.64575910000002,2.0,2.0,8.810949e-06,0.01
23.650697400000013,2.0,2.0,8.769196e-06,0.01
23.655821000000003,2.0,2.0,8.728214e-06,0.01
23.66094929999997,2.0,2.0,8.691495e-06,0.01
23.66590789999998,2.0,2.0,8.653958e-06,0.01
23.670918599999993,2.0,2.0,8.614445e-06,0.01
23.6760673,2.0,2.0,8.574087e-06,0.01
23.681040800000005,2.0,2.0,8.53859e-06,0.01
23.686160700000016,2.0,2.0,8.501547e-06,0.01
23.691269200000022,2.0,2.0,8.462538e-06,0.01
23.696533199999976,2.0,2.0,8.420033e-06,0.01
23.701692999999977,2.0,2.0,8.384269e-06,0.01
23.708816599999977,2.0,2.0,8.332781e-06,0.01
23.71372839999998,2.0,2.0,8.296895e-06,0.01
23.718485799999996,2.0,2.0,8.2631e-06,0.01
23.7228609,2.0,2.0,8.233381e-06,0.01
23.72710790000002,2.0,2.0,8.202964e-06,0.01
23.73159129999999,2.0,2.0,8.168598e-06,0.01
23.736060099999975,2.0,2.0,8.135507e-06,0.01
23.740616999999986,2.0,2.0,8.104898e-06,0.01
23.745178199999998,2.0,2.0,8.073591e-06,0.01
23.749481100000025,2.0,2.0,8.042409e-06,0.01
23.753966600000012,2.0,2.0,8.009507e-06,0.01
23.758274599999993,2.0,2.0,7.978198e-06,0.01
23.762804000000017,2.0,2.0,7.94848e-06,0.01
23.767360999999994,2.0,2.0,7.917615e-06,0.01
23.771677699999998,2.0,2.0,7.887007e-06,0.01
23.776002199999994,2.0,2.0,7.856079e-06,0.01
23.78049390000001,2.0,2.0,7.826169e-06,0.01
23.78501990000001,2.0,2.0,7.796133e-06,0.01
23.78917130000002,2.0,2.0,7.766478e-06,0.01
23.793514399999992,2.0,2.0,7.736186e-06,0.01
23.798044199999993,2.0,2.0,7.703031e-06,0.01
23.802569500000004,2.0,2.0,7.67554e-06,0.01
23.806872,2.0,2.0,7.647859e-06,0.01
23.811147000000005,2.0,2.0,7.617629e-06,0.01
23.815677199999982,2.0,2.0,7.58613e-06,0.01
23.82021309999999,2.0,2.0,7.558574e-06,0.01
23.824599200000023,2.0,2.0,7.528346e-06,0.01
23.828932399999985,2.0,2.0,7.500536e-06,0.01
23.83328560000001,2.0,2.0,7.470439e-06,0.01
23.83782980000001,2.0,2.0,7.43792e-06,0.01
23.842211599999985,2.0,2.0,7.413226e-06,0.01
23.846818299999995,2.0,2.0,7.384338e-06,0.01
23.851159300000006,2.0,2.0,7.354676e-06,0.01
23.85571299999998,2.0,2.0,7.32407e-06,0.01
23.860289899999998,2.0,2.0,7.296769e-06,0.01
23.864606900000013,2.0,2.0,7.269092e-06,0.01
23.86914969999998,2.0,2.0,7.240769e-06,0.01
23.87372099999999,2.0,2.0,7.211309e-06,0.01
23.87817739999997,2.0,2.0,7.180377e-06,0.01
23.88262579999997,2.0,2.0,7.156316e-06,0.01
23.88710229999998,2.0,2.0,7.128391e-06,0.01
23.891715499999975,2.0,2.0,7.098927e-06,0.01
23.89637879999998,2.0,2.0,7.067102e-06,0.01
23.9009102,2.0,2.0,7.042163e-06,0.01
23.90544749999998,2.0,2.0,7.016199e-06,0.01
23.909898800000008,2.0,2.0,6.986665e-06,0.01
23.914533199999994,2.0,2.0,6.957582e-06,0.01
23.919106399999976,2.0,2.0,6.930487e-06,0.01
23.92367999999999,2.0,2.0,6.904254e-06,0.01
23.928217700000005,2.0,2.0,6.879118e-06,0.01
23.932773999999995,2.0,2.0,6.849017e-06,0.01
23.93732449999999,2.0,2.0,6.819943e-06,0.01
23.941867600000023,2.0,2.0,6.796452e-06,0.01
23.94627909999997,2.0,2.0,6.769925e-06,0.01
23.950898499999994,2.0,2.0,6.742288e-06,0.01
23.9553894,2.0,2.0,6.714106e-06,0.01
23.959899899999982,2.0,2.0,6.690051e-06,0.01
23.96441040000002,2.0,2.0,6.662824e-06,0.01
23.96888849999999,2.0,2.0,6.637496e-06,0.01
23.9736719,2.0,2.0,6.608712e-06,0.01
23.978228100000024,2.0,2.0,6.581295e-06,0.01
23.98288339999999,2.0,2.0,6.557113e-06,0.01
23.987572,2.0,2.0,6.532156e-06,0.01
23.992166199999986,2.0,2.0,6.503541e-06,0.01
23.996946100000002,2.0,2.0,6.474851e-06,0.01
24.00155269999999,2.0,2.0,6.450774e-06,0.01
24.00636259999999,2.0,2.0,6.424249e-06,0.01
24.010898399999974,2.0,2.0,6.398899e-06,0.01
24.015329399999985,2.0,2.0,6.372552e-06,0.01
24.020270299999993,2.0,2.0,6.347491e-06,0.01
24.02478719999999,2.0,2.0,6.323003e-06,0.01
24.029333800000018,2.0,2.0,6.297917e-06,0.01
24.034251100000006,2.0,2.0,6.271203e-06,0.01
24.038731999999982,2.0,2.0,6.244984e-06,0.01
24.0434391,2.0,2.0,6.220725e-06,0.01
24.048135000000002,2.0,2.0,6.197575e-06,0.01
24.052825499999983,2.0,2.0,6.169575e-06,0.01
24.057395799999995,2.0,2.0,6.143674e-06,0.01
24.062138199999993,2.0,2.0,6.120129e-06,0.01
24.066904599999987,2.0,2.0,6.096393e-06,0.01
24.07148330000001,2.0,2.0,6.070046e-06,0.01
24.076240299999995,2.0,2.0,6.044005e-06,0.01
24.080906400000003,2.0,2.0,6.023195e-06,0.01
24.08558099999999,2.0,2.0,5.998234e-06,0.01
24.090378699999974,2.0,2.0,5.972619e-06,0.01
24.095048200000008,2.0,2.0,5.952191e-06,0.01
24.0996131,2.0,2.0,5.914518e-06,0.01
24.104163200000016,2.0,2.0,5.900757e-06,0.01
24.109448199999974,2.0,2.0,5.875636e-06,0.01
24.1141394,2.0,2.0,5.858327e-06,0.01
24.118771400000014,2.0,2.0,5.828099e-06,0.01
24.123517100000015,2.0,2.0,5.798906e-06,0.01
24.12820579999999,2.0,2.0,5.783202e-06,0.01
24.132862499999987,2.0,2.0,5.757526e-06,0.01
24.137503200000026,2.0,2.0,5.727391e-06,0.01
24.142254200000025,2.0,2.0,5.710799e-06,0.01
24.146952,2.0,2.0,5.688671e-06,0.01
24.151637100000016,2.0,2.0,5.664326e-06,0.01
24.156299900000022,2.0,2.0,5.641325e-06,0.01
24.1610091,2.0,2.0,5.61948e-06,0.01
24.165663999999992,2.0,2.0,5.597588e-06,0.01
24.17032230000001,2.0,2.0,5.574361e-06,0.01
24.175043500000015,2.0,2.0,5.549924e-06,0.01
24.179801399999974,2.0,2.0,5.52956e-06,0.01
24.184476899999993,2.0,2.0,5.506396e-06,0.01
24.189147300000002,2.0,2.0,5.485924e-06,0.01
24.193791799999985,2.0,2.0,5.462824e-06,0.01
24.198459200000002,2.0,2.0,5.439959e-06,0.01
24.203009199999997,2.0,2.0,5.421141e-06,0.01
24.207533000000012,2.0,2.0,5.400523e-06,0.01
24.212093400000015,2.0,2.0,5.378147e-06,0.01
24.21678320000001,2.0,2.0,5.354963e-06,0.01
24.22144259999999,2.0,2.0,5.336357e-06,0.01
24.225972800000022,2.0,2.0,5.315229e-06,0.01
24.23071870000001,2.0,2.0,5.293593e-06,0.01
24.235385500000007,2.0,2.0,5.270174e-06,0.01
24.240129200000013,2.0,2.0,5.250213e-06,0.01
24.244826999999987,2.0,2.0,5.229213e-06,0.01
24.249397699999975,2.0,2.0,5.209677e-06,0.01
24.254071599999975,2.0,2.0,5.187891e-06,0.01
24.258665199999996,2.0,2.0,5.167251e-06,0.01
24.263376900000026,2.0,2.0,5.147821e-06,0.01
24.268067900000005,2.0,2.0,5.129749e-06,0.01
24.272878600000013,2.0,2.0,5.106159e-06,0.01
24.277436599999987,2.0,2.0,5.083675e-06,0.01
24.28206929999999,2.0,2.0,5.065326e-06,0.01
24.286624899999993,2.0,2.0,5.046234e-06,0.01
24.291290500000002,2.0,2.0,5.024811e-06,0.01
24.29593779999999,2.0,2.0,5.004002e-06,0.01
24.3006532,2.0,2.0,4.98604e-06,0.01
24.305206399999975,2.0,2.0,4.96722e-06,0.01
24.30981429999997,2.0,2.0,4.946833e-06,0.01
24.314535999999976,2.0,2.0,4.926938e-06,0.01
24.319220400000006,2.0,2.0,4.905174e-06,0.01
24.324130799999978,2.0,2.0,4.886974e-06,0.01
24.328470700000025,2.0,2.0,4.871995e-06,0.01
24.332739000000004,2.0,2.0,4.85195e-06,0.01
24.336984200000018,2.0,2.0,4.832389e-06,0.01
24.341491099999985,2.0,2.0,4.817062e-06,0.01
24.3460336,2.0,2.0,4.7975e-06,0.01
24.350652500000024,2.0,2.0,4.778028e-06,0.01
24.355233899999973,2.0,2.0,4.757791e-06,0.01
24.359812299999987,2.0,2.0,4.740075e-06,0.01
24.364118899999994,2.0,2.0,4.723682e-06,0.01
24.368601300000023,2.0,2.0,4.708358e-06,0.01
24.37313469999998,2.0,2.0,4.686874e-06,0.01
24.377438799999993,2.0,2.0,4.668509e-06,0.01
24.381959499999994,2.0,2.0,4.652536e-06,0.01
24.38651900000002,2.0,2.0,4.635291e-06,0.01
24.39112940000001,2.0,2.0,4.615817e-06,0.01
24.3955967,2.0,2.0,4.596955e-06,0.01
24.400059999999996,2.0,2.0,4.582063e-06,0.01
24.404593799999986,2.0,2.0,4.562427e-06,0.01
24.40891879999998,2.0,2.0,4.548426e-06,0.01
24.41341319999998,2.0,2.0,4.529727e-06,0.01
24.41797630000002,2.0,2.0,4.510435e-06,0.01
24.42241530000001,2.0,2.0,4.49539e-06,0.01
24.42694879999999,2.0,2.0,4.47948e-06,0.01
24.43145800000002,2.0,2.0,4.459789e-06,0.01
24.436103600000024,2.0,2.0,4.441743e-06,0.01
24.440645899999993,2.0,2.0,4.427135e-06,0.01
24.444953499999997,2.0,2.0,4.41037e-06,0.01
24.449459400000023,2.0,2.0,4.393662e-06,0.01
24.453914399999974,2.0,2.0,4.376861e-06,0.01
24.45850089999999,2.0,2.0,4.357614e-06,0.01
24.462979299999972,2.0,2.0,4.343169e-06,0.01
24.46750049999997,2.0,2.0,4.328313e-06,0.01
24.47200029999999,2.0,2.0,4.310806e-06,0.01
24.4765041,2.0,2.0,4.292669e-06,0.01
24.481045999999992,2.0,2.0,4.278641e-06,0.01
24.4854699,2.0,2.0,4.262598e-06,0.01
24.489838599999985,2.0,2.0,4.24666e-06,0.01
24.49442019999998,2.0,2.0,4.229987e-06,0.01
24.498967600000014,2.0,2.0,4.212805e-06,0.01
24.503550899999993,2.0,2.0,4.198619e-06,0.01
24.508161200000018,2.0,2.0,4.18436e-06,0.01
24.5123337,2.0,2.0,4.167178e-06,0.01
24.516599100000008,2.0,2.0,4.150891e-06,0.01
24.52092779999998,2.0,2.0,4.137141e-06,0.01
24.525341000000026,2.0,2.0,4.122377e-06,0.01
24.529918500000008,2.0,2.0,4.106026e-06,0.01
24.5343383,2.0,2.0,4.089989e-06,0.01
24.538667999999973,2.0,2.0,4.07325e-06,0.01
24.543212400000016,2.0,2.0,4.060747e-06,0.01
24.547948200000008,2.0,2.0,4.044677e-06,0.01
24.554527000000007,2.0,2.0,4.021006e-06,0.01
24.558948600000008,2.0,2.0,4.005191e-06,0.01
24.5634503,2.0,2.0,3.99224e-06,0.01
24.567892599999993,2.0,2.0,3.97824e-06,0.01
24.572283400000003,2.0,2.0,3.962076e-06,0.01
24.5768784,2.0,2.0,3.945053e-06,0.01
24.58142570000001,2.0,2.0,3.932517e-06,0.01
24.585966400000018,2.0,2.0,3.917594e-06,0.01
24.59049779999998,2.0,2.0,3.901398e-06,0.01
24.595071899999994,2.0,2.0,3.888767e-06,0.01
24.59948209999999,2.0,2.0,3.867861e-06,0.01
24.604059099999972,2.0,2.0,3.863057e-06,0.01
24.608685999999977,2.0,2.0,3.845461e-06,0.01
24.613193000000024,2.0,2.0,3.834739e-06,0.01
24.61750109999997,2.0,2.0,3.809442e-06,0.01
24.62201909999999,2.0,2.0,3.803493e-06,0.01
24.626603999999986,2.0,2.0,3.777624e-06,0.01
24.631335700000022,2.0,2.0,3.765884e-06,0.01
24.636112799999978,2.0,2.0,3.761205e-06,0.01
24.64084059999999,2.0,2.0,3.743323e-06,0.01
24.645358299999998,2.0,2.0,3.724487e-06,0.01
24.650064299999997,2.0,2.0,3.712968e-06,0.01
24.65478730000001,2.0,2.0,3.69798e-06,0.01
24.659484599999985,2.0,2.0,3.68255e-06,0.01
24.664190500000018,2.0,2.0,3.668965e-06,0.01
24.668894000000023,2.0,2.0,3.655792e-06,0.01
24.673457299999995,2.0,2.0,3.640231e-06,0.01
24.678188799999987,2.0,2.0,3.623431e-06,0.01
24.682866999999987,2.0,2.0,3.611246e-06,0.01
24.687557500000025,2.0,2.0,3.599155e-06,0.01
24.69238489999998,2.0,2.0,3.582644e-06,0.01
24.697288300000025,2.0,2.0,3.567077e-06,0.01
24.70199120000001,2.0,2.0,3.55531e-06,0.01
24.706694700000014,2.0,2.0,3.542003e-06,0.01
24.711288799999977,2.0,2.0,3.528328e-06,0.01
24.715991900000006,2.0,2.0,3.512511e-06,0.01
24.72053599999998,2.0,2.0,3.50153e-06,0.01
24.725227200000006,2.0,2.0,3.487664e-06,0.01
24.729943100000014,2.0,2.0,3.475092e-06,0.01
24.734603600000014,2.0,2.0,3.460491e-06,0.01
24.73928360000002,2.0,2.0,3.445182e-06,0.01
24.74409049999997,2.0,2.0,3.433572e-06,0.01
24.74862059999998,2.0,2.0,3.4232e-06,0.01
24.753022299999998,2.0,2.0,3.407954e-06,0.01
24.75754009999997,2.0,2.0,3.393954e-06,0.01
24.761904700000002,2.0,2.0,3.384054e-06,0.01
24.766233899999975,2.0,2.0,3.371872e-06,0.01
24.77054800000002,2.0,2.0,3.359081e-06,0.01
24.774826899999994,2.0,2.0,3.34759e-06,0.01
24.77907879999998,2.0,2.0,3.334162e-06,0.01
24.783265599999993,2.0,2.0,3.324308e-06,0.01
24.787452900000005,2.0,2.0,3.314052e-06,0.01
24.791644099999985,2.0,2.0,3.300725e-06,0.01
24.795854399999996,2.0,2.0,3.288125e-06,0.01
24.80008349999997,2.0,2.0,3.278489e-06,0.01
24.8042911,2.0,2.0,3.267061e-06,0.01
24.80847749999998,2.0,2.0,3.258253e-06,0.01
24.8126891,2.0,2.0,3.244178e-06,0.01
24.816990999999973,2.0,2.0,3.231398e-06,0.01
24.821244400000012,2.0,2.0,3.22137e-06,0.01
24.825773099999992,2.0,2.0,3.211034e-06,0.01
24.830356300000005,2.0,2.0,3.197378e-06,0.01
24.834910700000023,2.0,2.0,3.185898e-06,0.01
24.839455499999985,2.0,2.0,3.173107e-06,0.01
24.844000199999982,2.0,2.0,3.161996e-06,0.01
24.848557599999992,2.0,2.0,3.152896e-06,0.01
24.852790700000014,2.0,2.0,3.139125e-06,0.01
24.857331699999975,2.0,2.0,3.125188e-06,0.01
24.861854800000003,2.0,2.0,3.116661e-06,0.01
24.866298900000004,2.0,2.0,3.104888e-06,0.01
24.870868200000018,2.0,2.0,3.092352e-06,0.01
24.87541729999998,2.0,2.0,3.080261e-06,0.01
24.879870600000004,2.0,2.0,3.07032e-06,0.01
24.88421390000002,2.0,2.0,3.059565e-06,0.01
24.88866330000002,2.0,2.0,3.051013e-06,0.01
24.892950499999984,2.0,2.0,3.037801e-06,0.01
24.897316400000022,2.0,2.0,3.025239e-06,0.01
24.901705300000003,2.0,2.0,3.015464e-06,0.01
24.906037000000026,2.0,2.0,3.006109e-06,0.01
24.9102886,2.0,2.0,2.995545e-06,0.01
24.914580399999977,2.0,2.0,2.983581e-06,0.01
24.91874789999997,2.0,2.0,2.970678e-06,0.01
24.922954800000014,2.0,2.0,2.964362e-06,0.01
24.92715099999998,2.0,2.0,2.954578e-06,0.01
24.93142560000001,2.0,2.0,2.943314e-06,0.01
24.93566290000001,2.0,2.0,2.931669e-06,0.01
24.939908100000025,2.0,2.0,2.92291e-06,0.01
24.94438580000002,2.0,2.0,2.912832e-06,0.01
24.948728200000005,2.0,2.0,2.905283e-06,0.01
24.95325250000002,2.0,2.0,2.891919e-06,0.01
24.957698499999992,2.0,2.0,2.879383e-06,0.01
24.962257599999987,2.0,2.0,2.870919e-06,0.01
24.966527999999983,2.0,2.0,2.861906e-06,0.01
24.97109469999998,2.0,2.0,2.849768e-06,0.01
24.975681899999984,2.0,2.0,2.837891e-06,0.01
24.98003510000001,2.0,2.0,2.829086e-06,0.01
24.984356600000012,2.0,2.0,2.820218e-06,0.01
24.98859140000002,2.0,2.0,2.812454e-06,0.01
24.9930698,2.0,2.0,2.799518e-06,0.01
24.997600200000022,2.0,2.0,2.787468e-06,0.01
25.00202919999998,2.0,2.0,2.779895e-06,0.01
25.006433200000004,2.0,2.0,2.770349e-06,0.01
25.01100009999999,2.0,2.0,2.759426e-06,0.01
25.01562439999998,2.0,2.0,2.747694e-06,0.01
25.02007950000001,2.0,2.0,2.738703e-06,0.01
25.024324499999977,2.0,2.0,2.729389e-06,0.01
25.028698599999984,2.0,2.0,2.72273e-06,0.01
25.03313959999997,2.0,2.0,2.709852e-06,0.01
25.03755960000001,2.0,2.0,2.698802e-06,0.01
25.041869200000008,2.0,2.0,2.691758e-06,0.01
25.04636340000002,2.0,2.0,2.681725e-06,0.01
25.05097760000001,2.0,2.0,2.670928e-06,0.01
25.05557540000001,2.0,2.0,2.659643e-06,0.01
25.059978,2.0,2.0,2.652155e-06,0.01
25.064622799999995,2.0,2.0,2.641803e-06,0.01
25.06918730000001,2.0,2.0,2.633806e-06,0.01
25.07387890000001,2.0,2.0,2.621863e-06,0.01
25.078609599999993,2.0,2.0,2.609539e-06,0.01
25.0831551,2.0,2.0,2.602687e-06,0.01
25.087914300000023,2.0,2.0,2.593821e-06,0.01
25.092595000000017,2.0,2.0,2.575641e-06,0.01
25.097312799999997,2.0,2.0,2.568598e-06,0.01
25.101972499999988,2.0,2.0,2.567878e-06,0.01
25.10653609999997,2.0,2.0,2.550186e-06,0.01
25.111219300000016,2.0,2.0,2.551905e-06,0.01
25.11581769999998,2.0,2.0,2.536716e-06,0.01
25.120503999999983,2.0,2.0,2.520468e-06,0.01
25.125150299999973,2.0,2.0,2.523713e-06,0.01
25.129842999999994,2.0,2.0,2.50702e-06,0.01
25.134561899999994,2.0,2.0,2.490749e-06,0.01
25.139252499999998,2.0,2.0,2.487778e-06,0.01
25.14389080000001,2.0,2.0,2.483451e-06,0.01
25.14848790000002,2.0,2.0,2.47272e-06,0.01
25.153174999999976,2.0,2.0,2.462005e-06,0.01
25.157929000000024,2.0,2.0,2.450041e-06,0.01
25.162444600000015,2.0,2.0,2.442683e-06,0.01
25.167125399999975,2.0,2.0,2.434494e-06,0.01
25.17180380000002,2.0,2.0,2.424292e-06,0.01
25.176468199999988,2.0,2.0,2.413557e-06,0.01
25.181128399999977,2.0,2.0,2.406576e-06,0.01
25.18560309999998,2.0,2.0,2.398647e-06,0.01
25.19031130000002,2.0,2.0,2.389311e-06,0.01
25.19480490000001,2.0,2.0,2.38002e-06,0.01
25.19941,2.0,2.0,2.370856e-06,0.01
25.204103499999974,2.0,2.0,2.363347e-06,0.01
25.20879580000002,2.0,2.0,2.357111e-06,0.01
25.213595699999985,2.0,2.0,2.34502e-06,0.01
25.218282699999975,2.0,2.0,2.334602e-06,0.01
25.22299049999998,2.0,2.0,2.328092e-06,0.01
25.227672499999983,2.0,2.0,2.320538e-06,0.01
25.232319500000017,2.0,2.0,2.310318e-06,0.01
25.236945900000023,2.0,2.0,2.301091e-06,0.01
25.241638299999977,2.0,2.0,2.293964e-06,0.01
25.24632680000002,2.0,2.0,2.286073e-06,0.01
25.251036399999975,2.0,2.0,2.275782e-06,0.01
25.255712000000017,2.0,2.0,2.266619e-06,0.01
25.26044509999997,2.0,2.0,2.260446e-06,0.01
25.26509279999999,2.0,2.0,2.250691e-06,0.01
25.26970799999998,2.0,2.0,2.244073e-06,0.01
25.27439609999999,2.0,2.0,2.234591e-06,0.01
25.279065000000003,2.0,2.0,2.224854e-06,0.01
25.28374759999997,2.0,2.0,2.21919e-06,0.01
25.28829109999998,2.0,2.0,2.212e-06,0.01
25.292991900000004,2.0,2.0,2.202472e-06,0.01
25.297669999999982,0.0,0.0,-0.0001938583,0.01
25.45583799999997,0.0,0.0,-0.0001928046,0.01
25.46132080000001,0.0,0.0,-0.0001917392,0.01
25.46664579999998,0.0,0.0,-0.0001907321,0.01
25.471767999999997,0.0,0.0,-0.0001897642,0.01
25.4771035,0.0,0.0,-0.0001887338,0.01
25.482486800000004,0.0,0.0,-0.0001877557,0.01
25.48766039999998,0.0,0.0,-0.0001867952,0.01
25.49270309999997,0.0,0.0,-0.0001858885,0.01
25.49789099999998,0.0,0.0,-0.0001849265,0.01
25.502910600000007,0.0,0.0,-0.0001840039,0.01
25.50805120000001,0.0,0.0,-0.0001830694,0.01
25.513481300000024,0.0,0.0,-0.0001821031,0.01
25.51865079999999,0.0,0.0,-0.0001811906,0.01
25.52381109999999,0.0,0.0,-0.0001802911,0.01
25.52871490000001,0.0,0.0,-0.0001794426,0.01
25.533664199999976,0.0,0.0,-0.0001786407,0.01
25.53832460000001,0.0,0.0,-0.0001778242,0.01
25.5427679,0.0,0.0,-0.0001770267,0.01
25.547123999999997,0.0,0.0,-0.0001762757,0.01
25.551690000000008,0.0,0.0,-0.0001754854,0.01
25.55623639999999,0.0,0.0,-0.0001747097,0.01
25.560867900000005,0.0,0.0,-0.000173918,0.01
25.56542639999998,0.0,0.0,-0.0001731451,0.01
25.569994899999983,0.0,0.0,-0.0001723767,0.01
25.574514299999976,0.0,0.0,-0.0001716243,0.01
25.579126400000007,0.0,0.0,-0.0001708631,0.01
25.583687899999973,0.0,0.0,-0.0001700902,0.01
25.588262699999973,0.0,0.0,-0.0001693481,0.01
25.592824099999973,0.0,0.0,-0.0001685797,0.01
25.59723459999998,0.0,0.0,-0.0001678636,0.01
25.601632100000018,0.0,0.0,-0.0001671534,0.01
25.606185299999993,0.0,0.0,-0.0001663966,0.01
25.610671799999977,0.0,0.0,-0.0001657097,0.01
25.61522100000002,0.0,0.0,-0.0001649471,0.01
25.619835599999988,0.0,0.0,-0.0001642032,0.01
25.624488199999973,0.0,0.0,-0.0001634697,0.01
25.629168400000026,0.0,0.0,-0.0001627187,0.01
25.633691699999986,0.0,0.0,-0.0001620188,0.01
25.638207899999998,0.0,0.0,-0.0001613144,0.01
25.642922800000008,0.0,0.0,-0.0001605661,0.01
25.64745590000001,0.0,0.0,-0.0001598649,0.01
25.652162799999985,0.0,0.0,-0.000159143,0.01
25.656918899999994,0.0,0.0,-0.0001584095,0.01
25.661628300000018,0.0,0.0,-0.0001576889,0.01
25.66635050000002,0.0,0.0,-0.0001569728,0.01
25.671053599999993,0.0,0.0,-0.0001562581,0.01
25.67570489999997,0.0,0.0,-0.000155542,0.01
25.6804032,0.0,0.0,-0.0001548363,0.01
25.684977100000026,0.0,0.0,-0.000154154,0.01
25.689710100000013,0.0,0.0,-0.0001534566,0.01
25.694279600000016,0.0,0.0,-0.0001527755,0.01
25.699051199999985,0.0,0.0,-0.0001520815,0.01
25.70379509999998,0.0,0.0,-0.0001513945,0.01
25.70847040000001,0.0,0.0,-0.0001507018,0.01
25.713145899999972,0.0,0.0,-0.0001500323,0.01
25.71796549999999,0.0,0.0,-0.0001493117,0.01
25.72272650000002,0.0,0.0,-0.0001486364,0.01
25.727442300000007,0.0,0.0,-0.0001479669,0.01
25.73217999999997,0.0,0.0,-0.0001472928,0.01
25.736896300000012,0.0,0.0,-0.0001466267,0.01
25.741471199999978,0.0,0.0,-0.0001459631,0.01
25.746253299999978,0.0,0.0,-0.0001453064,0.01
25.750933900000007,0.0,0.0,-0.0001446614,0.01
25.7555926,0.0,0.0,-0.000144007,0.01
25.760201300000006,0.0,0.0,-0.000143369,0.01
25.764866600000005,0.0,0.0,-0.0001427205,0.01
25.769559300000026,0.0,0.0,-0.0001420859,0.01
25.77427019999999,0.0,0.0,-0.0001414409,0.01
25.778998300000012,0.0,0.0,-0.0001408064,0.01
25.78370990000002,0.0,0.0,-0.000140166,0.01
25.78831059999999,0.0,0.0,-0.0001395478,0.01
25.792798600000026,0.0,0.0,-0.0001389365,0.01
25.797517400000004,0.0,0.0,-0.0001383147,0.01
25.80209289999999,0.0,0.0,-0.0001377093,0.01
25.80656190000002,0.0,0.0,-0.000137126,0.01
25.81115970000002,0.0,0.0,-0.0001365053,0.01
25.815877,0.0,0.0,-0.000135886,0.01
25.820427199999983,0.0,0.0,-0.0001353039,0.01
25.825109399999974,0.0,0.0,-0.0001346879,0.01
25.829646700000012,0.0,0.0,-0.0001341115,0.01
25.834180600000025,0.0,0.0,-0.0001335167,0.01
25.838796899999977,0.0,0.0,-0.0001329393,0.01
25.843459800000005,0.0,0.0,-0.0001323418,0.01
25.848070300000018,0.0,0.0,-0.0001317596,0.01
25.852587599999993,0.0,0.0,-0.0001311764,0.01
25.857347600000026,0.0,0.0,-0.0001305885,0.01
25.862028699999996,0.0,0.0,-0.0001299841,0.01
25.866647,0.0,0.0,-0.0001294241,0.01
25.87133719999997,0.0,0.0,-0.0001288489,0.01
25.876000799999986,0.0,0.0,-0.0001282667,0.01
25.88054199999999,0.0,0.0,-0.0001277116,0.01
25.885163299999988,0.0,0.0,-0.0001271363,0.01
25.88989140000001,0.0,0.0,-0.0001265774,0.01
25.8946009,0.0,0.0,-0.0001260011,0.01
25.8991987,0.0,0.0,-0.0001254491,0.01
25.903834500000016,0.0,0.0,-0.000124895,0.01
25.908328299999994,0.0,0.0,-0.0001243652,0.01
25.912671999999986,0.0,0.0,-0.0001238588,0.01
25.917143899999985,0.0,0.0,-0.0001233184,0.01
25.92171860000002,0.0,0.0,-0.0001227992,0.01
25.92611679999999,0.0,0.0,-0.0001222588,0.01
25.930484700000022,0.0,0.0,-0.000121763,0.01
25.93477630000001,0.0,0.0,-0.0001212692,0.01
25.939032399999974,0.0,0.0,-0.0001207743,0.01
25.943300000000022,0.0,0.0,-0.0001202737,0.01
25.947620700000016,0.0,0.0,-0.0001197779,0.01
25.952019099999973,0.0,0.0,-0.0001192733,0.01
25.956439699999976,0.0,0.0,-0.0001187601,0.01
25.96087990000001,0.0,0.0,-0.0001182711,0.01
25.96511019999997,0.0,0.0,-0.0001177927,0.01
25.969397500000014,0.0,0.0,-0.0001173056,0.01
25.973658399999977,0.0,0.0,-0.0001168283,0.01
25.977926799999977,0.0,0.0,-0.0001163674,0.01
25.982176200000026,0.0,0.0,-0.0001158891,0.01
25.98644189999999,0.0,0.0,-0.0001154069,0.01
25.990801799999986,0.0,0.0,-0.0001149353,0.01
25.99537939999999,0.0,0.0,-0.0001144288,0.01
25.999951099999976,0.0,0.0,-0.000113934,0.01
26.00450169999999,0.0,0.0,-0.0001134382,0.01
26.00907269999999,0.0,0.0,-0.0001129394,0.01
26.013664000000006,0.0,0.0,-0.0001124437,0.01
26.018008199999997,0.0,0.0,-0.0001120012,0.01
26.0223168,0.0,0.0,-0.0001115239,0.01
26.026924599999973,0.0,0.0,-0.0001110389,0.01
26.031499300000007,0.0,0.0,-0.000110545,0.01
26.035896200000025,0.0,0.0,-0.0001100909,0.01
26.04052949999999,0.0,0.0,-0.0001095911,0.01
26.045162800000014,0.0,0.0,-0.0001091303,0.01
26.049558100000013,0.0,0.0,-0.0001086754,0.01
26.053941899999984,0.0,0.0,-0.0001082396,0.01
26.05849169999999,0.0,0.0,-0.0001077681,0.01
26.063026499999978,0.0,0.0,-0.0001072965,0.01
26.067684900000017,0.0,0.0,-0.0001068192,0.01
26.072353899999996,0.0,0.0,-0.0001063435,0.01
26.076985400000012,0.0,0.0,-0.0001058828,0.01
26.081612000000007,0.0,0.0,-0.0001054171,0.01
26.086088700000005,0.0,0.0,-0.0001049729,0.01
26.090901700000018,0.0,0.0,-0.0001044964,0.01
26.095458399999984,0.0,0.0,-0.0001040365,0.01
26.099859400000014,0.0,0.0,-0.0001036232,0.01
26.104434400000002,0.0,0.0,-0.000103145,0.01
26.10915289999997,0.0,0.0,-0.0001026859,0.01
26.113790499999993,0.0,0.0,-0.0001022493,0.01
26.11840749999999,0.0,0.0,-0.0001017777,0.01
26.12302010000002,0.0,0.0,-0.0001013361,0.01
26.12743039999998,0.0,0.0,-0.000100922,0.01
26.132039099999986,0.0,0.0,-0.0001004679,0.01
26.136658599999976,0.0,0.0,-0.0001000421,0.01
26.141293399999995,0.0,0.0,-9.730568e-05,0.01
26.225131299999987,0.0,0.0,-9.684444e-05,0.01
26.229711099999975,0.0,0.0,-9.642072e-05,0.01
26.23415369999998,0.0,0.0,-9.601252e-05,0.01
26.238807399999985,0.0,0.0,-9.558509e-05,0.01
26.243289600000026,0.0,0.0,-9.517068e-05,0.01
26.247934799999996,0.0,0.0,-9.474132e-05,0.01
26.252584000000013,0.0,0.0,-9.432613e-05,0.01
26.257241000000022,0.0,0.0,-9.390686e-05,0.01
26.261853900000006,0.0,0.0,-9.348934e-05,0.01
26.26646039999997,0.0,0.0,-9.307764e-05,0.01
26.2710692,0.0,0.0,-9.266828e-05,0.01
26.275703299999975,0.0,0.0,-9.225849e-05,0.01
26.280227799999977,0.0,0.0,-9.186193e-05,0.01
26.284866099999988,0.0,0.0,-9.14524e-05,0.01
26.289343499999973,0.0,0.0,-9.105918e-05,0.01
26.2939657,0.0,0.0,-9.06616e-05,0.01
26.29852920000002,0.0,0.0,-9.027146e-05,0.01
26.303095100000007,0.0,0.0,-8.987432e-05,0.01
26.30771390000001,0.0,0.0,-8.947951e-05,0.01
26.31230629999999,0.0,0.0,-8.908674e-05,0.01
26.31697200000002,0.0,0.0,-8.869513e-05,0.01
26.321483100000023,0.0,0.0,-8.831545e-05,0.01
26.32603819999997,0.0,0.0,-8.792906e-05,0.01
26.33066359999998,0.0,0.0,-8.754389e-05,0.01
26.335166700000002,0.0,0.0,-8.716842e-05,0.01
26.33979099999999,0.0,0.0,-8.679037e-05,0.01
26.344343999999978,0.0,0.0,-8.641012e-05,0.01
26.348897299999976,0.0,0.0,-8.603405e-05,0.01
26.3533951,0.0,0.0,-8.566999e-05,0.01
26.357725700000003,0.0,0.0,-8.532246e-05,0.01
26.362033800000006,0.0,0.0,-8.497179e-05,0.01
26.366291100000012,0.0,0.0,-8.46287e-05,0.01
26.370621599999993,0.0,0.0,-8.428233e-05,0.01
26.375114300000007,0.0,0.0,-8.392071e-05,0.01
26.379434800000013,0.0,0.0,-8.357947e-05,0.01
26.383710899999983,0.0,0.0,-8.323648e-05,0.01
26.388291100000004,0.0,0.0,-8.287244e-05,0.01
26.39288929999998,0.0,0.0,-8.251557e-05,0.01
26.39744350000001,0.0,0.0,-8.215803e-05,0.01
26.4020448,0.0,0.0,-8.179808e-05,0.01
26.406603099999984,0.0,0.0,-8.144054e-05,0.01
26.411192400000004,0.0,0.0,-8.109072e-05,0.01
26.415638899999976,0.0,0.0,-8.073492e-05,0.01
26.42041549999999,0.0,0.0,-8.038138e-05,0.01
26.425022599999977,0.0,0.0,-8.0021e-05,0.01
26.429700700000012,0.0,0.0,-7.967044e-05,0.01
26.43439699999999,0.0,0.0,-7.931924e-05,0.01
26.43910920000002,0.0,0.0,-7.896629e-05,0.01
26.443820700000003,0.0,0.0,-7.861114e-05,0.01
26.448551399999985,0.0,0.0,-7.826286e-05,0.01
26.45324310000001,0.0,0.0,-7.791056e-05,0.01
26.45792610000001,0.0,0.0,-7.756933e-05,0.01
26.46265729999999,0.0,0.0,-7.721587e-05,0.01
26.46739009999999,0.0,0.0,-7.687235e-05,0.01
26.471966599999973,0.0,0.0,-7.653984e-05,0.01
26.476570200000026,0.0,0.0,-7.620676e-05,0.01
26.481324099999995,0.0,0.0,-7.586552e-05,0.01
26.486038099999973,0.0,0.0,-7.552716e-05,0.01
26.49074939999997,0.0,0.0,-7.519003e-05,0.01
26.495475399999975,0.0,0.0,-7.485575e-05,0.01
26.50014040000002,0.0,0.0,-7.453087e-05,0.01
26.504779499999984,0.0,0.0,-7.419893e-05,0.01
26.50947910000002,0.0,0.0,-7.386703e-05,0.01
26.51417650000002,0.0,0.0,-7.354266e-05,0.01
26.518759799999998,0.0,0.0,-7.32253e-05,0.01
26.523337099999992,0.0,0.0,-7.290733e-05,0.01
26.528052000000002,0.0,0.0,-7.258241e-05,0.01
26.532647300000008,0.0,0.0,-7.226389e-05,0.01
26.537299200000007,0.0,0.0,-7.195176e-05,0.01
26.541976999999974,0.0,0.0,-7.163498e-05,0.01
26.546630800000003,0.0,0.0,-7.13182e-05,0.01
26.55131929999999,0.0,0.0,-7.100142e-05,0.01
26.555883300000005,0.0,0.0,-7.069046e-05,0.01
26.560493699999995,0.0,0.0,-7.038825e-05,0.01
26.56486940000002,0.0,0.0,-7.011164e-05,0.01
26.56902980000001,0.0,0.0,-6.983621e-05,0.01
26.57354570000001,0.0,0.0,-6.953457e-05,0.01
26.578127199999983,0.0,0.0,-6.923698e-05,0.01
26.582519600000012,0.0,0.0,-6.894873e-05,0.01
26.586846200000025,0.0,0.0,-6.866516e-05,0.01
26.591412300000002,0.0,0.0,-6.837226e-05,0.01
26.595887199999993,0.0,0.0,-6.806771e-05,0.01
26.600458000000003,0.0,0.0,-6.779693e-05,0.01
26.605031999999994,0.0,0.0,-6.749413e-05,0.01
26.609596099999976,0.0,0.0,-6.720529e-05,0.01
26.614147000000003,0.0,0.0,-6.690773e-05,0.01
26.618694600000026,0.0,0.0,-6.663983e-05,0.01
26.62329840000001,0.0,0.0,-6.633764e-05,0.01
26.627634899999975,0.0,0.0,-6.607565e-05,0.01
26.632125499999972,0.0,0.0,-6.579317e-05,0.01
26.63671260000001,0.0,0.0,-6.552415e-05,0.01
26.641302499999995,0.0,0.0,-6.522891e-05,0.01
26.645894,0.0,0.0,-6.493659e-05,0.01
26.65058160000001,0.0,0.0,-6.465358e-05,0.01
26.655309499999987,0.0,0.0,-6.436126e-05,0.01
26.660069299999975,0.0,0.0,-6.408052e-05,0.01
26.664677600000005,0.0,0.0,-6.379816e-05,0.01
26.66939739999998,0.0,0.0,-6.351341e-05,0.01
26.673995600000012,0.0,0.0,-6.324102e-05,0.01
26.678697199999988,0.0,0.0,-6.296552e-05,0.01
26.68326289999999,0.0,0.0,-6.269059e-05,0.01
26.6878241,0.0,0.0,-6.242331e-05,0.01
26.692493899999988,0.0,0.0,-6.214969e-05,0.01
26.69719570000001,0.0,0.0,-6.187651e-05,0.01
26.701898900000003,0.0,0.0,-6.159991e-05,0.01
26.706456000000003,0.0,0.0,-6.133438e-05,0.01
26.711231699999985,0.0,0.0,-6.105495e-05,0.01
26.71601629999998,0.0,0.0,-6.078583e-05,0.01
26.72058499999997,0.0,0.0,-6.05267e-05,0.01
26.725185699999997,0.0,0.0,-6.026524e-05,0.01
26.729811400000017,0.0,0.0,-6.000136e-05,0.01
26.734460800000022,0.0,0.0,-5.97429e-05,0.01
26.739060300000006,0.0,0.0,-5.94862e-05,0.01
26.743852800000013,0.0,0.0,-5.921697e-05,0.01
26.748525400000005,0.0,0.0,-5.895153e-05,0.01
26.753255299999978,0.0,0.0,-5.869299e-05,0.01
26.757904399999973,0.0,0.0,-5.843793e-05,0.01
26.76254019999999,0.0,0.0,-5.818229e-05,0.01
26.767243599999972,0.0,0.0,-5.792491e-05,0.01
26.771930199999986,0.0,0.0,-5.767044e-05,0.01
26.776537399999995,0.0,0.0,-5.742015e-05,0.01
26.78112379999999,0.0,0.0,-5.717605e-05,0.01
26.785657200000003,0.0,0.0,-5.693089e-05,0.01
26.79027389999999,0.0,0.0,-5.668574e-05,0.01
26.79493500000001,0.0,0.0,-5.643697e-05,0.01
26.799642300000016,0.0,0.0,-5.61896e-05,0.01
26.804370300000016,0.0,0.0,-5.593804e-05,0.01
26.809003399999995,0.0,0.0,-5.569101e-05,0.01
26.81374599999998,0.0,0.0,-5.54467e-05,0.01
26.818472999999983,0.0,0.0,-5.520446e-05,0.01
26.823209899999995,0.0,0.0,-5.495393e-05,0.01
26.827862600000003,0.0,0.0,-5.471765e-05,0.01
26.832490500000006,0.0,0.0,-5.448167e-05,0.01
26.837157100000013,0.0,0.0,-5.424292e-05,0.01
26.841808800000024,0.0,0.0,-5.40065e-05,0.01
26.84652319999998,0.0,0.0,-5.376775e-05,0.01
26.851082099999985,0.0,0.0,-5.35373e-05,0.01
26.85576850000001,0.0,0.0,-5.330131e-05,0.01
26.860512299999982,0.0,0.0,-5.30678e-05,0.01
26.865218099999993,0.0,0.0,-5.283138e-05,0.01
26.8699297,0.0,0.0,-5.258871e-05,0.01
26.87466139999998,0.0,0.0,-5.236553e-05,0.01
26.879410300000018,0.0,0.0,-5.213493e-05,0.01
26.88411400000001,0.0,0.0,-5.190259e-05,0.01
26.888687000000004,0.0,0.0,-5.168089e-05,0.01
26.893330100000014,0.0,0.0,-5.145536e-05,0.01
26.898052099999973,0.0,0.0,-5.123101e-05,0.01
26.90266120000001,0.0,0.0,-5.101048e-05,0.01
26.907176900000024,0.0,0.0,-5.078844e-05,0.01
26.911722399999974,0.0,0.0,-5.057782e-05,0.01
26.916043899999977,0.0,0.0,-5.037825e-05,0.01
26.920346600000016,0.0,0.0,-5.017485e-05,0.01
26.924867699999993,0.0,0.0,-4.99594e-05,0.01
26.92952379999997,0.0,0.0,-4.974027e-05,0.01
26.934059100000013,0.0,0.0,-4.953023e-05,0.01
26.93861049999998,0.0,0.0,-4.932408e-05,0.01
26.943161599999996,0.0,0.0,-4.910728e-05,0.01
26.947751900000014,0.0,0.0,-4.889899e-05,0.01
26.952312800000016,0.0,0.0,-4.868936e-05,0.01
26.95689470000002,0.0,0.0,-4.848206e-05,0.01
26.961492599999985,0.0,0.0,-4.827883e-05,0.01
26.96595659999997,0.0,0.0,-4.807385e-05,0.01
26.97047409999999,0.0,0.0,-4.787082e-05,0.01
26.974963000000002,0.0,0.0,-4.766972e-05,0.01
26.979548299999976,0.0,0.0,-4.746145e-05,0.01
26.984106199999985,0.0,0.0,-4.726268e-05,0.01
26.98864759999998,0.0,0.0,-4.706024e-05,0.01
26.993201399999975,0.0,0.0,-4.686205e-05,0.01
26.997713999999974,0.0,0.0,-4.666368e-05,0.01
27.002178000000015,0.0,0.0,-4.646919e-05,0.01
27.00679530000002,0.0,0.0,-4.626634e-05,0.01
27.011307699999975,0.0,0.0,-4.606931e-05,0.01
27.016043000000025,0.0,0.0,-4.58638e-05,0.01
27.02065490000001,0.0,0.0,-4.567084e-05,0.01
27.025123399999984,0.0,0.0,-4.548217e-05,0.01
27.02961879999998,0.0,0.0,-4.528747e-05,0.01
27.034193500000015,0.0,0.0,-4.50953e-05,0.01
27.03884640000001,0.0,0.0,-4.490255e-05,0.01
27.043485799999985,0.0,0.0,-4.470457e-05,0.01
27.048213099999998,0.0,0.0,-4.450658e-05,0.01
27.052915100000007,0.0,0.0,-4.431172e-05,0.01
27.05774329999997,0.0,0.0,-4.411213e-05,0.01
27.06229860000002,0.0,0.0,-4.392623e-05,0.01
27.067024300000014,0.0,0.0,-4.372847e-05,0.01
27.071764599999995,0.0,0.0,-4.353877e-05,0.01
27.076484100000016,0.0,0.0,-4.334706e-05,0.01
27.08115829999997,0.0,0.0,-4.315735e-05,0.01
27.08588450000002,0.0,0.0,-4.296577e-05,0.01
27.090616699999998,0.0,0.0,-4.277791e-05,0.01
27.095318399999996,0.0,0.0,-4.260182e-05,0.01
27.0998692,0.0,0.0,-4.240174e-05,0.01
27.104622000000006,0.0,0.0,-4.222739e-05,0.01
27.109277299999974,0.0,0.0,-4.203779e-05,0.01
27.11401749999999,0.0,0.0,-4.185088e-05,0.01
27.11867669999998,0.0,0.0,-4.168118e-05,0.01
27.12335810000002,0.0,0.0,-4.14975e-05,0.01
27.127865600000007,0.0,0.0,-4.131956e-05,0.01
27.132440900000006,0.0,0.0,-4.114511e-05,0.01
27.13713530000001,0.0,0.0,-4.09512e-05,0.01
27.141890100000012,0.0,0.0,-4.077658e-05,0.01
27.146535299999982,0.0,0.0,-4.060214e-05,0.01
27.15122100000002,0.0,0.0,-4.04213e-05,0.01
27.1560116,0.0,0.0,-4.024893e-05,0.01
27.1606984,0.0,0.0,-4.007165e-05,0.01
27.165277899999978,0.0,0.0,-3.990019e-05,0.01
27.169860299999982,0.0,0.0,-3.972783e-05,0.01
27.174555199999986,0.0,0.0,-3.955514e-05,0.01
27.179255000000012,0.0,0.0,-3.938653e-05,0.01
27.183842700000014,0.0,0.0,-3.921797e-05,0.01
27.188311999999996,0.0,0.0,-3.905519e-05,0.01
27.192726300000004,0.0,0.0,-3.889712e-05,0.01
27.19710520000001,0.0,0.0,-3.87428e-05,0.01
27.20146699999998,0.0,0.0,-3.858352e-05,0.01
27.205794500000025,0.0,0.0,-3.842804e-05,0.01
27.2102845,0.0,0.0,-3.826441e-05,0.01
27.214719300000013,0.0,0.0,-3.810924e-05,0.01
27.219178,0.0,0.0,-3.79552e-05,0.01
27.223619900000017,0.0,0.0,-3.779537e-05,0.01
27.228056700000025,0.0,0.0,-3.763465e-05,0.01
27.232615099999975,0.0,0.0,-3.747917e-05,0.01
27.23709869999999,0.0,0.0,-3.732661e-05,0.01
27.24156690000001,0.0,0.0,-3.71688e-05,0.01
27.245858,0.0,0.0,-3.702176e-05,0.01
27.2503102,0.0,0.0,-3.686686e-05,0.01
27.25475879999999,0.0,0.0,-3.671458e-05,0.01
27.259203300000024,0.0,0.0,-3.656669e-05,0.01
27.263639099999978,0.0,0.0,-3.641209e-05,0.01
27.268106400000022,0.0,0.0,-3.626097e-05,0.01
27.272564699999975,0.0,0.0,-3.611044e-05,0.01
27.27698879999997,0.0,0.0,-3.596195e-05,0.01
27.281593199999975,0.0,0.0,-3.580938e-05,0.01
27.286124799999982,0.0,0.0,-3.565536e-05,0.01
27.29073169999998,0.0,0.0,-3.550075e-05,0.01
27.29541389999997,0.0,0.0,-3.534673e-05,0.01
27.30013100000002,0.0,0.0,-3.519504e-05,0.01
27.3048493,0.0,0.0,-3.503724e-05,0.01
27.30945939999998,0.0,0.0,-3.48902e-05,0.01
27.314050699999996,0.0,0.0,-3.473879e-05,0.01
27.318698499999982,0.0,0.0,-3.459116e-05,0.01
27.323453900000004,0.0,0.0,-3.44354e-05,0.01
27.328166399999986,0.0,0.0,-3.428605e-05,0.01
27.332994499999984,0.0,0.0,-3.413435e-05,0.01
27.337720900000022,0.0,0.0,-3.398469e-05,0.01
27.342419399999983,0.0,0.0,-3.383592e-05,0.01
27.346993399999974,0.0,0.0,-3.369148e-05,0.01
27.351654499999995,0.0,0.0,-3.354652e-05,0.01
27.356228999999985,0.0,0.0,-3.340008e-05,0.01
27.361035200000003,0.0,0.0,-3.325505e-05,0.01
27.366122200000007,0.0,0.0,-3.309899e-05,0.01
27.370848599999988,0.0,0.0,-3.295224e-05,0.01
27.375558899999987,0.0,0.0,-3.281105e-05,0.01
27.380252499999983,0.0,0.0,-3.266924e-05,0.01
27.384822600000007,0.0,0.0,-3.25289e-05,0.01
27.389423000000022,0.0,0.0,-3.238856e-05,0.01
27.393999899999983,0.0,0.0,-3.225288e-05,0.01
27.39866489999997,0.0,0.0,-3.211487e-05,0.01
27.403342899999984,0.0,0.0,-3.197369e-05,0.01
27.408041500000024,0.0,0.0,-3.183594e-05,0.01
27.41274169999997,0.0,0.0,-3.169735e-05,0.01
27.417413899999985,0.0,0.0,-3.156109e-05,0.01
27.422134400000004,0.0,0.0,-3.142341e-05,0.01
27.426844700000004,0.0,0.0,-3.12854e-05,0.01
27.4315522,0.0,0.0,-3.114848e-05,0.01
27.436172399999975,0.0,0.0,-3.101429e-05,0.01
27.440922899999975,0.0,0.0,-3.087803e-05,0.01
27.4456869,0.0,0.0,-3.074385e-05,0.01
27.45039220000001,0.0,0.0,-3.0607e-05,0.01
27.4550696,0.0,0.0,-3.047831e-05,0.01
27.45977069999998,0.0,0.0,-3.034671e-05,0.01
27.464454199999977,0.0,0.0,-3.021453e-05,0.01
27.46918820000002,0.0,0.0,-3.008059e-05,0.01
27.473877399999992,0.0,0.0,-2.995273e-05,0.01
27.478556200000014,0.0,0.0,-2.982321e-05,0.01
27.483254199999976,0.0,0.0,-2.968812e-05,0.01
27.488050799999996,0.0,0.0,-2.956059e-05,0.01
27.492722200000003,0.0,0.0,-2.943272e-05,0.01
27.497543000000007,0.0,0.0,-2.929995e-05,0.01
27.502395799999988,0.0,0.0,-2.916986e-05,0.01
27.507054400000015,0.0,0.0,-2.904466e-05,0.01
27.5117836,0.0,0.0,-2.891562e-05,0.01
27.516382399999998,0.0,0.0,-2.879252e-05,0.01
27.52096690000002,0.0,0.0,-2.867454e-05,0.01
27.52558449999998,0.0,0.0,-2.854993e-05,0.01
27.530282399999976,0.0,0.0,-2.84245e-05,0.01
27.534957399999996,0.0,0.0,-2.830454e-05,0.01
27.53964209999998,0.0,0.0,-2.818249e-05,0.01
27.544399699999985,0.0,0.0,-2.80567e-05,0.01
27.54898780000002,0.0,0.0,-2.79371e-05,0.01
27.553701400000023,0.0,0.0,-2.781527e-05,0.01
27.558312899999976,0.0,0.0,-2.770149e-05,0.01
27.563004700000022,0.0,0.0,-2.757898e-05,0.01
27.567727699999978,0.0,0.0,-2.745867e-05,0.01
27.57241319999997,0.0,0.0,-2.734023e-05,0.01
27.576969099999985,0.0,0.0,-2.72269e-05,0.01
27.5816327,0.0,0.0,-2.710905e-05,0.01
27.58617750000002,0.0,0.0,-2.699347e-05,0.01
27.590657899999997,0.0,0.0,-2.687984e-05,0.01
27.595081800000003,0.0,0.0,-2.677481e-05,0.01
27.599497799999995,0.0,0.0,-2.667872e-05,0.01
27.604038300000013,0.0,0.0,-2.654559e-05,0.01
27.60854360000002,0.0,0.0,-2.644448e-05,0.01
27.613115900000025,0.0,0.0,-2.632955e-05,0.01
27.61769019999997,0.0,0.0,-2.623194e-05,0.01
27.622479899999973,0.0,0.0,-2.610594e-05,0.01
27.626685199999997,0.0,0.0,-2.601314e-05,0.01
27.63123109999998,0.0,0.0,-2.588291e-05,0.01
27.63554979999998,0.0,0.0,-2.579557e-05,0.01
27.6401606,0.0,0.0,-2.568181e-05,0.01
27.64458910000002,0.0,0.0,-2.558922e-05,0.01
27.649042099999974,0.0,0.0,-2.547122e-05,0.01
27.653596800000003,0.0,0.0,-2.536777e-05,0.01
27.65815470000001,0.0,0.0,-2.526353e-05,0.01
27.662655900000004,0.0,0.0,-2.515423e-05,0.01
27.66735779999999,0.0,0.0,-2.504263e-05,0.01
27.67196869999998,0.0,0.0,-2.493781e-05,0.01
27.6766753,0.0,0.0,-2.482988e-05,0.01
27.681621800000016,0.0,0.0,-2.471129e-05,0.01
27.686568599999987,0.0,0.0,-2.460103e-05,0.01
27.69160979999998,0.0,0.0,-2.448535e-05,0.01
27.696695499999976,0.0,0.0,-2.437219e-05,0.01
27.701665600000013,0.0,0.0,-2.426038e-05,0.01
27.706670799999984,0.0,0.0,-2.414877e-05,0.01
27.711810800000023,0.0,0.0,-2.403328e-05,0.01
27.716862400000025,0.0,0.0,-2.392109e-05,0.01
27.722043600000006,0.0,0.0,-2.380463e-05,0.01
27.727243799999997,0.0,0.0,-2.369554e-05,0.01
27.73209049999997,0.0,0.0,-2.358723e-05,0.01
27.737134000000026,0.0,0.0,-2.347969e-05,0.01
27.741946100000007,0.0,0.0,-2.337702e-05,0.01
27.746854999999982,0.0,0.0,-2.324812e-05,0.01
27.752595699999972,0.0,0.0,-2.314991e-05,0.01
27.75727059999997,0.0,0.0,-2.304761e-05,0.01
27.762021199999992,0.0,0.0,-2.295269e-05,0.01
27.766380500000025,0.0,0.0,-2.286088e-05,0.01
27.77091969999998,0.0,0.0,-2.276559e-05,0.01
27.775282000000004,0.0,0.0,-2.267551e-05,0.01
27.779549799999984,0.0,0.0,-2.258856e-05,0.01
27.784052700000018,0.0,0.0,-2.249132e-05,0.01
27.78867059999999,0.0,0.0,-2.239407e-05,0.01
27.793249800000012,0.0,0.0,-2.230341e-05,0.01
27.7978344,0.0,0.0,-2.221024e-05,0.01
27.80218689999998,0.0,0.0,-2.212155e-05,0.01
27.80670759999998,0.0,0.0,-2.202972e-05,0.01
27.811278200000004,0.0,0.0,-2.193364e-05,0.01
27.8156831,0.0,0.0,-2.184688e-05,0.01
27.82007820000001,0.0,0.0,-2.176244e-05,0.01
27.82462179999999,0.0,0.0,-2.166851e-05,0.01
27.829099199999973,0.0,0.0,-2.157883e-05,0.01
27.833545000000015,0.0,0.0,-2.149242e-05,0.01
27.837857100000008,0.0,0.0,-2.140763e-05,0.01
27.842172699999992,0.0,0.0,-2.132221e-05,0.01
27.846711099999993,0.0,0.0,-2.123428e-05,0.01
27.8512829,0.0,0.0,-2.114326e-05,0.01
27.855604400000004,0.0,0.0,-2.106191e-05,0.01
27.86010749999997,0.0,0.0,-2.097689e-05,0.01
27.864688,0.0,0.0,-2.088646e-05,0.01
27.869251700000007,0.0,0.0,-2.079521e-05,0.01
27.87378480000001,0.0,0.0,-2.071177e-05,0.01
27.878270699999973,0.0,0.0,-2.062692e-05,0.01
27.882841199999973,0.0,0.0,-2.054057e-05,0.01
27.88741060000001,0.0,0.0,-2.045206e-05,0.01
27.891971300000023,0.0,0.0,-2.036879e-05,0.01
27.89635629999998,0.0,0.0,-2.028727e-05,0.01
27.9009097,0.0,0.0,-2.020399e-05,0.01
27.9056334,0.0,0.0,-2.011157e-05,0.01
27.91007079999997,0.0,0.0,-2.003121e-05,0.01
27.914584100000013,0.0,0.0,-1.995069e-05,0.01
27.91916950000001,0.0,0.0,-1.986874e-05,0.01
27.923764399999982,0.0,0.0,-1.97824e-05,0.01
27.928311500000007,0.0,0.0,-1.969887e-05,0.01
27.932879500000013,0.0,0.0,-1.962052e-05,0.01
27.93736309999997,0.0,0.0,-1.954032e-05,0.01
27.941888699999993,0.0,0.0,-1.94598e-05,0.01
27.946418499999993,0.0,0.0,-1.937653e-05,0.01
27.951039400000013,0.0,0.0,-1.929326e-05,0.01
27.95560740000002,0.0,0.0,-1.92129e-05,0.01
27.960292400000014,0.0,0.0,-1.913429e-05,0.01
27.964966500000003,0.0,0.0,-1.904912e-05,0.01
27.96959929999997,0.0,0.0,-1.896716e-05,0.01
27.974120400000004,0.0,0.0,-1.888944e-05,0.01
27.978725399999973,0.0,0.0,-1.881343e-05,0.01
27.983247000000006,0.0,0.0,-1.87328e-05,0.01
27.9879416,0.0,0.0,-1.865287e-05,0.01
27.992597400000022,0.0,0.0,-1.857251e-05,0.01
27.99733839999999,0.0,0.0,-1.849374e-05,0.01
28.002066500000012,0.0,0.0,-1.841237e-05,0.01
28.006649900000014,0.0,0.0,-1.83371e-05,0.01
28.011363399999993,0.0,0.0,-1.825674e-05,0.01
28.015985999999998,0.0,0.0,-1.817929e-05,0.01
28.020756300000016,0.0,0.0,-1.810141e-05,0.01
28.025482099999977,0.0,0.0,-1.80228e-05,0.01
28.0301915,0.0,0.0,-1.794171e-05,0.01
28.0348932,0.0,0.0,-1.786718e-05,0.01
28.039592700000014,0.0,0.0,-1.77922e-05,0.01
28.04426460000002,0.0,0.0,-1.771519e-05,0.01
28.04885330000002,0.0,0.0,-1.764124e-05,0.01
28.05350820000001,0.0,0.0,-1.756684e-05,0.01
28.05816470000002,0.0,0.0,-1.749275e-05,0.01
28.06299200000001,0.0,0.0,-1.741544e-05,0.01
28.06775590000001,0.0,0.0,-1.733727e-05,0.01
28.072298699999976,0.0,0.0,-1.726695e-05,0.01
28.077045199999986,0.0,0.0,-1.719286e-05,0.01
28.081760299999985,0.0,0.0,-1.712007e-05,0.01
28.086507799999993,0.0,0.0,-1.704625e-05,0.01
28.091229499999997,0.0,0.0,-1.697158e-05,0.01
28.09591949999998,0.0,0.0,-1.689239e-05,0.01
28.1006529,0.0,0.0,-1.683765e-05,0.01
28.1053546,0.0,0.0,-1.675845e-05,0.01
28.109989499999983,0.0,0.0,-1.668101e-05,0.01
28.114777000000004,0.0,0.0,-1.659451e-05,0.01
28.119443199999978,0.0,0.0,-1.654649e-05,0.01
28.12415900000002,0.0,0.0,-1.645811e-05,0.01
28.12883740000001,0.0,0.0,-1.639858e-05,0.01
28.13350589999999,0.0,0.0,-1.633278e-05,0.01
28.138411700000006,0.0,0.0,-1.626058e-05,0.01
28.143147499999998,0.0,0.0,-1.617452e-05,0.01
28.147773400000005,0.0,0.0,-1.611616e-05,0.01
28.152509099999975,0.0,0.0,-1.605049e-05,0.01
28.15708410000002,0.0,0.0,-1.598294e-05,0.01
28.161730999999975,0.0,0.0,-1.591585e-05,0.01
28.16628989999998,0.0,0.0,-1.584843e-05,0.01
28.171001400000023,0.0,0.0,-1.578075e-05,0.01
28.175763099999983,0.0,0.0,-1.571262e-05,0.01
28.180382199999997,0.0,0.0,-1.565031e-05,0.01
28.185122200000023,0.0,0.0,-1.557927e-05,0.01
28.189701800000023,0.0,0.0,-1.551463e-05,0.01
28.1943708,0.0,0.0,-1.544825e-05,0.01
28.19902509999997,0.0,0.0,-1.53842e-05,0.01
28.203892499999995,0.0,0.0,-1.531432e-05,0.01
28.2086405,0.0,0.0,-1.524956e-05,0.01
28.213395900000023,0.0,0.0,-1.5184e-05,0.01
28.218146999999988,0.0,0.0,-1.511924e-05,0.01
28.22284810000002,0.0,0.0,-1.505344e-05,0.01
28.227543400000002,0.0,0.0,-1.498648e-05,0.01
28.232253300000025,0.0,0.0,-1.492592e-05,0.01
28.236827199999993,0.0,0.0,-1.486244e-05,0.01
28.241387099999997,0.0,0.0,-1.480259e-05,0.01
28.24606319999998,0.0,0.0,-1.473737e-05,0.01
28.250698,0.0,0.0,-1.467389e-05,0.01
28.255514500000004,0.0,0.0,-1.461508e-05,0.01
28.260215000000017,0.0,0.0,-1.455394e-05,0.01
28.26490100000001,0.0,0.0,-1.448976e-05,0.01
28.26958639999998,0.0,0.0,-1.442583e-05,0.01
28.274281099999996,0.0,0.0,-1.436527e-05,0.01
28.27889060000001,0.0,0.0,-1.430645e-05,0.01
28.283455100000026,0.0,0.0,-1.424647e-05,0.01
28.288031100000012,0.0,0.0,-1.41865e-05,0.01
28.29269640000001,0.0,0.0,-1.412721e-05,0.01
28.29741580000001,0.0,0.0,-1.407003e-05,0.01
28.302098,0.0,0.0,-1.400761e-05,0.01
28.3068313,0.0,0.0,-1.39488e-05,0.01
28.311537799999996,0.0,0.0,-1.388707e-05,0.01
28.3162198,0.0,0.0,-1.382942e-05,0.01
28.320949199999973,0.0,0.0,-1.377189e-05,0.01
28.32564100000002,0.0,0.0,-1.370434e-05,0.01
28.330894899999976,0.0,0.0,-1.364414e-05,0.01
28.33558019999998,0.0,0.0,-1.358846e-05,0.01
28.3402332,0.0,0.0,-1.353372e-05,0.01
28.3447908,0.0,0.0,-1.347607e-05,0.01
28.349434599999995,0.0,0.0,-1.341784e-05,0.01
28.35413870000002,0.0,0.0,-1.336077e-05,0.01
28.358779900000002,0.0,0.0,-1.330709e-05,0.01
28.363472899999977,0.0,0.0,-1.324769e-05,0.01
28.36808739999998,0.0,0.0,-1.319423e-05,0.01
28.372763299999974,0.0,0.0,-1.313658e-05,0.01
28.3773736,0.0,0.0,-1.308428e-05,0.01
28.381837099999984,0.0,0.0,-1.303282e-05,0.01
28.38613889999999,0.0,0.0,-1.298052e-05,0.01
28.390461399999992,0.0,0.0,-1.292705e-05,0.01
28.394872700000008,0.0,0.0,-1.287851e-05,0.01
28.399406499999998,0.0,0.0,-1.282785e-05,0.01
28.40400169999998,0.0,0.0,-1.277321e-05,0.01
28.40833429999998,0.0,0.0,-1.272255e-05,0.01
28.412906899999996,0.0,0.0,-1.267024e-05,0.01
28.417478000000017,0.0,0.0,-1.26189e-05,0.01
28.422061299999996,0.0,0.0,-1.256755e-05,0.01
28.42648539999999,0.0,0.0,-1.251476e-05,0.01
28.431129499999997,0.0,0.0,-1.246236e-05,0.01
28.43558089999999,0.0,0.0,-1.241334e-05,0.01
28.43999550000001,0.0,0.0,-1.236617e-05,0.01
28.444521899999984,0.0,0.0,-1.231445e-05,0.01
28.449114099999974,0.0,0.0,-1.226019e-05,0.01
28.45360599999998,0.0,0.0,-1.221128e-05,0.01
28.4583624,0.0,0.0,-1.215887e-05,0.01
28.4632929,0.0,0.0,-1.21052e-05,0.01
28.467751799999974,0.0,0.0,-1.205521e-05,0.01
28.47237439999998,0.0,0.0,-1.200795e-05,0.01
28.476915599999984,0.0,0.0,-1.195671e-05,0.01
28.481485399999997,0.0,0.0,-1.19107e-05,0.01
28.485985700000015,0.0,0.0,-1.186004e-05,0.01
28.490629599999977,0.0,0.0,-1.180783e-05,0.01
28.495295399999975,0.0,0.0,-1.176066e-05,0.01
28.499863600000026,0.0,0.0,-1.171505e-05,0.01
28.504460600000016,0.0,0.0,-1.166439e-05,0.01
28.508916199999987,0.0,0.0,-1.161605e-05,0.01
28.513690800000006,0.0,0.0,-1.156947e-05,0.01
28.518314299999986,0.0,0.0,-1.152298e-05,0.01
28.52274010000002,0.0,0.0,-1.14728e-05,0.01
28.52737400000001,0.0,0.0,-1.142564e-05,0.01
28.531794100000013,0.0,0.0,-1.138089e-05,0.01
28.536358500000006,0.0,0.0,-1.133198e-05,0.01
28.541029100000003,0.0,0.0,-1.128656e-05,0.01
28.545575799999995,0.0,0.0,-1.123988e-05,0.01
28.55020589999998,0.0,0.0,-1.119213e-05,0.01
28.5548503,0.0,0.0,-1.11468e-05,0.01
28.55947279999998,0.0,0.0,-1.110187e-05,0.01
28.56394660000001,0.0,0.0,-1.10552e-05,0.01
28.568485099999975,0.0,0.0,-1.101045e-05,0.01
28.57310389999998,0.0,0.0,-1.096395e-05,0.01
28.577623000000017,0.0,0.0,-1.092153e-05,0.01
28.58222840000002,0.0,0.0,-1.08771e-05,0.01
28.586840699999982,0.0,0.0,-1.083119e-05,0.01
28.591432999999995,0.0,0.0,-1.07876e-05,0.01
28.596137399999975,0.0,0.0,-1.07381e-05,0.01
28.60073669999997,0.0,0.0,-1.071231e-05,0.01
28.60534899999999,0.0,0.0,-1.066173e-05,0.01
28.609794099999988,0.0,0.0,-1.061156e-05,0.01
28.614220199999977,0.0,0.0,-1.056673e-05,0.01
28.618707200000017,0.0,0.0,-1.053595e-05,0.01
28.622984799999983,0.0,0.0,-1.04852e-05,0.01
28.627270699999997,0.0,0.0,-1.044793e-05,0.01
28.631580299999996,0.0,0.0,-1.040668e-05,0.01
28.63619940000001,0.0,0.0,-1.035427e-05,0.01
28.64074290000002,0.0,0.0,-1.033671e-05,0.01
28.645169699999997,0.0,0.0,-1.02675e-05,0.01
28.64978880000001,0.0,0.0,-1.023822e-05,0.01
28.65440339999998,0.0,0.0,-1.019579e-05,0.01
28.658975499999997,0.0,0.0,-1.015445e-05,0.01
28.663433699999985,0.0,0.0,-1.011194e-05,0.01
28.668056200000024,0.0,0.0,-1.006827e-05,0.01
28.672641199999987,0.0,0.0,-1.002983e-05,0.01
28.677229699999998,0.0,0.0,-9.892901e-06,0.01
28.765144599999985,0.0,0.0,-9.843836e-06,0.01
28.77022089999997,0.0,0.0,-9.796361e-06,0.01
28.775325599999974,0.0,0.0,-9.752641e-06,0.01
28.780486999999994,0.0,0.0,-9.70994e-06,0.01
28.78563009999999,0.0,0.0,-9.661257e-06,0.01
28.790726800000016,0.0,0.0,-9.614129e-06,0.01
28.795728499999996,0.0,0.0,-9.573562e-06,0.01
28.800763599999982,0.0,0.0,-9.532516e-06,0.01
28.80589329999998,0.0,0.0,-9.484927e-06,0.01
28.811040300000002,0.0,0.0,-9.439947e-06,0.01
28.816114400000004,0.0,0.0,-9.398633e-06,0.01
28.821248200000014,0.0,0.0,-9.354772e-06,0.01
28.826419999999985,0.0,0.0,-9.310862e-06,0.01
28.831589599999973,0.0,0.0,-9.266453e-06,0.01
28.836701699999992,0.0,0.0,-9.225025e-06,0.01
28.84177299999999,0.0,0.0,-9.183203e-06,0.01
28.8467359,0.0,0.0,-9.141276e-06,0.01
28.851861299999996,0.0,0.0,-9.098192e-06,0.01
28.85701610000001,0.0,0.0,-9.057125e-06,0.01
28.8620449,0.0,0.0,-9.016651e-06,0.01
28.867167999999992,0.0,0.0,-8.976059e-06,0.01
28.872203500000012,0.0,0.0,-8.933731e-06,0.01
28.877137800000014,0.0,0.0,-8.895365e-06,0.01
28.881968299999983,0.0,0.0,-8.860173e-06,0.01
28.886439199999984,0.0,0.0,-8.8223e-06,0.01
28.89102809999997,0.0,0.0,-8.783863e-06,0.01
28.895601699999986,0.0,0.0,-8.750269e-06,0.01
28.90016780000002,0.0,0.0,-8.717121e-06,0.01
28.904574000000025,0.0,0.0,-8.680656e-06,0.01
28.908885899999973,0.0,0.0,-8.646914e-06,0.01
28.91321849999997,0.0,0.0,-8.613e-06,0.01
28.917803100000015,0.0,0.0,-8.579654e-06,0.01
28.92236630000002,0.0,0.0,-8.543634e-06,0.01
28.926933599999984,0.0,0.0,-8.508124e-06,0.01
28.93148480000002,0.0,0.0,-8.471924e-06,0.01
28.9359877,0.0,0.0,-8.439267e-06,0.01
28.940546600000005,0.0,0.0,-8.407639e-06,0.01
28.944996800000013,0.0,0.0,-8.372129e-06,0.01
28.949452599999972,0.0,0.0,-8.336427e-06,0.01
28.95402789999997,0.0,0.0,-8.30512e-06,0.01
28.958523800000023,0.0,0.0,-8.272661e-06,0.01
28.96310299999999,0.0,0.0,-8.236387e-06,0.01
28.96775930000001,0.0,0.0,-8.201195e-06,0.01
28.97232980000001,0.0,0.0,-8.16753e-06,0.01
28.977077800000018,0.0,0.0,-8.13304e-06,0.01
28.981791799999996,0.0,0.0,-8.100582e-06,0.01
28.98636570000002,0.0,0.0,-8.06571e-06,0.01
28.990924300000017,0.0,0.0,-8.030517e-06,0.01
28.995647899999994,0.0,0.0,-7.999651e-06,0.01
29.00038330000001,0.0,0.0,-7.967832e-06,0.01
29.005071199999975,0.0,0.0,-7.932831e-06,0.01
29.009642600000006,0.0,0.0,-7.900248e-06,0.01
29.014093000000003,0.0,0.0,-7.870528e-06,0.01
29.01855469999998,0.0,0.0,-7.840299e-06,0.01
29.02295829999997,0.0,0.0,-7.806825e-06,0.01
29.027559199999985,0.0,0.0,-7.776216e-06,0.01
29.032094200000017,0.0,0.0,-7.743187e-06,0.01
29.036716300000023,0.0,0.0,-7.712449e-06,0.01
29.041421800000023,0.0,0.0,-7.681138e-06,0.01
29.046132999999998,0.0,0.0,-7.646584e-06,0.01
29.050795499999992,0.0,0.0,-7.613363e-06,0.01
29.055480699999976,0.0,0.0,-7.583775e-06,0.01
29.0601724,0.0,0.0,-7.555133e-06,0.01
29.064796100000024,0.0,0.0,-7.522234e-06,0.01
29.06950660000001,0.0,0.0,-7.489524e-06,0.01
29.074255199999982,0.0,0.0,-7.458914e-06,0.01
29.07893710000002,0.0,0.0,-7.428749e-06,0.01
29.083503699999994,0.0,0.0,-7.39572e-06,0.01
29.08843730000001,0.0,0.0,-7.361992e-06,0.01
29.093436399999973,0.0,0.0,-7.33024e-06,0.01
29.097881900000004,0.0,0.0,-7.301726e-06,0.01
29.102642100000025,0.0,0.0,-7.269466e-06,0.01
29.107649900000013,0.0,0.0,-7.246933e-06,0.01
29.112114099999985,0.0,0.0,-7.209063e-06,0.01
29.11677149999997,0.0,0.0,-7.191626e-06,0.01
29.121355900000026,0.0,0.0,-7.149688e-06,0.01
29.125839600000006,0.0,0.0,-7.131366e-06,0.01
29.13023929999997,0.0,0.0,-7.089937e-06,0.01
29.1347217,0.0,0.0,-7.072379e-06,0.01
29.138988100000006,0.0,0.0,-7.045389e-06,0.01
29.143433399999992,0.0,0.0,-7.016682e-06,0.01
29.14801319999998,0.0,0.0,-6.986835e-06,0.01
29.152352899999983,0.0,0.0,-6.958968e-06,0.01
29.156954900000017,0.0,0.0,-6.931427e-06,0.01
29.161421500000017,0.0,0.0,-6.90525e-06,0.01
29.16598319999997,0.0,0.0,-6.875355e-06,0.01
29.170600700000023,0.0,0.0,-6.846002e-06,0.01
29.175177399999995,0.0,0.0,-6.820928e-06,0.01
29.179639399999985,0.0,0.0,-6.795672e-06,0.01
29.18415440000001,0.0,0.0,-6.766007e-06,0.01
29.18849640000002,0.0,0.0,-6.739869e-06,0.01
29.193029799999977,0.0,0.0,-6.71345e-06,0.01
29.197686499999975,0.0,0.0,-6.685068e-06,0.01
29.2026472,0.0,0.0,-6.65574e-06,0.01
29.207084399999985,0.0,0.0,-6.629775e-06,0.01
29.21166069999998,0.0,0.0,-6.602592e-06,0.01
29.216233499999987,0.0,0.0,-6.577582e-06,0.01
29.220845199999985,0.0,0.0,-6.553071e-06,0.01
29.22546060000002,0.0,0.0,-6.524178e-06,0.01
29.230028300000015,0.0,0.0,-6.495859e-06,0.01
29.234975799999972,0.0,0.0,-6.46858e-06,0.01
29.239485899999977,0.0,0.0,-6.44482e-06,0.01
29.244081199999982,0.0,0.0,-6.416969e-06,0.01
29.2485413,0.0,0.0,-6.391005e-06,0.01
29.252883300000008,0.0,0.0,-6.36732e-06,0.01
29.25744099999997,0.0,0.0,-6.341037e-06,0.01
29.262030600000003,0.0,0.0,-6.317249e-06,0.01
29.266656599999976,0.0,0.0,-6.289884e-06,0.01
29.271090500000014,0.0,0.0,-6.263334e-06,0.01
29.275638700000002,0.0,0.0,-6.240615e-06,0.01
29.280237999999997,0.0,0.0,-6.217515e-06,0.01
29.284858900000017,0.0,0.0,-6.190977e-06,0.01
29.28945269999997,0.0,0.0,-6.164948e-06,0.01
29.29393399999998,0.0,0.0,-6.141911e-06,0.01
29.298528599999997,0.0,0.0,-6.118478e-06,0.01
29.30312909999998,0.0,0.0,-6.09105e-06,0.01
29.307764399999996,0.0,0.0,-6.067582e-06,0.01
29.31237440000001,0.0,0.0,-6.042077e-06,0.01
29.317099900000017,0.0,0.0,-6.018134e-06,0.01
29.321755300000007,0.0,0.0,-5.993937e-06,0.01
29.326340200000004,0.0,0.0,-5.968369e-06,0.01
29.3310209,0.0,0.0,-5.941513e-06,0.01
29.335595899999987,0.0,0.0,-5.920289e-06,0.01
29.340211899999986,0.0,0.0,-5.898509e-06,0.01
29.344829000000004,0.0,0.0,-5.872211e-06,0.01
29.349424699999986,0.0,0.0,-5.848236e-06,0.01
29.354026999999974,0.0,0.0,-5.826009e-06,0.01
29.358610899999974,0.0,0.0,-5.805183e-06,0.01
29.363118999999983,0.0,0.0,-5.778488e-06,0.01
29.36782649999998,0.0,0.0,-5.755862e-06,0.01
29.37242040000001,0.0,0.0,-5.731234e-06,0.01
29.37703749999997,0.0,0.0,-5.71006e-06,0.01
29.381623999999988,0.0,0.0,-5.687722e-06,0.01
29.386200400000007,0.0,0.0,-5.662857e-06,0.01
29.390855799999997,0.0,0.0,-5.638357e-06,0.01
29.39547809999999,0.0,0.0,-5.617801e-06,0.01
29.40006410000001,0.0,0.0,-5.597419e-06,0.01
29.404638299999988,0.0,0.0,-5.5726e-06,0.01
29.40925010000001,0.0,0.0,-5.549009e-06,0.01
29.41376809999997,0.0,0.0,-5.528625e-06,0.01
29.418037700000014,0.0,0.0,-5.509426e-06,0.01
29.422350499999993,0.0,0.0,-5.48847e-06,0.01
29.426832999999988,0.0,0.0,-5.465369e-06,0.01
29.431323599999985,0.0,0.0,-5.441823e-06,0.01
29.43564090000001,0.0,0.0,-5.423685e-06,0.01
29.4401431,0.0,0.0,-5.40451e-06,0.01
29.44470869999998,0.0,0.0,-5.380367e-06,0.01
29.449588300000016,0.0,0.0,-5.358074e-06,0.01
29.45404129999997,0.0,0.0,-5.337817e-06,0.01
29.458537499999977,0.0,0.0,-5.318745e-06,0.01
29.462974900000006,0.0,0.0,-5.295963e-06,0.01
29.467441800000017,0.0,0.0,-5.275746e-06,0.01
29.47198179999998,0.0,0.0,-5.253898e-06,0.01
29.476548100000002,0.0,0.0,-5.233278e-06,0.01
29.481158499999992,0.0,0.0,-5.215927e-06,0.01
29.485651399999995,0.0,0.0,-5.19274e-06,0.01
29.490135699999996,0.0,0.0,-5.170828e-06,0.01
29.494680000000017,0.0,0.0,-5.151821e-06,0.01
29.499184500000013,0.0,0.0,-5.132284e-06,0.01
29.50375839999998,0.0,0.0,-5.110816e-06,0.01
29.50842449999999,0.0,0.0,-5.088374e-06,0.01
29.51307270000001,0.0,0.0,-5.068986e-06,0.01
29.51766520000001,0.0,0.0,-5.049131e-06,0.01
29.522272699999974,0.0,0.0,-5.030103e-06,0.01
29.526848700000016,0.0,0.0,-5.008253e-06,0.01
29.531312800000023,0.0,0.0,-4.986893e-06,0.01
29.53577389999998,0.0,0.0,-4.970619e-06,0.01
29.540317200000004,0.0,0.0,-4.952696e-06,0.01
29.54498339999998,0.0,0.0,-4.93074e-06,0.01
29.54963509999999,0.0,0.0,-4.910034e-06,0.01
29.554203700000016,0.0,0.0,-4.891412e-06,0.01
29.55866370000001,0.0,0.0,-4.874229e-06,0.01
29.56309040000002,0.0,0.0,-4.853738e-06,0.01
29.567715399999997,0.0,0.0,-4.835243e-06,0.01
29.572343699999976,0.0,0.0,-4.814331e-06,0.01
29.576969399999996,0.0,0.0,-4.796742e-06,0.01
29.581585399999994,0.0,0.0,-4.777587e-06,0.01
29.586079100000006,0.0,0.0,-4.757669e-06,0.01
29.590730699999995,0.0,0.0,-4.737584e-06,0.01
29.595346800000016,0.0,0.0,-4.714394e-06,0.01
29.599961099999973,0.0,0.0,-4.698179e-06,0.01
29.604602100000022,0.0,0.0,-4.684497e-06,0.01
29.609188500000016,0.0,0.0,-4.662211e-06,0.01
29.61380589999999,0.0,0.0,-4.650195e-06,0.01
29.618450100000018,0.0,0.0,-4.63132e-06,0.01
29.623060599999974,0.0,0.0,-4.602836e-06,0.01
29.627739700000006,0.0,0.0,-4.590592e-06,0.01
29.632240299999978,0.0,0.0,-4.563673e-06,0.01
29.636571600000025,0.0,0.0,-4.559218e-06,0.01
29.640795799999978,0.0,0.0,-4.544608e-06,0.01
29.645008500000017,0.0,0.0,-4.521698e-06,0.01
29.64930179999999,0.0,0.0,-4.505025e-06,0.01
29.653803400000015,0.0,0.0,-4.487525e-06,0.01
29.658357500000022,0.0,0.0,-4.471651e-06,0.01
29.662771299999974,0.0,0.0,-4.453359e-06,0.01
29.667379100000005,0.0,0.0,-4.435222e-06,0.01
29.6721991,0.0,0.0,-4.416731e-06,0.01
29.676492800000005,0.0,0.0,-4.401004e-06,0.01
29.68112430000002,0.0,0.0,-4.385612e-06,0.01
29.685521900000026,0.0,0.0,-4.367248e-06,0.01
29.690059799999972,0.0,0.0,-4.348638e-06,0.01
29.694638699999985,0.0,0.0,-4.332919e-06,0.01
29.69898790000002,0.0,0.0,-4.317738e-06,0.01
29.703570800000023,0.0,0.0,-4.299219e-06,0.01
29.707913700000006,0.0,0.0,-4.284548e-06,0.01
29.712369200000012,0.0,0.0,-4.266446e-06,0.01
29.71692409999997,0.0,0.0,-4.250889e-06,0.01
29.721376299999974,0.0,0.0,-4.237299e-06,0.01
29.7260397,0.0,0.0,-4.216646e-06,0.01
29.730859399999986,0.0,0.0,-4.197021e-06,0.01
29.735803499999975,0.0,0.0,-4.180314e-06,0.01
29.740798100000006,0.0,0.0,-4.164913e-06,0.01
29.745747999999992,0.0,0.0,-4.145626e-06,0.01
29.750857399999973,0.0,0.0,-4.124469e-06,0.01
29.75583979999999,0.0,0.0,-4.109262e-06,0.01
29.760961599999973,0.0,0.0,-4.094146e-06,0.01
29.766027199999996,0.0,0.0,-4.072637e-06,0.01
29.771283600000004,0.0,0.0,-4.052591e-06,0.01
29.776417700000025,0.0,0.0,-4.038017e-06,0.01
29.781578200000013,0.0,0.0,-4.020453e-06,0.01
29.78692159999997,0.0,0.0,-4.00066e-06,0.01
29.792086600000005,0.0,0.0,-3.983065e-06,0.01
29.797111200000018,0.0,0.0,-3.966647e-06,0.01
29.802413600000023,0.0,0.0,-3.948032e-06,0.01
29.807667600000002,0.0,0.0,-3.931136e-06,0.01
29.812744699999996,0.0,0.0,-3.912999e-06,0.01
29.81794530000002,0.0,0.0,-3.897567e-06,0.01
29.822910200000024,0.0,0.0,-3.879271e-06,0.01
29.828068799999983,0.0,0.0,-3.862247e-06,0.01
29.833257600000024,0.0,0.0,-3.846052e-06,0.01
29.838450299999977,0.0,0.0,-3.830619e-06,0.01
29.843595100000016,0.0,0.0,-3.811973e-06,0.01
29.848582899999997,0.0,0.0,-3.795012e-06,0.01
29.853367300000002,0.0,0.0,-3.780726e-06,0.01
29.858425699999998,0.0,0.0,-3.765899e-06,0.01
29.86367419999999,0.0,0.0,-3.746998e-06,0.01
29.8687946,0.0,0.0,-3.730833e-06,0.01
29.87397329999999,0.0,0.0,-3.714636e-06,0.01
29.878930000000025,0.0,0.0,-3.699557e-06,0.01
29.88413270000001,0.0,0.0,-3.682213e-06,0.01
29.889119600000015,0.0,0.0,-3.66624e-06,0.01
29.8941064,0.0,0.0,-3.651256e-06,0.01
29.899467200000004,0.0,0.0,-3.635821e-06,0.01
29.90443140000002,0.0,0.0,-3.6188e-06,0.01
29.90911030000001,0.0,0.0,-3.604574e-06,0.01
29.913657100000023,0.0,0.0,-3.591181e-06,0.01
29.91834849999998,0.0,0.0,-3.579917e-06,0.01
29.922993599999984,0.0,0.0,-3.564326e-06,0.01
29.927466600000002,0.0,0.0,-3.549562e-06,0.01
29.93207339999998,0.0,0.0,-3.535434e-06,0.01
29.93658369999997,0.0,0.0,-3.523753e-06,0.01
29.94107120000001,0.0,0.0,-3.511528e-06,0.01
29.945703200000025,0.0,0.0,-3.495689e-06,0.01
29.950200300000006,0.0,0.0,-3.481405e-06,0.01
29.954725699999983,0.0,0.0,-3.469752e-06,0.01
29.95911689999997,0.0,0.0,-3.458333e-06,0.01
29.963646600000004,0.0,0.0,-3.442841e-06,0.01
29.968143899999973,0.0,0.0,-3.430586e-06,0.01
29.972690999999998,0.0,0.0,-3.416522e-06,0.01
29.97717339999997,0.0,0.0,-3.404367e-06,0.01
29.98172249999999,0.0,0.0,-3.394185e-06,0.01
29.986235299999976,0.0,0.0,-3.37793e-06,0.01
29.99074250000001,0.0,0.0,-3.364529e-06,0.01
29.995245099999977,0.0,0.0,-3.352147e-06,0.01
29.99974659999998,0.0,0.0,-3.341365e-06,0.01
30.00417060000001,0.0,0.0,-3.327237e-06,0.01
30.00857719999999,0.0,0.0,-3.313428e-06,0.01
30.013125600000023,0.0,0.0,-3.302391e-06,0.01
30.01766140000001,0.0,0.0,-3.28959e-06,0.01
30.02203270000001,0.0,0.0,-3.278718e-06,0.01
30.026322300000004,0.0,0.0,-3.264998e-06,0.01
30.03083270000002,0.0,0.0,-3.251125e-06,0.01
30.035482100000024,0.0,0.0,-3.239962e-06,0.01
30.04001199999999,0.0,0.0,-3.229934e-06,0.01
30.04454229999999,0.0,0.0,-3.215207e-06,0.01
30.049051799999972,0.0,0.0,-3.202887e-06,0.01
30.053486399999997,0.0,0.0,-3.191916e-06,0.01
30.05793669999997,0.0,0.0,-3.178488e-06,0.01
30.06247380000002,0.0,0.0,-3.167606e-06,0.01
30.06704000000002,0.0,0.0,-3.154942e-06,0.01
30.071508100000017,0.0,0.0,-3.140114e-06,0.01
30.07605589999997,0.0,0.0,-3.130785e-06,0.01
30.080694100000017,0.0,0.0,-3.120857e-06,0.01
30.085389399999997,0.0,0.0,-3.107111e-06,0.01
30.090041900000017,0.0,0.0,-3.093938e-06,0.01
30.094640500000025,0.0,0.0,-3.086722e-06,0.01
30.09930350000002,0.0,0.0,-3.065976e-06,0.01
30.103780099999994,0.0,0.0,-3.0625e-06,0.01
30.108439299999986,0.0,0.0,-3.045548e-06,0.01
30.113086599999974,0.0,0.0,-3.02792e-06,0.01
30.117954699999984,0.0,0.0,-3.02862e-06,0.01
30.122613399999977,0.0,0.0,-3.015765e-06,0.01
30.127302600000007,0.0,0.0,-2.997462e-06,0.01
30.13185390000001,0.0,0.0,-2.989125e-06,0.01
30.136181599999986,0.0,0.0,-2.975085e-06,0.01
30.140919699999984,0.0,0.0,-2.968394e-06,0.01
30.145344799999975,0.0,0.0,-2.951705e-06,0.01
30.149543600000015,0.0,0.0,-2.943432e-06,0.01
30.153933699999982,0.0,0.0,-2.934523e-06,0.01
30.158101499999987,0.0,0.0,-2.922662e-06,0.01
30.16253710000001,0.0,0.0,-2.913244e-06,0.01
30.16690189999997,0.0,0.0,-2.900691e-06,0.01
30.17116870000001,0.0,0.0,-2.890334e-06,0.01
30.175332000000026,0.0,0.0,-2.881552e-06,0.01
30.17962110000002,0.0,0.0,-2.873025e-06,0.01
30.183852100000024,0.0,0.0,-2.860638e-06,0.01
30.188075500000025,0.0,0.0,-2.852707e-06,0.01
30.19237959999998,0.0,0.0,-2.840083e-06,0.01
30.19685709999999,0.0,0.0,-2.831469e-06,0.01
30.201604099999997,0.0,0.0,-2.822241e-06,0.01
30.205927299999985,0.0,0.0,-2.809386e-06,0.01
30.210400300000003,0.0,0.0,-2.797295e-06,0.01
30.21551820000002,0.0,0.0,-2.785563e-06,0.01
30.22078859999999,0.0,0.0,-2.776635e-06,0.01
30.225101800000004,0.0,0.0,-2.763653e-06,0.01
30.22958349999999,0.0,0.0,-2.753576e-06,0.01
30.234144000000015,0.0,0.0,-2.743394e-06,0.01
30.23849660000002,0.0,0.0,-2.734803e-06,0.01
30.24332579999998,0.0,0.0,-2.72252e-06,0.01
30.24795949999998,0.0,0.0,-2.71306e-06,0.01
30.252524800000003,0.0,0.0,-2.702305e-06,0.01
30.25678160000001,0.0,0.0,-2.69331e-06,0.01
30.261360799999977,0.0,0.0,-2.684719e-06,0.01
30.265944400000024,0.0,0.0,-2.672246e-06,0.01
30.27046789999997,0.0,0.0,-2.661513e-06,0.01
30.274999200000025,0.0,0.0,-2.652795e-06,0.01
30.279571599999997,0.0,0.0,-2.643779e-06,0.01
30.28390999999999,0.0,0.0,-2.632748e-06,0.01
30.288460699999973,0.0,0.0,-2.623033e-06,0.01
30.292765599999996,0.0,0.0,-2.613445e-06,0.01
30.297373600000014,0.0,0.0,-2.604238e-06,0.01
30.30176799999998,0.0,0.0,-2.597323e-06,0.01
30.306196199999988,0.0,0.0,-2.584892e-06,0.01
30.310656300000005,0.0,0.0,-2.574498e-06,0.01
30.314955800000007,0.0,0.0,-2.566671e-06,0.01
30.31943739999997,0.0,0.0,-2.558016e-06,0.01
30.323957800000017,0.0,0.0,-2.546009e-06,0.01
30.328456099999983,0.0,0.0,-2.536888e-06,0.01
30.333225400000003,0.0,0.0,-2.526706e-06,0.01
30.337902600000007,0.0,0.0,-2.516906e-06,0.01
30.34243429999998,0.0,0.0,-2.509014e-06,0.01
30.347115299999984,0.0,0.0,-2.498451e-06,0.01
30.351773200000025,0.0,0.0,-2.485914e-06,0.01
30.351775300000043,2.0,2.0,0.0001797447,0.1
30.536096300000054,2.0,2.0,0.0001777064,0.1
30.547696400000007,2.0,2.0,0.000175707,0.1
30.559422700000027,2.0,2.0,0.0001736961,0.1
30.57109520000006,2.0,2.0,0.0001717214,0.1
30.58286270000002,2.0,2.0,0.0001697639,0.1
30.594690000000014,2.0,2.0,0.0001678313,0.1
30.606394900000055,2.0,2.0,0.0001659279,0.1
30.61818070000004,2.0,2.0,0.0001640343,0.1
30.629763100000048,2.0,2.0,0.0001622013,0.1
30.641314000000023,2.0,2.0,0.000160389,0.1
30.65323090000004,2.0,2.0,0.0001585429,0.1
30.66501480000005,2.0,2.0,0.0001567609,0.1
30.676664300000027,2.0,2.0,0.0001550009,0.1
30.688332000000003,2.0,2.0,0.0001532605,0.1
30.699976300000003,2.0,2.0,0.0001515135,0.1
30.71183570000005,2.0,2.0,0.0001497952,0.1
30.723790800000017,2.0,2.0,0.00014803,0.1
30.736100400000055,2.0,2.0,0.0001462875,0.1
30.74838900000003,2.0,2.0,0.0001445611,0.1
30.760621600000036,2.0,2.0,0.0001428677,0.1
30.772913200000005,2.0,2.0,0.0001411889,0.1
30.78514770000004,2.0,2.0,0.0001395395,0.1
30.79743780000001,2.0,2.0,0.0001378931,0.1
30.809325000000058,2.0,2.0,0.0001363727,0.1
30.82105200000001,2.0,2.0,0.00013484,0.1
30.832802800000024,2.0,2.0,0.0001333238,0.1
30.844487600000036,2.0,2.0,0.000131844,0.1
30.856086000000005,2.0,2.0,0.0001303713,0.1
30.86810220000001,2.0,2.0,0.0001288388,0.1
30.880335700000046,2.0,2.0,0.0001273385,0.1
30.89247480000006,2.0,2.0,0.0001258724,0.1
30.904386700000032,2.0,2.0,0.0001244695,0.1
30.916200100000026,2.0,2.0,0.0001230683,0.1
30.928016800000023,2.0,2.0,0.000121687,0.1
30.93980160000001,2.0,2.0,0.0001203215,0.1
30.951724000000013,2.0,2.0,0.0001189348,0.1
30.963870000000043,2.0,2.0,0.0001175431,0.1
30.976165800000047,2.0,2.0,0.0001161723,0.1
30.988360200000045,2.0,2.0,0.0001148323,0.1
31.000601700000004,2.0,2.0,0.0001134924,0.1
31.012746700000037,2.0,2.0,0.0001122047,0.1
31.02479310000001,2.0,2.0,0.0001109056,0.1
31.036893700000007,2.0,2.0,0.0001096471,0.1
31.048645100000044,2.0,2.0,0.0001084404,0.1
31.060184200000037,2.0,2.0,0.0001072606,0.1
31.071706900000038,2.0,2.0,0.0001060904,0.1
31.083185700000058,2.0,2.0,0.0001049361,0.1
31.094630300000006,2.0,2.0,0.0001037999,0.1
31.106146800000033,2.0,2.0,0.0001026643,0.1
31.11765230000003,2.0,2.0,0.0001015472,0.1
31.129142100000024,2.0,2.0,0.0001004384,0.1
31.140647300000012,2.0,2.0,9.151753e-05,0.1
31.238454200000035,2.0,2.0,9.052262e-05,0.1
31.249937000000045,2.0,2.0,8.954595e-05,0.1
31.26142550000003,2.0,2.0,8.857033e-05,0.1
31.272934700000008,2.0,2.0,8.76115e-05,0.1
31.28447080000001,2.0,2.0,8.665521e-05,0.1
31.295960000000036,2.0,2.0,8.572115e-05,0.1
31.307446400000003,2.0,2.0,8.479501e-05,0.1
31.318934800000022,2.0,2.0,8.38702e-05,0.1
31.336642900000015,2.0,2.0,8.216995e-05,0.1
31.352121700000055,2.0,2.0,8.128544e-05,0.1
31.363524700000028,2.0,2.0,8.041177e-05,0.1
31.374917100000005,2.0,2.0,7.955357e-05,0.1
31.38631620000001,2.0,2.0,7.869894e-05,0.1
31.397720600000014,2.0,2.0,7.785507e-05,0.1
31.409177200000045,2.0,2.0,7.701324e-05,0.1
31.420686400000022,2.0,2.0,7.618329e-05,0.1
31.432141500000057,2.0,2.0,7.536614e-05,0.1
31.44357370000006,2.0,2.0,7.455401e-05,0.1
31.455017200000043,2.0,2.0,7.375521e-05,0.1
31.466480700000034,2.0,2.0,7.296199e-05,0.1
31.47792450000003,2.0,2.0,7.217681e-05,0.1
31.489380100000005,2.0,2.0,7.139961e-05,0.1
31.500866400000007,2.0,2.0,7.062998e-05,0.1
31.512411300000053,2.0,2.0,6.986856e-05,0.1
31.524100600000054,2.0,2.0,6.909794e-05,0.1
31.535626700000023,2.0,2.0,6.835323e-05,0.1
31.547352200000034,2.0,2.0,6.760281e-05,0.1
31.559071500000016,2.0,2.0,6.685746e-05,0.1
31.57091520000006,2.0,2.0,6.611898e-05,0.1
31.582649000000004,2.0,2.0,6.539634e-05,0.1
31.594138300000054,2.0,2.0,6.469408e-05,0.1
31.605846300000053,2.0,2.0,6.396042e-05,0.1
31.619012000000055,2.0,2.0,6.314711e-05,0.1
31.63166480000001,2.0,2.0,6.243047e-05,0.1
31.643912900000032,2.0,2.0,6.171213e-05,0.1
31.656168000000036,2.0,2.0,6.100283e-05,0.1
31.668050900000026,2.0,2.0,6.035464e-05,0.1
31.679719200000022,2.0,2.0,5.969036e-05,0.1
31.691503100000034,2.0,2.0,5.903444e-05,0.1
31.703272400000003,2.0,2.0,5.838487e-05,0.1
31.714900400000033,2.0,2.0,5.775049e-05,0.1
31.726543100000015,2.0,2.0,5.7122e-05,0.1
31.73815400000001,2.0,2.0,5.650843e-05,0.1
31.74978500000003,2.0,2.0,5.58944e-05,0.1
31.76131860000004,2.0,2.0,5.529269e-05,0.1
31.772810600000014,2.0,2.0,5.470355e-05,0.1
31.784319500000038,2.0,2.0,5.411304e-05,0.1
31.795846700000027,2.0,2.0,5.353404e-05,0.1
31.807342900000037,2.0,2.0,5.296174e-05,0.1
31.818844400000046,2.0,2.0,5.239199e-05,0.1
31.830410500000028,2.0,2.0,5.182947e-05,0.1
31.84192280000002,2.0,2.0,5.12729e-05,0.1
31.853450100000032,2.0,2.0,5.072638e-05,0.1
31.864949100000047,2.0,2.0,5.017997e-05,0.1
31.876447600000006,2.0,2.0,4.964527e-05,0.1
31.887976300000048,2.0,2.0,4.911159e-05,0.1
31.89955530000003,2.0,2.0,4.85843e-05,0.1
31.91108310000004,2.0,2.0,4.806372e-05,0.1
31.922607900000003,2.0,2.0,4.75485e-05,0.1
31.934125100000017,2.0,2.0,4.704375e-05,0.1
31.945625200000052,2.0,2.0,4.653805e-05,0.1
31.957161100000008,2.0,2.0,4.603939e-05,0.1
31.968699500000014,2.0,2.0,4.554522e-05,0.1
31.98027920000004,2.0,2.0,4.505762e-05,0.1
31.99180670000004,2.0,2.0,4.457715e-05,0.1
32.003309100000024,2.0,2.0,4.409778e-05,0.1
32.01484680000004,2.0,2.0,4.362949e-05,0.1
32.02637920000001,2.0,2.0,4.316246e-05,0.1
32.037904800000035,2.0,2.0,4.270047e-05,0.1
32.04962410000002,2.0,2.0,4.223551e-05,0.1
32.061270500000035,2.0,2.0,4.178102e-05,0.1
32.07295880000004,2.0,2.0,4.132997e-05,0.1
32.084513000000015,2.0,2.0,4.088617e-05,0.1
32.09625090000003,2.0,2.0,4.044269e-05,0.1
32.108023600000024,2.0,2.0,4.000204e-05,0.1
32.11979230000003,2.0,2.0,3.956924e-05,0.1
32.13149240000001,2.0,2.0,3.913802e-05,0.1
32.143255400000044,2.0,2.0,3.868275e-05,0.1
32.15589650000004,2.0,2.0,3.825473e-05,0.1
32.16794110000001,2.0,2.0,3.78293e-05,0.1
32.18001620000001,2.0,2.0,3.740692e-05,0.1
32.19192620000001,2.0,2.0,3.699742e-05,0.1
32.203804200000036,2.0,2.0,3.658824e-05,0.1
32.21579390000005,2.0,2.0,3.618587e-05,0.1
32.22766340000004,2.0,2.0,3.579094e-05,0.1
32.23951170000004,2.0,2.0,3.539719e-05,0.1
32.25139470000005,2.0,2.0,3.501168e-05,0.1
32.26336410000005,2.0,2.0,3.462077e-05,0.1
32.27543160000005,2.0,2.0,3.423913e-05,0.1
32.28746400000006,2.0,2.0,3.385909e-05,0.1
32.29940830000004,2.0,2.0,3.34865e-05,0.1
32.31161430000003,2.0,2.0,3.310593e-05,0.1
32.323919000000046,2.0,2.0,3.272711e-05,0.1
32.33623300000005,2.0,2.0,3.235996e-05,0.1
32.348337000000015,2.0,2.0,3.200368e-05,0.1
32.36003350000004,2.0,2.0,3.166539e-05,0.1
32.371563500000036,2.0,2.0,3.132936e-05,0.1
32.38306090000003,2.0,2.0,3.099765e-05,0.1
32.394507600000054,2.0,2.0,3.06745e-05,0.1
32.40601540000006,2.0,2.0,3.03475e-05,0.1
32.417520900000056,2.0,2.0,3.0028e-05,0.1
32.428978700000016,2.0,2.0,2.971061e-05,0.1
32.44050430000004,2.0,2.0,2.939732e-05,0.1
32.45196910000004,2.0,2.0,2.908751e-05,0.1
32.463477400000045,2.0,2.0,2.877988e-05,0.1
32.47490480000005,2.0,2.0,2.848081e-05,0.1
32.48641580000003,2.0,2.0,2.817783e-05,0.1
32.497958400000016,2.0,2.0,2.787998e-05,0.1
32.50945310000003,2.0,2.0,2.758559e-05,0.1
32.52094880000004,2.0,2.0,2.729509e-05,0.1
32.53240900000003,2.0,2.0,2.701016e-05,0.1
32.543915500000026,2.0,2.0,2.672155e-05,0.1
32.55541090000003,2.0,2.0,2.644394e-05,0.1
32.56689700000004,2.0,2.0,2.616222e-05,0.1
32.57864790000002,2.0,2.0,2.588326e-05,0.1
32.59037790000002,2.0,2.0,2.56006e-05,0.1
32.60235940000001,2.0,2.0,2.531752e-05,0.1
32.61449210000001,2.0,2.0,2.503665e-05,0.1
32.62664090000004,2.0,2.0,2.47599e-05,0.1
32.63879460000004,2.0,2.0,2.448193e-05,0.1
32.65108100000003,2.0,2.0,2.420835e-05,0.1
32.66332110000002,2.0,2.0,2.393599e-05,0.1
32.67560350000002,2.0,2.0,2.366993e-05,0.1
32.68807620000001,2.0,2.0,2.339698e-05,0.1
32.70044630000001,2.0,2.0,2.309718e-05,0.1
32.71430520000001,2.0,2.0,2.285047e-05,0.1
32.72617120000001,2.0,2.0,2.260241e-05,0.1
32.737971000000016,2.0,2.0,2.236004e-05,0.1
32.749619300000006,2.0,2.0,2.212096e-05,0.1
32.76138040000001,2.0,2.0,2.188599e-05,0.1
32.773062400000015,2.0,2.0,2.16538e-05,0.1
32.78479440000001,2.0,2.0,2.141951e-05,0.1
32.79646020000001,2.0,2.0,2.119551e-05,0.1
32.80824820000004,2.0,2.0,2.096825e-05,0.1
32.820019700000046,2.0,2.0,2.07429e-05,0.1
32.83169760000004,2.0,2.0,2.052356e-05,0.1
32.84345710000002,2.0,2.0,2.029895e-05,0.1
32.85549780000002,2.0,2.0,2.008037e-05,0.1
32.86748570000003,2.0,2.0,1.986124e-05,0.1
32.879493000000025,2.0,2.0,1.964067e-05,0.1
32.89169360000005,2.0,2.0,1.942345e-05,0.1
32.903810400000054,2.0,2.0,1.921418e-05,0.1
32.91556080000004,2.0,2.0,1.901478e-05,0.1
32.92719060000002,2.0,2.0,1.881252e-05,0.1
32.938659400000006,2.0,2.0,1.861607e-05,0.1
32.95036300000004,2.0,2.0,1.841706e-05,0.1
32.96215480000001,2.0,2.0,1.821577e-05,0.1
32.97424460000002,2.0,2.0,1.801855e-05,0.1
32.98642540000003,2.0,2.0,1.781679e-05,0.1
32.99867950000004,2.0,2.0,1.762079e-05,0.1
33.01064510000003,2.0,2.0,1.743068e-05,0.1
33.02277910000004,2.0,2.0,1.723709e-05,0.1
33.034938400000044,2.0,2.0,1.705077e-05,0.1
33.04723690000003,2.0,2.0,1.685945e-05,0.1
33.05932690000003,2.0,2.0,1.667732e-05,0.1
33.07116540000004,2.0,2.0,1.649995e-05,0.1
33.08285600000005,2.0,2.0,1.632591e-05,0.1
33.09441670000001,2.0,2.0,1.615957e-05,0.1
33.105889200000036,2.0,2.0,1.599031e-05,0.1
33.11755530000005,2.0,2.0,1.58218e-05,0.1
33.12931690000005,2.0,2.0,1.565426e-05,0.1
33.14088320000002,2.0,2.0,1.549088e-05,0.1
33.15261090000001,2.0,2.0,1.532811e-05,0.1
33.164399900000035,2.0,2.0,1.516354e-05,0.1
33.17602370000003,2.0,2.0,1.500605e-05,0.1
33.18786970000002,2.0,2.0,1.484662e-05,0.1
33.199627400000054,2.0,2.0,1.4689e-05,0.1
33.211361400000044,2.0,2.0,1.453421e-05,0.1
33.223094,2.0,2.0,1.438034e-05,0.1
33.23473880000006,2.0,2.0,1.423308e-05,0.1
33.24655980000006,2.0,2.0,1.407709e-05,0.1
33.25875520000005,2.0,2.0,1.392048e-05,0.1
33.27111150000002,2.0,2.0,1.376723e-05,0.1
33.283423400000004,2.0,2.0,1.361386e-05,0.1
33.295628400000055,2.0,2.0,1.34486e-05,0.1
33.30938950000001,2.0,2.0,1.329721e-05,0.1
33.321860600000036,2.0,2.0,1.315242e-05,0.1
33.33402890000002,2.0,2.0,1.300977e-05,0.1
33.346348800000044,2.0,2.0,1.286518e-05,0.1
33.35849810000002,2.0,2.0,1.272518e-05,0.1
33.370394600000054,2.0,2.0,1.259326e-05,0.1
33.381943500000034,2.0,2.0,1.246382e-05,0.1
33.393419300000005,2.0,2.0,1.233713e-05,0.1
33.40514850000005,2.0,2.0,1.220304e-05,0.1
33.41727040000001,2.0,2.0,1.20708e-05,0.1
33.429546500000015,2.0,2.0,1.193916e-05,0.1
33.44167230000005,2.0,2.0,1.180902e-05,0.1
33.453931700000055,2.0,2.0,1.16819e-05,0.1
33.466286500000024,2.0,2.0,1.155177e-05,0.1
33.478479100000015,2.0,2.0,1.142635e-05,0.1
33.49080300000003,2.0,2.0,1.130133e-05,0.1
33.50313810000006,2.0,2.0,1.117586e-05,0.1
33.515341500000034,2.0,2.0,1.105639e-05,0.1
33.52762750000005,2.0,2.0,1.093621e-05,0.1
33.53987990000002,2.0,2.0,1.081604e-05,0.1
33.552197500000034,2.0,2.0,1.069847e-05,0.1
33.56449900000001,2.0,2.0,1.057929e-05,0.1
33.57677100000001,2.0,2.0,1.046469e-05,0.1
33.589237300000036,2.0,2.0,1.035017e-05,0.1
33.601570700000025,2.0,2.0,1.023644e-05,0.1
33.61383040000004,2.0,2.0,1.012698e-05,0.1
33.62596780000001,2.0,2.0,1.001577e-05,0.1
33.63826690000002,2.0,2.0,9.13776e-06,0.1
33.741281500000014,2.0,2.0,9.03353e-06,0.1
33.75386850000001,2.0,2.0,8.941097e-06,0.1
33.765537300000005,2.0,2.0,8.846832e-06,0.1
33.77734370000002,2.0,2.0,8.756925e-06,0.1
33.789003800000046,2.0,2.0,8.667173e-06,0.1
33.80080250000003,2.0,2.0,8.576369e-06,0.1
33.81273550000003,2.0,2.0,8.48582e-06,0.1
33.82500410000006,2.0,2.0,8.390773e-06,0.1
33.83725830000003,2.0,2.0,8.303407e-06,0.1
33.84918830000004,2.0,2.0,8.217949e-06,0.1
33.860935100000006,2.0,2.0,8.133043e-06,0.1
33.87284110000002,2.0,2.0,8.048838e-06,0.1
33.884773300000006,2.0,2.0,7.962361e-06,0.1
33.89646810000005,2.0,2.0,7.8848e-06,0.1
33.908247500000016,2.0,2.0,7.802568e-06,0.1
33.91999420000002,2.0,2.0,7.722404e-06,0.1
33.93161980000002,2.0,2.0,7.644079e-06,0.1
33.94335530000001,2.0,2.0,7.563654e-06,0.1
33.95521480000002,2.0,2.0,7.487427e-06,0.1
33.967339700000025,2.0,2.0,7.405648e-06,0.1
33.97958440000002,2.0,2.0,7.327005e-06,0.1
33.99177660000004,2.0,2.0,7.248584e-06,0.1
34.004079800000056,2.0,2.0,7.168872e-06,0.1
34.01633590000006,2.0,2.0,7.095777e-06,0.1
34.028449600000044,2.0,2.0,7.019501e-06,0.1
34.0408218,2.0,2.0,6.943867e-06,0.1
34.0531507,2.0,2.0,6.87074e-06,0.1
34.06542940000003,2.0,2.0,6.79267e-06,0.1
34.07807950000006,2.0,2.0,6.721694e-06,0.1
34.09039870000004,2.0,2.0,6.649727e-06,0.1
34.102754900000036,2.0,2.0,6.577865e-06,0.1
34.11504800000006,2.0,2.0,6.511726e-06,0.1
34.127065500000015,2.0,2.0,6.441946e-06,0.1
34.139269400000046,2.0,2.0,6.373188e-06,0.1
34.151553800000045,2.0,2.0,6.305791e-06,0.1
34.163900700000056,2.0,2.0,6.236922e-06,0.1
34.17618600000003,2.0,2.0,6.173381e-06,0.1
34.188502400000004,2.0,2.0,6.10649e-06,0.1
34.200954000000024,2.0,2.0,6.041058e-06,0.1
34.21313710000004,2.0,2.0,5.978443e-06,0.1
34.225427800000034,2.0,2.0,5.912708e-06,0.1
34.23772240000005,2.0,2.0,5.851954e-06,0.1
34.25002680000006,2.0,2.0,5.789791e-06,0.1
34.26229500000005,2.0,2.0,5.727853e-06,0.1
34.27460880000001,2.0,2.0,5.669625e-06,0.1
34.286906000000045,2.0,2.0,5.608229e-06,0.1
34.29908160000002,2.0,2.0,5.549608e-06,0.1
34.31162400000005,2.0,2.0,5.491401e-06,0.1
34.32359810000003,2.0,2.0,5.43231e-06,0.1
34.335890800000016,2.0,2.0,5.37787e-06,0.1
34.34822940000004,2.0,2.0,5.32073e-06,0.1
34.360378000000026,2.0,2.0,5.264166e-06,0.1
34.37276570000006,2.0,2.0,5.20941e-06,0.1
34.38502020000004,2.0,2.0,5.15279e-06,0.1
34.39705360000005,2.0,2.0,5.104013e-06,0.1
34.40850020000005,2.0,2.0,5.054622e-06,0.1
34.41996420000004,2.0,2.0,5.004182e-06,0.1
34.43137820000004,2.0,2.0,4.955881e-06,0.1
34.443064100000015,2.0,2.0,4.905444e-06,0.1
34.454610100000025,2.0,2.0,4.858626e-06,0.1
34.46614840000001,2.0,2.0,4.80967e-06,0.1
34.477792100000045,2.0,2.0,4.762981e-06,0.1
34.489529600000026,2.0,2.0,4.715968e-06,0.1
34.50116540000005,2.0,2.0,4.668546e-06,0.1
34.51278890000003,2.0,2.0,4.623505e-06,0.1
34.524388300000055,2.0,2.0,4.576338e-06,0.1
34.536400800000024,2.0,2.0,4.531015e-06,0.1
34.54855200000003,2.0,2.0,4.484636e-06,0.1
34.56078770000005,2.0,2.0,4.436769e-06,0.1
34.57295640000001,2.0,2.0,4.391951e-06,0.1
34.58511680000004,2.0,2.0,4.343859e-06,0.1
34.59745410000005,2.0,2.0,4.302097e-06,0.1
34.60912520000005,2.0,2.0,4.260564e-06,0.1
34.620779200000015,2.0,2.0,4.218346e-06,0.1
34.632365100000015,2.0,2.0,4.177431e-06,0.1
34.6439603,2.0,2.0,4.135519e-06,0.1
34.65553590000002,2.0,2.0,4.097973e-06,0.1
34.6670153,2.0,2.0,4.056654e-06,0.1
34.67850950000002,2.0,2.0,4.017567e-06,0.1
34.690073600000005,2.0,2.0,3.979588e-06,0.1
34.70190980000001,2.0,2.0,3.939414e-06,0.1
34.71341640000003,2.0,2.0,3.902125e-06,0.1
34.72490140000002,2.0,2.0,3.863277e-06,0.1
34.736388000000034,2.0,2.0,3.82897e-06,0.1
34.74788120000005,2.0,2.0,3.791436e-06,0.1
34.75998560000005,2.0,2.0,3.752302e-06,0.1
34.77154150000001,2.0,2.0,3.71668e-06,0.1
34.783079300000054,2.0,2.0,3.679548e-06,0.1
34.79465210000001,2.0,2.0,3.64588e-06,0.1
34.80697600000002,2.0,2.0,3.606055e-06,0.1
34.819163,2.0,2.0,3.570997e-06,0.1
34.83069690000002,2.0,2.0,3.538029e-06,0.1
34.84215980000005,2.0,2.0,3.503947e-06,0.1
34.853601800000035,2.0,2.0,3.471373e-06,0.1
34.86504260000004,2.0,2.0,3.436872e-06,0.1
34.876483500000006,2.0,2.0,3.406985e-06,0.1
34.88793410000005,2.0,2.0,3.373949e-06,0.1
34.899390400000016,2.0,2.0,3.341579e-06,0.1
34.91087840000006,2.0,2.0,3.310324e-06,0.1
34.92230600000005,2.0,2.0,3.278847e-06,0.1
34.93377780000003,2.0,2.0,3.24817e-06,0.1
34.94540120000005,2.0,2.0,3.214715e-06,0.1
34.95713540000003,2.0,2.0,3.186726e-06,0.1
34.96887890000005,2.0,2.0,3.155524e-06,0.1
34.98072050000002,2.0,2.0,3.124337e-06,0.1
34.99246930000004,2.0,2.0,3.094761e-06,0.1
35.00423450000005,2.0,2.0,3.063457e-06,0.1
35.015756200000055,2.0,2.0,3.037341e-06,0.1
35.02755140000005,2.0,2.0,3.00636e-06,0.1
35.03967590000002,2.0,2.0,2.976029e-06,0.1
35.05178920000003,2.0,2.0,2.947248e-06,0.1
35.06393990000004,2.0,2.0,2.916577e-06,0.1
35.07618690000004,2.0,2.0,2.889915e-06,0.1
35.08847190000006,2.0,2.0,2.860574e-06,0.1
35.10070740000003,2.0,2.0,2.831188e-06,0.1
35.112782100000004,2.0,2.0,2.803417e-06,0.1
35.125568000000044,2.0,2.0,2.772653e-06,0.1
35.13793870000001,2.0,2.0,2.747227e-06,0.1
35.15019110000003,2.0,2.0,2.720277e-06,0.1
35.162440600000025,2.0,2.0,2.692463e-06,0.1
35.17471670000003,2.0,2.0,2.667436e-06,0.1
35.18683400000003,2.0,2.0,2.639151e-06,0.1
35.199074800000005,2.0,2.0,2.614154e-06,0.1
35.211305100000004,2.0,2.0,2.589132e-06,0.1
35.223624700000016,2.0,2.0,2.561795e-06,0.1
35.235774100000015,2.0,2.0,2.539675e-06,0.1
35.24794250000002,2.0,2.0,2.513653e-06,0.1
35.26023570000001,2.0,2.0,2.488635e-06,0.1
35.27233580000001,2.0,2.0,2.464724e-06,0.1
35.28446050000002,2.0,2.0,2.439528e-06,0.1
35.29659370000002,2.0,2.0,2.418518e-06,0.1
35.30892610000001,2.0,2.0,2.394151e-06,0.1
35.32127250000002,2.0,2.0,2.369898e-06,0.1
35.333531600000015,2.0,2.0,2.347472e-06,0.1
35.34573980000005,2.0,2.0,2.322516e-06,0.1
35.35777260000003,2.0,2.0,2.302661e-06,0.1
35.37006590000004,2.0,2.0,2.280141e-06,0.1
35.382349600000055,2.0,2.0,2.257209e-06,0.1
35.39449250000001,2.0,2.0,2.236917e-06,0.1
35.40657250000004,2.0,2.0,2.213453e-06,0.1
35.418519100000026,0.0,0.0,-0.0001922566,0.1
35.59794320000003,0.0,0.0,-0.0001899812,0.1
35.609715600000015,0.0,0.0,-0.0001877581,0.1
35.62134970000005,0.0,0.0,-0.0001856285,0.1
35.63310670000004,0.0,0.0,-0.0001835015,0.1
35.64477360000001,0.0,0.0,-0.0001813991,0.1
35.65639090000002,0.0,0.0,-0.0001793154,0.1
35.668432300000006,0.0,0.0,-0.0001771728,0.1
35.68053950000001,0.0,0.0,-0.0001750948,0.1
35.69279530000006,0.0,0.0,-0.0001730047,0.1
35.70500320000002,0.0,0.0,-0.0001709471,0.1
35.71733780000005,0.0,0.0,-0.0001689174,0.1
35.729451400000016,0.0,0.0,-0.000166937,0.1
35.74173080000003,0.0,0.0,-0.0001649556,0.1
35.75387410000002,0.0,0.0,-0.0001630393,0.1
35.76592260000001,0.0,0.0,-0.0001611275,0.1
35.77802410000004,0.0,0.0,-0.0001592526,0.1
35.78995080000004,0.0,0.0,-0.0001574723,0.1
35.80151740000002,0.0,0.0,-0.0001557224,0.1
35.81300980000003,0.0,0.0,-0.000154006,0.1
35.824499400000036,0.0,0.0,-0.0001522957,0.1
35.83627990000002,0.0,0.0,-0.0001505751,0.1
35.84790340000001,0.0,0.0,-0.0001488973,0.1
35.859647300000006,0.0,0.0,-0.0001472151,0.1
35.87119370000005,0.0,0.0,-0.0001455951,0.1
35.88289030000004,0.0,0.0,-0.0001439558,0.1
35.89445090000004,0.0,0.0,-0.0001423609,0.1
35.90596160000001,0.0,0.0,-0.0001408003,0.1
35.91764440000003,0.0,0.0,-0.0001392168,0.1
35.92941990000003,0.0,0.0,-0.0001376463,0.1
35.94117220000004,0.0,0.0,-0.0001361049,0.1
35.952687000000026,0.0,0.0,-0.0001346188,0.1
35.96418640000002,0.0,0.0,-0.0001331348,0.1
35.97579400000001,0.0,0.0,-0.0001316563,0.1
35.98736690000004,0.0,0.0,-0.0001302033,0.1
35.999121600000024,0.0,0.0,-0.0001287381,0.1
36.01089880000001,0.0,0.0,-0.0001272962,0.1
36.02245080000006,0.0,0.0,-0.0001259014,0.1
36.034153100000026,0.0,0.0,-0.0001244929,0.1
36.04596070000002,0.0,0.0,-0.000123097,0.1
36.05771320000002,0.0,0.0,-0.0001217115,0.1
36.069542600000034,0.0,0.0,-0.000120329,0.1
36.08164190000002,0.0,0.0,-0.0001189254,0.1
36.09376420000001,0.0,0.0,-0.0001175605,0.1
36.105861800000014,0.0,0.0,-0.0001162071,0.1
36.11796330000004,0.0,0.0,-0.0001148677,0.1
36.130384700000036,0.0,0.0,-0.0001135102,0.1
36.14253580000002,0.0,0.0,-0.0001122067,0.1
36.15464510000004,0.0,0.0,-0.0001109098,0.1
36.16692750000004,0.0,0.0,-0.0001096227,0.1
36.17918880000002,0.0,0.0,-0.000108348,0.1
36.19144040000003,0.0,0.0,-0.0001070905,0.1
36.20357870000004,0.0,0.0,-0.0001058624,0.1
36.21568160000004,0.0,0.0,-0.0001046114,0.1
36.22805120000004,0.0,0.0,-0.0001034532,0.1
36.239797200000055,0.0,0.0,-0.0001023023,0.1
36.25133980000004,0.0,0.0,-0.0001011869,0.1
36.26307370000001,0.0,0.0,-0.0001000644,0.1
36.2748368,0.0,0.0,-9.599274e-05,0.1
36.373170500000015,0.0,0.0,-9.483188e-05,0.1
36.38570230000005,0.0,0.0,-9.370365e-05,0.1
36.39809840000004,0.0,0.0,-9.259815e-05,0.1
36.410149800000056,0.0,0.0,-9.156459e-05,0.1
36.42187660000002,0.0,0.0,-9.055129e-05,0.1
36.43360990000002,0.0,0.0,-8.954419e-05,0.1
36.44528490000005,0.0,0.0,-8.855386e-05,0.1
36.45700740000001,0.0,0.0,-8.75662e-05,0.1
36.46860310000005,0.0,0.0,-8.659148e-05,0.1
36.480658300000016,0.0,0.0,-8.558619e-05,0.1
36.49277430000001,0.0,0.0,-8.458187e-05,0.1
36.50508080000003,0.0,0.0,-8.364352e-05,0.1
36.51681290000005,0.0,0.0,-8.27105e-05,0.1
36.52847270000001,0.0,0.0,-8.180652e-05,0.1
36.54002660000003,0.0,0.0,-8.091581e-05,0.1
36.55156310000001,0.0,0.0,-8.003855e-05,0.1
36.56301030000003,0.0,0.0,-7.917137e-05,0.1
36.57449390000005,0.0,0.0,-7.831449e-05,0.1
36.58597020000002,0.0,0.0,-7.746786e-05,0.1
36.597474300000044,0.0,0.0,-7.662408e-05,0.1
36.608967500000006,0.0,0.0,-7.57961e-05,0.1
36.620477100000016,0.0,0.0,-7.497573e-05,0.1
36.632073200000036,0.0,0.0,-7.4156e-05,0.1
36.64376990000005,0.0,0.0,-7.333743e-05,0.1
36.65531070000003,0.0,0.0,-7.254362e-05,0.1
36.66703530000001,0.0,0.0,-7.174334e-05,0.1
36.678761200000054,0.0,0.0,-7.094947e-05,0.1
36.69049660000002,0.0,0.0,-7.01655e-05,0.1
36.70207850000003,0.0,0.0,-6.940505e-05,0.1
36.71401640000005,0.0,0.0,-6.860466e-05,0.1
36.72627650000004,0.0,0.0,-6.781655e-05,0.1
36.73855340000006,0.0,0.0,-6.703019e-05,0.1
36.750862600000005,0.0,0.0,-6.625832e-05,0.1
36.76298000000003,0.0,0.0,-6.550294e-05,0.1
36.77532210000004,0.0,0.0,-6.474651e-05,0.1
36.78759540000004,0.0,0.0,-6.40037e-05,0.1
36.79966970000004,0.0,0.0,-6.327138e-05,0.1
36.81161670000006,0.0,0.0,-6.259191e-05,0.1
36.82330630000001,0.0,0.0,-6.190402e-05,0.1
36.835017300000004,0.0,0.0,-6.122312e-05,0.1
36.84679130000001,0.0,0.0,-6.055203e-05,0.1
36.85857150000004,0.0,0.0,-5.988317e-05,0.1
36.870293900000036,0.0,0.0,-5.92233e-05,0.1
36.88216470000003,0.0,0.0,-5.855625e-05,0.1
36.89419650000002,0.0,0.0,-5.789081e-05,0.1
36.90611460000002,0.0,0.0,-5.726319e-05,0.1
36.917884800000024,0.0,0.0,-5.663021e-05,0.1
36.929664900000034,0.0,0.0,-5.600559e-05,0.1
36.94146200000006,0.0,0.0,-5.539386e-05,0.1
36.953479300000026,0.0,0.0,-5.475126e-05,0.1
36.96571620000003,0.0,0.0,-5.41274e-05,0.1
36.978045200000054,0.0,0.0,-5.350304e-05,0.1
36.990350000000035,0.0,0.0,-5.288723e-05,0.1
37.00249680000002,0.0,0.0,-5.229201e-05,0.1
37.01471810000004,0.0,0.0,-5.169347e-05,0.1
37.02687350000002,0.0,0.0,-5.110833e-05,0.1
37.03879170000005,0.0,0.0,-5.055611e-05,0.1
37.05031760000003,0.0,0.0,-5.001414e-05,0.1
37.061774600000035,0.0,0.0,-4.948177e-05,0.1
37.07327190000001,0.0,0.0,-4.894869e-05,0.1
37.084937500000024,0.0,0.0,-4.84183e-05,0.1
37.09668350000004,0.0,0.0,-4.788634e-05,0.1
37.10827120000005,0.0,0.0,-4.737211e-05,0.1
37.119867200000044,0.0,0.0,-4.686144e-05,0.1
37.13152960000002,0.0,0.0,-4.634946e-05,0.1
37.14343560000003,0.0,0.0,-4.58228e-05,0.1
37.15579560000003,0.0,0.0,-4.529301e-05,0.1
37.16811430000001,0.0,0.0,-4.477744e-05,0.1
37.18041120000004,0.0,0.0,-4.426604e-05,0.1
37.192555500000026,0.0,0.0,-4.376807e-05,0.1
37.204524400000025,0.0,0.0,-4.328431e-05,0.1
37.21649530000002,0.0,0.0,-4.280936e-05,0.1
37.228258900000014,0.0,0.0,-4.234827e-05,0.1
37.23995020000001,0.0,0.0,-4.188685e-05,0.1
37.25158300000004,0.0,0.0,-4.143073e-05,0.1
37.26334510000004,0.0,0.0,-4.098134e-05,0.1
37.27506880000004,0.0,0.0,-4.053118e-05,0.1
37.28700300000003,0.0,0.0,-4.007756e-05,0.1
37.299146500000006,0.0,0.0,-3.962283e-05,0.1
37.31140190000002,0.0,0.0,-3.917021e-05,0.1
37.32370610000004,0.0,0.0,-3.872424e-05,0.1
37.33598460000002,0.0,0.0,-3.828276e-05,0.1
37.34826700000002,0.0,0.0,-3.78492e-05,0.1
37.36068160000002,0.0,0.0,-3.740277e-05,0.1
37.37329070000004,0.0,0.0,-3.697652e-05,0.1
37.38544860000002,0.0,0.0,-3.656317e-05,0.1
37.39767070000005,0.0,0.0,-3.614544e-05,0.1
37.409934100000044,0.0,0.0,-3.573614e-05,0.1
37.422209200000054,0.0,0.0,-3.533023e-05,0.1
37.43452980000001,0.0,0.0,-3.492875e-05,0.1
37.446832400000005,0.0,0.0,-3.453388e-05,0.1
37.459108000000015,0.0,0.0,-3.41396e-05,0.1
37.471398100000044,0.0,0.0,-3.375149e-05,0.1
37.48371380000003,0.0,0.0,-3.336707e-05,0.1
37.496059600000024,0.0,0.0,-3.298743e-05,0.1
37.508202400000016,0.0,0.0,-3.262103e-05,0.1
37.520293400000014,0.0,0.0,-3.2262e-05,0.1
37.53205340000005,0.0,0.0,-3.191419e-05,0.1
37.54381710000001,0.0,0.0,-3.156848e-05,0.1
37.55541010000002,0.0,0.0,-3.122897e-05,0.1
37.56724250000002,0.0,0.0,-3.088968e-05,0.1
37.579129400000056,0.0,0.0,-3.053926e-05,0.1
37.59137420000002,0.0,0.0,-3.020198e-05,0.1
37.60326200000003,0.0,0.0,-2.987044e-05,0.1
37.615479600000015,0.0,0.0,-2.953387e-05,0.1
37.62739450000004,0.0,0.0,-2.921788e-05,0.1
37.63913680000002,0.0,0.0,-2.889866e-05,0.1
37.65087960000005,0.0,0.0,-2.858941e-05,0.1
37.66253020000005,0.0,0.0,-2.828112e-05,0.1
37.67446270000005,0.0,0.0,-2.796233e-05,0.1
37.68651930000004,0.0,0.0,-2.76537e-05,0.1
37.69870900000001,0.0,0.0,-2.734027e-05,0.1
37.711021800000026,0.0,0.0,-2.703248e-05,0.1
37.72320730000001,0.0,0.0,-2.673076e-05,0.1
37.73533550000002,0.0,0.0,-2.643136e-05,0.1
37.747504700000036,0.0,0.0,-2.614081e-05,0.1
37.75948060000002,0.0,0.0,-2.585474e-05,0.1
37.771139800000014,0.0,0.0,-2.558083e-05,0.1
37.78269960000006,0.0,0.0,-2.530949e-05,0.1
37.79445320000002,0.0,0.0,-2.503616e-05,0.1
37.80627770000001,0.0,0.0,-2.47667e-05,0.1
37.817810200000054,0.0,0.0,-2.45025e-05,0.1
37.829255000000046,0.0,0.0,-2.424597e-05,0.1
37.84102150000001,0.0,0.0,-2.398521e-05,0.1
37.85252940000004,0.0,0.0,-2.373173e-05,0.1
37.864044500000034,0.0,0.0,-2.348471e-05,0.1
37.875680300000056,0.0,0.0,-2.323315e-05,0.1
37.887347600000055,0.0,0.0,-2.298613e-05,0.1
37.89894160000006,0.0,0.0,-2.273843e-05,0.1
37.910825000000045,0.0,0.0,-2.24919e-05,0.1
37.922564100000045,0.0,0.0,-2.224798e-05,0.1
37.93464650000004,0.0,0.0,-2.199807e-05,0.1
37.946828400000015,0.0,0.0,-2.175583e-05,0.1
37.95909450000005,0.0,0.0,-2.15083e-05,0.1
37.971413600000005,0.0,0.0,-2.126775e-05,0.1
37.98367810000002,0.0,0.0,-2.102892e-05,0.1
37.996022700000026,0.0,0.0,-2.0791e-05,0.1
38.00834450000002,0.0,0.0,-2.056001e-05,0.1
38.020694100000014,0.0,0.0,-2.032622e-05,0.1
38.033059500000036,0.0,0.0,-2.009795e-05,0.1
38.045140600000025,0.0,0.0,-1.987858e-05,0.1
38.057401500000026,0.0,0.0,-1.965033e-05,0.1
38.069658600000025,0.0,0.0,-1.943615e-05,0.1
38.0818433,0.0,0.0,-1.921924e-05,0.1
38.09394450000002,0.0,0.0,-1.900615e-05,0.1
38.106489700000054,0.0,0.0,-1.87914e-05,0.1
38.11877850000002,0.0,0.0,-1.857946e-05,0.1
38.13093660000004,0.0,0.0,-1.837624e-05,0.1
38.14310580000006,0.0,0.0,-1.817208e-05,0.1
38.155430000000024,0.0,0.0,-1.79675e-05,0.1
38.16772480000003,0.0,0.0,-1.776877e-05,0.1
38.179863700000055,0.0,0.0,-1.757432e-05,0.1
38.191981500000054,0.0,0.0,-1.737782e-05,0.1
38.204051700000036,0.0,0.0,-1.719004e-05,0.1
38.21623870000002,0.0,0.0,-1.699676e-05,0.1
38.22852320000004,0.0,0.0,-1.680912e-05,0.1
38.240891100000056,0.0,0.0,-1.662064e-05,0.1
38.2530787,0.0,0.0,-1.643572e-05,0.1
38.265331400000036,0.0,0.0,-1.625264e-05,0.1
38.27773450000001,0.0,0.0,-1.606863e-05,0.1
38.28990620000002,0.0,0.0,-1.589396e-05,0.1
38.30205500000005,0.0,0.0,-1.571956e-05,0.1
38.31429450000002,0.0,0.0,-1.554435e-05,0.1
38.32640140000001,0.0,0.0,-1.537669e-05,0.1
38.33862480000005,0.0,0.0,-1.520258e-05,0.1
38.35096870000001,0.0,0.0,-1.503462e-05,0.1
38.363057000000026,0.0,0.0,-1.487065e-05,0.1
38.37531250000001,0.0,0.0,-1.470519e-05,0.1
38.387527600000055,0.0,0.0,-1.454551e-05,0.1
38.399648600000035,0.0,0.0,-1.438412e-05,0.1
38.41191300000003,0.0,0.0,-1.422495e-05,0.1
38.42420210000006,0.0,0.0,-1.406791e-05,0.1
38.43688940000004,0.0,0.0,-1.390905e-05,0.1
38.448480200000006,0.0,0.0,-1.37672e-05,0.1
38.45999180000001,0.0,0.0,-1.362198e-05,0.1
38.47155440000006,0.0,0.0,-1.348034e-05,0.1
38.48306870000005,0.0,0.0,-1.334047e-05,0.1
38.494600200000036,0.0,0.0,-1.320233e-05,0.1
38.506093400000054,0.0,0.0,-1.306761e-05,0.1
38.51761370000003,0.0,0.0,-1.292926e-05,0.1
38.52913240000004,0.0,0.0,-1.279714e-05,0.1
38.54069730000003,0.0,0.0,-1.266352e-05,0.1
38.55221710000001,0.0,0.0,-1.253231e-05,0.1
38.56368390000006,0.0,0.0,-1.240342e-05,0.1
38.57517790000003,0.0,0.0,-1.227479e-05,0.1
38.58680560000005,0.0,0.0,-1.214483e-05,0.1
38.598694600000044,0.0,0.0,-1.201545e-05,0.1
38.610190200000034,0.0,0.0,-1.189293e-05,0.1
38.62189730000006,0.0,0.0,-1.176919e-05,0.1
38.63343900000001,0.0,0.0,-1.164581e-05,0.1
38.64521590000004,0.0,0.0,-1.152501e-05,0.1
38.65679200000005,0.0,0.0,-1.140335e-05,0.1
38.66856500000006,0.0,0.0,-1.128056e-05,0.1
38.68079820000003,0.0,0.0,-1.1158e-05,0.1
38.692972000000054,0.0,0.0,-1.103414e-05,0.1
38.70532760000003,0.0,0.0,-1.091507e-05,0.1
38.71751100000006,0.0,0.0,-1.079267e-05,0.1
38.72977980000002,0.0,0.0,-1.067581e-05,0.1
38.741936200000055,0.0,0.0,-1.056057e-05,0.1
38.75422660000004,0.0,0.0,-1.044423e-05,0.1
38.766521100000034,0.0,0.0,-1.033093e-05,0.1
38.77881930000001,0.0,0.0,-1.021505e-05,0.1
38.791071500000044,0.0,0.0,-1.010442e-05,0.1
38.80325730000004,0.0,0.0,-9.829047e-06,0.1
38.90548620000004,0.0,0.0,-9.726982e-06,0.1
38.91697310000001,0.0,0.0,-9.623811e-06,0.1
38.92841900000002,0.0,0.0,-9.527182e-06,0.1
38.93987750000002,0.0,0.0,-9.42625e-06,0.1
38.95134660000002,0.0,0.0,-9.328962e-06,0.1
38.96278530000001,0.0,0.0,-9.233891e-06,0.1
38.97423880000002,0.0,0.0,-9.138305e-06,0.1
38.98575530000005,0.0,0.0,-9.045287e-06,0.1
38.99723600000004,0.0,0.0,-8.950178e-06,0.1
39.00873950000005,0.0,0.0,-8.861222e-06,0.1
39.02017110000003,0.0,0.0,-8.768089e-06,0.1
39.031627600000036,0.0,0.0,-8.677087e-06,0.1
39.043266800000026,0.0,0.0,-8.588603e-06,0.1
39.054921500000034,0.0,0.0,-8.499025e-06,0.1
39.06652570000006,0.0,0.0,-8.413094e-06,0.1
39.07817190000003,0.0,0.0,-8.321977e-06,0.1
39.08988320000003,0.0,0.0,-8.237737e-06,0.1
39.10158720000004,0.0,0.0,-8.151304e-06,0.1
39.113317300000006,0.0,0.0,-8.065895e-06,0.1
39.124935600000015,0.0,0.0,-7.983424e-06,0.1
39.136697200000015,0.0,0.0,-7.897575e-06,0.1
39.14869120000003,0.0,0.0,-7.816735e-06,0.1
39.160725900000045,0.0,0.0,-7.730257e-06,0.1
39.17282450000005,0.0,0.0,-7.647259e-06,0.1
39.18503750000002,0.0,0.0,-7.565108e-06,0.1
39.19716540000002,0.0,0.0,-7.482702e-06,0.1
39.20942670000005,0.0,0.0,-7.40274e-06,0.1
39.22172560000001,0.0,0.0,-7.322083e-06,0.1
39.23399320000004,0.0,0.0,-7.242312e-06,0.1
39.246265100000016,0.0,0.0,-7.165531e-06,0.1
39.25868980000001,0.0,0.0,-7.08338e-06,0.1
39.27090290000001,0.0,0.0,-7.008757e-06,0.1
39.283229500000004,0.0,0.0,-6.933053e-06,0.1
39.29556000000002,0.0,0.0,-6.857491e-06,0.1
39.30785550000002,0.0,0.0,-6.783627e-06,0.1
39.320708600000046,0.0,0.0,-6.706894e-06,0.1
39.33338560000004,0.0,0.0,-6.632438e-06,0.1
39.34550240000004,0.0,0.0,-6.563165e-06,0.1
39.35774660000004,0.0,0.0,-6.489993e-06,0.1
39.370123500000034,0.0,0.0,-6.422292e-06,0.1
39.38208670000006,0.0,0.0,-6.35292e-06,0.1
39.39452670000003,0.0,0.0,-6.284169e-06,0.1
39.40685450000001,0.0,0.0,-6.217999e-06,0.1
39.419119100000046,0.0,0.0,-6.148309e-06,0.1
39.431239500000004,0.0,0.0,-6.084093e-06,0.1
39.44343620000001,0.0,0.0,-6.020091e-06,0.1
39.45569470000004,0.0,0.0,-5.95552e-06,0.1
39.46788980000002,0.0,0.0,-5.893966e-06,0.1
39.48017090000002,0.0,0.0,-5.827809e-06,0.1
39.492266400000005,0.0,0.0,-5.768626e-06,0.1
39.50380390000004,0.0,0.0,-5.711476e-06,0.1
39.51528830000001,0.0,0.0,-5.653698e-06,0.1
39.52679690000002,0.0,0.0,-5.599296e-06,0.1
39.53832510000001,0.0,0.0,-5.539904e-06,0.1
39.54985110000001,0.0,0.0,-5.487168e-06,0.1
39.561370200000056,0.0,0.0,-5.430967e-06,0.1
39.57293940000005,0.0,0.0,-5.37627e-06,0.1
39.584401300000025,0.0,0.0,-5.323186e-06,0.1
39.59583230000004,0.0,0.0,-5.270262e-06,0.1
39.6072666,0.0,0.0,-5.219507e-06,0.1
39.61868180000005,0.0,0.0,-5.165106e-06,0.1
39.63030930000002,0.0,0.0,-5.114946e-06,0.1
39.64174840000004,0.0,0.0,-5.064088e-06,0.1
39.65321110000002,0.0,0.0,-5.013372e-06,0.1
39.664731500000016,0.0,0.0,-4.964093e-06,0.1
39.67620010000002,0.0,0.0,-4.914211e-06,0.1
39.687729200000035,0.0,0.0,-4.867158e-06,0.1
39.699235000000044,0.0,0.0,-4.815725e-06,0.1
39.710972200000015,0.0,0.0,-4.768462e-06,0.1
39.722514200000035,0.0,0.0,-4.721315e-06,0.1
39.734019000000046,0.0,0.0,-4.674343e-06,0.1
39.745690600000046,0.0,0.0,-4.628346e-06,0.1
39.75738020000006,0.0,0.0,-4.579936e-06,0.1
39.76895940000003,0.0,0.0,-4.537118e-06,0.1
39.780750900000044,0.0,0.0,-4.489436e-06,0.1
39.792308200000036,0.0,0.0,-4.444476e-06,0.1
39.80410500000005,0.0,0.0,-4.400295e-06,0.1
39.815807800000016,0.0,0.0,-4.355417e-06,0.1
39.82757400000003,0.0,0.0,-4.313437e-06,0.1
39.839215800000034,0.0,0.0,-4.26772e-06,0.1
39.850693000000035,0.0,0.0,-4.227468e-06,0.1
39.86223350000006,0.0,0.0,-4.186059e-06,0.1
39.87372200000004,0.0,0.0,-4.144872e-06,0.1
39.88523900000001,0.0,0.0,-4.103157e-06,0.1
39.89741330000004,0.0,0.0,-4.060862e-06,0.1
39.90887170000002,0.0,0.0,-4.0239e-06,0.1
39.920315500000015,0.0,0.0,-3.981797e-06,0.1
39.93194920000002,0.0,0.0,-3.942748e-06,0.1
39.94338660000005,0.0,0.0,-3.904975e-06,0.1
39.95503000000002,0.0,0.0,-3.86606e-06,0.1
39.966665600000056,0.0,0.0,-3.829522e-06,0.1
39.97817210000005,0.0,0.0,-3.789524e-06,0.1
39.989782700000035,0.0,0.0,-3.754869e-06,0.1
40.00125550000001,0.0,0.0,-3.717058e-06,0.1
40.01291250000003,0.0,0.0,-3.68002e-06,0.1
40.024603100000036,0.0,0.0,-3.643705e-06,0.1
40.036499400000025,0.0,0.0,-3.606189e-06,0.1
40.04856220000005,0.0,0.0,-3.571407e-06,0.1
40.061003700000015,0.0,0.0,-3.531738e-06,0.1
40.07319110000003,0.0,0.0,-3.495695e-06,0.1
40.08545730000003,0.0,0.0,-3.460292e-06,0.1
40.09781780000003,0.0,0.0,-3.422415e-06,0.1
40.110087400000054,0.0,0.0,-3.389214e-06,0.1
40.122199300000034,0.0,0.0,-3.354142e-06,0.1
40.13413000000003,0.0,0.0,-3.321367e-06,0.1
40.14559010000005,0.0,0.0,-3.289955e-06,0.1
40.15706670000003,0.0,0.0,-3.256805e-06,0.1
40.16858290000005,0.0,0.0,-3.228129e-06,0.1
40.18014230000006,0.0,0.0,-3.193576e-06,0.1
40.19169300000004,0.0,0.0,-3.163889e-06,0.1
40.20327860000003,0.0,0.0,-3.133629e-06,0.1
40.21499940000001,0.0,0.0,-3.102608e-06,0.1
40.226597500000025,0.0,0.0,-3.073958e-06,0.1
40.23821910000004,0.0,0.0,-3.042092e-06,0.1
40.24997090000005,0.0,0.0,-3.013571e-06,0.1
40.262057800000036,0.0,0.0,-2.982514e-06,0.1
40.27419540000005,0.0,0.0,-2.951333e-06,0.1
40.28676890000003,0.0,0.0,-2.92244e-06,0.1
40.29890500000005,0.0,0.0,-2.890287e-06,0.1
40.311182900000006,0.0,0.0,-2.862297e-06,0.1
40.324895200000014,0.0,0.0,-2.829087e-06,0.1
40.33782160000004,0.0,0.0,-2.798523e-06,0.1
40.35002870000005,0.0,0.0,-2.772155e-06,0.1
40.36229320000001,0.0,0.0,-2.743321e-06,0.1
40.374410100000034,0.0,0.0,-2.715914e-06,0.1
40.38652350000001,0.0,0.0,-2.690146e-06,0.1
40.39867730000003,0.0,0.0,-2.660171e-06,0.1
40.41095800000005,0.0,0.0,-2.634705e-06,0.1
40.42330620000001,0.0,0.0,-2.608178e-06,0.1
40.43556120000005,0.0,0.0,-2.58198e-06,0.1
40.44780650000001,0.0,0.0,-2.557581e-06,0.1
40.46017760000001,0.0,0.0,-2.529376e-06,0.1
40.47250300000002,2.0,2.0,0.0001796867,0.1
40.651883000000055,2.0,2.0,0.0001776307,0.1
40.663696000000016,2.0,2.0,0.0001755548,0.1
40.675863600000014,2.0,2.0,0.0001734757,0.1
40.68804690000002,2.0,2.0,0.0001714239,0.1
40.700263500000005,2.0,2.0,0.0001694017,0.1
40.71248620000006,2.0,2.0,0.0001673684,0.1
40.72493080000004,2.0,2.0,0.0001653666,0.1
40.73709230000003,2.0,2.0,0.0001634301,0.1
40.74935300000004,2.0,2.0,0.000161487,0.1
40.76168160000003,2.0,2.0,0.000159569,0.1
40.77396950000002,2.0,2.0,0.0001576788,0.1
40.78623100000004,2.0,2.0,0.0001558118,0.1
40.798545800000056,2.0,2.0,0.0001539674,0.1
40.81080970000005,2.0,2.0,0.0001521515,0.1
40.82290830000005,2.0,2.0,0.0001503715,0.1
40.83514310000004,2.0,2.0,0.0001486339,0.1
40.847308000000055,2.0,2.0,0.0001468869,0.1
40.859503200000006,2.0,2.0,0.0001451593,0.1
40.871628000000044,2.0,2.0,0.0001434941,0.1
40.88368750000001,2.0,2.0,0.0001418072,0.1
40.89563500000003,2.0,2.0,0.0001402413,0.1
40.90734980000002,2.0,2.0,0.0001386731,0.1
40.91905910000003,2.0,2.0,0.0001371107,0.1
40.93082640000006,2.0,2.0,0.0001355816,0.1
40.94248780000004,2.0,2.0,0.0001340693,0.1
40.954078400000014,2.0,2.0,0.0001325715,0.1
40.96594840000006,2.0,2.0,0.0001310441,0.1
40.97803120000003,2.0,2.0,0.0001295168,0.1
40.99011060000004,2.0,2.0,0.0001280429,0.1
41.00196970000002,2.0,2.0,0.000126586,0.1
41.01383960000004,2.0,2.0,0.0001251745,0.1
41.02544160000002,2.0,2.0,0.0001238116,0.1
41.036887800000045,2.0,2.0,0.0001224474,0.1
41.048637600000006,2.0,2.0,0.000121077,0.1
41.06040380000002,2.0,2.0,0.0001197232,0.1
41.07213100000001,2.0,2.0,0.0001183971,0.1
41.083771900000045,2.0,2.0,0.000117077,0.1
41.09550130000002,2.0,2.0,0.0001157743,0.1
41.10724000000005,2.0,2.0,0.0001144896,0.1
41.118839200000025,2.0,2.0,0.000113209,0.1
41.13114890000003,2.0,2.0,0.0001118537,0.1
41.14355830000005,2.0,2.0,0.000110541,0.1
41.155846800000006,2.0,2.0,0.0001092577,0.1
41.168102300000044,2.0,2.0,0.0001079853,0.1
41.18037190000001,2.0,2.0,0.0001067245,0.1
41.19255860000004,2.0,2.0,0.0001054974,0.1
41.204715400000055,2.0,2.0,0.000104272,0.1
41.217105600000025,2.0,2.0,0.00010306,0.1
41.22932410000004,2.0,2.0,0.0001018621,0.1
41.241536800000006,2.0,2.0,0.0001006958,0.1
41.25379290000001,2.0,2.0,9.167779e-05,0.1
41.35246760000001,2.0,2.0,9.059029e-05,0.1
41.36484640000003,2.0,2.0,8.953752e-05,0.1
41.37731230000003,2.0,2.0,8.848545e-05,0.1
41.389772600000015,2.0,2.0,8.744905e-05,0.1
41.402071500000034,2.0,2.0,8.643646e-05,0.1
41.414540500000044,2.0,2.0,8.543514e-05,0.1
41.42678680000006,2.0,2.0,8.444003e-05,0.1
41.43918910000002,2.0,2.0,8.344813e-05,0.1
41.451481200000046,2.0,2.0,8.247873e-05,0.1
41.46398970000001,2.0,2.0,8.152139e-05,0.1
41.47622110000003,2.0,2.0,8.05822e-05,0.1
41.48850590000001,2.0,2.0,7.964954e-05,0.1
41.500828400000046,2.0,2.0,7.872934e-05,0.1
41.51269240000005,2.0,2.0,7.787591e-05,0.1
41.52444090000006,2.0,2.0,7.701686e-05,0.1
41.53597440000004,2.0,2.0,7.617961e-05,0.1
41.54763770000005,2.0,2.0,7.534978e-05,0.1
41.55937080000001,2.0,2.0,7.451127e-05,0.1
41.57141340000004,2.0,2.0,7.365366e-05,0.1
41.58365300000003,2.0,2.0,7.280222e-05,0.1
41.59596080000006,2.0,2.0,7.196499e-05,0.1
41.60824880000001,2.0,2.0,7.113346e-05,0.1
41.620393300000046,2.0,2.0,7.032989e-05,0.1
41.632622800000036,2.0,2.0,6.951432e-05,0.1
41.64485590000004,2.0,2.0,6.872111e-05,0.1
41.65717450000005,2.0,2.0,6.793143e-05,0.1
41.669483300000024,2.0,2.0,6.714609e-05,0.1
41.681673200000034,2.0,2.0,6.637773e-05,0.1
41.69395380000003,2.0,2.0,6.561858e-05,0.1
41.70623150000006,2.0,2.0,6.486345e-05,0.1
41.71855190000002,2.0,2.0,6.407798e-05,0.1
41.73137150000002,2.0,2.0,6.335958e-05,0.1
41.74373330000003,2.0,2.0,6.260492e-05,0.1
41.756229700000006,2.0,2.0,6.188612e-05,0.1
41.76848970000003,2.0,2.0,6.117413e-05,0.1
41.780782000000045,2.0,2.0,6.047548e-05,0.1
41.79303950000002,2.0,2.0,5.978288e-05,0.1
41.805327600000055,2.0,2.0,5.909651e-05,0.1
41.81750900000003,2.0,2.0,5.84212e-05,0.1
41.82988130000001,2.0,2.0,5.774821e-05,0.1
41.84200470000002,2.0,2.0,5.709742e-05,0.1
41.85436390000001,2.0,2.0,5.640571e-05,0.1
41.86690740000006,2.0,2.0,5.579619e-05,0.1
41.87844850000005,2.0,2.0,5.519669e-05,0.1
41.88999940000002,2.0,2.0,5.460052e-05,0.1
41.90169690000005,2.0,2.0,5.40081e-05,0.1
41.91340330000003,2.0,2.0,5.341725e-05,0.1
41.92520010000004,2.0,2.0,5.283207e-05,0.1
41.93694530000005,2.0,2.0,5.224871e-05,0.1
41.948769800000036,2.0,2.0,5.167591e-05,0.1
41.96052830000002,2.0,2.0,5.111778e-05,0.1
41.972144300000025,2.0,2.0,5.056175e-05,0.1
41.98388410000001,2.0,2.0,5.000911e-05,0.1
41.99560980000001,2.0,2.0,4.946275e-05,0.1
42.00747050000001,2.0,2.0,4.890472e-05,0.1
42.01965370000005,2.0,2.0,4.835329e-05,0.1
42.03172070000005,2.0,2.0,4.780902e-05,0.1
42.04385640000004,2.0,2.0,4.726891e-05,0.1
42.05592240000004,2.0,2.0,4.673725e-05,0.1
42.06831740000001,2.0,2.0,4.619909e-05,0.1
42.080570400000056,2.0,2.0,4.567427e-05,0.1
42.09281530000004,2.0,2.0,4.515598e-05,0.1
42.10499740000006,2.0,2.0,4.464669e-05,0.1
42.117194100000006,2.0,2.0,4.41399e-05,0.1
42.12952610000002,2.0,2.0,4.363246e-05,0.1
42.14183320000001,2.0,2.0,4.313848e-05,0.1
42.15413130000002,2.0,2.0,4.264593e-05,0.1
42.166430700000035,2.0,2.0,4.215984e-05,0.1
42.178771100000006,2.0,2.0,4.167855e-05,0.1
42.19107930000001,2.0,2.0,4.120277e-05,0.1
42.20338320000002,2.0,2.0,4.073478e-05,0.1
42.21554710000004,2.0,2.0,4.027925e-05,0.1
42.227804400000025,2.0,2.0,3.981784e-05,0.1
42.240151500000024,2.0,2.0,3.936766e-05,0.1
42.252326900000014,2.0,2.0,3.892205e-05,0.1
42.264684500000044,2.0,2.0,3.847689e-05,0.1
42.27690340000004,2.0,2.0,3.804153e-05,0.1
42.29010520000003,2.0,2.0,3.758582e-05,0.1
42.30215890000005,2.0,2.0,3.716013e-05,0.1
42.314484100000016,2.0,2.0,3.673517e-05,0.1
42.32669550000003,2.0,2.0,3.632465e-05,0.1
42.338940500000035,2.0,2.0,3.591479e-05,0.1
42.35125640000001,2.0,2.0,3.550529e-05,0.1
42.363363700000036,2.0,2.0,3.511165e-05,0.1
42.37557350000003,2.0,2.0,3.471388e-05,0.1
42.387692800000025,2.0,2.0,3.432565e-05,0.1
42.39993730000003,2.0,2.0,3.393979e-05,0.1
42.412228400000004,2.0,2.0,3.355494e-05,0.1
42.424394500000005,2.0,2.0,3.31795e-05,0.1
42.43654410000005,2.0,2.0,3.281076e-05,0.1
42.44871900000004,2.0,2.0,3.243715e-05,0.1
42.46086210000004,2.0,2.0,3.208435e-05,0.1
42.47295490000005,2.0,2.0,3.172113e-05,0.1
42.484802700000046,2.0,2.0,3.138416e-05,0.1
42.49657930000001,2.0,2.0,3.104455e-05,0.1
42.50833290000003,2.0,2.0,3.070699e-05,0.1
42.52013290000002,2.0,2.0,3.03801e-05,0.1
42.531683300000054,2.0,2.0,3.005447e-05,0.1
42.543479200000036,2.0,2.0,2.972232e-05,0.1
42.55546760000004,2.0,2.0,2.939134e-05,0.1
42.56768020000004,2.0,2.0,2.906049e-05,0.1
42.57999750000005,2.0,2.0,2.873511e-05,0.1
42.592089300000055,2.0,2.0,2.841756e-05,0.1
42.604271100000005,2.0,2.0,2.809678e-05,0.1
42.616461000000015,2.0,2.0,2.7784e-05,0.1
42.62838380000005,2.0,2.0,2.748855e-05,0.1
42.639889900000014,2.0,2.0,2.720139e-05,0.1
42.65138470000005,2.0,2.0,2.691317e-05,0.1
42.66285770000002,2.0,2.0,2.663097e-05,0.1
42.67451780000005,2.0,2.0,2.634754e-05,0.1
42.68597110000002,2.0,2.0,2.60693e-05,0.1
42.69767390000004,2.0,2.0,2.57888e-05,0.1
42.709622800000034,2.0,2.0,2.549911e-05,0.1
42.72182220000002,2.0,2.0,2.521471e-05,0.1
42.734118900000055,2.0,2.0,2.492958e-05,0.1
42.74665360000006,2.0,2.0,2.464807e-05,0.1
42.75885430000005,2.0,2.0,2.437159e-05,0.1
42.771159400000045,2.0,2.0,2.409671e-05,0.1
42.783316600000035,2.0,2.0,2.382974e-05,0.1
42.79560280000004,2.0,2.0,2.356241e-05,0.1
42.80789650000003,2.0,2.0,2.329398e-05,0.1
42.82030180000004,2.0,2.0,2.303577e-05,0.1
42.832657600000005,2.0,2.0,2.277247e-05,0.1
42.84508790000001,2.0,2.0,2.251633e-05,0.1
42.857291100000054,2.0,2.0,2.226777e-05,0.1
42.86933290000002,2.0,2.0,2.202764e-05,0.1
42.88105740000003,2.0,2.0,2.179464e-05,0.1
42.89267720000004,2.0,2.0,2.156505e-05,0.1
42.904343100000006,2.0,2.0,2.133583e-05,0.1
42.91603680000003,2.0,2.0,2.110739e-05,0.1
42.92771710000005,2.0,2.0,2.088221e-05,0.1
42.939209800000015,2.0,2.0,2.066569e-05,0.1
42.95093970000005,2.0,2.0,2.044291e-05,0.1
42.96274470000003,2.0,2.0,2.022476e-05,0.1
42.974498600000004,2.0,2.0,2.000884e-05,0.1
42.98624510000002,2.0,2.0,1.97947e-05,0.1
42.99800860000005,2.0,2.0,1.958497e-05,0.1
43.009770300000014,2.0,2.0,1.937114e-05,0.1
43.02179990000002,2.0,2.0,1.915776e-05,0.1
43.03398900000002,2.0,2.0,1.894846e-05,0.1
43.04622260000002,2.0,2.0,1.873601e-05,0.1
43.05842530000001,2.0,2.0,1.852908e-05,0.1
43.07054530000005,2.0,2.0,1.832346e-05,0.1
43.08273970000005,2.0,2.0,1.812149e-05,0.1
43.09489550000001,2.0,2.0,1.79233e-05,0.1
43.10720950000001,2.0,2.0,1.772079e-05,0.1
43.119604400000014,2.0,2.0,1.752496e-05,0.1
43.13203940000005,2.0,2.0,1.732672e-05,0.1
43.14425040000003,2.0,2.0,1.713638e-05,0.1
43.15641130000006,2.0,2.0,1.694685e-05,0.1
43.16833790000004,2.0,2.0,1.676784e-05,0.1
43.179966200000024,2.0,2.0,1.659573e-05,0.1
43.191485500000056,2.0,2.0,1.642098e-05,0.1
43.20297640000001,2.0,2.0,1.625156e-05,0.1
43.21447320000004,2.0,2.0,1.608352e-05,0.1
43.22592050000003,2.0,2.0,1.591735e-05,0.1
43.23739210000002,2.0,2.0,1.575208e-05,0.1
43.24888740000006,2.0,2.0,1.558721e-05,0.1
43.26039350000002,2.0,2.0,1.542888e-05,0.1
43.271824400000014,2.0,2.0,1.526843e-05,0.1
43.28328370000003,2.0,2.0,1.511103e-05,0.1
43.29500320000005,2.0,2.0,1.494962e-05,0.1
43.306602500000054,2.0,2.0,1.479518e-05,0.1
43.317996600000015,2.0,2.0,1.464413e-05,0.1
43.329444100000046,2.0,2.0,1.449022e-05,0.1
43.34097510000004,2.0,2.0,1.434437e-05,0.1
43.35244660000001,2.0,2.0,1.419497e-05,0.1
43.363895300000024,2.0,2.0,1.404916e-05,0.1
43.37533810000002,2.0,2.0,1.39023e-05,0.1
43.38700160000002,2.0,2.0,1.375873e-05,0.1
43.398459100000025,2.0,2.0,1.361863e-05,0.1
43.40994860000001,2.0,2.0,1.347538e-05,0.1
43.42143470000002,2.0,2.0,1.33403e-05,0.1
43.43290880000001,2.0,2.0,1.320176e-05,0.1
43.44439190000003,2.0,2.0,1.306518e-05,0.1
43.455924900000014,2.0,2.0,1.293055e-05,0.1
43.46742500000005,2.0,2.0,1.279606e-05,0.1
43.47893560000006,2.0,2.0,1.266587e-05,0.1
43.49048250000004,2.0,2.0,1.2533e-05,0.1
43.50193690000003,2.0,2.0,1.240711e-05,0.1
43.51339850000005,2.0,2.0,1.227959e-05,0.1
43.524856200000045,2.0,2.0,1.215324e-05,0.1
43.53634000000005,2.0,2.0,1.202869e-05,0.1
43.547833300000036,2.0,2.0,1.1904e-05,0.1
43.55935180000006,2.0,2.0,1.178287e-05,0.1
43.570927600000005,2.0,2.0,1.165955e-05,0.1
43.58242180000002,2.0,2.0,1.154159e-05,0.1
43.59394420000001,2.0,2.0,1.142314e-05,0.1
43.60543690000003,2.0,2.0,1.130625e-05,0.1
43.61693740000004,2.0,2.0,1.11906e-05,0.1
43.62845130000005,2.0,2.0,1.107436e-05,0.1
43.64001220000006,2.0,2.0,1.096299e-05,0.1
43.651520500000004,2.0,2.0,1.084822e-05,0.1
43.66298870000003,2.0,2.0,1.073958e-05,0.1
43.67447800000002,2.0,2.0,1.062948e-05,0.1
43.68600500000002,2.0,2.0,1.052046e-05,0.1
43.69750600000003,2.0,2.0,1.041327e-05,0.1
43.70904800000005,2.0,2.0,1.030457e-05,0.1
43.72060460000006,2.0,2.0,1.020221e-05,0.1
43.73214170000006,2.0,2.0,1.009623e-05,0.1
43.74364730000002,2.0,2.0,9.218858e-06,0.1
43.845459800000015,2.0,2.0,9.124555e-06,0.1
43.85696210000003,2.0,2.0,9.032274e-06,0.1
43.868479000000036,2.0,2.0,8.938742e-06,0.1
43.88005560000005,2.0,2.0,8.850733e-06,0.1
43.891548500000056,2.0,2.0,8.758421e-06,0.1
43.90297140000001,2.0,2.0,8.672212e-06,0.1
43.91443570000001,2.0,2.0,8.584813e-06,0.1
43.925912100000005,2.0,2.0,8.497249e-06,0.1
43.93747060000004,2.0,2.0,8.411726e-06,0.1
43.94894900000003,2.0,2.0,8.324609e-06,0.1
43.96047000000004,2.0,2.0,8.243502e-06,0.1
43.97202120000003,2.0,2.0,8.157847e-06,0.1
43.98353350000002,2.0,2.0,8.076137e-06,0.1
43.99506640000004,2.0,2.0,7.995024e-06,0.1
44.00656610000004,2.0,2.0,7.914249e-06,0.1
44.01807760000003,2.0,2.0,7.83474e-06,0.1
44.02957230000004,2.0,2.0,7.753953e-06,0.1
44.0410923,2.0,2.0,7.679261e-06,0.1
44.05257560000001,2.0,2.0,7.600383e-06,0.1
44.06409780000001,2.0,2.0,7.523833e-06,0.1
44.07559650000002,2.0,2.0,7.448486e-06,0.1
44.08707300000003,2.0,2.0,7.373666e-06,0.1
44.09856880000001,2.0,2.0,7.300292e-06,0.1
44.110109600000044,2.0,2.0,7.225098e-06,0.1
44.121623000000056,2.0,2.0,7.15533e-06,0.1
44.13310150000001,2.0,2.0,7.082643e-06,0.1
44.144556900000055,2.0,2.0,7.011509e-06,0.1
44.15599150000003,2.0,2.0,6.94215e-06,0.1
44.167421500000046,2.0,2.0,6.872669e-06,0.1
44.178803000000016,2.0,2.0,6.805824e-06,0.1
44.190260300000034,2.0,2.0,6.735496e-06,0.1
44.201675100000045,2.0,2.0,6.671637e-06,0.1
44.21333100000004,2.0,2.0,6.603153e-06,0.1
44.22497850000002,2.0,2.0,6.536454e-06,0.1
44.23643260000006,2.0,2.0,6.471621e-06,0.1
44.24788470000004,2.0,2.0,6.406276e-06,0.1
44.259351200000026,2.0,2.0,6.344163e-06,0.1
44.270832900000016,2.0,2.0,6.278196e-06,0.1
44.282331500000055,2.0,2.0,6.219284e-06,0.1
44.293755100000055,2.0,2.0,6.157211e-06,0.1
44.30520330000002,2.0,2.0,6.095831e-06,0.1
44.31663930000002,2.0,2.0,6.035983e-06,0.1
44.32811380000004,2.0,2.0,5.974999e-06,0.1
44.33955240000006,2.0,2.0,5.918002e-06,0.1
44.35102180000001,2.0,2.0,5.856495e-06,0.1
44.36249230000004,2.0,2.0,5.800903e-06,0.1
44.37397260000006,2.0,2.0,5.743705e-06,0.1
44.38566320000001,2.0,2.0,5.685014e-06,0.1
44.39736770000002,2.0,2.0,5.628342e-06,0.1
44.40899810000002,2.0,2.0,5.570352e-06,0.1
44.420537000000024,2.0,2.0,5.518414e-06,0.1
44.432218800000044,2.0,2.0,5.460576e-06,0.1
44.443961700000045,2.0,2.0,5.40677e-06,0.1
44.45562110000003,2.0,2.0,5.352848e-06,0.1
44.467368100000044,2.0,2.0,5.297604e-06,0.1
44.47942640000002,2.0,2.0,5.243443e-06,0.1
44.491565500000036,2.0,2.0,5.186814e-06,0.1
44.503831400000024,2.0,2.0,5.133797e-06,0.1
44.51605360000002,2.0,2.0,5.081348e-06,0.1
44.528172100000006,2.0,2.0,5.026615e-06,0.1
44.54045240000005,2.0,2.0,4.975083e-06,0.1
44.55297380000002,2.0,2.0,4.922892e-06,0.1
44.56464190000003,2.0,2.0,4.874341e-06,0.1
44.576169300000004,2.0,2.0,4.827235e-06,0.1
44.58764910000002,2.0,2.0,4.779044e-06,0.1
44.59909170000003,2.0,2.0,4.734087e-06,0.1
44.610495800000024,2.0,2.0,4.68543e-06,0.1
44.621949900000004,2.0,2.0,4.642923e-06,0.1
44.633479600000044,2.0,2.0,4.596615e-06,0.1
44.64502930000003,2.0,2.0,4.55145e-06,0.1
44.65650420000003,2.0,2.0,4.50732e-06,0.1
44.66814000000005,2.0,2.0,4.462052e-06,0.1
44.679611900000054,2.0,2.0,4.420246e-06,0.1
44.69126990000001,2.0,2.0,4.37431e-06,0.1
44.702960700000006,2.0,2.0,4.333289e-06,0.1
44.71467540000003,2.0,2.0,4.290209e-06,0.1
44.7264126,2.0,2.0,4.247439e-06,0.1
44.73816610000006,2.0,2.0,4.205929e-06,0.1
44.74974610000004,2.0,2.0,4.162958e-06,0.1
44.76140410000005,2.0,2.0,4.125513e-06,0.1
44.77294920000003,2.0,2.0,4.083497e-06,0.1
44.78474570000003,2.0,2.0,4.043694e-06,0.1
44.79639100000003,2.0,2.0,4.004417e-06,0.1
44.80783470000006,2.0,2.0,3.965009e-06,0.1
44.819765700000005,2.0,2.0,3.926057e-06,0.1
44.83164130000006,2.0,2.0,3.885094e-06,0.1
44.843425300000035,2.0,2.0,3.848511e-06,0.1
44.85533720000001,2.0,2.0,3.809845e-06,0.1
44.867380800000035,2.0,2.0,3.770221e-06,0.1
44.87955200000005,2.0,2.0,3.733502e-06,0.1
44.89138270000001,2.0,2.0,3.695456e-06,0.1
44.902918200000045,2.0,2.0,3.661858e-06,0.1
44.91444800000005,2.0,2.0,3.626815e-06,0.1
44.92593740000001,2.0,2.0,3.5919e-06,0.1
44.93735510000005,2.0,2.0,3.557962e-06,0.1
44.94881320000002,2.0,2.0,3.522722e-06,0.1
44.96034100000003,2.0,2.0,3.491546e-06,0.1
44.97229250000004,2.0,2.0,3.454693e-06,0.1
44.98377530000005,2.0,2.0,3.42307e-06,0.1
44.99525550000004,2.0,2.0,3.390685e-06,0.1
45.00667560000005,2.0,2.0,3.357824e-06,0.1
45.018259700000044,2.0,2.0,3.326534e-06,0.1
45.0297673,2.0,2.0,3.293104e-06,0.1
45.04125940000006,2.0,2.0,3.265064e-06,0.1
45.05278410000005,2.0,2.0,3.231932e-06,0.1
45.06456460000004,2.0,2.0,3.20085e-06,0.1
45.07632090000004,2.0,2.0,3.170298e-06,0.1
45.08790770000002,2.0,2.0,3.13933e-06,0.1
45.09962900000005,2.0,2.0,3.110533e-06,0.1
45.111298600000055,2.0,2.0,3.078383e-06,0.1
45.12274420000006,2.0,2.0,3.052114e-06,0.1
45.13449700000001,2.0,2.0,3.022411e-06,0.1
45.146252600000025,2.0,2.0,2.992961e-06,0.1
45.157998400000054,2.0,2.0,2.964585e-06,0.1
45.16979440000006,2.0,2.0,2.934097e-06,0.1
45.18133820000003,2.0,2.0,2.909919e-06,0.1
45.1930734,2.0,2.0,2.880224e-06,0.1
45.204766500000005,2.0,2.0,2.852723e-06,0.1
45.21665170000006,2.0,2.0,2.825084e-06,0.1
45.22874680000001,2.0,2.0,2.795291e-06,0.1
45.24105750000001,2.0,2.0,2.770811e-06,0.1
45.253208400000005,2.0,2.0,2.742094e-06,0.1
45.26510940000003,2.0,2.0,2.715886e-06,0.1
45.27675050000005,2.0,2.0,2.691006e-06,0.1
45.28822480000002,2.0,2.0,2.664897e-06,0.1
45.29974050000004,2.0,2.0,2.641947e-06,0.1
45.31125810000003,2.0,2.0,2.614691e-06,0.1
45.32277680000004,2.0,2.0,2.59303e-06,0.1
45.33444720000006,2.0,2.0,2.568296e-06,0.1
45.346256400000016,2.0,2.0,2.543374e-06,0.1
45.35807600000004,2.0,2.0,2.51942e-06,0.1
45.369918600000005,2.0,2.0,2.494018e-06,0.1
45.38144580000005,2.0,2.0,2.474095e-06,0.1
45.39322720000001,2.0,2.0,2.448835e-06,0.1
45.40515370000003,2.0,2.0,2.425093e-06,0.1
45.41723870000004,2.0,2.0,2.402308e-06,0.1
45.429307300000005,2.0,2.0,2.377284e-06,0.1
45.44132890000003,2.0,2.0,2.357811e-06,0.1
45.45335380000006,2.0,2.0,2.333914e-06,0.1
45.465642700000046,2.0,2.0,2.310403e-06,0.1
45.47800670000004,2.0,2.0,2.288341e-06,0.1
45.49032450000004,2.0,2.0,2.263885e-06,0.1
45.50259740000001,2.0,2.0,2.244243e-06,0.1
45.514733800000045,2.0,2.0,2.222311e-06,0.1
45.527066200000036,2.0,2.0,2.200381e-06,0.1
45.539229000000034,0.0,0.0,-0.000192269,0.1
45.71883640000004,0.0,0.0,-0.0001899344,0.1
45.731066500000054,0.0,0.0,-0.0001876281,0.1
45.74333630000001,0.0,0.0,-0.0001853672,0.1
45.75563340000002,0.0,0.0,-0.0001831355,0.1
45.76783240000003,0.0,0.0,-0.00018096,0.1
45.77990680000005,0.0,0.0,-0.0001788165,0.1
45.79217870000002,0.0,0.0,-0.0001766748,0.1
45.80453580000005,0.0,0.0,-0.0001745574,0.1
45.816871700000036,0.0,0.0,-0.0001724721,0.1
45.829079300000046,0.0,0.0,-0.000170383,0.1
45.841650200000004,0.0,0.0,-0.0001683544,0.1
45.85600660000006,0.0,0.0,-0.000165977,0.1
45.86873860000003,0.0,0.0,-0.0001639858,0.1
45.88093150000003,0.0,0.0,-0.0001620461,0.1
45.89286240000001,0.0,0.0,-0.0001602387,0.1
45.90455390000005,0.0,0.0,-0.0001584358,0.1
45.91632040000002,0.0,0.0,-0.0001566438,0.1
45.92807320000003,0.0,0.0,-0.000154888,0.1
45.939552100000014,0.0,0.0,-0.0001531693,0.1
45.95129530000003,0.0,0.0,-0.0001514366,0.1
45.9632416,0.0,0.0,-0.0001496511,0.1
45.975357900000006,0.0,0.0,-0.0001479134,0.1
45.98751580000004,0.0,0.0,-0.0001461944,0.1
45.999468200000024,0.0,0.0,-0.0001445472,0.1
46.011326800000006,0.0,0.0,-0.0001429086,0.1
46.02328980000004,0.0,0.0,-0.0001412682,0.1
46.03498900000005,0.0,0.0,-0.0001396928,0.1
46.04686120000002,0.0,0.0,-0.0001380962,0.1
46.0587524,0.0,0.0,-0.0001365273,0.1
46.070671600000026,0.0,0.0,-0.0001349737,0.1
46.082574900000054,0.0,0.0,-0.0001334375,0.1
46.09446740000004,0.0,0.0,-0.0001319176,0.1
46.10644910000002,0.0,0.0,-0.0001304127,0.1
46.11837400000002,0.0,0.0,-0.000128943,0.1
46.130226600000015,0.0,0.0,-0.0001274803,0.1
46.14206730000001,0.0,0.0,-0.0001260239,0.1
46.15421200000003,0.0,0.0,-0.000124565,0.1
46.16636960000005,0.0,0.0,-0.0001231272,0.1
46.17848620000001,0.0,0.0,-0.0001217068,0.1
46.19054070000004,0.0,0.0,-0.0001202877,0.1
46.20276110000003,0.0,0.0,-0.0001189407,0.1
46.21431880000006,0.0,0.0,-0.0001176315,0.1
46.226070400000026,0.0,0.0,-0.0001163182,0.1
46.23760200000004,0.0,0.0,-0.0001150448,0.1
46.24934170000006,0.0,0.0,-0.0001137599,0.1
46.261090300000035,0.0,0.0,-0.0001124902,0.1
46.272760000000005,0.0,0.0,-0.0001112535,0.1
46.28445380000005,0.0,0.0,-0.000110011,0.1
46.29630320000001,0.0,0.0,-0.0001087565,0.1
46.30842580000001,0.0,0.0,-0.0001074956,0.1
46.32054150000005,0.0,0.0,-0.0001062616,0.1
46.332699200000036,0.0,0.0,-0.000104999,0.1
46.34534990000003,0.0,0.0,-0.000103772,0.1
46.35806680000002,0.0,0.0,-0.0001025496,0.1
46.37007560000001,0.0,0.0,-0.0001013726,0.1
46.38236040000004,0.0,0.0,-0.0001001966,0.1
46.39452800000004,0.0,0.0,-9.608007e-05,0.1
46.492978900000026,0.0,0.0,-9.495513e-05,0.1
46.505249400000025,0.0,0.0,-9.382991e-05,0.1
46.517618200000015,0.0,0.0,-9.272726e-05,0.1
46.52989400000001,0.0,0.0,-9.164572e-05,0.1
46.542146700000046,0.0,0.0,-9.048044e-05,0.1
46.555434100000014,0.0,0.0,-8.943229e-05,0.1
46.567631300000016,0.0,0.0,-8.840187e-05,0.1
46.57990160000003,0.0,0.0,-8.73699e-05,0.1
46.59219280000002,0.0,0.0,-8.635782e-05,0.1
46.604443100000026,0.0,0.0,-8.534785e-05,0.1
46.61668510000004,0.0,0.0,-8.436368e-05,0.1
46.62895210000005,0.0,0.0,-8.338533e-05,0.1
46.64117060000001,0.0,0.0,-8.242146e-05,0.1
46.653502,0.0,0.0,-8.1465e-05,0.1
46.66584080000001,0.0,0.0,-8.05163e-05,0.1
46.67811690000002,0.0,0.0,-7.95828e-05,0.1
46.68997400000001,0.0,0.0,-7.87229e-05,0.1
46.70145910000002,0.0,0.0,-7.786514e-05,0.1
46.71320430000003,0.0,0.0,-7.700402e-05,0.1
46.72501630000005,0.0,0.0,-7.614616e-05,0.1
46.73676560000001,0.0,0.0,-7.530395e-05,0.1
46.74850920000006,0.0,0.0,-7.447567e-05,0.1
46.76022040000004,0.0,0.0,-7.364545e-05,0.1
46.772360100000014,0.0,0.0,-7.278218e-05,0.1
46.784733500000016,0.0,0.0,-7.193329e-05,0.1
46.79710800000004,0.0,0.0,-7.11043e-05,0.1
46.80935150000005,0.0,0.0,-7.028376e-05,0.1
46.82163750000001,0.0,0.0,-6.946962e-05,0.1
46.83394020000003,0.0,0.0,-6.866707e-05,0.1
46.846303600000056,0.0,0.0,-6.787332e-05,0.1
46.85861390000002,0.0,0.0,-6.708859e-05,0.1
46.870739600000036,0.0,0.0,-6.632984e-05,0.1
46.88286180000006,0.0,0.0,-6.558336e-05,0.1
46.89452140000003,0.0,0.0,-6.487625e-05,0.1
46.90623050000005,0.0,0.0,-6.416312e-05,0.1
46.91779240000005,0.0,0.0,-6.346762e-05,0.1
46.92929300000003,0.0,0.0,-6.278215e-05,0.1
46.94104010000001,0.0,0.0,-6.208831e-05,0.1
46.952868000000024,0.0,0.0,-6.139843e-05,0.1
46.964936100000045,0.0,0.0,-6.068497e-05,0.1
46.977310800000055,0.0,0.0,-5.998485e-05,0.1
46.989615800000024,0.0,0.0,-5.929242e-05,0.1
47.00199620000001,0.0,0.0,-5.860889e-05,0.1
47.01427030000002,0.0,0.0,-5.79374e-05,0.1
47.02682130000005,0.0,0.0,-5.726179e-05,0.1
47.03879610000001,0.0,0.0,-5.662425e-05,0.1
47.050876500000015,0.0,0.0,-5.598229e-05,0.1
47.062775800000054,0.0,0.0,-5.537057e-05,0.1
47.074336200000005,0.0,0.0,-5.47757e-05,0.1
47.08583020000003,0.0,0.0,-5.418959e-05,0.1
47.097287900000026,0.0,0.0,-5.361132e-05,0.1
47.10873400000003,0.0,0.0,-5.303897e-05,0.1
47.120166400000016,0.0,0.0,-5.247054e-05,0.1
47.131632600000046,0.0,0.0,-5.19128e-05,0.1
47.143070400000056,0.0,0.0,-5.135495e-05,0.1
47.15453180000003,0.0,0.0,-5.080768e-05,0.1
47.16599070000001,0.0,0.0,-5.026504e-05,0.1
47.17743390000004,0.0,0.0,-4.972884e-05,0.1
47.188890600000036,0.0,0.0,-4.919904e-05,0.1
47.20034350000003,0.0,0.0,-4.867154e-05,0.1
47.21182660000005,0.0,0.0,-4.815216e-05,0.1
47.223345300000005,0.0,0.0,-4.763266e-05,0.1
47.23491230000002,0.0,0.0,-4.711964e-05,0.1
47.24640020000004,0.0,0.0,-4.66176e-05,0.1
47.257934300000045,0.0,0.0,-4.611429e-05,0.1
47.269456700000035,0.0,0.0,-4.562363e-05,0.1
47.280935000000056,0.0,0.0,-4.513657e-05,0.1
47.29238730000003,0.0,0.0,-4.465807e-05,0.1
47.303812300000004,0.0,0.0,-4.418224e-05,0.1
47.31519380000003,0.0,0.0,-4.371595e-05,0.1
47.326597100000015,0.0,0.0,-4.325098e-05,0.1
47.338076400000034,0.0,0.0,-4.278918e-05,0.1
47.34955670000005,0.0,0.0,-4.233405e-05,0.1
47.361063700000045,0.0,0.0,-4.187999e-05,0.1
47.37252410000002,0.0,0.0,-4.143766e-05,0.1
47.38395000000003,0.0,0.0,-4.099648e-05,0.1
47.39537580000001,0.0,0.0,-4.056099e-05,0.1
47.40680610000004,0.0,0.0,-4.013206e-05,0.1
47.41824980000001,0.0,0.0,-3.970546e-05,0.1
47.429823000000056,0.0,0.0,-3.927964e-05,0.1
47.44149930000003,0.0,0.0,-3.884707e-05,0.1
47.4532542,0.0,0.0,-3.842626e-05,0.1
47.465051800000026,0.0,0.0,-3.800632e-05,0.1
47.47700390000006,0.0,0.0,-3.757713e-05,0.1
47.48911530000004,0.0,0.0,-3.715728e-05,0.1
47.50130720000004,0.0,0.0,-3.673563e-05,0.1
47.51347770000001,0.0,0.0,-3.632198e-05,0.1
47.52570680000002,0.0,0.0,-3.591204e-05,0.1
47.537849300000005,0.0,0.0,-3.550946e-05,0.1
47.5499446,0.0,0.0,-3.509543e-05,0.1
47.56272870000004,0.0,0.0,-3.469439e-05,0.1
47.57506340000003,0.0,0.0,-3.429993e-05,0.1
47.587354500000004,0.0,0.0,-3.391476e-05,0.1
47.599498900000015,0.0,0.0,-3.352932e-05,0.1
47.611775900000055,0.0,0.0,-3.315463e-05,0.1
47.624035100000015,0.0,0.0,-3.277324e-05,0.1
47.63637580000005,0.0,0.0,-3.240213e-05,0.1
47.64850500000006,0.0,0.0,-3.204275e-05,0.1
47.660730200000046,0.0,0.0,-3.16783e-05,0.1
47.67300610000001,0.0,0.0,-3.132111e-05,0.1
47.685501300000055,0.0,0.0,-3.09622e-05,0.1
47.69770960000005,0.0,0.0,-3.061109e-05,0.1
47.710006100000044,0.0,0.0,-3.027055e-05,0.1
47.72194030000003,0.0,0.0,-2.993024e-05,0.1
47.73421140000005,0.0,0.0,-2.959312e-05,0.1
47.746433800000034,0.0,0.0,-2.926001e-05,0.1
47.758736200000044,0.0,0.0,-2.892934e-05,0.1
47.77102970000004,0.0,0.0,-2.859922e-05,0.1
47.78352750000005,0.0,0.0,-2.826799e-05,0.1
47.795992600000034,0.0,0.0,-2.794937e-05,0.1
47.808243300000015,0.0,0.0,-2.763533e-05,0.1
47.820344300000045,0.0,0.0,-2.732839e-05,0.1
47.83256460000001,0.0,0.0,-2.702194e-05,0.1
47.84486000000004,0.0,0.0,-2.67149e-05,0.1
47.85717900000003,0.0,0.0,-2.641284e-05,0.1
47.869452000000024,0.0,0.0,-2.611072e-05,0.1
47.882010200000025,0.0,0.0,-2.581374e-05,0.1
47.893843000000004,0.0,0.0,-2.554201e-05,0.1
47.905601800000056,0.0,0.0,-2.526949e-05,0.1
47.91744870000002,0.0,0.0,-2.499371e-05,0.1
47.92889580000002,0.0,0.0,-2.4732e-05,0.1
47.940357800000015,0.0,0.0,-2.446976e-05,0.1
47.952065600000026,0.0,0.0,-2.421195e-05,0.1
47.96370090000005,0.0,0.0,-2.394558e-05,0.1
47.975619300000005,0.0,0.0,-2.36879e-05,0.1
47.98712160000002,0.0,0.0,-2.343932e-05,0.1
47.99864580000002,0.0,0.0,-2.319053e-05,0.1
48.01044650000006,0.0,0.0,-2.294285e-05,0.1
48.02217600000006,0.0,0.0,-2.269356e-05,0.1
48.03389010000001,0.0,0.0,-2.245128e-05,0.1
48.04566520000003,0.0,0.0,-2.220973e-05,0.1
48.05725260000003,0.0,0.0,-2.197321e-05,0.1
48.068848900000035,0.0,0.0,-2.174317e-05,0.1
48.08043580000003,0.0,0.0,-2.150943e-05,0.1
48.092273300000045,0.0,0.0,-2.127976e-05,0.1
48.10408060000003,0.0,0.0,-2.104895e-05,0.1
48.115821400000016,0.0,0.0,-2.081946e-05,0.1
48.12788420000004,0.0,0.0,-2.058942e-05,0.1
48.14001170000006,0.0,0.0,-2.036133e-05,0.1
48.15191930000003,0.0,0.0,-2.014653e-05,0.1
48.16372670000004,0.0,0.0,-1.992906e-05,0.1
48.175446900000054,0.0,0.0,-1.971605e-05,0.1
48.18705680000005,0.0,0.0,-1.950847e-05,0.1
48.198774300000025,0.0,0.0,-1.929877e-05,0.1
48.210478400000056,0.0,0.0,-1.909296e-05,0.1
48.22250610000003,0.0,0.0,-1.887687e-05,0.1
48.234802900000034,0.0,0.0,-1.866658e-05,0.1
48.24707360000002,0.0,0.0,-1.845934e-05,0.1
48.25926240000001,0.0,0.0,-1.825346e-05,0.1
48.271628400000054,0.0,0.0,-1.805089e-05,0.1
48.28394930000002,0.0,0.0,-1.784609e-05,0.1
48.29631400000005,0.0,0.0,-1.764671e-05,0.1
48.30848910000003,0.0,0.0,-1.745256e-05,0.1
48.320546500000034,0.0,0.0,-1.726537e-05,0.1
48.33228790000004,0.0,0.0,-1.70839e-05,0.1
48.344034100000044,0.0,0.0,-1.690125e-05,0.1
48.355551200000036,0.0,0.0,-1.672277e-05,0.1
48.36733250000003,0.0,0.0,-1.654319e-05,0.1
48.379423900000006,0.0,0.0,-1.635755e-05,0.1
48.391555600000004,0.0,0.0,-1.61799e-05,0.1
48.40385330000004,0.0,0.0,-1.599685e-05,0.1
48.41623040000002,0.0,0.0,-1.581866e-05,0.1
48.42834430000005,0.0,0.0,-1.564772e-05,0.1
48.44006840000003,0.0,0.0,-1.548415e-05,0.1
48.45178490000001,0.0,0.0,-1.532256e-05,0.1
48.463518400000055,0.0,0.0,-1.515698e-05,0.1
48.47505030000002,0.0,0.0,-1.500041e-05,0.1
48.48673720000005,0.0,0.0,-1.484275e-05,0.1
48.49846050000002,0.0,0.0,-1.468324e-05,0.1
48.51039750000001,0.0,0.0,-1.45237e-05,0.1
48.52249330000001,0.0,0.0,-1.436054e-05,0.1
48.53482710000003,0.0,0.0,-1.420269e-05,0.1
48.54696310000003,0.0,0.0,-1.404645e-05,0.1
48.55938230000004,0.0,0.0,-1.388976e-05,0.1
48.571617600000025,0.0,0.0,-1.373883e-05,0.1
48.583880400000055,0.0,0.0,-1.358348e-05,0.1
48.5962121,0.0,0.0,-1.343462e-05,0.1
48.608492700000056,0.0,0.0,-1.328578e-05,0.1
48.62079270000004,0.0,0.0,-1.313806e-05,0.1
48.6329556,0.0,0.0,-1.299687e-05,0.1
48.64520440000001,0.0,0.0,-1.2853e-05,0.1
48.65741260000004,0.0,0.0,-1.271079e-05,0.1
48.66976370000003,0.0,0.0,-1.257163e-05,0.1
48.68193310000004,0.0,0.0,-1.243171e-05,0.1
48.69409250000001,0.0,0.0,-1.229732e-05,0.1
48.70637110000001,0.0,0.0,-1.216165e-05,0.1
48.718564300000025,0.0,0.0,-1.202878e-05,0.1
48.73045450000001,0.0,0.0,-1.190515e-05,0.1
48.742105200000026,0.0,0.0,-1.17785e-05,0.1
48.75378410000002,0.0,0.0,-1.165695e-05,0.1
48.765409100000056,0.0,0.0,-1.153541e-05,0.1
48.77706400000005,0.0,0.0,-1.141436e-05,0.1
48.78874870000004,0.0,0.0,-1.12949e-05,0.1
48.80055950000002,0.0,0.0,-1.117308e-05,0.1
48.812453300000016,0.0,0.0,-1.10555e-05,0.1
48.82450000000006,0.0,0.0,-1.093365e-05,0.1
48.83687680000003,0.0,0.0,-1.08127e-05,0.1
48.84889670000001,0.0,0.0,-1.070103e-05,0.1
48.86029410000003,0.0,0.0,-1.059114e-05,0.1
48.87177140000006,0.0,0.0,-1.048475e-05,0.1
48.88324890000001,0.0,0.0,-1.037436e-05,0.1
48.89465740000003,0.0,0.0,-1.027038e-05,0.1
48.90637840000005,0.0,0.0,-1.016307e-05,0.1
48.91814590000001,0.0,0.0,-1.005621e-05,0.1
48.929895800000054,0.0,0.0,-9.781818e-06,0.1
49.032209400000056,0.0,0.0,-9.674105e-06,0.1
49.044599000000005,0.0,0.0,-9.564669e-06,0.1
49.056703700000014,0.0,0.0,-9.46039e-06,0.1
49.06873650000006,0.0,0.0,-9.359648e-06,0.1
49.080834100000004,0.0,0.0,-9.255304e-06,0.1
49.09317170000003,0.0,0.0,-9.155456e-06,0.1
49.105198400000006,0.0,0.0,-9.055837e-06,0.1
49.11718480000002,0.0,0.0,-8.95956e-06,0.1
49.12903750000004,0.0,0.0,-8.864947e-06,0.1
49.14096010000003,0.0,0.0,-8.769146e-06,0.1
49.15288370000002,0.0,0.0,-8.6782e-06,0.1
49.16480440000004,0.0,0.0,-8.584302e-06,0.1
49.17650660000004,0.0,0.0,-8.494406e-06,0.1
49.18841830000002,0.0,0.0,-8.404942e-06,0.1
49.200242100000025,0.0,0.0,-8.31625e-06,0.1
49.21207100000004,0.0,0.0,-8.229415e-06,0.1
49.224209900000005,0.0,0.0,-8.138717e-06,0.1
49.23635010000004,0.0,0.0,-8.050648e-06,0.1
49.24851490000003,0.0,0.0,-7.96378e-06,0.1
49.26067830000005,0.0,0.0,-7.877251e-06,0.1
49.27278290000004,0.0,0.0,-7.794438e-06,0.1
49.28496630000001,0.0,0.0,-7.710352e-06,0.1
49.2969233,0.0,0.0,-7.626445e-06,0.1
49.309368500000005,0.0,0.0,-7.544197e-06,0.1
49.32156710000004,0.0,0.0,-7.462027e-06,0.1
49.333657200000005,0.0,0.0,-7.383058e-06,0.1
49.345738600000004,0.0,0.0,-7.30643e-06,0.1
49.357466000000045,0.0,0.0,-7.230755e-06,0.1
49.36890570000003,0.0,0.0,-7.157538e-06,0.1
49.38039900000001,0.0,0.0,-7.084716e-06,0.1
49.39181140000005,0.0,0.0,-7.015389e-06,0.1
49.40326640000001,0.0,0.0,-6.942043e-06,0.1
49.41492800000003,0.0,0.0,-6.871066e-06,0.1
49.42667720000003,0.0,0.0,-6.801043e-06,0.1
49.438383300000055,0.0,0.0,-6.730446e-06,0.1
49.44993180000006,0.0,0.0,-6.662894e-06,0.1
49.461611000000005,0.0,0.0,-6.593463e-06,0.1
49.473350100000005,0.0,0.0,-6.52697e-06,0.1
49.48537060000001,0.0,0.0,-6.455473e-06,0.1
49.49749590000005,0.0,0.0,-6.385369e-06,0.1
49.50997170000005,0.0,0.0,-6.317828e-06,0.1
49.522771000000034,0.0,0.0,-6.244853e-06,0.1
49.53508220000003,0.0,0.0,-6.179582e-06,0.1
49.54720120000002,0.0,0.0,-6.1136e-06,0.1
49.559348500000056,0.0,0.0,-6.048509e-06,0.1
49.57135400000004,0.0,0.0,-5.988362e-06,0.1
49.583111900000006,0.0,0.0,-5.924232e-06,0.1
49.59478850000005,0.0,0.0,-5.864702e-06,0.1
49.606379600000025,0.0,0.0,-5.80607e-06,0.1
49.61812360000005,0.0,0.0,-5.746171e-06,0.1
49.62987420000002,0.0,0.0,-5.687946e-06,0.1
49.64177170000005,0.0,0.0,-5.628429e-06,0.1
49.65355200000005,0.0,0.0,-5.571555e-06,0.1
49.665640800000006,0.0,0.0,-5.511604e-06,0.1
49.67793210000002,0.0,0.0,-5.451593e-06,0.1
49.690310700000055,0.0,0.0,-5.394971e-06,0.1
49.70255080000004,0.0,0.0,-5.335186e-06,0.1
49.71483570000004,0.0,0.0,-5.279518e-06,0.1
49.726976800000045,0.0,0.0,-5.224479e-06,0.1
49.73925510000004,0.0,0.0,-5.169054e-06,0.1
49.75132320000006,0.0,0.0,-5.116387e-06,0.1
49.76347080000005,0.0,0.0,-5.060764e-06,0.1
49.77511020000003,0.0,0.0,-5.011766e-06,0.1
49.78684530000004,0.0,0.0,-4.961375e-06,0.1
49.79860780000001,0.0,0.0,-4.91065e-06,0.1
49.81037260000005,0.0,0.0,-4.861736e-06,0.1
49.82215030000003,0.0,0.0,-4.810904e-06,0.1
49.83383170000002,0.0,0.0,-4.763584e-06,0.1
49.84595580000001,0.0,0.0,-4.712782e-06,0.1
49.85813110000004,0.0,0.0,-4.662313e-06,0.1
49.87039060000001,0.0,0.0,-4.613977e-06,0.1
49.882810500000005,0.0,0.0,-4.562555e-06,0.1
49.895127700000046,0.0,0.0,-4.51608e-06,0.1
49.90722070000004,0.0,0.0,-4.470476e-06,0.1
49.91904790000001,0.0,0.0,-4.425097e-06,0.1
49.93070250000005,0.0,0.0,-4.3824e-06,0.1
49.942527900000016,0.0,0.0,-4.334942e-06,0.1
49.95461680000005,0.0,0.0,-4.291637e-06,0.1
49.96664500000003,0.0,0.0,-4.247856e-06,0.1
49.97866400000004,0.0,0.0,-4.203589e-06,0.1
49.99071200000003,0.0,0.0,-4.161591e-06,0.1
50.00285180000003,0.0,0.0,-4.116424e-06,0.1
50.014831500000014,0.0,0.0,-4.075441e-06,0.1
50.02682660000005,0.0,0.0,-4.034111e-06,0.1
50.038705400000026,0.0,0.0,-3.993238e-06,0.1
50.05064280000005,0.0,0.0,-3.953839e-06,0.1
50.062651800000026,0.0,0.0,-3.911046e-06,0.1
50.07454700000005,0.0,0.0,-3.87283e-06,0.1
50.08670310000002,0.0,0.0,-3.833145e-06,0.1
50.098805500000026,0.0,0.0,-3.793893e-06,0.1
50.11071530000004,0.0,0.0,-3.755945e-06,0.1
50.12269090000001,0.0,0.0,-3.716091e-06,0.1
50.13494300000002,0.0,0.0,-3.679393e-06,0.1
50.146695400000056,0.0,0.0,-3.64268e-06,0.1
50.158546400000034,0.0,0.0,-3.606055e-06,0.1
50.17047230000003,0.0,0.0,-3.570952e-06,0.1
50.18216690000003,0.0,0.0,-3.533968e-06,0.1
50.19401340000002,0.0,0.0,-3.500582e-06,0.1
50.206091000000015,0.0,0.0,-3.463326e-06,0.1
50.218268100000046,0.0,0.0,-3.427439e-06,0.1
50.23042510000005,0.0,0.0,-3.394049e-06,0.1
50.242660500000056,0.0,0.0,-3.356183e-06,0.1
50.254921800000034,0.0,0.0,-3.323381e-06,0.1
50.26718840000001,0.0,0.0,-3.289471e-06,0.1
50.279457200000024,0.0,0.0,-3.254851e-06,0.1
50.29163340000002,0.0,0.0,-3.223442e-06,0.1
50.304195600000014,0.0,0.0,-3.187966e-06,0.1
50.31626780000005,0.0,0.0,-3.155986e-06,0.1
50.32835800000004,0.0,0.0,-3.125045e-06,0.1
50.34054950000001,0.0,0.0,-3.092473e-06,0.1
50.35280700000004,0.0,0.0,-3.063174e-06,0.1
50.36497300000002,0.0,0.0,-3.02989e-06,0.1
50.376841400000046,0.0,0.0,-3.000813e-06,0.1
50.38829690000006,0.0,0.0,-2.972857e-06,0.1
50.399969200000044,0.0,0.0,-2.943706e-06,0.1
50.411571700000025,0.0,0.0,-2.917115e-06,0.1
50.423324500000035,0.0,0.0,-2.88547e-06,0.1
50.435086400000046,0.0,0.0,-2.859211e-06,0.1
50.44668610000002,0.0,0.0,-2.831479e-06,0.1
50.45858870000001,0.0,0.0,-2.80358e-06,0.1
50.47048140000004,0.0,0.0,-2.776866e-06,0.1
50.48243340000005,0.0,0.0,-2.746624e-06,0.1
50.494539100000054,0.0,0.0,-2.721096e-06,0.1
50.506857000000025,0.0,0.0,-2.693303e-06,0.1
50.51913110000004,0.0,0.0,-2.665783e-06,0.1
50.53129930000006,0.0,0.0,-2.640898e-06,0.1
50.54342310000004,0.0,0.0,-2.611665e-06,0.1
50.555571300000054,0.0,0.0,-2.586758e-06,0.1
50.567665000000034,0.0,0.0,-2.561538e-06,0.1
50.58056960000005,0.0,0.0,-2.533016e-06,0.1
50.59314390000003,2.0,2.0,0.0001796839,0.1
50.77266450000002,2.0,2.0,0.0001775635,0.1
50.78459260000005,2.0,2.0,0.0001755596,0.1
50.7961937,2.0,2.0,0.0001735952,0.1
50.807799300000056,2.0,2.0,0.0001715979,0.1
50.81942570000001,2.0,2.0,0.0001696731,0.1
50.831043400000055,2.0,2.0,0.000167762,0.1
50.842874300000005,2.0,2.0,0.0001658633,0.1
50.85457600000001,2.0,2.0,0.0001639613,0.1
50.86648520000006,2.0,2.0,0.0001620554,0.1
50.878655200000026,2.0,2.0,0.000160135,0.1
50.89083240000002,2.0,2.0,0.0001582613,0.1
50.90261460000005,2.0,2.0,0.0001565054,0.1
50.914356000000055,2.0,2.0,0.0001547342,0.1
50.926155900000026,2.0,2.0,0.0001529786,0.1
50.937908600000014,2.0,2.0,0.000151261,0.1
50.94957020000004,2.0,2.0,0.000149556,0.1
50.96135200000003,2.0,2.0,0.0001478475,0.1
50.97338270000006,2.0,2.0,0.0001461054,0.1
50.98555090000002,2.0,2.0,0.0001444073,0.1
50.99782600000003,2.0,2.0,0.0001426855,0.1
51.01016230000005,2.0,2.0,0.0001410132,0.1
51.02229980000004,2.0,2.0,0.0001393798,0.1
51.034472300000004,2.0,2.0,0.0001377574,0.1
51.046589900000015,2.0,2.0,0.0001361664,0.1
51.058752800000036,2.0,2.0,0.0001345753,0.1
51.07107690000004,2.0,2.0,0.0001329907,0.1
51.083383500000025,2.0,2.0,0.0001314284,0.1
51.095684800000015,2.0,2.0,0.0001298864,0.1
51.10820220000005,2.0,2.0,0.0001283181,0.1
51.120632200000045,2.0,2.0,0.0001268141,0.1
51.13281840000002,2.0,2.0,0.0001253398,0.1
51.14510930000006,2.0,2.0,0.0001238635,0.1
51.15726420000004,2.0,2.0,0.0001224296,0.1
51.16957990000003,2.0,2.0,0.0001210316,0.1
51.18133270000004,2.0,2.0,0.0001196899,0.1
51.193069500000036,2.0,2.0,0.0001183448,0.1
51.204885700000034,2.0,2.0,0.0001170198,0.1
51.21673290000001,2.0,2.0,0.0001156787,0.1
51.228822500000035,2.0,2.0,0.0001143538,0.1
51.240798600000005,2.0,2.0,0.0001130687,0.1
51.252555900000004,2.0,2.0,0.0001117984,0.1
51.26446580000004,2.0,2.0,0.000110544,0.1
51.27635330000004,2.0,2.0,0.0001092961,0.1
51.28821810000005,2.0,2.0,0.0001080656,0.1
51.300092800000016,2.0,2.0,0.0001068443,0.1
51.31208800000002,2.0,2.0,0.000105612,0.1
51.32433020000002,2.0,2.0,0.0001043837,0.1
51.336509000000035,2.0,2.0,0.0001031783,0.1
51.34882120000003,2.0,2.0,0.000101968,0.1
51.36101460000003,2.0,2.0,0.0001008045,0.1
51.37326280000002,2.0,2.0,9.176543e-05,0.1
51.47191400000003,2.0,2.0,9.071443e-05,0.1
51.483927600000015,2.0,2.0,8.968457e-05,0.1
51.496132800000055,2.0,2.0,8.864584e-05,0.1
51.508290300000056,2.0,2.0,8.763983e-05,0.1
51.52029670000002,2.0,2.0,8.663564e-05,0.1
51.53248670000005,2.0,2.0,8.564808e-05,0.1
51.54470330000004,2.0,2.0,8.465616e-05,0.1
51.55685870000002,2.0,2.0,8.369931e-05,0.1
51.56899660000005,2.0,2.0,8.273114e-05,0.1
51.58112060000002,2.0,2.0,8.180179e-05,0.1
51.59295690000005,2.0,2.0,8.090362e-05,0.1
51.604494800000055,2.0,2.0,8.002876e-05,0.1
51.61600900000002,2.0,2.0,7.916189e-05,0.1
51.62772400000006,2.0,2.0,7.828734e-05,0.1
51.63947780000001,2.0,2.0,7.741943e-05,0.1
51.65124460000004,2.0,2.0,7.656368e-05,0.1
51.66306290000006,2.0,2.0,7.571881e-05,0.1
51.67474550000003,2.0,2.0,7.487798e-05,0.1
51.6866746,2.0,2.0,7.400727e-05,0.1
51.69920490000004,2.0,2.0,7.315192e-05,0.1
51.71148660000006,2.0,2.0,7.23066e-05,0.1
51.72377570000003,2.0,2.0,7.147572e-05,0.1
51.73599810000002,2.0,2.0,7.066369e-05,0.1
51.74822180000001,2.0,2.0,6.984382e-05,0.1
51.76060090000004,2.0,2.0,6.903803e-05,0.1
51.77288920000001,2.0,2.0,6.824073e-05,0.1
51.78518650000001,2.0,2.0,6.745794e-05,0.1
51.797400100000004,2.0,2.0,6.669122e-05,0.1
51.80963440000005,2.0,2.0,6.592194e-05,0.1
51.82182710000001,2.0,2.0,6.517274e-05,0.1
51.83407330000006,2.0,2.0,6.442273e-05,0.1
51.846360800000014,2.0,2.0,6.36839e-05,0.1
51.858744400000035,2.0,2.0,6.294043e-05,0.1
51.87114010000005,2.0,2.0,6.221597e-05,0.1
51.883413700000006,2.0,2.0,6.150463e-05,0.1
51.895284600000025,2.0,2.0,6.083986e-05,0.1
51.90691750000002,2.0,2.0,6.017945e-05,0.1
51.91880800000001,2.0,2.0,5.951445e-05,0.1
51.930560900000046,2.0,2.0,5.886225e-05,0.1
51.942272900000034,2.0,2.0,5.821234e-05,0.1
51.95391840000002,2.0,2.0,5.757564e-05,0.1
51.96577890000003,2.0,2.0,5.693422e-05,0.1
51.97753250000005,2.0,2.0,5.632198e-05,0.1
51.98906100000005,2.0,2.0,5.571577e-05,0.1
52.00056620000004,2.0,2.0,5.512044e-05,0.1
52.01206160000004,2.0,2.0,5.452656e-05,0.1
52.023514600000055,2.0,2.0,5.394948e-05,0.1
52.0349592,2.0,2.0,5.336971e-05,0.1
52.04644140000005,2.0,2.0,5.280011e-05,0.1
52.05792810000003,2.0,2.0,5.223615e-05,0.1
52.06937730000004,2.0,2.0,5.1679e-05,0.1
52.08085810000006,2.0,2.0,5.112622e-05,0.1
52.092309500000056,2.0,2.0,5.057763e-05,0.1
52.10410220000006,2.0,2.0,5.002512e-05,0.1
52.11569360000004,2.0,2.0,4.948572e-05,0.1
52.12720170000006,2.0,2.0,4.895624e-05,0.1
52.13871290000003,2.0,2.0,4.843398e-05,0.1
52.15022250000004,2.0,2.0,4.791458e-05,0.1
52.16171630000002,2.0,2.0,4.740588e-05,0.1
52.17321860000004,2.0,2.0,4.689367e-05,0.1
52.18499870000005,2.0,2.0,4.638721e-05,0.1
52.196479700000054,2.0,2.0,4.588907e-05,0.1
52.20800270000001,2.0,2.0,4.53965e-05,0.1
52.21955250000002,2.0,2.0,4.491086e-05,0.1
52.23105480000004,2.0,2.0,4.443053e-05,0.1
52.242547900000034,2.0,2.0,4.396033e-05,0.1
52.254059100000006,2.0,2.0,4.348718e-05,0.1
52.26561740000005,2.0,2.0,4.302294e-05,0.1
52.27717700000005,2.0,2.0,4.256112e-05,0.1
52.28876740000004,2.0,2.0,4.210511e-05,0.1
52.30027000000001,2.0,2.0,4.16571e-05,0.1
52.311732000000006,2.0,2.0,4.121528e-05,0.1
52.32317410000002,2.0,2.0,4.078035e-05,0.1
52.33469000000002,2.0,2.0,4.034283e-05,0.1
52.34618710000001,2.0,2.0,3.99163e-05,0.1
52.35768730000001,2.0,2.0,3.949069e-05,0.1
52.36914820000004,2.0,2.0,3.907091e-05,0.1
52.38088990000006,2.0,2.0,3.864644e-05,0.1
52.39258940000002,2.0,2.0,3.822637e-05,0.1
52.40436790000001,2.0,2.0,3.78136e-05,0.1
52.416080100000045,2.0,2.0,3.740107e-05,0.1
52.42785130000004,2.0,2.0,3.699696e-05,0.1
52.439453000000015,2.0,2.0,3.659732e-05,0.1
52.45137440000002,2.0,2.0,3.618843e-05,0.1
52.46353490000001,2.0,2.0,3.57814e-05,0.1
52.475657100000035,2.0,2.0,3.538109e-05,0.1
52.487739300000044,2.0,2.0,3.498483e-05,0.1
52.50002820000003,2.0,2.0,3.458423e-05,0.1
52.51236740000002,2.0,2.0,3.419386e-05,0.1
52.52466190000001,2.0,2.0,3.380963e-05,0.1
52.536769400000026,2.0,2.0,3.343116e-05,0.1
52.54892510000002,2.0,2.0,3.305784e-05,0.1
52.56103460000003,2.0,2.0,3.26854e-05,0.1
52.573431200000016,2.0,2.0,3.231029e-05,0.1
52.585846100000026,2.0,2.0,3.194461e-05,0.1
52.59815320000001,2.0,2.0,3.158285e-05,0.1
52.61019150000004,2.0,2.0,3.124269e-05,0.1
52.62188040000001,2.0,2.0,3.090888e-05,0.1
52.63367490000002,2.0,2.0,3.057059e-05,0.1
52.645465700000045,2.0,2.0,3.024287e-05,0.1
52.657217,2.0,2.0,2.991479e-05,0.1
52.66890700000005,2.0,2.0,2.959394e-05,0.1
52.68070850000004,2.0,2.0,2.92742e-05,0.1
52.69243510000001,2.0,2.0,2.895577e-05,0.1
52.70422160000004,2.0,2.0,2.864047e-05,0.1
52.716440600000055,2.0,2.0,2.831535e-05,0.1
52.72869830000002,2.0,2.0,2.79967e-05,0.1
52.74097500000005,2.0,2.0,2.768182e-05,0.1
52.753228200000024,2.0,2.0,2.736888e-05,0.1
52.76550900000001,2.0,2.0,2.705407e-05,0.1
52.77819450000004,2.0,2.0,2.674868e-05,0.1
52.790498000000014,2.0,2.0,2.644633e-05,0.1
52.80274430000003,2.0,2.0,2.615143e-05,0.1
52.814883200000054,2.0,2.0,2.585918e-05,0.1
52.82688470000005,2.0,2.0,2.556787e-05,0.1
52.83916300000004,2.0,2.0,2.529828e-05,0.1
52.850840300000016,2.0,2.0,2.502598e-05,0.1
52.86238400000002,2.0,2.0,2.476311e-05,0.1
52.87413490000006,2.0,2.0,2.449692e-05,0.1
52.88576410000002,2.0,2.0,2.423595e-05,0.1
52.897582500000055,2.0,2.0,2.39749e-05,0.1
52.909117500000036,2.0,2.0,2.372204e-05,0.1
52.92085990000004,2.0,2.0,2.346678e-05,0.1
52.93263740000003,2.0,2.0,2.321344e-05,0.1
52.94439990000001,2.0,2.0,2.296863e-05,0.1
52.95610260000001,2.0,2.0,2.272049e-05,0.1
52.96795980000002,2.0,2.0,2.247088e-05,0.1
52.98011960000002,2.0,2.0,2.221909e-05,0.1
52.992524900000035,2.0,2.0,2.197017e-05,0.1
53.00464450000004,2.0,2.0,2.172718e-05,0.1
53.01677520000004,2.0,2.0,2.148701e-05,0.1
53.02904320000005,2.0,2.0,2.124546e-05,0.1
53.04113670000004,2.0,2.0,2.101293e-05,0.1
53.052986600000054,2.0,2.0,2.078894e-05,0.1
53.06477610000002,2.0,2.0,2.0572e-05,0.1
53.076260400000024,2.0,2.0,2.035379e-05,0.1
53.088044600000046,2.0,2.0,2.013756e-05,0.1
53.09965970000002,2.0,2.0,1.992278e-05,0.1
53.11131220000004,2.0,2.0,1.971346e-05,0.1
53.12292340000005,2.0,2.0,1.95068e-05,0.1
53.13469530000003,2.0,2.0,1.929101e-05,0.1
53.14676810000003,2.0,2.0,1.90786e-05,0.1
53.15893520000003,2.0,2.0,1.886952e-05,0.1
53.17120270000004,2.0,2.0,1.86578e-05,0.1
53.18336690000001,2.0,2.0,1.84534e-05,0.1
53.19569670000004,2.0,2.0,1.824591e-05,0.1
53.20793800000001,2.0,2.0,1.802946e-05,0.1
53.220969000000025,2.0,2.0,1.782267e-05,0.1
53.233389800000054,2.0,2.0,1.763583e-05,0.1
53.24487450000004,2.0,2.0,1.745573e-05,0.1
53.25654320000001,2.0,2.0,1.726863e-05,0.1
53.26807020000001,2.0,2.0,1.708985e-05,0.1
53.27977890000005,2.0,2.0,1.690753e-05,0.1
53.29157360000005,2.0,2.0,1.672664e-05,0.1
53.30332660000005,2.0,2.0,1.655118e-05,0.1
53.31514390000001,2.0,2.0,1.637341e-05,0.1
53.326619100000016,2.0,2.0,1.620525e-05,0.1
53.33828630000005,2.0,2.0,1.603332e-05,0.1
53.35009050000002,2.0,2.0,1.585846e-05,0.1
53.36220100000003,2.0,2.0,1.568519e-05,0.1
53.37448390000003,2.0,2.0,1.550782e-05,0.1
53.386937800000055,2.0,2.0,1.533509e-05,0.1
53.399436800000046,2.0,2.0,1.516249e-05,0.1
53.411998100000005,2.0,2.0,1.498857e-05,0.1
53.424332400000026,2.0,2.0,1.482746e-05,0.1
53.43667220000003,2.0,2.0,1.46615e-05,0.1
53.44897450000002,2.0,2.0,1.449929e-05,0.1
53.461280800000054,2.0,2.0,1.433917e-05,0.1
53.473590400000035,2.0,2.0,1.417895e-05,0.1
53.48570990000002,2.0,2.0,1.402976e-05,0.1
53.49780900000002,2.0,2.0,1.387471e-05,0.1
53.510114000000044,2.0,2.0,1.372053e-05,0.1
53.522224300000005,2.0,2.0,1.357298e-05,0.1
53.53450940000005,2.0,2.0,1.342084e-05,0.1
53.54692300000005,2.0,2.0,1.327304e-05,0.1
53.55918270000001,2.0,2.0,1.31273e-05,0.1
53.57146300000005,2.0,2.0,1.29825e-05,0.1
53.583727200000055,2.0,2.0,1.284071e-05,0.1
53.595982900000024,2.0,2.0,1.269951e-05,0.1
53.608056300000044,2.0,2.0,1.256e-05,0.1
53.620509800000036,2.0,2.0,1.242207e-05,0.1
53.63281760000001,2.0,2.0,1.22838e-05,0.1
53.64506490000002,2.0,2.0,1.215244e-05,0.1
53.657272300000045,2.0,2.0,1.201823e-05,0.1
53.66964870000004,2.0,2.0,1.188466e-05,0.1
53.68207220000005,2.0,2.0,1.175405e-05,0.1
53.694394000000045,2.0,2.0,1.162303e-05,0.1
53.70670320000005,2.0,2.0,1.14978e-05,0.1
53.718933700000036,2.0,2.0,1.137214e-05,0.1
53.731273000000044,2.0,2.0,1.124604e-05,0.1
53.74359450000003,2.0,2.0,1.112445e-05,0.1
53.75593180000004,2.0,2.0,1.100124e-05,0.1
53.76868110000004,2.0,2.0,1.087915e-05,0.1
53.780568800000026,2.0,2.0,1.076209e-05,0.1
53.79283360000005,2.0,2.0,1.06432e-05,0.1
53.80505360000001,2.0,2.0,1.05299e-05,0.1
53.81737290000001,2.0,2.0,1.041462e-05,0.1
53.82970910000006,2.0,2.0,1.029734e-05,0.1
53.842475200000024,2.0,2.0,1.018188e-05,0.1
53.85495000000003,2.0,2.0,1.006928e-05,0.1
53.86713890000004,2.0,2.0,9.190299e-06,0.1
53.96963020000004,2.0,2.0,9.090071e-06,0.1
53.98180380000002,2.0,2.0,8.992556e-06,0.1
53.99410960000006,2.0,2.0,8.894307e-06,0.1
54.00639620000004,2.0,2.0,8.799106e-06,0.1
54.01872930000002,2.0,2.0,8.70434e-06,0.1
54.03100310000002,2.0,2.0,8.609634e-06,0.1
54.04317130000004,2.0,2.0,8.51819e-06,0.1
54.055349600000056,2.0,2.0,8.424848e-06,0.1
54.06768200000005,2.0,2.0,8.334604e-06,0.1
54.08000880000003,2.0,2.0,8.244883e-06,0.1
54.09246780000001,2.0,2.0,8.153513e-06,0.1
54.10479360000005,2.0,2.0,8.067133e-06,0.1
54.11723540000003,2.0,2.0,7.979568e-06,0.1
54.12953620000002,2.0,2.0,7.891978e-06,0.1
54.14189750000003,2.0,2.0,7.807169e-06,0.1
54.15411650000004,2.0,2.0,7.721176e-06,0.1
54.166490200000055,2.0,2.0,7.640102e-06,0.1
54.179893900000025,2.0,2.0,7.551099e-06,0.1
54.19210680000003,2.0,2.0,7.4693e-06,0.1
54.20434510000001,2.0,2.0,7.39142e-06,0.1
54.21668570000003,2.0,2.0,7.31039e-06,0.1
54.228992500000004,2.0,2.0,7.232149e-06,0.1
54.24107270000002,2.0,2.0,7.156171e-06,0.1
54.25309020000003,2.0,2.0,7.080793e-06,0.1
54.26510480000002,2.0,2.0,7.009633e-06,0.1
54.27699720000004,2.0,2.0,6.935666e-06,0.1
54.28883110000004,2.0,2.0,6.864238e-06,0.1
54.30068320000004,2.0,2.0,6.793944e-06,0.1
54.31257870000002,2.0,2.0,6.722447e-06,0.1
54.324606200000005,2.0,2.0,6.653475e-06,0.1
54.33679090000004,2.0,2.0,6.581081e-06,0.1
54.349084500000004,2.0,2.0,6.511199e-06,0.1
54.36121370000001,2.0,2.0,6.442776e-06,0.1
54.37356850000003,2.0,2.0,6.37238e-06,0.1
54.38584850000001,2.0,2.0,6.307454e-06,0.1
54.39815100000004,2.0,2.0,6.239553e-06,0.1
54.41042390000001,2.0,2.0,6.172902e-06,0.1
54.42272380000003,2.0,2.0,6.107215e-06,0.1
54.435094700000036,2.0,2.0,6.040209e-06,0.1
54.44738190000004,2.0,2.0,5.978252e-06,0.1
54.45950780000004,2.0,2.0,5.915746e-06,0.1
54.471835200000044,2.0,2.0,5.852101e-06,0.1
54.48396680000002,2.0,2.0,5.792262e-06,0.1
54.49625640000005,2.0,2.0,5.72932e-06,0.1
54.50834430000003,2.0,2.0,5.670773e-06,0.1
54.520468300000005,2.0,2.0,5.611563e-06,0.1
54.532763800000055,2.0,2.0,5.550949e-06,0.1
54.54506670000001,2.0,2.0,5.495272e-06,0.1
54.55735400000003,2.0,2.0,5.435988e-06,0.1
54.569594300000006,2.0,2.0,5.378666e-06,0.1
54.58182580000005,2.0,2.0,5.322519e-06,0.1
54.59400040000003,2.0,2.0,5.265256e-06,0.1
54.60586890000002,2.0,2.0,5.216794e-06,0.1
54.617613800000015,2.0,2.0,5.162879e-06,0.1
54.62936080000003,2.0,2.0,5.111129e-06,0.1
54.64111740000004,2.0,2.0,5.059598e-06,0.1
54.65283820000002,2.0,2.0,5.008174e-06,0.1
54.66457700000001,2.0,2.0,4.959576e-06,0.1
54.67633810000001,2.0,2.0,4.907132e-06,0.1
54.68853630000001,2.0,2.0,4.85677e-06,0.1
54.70063010000001,2.0,2.0,4.808298e-06,0.1
54.71223330000004,2.0,2.0,4.760096e-06,0.1
54.72399710000002,2.0,2.0,4.714106e-06,0.1
54.73595540000002,2.0,2.0,4.663382e-06,0.1
54.74800710000005,2.0,2.0,4.616597e-06,0.1
54.76021390000005,2.0,2.0,4.568679e-06,0.1
54.772379700000045,2.0,2.0,4.520586e-06,0.1
54.78456560000001,2.0,2.0,4.476074e-06,0.1
54.79678960000001,2.0,2.0,4.428238e-06,0.1
54.809068600000046,2.0,2.0,4.382337e-06,0.1
54.821342000000016,2.0,2.0,4.337273e-06,0.1
54.83362140000003,2.0,2.0,4.29071e-06,0.1
54.84590270000001,2.0,2.0,4.249198e-06,0.1
54.85799910000003,2.0,2.0,4.204901e-06,0.1
54.87018360000002,2.0,2.0,4.161313e-06,0.1
54.88202260000003,2.0,2.0,4.121419e-06,0.1
54.893780700000036,2.0,2.0,4.07923e-06,0.1
54.90548960000001,2.0,2.0,4.041957e-06,0.1
54.917277600000034,2.0,2.0,3.999931e-06,0.1
54.92894640000003,2.0,2.0,3.960947e-06,0.1
54.94073350000002,2.0,2.0,3.922436e-06,0.1
54.95246900000001,2.0,2.0,3.882809e-06,0.1
54.96449140000004,2.0,2.0,3.844226e-06,0.1
54.976787400000035,2.0,2.0,3.803084e-06,0.1
54.9889531,2.0,2.0,3.765048e-06,0.1
55.001377500000046,2.0,2.0,3.725894e-06,0.1
55.01376460000006,2.0,2.0,3.685494e-06,0.1
55.026089100000036,2.0,2.0,3.651193e-06,0.1
55.03854030000002,2.0,2.0,3.612485e-06,0.1
55.05093810000005,2.0,2.0,3.573838e-06,0.1
55.06349020000005,2.0,2.0,3.538163e-06,0.1
55.075752900000055,2.0,2.0,3.500028e-06,0.1
55.08801500000004,2.0,2.0,3.465778e-06,0.1
55.100598200000036,2.0,2.0,3.429663e-06,0.1
55.11304660000002,2.0,2.0,3.393003e-06,0.1
55.12549070000006,2.0,2.0,3.361474e-06,0.1
55.13770210000001,2.0,2.0,3.326246e-06,0.1
55.149996300000055,2.0,2.0,3.292114e-06,0.1
55.16213920000001,2.0,2.0,3.259559e-06,0.1
55.17422720000002,2.0,2.0,3.225307e-06,0.1
55.186566400000004,2.0,2.0,3.195351e-06,0.1
55.19886690000004,2.0,2.0,3.162069e-06,0.1
55.211175300000036,2.0,2.0,3.129537e-06,0.1
55.223428600000034,2.0,2.0,3.098754e-06,0.1
55.235878000000014,2.0,2.0,3.064416e-06,0.1
55.24831730000005,2.0,2.0,3.035137e-06,0.1
55.26079940000005,2.0,2.0,3.004453e-06,0.1
55.27308770000002,2.0,2.0,2.973133e-06,0.1
55.284990600000015,2.0,2.0,2.947222e-06,0.1
55.29668280000004,2.0,2.0,2.916485e-06,0.1
55.30848430000003,2.0,2.0,2.889889e-06,0.1
55.32007130000005,2.0,2.0,2.862894e-06,0.1
55.33185740000005,2.0,2.0,2.83507e-06,0.1
55.343623000000036,2.0,2.0,2.808677e-06,0.1
55.35525820000004,2.0,2.0,2.779892e-06,0.1
55.36684290000005,2.0,2.0,2.756893e-06,0.1
55.378430200000025,2.0,2.0,2.729747e-06,0.1
55.38997720000003,2.0,2.0,2.703864e-06,0.1
55.401780900000006,2.0,2.0,2.678007e-06,0.1
55.41351990000004,2.0,2.0,2.651897e-06,0.1
55.425148000000036,2.0,2.0,2.629061e-06,0.1
55.43681060000006,2.0,2.0,2.601695e-06,0.1
55.448702000000026,2.0,2.0,2.577676e-06,0.1
55.46095230000003,2.0,2.0,2.552418e-06,0.1
55.473131900000055,2.0,2.0,2.526305e-06,0.1
55.48539280000006,2.0,2.0,2.503926e-06,0.1
55.49773870000001,2.0,2.0,2.477652e-06,0.1
55.51013560000001,2.0,2.0,2.453223e-06,0.1
55.52242290000004,2.0,2.0,2.429329e-06,0.1
55.53476450000005,2.0,2.0,2.403251e-06,0.1
55.54702690000005,2.0,2.0,2.381842e-06,0.1
55.55942900000002,2.0,2.0,2.35804e-06,0.1
55.57158840000005,2.0,2.0,2.335026e-06,0.1
55.58380230000006,2.0,2.0,2.313291e-06,0.1
55.59607030000001,2.0,2.0,2.288179e-06,0.1
55.60836320000004,2.0,2.0,2.267384e-06,0.1
55.62081630000006,2.0,2.0,2.24527e-06,0.1
55.633172100000024,2.0,2.0,2.222523e-06,0.1
55.645304700000054,2.0,2.0,2.203666e-06,0.1
55.657526700000005,0.0,0.0,-0.0001922671,0.1
55.8371429,0.0,0.0,-0.0001899081,0.1
55.84951460000002,0.0,0.0,-0.0001874935,0.1
55.862651200000016,0.0,0.0,-0.0001849645,0.1
55.87619940000002,0.0,0.0,-0.000182701,0.1
55.88872660000004,0.0,0.0,-0.0001804408,0.1
55.90100180000002,0.0,0.0,-0.00017839,0.1
55.91274560000005,0.0,0.0,-0.0001763522,0.1
55.924272900000005,0.0,0.0,-0.000174388,0.1
55.935760000000016,0.0,0.0,-0.000172446,0.1
55.9474548,0.0,0.0,-0.000170475,0.1
55.959405100000026,0.0,0.0,-0.0001684563,0.1
55.97149350000001,0.0,0.0,-0.0001664419,0.1
55.98380490000005,0.0,0.0,-0.0001645542,0.1
55.995271900000034,0.0,0.0,-0.0001627431,0.1
56.00671600000004,0.0,0.0,-0.0001609427,0.1
56.01830750000005,0.0,0.0,-0.0001591455,0.1
56.03002060000006,0.0,0.0,-0.0001573401,0.1
56.04179400000004,0.0,0.0,-0.0001555654,0.1
56.05352140000002,0.0,0.0,-0.0001537969,0.1
56.06509630000005,0.0,0.0,-0.0001521072,0.1
56.076790700000004,0.0,0.0,-0.0001503922,0.1
56.08853080000006,0.0,0.0,-0.0001486957,0.1
56.10026780000004,0.0,0.0,-0.00014702,0.1
56.11204240000001,0.0,0.0,-0.0001453623,0.1
56.12369400000006,0.0,0.0,-0.0001437361,0.1
56.135269300000004,0.0,0.0,-0.0001421172,0.1
56.14710760000003,0.0,0.0,-0.0001405288,0.1
56.15903910000003,0.0,0.0,-0.0001388756,0.1
56.17135040000005,0.0,0.0,-0.0001372496,0.1
56.183623100000034,0.0,0.0,-0.0001356391,0.1
56.195774400000005,0.0,0.0,-0.0001340715,0.1
56.207863100000054,0.0,0.0,-0.0001325295,0.1
56.21969100000001,0.0,0.0,-0.0001310578,0.1
56.23171000000002,0.0,0.0,-0.0001295228,0.1
56.243833600000016,0.0,0.0,-0.0001280697,0.1
56.25543210000001,0.0,0.0,-0.0001266611,0.1
56.267128300000024,0.0,0.0,-0.0001252489,0.1
56.2788309,0.0,0.0,-0.0001238545,0.1
56.29035210000001,0.0,0.0,-0.0001224921,0.1
56.302052,0.0,0.0,-0.0001211222,0.1
56.31358850000004,0.0,0.0,-0.000119801,0.1
56.32532980000002,0.0,0.0,-0.0001184574,0.1
56.337066900000025,0.0,0.0,-0.0001171366,0.1
56.348833300000024,0.0,0.0,-0.0001158234,0.1
56.36039020000004,0.0,0.0,-0.0001145584,0.1
56.371946500000035,0.0,0.0,-0.000113293,0.1
56.38375270000006,0.0,0.0,-0.0001119943,0.1
56.395990100000006,0.0,0.0,-0.0001106938,0.1
56.40825010000003,0.0,0.0,-0.0001094043,0.1
56.42054650000006,0.0,0.0,-0.000108125,0.1
56.432893000000035,0.0,0.0,-0.0001068654,0.1
56.44515630000001,0.0,0.0,-0.0001056284,0.1
56.45735430000002,0.0,0.0,-0.0001044052,0.1
56.46953410000003,0.0,0.0,-0.0001032057,0.1
56.481797900000004,0.0,0.0,-0.0001019985,0.1
56.494131700000025,0.0,0.0,-0.0001008161,0.1
56.506538800000044,0.0,0.0,-9.664657e-05,0.1
56.60543240000004,0.0,0.0,-9.547863e-05,0.1
56.61773230000006,0.0,0.0,-9.436119e-05,0.1
56.63002820000003,0.0,0.0,-9.324782e-05,0.1
56.64241980000003,0.0,0.0,-9.214614e-05,0.1
56.654907800000046,0.0,0.0,-9.104543e-05,0.1
56.66748180000002,0.0,0.0,-8.996623e-05,0.1
56.679844100000025,0.0,0.0,-8.891062e-05,0.1
56.69218920000003,0.0,0.0,-8.787247e-05,0.1
56.704641200000026,0.0,0.0,-8.683577e-05,0.1
56.71710360000003,0.0,0.0,-8.581099e-05,0.1
56.72955390000004,0.0,0.0,-8.480086e-05,0.1
56.74189080000002,0.0,0.0,-8.380798e-05,0.1
56.75438440000005,0.0,0.0,-8.282378e-05,0.1
56.76676210000005,0.0,0.0,-8.185511e-05,0.1
56.77920220000004,0.0,0.0,-8.089106e-05,0.1
56.79169170000006,0.0,0.0,-7.993933e-05,0.1
56.80407290000005,0.0,0.0,-7.901205e-05,0.1
56.816326600000025,0.0,0.0,-7.809695e-05,0.1
56.828794500000015,0.0,0.0,-7.717789e-05,0.1
56.84129010000004,0.0,0.0,-7.626913e-05,0.1
56.85361930000005,0.0,0.0,-7.538722e-05,0.1
56.86619170000006,0.0,0.0,-7.448609e-05,0.1
56.878669900000034,0.0,0.0,-7.361663e-05,0.1
56.89093660000003,0.0,0.0,-7.277868e-05,0.1
56.902744600000005,0.0,0.0,-7.199017e-05,0.1
56.91428990000003,0.0,0.0,-7.120958e-05,0.1
56.92599240000004,0.0,0.0,-7.042275e-05,0.1
56.93775350000004,0.0,0.0,-6.964803e-05,0.1
56.94947140000005,0.0,0.0,-6.888578e-05,0.1
56.960991500000034,0.0,0.0,-6.813586e-05,0.1
56.97271880000005,0.0,0.0,-6.738176e-05,0.1
56.98453490000003,0.0,0.0,-6.661513e-05,0.1
56.996798900000044,0.0,0.0,-6.58512e-05,0.1
57.008955000000014,0.0,0.0,-6.50954e-05,0.1
57.02123290000003,0.0,0.0,-6.434875e-05,0.1
57.0335407,0.0,0.0,-6.360244e-05,0.1
57.04580530000004,0.0,0.0,-6.2871e-05,0.1
57.058135400000026,0.0,0.0,-6.214869e-05,0.1
57.070379,0.0,0.0,-6.140927e-05,0.1
57.083109200000024,0.0,0.0,-6.070448e-05,0.1
57.095432200000005,0.0,0.0,-6.000628e-05,0.1
57.10775090000004,0.0,0.0,-5.931295e-05,0.1
57.11985910000004,0.0,0.0,-5.864412e-05,0.1
57.13209330000001,0.0,0.0,-5.797088e-05,0.1
57.14427790000002,0.0,0.0,-5.73106e-05,0.1
57.15653230000004,0.0,0.0,-5.665646e-05,0.1
57.168396900000005,0.0,0.0,-5.604281e-05,0.1
57.17988930000001,0.0,0.0,-5.543835e-05,0.1
57.19166760000002,0.0,0.0,-5.483162e-05,0.1
57.20342910000005,0.0,0.0,-5.423246e-05,0.1
57.21515320000003,0.0,0.0,-5.363301e-05,0.1
57.22719650000005,0.0,0.0,-5.301591e-05,0.1
57.23944690000002,0.0,0.0,-5.24107e-05,0.1
57.251530400000036,0.0,0.0,-5.182744e-05,0.1
57.263349000000005,0.0,0.0,-5.126216e-05,0.1
57.27515530000005,0.0,0.0,-5.070151e-05,0.1
57.28695460000006,0.0,0.0,-5.014061e-05,0.1
57.29868490000001,0.0,0.0,-4.959408e-05,0.1
57.31041730000004,0.0,0.0,-4.904861e-05,0.1
57.322212800000045,0.0,0.0,-4.850197e-05,0.1
57.334087400000044,0.0,0.0,-4.797717e-05,0.1
57.34597430000002,0.0,0.0,-4.743719e-05,0.1
57.357996300000025,0.0,0.0,-4.690744e-05,0.1
57.36990330000003,0.0,0.0,-4.639185e-05,0.1
57.38158660000005,0.0,0.0,-4.589255e-05,0.1
57.393056100000024,0.0,0.0,-4.540248e-05,0.1
57.40455920000005,0.0,0.0,-4.491766e-05,0.1
57.41601370000001,0.0,0.0,-4.44431e-05,0.1
57.427682900000036,0.0,0.0,-4.395407e-05,0.1
57.43941380000001,0.0,0.0,-4.347684e-05,0.1
57.45093340000005,0.0,0.0,-4.301341e-05,0.1
57.46264070000001,0.0,0.0,-4.254486e-05,0.1
57.474361000000044,0.0,0.0,-4.208197e-05,0.1
57.48611480000005,0.0,0.0,-4.161925e-05,0.1
57.49790750000005,0.0,0.0,-4.116933e-05,0.1
57.50971770000001,0.0,0.0,-4.070636e-05,0.1
57.52189380000004,0.0,0.0,-4.024479e-05,0.1
57.534126600000036,0.0,0.0,-3.978748e-05,0.1
57.54646840000004,0.0,0.0,-3.932616e-05,0.1
57.55881050000005,0.0,0.0,-3.887549e-05,0.1
57.57140270000002,0.0,0.0,-3.842394e-05,0.1
57.58384220000005,0.0,0.0,-3.798152e-05,0.1
57.59632560000006,0.0,0.0,-3.754525e-05,0.1
57.60856580000001,0.0,0.0,-3.71167e-05,0.1
57.62104870000002,0.0,0.0,-3.668614e-05,0.1
57.633573400000046,0.0,0.0,-3.626466e-05,0.1
57.64591070000006,0.0,0.0,-3.584933e-05,0.1
57.65814190000003,0.0,0.0,-3.544619e-05,0.1
57.670401500000025,0.0,0.0,-3.503997e-05,0.1
57.68292790000004,0.0,0.0,-3.463541e-05,0.1
57.69544520000005,0.0,0.0,-3.42371e-05,0.1
57.707942700000046,0.0,0.0,-3.383982e-05,0.1
57.72034540000004,0.0,0.0,-3.345301e-05,0.1
57.73321740000006,0.0,0.0,-3.305532e-05,0.1
57.745731300000045,0.0,0.0,-3.2673e-05,0.1
57.758191200000056,0.0,0.0,-3.229534e-05,0.1
57.770850800000005,0.0,0.0,-3.192234e-05,0.1
57.783207900000036,0.0,0.0,-3.155917e-05,0.1
57.79552950000004,0.0,0.0,-3.118859e-05,0.1
57.80797540000003,0.0,0.0,-3.085276e-05,0.1
57.819700700000055,0.0,0.0,-3.051999e-05,0.1
57.83136280000002,0.0,0.0,-3.019306e-05,0.1
57.842951700000015,0.0,0.0,-2.987189e-05,0.1
57.85468450000002,0.0,0.0,-2.954817e-05,0.1
57.86667500000004,0.0,0.0,-2.921214e-05,0.1
57.87892620000002,0.0,0.0,-2.888581e-05,0.1
57.89098740000003,0.0,0.0,-2.856941e-05,0.1
57.90282810000002,0.0,0.0,-2.825498e-05,0.1
57.914718600000015,0.0,0.0,-2.795304e-05,0.1
57.92638720000002,0.0,0.0,-2.765091e-05,0.1
57.93817580000001,0.0,0.0,-2.735281e-05,0.1
57.95015970000003,0.0,0.0,-2.704333e-05,0.1
57.962262200000055,0.0,0.0,-2.674321e-05,0.1
57.97448970000005,0.0,0.0,-2.644103e-05,0.1
57.98672510000006,0.0,0.0,-2.614573e-05,0.1
57.998950000000036,0.0,0.0,-2.585188e-05,0.1
58.01126270000003,0.0,0.0,-2.556028e-05,0.1
58.02351990000005,0.0,0.0,-2.527299e-05,0.1
58.035785100000055,0.0,0.0,-2.498839e-05,0.1
58.04794250000003,0.0,0.0,-2.470902e-05,0.1
58.06011950000004,0.0,0.0,-2.443232e-05,0.1
58.07231920000004,0.0,0.0,-2.416176e-05,0.1
58.08443890000001,0.0,0.0,-2.389263e-05,0.1
58.09669620000005,0.0,0.0,-2.362688e-05,0.1
58.10879240000003,0.0,0.0,-2.336065e-05,0.1
58.121071400000005,0.0,0.0,-2.310096e-05,0.1
58.133250100000055,0.0,0.0,-2.284421e-05,0.1
58.1454913,0.0,0.0,-2.258722e-05,0.1
58.15773260000003,0.0,0.0,-2.23368e-05,0.1
58.16986380000003,0.0,0.0,-2.209207e-05,0.1
58.181468300000006,0.0,0.0,-2.186007e-05,0.1
58.19320520000002,0.0,0.0,-2.162586e-05,0.1
58.20491610000005,0.0,0.0,-2.139336e-05,0.1
58.216404700000055,0.0,0.0,-2.117241e-05,0.1
58.228071700000044,0.0,0.0,-2.09443e-05,0.1
58.23973870000003,0.0,0.0,-2.07202e-05,0.1
58.251499300000035,0.0,0.0,-2.049525e-05,0.1
58.26361880000002,0.0,0.0,-2.026477e-05,0.1
58.27588590000005,0.0,0.0,-2.004168e-05,0.1
58.287964000000045,0.0,0.0,-1.981725e-05,0.1
58.30024160000005,0.0,0.0,-1.959632e-05,0.1
58.312345900000025,0.0,0.0,-1.938229e-05,0.1
58.324567400000035,0.0,0.0,-1.916582e-05,0.1
58.3366747,0.0,0.0,-1.895438e-05,0.1
58.349051100000054,0.0,0.0,-1.874086e-05,0.1
58.36118590000001,0.0,0.0,-1.853433e-05,0.1
58.373923500000046,0.0,0.0,-1.832735e-05,0.1
58.385586500000045,0.0,0.0,-1.813004e-05,0.1
58.39735660000002,0.0,0.0,-1.79388e-05,0.1
58.40911820000002,0.0,0.0,-1.774454e-05,0.1
58.42082560000006,0.0,0.0,-1.755757e-05,0.1
58.43240490000005,0.0,0.0,-1.737223e-05,0.1
58.444236500000045,0.0,0.0,-1.718225e-05,0.1
58.45639970000002,0.0,0.0,-1.699195e-05,0.1
58.46864380000005,0.0,0.0,-1.680054e-05,0.1
58.48092170000001,0.0,0.0,-1.661453e-05,0.1
58.49315560000002,0.0,0.0,-1.643076e-05,0.1
58.505259100000046,0.0,0.0,-1.624983e-05,0.1
58.517358400000035,0.0,0.0,-1.607468e-05,0.1
58.52952080000006,0.0,0.0,-1.589536e-05,0.1
58.54176780000006,0.0,0.0,-1.571893e-05,0.1
58.55393240000001,0.0,0.0,-1.55474e-05,0.1
58.565921400000036,0.0,0.0,-1.538127e-05,0.1
58.57764460000004,0.0,0.0,-1.522126e-05,0.1
58.589358300000015,0.0,0.0,-1.505741e-05,0.1
58.60097860000002,0.0,0.0,-1.489874e-05,0.1
58.61291570000003,0.0,0.0,-1.473948e-05,0.1
58.62475870000003,0.0,0.0,-1.45807e-05,0.1
58.63689270000003,0.0,0.0,-1.44193e-05,0.1
58.64906490000004,0.0,0.0,-1.425806e-05,0.1
58.661297400000024,0.0,0.0,-1.410045e-05,0.1
58.673637600000006,0.0,0.0,-1.394415e-05,0.1
58.685954400000014,0.0,0.0,-1.378847e-05,0.1
58.69837690000003,0.0,0.0,-1.36352e-05,0.1
58.710875300000055,0.0,0.0,-1.348125e-05,0.1
58.72332690000002,0.0,0.0,-1.332981e-05,0.1
58.735773300000005,0.0,0.0,-1.318272e-05,0.1
58.748070900000016,0.0,0.0,-1.303467e-05,0.1
58.760168400000055,0.0,0.0,-1.289467e-05,0.1
58.77240610000001,0.0,0.0,-1.275277e-05,0.1
58.78468890000005,0.0,0.0,-1.261204e-05,0.1
58.79694900000004,0.0,0.0,-1.247508e-05,0.1
58.809103600000014,0.0,0.0,-1.233673e-05,0.1
58.82140130000005,0.0,0.0,-1.220102e-05,0.1
58.83362570000003,0.0,0.0,-1.206743e-05,0.1
58.845799200000044,0.0,0.0,-1.19352e-05,0.1
58.857886500000006,0.0,0.0,-1.180873e-05,0.1
58.869959900000026,0.0,0.0,-1.167877e-05,0.1
58.88190380000003,0.0,0.0,-1.155556e-05,0.1
58.89346640000002,0.0,0.0,-1.1438e-05,0.1
58.90564920000003,0.0,0.0,-1.131118e-05,0.1
58.91745350000002,0.0,0.0,-1.11952e-05,0.1
58.92893350000003,0.0,0.0,-1.107692e-05,0.1
58.94080120000001,0.0,0.0,-1.096041e-05,0.1
58.95252620000002,0.0,0.0,-1.084588e-05,0.1
58.964245000000005,0.0,0.0,-1.073194e-05,0.1
58.975936800000056,0.0,0.0,-1.062146e-05,0.1
58.98767740000005,0.0,0.0,-1.05076e-05,0.1
58.99948890000002,0.0,0.0,-1.038263e-05,0.1
59.01398420000004,0.0,0.0,-1.026252e-05,0.1
59.02603170000003,0.0,0.0,-1.015113e-05,0.1
59.03808570000001,0.0,0.0,-1.004491e-05,0.1
59.050638700000036,0.0,0.0,-9.762533e-06,0.1
59.152647700000045,0.0,0.0,-9.660747e-06,0.1
59.16429830000004,0.0,0.0,-9.557782e-06,0.1
59.176202000000046,0.0,0.0,-9.455811e-06,0.1
59.18812230000003,0.0,0.0,-9.349023e-06,0.1
59.200321900000006,0.0,0.0,-9.248713e-06,0.1
59.21257570000006,0.0,0.0,-9.14684e-06,0.1
59.224818200000016,0.0,0.0,-9.045935e-06,0.1
59.236699300000055,0.0,0.0,-8.954849e-06,0.1
59.24835870000004,0.0,0.0,-8.858011e-06,0.1
59.259908800000005,0.0,0.0,-8.768407e-06,0.1
59.27163730000001,0.0,0.0,-8.676463e-06,0.1
59.28328190000002,0.0,0.0,-8.586759e-06,0.1
59.29499640000006,0.0,0.0,-8.496563e-06,0.1
59.307029500000056,0.0,0.0,-8.401844e-06,0.1
59.31937080000006,0.0,0.0,-8.311394e-06,0.1
59.33171790000006,0.0,0.0,-8.219519e-06,0.1
59.344133500000055,0.0,0.0,-8.128262e-06,0.1
59.35651390000004,0.0,0.0,-8.0406e-06,0.1
59.368840000000034,0.0,0.0,-7.950176e-06,0.1
59.38111310000005,0.0,0.0,-7.864715e-06,0.1
59.39353560000001,0.0,0.0,-7.779045e-06,0.1
59.405340000000024,0.0,0.0,-7.699884e-06,0.1
59.41701490000003,0.0,0.0,-7.621571e-06,0.1
59.428755000000024,0.0,0.0,-7.539496e-06,0.1
59.440483700000016,0.0,0.0,-7.462581e-06,0.1
59.45223580000004,0.0,0.0,-7.385972e-06,0.1
59.463855100000046,0.0,0.0,-7.308562e-06,0.1
59.475750500000004,0.0,0.0,-7.231692e-06,0.1
59.48787910000004,0.0,0.0,-7.1522e-06,0.1
59.500089100000025,0.0,0.0,-7.076399e-06,0.1
59.51224700000006,0.0,0.0,-7.000649e-06,0.1
59.524517900000035,0.0,0.0,-6.924893e-06,0.1
59.53680250000002,0.0,0.0,-6.851797e-06,0.1
59.548860700000034,0.0,0.0,-6.776729e-06,0.1
59.56090280000001,0.0,0.0,-6.705198e-06,0.1
59.573032900000044,0.0,0.0,-6.634519e-06,0.1
59.58533890000001,0.0,0.0,-6.562262e-06,0.1
59.597648700000036,0.0,0.0,-6.493959e-06,0.1
59.60997050000003,0.0,0.0,-6.421632e-06,0.1
59.62229300000001,0.0,0.0,-6.352765e-06,0.1
59.634553900000014,0.0,0.0,-6.284951e-06,0.1
59.64681820000004,0.0,0.0,-6.216018e-06,0.1
59.659100900000055,0.0,0.0,-6.151798e-06,0.1
59.67139690000005,0.0,0.0,-6.084731e-06,0.1
59.68344080000003,0.0,0.0,-6.020211e-06,0.1
59.69571510000003,0.0,0.0,-5.956976e-06,0.1
59.70795880000003,0.0,0.0,-5.89109e-06,0.1
59.72016050000002,0.0,0.0,-5.829245e-06,0.1
59.73249040000002,0.0,0.0,-5.766841e-06,0.1
59.744763000000034,0.0,0.0,-5.704601e-06,0.1
59.75722340000004,0.0,0.0,-5.645008e-06,0.1
59.76946110000006,0.0,0.0,-5.582082e-06,0.1
59.781811300000015,0.0,0.0,-5.522888e-06,0.1
59.79423250000002,0.0,0.0,-5.464417e-06,0.1
59.80648350000001,0.0,0.0,-5.405422e-06,0.1
59.818735000000004,0.0,0.0,-5.350598e-06,0.1
59.83087360000002,0.0,0.0,-5.292334e-06,0.1
59.84307080000002,0.0,0.0,-5.23644e-06,0.1
59.85536680000001,0.0,0.0,-5.181834e-06,0.1
59.867518200000006,0.0,0.0,-5.125225e-06,0.1
59.87973150000005,0.0,0.0,-5.072812e-06,0.1
59.89191440000002,0.0,0.0,-5.019551e-06,0.1
59.903933600000016,0.0,0.0,-4.968346e-06,0.1
59.915664900000024,0.0,0.0,-4.918852e-06,0.1
59.92757770000003,0.0,0.0,-4.866772e-06,0.1
59.93944190000002,0.0,0.0,-4.819708e-06,0.1
59.95101960000005,0.0,0.0,-4.769476e-06,0.1
59.962939500000005,0.0,0.0,-4.719647e-06,0.1
59.97497460000005,0.0,0.0,-4.670319e-06,0.1
59.987374300000056,0.0,0.0,-4.619276e-06,0.1
60.000103600000045,0.0,0.0,-4.560621e-06,0.1
60.01459940000001,0.0,0.0,-4.515736e-06,0.1
60.02654490000003,0.0,0.0,-4.468573e-06,0.1
60.03806100000003,0.0,0.0,-4.426681e-06,0.1
60.04964540000003,0.0,0.0,-4.379999e-06,0.1
60.06103630000001,0.0,0.0,-4.338315e-06,0.1
60.07254610000001,0.0,0.0,-4.295859e-06,0.1
60.083991800000035,0.0,0.0,-4.253555e-06,0.1
60.095460100000025,0.0,0.0,-4.213227e-06,0.1
60.10715940000006,0.0,0.0,-4.169081e-06,0.1
60.11894870000003,0.0,0.0,-4.13007e-06,0.1
60.130506000000025,0.0,0.0,-4.087079e-06,0.1
60.142263600000035,0.0,0.0,-4.046299e-06,0.1
60.15402270000004,0.0,0.0,-4.006337e-06,0.1
60.165774000000056,0.0,0.0,-3.965825e-06,0.1
60.17764730000005,0.0,0.0,-3.927527e-06,0.1
60.18953800000003,0.0,0.0,-3.884062e-06,0.1
60.201611600000035,0.0,0.0,-3.845729e-06,0.1
60.21364570000003,0.0,0.0,-3.807024e-06,0.1
60.22553940000006,0.0,0.0,-3.768506e-06,0.1
60.23759370000005,0.0,0.0,-3.731748e-06,0.1
60.24961160000004,0.0,0.0,-3.690657e-06,0.1
60.26166570000004,0.0,0.0,-3.654375e-06,0.1
60.27372200000002,0.0,0.0,-3.617681e-06,0.1
60.28557230000001,0.0,0.0,-3.580822e-06,0.1
60.29788970000004,0.0,0.0,-3.545272e-06,0.1
60.310175000000015,0.0,0.0,-3.506357e-06,0.1
60.32264530000003,0.0,0.0,-3.46993e-06,0.1
60.33490390000003,0.0,0.0,-3.434941e-06,0.1
60.34719240000004,0.0,0.0,-3.398482e-06,0.1
60.359630100000004,0.0,0.0,-3.364899e-06,0.1
60.37211950000005,0.0,0.0,-3.328386e-06,0.1
60.384586300000024,0.0,0.0,-3.293737e-06,0.1
60.39691910000005,0.0,0.0,-3.261215e-06,0.1
60.409352100000035,0.0,0.0,-3.224339e-06,0.1
60.421590500000036,0.0,0.0,-3.193155e-06,0.1
60.43360620000004,0.0,0.0,-3.162264e-06,0.1
60.44517910000002,0.0,0.0,-3.131519e-06,0.1
60.45693670000003,0.0,0.0,-3.102372e-06,0.1
60.46850150000006,0.0,0.0,-3.069788e-06,0.1
60.480237300000056,0.0,0.0,-3.041825e-06,0.1
60.491838400000006,0.0,0.0,-3.011673e-06,0.1
60.50351060000003,0.0,0.0,-2.981945e-06,0.1
60.515510500000005,0.0,0.0,-2.952572e-06,0.1
60.52776080000001,0.0,0.0,-2.921147e-06,0.1
60.53987420000004,0.0,0.0,-2.894152e-06,0.1
60.55208110000001,0.0,0.0,-2.863805e-06,0.1
60.5643675,0.0,0.0,-2.834269e-06,0.1
60.576578600000005,0.0,0.0,-2.807082e-06,0.1
60.58875640000002,0.0,0.0,-2.776347e-06,0.1
60.60085000000004,0.0,0.0,-2.750134e-06,0.1
60.61302570000004,0.0,0.0,-2.723077e-06,0.1
60.62519200000003,0.0,0.0,-2.695632e-06,0.1
60.63745490000002,0.0,0.0,-2.669682e-06,0.1
60.64969180000003,0.0,0.0,-2.639908e-06,0.1
60.661907600000006,0.0,0.0,-2.614496e-06,0.1
60.674211600000035,0.0,0.0,-2.588525e-06,0.1
60.68642250000005,0.0,0.0,-2.562665e-06,0.1
60.698379000000045,0.0,0.0,-2.539782e-06,0.1
60.69838040000002,2.0,2.0,0.0001654518,1.0
61.135225200000036,2.0,2.0,0.0001524274,1.0
61.21925670000002,2.0,2.0,0.0001406193,1.0
61.30305750000002,2.0,2.0,0.0001297123,1.0
61.38717030000004,2.0,2.0,0.0001196463,1.0
61.471418200000016,2.0,2.0,0.0001104175,1.0
61.55542280000003,2.0,2.0,0.0001019023,1.0
61.63983500000006,2.0,2.0,8.092151e-05,1.0
61.882168000000036,2.0,2.0,7.477419e-05,1.0
61.96596260000001,2.0,2.0,6.907422e-05,1.0
62.05024450000002,2.0,2.0,6.379707e-05,1.0
62.13441750000004,2.0,2.0,5.896781e-05,1.0
62.21839160000002,2.0,2.0,5.448802e-05,1.0
62.30263580000002,2.0,2.0,5.035251e-05,1.0
62.38684150000006,2.0,2.0,4.65443e-05,1.0
62.47074380000004,2.0,2.0,4.305411e-05,1.0
62.554557300000056,2.0,2.0,3.980878e-05,1.0
62.63868170000006,2.0,2.0,3.681652e-05,1.0
62.72285160000001,2.0,2.0,3.4049e-05,1.0
62.80728050000005,2.0,2.0,3.148819e-05,1.0
62.891485500000044,2.0,2.0,2.914313e-05,1.0
62.974990100000014,2.0,2.0,2.698421e-05,1.0
63.05894820000003,2.0,2.0,2.496694e-05,1.0
63.14347430000004,2.0,2.0,2.310227e-05,1.0
63.228004000000055,2.0,2.0,2.138108e-05,1.0
63.31197510000004,2.0,2.0,1.980957e-05,1.0
63.39552450000002,2.0,2.0,1.835622e-05,1.0
63.47905700000001,2.0,2.0,1.701252e-05,1.0
63.562571400000024,2.0,2.0,1.577085e-05,1.0
63.646069100000034,2.0,2.0,1.462244e-05,1.0
63.72980770000004,2.0,2.0,1.355732e-05,1.0
63.813764700000036,2.0,2.0,1.256609e-05,1.0
63.89762900000005,2.0,2.0,1.165816e-05,1.0
63.98120490000002,2.0,2.0,1.081791e-05,1.0
64.06490180000003,2.0,2.0,1.003924e-05,1.0
64.14875930000005,2.0,2.0,8.066409e-06,1.0
64.39497790000001,2.0,2.0,7.492667e-06,1.0
64.47856090000005,2.0,2.0,6.96358e-06,1.0
64.56231070000001,2.0,2.0,6.472787e-06,1.0
64.64625020000005,2.0,2.0,6.016046e-06,1.0
64.73042960000004,2.0,2.0,5.592647e-06,1.0
64.81488570000005,2.0,2.0,5.200058e-06,1.0
64.89908120000001,2.0,2.0,4.83966e-06,1.0
64.98269020000004,2.0,2.0,4.506474e-06,1.0
65.06637540000003,2.0,2.0,4.197593e-06,1.0
65.15043070000002,2.0,2.0,3.908728e-06,1.0
65.23479490000005,2.0,2.0,3.641796e-06,1.0
65.31920230000003,2.0,2.0,3.394176e-06,1.0
65.40367360000005,2.0,2.0,3.164525e-06,1.0
65.48810450000002,2.0,2.0,2.952218e-06,1.0
65.57236490000003,2.0,2.0,2.756541e-06,1.0
65.65641830000004,2.0,2.0,2.574211e-06,1.0
65.74053120000002,2.0,2.0,2.4065e-06,1.0
65.82426840000005,0.0,0.0,-0.0001767519,1.0
66.21978290000004,0.0,0.0,-0.0001628591,1.0
66.30345830000005,0.0,0.0,-0.0001501559,1.0
66.38742460000003,0.0,0.0,-0.0001384351,1.0
66.47180870000005,0.0,0.0,-0.0001276436,1.0
66.55655600000006,0.0,0.0,-0.0001177205,1.0
66.64061960000004,0.0,0.0,-0.0001086549,1.0
66.72463770000002,0.0,0.0,-0.0001002602,1.0
66.80910710000006,0.0,0.0,-8.371306e-05,1.0
67.05160640000003,0.0,0.0,-7.727578e-05,1.0
67.13550190000007,0.0,0.0,-7.132954e-05,1.0
67.22010450000005,0.0,0.0,-6.585204e-05,1.0
67.30428120000005,0.0,0.0,-6.085221e-05,1.0
67.38805170000006,0.0,0.0,-5.623622e-05,1.0
67.47223040000006,0.0,0.0,-5.194339e-05,1.0
67.55637510000003,0.0,0.0,-4.802476e-05,1.0
67.64008460000002,0.0,0.0,-4.440342e-05,1.0
67.72396660000004,0.0,0.0,-4.104159e-05,1.0
67.80843480000004,0.0,0.0,-3.793263e-05,1.0
67.89257590000005,0.0,0.0,-3.508697e-05,1.0
67.97662120000001,0.0,0.0,-3.24464e-05,1.0
68.06083940000002,0.0,0.0,-2.999278e-05,1.0
68.14548600000006,0.0,0.0,-2.775505e-05,1.0
68.22905390000005,0.0,0.0,-2.569435e-05,1.0
68.31296020000002,0.0,0.0,-2.377466e-05,1.0
68.39717540000004,0.0,0.0,-2.200721e-05,1.0
68.48105300000003,0.0,0.0,-2.03795e-05,1.0
68.56521430000004,0.0,0.0,-1.885717e-05,1.0
68.64952520000003,0.0,0.0,-1.746734e-05,1.0
68.73348510000005,0.0,0.0,-1.617497e-05,1.0
68.81760030000004,0.0,0.0,-1.498788e-05,1.0
68.90136800000005,0.0,0.0,-1.389126e-05,1.0
68.98546690000006,0.0,0.0,-1.286949e-05,1.0
69.06933450000002,0.0,0.0,-1.193475e-05,1.0
69.15284580000002,0.0,0.0,-1.105731e-05,1.0
69.23767480000004,0.0,0.0,-1.025954e-05,1.0
69.32110680000005,0.0,0.0,-8.71445e-06,1.0
69.56692290000007,0.0,0.0,-8.083822e-06,1.0
69.65045140000007,0.0,0.0,-7.503234e-06,1.0
69.73400980000002,0.0,0.0,-6.967229e-06,1.0
69.81753950000001,0.0,0.0,-6.471894e-06,1.0
69.90117400000003,0.0,0.0,-6.012974e-06,1.0
69.98467390000002,0.0,0.0,-5.589077e-06,1.0
70.06822570000003,0.0,0.0,-5.196782e-06,1.0
70.15187360000004,0.0,0.0,-4.833214e-06,1.0
70.23545970000004,0.0,0.0,-4.49665e-06,1.0
70.31900150000001,0.0,0.0,-4.185303e-06,1.0
70.40275730000002,0.0,0.0,-3.896273e-06,1.0
70.51607350000006,0.0,0.0,-3.539008e-06,1.0
70.59959020000002,0.0,0.0,-3.298472e-06,1.0
70.68308840000003,0.0,0.0,-3.075586e-06,1.0
70.76650070000005,0.0,0.0,-2.869045e-06,1.0
70.84996740000003,2.0,2.0,0.0001652182,1.0
71.24532790000006,2.0,2.0,0.0001523554,1.0
71.32913260000004,2.0,2.0,0.0001405146,1.0
71.41309280000002,2.0,2.0,0.0001295783,1.0
71.49725350000006,2.0,2.0,0.0001195368,1.0
71.58141510000002,2.0,2.0,0.0001103087,1.0
71.66525150000001,2.0,2.0,0.0001018544,1.0
71.74918040000006,2.0,2.0,8.093251e-05,1.0
71.99150050000003,2.0,2.0,7.473506e-05,1.0
72.07559710000004,2.0,2.0,6.904009e-05,1.0
72.15941850000002,2.0,2.0,6.381601e-05,1.0
72.24318830000004,2.0,2.0,5.898554e-05,1.0
72.32694530000003,2.0,2.0,5.451249e-05,1.0
72.41084370000004,2.0,2.0,5.040982e-05,1.0
72.49456250000003,2.0,2.0,4.661018e-05,1.0
72.57851610000006,2.0,2.0,4.309199e-05,1.0
72.66267230000005,2.0,2.0,3.984385e-05,1.0
72.74674510000006,2.0,2.0,3.686027e-05,1.0
72.83072960000004,2.0,2.0,3.408682e-05,1.0
72.91483390000002,2.0,2.0,3.15414e-05,1.0
72.99865340000002,2.0,2.0,2.918416e-05,1.0
73.08271920000004,2.0,2.0,2.700616e-05,1.0
73.16678160000004,2.0,2.0,2.500284e-05,1.0
73.25065670000004,2.0,2.0,2.314304e-05,1.0
73.33550060000005,2.0,2.0,2.14112e-05,1.0
73.41988780000003,2.0,2.0,1.981808e-05,1.0
73.50415080000005,2.0,2.0,1.835371e-05,1.0
73.58829820000005,2.0,2.0,1.700002e-05,1.0
73.67262930000004,2.0,2.0,1.574753e-05,1.0
73.75648840000002,2.0,2.0,1.460082e-05,1.0
73.83997110000001,2.0,2.0,1.354019e-05,1.0
73.92353790000004,2.0,2.0,1.255841e-05,1.0
74.00708380000003,2.0,2.0,1.165057e-05,1.0
74.09063910000003,2.0,2.0,1.081042e-05,1.0
74.17414580000002,2.0,2.0,1.003395e-05,1.0
74.25765230000002,2.0,2.0,8.064499e-06,1.0
74.50395410000004,2.0,2.0,7.4873e-06,1.0
74.58826020000004,2.0,2.0,6.952961e-06,1.0
74.67251250000004,2.0,2.0,6.46238e-06,1.0
74.75635780000005,2.0,2.0,6.006126e-06,1.0
74.84041740000004,2.0,2.0,5.58518e-06,1.0
74.92438400000003,2.0,2.0,5.19618e-06,1.0
75.00819270000005,2.0,2.0,4.834649e-06,1.0
75.09226510000002,2.0,2.0,4.499517e-06,1.0
75.17611920000002,2.0,2.0,4.191134e-06,1.0
75.26005180000004,2.0,2.0,3.903392e-06,1.0
75.34418590000001,2.0,2.0,3.637351e-06,1.0
75.42812340000006,2.0,2.0,3.391902e-06,1.0
75.51195770000004,2.0,2.0,3.163036e-06,1.0
75.59629950000004,2.0,2.0,2.95071e-06,1.0
75.68044980000002,2.0,2.0,2.754218e-06,1.0
75.76461880000005,2.0,2.0,2.572321e-06,1.0
75.84867140000006,2.0,2.0,2.404387e-06,1.0
75.93266080000006,0.0,0.0,-0.0001767566,1.0
76.32844780000005,0.0,0.0,-0.0001627293,1.0
76.41273640000003,0.0,0.0,-0.0001499694,1.0
76.49710480000005,0.0,0.0,-0.0001382731,1.0
76.58128850000003,0.0,0.0,-0.0001275293,1.0
76.66554920000004,0.0,0.0,-0.000117638,1.0
76.74977980000006,0.0,0.0,-0.0001085401,1.0
76.83386270000005,0.0,0.0,-0.0001000904,1.0
76.91915730000005,0.0,0.0,-8.359314e-05,1.0
77.16161160000001,0.0,0.0,-7.714458e-05,1.0
77.24567160000004,0.0,0.0,-7.12451e-05,1.0
77.32949220000006,0.0,0.0,-6.581956e-05,1.0
77.41346670000001,0.0,0.0,-6.078936e-05,1.0
77.49762380000004,0.0,0.0,-5.617813e-05,1.0
77.58160940000005,0.0,0.0,-5.19002e-05,1.0
77.66586950000004,0.0,0.0,-4.796171e-05,1.0
77.75016940000006,0.0,0.0,-4.432028e-05,1.0
77.83430670000001,0.0,0.0,-4.09907e-05,1.0
77.91795010000004,0.0,0.0,-3.791438e-05,1.0
78.00172840000005,0.0,0.0,-3.505879e-05,1.0
78.08590510000005,0.0,0.0,-3.242154e-05,1.0
78.17014280000006,0.0,0.0,-2.99864e-05,1.0
78.25429020000001,0.0,0.0,-2.774169e-05,1.0
78.33843400000006,0.0,0.0,-2.566435e-05,1.0
78.42281460000004,0.0,0.0,-2.374646e-05,1.0
78.50695900000005,0.0,0.0,-2.197884e-05,1.0
78.59116800000004,0.0,0.0,-2.03423e-05,1.0
78.67552960000006,0.0,0.0,-1.883103e-05,1.0
78.75944280000004,0.0,0.0,-1.744664e-05,1.0
78.84298930000006,0.0,0.0,-1.616734e-05,1.0
78.92672190000002,0.0,0.0,-1.498286e-05,1.0
79.01046720000005,0.0,0.0,-1.38819e-05,1.0
79.09462320000006,0.0,0.0,-1.286379e-05,1.0
79.17885440000003,0.0,0.0,-1.192063e-05,1.0
79.26300690000005,0.0,0.0,-1.105576e-05,1.0
79.34703600000006,0.0,0.0,-1.024888e-05,1.0
79.43150210000005,0.0,0.0,-8.697023e-06,1.0
79.67824310000003,0.0,0.0,-8.06192e-06,1.0
79.76206340000005,0.0,0.0,-7.483096e-06,1.0
79.84581610000004,0.0,0.0,-6.947759e-06,1.0
79.92992660000004,0.0,0.0,-6.448781e-06,1.0
80.01400800000005,0.0,0.0,-5.991462e-06,1.0
80.09789290000003,0.0,0.0,-5.565062e-06,1.0
80.18195910000003,0.0,0.0,-5.174265e-06,1.0
80.26570290000006,0.0,0.0,-4.8118e-06,1.0
80.34933460000002,0.0,0.0,-4.47705e-06,1.0
80.43311870000002,0.0,0.0,-4.166456e-06,1.0
80.51706880000006,0.0,0.0,-3.876946e-06,1.0
80.60134260000001,0.0,0.0,-3.609891e-06,1.0
80.68563870000003,0.0,0.0,-3.361032e-06,1.0
80.76983920000004,0.0,0.0,-3.132883e-06,1.0
80.85365840000003,0.0,0.0,-2.921462e-06,1.0
80.93750930000004,2.0,2.0,0.0001651764,1.0
81.33301820000003,2.0,2.0,0.0001522883,1.0
81.41684700000002,2.0,2.0,0.0001404512,1.0
81.50044290000005,2.0,2.0,0.0001296059,1.0
81.58425020000004,2.0,2.0,0.0001196039,1.0
81.66839220000003,2.0,2.0,0.0001103086,1.0
81.75270790000002,2.0,2.0,0.0001018477,1.0
81.83680890000005,2.0,2.0,8.086534e-05,1.0
82.07926760000004,2.0,2.0,7.47222e-05,1.0
82.16280710000001,2.0,2.0,6.906102e-05,1.0
82.24637190000004,2.0,2.0,6.383581e-05,1.0
82.32992000000002,2.0,2.0,5.901702e-05,1.0
82.41343550000005,2.0,2.0,5.456916e-05,1.0
82.49698220000005,2.0,2.0,5.046373e-05,1.0
82.58047960000005,2.0,2.0,4.667721e-05,1.0
82.66399300000006,2.0,2.0,4.317673e-05,1.0
82.74753820000006,2.0,2.0,3.994536e-05,1.0
82.83104800000001,2.0,2.0,3.696192e-05,1.0
82.91457440000005,2.0,2.0,3.42053e-05,1.0
82.99806920000003,2.0,2.0,3.16612e-05,1.0
83.08161570000004,2.0,2.0,2.930768e-05,1.0
83.16516420000005,2.0,2.0,2.713337e-05,1.0
83.24871070000006,2.0,2.0,2.512597e-05,1.0
83.33221490000005,2.0,2.0,2.327074e-05,1.0
83.41574410000004,2.0,2.0,2.155417e-05,1.0
83.49928470000003,2.0,2.0,1.99689e-05,1.0
83.58280440000004,2.0,2.0,1.85034e-05,1.0
83.66631040000004,2.0,2.0,1.714917e-05,1.0
83.74986850000005,2.0,2.0,1.589552e-05,1.0
83.83336260000004,2.0,2.0,1.473766e-05,1.0
83.91688730000004,2.0,2.0,1.366622e-05,1.0
84.00039290000007,2.0,2.0,1.267548e-05,1.0
84.08389840000001,2.0,2.0,1.175928e-05,1.0
84.16741000000002,2.0,2.0,1.091127e-05,1.0
84.25099930000005,2.0,2.0,1.012626e-05,1.0
84.33458850000005,2.0,2.0,8.137002e-06,1.0
84.58089140000004,2.0,2.0,7.554413e-06,1.0
84.66506620000001,2.0,2.0,7.01487e-06,1.0
84.74942770000001,2.0,2.0,6.519643e-06,1.0
84.83430780000003,2.0,2.0,6.053459e-06,1.0
84.91847090000005,2.0,2.0,5.629099e-06,1.0
85.00236040000004,2.0,2.0,5.235172e-06,1.0
85.08621060000002,2.0,2.0,4.872682e-06,1.0
85.16969180000001,2.0,2.0,4.537248e-06,1.0
85.25341760000003,2.0,2.0,4.22583e-06,1.0
85.33692020000007,2.0,2.0,3.93733e-06,1.0
85.42054940000003,2.0,2.0,3.670401e-06,1.0
85.50447110000005,2.0,2.0,3.420704e-06,1.0
85.58850380000001,2.0,2.0,3.190722e-06,1.0
85.67233700000003,2.0,2.0,2.977527e-06,1.0
85.75620370000001,2.0,2.0,2.779286e-06,1.0
85.84048350000006,2.0,2.0,2.594932e-06,1.0
85.92461710000003,2.0,2.0,2.425004e-06,1.0
86.00848580000002,0.0,0.0,-0.0001767409,1.0
86.40382500000004,0.0,0.0,-0.0001628511,1.0
86.48755950000003,0.0,0.0,-0.0001501501,1.0
86.57153780000004,0.0,0.0,-0.0001384261,1.0
86.65583500000002,0.0,0.0,-0.0001276652,1.0
86.73974360000005,0.0,0.0,-0.0001178568,1.0
86.82346290000004,0.0,0.0,-0.0001087933,1.0
86.90743910000003,0.0,0.0,-0.0001004013,1.0
86.99201740000007,0.0,0.0,-8.381584e-05,1.0
87.23470980000002,0.0,0.0,-7.732955e-05,1.0
87.31881260000006,0.0,0.0,-7.140471e-05,1.0
87.40288880000003,0.0,0.0,-6.596764e-05,1.0
87.48683580000005,0.0,0.0,-6.092844e-05,1.0
87.57115230000005,0.0,0.0,-5.628089e-05,1.0
87.65533740000006,0.0,0.0,-5.200168e-05,1.0
87.73955760000001,0.0,0.0,-4.805745e-05,1.0
87.82382810000001,0.0,0.0,-4.44124e-05,1.0
87.90802340000005,0.0,0.0,-4.105471e-05,1.0
87.99231970000005,0.0,0.0,-3.795246e-05,1.0
88.07659660000002,0.0,0.0,-3.509015e-05,1.0
88.16078630000004,0.0,0.0,-3.245798e-05,1.0
88.24451200000004,0.0,0.0,-3.003576e-05,1.0
88.32830850000005,0.0,0.0,-2.779783e-05,1.0
88.41224760000006,0.0,0.0,-2.571588e-05,1.0
88.49631690000001,0.0,0.0,-2.380532e-05,1.0
88.58018020000003,0.0,0.0,-2.203479e-05,1.0
88.66434670000001,0.0,0.0,-2.039378e-05,1.0
88.74873460000003,0.0,0.0,-1.887057e-05,1.0
88.83340410000005,0.0,0.0,-1.747056e-05,1.0
88.91852850000004,0.0,0.0,-1.616853e-05,1.0
89.00240040000006,0.0,0.0,-1.498497e-05,1.0
89.08626880000003,0.0,0.0,-1.388302e-05,1.0
89.17015210000005,0.0,0.0,-1.287239e-05,1.0
89.25388340000006,0.0,0.0,-1.193452e-05,1.0
89.33786640000005,0.0,0.0,-1.106245e-05,1.0
89.42184510000004,0.0,0.0,-1.026349e-05,1.0
89.50541300000003,0.0,0.0,-8.717752e-06,1.0
89.75149040000002,0.0,0.0,-8.085667e-06,1.0
89.83530850000005,0.0,0.0,-7.500776e-06,1.0
89.91970380000004,0.0,0.0,-6.959259e-06,1.0
90.00373070000006,0.0,0.0,-6.464202e-06,1.0
90.08780920000004,0.0,0.0,-6.001533e-06,1.0
90.17225660000003,0.0,0.0,-5.574743e-06,1.0
90.25640100000004,0.0,0.0,-5.182264e-06,1.0
90.34049650000003,0.0,0.0,-4.816268e-06,1.0
90.42477430000002,0.0,0.0,-4.480215e-06,1.0
90.50880440000003,0.0,0.0,-4.167378e-06,1.0
90.59269760000006,0.0,0.0,-3.880806e-06,1.0
90.67656480000005,0.0,0.0,-3.61336e-06,1.0
90.76067840000002,0.0,0.0,-3.365225e-06,1.0
90.84501360000002,0.0,0.0,-3.135274e-06,1.0
90.92917180000006,0.0,0.0,-2.923309e-06,1.0
91.01307920000005,0.0,0.0,-2.727505e-06,1.0
91.01308190000003,2.0,2.0,3.24929e-05,10.0
94.84759050000002,2.0,2.0,1.557329e-05,10.0
95.65114090000003,2.0,2.0,3.569047e-06,10.0
97.33727660000005,0.0,0.0,-3.553307e-05,10.0
100.77223680000003,0.0,0.0,-1.690764e-05,10.0
101.57622030000005,2.0,2.0,4.062767e-05,10.0
104.12876590000002,2.0,2.0,4.02886e-06,10.0
106.69347120000003,0.0,0.0,-3.551059e-05,10.0
110.12779950000004,0.0,0.0,-1.69169e-05,10.0
110.93177020000002,0.0,0.0,-3.824583e-06,10.0
112.61810870000005,2.0,2.0,3.241646e-05,10.0
116.05241270000005,2.0,2.0,1.551427e-05,10.0
116.85673710000003,0.0,0.0,-4.477412e-05,10.0
119.40941080000005,0.0,0.0,-1.013188e-05,10.0
121.09143890000007,0.0,0.0,-2.335444e-06,10.0
