time(s),cycle,voltage(V),current(A),j_current(mA/cm²),power(mW),power_density(mW/cm²),method
0.02218519989401102,0,0.59,-0.001275151,-7.969693749999999,0.75233909,4.7021193125,fixed
0.04858479998074472,0,0.604,-0.002783896,-17.39935,1.6814731840000001,10.5092074,fixed
0.07107249996624887,0,0.604,-0.002782644,-17.391524999999998,1.6807169759999998,10.504481099999998,fixed
0.09594899998046458,0,0.604,-0.002787341,-17.42088125,1.683553964,10.522212275,fixed
0.11819409998133779,0,0.604,-0.002786088,-17.41305,1.6827971519999998,10.517482199999998,fixed
0.14267409988678992,0,0.604,-0.002786401,-17.41500625,1.6829862039999999,10.518663775,fixed
0.16513449989724904,0,0.604,-0.002793916,-17.461975,1.6875252639999998,10.5470329,fixed
0.18806869990658015,0,0.604,-0.002792977,-17.45610625,1.686958108,10.543488175,fixed
0.21024579997174442,0,0.604,-0.002791098,-17.4443625,1.685823192,10.53639495,fixed
0.23505249992012978,0,0.604,-0.002797674,-17.485462499999997,1.6897950959999999,10.561219349999998,fixed
0.2573219999903813,0,0.604,-0.002797361,-17.483506249999998,1.689606044,10.560037774999998,fixed
0.28270699991844594,0,0.604,-0.00279329,-17.458062499999997,1.6871471599999999,10.544669749999997,fixed
0.30522019998170435,0,0.604,-0.002800492,-17.503075,1.691497168,10.5718573,fixed
0.33144459989853203,0,0.604,-0.002797361,-17.483506249999998,1.689606044,10.560037774999998,fixed
0.3544059998821467,0,0.604,-0.002802997,-17.518731250000002,1.6930101880000001,10.581313675,fixed
0.3775033999700099,0,0.604,-0.002802684,-17.516775,1.692821136,10.580132099999998,fixed
0.40043739997781813,0,0.604,-0.002799866,-17.499162499999997,1.6911190639999998,10.569494149999997,fixed
0.42446589993778616,0,0.604,-0.002805502,-17.5343875,1.694523208,10.59077005,fixed
0.4474442999344319,0,0.604,-0.002805189,-17.53243125,1.694334156,10.589588475,fixed
0.4722625999711454,0,0.604,-0.002800179,-17.50111875,1.6913081159999999,10.570675725,fixed
0.4961387999355793,0,0.604,-0.002804562,-17.5285125,1.6939554479999999,10.58722155,fixed
0.5193246998824179,0,0.604,-0.002800805,-17.50503125,1.69168622,10.573038874999998,fixed
0.5427276999689639,0,0.604,-0.002805502,-17.5343875,1.694523208,10.59077005,fixed
0.5654831998981535,0,0.604,-0.002811764,-17.573525,1.698305456,10.6144091,fixed
0.588249999913387,0,0.604,-0.002810825,-17.56765625,1.6977383,10.610864374999998,fixed
0.611794599913992,0,0.604,-0.002809886,-17.5617875,1.697171144,10.60731965,fixed
0.6343896999023855,0,0.604,-0.002815522,-17.5970125,1.7005752879999998,10.62859555,fixed
0.658754299976863,0,0.604,-0.002813643,-17.585268749999997,1.6994403719999998,10.621502324999998,fixed
0.6814533999422565,0,0.604,-0.00280832,-17.552,1.69622528,10.601408,fixed
0.7057887999108061,0,0.604,-0.002809886,-17.5617875,1.697171144,10.60731965,fixed
0.7283317999681458,0,0.604,-0.002807694,-17.548087499999998,1.6958471759999998,10.599044849999999,fixed
0.7520839999197051,0,0.604,-0.002808946,-17.5559125,1.696603384,10.60377115,fixed
0.7742907999781892,0,0.604,-0.002815835,-17.598968749999997,1.7007643399999999,10.629777124999999,fixed
0.7991970999864861,0,0.604,-0.002815835,-17.598968749999997,1.7007643399999999,10.629777124999999,fixed
0.8212604998843744,0,0.604,-0.002812078,-17.5754875,1.698495112,10.61559445,fixed
0.8463160999817774,0,0.604,-0.002818966,-17.6185375,1.7026554639999998,10.641596649999999,fixed
0.8693634999217466,0,0.604,-0.002815835,-17.598968749999997,1.7007643399999999,10.629777124999999,fixed
0.8935410999692976,0,0.604,-0.002819593,-17.62245625,1.703034172,10.643963574999999,fixed
0.9163936999393627,0,0.604,-0.002821471,-17.634193749999998,1.7041684839999998,10.651053024999998,fixed
0.940128699876368,0,0.604,-0.002815209,-17.59505625,1.700386236,10.627413975,fixed
0.9624503998784348,0,0.604,-0.002816774,-17.6048375,1.701331496,10.633321849999998,fixed
0.9864220999879763,0,0.604,-0.002820845,-17.630281250000003,1.7037903800000003,10.648689875000002,fixed
1.009265499887988,0,0.604,-0.002815209,-17.59505625,1.700386236,10.627413975,fixed
1.032847399939783,0,0.604,-0.002815835,-17.598968749999997,1.7007643399999999,10.629777124999999,fixed
1.0551522999303415,0,0.604,-0.002821784,-17.63615,1.7043575359999998,10.6522346,fixed
1.0797146998811513,0,0.604,-0.002820845,-17.630281250000003,1.7037903800000003,10.648689875000002,fixed
1.1023972999537364,0,0.604,-0.00281834,-17.614625,1.7022773599999999,10.6392335,fixed
1.1261927998857573,0,0.604,-0.002823037,-17.64398125,1.705114348,10.656964675,fixed
1.1493894999148324,0,0.604,-0.002821471,-17.634193749999998,1.7041684839999998,10.651053024999998,fixed
1.173085399903357,0,0.604,-0.002824916,-17.655725,1.7062492639999998,10.6640579,fixed
1.1953861999791116,0,0.604,-0.002831805,-17.69878125,1.71041022,10.690063875,fixed
1.2194478999590501,0,0.604,-0.0028293,-17.683125,1.7088971999999998,10.6806075,fixed
1.2421466999221593,0,0.604,-0.002827108,-17.669425,1.7075732319999999,10.6723327,fixed
1.2656690999865532,0,0.604,-0.002827734,-17.6733375,1.707951336,10.674695849999999,fixed
1.2884072999004275,0,0.604,-0.002823976,-17.64985,1.705681504,10.6605094,fixed
1.3133967999601737,0,0.604,-0.002820219,-17.62636875,1.7034122760000001,10.646326725,fixed
1.336399499909021,0,0.604,-0.002823976,-17.64985,1.705681504,10.6605094,fixed
1.3603640999644995,0,0.604,-0.002818027,-17.612668749999997,1.702088308,10.638051924999997,fixed
1.383418899960816,0,0.604,-0.002822724,-17.642025,1.7049252959999999,10.6557831,fixed
1.4074519999558106,0,0.604,-0.002825542,-17.6596375,1.706627368,10.666421049999999,fixed
1.4303615998942405,0,0.604,-0.002821158,-17.6322375,1.7039794319999997,10.64987145,fixed
1.4543857999378815,0,0.604,-0.002823037,-17.64398125,1.705114348,10.656964675,fixed
1.477384699974209,0,0.604,-0.002823037,-17.64398125,1.705114348,10.656964675,fixed
1.5017689999658614,0,0.604,-0.002818653,-17.61658125,1.702466412,10.640415075,fixed
1.524273799965158,0,0.604,-0.002824603,-17.65376875,1.7060602120000001,10.662876325000001,fixed
1.550250899977982,0,0.604,-0.002825542,-17.6596375,1.706627368,10.666421049999999,fixed
1.5732953998958692,0,0.604,-0.002828673,-17.679206249999996,1.7085184919999998,10.678240574999997,fixed
1.5959153999574482,0,0.604,-0.002832744,-17.70465,1.7109773759999998,10.693608600000001,fixed
1.618278899928555,0,0.604,-0.002828986,-17.6811625,1.708707544,10.679422149999999,fixed
1.6437928999075666,0,0.604,-0.002825855,-17.661593749999998,1.70681642,10.667602624999999,fixed
1.666348799946718,0,0.604,-0.002831178,-17.6948625,1.710031512,10.68769695,fixed
1.6898966999724507,0,0.604,-0.002826795,-17.66746875,1.7073841799999998,10.671151125,fixed
1.7123088999651372,0,0.603,-0.002825226,-17.6576625,1.7036112780000001,10.6475704875,fixed
1.7362746999133378,0,0.604,-0.002829926,-17.6870375,1.709275304,10.68297065,fixed
1.759262299980037,0,0.604,-0.002825855,-17.661593749999998,1.70681642,10.667602624999999,fixed
1.7855739999795333,0,0.604,-0.002828673,-17.679206249999996,1.7085184919999998,10.678240574999997,fixed
1.8083749999059364,0,0.604,-0.002832431,-17.702693749999998,1.7107883239999997,10.692427024999999,fixed
1.8305070999776945,0,0.604,-0.002830552,-17.69095,1.7096534079999999,10.6853338,fixed
1.8530211999313906,0,0.604,-0.002836188,-17.726174999999998,1.713057552,10.706609699999998,fixed
1.8760290999198332,0,0.604,-0.002839633,-17.747706249999997,1.715138332,10.719614574999998,fixed
1.8983776998938993,0,0.604,-0.002835875,-17.72421875,1.7128685,10.705428125,fixed
1.9251391999423504,0,0.604,-0.002832431,-17.702693749999998,1.7107883239999997,10.692427024999999,fixed
1.9474364999914542,0,0.604,-0.002837754,-17.7359625,1.714003416,10.71252135,fixed
1.9719676999375224,0,0.603,-0.002832428,-17.702675,1.7079540839999998,10.674713024999999,fixed
1.9943308999063447,0,0.604,-0.002835875,-17.72421875,1.7128685,10.705428125,fixed
2.01825589989312,0,0.604,-0.002837128,-17.732049999999997,1.713625312,10.710158199999999,fixed
2.0423179001081735,1,0.653,-0.002819527,-17.62204375,1.8411511310000002,11.50719456875,fixed
2.0658227000385523,1,0.653,-0.002821719,-17.63574375,1.8425825070000001,11.51614066875,fixed
2.0882581000914797,1,0.653,-0.002816709,-17.60443125,1.8393109770000002,11.49569360625,fixed
2.111914400011301,1,0.654,-0.002812954,-17.5809625,1.839671916,11.497949474999999,fixed
2.1343617000384256,1,0.653,-0.002816709,-17.60443125,1.8393109770000002,11.49569360625,fixed
2.159564100089483,1,0.653,-0.002817649,-17.61030625,1.8399247970000003,11.499529981250001,fixed
2.182344700093381,1,0.653,-0.002814204,-17.588775,1.837675212,11.485470074999999,fixed
2.2065313000930473,1,0.653,-0.002822346,-17.6396625,1.842991938,11.5186996125,fixed
2.2292124000377953,1,0.653,-0.002820467,-17.627918750000003,1.8417649510000003,11.511030943750002,fixed
2.2531635001068935,1,0.653,-0.002821406,-17.633787499999997,1.8423781179999998,11.514863237499998,fixed
2.2762053000042215,1,0.654,-0.002827358,-17.6709875,1.849092132,11.556825825,fixed
2.3011207000818104,1,0.653,-0.002823911,-17.64944375,1.8440138830000001,11.52508676875,fixed
2.323962500086054,1,0.654,-0.002826106,-17.663162500000002,1.8482733240000002,11.551708275000001,fixed
2.3471367000602186,1,0.653,-0.002827982,-17.6748875,1.8466722460000002,11.541701537500002,fixed
2.3693840000778437,1,0.653,-0.002824224,-17.6514,1.8442182720000002,11.5263642,fixed
2.394154900102876,1,0.653,-0.002823285,-17.645531249999998,1.8436051050000002,11.522531906249998,fixed
2.417315300088376,1,0.653,-0.002827356,-17.670975,1.8462634680000003,11.539146675,fixed
2.4410385000519454,1,0.654,-0.002821409,-17.63380625,1.8452014860000001,11.5325092875,fixed
2.463240700075403,1,0.653,-0.002824537,-17.653356249999998,1.844422661,11.527641631249999,fixed
2.4890411000233144,1,0.654,-0.002827045,-17.66903125,1.84888743,11.5555464375,fixed
2.5113360000541434,1,0.653,-0.002819214,-17.6200875,1.840946742,11.505917137500001,fixed
2.536026200046763,1,0.654,-0.002821722,-17.6357625,1.8454061880000001,11.533788675,fixed
2.5588755001081154,1,0.653,-0.002820467,-17.627918750000003,1.8417649510000003,11.511030943750002,fixed
2.5838004000252113,1,0.653,-0.002816396,-17.602475000000002,1.8391065880000002,11.494416175000001,fixed
2.606622000108473,1,0.653,-0.002824537,-17.653356249999998,1.844422661,11.527641631249999,fixed
2.630467100068927,1,0.653,-0.002821719,-17.63574375,1.8425825070000001,11.51614066875,fixed
2.6530490000732243,1,0.653,-0.002823598,-17.6474875,1.843809494,11.523809337500001,fixed
2.677268100087531,1,0.653,-0.002826103,-17.66314375,1.8454452590000001,11.53403286875,fixed
2.7002015000907704,1,0.653,-0.00282078,-17.629875,1.8419693400000001,11.512308375,fixed
2.725306900101714,1,0.653,-0.002822659,-17.64161875,1.843196327,11.51997704375,fixed
2.7483068000292405,1,0.653,-0.002822972,-17.643575,1.8434007159999999,11.521254475,fixed
2.7714979000156745,1,0.653,-0.002820154,-17.6259625,1.841560562,11.5097535125,fixed
2.794315700070001,1,0.653,-0.002822972,-17.643575,1.8434007159999999,11.521254475,fixed
2.819700200110674,1,0.653,-0.002821719,-17.63574375,1.8425825070000001,11.51614066875,fixed
2.842321800068021,1,0.654,-0.002814833,-17.59270625,1.840900782,11.5056298875,fixed
2.867757400032133,1,0.653,-0.00282078,-17.629875,1.8419693400000001,11.512308375,fixed
2.890260500018485,1,0.653,-0.002816083,-17.60051875,1.8389021990000003,11.49313874375,fixed
2.913208600017242,1,0.653,-0.002817336,-17.60835,1.839720408,11.498252550000002,fixed
2.936405900050886,1,0.653,-0.002821719,-17.63574375,1.8425825070000001,11.51614066875,fixed
2.959794200025499,1,0.653,-0.002818275,-17.61421875,1.840333575,11.50208484375,fixed
2.982296100119129,1,0.653,-0.002818901,-17.618131249999998,1.8407423530000002,11.504639706249998,fixed
3.00789230002556,1,0.653,-0.002824851,-17.65531875,1.8446277030000002,11.52892314375,fixed
3.030155200045556,1,0.653,-0.002822659,-17.64161875,1.843196327,11.51997704375,fixed
3.054035000037402,1,0.653,-0.002826416,-17.6651,1.845649648,11.535310299999999,fixed
3.075358900008723,1,0.653,-0.002830174,-17.6885875,1.8481036220000002,11.550647637500001,fixed
3.100509300013073,1,0.653,-0.002828295,-17.67684375,1.846876635,11.54297896875,fixed
3.1236383001087233,1,0.653,-0.002826729,-17.66705625,1.845854037,11.536587731250002,fixed
3.1486838000128046,1,0.653,-0.002828608,-17.6788,1.847081024,11.5442564,fixed
3.171333200065419,1,0.653,-0.002822972,-17.643575,1.8434007159999999,11.521254475,fixed
3.1946782000595704,1,0.653,-0.002827042,-17.6690125,1.8460584260000001,11.537865162500001,fixed
3.2173421001061797,1,0.653,-0.002827669,-17.67293125,1.8464678570000002,11.54042410625,fixed
3.2421086000977084,1,0.654,-0.002823601,-17.647506249999996,1.8466350539999998,11.541469087499998,fixed
3.2657651000190526,1,0.653,-0.002827356,-17.670975,1.8462634680000003,11.539146675,fixed
3.2890036000171676,1,0.654,-0.002825793,-17.66120625,1.8480686220000002,11.5504288875,fixed
3.3110438000876456,1,0.654,-0.002822035,-17.63771875,1.8456108900000001,11.5350680625,fixed
3.335262400098145,1,0.653,-0.002823285,-17.645531249999998,1.8436051050000002,11.522531906249998,fixed
3.3583213000092655,1,0.653,-0.002825164,-17.657275,1.8448320919999999,11.530200575,fixed
3.383575600106269,1,0.653,-0.002820154,-17.6259625,1.841560562,11.5097535125,fixed
3.4064611000940204,1,0.654,-0.002826732,-17.667075,1.8486827280000002,11.55426705,fixed
3.430714700021781,1,0.654,-0.002824227,-17.65141875,1.847044458,11.544027862500002,fixed
3.453287100070156,1,0.653,-0.002828921,-17.680756249999998,1.847285413,11.54553383125,fixed
3.478097900049761,1,0.653,-0.002832053,-17.70033125,1.8493306090000001,11.558316306250001,fixed
3.5011328000109643,1,0.653,-0.002823285,-17.645531249999998,1.8436051050000002,11.522531906249998,fixed
3.524349300074391,1,0.653,-0.002828295,-17.67684375,1.846876635,11.54297896875,fixed
3.5472172000445426,1,0.653,-0.002829861,-17.686631249999998,1.847899233,11.54937020625,fixed
3.571166100096889,1,0.653,-0.002825477,-17.659231249999998,1.845036481,11.53147800625,fixed
3.5941836000420153,1,0.653,-0.002828921,-17.680756249999998,1.847285413,11.54553383125,fixed
3.617817800026387,1,0.653,-0.002830487,-17.69054375,1.848308011,11.55192506875,fixed
3.640101500088349,1,0.653,-0.002824537,-17.653356249999998,1.844422661,11.527641631249999,fixed
3.6650274000130594,1,0.653,-0.002826103,-17.66314375,1.8454452590000001,11.53403286875,fixed
3.687400500057265,1,0.653,-0.0028308,-17.6925,1.8485124000000002,11.5532025,fixed
3.71213840006385,1,0.653,-0.002827356,-17.670975,1.8462634680000003,11.539146675,fixed
3.735293800011277,1,0.653,-0.002835184,-17.7199,1.8513751520000001,11.5710947,fixed
3.7601376000093296,1,0.653,-0.002835184,-17.7199,1.8513751520000001,11.5710947,fixed
3.7831496000289917,1,0.653,-0.002833305,-17.70815625,1.850148165,11.56342603125,fixed
3.8062250000657514,1,0.653,-0.002837689,-17.735556250000002,1.853010917,11.581318231250002,fixed
3.829319200012833,1,0.653,-0.002833931,-17.71206875,1.8505569430000002,11.56598089375,fixed
3.8561318001011387,1,0.653,-0.0028308,-17.6925,1.8485124000000002,11.5532025,fixed
3.8792815000051633,1,0.653,-0.002831113,-17.69445625,1.848716789,11.554479931250002,fixed
3.9023391000228003,1,0.653,-0.002827042,-17.6690125,1.8460584260000001,11.537865162500001,fixed
3.9252956000855193,1,0.654,-0.002829863,-17.686643749999998,1.8507304020000002,11.567065012499999,fixed
3.94917020003777,1,0.653,-0.002828608,-17.6788,1.847081024,11.5442564,fixed
3.9731229001190513,1,0.653,-0.002826416,-17.6651,1.845649648,11.535310299999999,fixed
3.9960688001010567,1,0.654,-0.002832055,-17.70034375,1.85216397,11.5760248125,fixed
4.01926330011338,1,0.653,-0.002830487,-17.69054375,1.848308011,11.55192506875,fixed
4.0432222000090405,1,0.653,-0.002830487,-17.69054375,1.848308011,11.55192506875,fixed
4.0671587999677286,2,0.703,-0.002819462,-17.621637500000002,1.982081786,12.388011162500002,fixed
4.090474499971606,2,0.703,-0.002816021,-17.60013125,1.979662763,12.37289226875,fixed
4.113171499921009,2,0.703,-0.00281696,-17.605999999999998,1.9803228799999997,12.377017999999998,fixed
4.138631499954499,2,0.703,-0.002819778,-17.6236125,1.9823039340000002,12.3893995875,fixed
4.161034499993548,2,0.703,-0.002811637,-17.57273125,1.976580811,12.35363006875,fixed
4.184472900000401,2,0.703,-0.002813202,-17.5825125,1.9776810059999999,12.3605062875,fixed
4.20723249996081,2,0.703,-0.002815707,-17.59816875,1.979442021,12.371512631249999,fixed
4.231630899943411,2,0.703,-0.002811324,-17.570774999999998,1.9763607719999998,12.352254824999997,fixed
4.254293299978599,2,0.703,-0.002814455,-17.59034375,1.9785618649999999,12.366011656249999,fixed
4.2785611998988315,2,0.703,-0.002818526,-17.6157875,1.981423778,12.3838986125,fixed
4.301148899947293,2,0.703,-0.002813829,-17.586431249999997,1.9781217869999996,12.363261168749997,fixed
4.324679999961518,2,0.703,-0.002818526,-17.6157875,1.981423778,12.3838986125,fixed
4.347232199972495,2,0.703,-0.002820404,-17.627525,1.9827440119999997,12.392150074999998,fixed
4.37346949998755,2,0.703,-0.002815081,-17.59425625,1.9790019429999999,12.36876214375,fixed
4.396233599982224,2,0.703,-0.002818526,-17.6157875,1.981423778,12.3838986125,fixed
4.418913699919358,2,0.703,-0.002815707,-17.59816875,1.979442021,12.371512631249999,fixed
4.44221899996046,2,0.703,-0.002813515,-17.58446875,1.977901045,12.361881531249999,fixed
4.468645599903539,2,0.703,-0.00281821,-17.613812499999998,1.9812016299999997,12.382510187499998,fixed
4.4911630999995396,2,0.703,-0.002812576,-17.578599999999998,1.9772409279999996,12.357755799999998,fixed
4.515150999999605,2,0.703,-0.002817899,-17.61186875,1.980982997,12.381143731249999,fixed
4.538247999968007,2,0.703,-0.002821657,-17.63535625,1.9836248709999997,12.39765544375,fixed
4.562521099927835,2,0.703,-0.002815707,-17.59816875,1.979442021,12.371512631249999,fixed
4.585302099934779,2,0.703,-0.002818526,-17.6157875,1.981423778,12.3838986125,fixed
4.6098822999047115,2,0.703,-0.002817273,-17.607956249999997,1.980542919,12.378393243749997,fixed
4.63322119996883,2,0.703,-0.002814142,-17.5883875,1.9783418259999999,12.3646364125,fixed
4.65664249996189,2,0.703,-0.002819152,-17.6197,1.981863856,12.3866491,fixed
4.680357099976391,2,0.703,-0.00281696,-17.605999999999998,1.9803228799999997,12.377017999999998,fixed
4.70399529999122,2,0.703,-0.002815081,-17.59425625,1.9790019429999999,12.36876214375,fixed
4.7271475999150425,2,0.703,-0.00281696,-17.605999999999998,1.9803228799999997,12.377017999999998,fixed
4.749880599905737,2,0.703,-0.002811324,-17.570774999999998,1.9763607719999998,12.352254824999997,fixed
4.77316769992467,2,0.703,-0.00281195,-17.5746875,1.97680085,12.3550053125,fixed
4.798183299950324,2,0.703,-0.002817899,-17.61186875,1.980982997,12.381143731249999,fixed
4.82112439989578,2,0.703,-0.002813829,-17.586431249999997,1.9781217869999996,12.363261168749997,fixed
4.84494779992383,2,0.703,-0.002818526,-17.6157875,1.981423778,12.3838986125,fixed
4.868281799950637,2,0.703,-0.002821657,-17.63535625,1.9836248709999997,12.39765544375,fixed
4.894915499957278,2,0.703,-0.002815081,-17.59425625,1.9790019429999999,12.36876214375,fixed
4.917934199911542,2,0.703,-0.002819465,-17.62165625,1.982083895,12.38802434375,fixed
4.94145619997289,2,0.703,-0.002813829,-17.586431249999997,1.9781217869999996,12.363261168749997,fixed
4.964047399931587,2,0.703,-0.002817273,-17.607956249999997,1.980542919,12.378393243749997,fixed
4.98763229988981,2,0.703,-0.002820404,-17.627525,1.9827440119999997,12.392150074999998,fixed
5.010144799947739,2,0.703,-0.002818526,-17.6157875,1.981423778,12.3838986125,fixed
5.034637699951418,2,0.703,-0.002819778,-17.6236125,1.9823039340000002,12.3893995875,fixed
5.05713669990655,2,0.703,-0.002825101,-17.65688125,1.986046003,12.412787518750001,fixed
5.080832299892791,2,0.703,-0.002821343,-17.63339375,1.9834041289999997,12.39627580625,fixed
5.104258199920878,2,0.703,-0.002821031,-17.63144375,1.9831847929999997,12.394904956249999,fixed
5.127532299957238,2,0.703,-0.002822283,-17.63926875,1.984064949,12.400405931249999,fixed
5.150066699949093,2,0.703,-0.00281696,-17.605999999999998,1.9803228799999997,12.377017999999998,fixed
5.1734429999487475,2,0.703,-0.002816334,-17.602087500000003,1.9798828019999999,12.374267512500001,fixed
5.19616449996829,2,0.703,-0.00282197,-17.6373125,1.98384491,12.3990306875,fixed
5.218891999917105,2,0.703,-0.002819778,-17.6236125,1.9823039340000002,12.3893995875,fixed
5.241980299935676,2,0.703,-0.002817273,-17.607956249999997,1.980542919,12.378393243749997,fixed
5.266001699957997,2,0.703,-0.002822596,-17.641225000000002,1.9842849880000002,12.401781175,fixed
5.2889425999019295,2,0.703,-0.002823536,-17.647100000000002,1.984945808,12.4059113,fixed
5.314951999927871,2,0.703,-0.002819152,-17.6197,1.981863856,12.3866491,fixed
5.338151799980551,2,0.703,-0.002824475,-17.65296875,1.9856059249999998,12.410037031249999,fixed
5.360950999893248,2,0.703,-0.002819465,-17.62165625,1.982083895,12.38802434375,fixed
5.383983299951069,2,0.703,-0.002819465,-17.62165625,1.982083895,12.38802434375,fixed
5.406193499919027,2,0.703,-0.002819778,-17.6236125,1.9823039340000002,12.3893995875,fixed
5.428150599938817,2,0.703,-0.002816021,-17.60013125,1.979662763,12.37289226875,fixed
5.453691799892113,2,0.703,-0.002814142,-17.5883875,1.9783418259999999,12.3646364125,fixed
5.475365299964324,2,0.703,-0.002822283,-17.63926875,1.984064949,12.400405931249999,fixed
5.50227709999308,2,0.703,-0.002823222,-17.6451375,1.9847250659999998,12.4045316625,fixed
5.525035199942067,2,0.703,-0.002819152,-17.6197,1.981863856,12.3866491,fixed
5.549076399998739,2,0.703,-0.002821031,-17.63144375,1.9831847929999997,12.394904956249999,fixed
5.57206449995283,2,0.703,-0.002817586,-17.6099125,1.9807629579999997,12.3797684875,fixed
5.598535899887793,2,0.703,-0.002822909,-17.64318125,1.984505027,12.403156418750001,fixed
5.621116399997845,2,0.703,-0.002820404,-17.627525,1.9827440119999997,12.392150074999998,fixed
5.6441333999391645,2,0.703,-0.002822283,-17.63926875,1.984064949,12.400405931249999,fixed
5.667132599977776,2,0.703,-0.002825725,-17.66078125,1.9864846749999996,12.415529218749999,fixed
5.689952699933201,2,0.703,-0.002820091,-17.62556875,1.982523973,12.390774831249999,fixed
5.7131337999599054,2,0.703,-0.002818212,-17.613825,1.981203036,12.382518974999998,fixed
5.7357238999102265,2,0.703,-0.002822596,-17.641225000000002,1.9842849880000002,12.401781175,fixed
5.759114699903876,2,0.703,-0.002820404,-17.627525,1.9827440119999997,12.392150074999998,fixed
5.78261539991945,2,0.703,-0.002819152,-17.6197,1.981863856,12.3866491,fixed
5.804871399886906,2,0.703,-0.002823849,-17.649056249999997,1.9851658469999998,12.407286543749997,fixed
5.82958089991007,2,0.703,-0.002828545,-17.678406250000002,1.9884671349999998,12.427919593750001,fixed
5.8521162999095395,2,0.703,-0.002824162,-17.6510125,1.9853858859999995,12.4086617875,fixed
5.8771090999944136,2,0.703,-0.002827606,-17.672537499999997,1.9878070179999998,12.423793862499997,fixed
5.899941999930888,2,0.703,-0.002825727,-17.66079375,1.986486081,12.41553800625,fixed
5.924222999950871,2,0.703,-0.002823849,-17.649056249999997,1.9851658469999998,12.407286543749997,fixed
5.946825199993327,2,0.703,-0.002829172,-17.682325000000002,1.988907916,12.430674475,fixed
5.971028699888848,2,0.703,-0.002823222,-17.6451375,1.9847250659999998,12.4045316625,fixed
5.993914199993014,2,0.703,-0.00282197,-17.6373125,1.98384491,12.3990306875,fixed
6.017698899959214,2,0.703,-0.002824475,-17.65296875,1.9856059249999998,12.410037031249999,fixed
6.04109359998256,2,0.703,-0.002815707,-17.59816875,1.979442021,12.371512631249999,fixed
6.064778599888086,2,0.703,-0.002816647,-17.60404375,1.9801028409999997,12.375642756249999,fixed
6.089007999980822,3,0.753,-0.002794976,-17.4686,2.104616928,13.153855799999999,fixed
6.111919999937527,3,0.753,-0.002794039,-17.462743749999998,2.103911367,13.149446043749998,fixed
6.135151599883102,3,0.753,-0.002796857,-17.480356249999996,2.106033321,13.162708256249998,fixed
6.158343899995089,3,0.754,-0.002798738,-17.492112499999998,2.110248452,13.189052824999997,fixed
6.181138699990697,3,0.753,-0.002794352,-17.4647,2.104147056,13.150919100000001,fixed
6.204174799961038,3,0.754,-0.002798112,-17.4882,2.1097764480000003,13.186102799999999,fixed
6.227048699976876,3,0.753,-0.002802806,-17.517537500000003,2.110512918,13.190705737500002,fixed
6.2523677999852225,3,0.753,-0.002799675,-17.497968750000002,2.108155275,13.175970468750002,fixed
6.274912599939853,3,0.754,-0.002801556,-17.509725,2.112373224,13.202332649999999,fixed
6.298601599992253,3,0.753,-0.002801867,-17.511668750000002,2.109805851,13.18628656875,fixed
6.320985999889672,3,0.753,-0.002796231,-17.47644375,2.105561943,13.159762143750001,fixed
6.3451379999751225,3,0.754,-0.002796546,-17.4784125,2.108595684,13.178723025,fixed
6.3679956999840215,3,0.754,-0.002799365,-17.496031249999998,2.11072121,13.192007562499999,fixed
6.39285999990534,3,0.753,-0.00279216,-17.451,2.10249648,13.140603,fixed
6.416170299984515,3,0.753,-0.002796231,-17.47644375,2.105561943,13.159762143750001,fixed
6.439713899977505,3,0.753,-0.002796544,-17.4784,2.1057976320000003,13.1612352,fixed
6.462894099880941,3,0.754,-0.002793415,-17.45884375,2.10623491,13.1639681875,fixed
6.486641799914651,3,0.753,-0.00279811,-17.4881875,2.1069768300000002,13.168605187499999,fixed
6.509976899949834,3,0.753,-0.002796231,-17.47644375,2.105561943,13.159762143750001,fixed
6.532809599884786,3,0.754,-0.002793728,-17.460800000000003,2.106470912,13.165443200000002,fixed
6.5561403998872265,3,0.753,-0.002796231,-17.47644375,2.105561943,13.159762143750001,fixed
6.579780999920331,3,0.753,-0.002793413,-17.45883125,2.103439989,13.14649993125,fixed
6.603487999993376,3,0.753,-0.002787777,-17.423606250000002,2.099196081,13.119975506250002,fixed
6.6261650999076664,3,0.754,-0.002792163,-17.45101875,2.105290902,13.158068137499999,fixed
6.649024099926464,3,0.753,-0.0027931,-17.456875,2.1032043000000002,13.145026875000001,fixed
6.67279989994131,3,0.753,-0.002789655,-17.435343749999998,2.1006102149999997,13.128813843749999,fixed
6.6962774998974055,3,0.753,-0.002794665,-17.46665625,2.104382745,13.15239215625,fixed
6.721923899953254,3,0.753,-0.0027931,-17.456875,2.1032043000000002,13.145026875000001,fixed
6.743794799898751,3,0.753,-0.002790282,-17.439262499999998,2.1010823459999997,13.131764662499998,fixed
6.7660403999034315,3,0.753,-0.002794039,-17.462743749999998,2.103911367,13.149446043749998,fixed
6.787605399964377,3,0.753,-0.002794039,-17.462743749999998,2.103911367,13.149446043749998,fixed
6.8107314999215305,3,0.753,-0.002792473,-17.45295625,2.1027321690000003,13.14207605625,fixed
6.832603999879211,3,0.753,-0.002791534,-17.4470875,2.102025102,13.137656887499999,fixed
6.8566123999189585,3,0.753,-0.002795292,-17.470575,2.104854876,13.155342975,fixed
6.878172899945639,3,0.753,-0.002798423,-17.49014375,2.107212519,13.170078243750002,fixed
6.906340099987574,3,0.753,-0.002796231,-17.47644375,2.105561943,13.159762143750001,fixed
6.928873099968769,3,0.753,-0.002800302,-17.501887500000002,2.108627406,13.178921287500001,fixed
6.953023699927144,3,0.753,-0.002797483,-17.48426875,2.106504699,13.16565436875,fixed
6.975749099976383,3,0.753,-0.002801241,-17.50775625,2.109334473,13.18334045625,fixed
7.001048299949616,3,0.753,-0.002798423,-17.49014375,2.107212519,13.170078243750002,fixed
7.0240093999309465,3,0.753,-0.002793726,-17.4607875,2.103675678,13.1479729875,fixed
7.0469247999135405,3,0.753,-0.002797797,-17.48623125,2.106741141,13.16713213125,fixed
7.070157299982384,3,0.753,-0.002795292,-17.470575,2.104854876,13.155342975,fixed
7.092936599976383,3,0.753,-0.002793413,-17.45883125,2.103439989,13.14649993125,fixed
7.11596379999537,3,0.753,-0.002798736,-17.4921,2.107448208,13.1715513,fixed
7.138676999951713,3,0.753,-0.002797483,-17.48426875,2.106504699,13.16565436875,fixed
7.161868799943477,3,0.753,-0.002789655,-17.435343749999998,2.1006102149999997,13.128813843749999,fixed
7.186169099994004,3,0.753,-0.002792787,-17.45491875,2.102968611,13.14355381875,fixed
7.208940899930894,3,0.753,-0.002795292,-17.470575,2.104854876,13.155342975,fixed
7.233066199929453,3,0.753,-0.002794039,-17.462743749999998,2.103911367,13.149446043749998,fixed
7.255774899967946,3,0.753,-0.002801241,-17.50775625,2.109334473,13.18334045625,fixed
7.279321399983019,3,0.753,-0.002801867,-17.511668750000002,2.109805851,13.18628656875,fixed
7.303087399923243,3,0.753,-0.00279717,-17.4823125,2.10626901,13.164181312499998,fixed
7.326144399936311,3,0.753,-0.002799675,-17.497968750000002,2.108155275,13.175970468750002,fixed
7.34879929991439,3,0.753,-0.002800928,-17.505799999999997,2.1090987839999995,13.181867399999998,fixed
7.373903699917719,3,0.753,-0.002796544,-17.4784,2.1057976320000003,13.1612352,fixed
7.3969374999869615,3,0.754,-0.002802809,-17.51755625,2.1133179859999998,13.208237412499999,fixed
7.420991099905223,3,0.753,-0.002801867,-17.511668750000002,2.109805851,13.18628656875,fixed
7.444081499939784,3,0.753,-0.002800615,-17.503843749999998,2.108863095,13.180394343749999,fixed
7.467476399964653,3,0.753,-0.002803746,-17.523412500000003,2.111220738,13.195129612500002,fixed
7.489906499977224,3,0.753,-0.002799362,-17.4960125,2.107919586,13.1744974125,fixed
7.513696799986064,3,0.753,-0.002795292,-17.470575,2.104854876,13.155342975,fixed
7.536770999897271,3,0.753,-0.002799675,-17.497968750000002,2.108155275,13.175970468750002,fixed
7.561102899955586,3,0.753,-0.00279717,-17.4823125,2.10626901,13.164181312499998,fixed
7.584227899904363,3,0.753,-0.002794039,-17.462743749999998,2.103911367,13.149446043749998,fixed
7.608304699882865,3,0.753,-0.002798423,-17.49014375,2.107212519,13.170078243750002,fixed
7.631245599943213,3,0.753,-0.002794665,-17.46665625,2.104382745,13.15239215625,fixed
7.654836699948646,3,0.753,-0.002795918,-17.4744875,2.105326254,13.158289087499998,fixed
7.678421499906108,3,0.753,-0.002803746,-17.523412500000003,2.111220738,13.195129612500002,fixed
7.706421399954706,3,0.753,-0.002800928,-17.505799999999997,2.1090987839999995,13.181867399999998,fixed
7.733886199886911,3,0.753,-0.002804685,-17.52928125,2.1119278049999997,13.19954878125,fixed
7.756229999940842,3,0.753,-0.002806564,-17.541025,2.1133426920000002,13.208391825000001,fixed
7.781546699930914,3,0.753,-0.002806564,-17.541025,2.1133426920000002,13.208391825000001,fixed
7.804870899883099,3,0.753,-0.002799362,-17.4960125,2.107919586,13.1744974125,fixed
7.828942899941467,3,0.753,-0.002801241,-17.50775625,2.109334473,13.18334045625,fixed
7.852332899929024,3,0.753,-0.002796231,-17.47644375,2.105561943,13.159762143750001,fixed
7.875820099958219,3,0.753,-0.002799675,-17.497968750000002,2.108155275,13.175970468750002,fixed
7.898886099923402,3,0.753,-0.002801867,-17.511668750000002,2.109805851,13.18628656875,fixed
7.921931199962273,3,0.753,-0.002797483,-17.48426875,2.106504699,13.16565436875,fixed
7.944966899929568,3,0.753,-0.002800615,-17.503843749999998,2.108863095,13.180394343749999,fixed
7.969320399919525,3,0.753,-0.002802494,-17.5155875,2.110277982,13.189237387499999,fixed
7.99205899995286,3,0.753,-0.002795292,-17.470575,2.104854876,13.155342975,fixed
8.016586799989454,3,0.753,-0.002799049,-17.49405625,2.1076838970000003,13.17302435625,fixed
8.039877599920146,3,0.753,-0.002804059,-17.52536875,2.111456427,13.196602668749998,fixed
8.063235799898393,3,0.753,-0.002800928,-17.505799999999997,2.1090987839999995,13.181867399999998,fixed
8.08590089995414,3,0.753,-0.002804372,-17.527324999999998,2.111692116,13.198075724999999,fixed
8.111589099979028,4,0.803,-0.002768611,-17.303818749999998,2.223194633,13.89496645625,fixed
8.135726799955592,4,0.804,-0.00276705,-17.294062500000003,2.2247082000000002,13.904426250000004,fixed
8.159160299925134,4,0.804,-0.002769555,-17.30971875,2.22672222,13.917013875,fixed
8.1875863999594,4,0.804,-0.002764545,-17.27840625,2.2226941800000004,13.891838625,fixed
8.211634299950674,4,0.804,-0.002765484,-17.284274999999997,2.223449136,13.896557099999999,fixed
8.234780499944463,4,0.804,-0.00276611,-17.2881875,2.22395244,13.89970275,fixed
8.257885499973781,4,0.804,-0.002771747,-17.323418750000002,2.2284845880000006,13.928028675000002,fixed
8.281597599969245,4,0.804,-0.002770181,-17.31363125,2.227225524,13.920159525,fixed
8.304819299955852,4,0.804,-0.002769555,-17.30971875,2.22672222,13.917013875,fixed
8.327713599894196,4,0.804,-0.002772999,-17.33124375,2.229491196,13.934319975,fixed
8.350322199985385,4,0.804,-0.00276705,-17.294062500000003,2.2247082000000002,13.904426250000004,fixed
8.376871399930678,4,0.804,-0.002762353,-17.26470625,2.220931812,13.880823825,fixed
8.399900799966417,4,0.804,-0.002765171,-17.282318749999998,2.223197484,13.894984274999999,fixed
8.42320789990481,4,0.804,-0.002761414,-17.2588375,2.220176856,13.87610535,fixed
8.446073399973102,4,0.804,-0.00276705,-17.294062500000003,2.2247082000000002,13.904426250000004,fixed
8.470745999948122,4,0.804,-0.002769242,-17.3077625,2.226470568,13.91544105,fixed
8.494153199950233,4,0.804,-0.002764232,-17.27645,2.222442528,13.890265800000002,fixed
8.516677099978551,4,0.804,-0.002769868,-17.311674999999997,2.2269738720000003,13.918586699999999,fixed
8.53972509992309,4,0.804,-0.002767989,-17.29993125,2.2254631560000004,13.909144725,fixed
8.56182359997183,4,0.804,-0.002763605,-17.27253125,2.2219384200000003,13.887115125000001,fixed
8.584352899924852,4,0.804,-0.002766424,-17.290149999999997,2.224204896,13.901280599999998,fixed
8.609362399904057,4,0.804,-0.002772686,-17.3292875,2.229239544,13.93274715,fixed
8.632152399979532,4,0.804,-0.002767676,-17.297975,2.2252115040000002,13.907571900000002,fixed
8.657295399927534,4,0.804,-0.002770181,-17.31363125,2.227225524,13.920159525,fixed
8.67990029999055,4,0.804,-0.002772373,-17.32733125,2.2289878919999997,13.931174325,fixed
8.704049599939026,4,0.804,-0.002766737,-17.29210625,2.224456548,13.902853425,fixed
8.726878199959174,4,0.804,-0.002770181,-17.31363125,2.227225524,13.920159525,fixed
8.751652099890634,4,0.804,-0.002768302,-17.3018875,2.2257148079999998,13.910717550000001,fixed
8.774860999896191,4,0.804,-0.002766737,-17.29210625,2.224456548,13.902853425,fixed
8.797525399946608,4,0.803,-0.002771744,-17.3234,2.225710432,13.910690200000001,fixed
8.820801900001243,4,0.804,-0.002768615,-17.30384375,2.22596646,13.912290375,fixed
8.844106899923645,4,0.804,-0.002765171,-17.282318749999998,2.223197484,13.894984274999999,fixed
8.867194499936886,4,0.804,-0.002767989,-17.29993125,2.2254631560000004,13.909144725,fixed
8.892994099995121,4,0.803,-0.002766108,-17.288175,2.2211847240000004,13.882404525,fixed
8.91497809998691,4,0.804,-0.002764858,-17.2803625,2.222945832,13.89341145,fixed
8.936936399899423,4,0.804,-0.002767989,-17.29993125,2.2254631560000004,13.909144725,fixed
8.959315899992362,4,0.804,-0.002767363,-17.296018749999998,2.2249598520000005,13.905999074999999,fixed
8.985974499955773,4,0.804,-0.002765484,-17.284274999999997,2.223449136,13.896557099999999,fixed
9.008882699999958,4,0.804,-0.002772373,-17.32733125,2.2289878919999997,13.931174325,fixed
9.03505349997431,4,0.804,-0.002768615,-17.30384375,2.22596646,13.912290375,fixed
9.057954699965194,4,0.804,-0.002772373,-17.32733125,2.2289878919999997,13.931174325,fixed
9.081152599886991,4,0.804,-0.00276705,-17.294062500000003,2.2247082000000002,13.904426250000004,fixed
9.103938999935053,4,0.804,-0.002763919,-17.27449375,2.222190876,13.888692975000001,fixed
9.129125299979933,4,0.804,-0.002767676,-17.297975,2.2252115040000002,13.907571900000002,fixed
9.153278499958105,4,0.804,-0.002764858,-17.2803625,2.222945832,13.89341145,fixed
9.175314899999648,4,0.804,-0.002768302,-17.3018875,2.2257148079999998,13.910717550000001,fixed
9.196926799952053,4,0.804,-0.002769868,-17.311674999999997,2.2269738720000003,13.918586699999999,fixed
9.221424999996088,4,0.804,-0.002766737,-17.29210625,2.224456548,13.902853425,fixed
9.243143399944529,4,0.804,-0.0027611,-17.256874999999997,2.2199244,13.8745275,fixed
9.268083399976604,4,0.804,-0.00276705,-17.294062500000003,2.2247082000000002,13.904426250000004,fixed
9.290920399944298,4,0.804,-0.002769555,-17.30971875,2.22672222,13.917013875,fixed
9.317269999999553,4,0.804,-0.002767989,-17.29993125,2.2254631560000004,13.909144725,fixed
9.339332799892873,4,0.803,-0.002771431,-17.32144375,2.225459093,13.90911933125,fixed
9.36133499990683,4,0.804,-0.002767989,-17.29993125,2.2254631560000004,13.909144725,fixed
9.384535699966364,4,0.804,-0.002768302,-17.3018875,2.2257148079999998,13.910717550000001,fixed
9.409317999961786,4,0.804,-0.002772999,-17.33124375,2.229491196,13.934319975,fixed
9.431944099953398,4,0.804,-0.002768929,-17.30580625,2.226218916,13.913868225,fixed
9.455668299924582,4,0.804,-0.002769242,-17.3077625,2.226470568,13.91544105,fixed
9.478812799905427,4,0.804,-0.002772686,-17.3292875,2.229239544,13.93274715,fixed
9.502650499925949,4,0.804,-0.002764858,-17.2803625,2.222945832,13.89341145,fixed
9.525904599926434,4,0.804,-0.002767676,-17.297975,2.2252115040000002,13.907571900000002,fixed
9.550757099990733,4,0.804,-0.002770494,-17.3155875,2.227477176,13.921732350000001,fixed
9.573942699935287,4,0.804,-0.002763292,-17.270575,2.221686768,13.885542300000001,fixed
9.596692699939013,4,0.804,-0.002768302,-17.3018875,2.2257148079999998,13.910717550000001,fixed
9.620048399898224,4,0.804,-0.002770494,-17.3155875,2.227477176,13.921732350000001,fixed
9.644385399995372,4,0.804,-0.002767363,-17.296018749999998,2.2249598520000005,13.905999074999999,fixed
9.667297999956645,4,0.804,-0.002773939,-17.33711875,2.2302469560000002,13.939043475,fixed
9.691055599949323,4,0.804,-0.00277707,-17.3566875,2.23276428,13.95477675,fixed
9.71367589989677,4,0.804,-0.002773626,-17.3351625,2.229995304,13.93747065,fixed
9.738184799905866,4,0.804,-0.002778636,-17.366475,2.234023344,13.962645900000002,fixed
9.760848399950191,4,0.804,-0.00277707,-17.3566875,2.23276428,13.95477675,fixed
9.784035099903122,4,0.804,-0.002772373,-17.32733125,2.2289878919999997,13.931174325,fixed
9.80610499996692,4,0.804,-0.002775817,-17.34885625,2.231756868,13.948480425000001,fixed
9.82869579992257,4,0.804,-0.002776444,-17.352774999999998,2.232260976,13.951631099999998,fixed
9.850978299975395,4,0.804,-0.002771434,-17.3214625,2.2282329360000004,13.92645585,fixed
9.875618599937297,4,0.804,-0.002768302,-17.3018875,2.2257148079999998,13.910717550000001,fixed
9.898519399925135,4,0.804,-0.002771747,-17.323418750000002,2.2284845880000006,13.928028675000002,fixed
9.922674499917775,4,0.804,-0.002766737,-17.29210625,2.224456548,13.902853425,fixed
9.944979599909857,4,0.804,-0.002768302,-17.3018875,2.2257148079999998,13.910717550000001,fixed
9.968269099947065,4,0.804,-0.002772686,-17.3292875,2.229239544,13.93274715,fixed
9.989954599994235,4,0.804,-0.002770807,-17.31754375,2.227728828,13.923305175,fixed
10.014387899893336,4,0.804,-0.002770181,-17.31363125,2.227225524,13.920159525,fixed
10.0355688999407,4,0.804,-0.002773939,-17.33711875,2.2302469560000002,13.939043475,fixed
10.062690099934116,4,0.803,-0.002773936,-17.3371,2.227470608,13.9216913,fixed
10.084516999893822,4,0.804,-0.002770181,-17.31363125,2.227225524,13.920159525,fixed
10.10925579990726,4,0.803,-0.002772684,-17.329275,2.226465252,13.915407825,fixed
10.131989599904045,5,0.854,-0.002706554,-16.9159625,2.3113971159999998,14.446231974999998,fixed
10.156887699966319,5,0.854,-0.002708748,-16.929675,2.313270792,14.45794245,fixed
10.178949699969962,5,0.855,-0.002714074,-16.9629625,2.32053327,14.5033329375,fixed
10.205441699945368,5,0.855,-0.002712508,-16.953175,2.31919434,14.494964625000001,fixed
10.228437699959613,5,0.855,-0.002716266,-16.9766625,2.32240743,14.515046437499999,fixed
10.252387799904682,5,0.854,-0.002714385,-16.96490625,2.31808479,14.488029937499999,fixed
10.27489689993672,5,0.854,-0.002714385,-16.96490625,2.31808479,14.488029937499999,fixed
10.298825399950147,5,0.855,-0.002719084,-16.994275,2.32481682,14.530105124999999,fixed
10.322053199983202,5,0.855,-0.002714074,-16.9629625,2.32053327,14.5033329375,fixed
10.344918599934317,5,0.855,-0.002713135,-16.957093750000002,2.319730425,14.498315156250001,fixed
10.367309900000691,5,0.854,-0.002715637,-16.97273125,2.319153998,14.4947124875,fixed
10.390139199909754,5,0.855,-0.002712821,-16.95513125,2.319461955,14.496637218750001,fixed
10.411904099979438,5,0.855,-0.002706559,-16.91599375,2.314107945,14.463174656249999,fixed
10.43683629995212,5,0.855,-0.002707185,-16.91990625,2.314643175,14.46651984375,fixed
10.458605099935085,5,0.855,-0.002712508,-16.953175,2.31919434,14.494964625000001,fixed
10.48366469994653,5,0.854,-0.002708435,-16.927718749999997,2.31300349,14.456271812499997,fixed
10.505511799943633,5,0.855,-0.002710003,-16.93751875,2.317052565,14.48157853125,fixed
10.530123499920592,5,0.855,-0.002713448,-16.959049999999998,2.3199980399999998,14.499987749999997,fixed
10.551539000007324,5,0.854,-0.002709062,-16.931637499999997,2.313538948,14.459618424999997,fixed
10.577371199964546,5,0.855,-0.00270969,-16.935562499999996,2.3167849499999997,14.479905937499996,fixed
10.598627800005488,5,0.854,-0.002712819,-16.95511875,2.316747426,14.4796714125,fixed
10.624259099946357,5,0.855,-0.002708124,-16.925775,2.31544602,14.471537625000002,fixed
10.645512599963695,5,0.855,-0.002710943,-16.94339375,2.317856265,14.486601656249999,fixed
10.670741699985228,5,0.854,-0.002713758,-16.9609875,2.317549332,14.484683325,fixed
10.692520399927162,5,0.855,-0.002711569,-16.94730625,2.318391495,14.48994684375,fixed
10.717621899908409,5,0.855,-0.002712195,-16.951218750000002,2.318926725,14.493292031250002,fixed
10.739780699950643,5,0.855,-0.0027147,-16.966875,2.3210685,14.506678125,fixed
10.76511129993014,5,0.855,-0.002711882,-16.9492625,2.31865911,14.491619437499999,fixed
10.7865310999332,5,0.855,-0.002716892,-16.980574999999998,2.32294266,14.518391624999998,fixed
10.811637799954042,5,0.855,-0.002715326,-16.9707875,2.32160373,14.5100233125,fixed
10.833520299987867,5,0.855,-0.00270969,-16.935562499999996,2.3167849499999997,14.479905937499996,fixed
10.8586723000044,5,0.855,-0.002712508,-16.953175,2.31919434,14.494964625000001,fixed
10.880444300011732,5,0.855,-0.002710003,-16.93751875,2.317052565,14.48157853125,fixed
10.905600299942307,5,0.854,-0.002710001,-16.937506250000002,2.3143408539999997,14.464630337500001,fixed
10.92757860000711,5,0.855,-0.002716266,-16.9766625,2.32240743,14.515046437499999,fixed
10.952565399929881,5,0.855,-0.002715326,-16.9707875,2.32160373,14.5100233125,fixed
10.974708499968983,5,0.855,-0.002712195,-16.951218750000002,2.318926725,14.493292031250002,fixed
10.999348799930885,5,0.854,-0.002715324,-16.970775,2.318886696,14.49304185,fixed
11.020459599909373,5,0.855,-0.002710943,-16.94339375,2.317856265,14.486601656249999,fixed
11.041485499939881,5,0.855,-0.002708751,-16.92969375,2.315982105,14.474888156249998,fixed
11.062772099976428,5,0.855,-0.002708438,-16.9277375,2.31571449,14.473215562499998,fixed
11.084520799922757,5,0.855,-0.002711256,-16.94535,2.31812388,14.48827425,fixed
11.111499899998307,5,0.855,-0.002715953,-16.97470625,2.3221398150000003,14.513373843750001,fixed
11.13344090001192,5,0.854,-0.00271094,-16.943375,2.3151427599999996,14.46964225,fixed
11.158555299974978,5,0.855,-0.002711882,-16.9492625,2.31865911,14.491619437499999,fixed
11.180382099933922,5,0.855,-0.002710316,-16.939474999999998,2.31732018,14.483251124999999,fixed
11.205783099983819,5,0.855,-0.002708438,-16.9277375,2.31571449,14.473215562499998,fixed
11.227838499937207,5,0.855,-0.002712195,-16.951218750000002,2.318926725,14.493292031250002,fixed
11.25248649995774,5,0.854,-0.002710314,-16.9394625,2.314608156,14.466300975000001,fixed
11.27444840001408,5,0.855,-0.00270969,-16.935562499999996,2.3167849499999997,14.479905937499996,fixed
11.302668699994683,5,0.855,-0.002713448,-16.959049999999998,2.3199980399999998,14.499987749999997,fixed
11.324663999956101,5,0.855,-0.002711569,-16.94730625,2.318391495,14.48994684375,fixed
11.34681209991686,5,0.855,-0.002716579,-16.978618750000003,2.322675045,14.516719031250002,fixed
11.368856799905188,5,0.855,-0.002717518,-16.9844875,2.32347789,14.5217368125,fixed
11.39470209996216,5,0.855,-0.002715326,-16.9707875,2.32160373,14.5100233125,fixed
11.416769600007683,5,0.855,-0.002715953,-16.97470625,2.3221398150000003,14.513373843750001,fixed
11.44082639995031,5,0.855,-0.002715013,-16.968831249999997,2.3213361150000003,14.508350718749998,fixed
11.462818500003777,5,0.855,-0.002708438,-16.9277375,2.31571449,14.473215562499998,fixed
11.488832799950615,5,0.855,-0.002710629,-16.94143125,2.317587795,14.48492371875,fixed
11.510853499989025,5,0.854,-0.002711253,-16.94533125,2.3154100619999998,14.471312887499998,fixed
11.53409329999704,5,0.854,-0.002710001,-16.937506250000002,2.3143408539999997,14.464630337500001,fixed
11.55580450000707,5,0.854,-0.002715637,-16.97273125,2.319153998,14.4947124875,fixed
11.581378099974245,5,0.855,-0.002718458,-16.9903625,2.32428159,14.5267599375,fixed
11.602851099916734,5,0.855,-0.002714074,-16.9629625,2.32053327,14.5033329375,fixed
11.627755899913609,5,0.855,-0.002714387,-16.96491875,2.320800885,14.50500553125,fixed
11.649468099931255,5,0.855,-0.002716579,-16.978618750000003,2.322675045,14.516719031250002,fixed
11.674347899970599,5,0.855,-0.002711569,-16.94730625,2.318391495,14.48994684375,fixed
11.695482300012372,5,0.855,-0.002713448,-16.959049999999998,2.3199980399999998,14.499987749999997,fixed
11.721375399967656,5,0.855,-0.002712508,-16.953175,2.31919434,14.494964625000001,fixed
11.742756399908103,5,0.854,-0.002704678,-16.9042375,2.309795012,14.436218825000001,fixed
11.76723190001212,5,0.854,-0.002704991,-16.906193749999996,2.310062314,14.437889462499996,fixed
11.788437200011685,5,0.854,-0.002710001,-16.937506250000002,2.3143408539999997,14.464630337500001,fixed
11.813884299946949,5,0.854,-0.002707809,-16.92380625,2.3124688859999996,14.452930537499999,fixed
11.835560099920258,5,0.854,-0.002711253,-16.94533125,2.3154100619999998,14.471312887499998,fixed
11.860571899916977,5,0.854,-0.002715011,-16.968818749999997,2.3186193939999997,14.491371212499997,fixed
11.88239899999462,5,0.854,-0.002707183,-16.91989375,2.311934282,14.4495892625,fixed
11.907132499967702,5,0.855,-0.002705306,-16.9081625,2.31303663,14.4564789375,fixed
11.928511400008574,5,0.855,-0.002711569,-16.94730625,2.318391495,14.48994684375,fixed
11.953670299961232,5,0.855,-0.00270969,-16.935562499999996,2.3167849499999997,14.479905937499996,fixed
11.975551399984397,5,0.854,-0.002710314,-16.9394625,2.314608156,14.466300975000001,fixed
12.000267699942924,5,0.855,-0.002714074,-16.9629625,2.32053327,14.5033329375,fixed
12.021317199920304,5,0.855,-0.002710003,-16.93751875,2.317052565,14.48157853125,fixed
12.046417500008829,5,0.854,-0.002710314,-16.9394625,2.314608156,14.466300975000001,fixed
12.068409899948165,5,0.854,-0.002716263,-16.97664375,2.3196886020000003,14.4980537625,fixed
12.093012999976054,5,0.854,-0.002714385,-16.96490625,2.31808479,14.488029937499999,fixed
12.114399699959904,5,0.855,-0.002712508,-16.953175,2.31919434,14.494964625000001,fixed
12.139614499988966,6,0.904,-0.002598776,-16.24235,2.3492935040000003,14.683084399999998,fixed
12.161376599920914,6,0.904,-0.002595334,-16.2208375,2.346181936,14.663637099999999,fixed
12.18727469991427,6,0.904,-0.002594081,-16.213006249999996,2.3450492240000003,14.656557649999996,fixed
12.20837499992922,6,0.904,-0.002600031,-16.25019375,2.350428024,14.690175150000002,fixed
12.232790099922568,6,0.904,-0.002596899,-16.23061875,2.347596696,14.672479350000001,fixed
12.254324699984863,6,0.904,-0.002593455,-16.20909375,2.34448332,14.653020750000001,fixed
12.278357599978335,6,0.904,-0.002593768,-16.21105,2.344766272,14.6547892,fixed
12.300298599991947,6,0.905,-0.00259471,-16.2169375,2.34821255,14.6763284375,fixed
12.325307299965061,6,0.904,-0.002592203,-16.20126875,2.3433515120000004,14.64594695,fixed
12.346297799958847,6,0.904,-0.002595334,-16.2208375,2.346181936,14.663637099999999,fixed
12.371848599985242,6,0.904,-0.002598465,-16.24040625,2.34901236,14.68132725,fixed
12.39332699996885,6,0.904,-0.002596273,-16.22670625,2.3470307920000004,14.66894245,fixed
12.419827900012024,6,0.905,-0.002597528,-16.23455,2.35076284,14.69226775,fixed
12.441939499927685,6,0.904,-0.002598152,-16.238449999999997,2.348729408,14.679558799999997,fixed
12.466941399965435,6,0.904,-0.002598152,-16.238449999999997,2.348729408,14.679558799999997,fixed
12.489592199912295,6,0.904,-0.002604101,-16.27563125,2.3541073040000002,14.71317065,fixed
12.515486899996176,6,0.904,-0.002600344,-16.25215,2.3507109760000002,14.6919436,fixed
12.538609299925156,6,0.905,-0.002602851,-16.26781875,2.355580155,14.72237596875,fixed
12.562189999967813,6,0.905,-0.00259972,-16.24825,2.3527466,14.704666249999999,fixed
12.584553399938159,6,0.904,-0.002594394,-16.2149625,2.345332176,14.6583261,fixed
12.610541999922134,6,0.905,-0.002596589,-16.228681249999998,2.3499130449999996,14.686956531249999,fixed
12.633651199983433,6,0.905,-0.002592518,-16.203237499999997,2.34622879,14.663929937499997,fixed
12.656634200015105,6,0.905,-0.002595963,-16.224768750000003,2.349346515,14.683415718750004,fixed
12.678957299911417,6,0.904,-0.002599718,-16.248237500000002,2.350145072,14.688406700000002,fixed
12.702671599923633,6,0.904,-0.002600031,-16.25019375,2.350428024,14.690175150000002,fixed
12.725786099908873,6,0.904,-0.002596586,-16.228662500000002,2.347313744,14.670710900000003,fixed
12.751648599980399,6,0.904,-0.00260097,-16.256062500000002,2.3512768800000003,14.695480500000002,fixed
12.774331099935807,6,0.905,-0.002597841,-16.236506249999998,2.3510461050000004,14.694038156249999,fixed
12.799042199971154,6,0.905,-0.002600973,-16.256081249999998,2.353880565,14.711753531249999,fixed
12.821762299980037,6,0.904,-0.002601909,-16.26193125,2.352125736,14.70078585,fixed
12.845742099918425,6,0.905,-0.002599094,-16.2443375,2.35218007,14.7011254375,fixed
12.868612199905328,6,0.904,-0.002605041,-16.281506250000003,2.354957064,14.718481650000003,fixed
12.894212999963202,6,0.904,-0.002604728,-16.27955,2.354674112,14.716713200000001,fixed
12.916518299956806,6,0.905,-0.002603165,-16.26978125,2.355864325,14.724152031250002,fixed
12.940364499925636,6,0.904,-0.002607859,-16.299118749999998,2.3575045360000004,14.73440335,fixed
12.963822999969125,6,0.904,-0.002602223,-16.263893749999998,2.352409592,14.702559949999998,fixed
12.988061100011691,6,0.905,-0.002601912,-16.26195,2.35473036,14.717064749999999,fixed
13.01062610000372,6,0.904,-0.002601596,-16.259974999999997,2.3518427839999996,14.699017399999997,fixed
13.033731999923475,6,0.905,-0.002597841,-16.236506249999998,2.3510461050000004,14.694038156249999,fixed
13.055763999931514,6,0.904,-0.002600344,-16.25215,2.3507109760000002,14.6919436,fixed
13.08099249994848,6,0.905,-0.002601286,-16.2580375,2.35416383,14.713523937500002,fixed
13.10354219994042,6,0.904,-0.002595647,-16.22279375,2.346464888,14.665405550000001,fixed
13.128165100002661,6,0.904,-0.002597526,-16.234537500000002,2.348163504,14.676021900000002,fixed
13.150718699907884,6,0.904,-0.002600031,-16.25019375,2.350428024,14.690175150000002,fixed
13.17450409999583,6,0.904,-0.002595334,-16.2208375,2.346181936,14.663637099999999,fixed
13.197968199965544,6,0.904,-0.002598152,-16.238449999999997,2.348729408,14.679558799999997,fixed
13.221056999987923,6,0.905,-0.002598468,-16.240425,2.3516135400000002,14.697584625,fixed
13.243790799984708,6,0.904,-0.002593142,-16.2071375,2.344200368,14.651252300000001,fixed
13.26782639999874,6,0.904,-0.002592516,-16.203225,2.343634464,14.647715400000001,fixed
13.290753099950962,6,0.904,-0.002596899,-16.23061875,2.347596696,14.672479350000001,fixed
13.315309899975546,6,0.904,-0.002592829,-16.20518125,2.343917416,14.64948385,fixed
13.338626299984753,6,0.904,-0.002595647,-16.22279375,2.346464888,14.665405550000001,fixed
13.36167279991787,6,0.904,-0.002594394,-16.2149625,2.345332176,14.6583261,fixed
13.384752199985087,6,0.905,-0.002589387,-16.18366875,2.3433952349999996,14.646220218749999,fixed
13.408895300002769,6,0.904,-0.002592829,-16.20518125,2.343917416,14.64948385,fixed
13.431582399993204,6,0.905,-0.002591579,-16.197368750000003,2.3453789950000004,14.658618718750002,fixed
13.455254699918441,6,0.904,-0.002587819,-16.17386875,2.3393883759999996,14.62117735,fixed
13.477575399912894,6,0.904,-0.002591889,-16.19930625,2.3430676559999997,14.64417285,fixed
13.501528900000267,6,0.904,-0.002592829,-16.20518125,2.343917416,14.64948385,fixed
13.524737800005823,6,0.904,-0.00258688,-16.168000000000003,2.3385395200000003,14.615872000000003,fixed
13.548968699993566,6,0.904,-0.002591889,-16.19930625,2.3430676559999997,14.64417285,fixed
13.57179879990872,6,0.904,-0.002593768,-16.21105,2.344766272,14.6547892,fixed
13.595666399924085,6,0.905,-0.002590326,-16.1895375,2.3442450299999997,14.651531437500001,fixed
13.61857950000558,6,0.904,-0.00259596,-16.22475,2.3467478400000004,14.667174000000001,fixed
13.643136499915272,6,0.904,-0.002593455,-16.20909375,2.34448332,14.653020750000001,fixed
13.665644499938935,6,0.905,-0.002588448,-16.1778,2.3425454400000003,14.640909000000002,fixed
13.689810100011528,6,0.904,-0.002592829,-16.20518125,2.343917416,14.64948385,fixed
13.713032100000419,6,0.905,-0.0025897,-16.185625,2.3436784999999998,14.647990625000002,fixed
13.73746370000299,6,0.904,-0.002587192,-16.16995,2.3388215679999997,14.617634800000001,fixed
13.761258099926636,6,0.905,-0.002592831,-16.20519375,2.346512055,14.66570034375,fixed
13.784488999983296,6,0.905,-0.002588448,-16.1778,2.3425454400000003,14.640909000000002,fixed
13.807748999912292,6,0.904,-0.002592203,-16.20126875,2.3433515120000004,14.64594695,fixed
13.831156099913642,6,0.904,-0.002595334,-16.2208375,2.346181936,14.663637099999999,fixed
13.8537124999566,6,0.904,-0.002591576,-16.19735,2.342784704,14.6424044,fixed
13.87760329991579,6,0.904,-0.002592829,-16.20518125,2.343917416,14.64948385,fixed
13.900702600018121,6,0.904,-0.002598152,-16.238449999999997,2.348729408,14.679558799999997,fixed
13.92504309990909,6,0.904,-0.002594708,-16.216925,2.3456160319999997,14.6601002,fixed
13.947672299924307,6,0.904,-0.002597526,-16.234537500000002,2.348163504,14.676021900000002,fixed
13.970877300016582,6,0.905,-0.002598468,-16.240425,2.3516135400000002,14.697584625,fixed
13.993693999946117,6,0.904,-0.00259596,-16.22475,2.3467478400000004,14.667174000000001,fixed
14.01777359994594,6,0.904,-0.002597213,-16.23258125,2.347880552,14.67425345,fixed
14.040737199946307,6,0.904,-0.002599091,-16.24431875,2.349578264,14.684864150000001,fixed
14.065028099925257,6,0.904,-0.002592829,-16.20518125,2.343917416,14.64948385,fixed
14.08769219997339,6,0.905,-0.002595023,-16.218893750000003,2.348495815,14.678098843750004,fixed
14.111979899927974,6,0.905,-0.002595963,-16.224768750000003,2.349346515,14.683415718750004,fixed
14.134842699975707,6,0.905,-0.002589387,-16.18366875,2.3433952349999996,14.646220218749999,fixed
14.159304199973121,7,0.954,-0.002333184,-14.582399999999998,2.225857536,13.911609599999997,fixed
14.182828399934806,7,0.955,-0.002331937,-14.574606249999999,2.226999835,13.918748968749998,fixed
14.2064803999383,7,0.955,-0.002330058,-14.562862499999998,2.2252053899999997,13.907533687499997,fixed
14.23001909989398,7,0.955,-0.002333816,-14.586349999999998,2.22879428,13.929964249999998,fixed
14.253274399903603,7,0.955,-0.002331621,-14.572631249999999,2.226698055,13.916862843749998,fixed
14.27573529991787,7,0.955,-0.002330995,-14.56871875,2.2261002249999997,13.913126406249999,fixed
14.300576399895363,7,0.955,-0.002335069,-14.594181249999998,2.229990895,13.937443093749998,fixed
14.323809399968013,7,0.955,-0.002331624,-14.572650000000001,2.2267009200000003,13.91688075,fixed
14.348006299929693,7,0.955,-0.002331624,-14.572650000000001,2.2267009200000003,13.91688075,fixed
14.370677899918519,7,0.955,-0.002334442,-14.5902625,2.2293921099999996,13.933700687499998,fixed
14.394238899927586,7,0.955,-0.002330998,-14.568737500000001,2.2261030899999996,13.9131443125,fixed
14.416730499942787,7,0.955,-0.002331311,-14.570693749999998,2.2264020049999997,13.915012531249998,fixed
14.44070609996561,7,0.955,-0.002335381,-14.59613125,2.230288855,13.939305343749998,fixed
14.463672999991104,7,0.955,-0.002331937,-14.574606249999999,2.226999835,13.918748968749998,fixed
14.488860699930228,7,0.955,-0.002333816,-14.586349999999998,2.22879428,13.929964249999998,fixed
14.51185089990031,7,0.955,-0.002336947,-14.605918749999999,2.231784385,13.948652406249998,fixed
14.536432099994272,7,0.955,-0.002331624,-14.572650000000001,2.2267009200000003,13.91688075,fixed
14.55995999998413,7,0.955,-0.002335379,-14.596118749999997,2.230286945,13.939293406249996,fixed
14.583377499948256,7,0.955,-0.002332874,-14.5804625,2.2278946699999995,13.924341687499998,fixed
14.606946099898778,7,0.955,-0.002330369,-14.56480625,2.225502395,13.90938996875,fixed
14.6315904998919,7,0.955,-0.002333503,-14.584393749999998,2.2284953649999997,13.928096031249998,fixed
14.654875199892558,7,0.955,-0.002329116,-14.556975,2.22430578,13.901911125,fixed
14.678621099912561,7,0.955,-0.002331308,-14.570675,2.22639914,13.914994624999999,fixed
14.70189029991161,7,0.955,-0.00233225,-14.576562500000001,2.22729875,13.920617187500001,fixed
14.72481639997568,7,0.955,-0.002327551,-14.54719375,2.2228112049999997,13.89257003125,fixed
14.747899999958463,7,0.955,-0.002329119,-14.55699375,2.224308645,13.901929031249999,fixed
14.773574399994686,7,0.955,-0.002330995,-14.56871875,2.2261002249999997,13.913126406249999,fixed
14.796754699898884,7,0.955,-0.00232724,-14.545249999999998,2.2225141999999996,13.890713749999998,fixed
14.819739499944262,7,0.955,-0.002331311,-14.570693749999998,2.2264020049999997,13.915012531249998,fixed
14.842833599890582,7,0.955,-0.002330369,-14.56480625,2.225502395,13.90938996875,fixed
14.867154699983075,7,0.955,-0.002326925,-14.54328125,2.222213375,13.888833593749998,fixed
14.8898355999263,7,0.955,-0.002332248,-14.57655,2.2272968399999997,13.92060525,fixed
14.91443389991764,7,0.955,-0.002331621,-14.572631249999999,2.226698055,13.916862843749998,fixed
14.93789529998321,7,0.955,-0.00232943,-14.558937499999999,2.2246056499999995,13.903785312499998,fixed
14.962276099948213,7,0.955,-0.002330372,-14.564824999999997,2.22550526,13.909407874999998,fixed
14.984829499968328,7,0.955,-0.002326298,-14.5393625,2.22161459,13.885091187499999,fixed
15.008281899965368,7,0.955,-0.002327551,-14.54719375,2.2228112049999997,13.89257003125,fixed
15.030818899977021,7,0.955,-0.002329745,-14.560906249999999,2.224906475,13.905665468749998,fixed
15.05465019994881,7,0.955,-0.002327864,-14.54915,2.22311012,13.894438249999999,fixed
15.077770399977453,7,0.955,-0.002328806,-14.555037500000001,2.22400973,13.9000608125,fixed
15.101707399939187,7,0.955,-0.002332564,-14.578525,2.22759862,13.922491375,fixed
15.124637899920344,7,0.955,-0.002329432,-14.558950000000001,2.22460756,13.90379725,fixed
15.149013899965212,7,0.955,-0.002330372,-14.564824999999997,2.22550526,13.909407874999998,fixed
15.171669899951667,7,0.955,-0.002330369,-14.56480625,2.225502395,13.90938996875,fixed
15.196324299904518,7,0.955,-0.002323483,-14.52176875,2.218926265,13.868289156249999,fixed
15.219899699906819,7,0.955,-0.002326925,-14.54328125,2.222213375,13.888833593749998,fixed
15.24336499988567,7,0.955,-0.002324735,-14.52959375,2.220121925,13.87576203125,fixed
15.2685992999468,7,0.955,-0.00232348,-14.521749999999999,2.2189234,13.86827125,fixed
15.291810199967586,7,0.955,-0.002329116,-14.556975,2.22430578,13.901911125,fixed
15.314833199954592,7,0.955,-0.002323793,-14.523706250000002,2.219222315,13.87013946875,fixed
15.337831899989396,7,0.955,-0.002326925,-14.54328125,2.222213375,13.888833593749998,fixed
15.360702899983153,7,0.955,-0.002331621,-14.572631249999999,2.226698055,13.916862843749998,fixed
15.384790699928999,7,0.955,-0.002328803,-14.555018749999999,2.2240068649999998,13.900042906249999,fixed
15.406842999975197,7,0.955,-0.002329432,-14.558950000000001,2.22460756,13.90379725,fixed
15.428866699920036,7,0.955,-0.002331937,-14.574606249999999,2.226999835,13.918748968749998,fixed
15.450822899932973,7,0.955,-0.002334127,-14.58829375,2.229091285,13.931820531249999,fixed
15.474589899880812,7,0.955,-0.002331935,-14.574593749999998,2.226997925,13.918737031249998,fixed
15.497403299901634,7,0.955,-0.002331624,-14.572650000000001,2.2267009200000003,13.91688075,fixed
15.523523099953309,7,0.955,-0.00233319,-14.582437500000001,2.22819645,13.9262278125,fixed
15.5468410999747,7,0.955,-0.00232724,-14.545249999999998,2.2225141999999996,13.890713749999998,fixed
15.570389599888586,7,0.955,-0.002329119,-14.55699375,2.224308645,13.901929031249999,fixed
15.593834799947217,7,0.955,-0.002326611,-14.54131875,2.221913505,13.88695940625,fixed
15.61661089991685,7,0.955,-0.002325672,-14.535449999999999,2.2210167599999995,13.881354749999998,fixed
15.639656199957244,7,0.955,-0.002329743,-14.56089375,2.224904565,13.90565353125,fixed
15.664324099896476,7,0.955,-0.002329116,-14.556975,2.22430578,13.901911125,fixed
15.68777229997795,7,0.955,-0.002328803,-14.555018749999999,2.2240068649999998,13.900042906249999,fixed
15.71352069999557,7,0.955,-0.002332561,-14.57850625,2.227595755,13.922473468749999,fixed
15.73681759997271,7,0.955,-0.002327867,-14.54916875,2.2231129849999998,13.89445615625,fixed
15.75967259996105,7,0.955,-0.002331935,-14.574593749999998,2.226997925,13.918737031249998,fixed
15.783261199947447,7,0.955,-0.002330372,-14.564824999999997,2.22550526,13.909407874999998,fixed
15.806877399911173,7,0.955,-0.002325985,-14.53740625,2.221315675,13.88322296875,fixed
15.829694199957885,7,0.955,-0.00232849,-14.5530625,2.2237079499999997,13.8981746875,fixed
15.854011999908835,7,0.955,-0.002329743,-14.56089375,2.224904565,13.90565353125,fixed
15.87688839994371,7,0.955,-0.002327553,-14.54720625,2.222813115,13.89258196875,fixed
15.901785199996084,7,0.955,-0.00233225,-14.576562500000001,2.22729875,13.920617187500001,fixed
15.924842199892737,7,0.955,-0.002328803,-14.555018749999999,2.2240068649999998,13.900042906249999,fixed
15.949397899908945,7,0.955,-0.002327867,-14.54916875,2.2231129849999998,13.89445615625,fixed
15.972845099982806,7,0.955,-0.002327551,-14.54719375,2.2228112049999997,13.89257003125,fixed
15.995550699881278,7,0.955,-0.00232223,-14.5139375,2.2177296500000003,13.8608103125,fixed
16.01875129994005,7,0.955,-0.002324106,-14.5256625,2.21952123,13.872007687499998,fixed
16.041646999889053,7,0.955,-0.002325362,-14.5335125,2.22072071,13.8795044375,fixed
16.065077999955975,7,0.955,-0.002319725,-14.49828125,2.215337375,13.84585859375,fixed
16.08903969998937,7,0.955,-0.002320038,-14.500237499999999,2.2156362899999995,13.847726812499998,fixed
16.112051299889572,7,0.955,-0.002325675,-14.53546875,2.221019625,13.881372656249999,fixed
16.136072299908847,7,0.955,-0.00232317,-14.519812499999999,2.2186273499999998,13.866420937499997,fixed
16.159902200102806,8,0.945,-0.00239827,-14.9891875,2.26636515,14.164782187499998,fixed
16.18281130003743,8,0.945,-0.002397954,-14.9872125,2.26606653,14.1629158125,fixed
16.20589480001945,8,0.945,-0.002392634,-14.953962499999998,2.26103913,14.131494562499997,fixed
16.230790200061165,8,0.945,-0.002394197,-14.963731249999999,2.2625161649999996,14.140726031249997,fixed
16.25368150009308,8,0.945,-0.002392944,-14.9559,2.2613320800000003,14.1333255,fixed
16.27853730006609,8,0.945,-0.002391379,-14.946118749999998,2.259853155,14.124082218749997,fixed
16.30180360004306,8,0.945,-0.002396389,-14.97743125,2.264587605,14.153672531249999,fixed
16.324726700084284,8,0.945,-0.00239326,-14.957874999999998,2.2616307,14.135191874999997,fixed
16.347809400060214,8,0.945,-0.002394197,-14.963731249999999,2.2625161649999996,14.140726031249997,fixed
16.370908400043845,8,0.945,-0.002398267,-14.989168750000001,2.266362315,14.16476446875,fixed
16.393337900051847,8,0.945,-0.002395762,-14.9735125,2.26399509,14.1499693125,fixed
16.418278200086206,8,0.945,-0.002393257,-14.95785625,2.261627865,14.13517415625,fixed
16.44081850000657,8,0.945,-0.002397015,-14.98134375,2.265179175,14.15736984375,fixed
16.467273300047964,8,0.945,-0.002392318,-14.9519875,2.2607405099999998,14.129628187499998,fixed
16.495202400023118,8,0.945,-0.002393884,-14.961775000000001,2.26222038,14.138877375,fixed
16.517785800038837,8,0.945,-0.002391065,-14.944156249999999,2.259556425,14.122227656249999,fixed
16.542134000104852,8,0.945,-0.002395762,-14.9735125,2.26399509,14.1499693125,fixed
16.56479160010349,8,0.945,-0.002391692,-14.948075,2.2601489399999997,14.125930874999998,fixed
16.58964050002396,8,0.945,-0.00239357,-14.9598125,2.26192365,14.1370228125,fixed
16.61276870011352,8,0.945,-0.002394197,-14.963731249999999,2.2625161649999996,14.140726031249997,fixed
16.636332700029016,8,0.945,-0.002392318,-14.9519875,2.2607405099999998,14.129628187499998,fixed
16.658952800091356,8,0.945,-0.002394823,-14.967643749999997,2.263107735,14.144423343749997,fixed
16.683283900027163,8,0.945,-0.002396076,-14.975475,2.26429182,14.151823874999998,fixed
16.705814200104214,8,0.945,-0.0023895,-14.934375,2.2580775,14.112984374999998,fixed
16.730897600064054,8,0.945,-0.002392005,-14.95003125,2.260444725,14.127779531249999,fixed
16.752689100103453,8,0.945,-0.002390752,-14.9422,2.25926064,14.120379,fixed
16.774598900112323,8,0.945,-0.002388874,-14.930462499999999,2.2574859299999996,14.109287062499998,fixed
16.796745600062422,8,0.945,-0.002391692,-14.948075,2.2601489399999997,14.125930874999998,fixed
16.82061410008464,8,0.945,-0.002396076,-14.975475,2.26429182,14.151823874999998,fixed
16.84291220002342,8,0.945,-0.002395762,-14.9735125,2.26399509,14.1499693125,fixed
16.867731200065464,8,0.945,-0.00239357,-14.9598125,2.26192365,14.1370228125,fixed
16.890035000047646,8,0.945,-0.002399207,-14.99504375,2.267250615,14.17031634375,fixed
16.91442970011849,8,0.945,-0.002399207,-14.99504375,2.267250615,14.17031634375,fixed
16.93675100011751,8,0.945,-0.002395136,-14.9696,2.26340352,14.146272,fixed
16.962627200060524,8,0.945,-0.002398893,-14.993081250000001,2.266953885,14.16846178125,fixed
16.98608920001425,8,0.945,-0.002392944,-14.9559,2.2613320800000003,14.1333255,fixed
17.01007290009875,8,0.945,-0.00239357,-14.9598125,2.26192365,14.1370228125,fixed
17.03297840000596,8,0.945,-0.002391379,-14.946118749999998,2.259853155,14.124082218749997,fixed
17.057147500105202,8,0.945,-0.002386995,-14.918718749999998,2.2557102749999993,14.098189218749997,fixed
17.08008660003543,8,0.945,-0.002390439,-14.940243749999999,2.2589648549999994,14.118530343749999,fixed
17.10320040001534,8,0.945,-0.002391065,-14.944156249999999,2.259556425,14.122227656249999,fixed
17.126028100028634,8,0.945,-0.002387934,-14.9245875,2.25659763,14.103735187499998,fixed
17.14920320000965,8,0.945,-0.002390752,-14.9422,2.25926064,14.120379,fixed
17.171926800045185,8,0.945,-0.002393884,-14.961775000000001,2.26222038,14.138877375,fixed
17.19686210004147,8,0.945,-0.002391692,-14.948075,2.2601489399999997,14.125930874999998,fixed
17.219948400044814,8,0.945,-0.002395762,-14.9735125,2.26399509,14.1499693125,fixed
17.243548800004646,8,0.945,-0.002396076,-14.975475,2.26429182,14.151823874999998,fixed
17.266882400028408,8,0.945,-0.002391379,-14.946118749999998,2.259853155,14.124082218749997,fixed
17.29066270007752,8,0.945,-0.002396702,-14.979387500000001,2.2648833899999996,14.1555211875,fixed
17.313916700077243,8,0.945,-0.002396076,-14.975475,2.26429182,14.151823874999998,fixed
17.337275700061582,8,0.945,-0.00239451,-14.9656875,2.2628119499999997,14.142574687499998,fixed
17.36003280011937,8,0.945,-0.002399207,-14.99504375,2.267250615,14.17031634375,fixed
17.383831800078042,8,0.945,-0.002401398,-15.008737499999999,2.26932111,14.183256937499998,fixed
17.406948000076227,8,0.945,-0.002398893,-14.993081250000001,2.266953885,14.16846178125,fixed
17.429835200076923,8,0.945,-0.002401398,-15.008737499999999,2.26932111,14.183256937499998,fixed
17.4529602000257,8,0.945,-0.002401712,-15.010699999999998,2.26961784,14.185111499999998,fixed
17.47763320012018,8,0.945,-0.00239952,-14.996999999999998,2.2675463999999996,14.172164999999998,fixed
17.500885900110006,8,0.945,-0.002402651,-15.016568750000001,2.270505195,14.19065746875,fixed
17.524471800075844,8,0.945,-0.002400146,-15.000912500000002,2.26813797,14.175862312500001,fixed
17.547082800068893,8,0.945,-0.002396702,-14.979387500000001,2.2648833899999996,14.1555211875,fixed
17.570681600016542,8,0.945,-0.002401086,-15.006787500000002,2.2690262700000003,14.181414187500001,fixed
17.59431630000472,8,0.945,-0.002400459,-15.002868750000001,2.268433755,14.17771096875,fixed
17.61834460007958,8,0.945,-0.002398581,-14.99113125,2.2666590449999995,14.166619031249999,fixed
17.641022500116378,8,0.945,-0.002402025,-15.012656250000001,2.2699136249999996,14.18696015625,fixed
17.663810400059447,8,0.945,-0.002400146,-15.000912500000002,2.26813797,14.175862312500001,fixed
17.687023700098507,8,0.945,-0.002396389,-14.97743125,2.264587605,14.153672531249999,fixed
17.711740100057796,8,0.945,-0.002398893,-14.993081250000001,2.266953885,14.16846178125,fixed
17.734991800040007,8,0.945,-0.002397641,-14.985256249999997,2.2657707449999998,14.161067156249997,fixed
17.759130500024185,8,0.945,-0.002397954,-14.9872125,2.26606653,14.1629158125,fixed
17.782062700018287,8,0.945,-0.002402025,-15.012656250000001,2.2699136249999996,14.18696015625,fixed
17.806076700100675,8,0.945,-0.002397641,-14.985256249999997,2.2657707449999998,14.161067156249997,fixed
17.828936300007626,8,0.945,-0.002397328,-14.9833,2.2654749599999997,14.1592185,fixed
17.852783500100486,8,0.945,-0.002398267,-14.989168750000001,2.266362315,14.16476446875,fixed
17.876440200023353,8,0.945,-0.002392944,-14.9559,2.2613320800000003,14.1333255,fixed
17.8994269000832,8,0.945,-0.002394823,-14.967643749999997,2.263107735,14.144423343749997,fixed
17.922040300094523,8,0.945,-0.002397328,-14.9833,2.2654749599999997,14.1592185,fixed
17.94533760007471,8,0.945,-0.002394823,-14.967643749999997,2.263107735,14.144423343749997,fixed
17.967993200058118,8,0.945,-0.002394823,-14.967643749999997,2.263107735,14.144423343749997,fixed
17.991861800081097,8,0.945,-0.002398893,-14.993081250000001,2.266953885,14.16846178125,fixed
18.015070200082846,8,0.945,-0.002397954,-14.9872125,2.26606653,14.1629158125,fixed
18.038062100065872,8,0.945,-0.002397328,-14.9833,2.2654749599999997,14.1592185,fixed
18.06094120000489,8,0.945,-0.002400459,-15.002868750000001,2.268433755,14.17771096875,fixed
18.085047300090082,8,0.945,-0.002398267,-14.989168750000001,2.266362315,14.16476446875,fixed
18.10810740001034,8,0.945,-0.002396076,-14.975475,2.26429182,14.151823874999998,fixed
18.133668800117448,8,0.945,-0.002397328,-14.9833,2.2654749599999997,14.1592185,fixed
18.157034800038673,8,0.945,-0.002392005,-14.95003125,2.260444725,14.127779531249999,fixed
18.180941800004803,9,0.935,-0.002456772,-15.354825,2.2970818200000003,14.356761375000001,fixed
18.20416310010478,9,0.935,-0.002453327,-15.33329375,2.293860745,14.33662965625,fixed
18.228365900111385,9,0.935,-0.002448944,-15.3059,2.28976264,14.311016500000001,fixed
18.25094810000155,9,0.935,-0.002454267,-15.33916875,2.294739645,14.342122781250001,fixed
18.274060200084932,9,0.935,-0.002451762,-15.3235125,2.29239747,14.3274841875,fixed
18.297207200084813,9,0.935,-0.002448944,-15.3059,2.28976264,14.311016500000001,fixed
18.32077270001173,9,0.935,-0.002452701,-15.329381249999999,2.293275435,14.33297146875,fixed
18.343902200111188,9,0.935,-0.002454267,-15.33916875,2.294739645,14.342122781250001,fixed
18.368238800088875,9,0.935,-0.002452075,-15.32546875,2.2926901250000005,14.329313281250002,fixed
18.39149810001254,9,0.935,-0.002456146,-15.350912500000002,2.2964965100000003,14.353103187500002,fixed
18.41533710004296,9,0.935,-0.002453641,-15.335256249999999,2.294154335,14.33846459375,fixed
18.43816720007453,9,0.935,-0.002453954,-15.3372125,2.2944469900000004,14.3402936875,fixed
18.463843000005,9,0.935,-0.002458024,-15.36265,2.29825244,14.364077750000002,fixed
18.487317000050098,9,0.935,-0.002450196,-15.313725,2.29093326,14.318332875000001,fixed
18.510897000087425,9,0.935,-0.002452701,-15.329381249999999,2.293275435,14.33297146875,fixed
18.534117600065656,9,0.935,-0.002451762,-15.3235125,2.29239747,14.3274841875,fixed
18.557159700081684,9,0.935,-0.002448631,-15.303943750000002,2.289469985,14.309187406250002,fixed
18.58559380006045,9,0.935,-0.002450822,-15.3176375,2.29151857,14.3219910625,fixed
18.608142100041732,9,0.935,-0.002449883,-15.311768749999999,2.290640605,14.316503781249999,fixed
18.633032400044613,9,0.935,-0.002455832,-15.34895,2.29620292,14.35126825,fixed
18.656294500106014,9,0.935,-0.002453327,-15.33329375,2.293860745,14.33662965625,fixed
18.680542800109833,9,0.935,-0.002456459,-15.352868749999997,2.296789165,14.354932281249997,fixed
18.703114800038747,9,0.935,-0.00245959,-15.372437500000002,2.29971665,14.373229062500002,fixed
18.728327100048773,9,0.935,-0.002453954,-15.3372125,2.2944469900000004,14.3402936875,fixed
18.751124100061134,9,0.935,-0.002454893,-15.343081250000001,2.2953249550000003,14.345780968750002,fixed
18.77422220003791,9,0.935,-0.00245458,-15.341125,2.2950323000000004,14.343951875,fixed
18.797082200064324,9,0.935,-0.002449883,-15.311768749999999,2.290640605,14.316503781249999,fixed
18.820441500050947,9,0.935,-0.002451762,-15.3235125,2.29239747,14.3274841875,fixed
18.843296500039287,9,0.935,-0.002451449,-15.32155625,2.2921048150000005,14.325655093750001,fixed
18.86849650007207,9,0.935,-0.002447065,-15.294156249999999,2.288005775,14.30003609375,fixed
18.89148010010831,9,0.935,-0.002450509,-15.315681249999999,2.291225915,14.32016196875,fixed
18.91557370009832,9,0.935,-0.002448944,-15.3059,2.28976264,14.311016500000001,fixed
18.938168700085953,9,0.935,-0.002447065,-15.294156249999999,2.288005775,14.30003609375,fixed
18.962674400070682,9,0.935,-0.002452701,-15.329381249999999,2.293275435,14.33297146875,fixed
18.98533740011044,9,0.935,-0.002451762,-15.3235125,2.29239747,14.3274841875,fixed
19.010437500081025,9,0.935,-0.002452701,-15.329381249999999,2.293275435,14.33297146875,fixed
19.03315910010133,9,0.935,-0.002457085,-15.356781249999997,2.297374475,14.358590468749998,fixed
19.056411300087348,9,0.935,-0.002453954,-15.3372125,2.2944469900000004,14.3402936875,fixed
19.0793198000174,9,0.935,-0.002454893,-15.343081250000001,2.2953249550000003,14.345780968750002,fixed
19.103539400035515,9,0.935,-0.002457711,-15.360693750000001,2.2979597849999998,14.362248656250001,fixed
19.126242200029083,9,0.935,-0.002452701,-15.329381249999999,2.293275435,14.33297146875,fixed
19.151032300083898,9,0.935,-0.002453327,-15.33329375,2.293860745,14.33662965625,fixed
19.174147400073707,9,0.935,-0.002455519,-15.346993750000001,2.2959102650000003,14.349439156250002,fixed
19.19934800011106,9,0.935,-0.002451762,-15.3235125,2.29239747,14.3274841875,fixed
19.222234400105663,9,0.935,-0.002454893,-15.343081250000001,2.2953249550000003,14.345780968750002,fixed
19.246304300031625,9,0.935,-0.002451762,-15.3235125,2.29239747,14.3274841875,fixed
19.26930510008242,9,0.934,-0.002452386,-15.327412500000001,2.290528524,14.315803275000002,fixed
19.29350890009664,9,0.935,-0.002456772,-15.354825,2.2970818200000003,14.356761375000001,fixed
19.31721110001672,9,0.935,-0.002453327,-15.33329375,2.293860745,14.33662965625,fixed
19.339796100044623,9,0.935,-0.002457398,-15.3587375,2.2976671300000002,14.3604195625,fixed
19.361518700025044,9,0.935,-0.002460216,-15.376349999999999,2.30030196,14.37688725,fixed
19.38756090006791,9,0.934,-0.002457396,-15.358725,2.295207864,14.345049150000001,fixed
19.410306100035086,9,0.935,-0.002455519,-15.346993750000001,2.2959102650000003,14.349439156250002,fixed
19.43519390001893,9,0.934,-0.002457709,-15.360681250000003,2.2955002060000003,14.346876287500002,fixed
19.458780800108798,9,0.935,-0.002452388,-15.327425,2.2929827799999996,14.331142375,fixed
19.482147100032307,9,0.935,-0.002455832,-15.34895,2.29620292,14.35126825,fixed
19.505164900096133,9,0.935,-0.002450509,-15.315681249999999,2.291225915,14.32016196875,fixed
19.529099600040354,9,0.935,-0.002448317,-15.30198125,2.289176395,14.307352468750002,fixed
19.552437500096858,9,0.935,-0.002452075,-15.32546875,2.2926901250000005,14.329313281250002,fixed
19.575330000021495,9,0.935,-0.002450196,-15.313725,2.29093326,14.318332875000001,fixed
19.598379300092347,9,0.935,-0.002449883,-15.311768749999999,2.290640605,14.316503781249999,fixed
19.62350100011099,9,0.935,-0.002452388,-15.327425,2.2929827799999996,14.331142375,fixed
19.64661060005892,9,0.935,-0.002446439,-15.290243749999998,2.287420465,14.29637790625,fixed
19.669430800015107,9,0.935,-0.002445186,-15.282412499999998,2.2862489100000003,14.2890556875,fixed
19.692315100110136,9,0.935,-0.002446125,-15.288281249999999,2.287126875,14.29454296875,fixed
19.716445400030352,9,0.935,-0.002441742,-15.260887499999997,2.28302877,14.268929812499998,fixed
19.739312200108543,9,0.935,-0.00244362,-15.272625,2.2847847,14.279904375000001,fixed
19.76330880005844,9,0.935,-0.002447691,-15.298068750000002,2.288591085,14.303694281250003,fixed
19.78656870010309,9,0.935,-0.002443308,-15.270675,2.28449298,14.278081125000002,fixed
19.810958300018683,9,0.935,-0.002447065,-15.294156249999999,2.288005775,14.30003609375,fixed
19.834298800094984,9,0.935,-0.00244957,-15.3098125,2.29034795,14.3146746875,fixed
19.85746030008886,9,0.935,-0.002447691,-15.298068750000002,2.288591085,14.303694281250003,fixed
19.880235900054686,9,0.935,-0.002452075,-15.32546875,2.2926901250000005,14.329313281250002,fixed
19.968363500083797,9,0.935,-0.002453641,-15.335256249999999,2.294154335,14.33846459375,fixed
19.991221000091173,9,0.935,-0.002455206,-15.3450375,2.2956176100000003,14.347610062500001,fixed
20.01311010005884,9,0.935,-0.002453014,-15.3313375,2.2935680900000004,14.334800562500002,fixed
20.035145200090483,9,0.935,-0.002448944,-15.3059,2.28976264,14.311016500000001,fixed
20.059546200092882,9,0.935,-0.002448944,-15.3059,2.28976264,14.311016500000001,fixed
20.081075900117867,9,0.935,-0.002452701,-15.329381249999999,2.293275435,14.33297146875,fixed
20.103029300109483,9,0.935,-0.002449883,-15.311768749999999,2.290640605,14.316503781249999,fixed
20.125089800101705,9,0.935,-0.002445813,-15.286331249999998,2.286835155,14.29271971875,fixed
20.147130300058052,9,0.935,-0.002444873,-15.280456250000002,2.2859562550000003,14.287226593750002,fixed
20.169104500091635,9,0.935,-0.002445186,-15.282412499999998,2.2862489100000003,14.2890556875,fixed
20.19110469997395,10,0.925,-0.00249962,-15.622625000000001,2.3121485,14.450928125000003,fixed
20.215989099931903,10,0.925,-0.00249962,-15.622625000000001,2.3121485,14.450928125000003,fixed
20.237092999974266,10,0.924,-0.002498678,-15.6167375,2.3087784719999997,14.42986545,fixed
20.262084499932826,10,0.924,-0.00250181,-15.636312500000003,2.31167244,14.447952750000002,fixed
20.284131899941713,10,0.924,-0.002502123,-15.63826875,2.3119616520000004,14.449760325,fixed
20.30894909997005,10,0.924,-0.002498991,-15.618693749999998,2.309067684,14.431673024999998,fixed
20.330104999942705,10,0.925,-0.002502438,-15.640237500000001,2.3147551500000003,14.467219687500002,fixed
20.355421099928208,10,0.925,-0.002500873,-15.63045625,2.313307525,14.458172031250001,fixed
20.37795090000145,10,0.925,-0.002495236,-15.595225000000001,2.3080933000000003,14.425583125000001,fixed
20.40285740001127,10,0.924,-0.002497113,-15.606956250000001,2.307332412,14.420827575000002,fixed
20.42412699991837,10,0.925,-0.002495236,-15.595225000000001,2.3080933000000003,14.425583125000001,fixed
20.449827499920502,10,0.925,-0.002493671,-15.58544375,2.306645675,14.41653546875,fixed
20.471150400000624,10,0.924,-0.002497113,-15.606956250000001,2.307332412,14.420827575000002,fixed
20.495747999986634,10,0.925,-0.002496802,-15.605012499999997,2.30954185,14.434636562499998,fixed
20.517110100015998,10,0.924,-0.002494921,-15.593256250000001,2.3053070040000003,14.408168775000002,fixed
20.542971799965017,10,0.925,-0.002498368,-15.6148,2.3109903999999997,14.443690000000002,fixed
20.564121200004593,10,0.925,-0.002497741,-15.61088125,2.310410425,14.44006515625,fixed
20.589626799919643,10,0.925,-0.002494923,-15.59326875,2.307803775,14.423773593750001,fixed
20.611238199984655,10,0.924,-0.002500244,-15.626524999999999,2.3102254560000004,14.4389091,fixed
20.636636700015515,10,0.925,-0.002497428,-15.608924999999997,2.3101209,14.438255624999998,fixed
20.65827619994525,10,0.924,-0.002496799,-15.60499375,2.3070422760000002,14.419014225000002,fixed
20.683559999917634,10,0.925,-0.002499933,-15.624581250000002,2.3124380250000005,14.452737656250003,fixed
20.705179099924862,10,0.925,-0.002494923,-15.59326875,2.307803775,14.423773593750001,fixed
20.730976399965584,10,0.924,-0.002496173,-15.601081249999998,2.306463852,14.415399075,fixed
20.75220519991126,10,0.925,-0.002500559,-15.628493749999999,2.313017075,14.45635671875,fixed
20.77808089996688,10,0.924,-0.002498365,-15.614781249999998,2.30848926,14.428057874999999,fixed
20.799160899943672,10,0.925,-0.002498994,-15.6187125,2.3115694500000004,14.447309062500002,fixed
20.821185100008734,10,0.925,-0.002499933,-15.624581250000002,2.3124380250000005,14.452737656250003,fixed
20.8431675999891,10,0.924,-0.002497426,-15.608912499999999,2.3076216240000003,14.42263515,fixed
20.87175239995122,10,0.925,-0.002491479,-15.57174375,2.304618075,14.40386296875,fixed
20.893212199909613,10,0.924,-0.002496799,-15.60499375,2.3070422760000002,14.419014225000002,fixed
20.91531249997206,10,0.925,-0.002492731,-15.57956875,2.3057761750000005,14.41110109375,fixed
20.93714459997136,10,0.925,-0.002493671,-15.58544375,2.306645675,14.41653546875,fixed
20.959183499915525,10,0.925,-0.002497428,-15.608924999999997,2.3101209,14.438255624999998,fixed
20.983682499965653,10,0.924,-0.002501183,-15.63239375,2.311093092,14.444331825,fixed
21.005147199961357,10,0.924,-0.002497113,-15.606956250000001,2.307332412,14.420827575000002,fixed
21.03150049992837,10,0.925,-0.002495549,-15.59718125,2.3083828250000002,14.427392656250001,fixed
21.053141999989748,10,0.925,-0.002500246,-15.626537499999998,2.31272755,14.4545471875,fixed
21.07843499991577,10,0.924,-0.002495234,-15.595212499999999,2.305596216,14.409976349999999,fixed
21.10015359998215,10,0.925,-0.002498054,-15.612837499999998,2.31069995,14.441874687499999,fixed
21.12562710000202,10,0.924,-0.002497739,-15.61086875,2.3079108360000005,14.424442725,fixed
21.14715949993115,10,0.925,-0.00249461,-15.591312499999999,2.30751425,14.421964062499999,fixed
21.16975429991726,10,0.925,-0.002495863,-15.59914375,2.308673275,14.429207968750001,fixed
21.191626199986786,10,0.925,-0.002497741,-15.61088125,2.310410425,14.44006515625,fixed
21.21460599999409,10,0.925,-0.002498054,-15.612837499999998,2.31069995,14.441874687499999,fixed
21.23719789995812,10,0.925,-0.002493984,-15.587399999999999,2.3069352,14.418345,fixed
21.260612900019623,10,0.924,-0.002498365,-15.614781249999998,2.30848926,14.428057874999999,fixed
21.28378519997932,10,0.925,-0.002500559,-15.628493749999999,2.313017075,14.45635671875,fixed
21.306750599993393,10,0.925,-0.002496802,-15.605012499999997,2.30954185,14.434636562499998,fixed
21.330620399909094,10,0.925,-0.002497741,-15.61088125,2.310410425,14.44006515625,fixed
21.353609999991022,10,0.925,-0.002502125,-15.638281249999999,2.314465625,14.46541015625,fixed
21.378620099974796,10,0.925,-0.002497428,-15.608924999999997,2.3101209,14.438255624999998,fixed
21.4018619999988,10,0.924,-0.00250087,-15.6304375,2.31080388,14.44252425,fixed
21.423680900014006,10,0.925,-0.002500246,-15.626537499999998,2.31272755,14.4545471875,fixed
21.445368899963796,10,0.924,-0.002496173,-15.601081249999998,2.306463852,14.415399075,fixed
21.46953979996033,10,0.925,-0.002496176,-15.6011,2.3089628,14.431017500000001,fixed
21.49133280001115,10,0.924,-0.002499931,-15.62456875,2.309936244,14.437101525000001,fixed
21.516286599915475,10,0.924,-0.002499618,-15.622612499999999,2.309647032,14.43529395,fixed
21.538200299954042,10,0.925,-0.002498994,-15.6187125,2.3115694500000004,14.447309062500002,fixed
21.5621889999602,10,0.925,-0.002502438,-15.640237500000001,2.3147551500000003,14.467219687500002,fixed
21.583201300003566,10,0.924,-0.002502123,-15.63826875,2.3119616520000004,14.449760325,fixed
21.608297999948263,10,0.924,-0.002497739,-15.61086875,2.3079108360000005,14.424442725,fixed
21.630159699940123,10,0.924,-0.002498678,-15.6167375,2.3087784719999997,14.42986545,fixed
21.65491609997116,10,0.924,-0.002497113,-15.606956250000001,2.307332412,14.420827575000002,fixed
21.67624269996304,10,0.925,-0.002494297,-15.58935625,2.307224725,14.42015453125,fixed
21.701427299994975,10,0.925,-0.002495863,-15.59914375,2.308673275,14.429207968750001,fixed
21.72324209997896,10,0.924,-0.002497739,-15.61086875,2.3079108360000005,14.424442725,fixed
21.748889099922962,10,0.924,-0.002493981,-15.587381250000002,2.304438444,14.402740275000003,fixed
21.77032639994286,10,0.924,-0.002497113,-15.606956250000001,2.307332412,14.420827575000002,fixed
21.795725799980573,10,0.925,-0.002496802,-15.605012499999997,2.30954185,14.434636562499998,fixed
21.81767509994097,10,0.925,-0.002490852,-15.567825,2.3040381,14.400238125,fixed
21.843046299996786,10,0.924,-0.002493355,-15.583468750000002,2.30386002,14.399125125000003,fixed
21.864681200007908,10,0.924,-0.002493355,-15.583468750000002,2.30386002,14.399125125000003,fixed
21.889585500000976,10,0.924,-0.002491163,-15.569768749999998,2.3018346119999995,14.386466324999999,fixed
21.911344899912365,10,0.924,-0.002498365,-15.614781249999998,2.30848926,14.428057874999999,fixed
21.93576739996206,10,0.924,-0.002498991,-15.618693749999998,2.309067684,14.431673024999998,fixed
21.957319999928586,10,0.924,-0.002495547,-15.597168749999998,2.3058854280000003,14.411783924999998,fixed
21.98278500000015,10,0.925,-0.002497741,-15.61088125,2.310410425,14.44006515625,fixed
22.0042999999132,10,0.924,-0.002494608,-15.591299999999999,2.305017792,14.4063612,fixed
22.02988699998241,10,0.925,-0.002491792,-15.5737,2.3049076000000004,14.405672500000001,fixed
22.0513128999155,10,0.925,-0.002497741,-15.61088125,2.310410425,14.44006515625,fixed
22.076826800010167,10,0.924,-0.002498052,-15.612825000000003,2.3082000480000002,14.426250300000003,fixed
22.098255699966103,10,0.925,-0.002498994,-15.6187125,2.3115694500000004,14.447309062500002,fixed
22.12358569994103,10,0.925,-0.002501186,-15.632412499999997,2.31359705,14.459981562499998,fixed
22.145261299912818,10,0.924,-0.002500244,-15.626524999999999,2.3102254560000004,14.4389091,fixed
22.169276600005105,10,0.924,-0.002498991,-15.618693749999998,2.309067684,14.431673024999998,fixed
22.190348999924026,10,0.924,-0.002501183,-15.63239375,2.311093092,14.444331825,fixed
22.216608399990946,11,0.914,-0.002545284,-15.908025,2.3263895760000004,14.539934850000002,fixed
22.23837509995792,11,0.914,-0.002541213,-15.88258125,2.322668682,14.5166792625,fixed
22.263785799965262,11,0.914,-0.002542153,-15.888456250000003,2.3235278420000003,14.522049012500004,fixed
22.285313899978064,11,0.914,-0.002537143,-15.857143749999999,2.318948702,14.493429387499999,fixed
22.309524299926125,11,0.914,-0.002537143,-15.857143749999999,2.318948702,14.493429387499999,fixed
22.331281299935654,11,0.914,-0.002541213,-15.88258125,2.322668682,14.5166792625,fixed
22.356910099973902,11,0.914,-0.002542153,-15.888456250000003,2.3235278420000003,14.522049012500004,fixed
22.378271599998698,11,0.914,-0.0025409,-15.880625,2.3223826,14.514891250000002,fixed
22.404085699934512,11,0.914,-0.002542466,-15.8904125,2.3238139240000004,14.523837025,fixed
22.425749799935147,11,0.914,-0.002541213,-15.88258125,2.322668682,14.5166792625,fixed
22.451695999945514,11,0.914,-0.002539648,-15.872799999999998,2.321238272,14.5077392,fixed
22.474478399963118,11,0.914,-0.002542153,-15.888456250000003,2.3235278420000003,14.522049012500004,fixed
22.499632099992596,11,0.914,-0.002538082,-15.8630125,2.3198069480000005,14.498793425,fixed
22.52271089993883,11,0.914,-0.002543405,-15.89628125,2.32467217,14.5292010625,fixed
22.545997599954717,11,0.914,-0.002541213,-15.88258125,2.322668682,14.5166792625,fixed
22.568779399967752,11,0.914,-0.002539335,-15.870843750000002,2.3209521900000003,14.505951187500003,fixed
22.592536799958907,11,0.914,-0.002545284,-15.908025,2.3263895760000004,14.539934850000002,fixed
22.615647599915974,11,0.914,-0.002546537,-15.915856250000001,2.327534818,14.547092612500002,fixed
22.640115599962883,11,0.914,-0.002544345,-15.902156249999999,2.32553133,14.5345708125,fixed
22.662535600014962,11,0.914,-0.002547789,-15.92368125,2.328679146,14.5542446625,fixed
22.68679509998765,11,0.914,-0.002546223,-15.91389375,2.327247822,14.5452988875,fixed
22.7097506999271,11,0.914,-0.002544345,-15.902156249999999,2.32553133,14.5345708125,fixed
22.734160499996506,11,0.914,-0.00254685,-15.917812499999997,2.3278209,14.548880624999997,fixed
22.756568099954166,11,0.914,-0.002542466,-15.8904125,2.3238139240000004,14.523837025,fixed
22.781039899913594,11,0.914,-0.002544345,-15.902156249999999,2.32553133,14.5345708125,fixed
22.803749199956656,11,0.914,-0.002549668,-15.935425,2.3303965520000003,14.564978450000002,fixed
22.82810879999306,11,0.914,-0.00254685,-15.917812499999997,2.3278209,14.548880624999997,fixed
22.85101240000222,11,0.914,-0.00254591,-15.9119375,2.3269617400000002,14.543510875,fixed
22.87472359999083,11,0.914,-0.002547163,-15.91976875,2.328106982,14.5506686375,fixed
22.897743299952708,11,0.914,-0.00254184,-15.8865,2.32324176,14.520261,fixed
22.92178319999948,11,0.914,-0.002543718,-15.8982375,2.324958252,14.530989075,fixed
22.944827299914323,11,0.914,-0.002544658,-15.9041125,2.325817412,14.536358825,fixed
22.96924579993356,11,0.914,-0.002537769,-15.861056249999999,2.3195208660000004,14.4970054125,fixed
22.991755399969406,11,0.914,-0.002541213,-15.88258125,2.322668682,14.5166792625,fixed
23.015905699925497,11,0.914,-0.002541213,-15.88258125,2.322668682,14.5166792625,fixed
23.038344100001268,11,0.914,-0.002536516,-15.853224999999998,2.318375624,14.48984765,fixed
23.061067599919625,11,0.914,-0.00254184,-15.8865,2.32324176,14.520261,fixed
23.082874899962917,11,0.914,-0.002543718,-15.8982375,2.324958252,14.530989075,fixed
23.10838240000885,11,0.914,-0.002540587,-15.87866875,2.322096518,14.5131032375,fixed
23.13079349999316,11,0.914,-0.002540587,-15.87866875,2.322096518,14.5131032375,fixed
23.154995399992913,11,0.914,-0.002541526,-15.8845375,2.3229547640000003,14.518467275,fixed
23.17682940000668,11,0.914,-0.002537769,-15.861056249999999,2.3195208660000004,14.4970054125,fixed
23.202210299903527,11,0.914,-0.002539648,-15.872799999999998,2.321238272,14.5077392,fixed
23.223915399983525,11,0.914,-0.002545284,-15.908025,2.3263895760000004,14.539934850000002,fixed
23.248487300006673,11,0.914,-0.002543405,-15.89628125,2.32467217,14.5292010625,fixed
23.27099859993905,11,0.914,-0.002547476,-15.921725,2.328393064,14.552456650000002,fixed
23.295800699968822,11,0.914,-0.002548415,-15.92759375,2.32925131,14.5578206875,fixed
23.317895599990152,11,0.914,-0.002543092,-15.894324999999998,2.324386088,14.52741305,fixed
23.341781799914315,11,0.914,-0.002546537,-15.915856250000001,2.327534818,14.547092612500002,fixed
23.363854600000195,11,0.914,-0.002547476,-15.921725,2.328393064,14.552456650000002,fixed
23.388300599996,11,0.914,-0.002544658,-15.9041125,2.325817412,14.536358825,fixed
23.409879899933003,11,0.914,-0.00254591,-15.9119375,2.3269617400000002,14.543510875,fixed
23.433467699913308,11,0.914,-0.002549354,-15.933462500000001,2.3301095560000005,14.563184725000001,fixed
23.45802709995769,11,0.914,-0.002546537,-15.915856250000001,2.327534818,14.547092612500002,fixed
23.480611099977978,11,0.914,-0.002547476,-15.921725,2.328393064,14.552456650000002,fixed
23.502457299968228,11,0.914,-0.002548102,-15.9256375,2.328965228,14.556032675,fixed
23.527356499922462,11,0.914,-0.002544655,-15.904093749999998,2.3258146699999998,14.536341687499998,fixed
23.548518599942327,11,0.914,-0.002543405,-15.89628125,2.32467217,14.5292010625,fixed
23.57401069998741,11,0.914,-0.002545597,-15.909981250000001,2.326675658,14.541722862500002,fixed
23.595464500016533,11,0.914,-0.0025409,-15.880625,2.3223826,14.514891250000002,fixed
23.62178419996053,11,0.914,-0.002538395,-15.86496875,2.3200930300000002,14.5005814375,fixed
23.643584599951282,11,0.914,-0.002542779,-15.89236875,2.324100006,14.5256250375,fixed
23.66775379993487,11,0.914,-0.002539648,-15.872799999999998,2.321238272,14.5077392,fixed
23.689572399947792,11,0.914,-0.002539648,-15.872799999999998,2.321238272,14.5077392,fixed
23.714098899974488,11,0.914,-0.002543405,-15.89628125,2.32467217,14.5292010625,fixed
23.735889000003226,11,0.914,-0.002537143,-15.857143749999999,2.318948702,14.493429387499999,fixed
23.761131800012663,11,0.914,-0.00253589,-15.849312499999998,2.31780346,14.486271624999999,fixed
23.783328799996525,11,0.914,-0.002541213,-15.88258125,2.322668682,14.5166792625,fixed
23.808871599962004,11,0.914,-0.002540274,-15.876712499999998,2.3218104360000003,14.511315224999999,fixed
23.831963200005703,11,0.914,-0.002539961,-15.874756249999999,2.321524354,14.5095272125,fixed
23.855958299944177,11,0.914,-0.00254184,-15.8865,2.32324176,14.520261,fixed
23.87874859990552,11,0.914,-0.002539021,-15.86888125,2.320665194,14.5041574625,fixed
23.902763499994762,11,0.914,-0.002544031,-15.90019375,2.325244334,14.5327770875,fixed
23.92590199992992,11,0.914,-0.002544345,-15.902156249999999,2.32553133,14.5345708125,fixed
23.949045799905434,11,0.914,-0.002541213,-15.88258125,2.322668682,14.5166792625,fixed
23.972122099949047,11,0.914,-0.002543405,-15.89628125,2.32467217,14.5292010625,fixed
23.997289499966428,11,0.914,-0.002544031,-15.90019375,2.325244334,14.5327770875,fixed
24.020125499926507,11,0.914,-0.002540587,-15.87866875,2.322096518,14.5131032375,fixed
24.046085999929346,11,0.914,-0.002544971,-15.90606875,2.3261034940000003,14.5381468375,fixed
24.068637599935755,11,0.914,-0.002539648,-15.872799999999998,2.321238272,14.5077392,fixed
24.092563599930145,11,0.914,-0.002542779,-15.89236875,2.324100006,14.5256250375,fixed
24.1149587999098,11,0.914,-0.002542153,-15.888456250000003,2.3235278420000003,14.522049012500004,fixed
24.137245999998413,11,0.914,-0.002539648,-15.872799999999998,2.321238272,14.5077392,fixed
24.158893099986017,11,0.914,-0.002541213,-15.88258125,2.322668682,14.5166792625,fixed
24.185044099926017,11,0.914,-0.002544031,-15.90019375,2.325244334,14.5327770875,fixed
24.207691599964164,11,0.914,-0.002539335,-15.870843750000002,2.3209521900000003,14.505951187500003,fixed
24.232043499941938,12,0.904,-0.002578425,-16.115156250000002,2.3308962,14.568101250000002,fixed
24.254941499908455,12,0.904,-0.002579051,-16.11906875,2.3314621040000003,14.57163815,fixed
24.278416999964975,12,0.904,-0.002573728,-16.0858,2.326650112,14.541563199999999,fixed
24.301874099997804,12,0.904,-0.002576546,-16.1034125,2.329197584,14.557484900000002,fixed
24.325979299959727,12,0.904,-0.002577173,-16.107331249999998,2.329764392,14.56102745,fixed
24.34879129996989,12,0.904,-0.002572163,-16.07601875,2.325235352,14.53272095,fixed
24.374075699946843,12,0.904,-0.002576546,-16.1034125,2.329197584,14.557484900000002,fixed
24.396828299970366,12,0.904,-0.002574668,-16.091675,2.327499872,14.5468742,fixed
24.422473899903707,12,0.904,-0.002574668,-16.091675,2.327499872,14.5468742,fixed
24.445802999893203,12,0.904,-0.002577173,-16.107331249999998,2.329764392,14.56102745,fixed
24.468797299894504,12,0.904,-0.002574354,-16.0897125,2.327216016,14.5451001,fixed
24.4919090999756,12,0.904,-0.002579991,-16.124943749999996,2.332311864,14.576949149999997,fixed
24.51486399990972,12,0.904,-0.002583122,-16.1445125,2.335142288,14.5946393,fixed
24.53854729991872,12,0.904,-0.002578738,-16.1171125,2.3311791520000003,14.569869700000002,fixed
24.561783899902366,12,0.904,-0.002582496,-16.1406,2.3345763840000004,14.5911024,fixed
24.584966099937446,12,0.904,-0.002582183,-16.13864375,2.3342934320000004,14.58933395,fixed
24.6085004999768,12,0.904,-0.002577486,-16.1092875,2.330047344,14.562795900000001,fixed
24.631728899898008,12,0.904,-0.002580304,-16.1269,2.3325948160000003,14.5787176,fixed
24.654722899897024,12,0.904,-0.002581869,-16.136681250000002,2.334009576,14.587559850000002,fixed
24.67789539997466,12,0.904,-0.002576233,-16.10145625,2.3289146319999996,14.555716449999998,fixed
24.700837999931537,12,0.904,-0.002578738,-16.1171125,2.3311791520000003,14.569869700000002,fixed
24.72419199999422,12,0.904,-0.002581243,-16.13276875,2.333443672,14.584022950000001,fixed
24.747628699988127,12,0.904,-0.002577486,-16.1092875,2.330047344,14.562795900000001,fixed
24.77122429991141,12,0.904,-0.002578425,-16.115156250000002,2.3308962,14.568101250000002,fixed
24.79488159995526,12,0.904,-0.002583122,-16.1445125,2.335142288,14.5946393,fixed
24.8179272999987,12,0.904,-0.002578425,-16.115156250000002,2.3308962,14.568101250000002,fixed
24.841842699912377,12,0.904,-0.002579051,-16.11906875,2.3314621040000003,14.57163815,fixed
24.864896099898033,12,0.904,-0.002582809,-16.142556250000002,2.334859336,14.592870850000002,fixed
24.889286099933088,12,0.904,-0.002578112,-16.1132,2.330613248,14.5663328,fixed
24.91191839997191,12,0.904,-0.002580304,-16.1269,2.3325948160000003,14.5787176,fixed
24.936220999923535,12,0.904,-0.002580304,-16.1269,2.3325948160000003,14.5787176,fixed
24.958942899946123,12,0.904,-0.002574668,-16.091675,2.327499872,14.5468742,fixed
24.98235259996727,12,0.904,-0.002576859,-16.105368749999997,2.329480536,14.559253349999997,fixed
25.004865799914114,12,0.904,-0.002577173,-16.107331249999998,2.329764392,14.56102745,fixed
25.030009599984623,12,0.904,-0.002572476,-16.077975,2.325518304,14.5344894,fixed
25.05299589992501,12,0.904,-0.002577173,-16.107331249999998,2.329764392,14.56102745,fixed
25.076465499936603,12,0.904,-0.002576546,-16.1034125,2.329197584,14.557484900000002,fixed
25.099037799984217,12,0.904,-0.002571849,-16.07405625,2.324951496,14.530946850000001,fixed
25.123298999969848,12,0.904,-0.002574981,-16.09363125,2.3277828240000003,14.548642650000001,fixed
25.145988299977034,12,0.904,-0.002572789,-16.079931249999998,2.325801256,14.536257849999998,fixed
25.170106999925338,12,0.904,-0.002568718,-16.0544875,2.322121072,14.513256700000001,fixed
25.19283859990537,12,0.904,-0.002574041,-16.087756249999998,2.326933064,14.543331649999999,fixed
25.217135899933055,12,0.904,-0.002571223,-16.07014375,2.324385592,14.527409950000001,fixed
25.239211799926125,12,0.904,-0.002569971,-16.06231875,2.323253784,14.52033615,fixed
25.264041499933228,12,0.904,-0.002572789,-16.079931249999998,2.325801256,14.536257849999998,fixed
25.28736019995995,12,0.904,-0.002571536,-16.0721,2.324668544,14.5291784,fixed
25.311322999885306,12,0.904,-0.002572163,-16.07601875,2.325235352,14.53272095,fixed
25.333991599967703,12,0.904,-0.002578425,-16.115156250000002,2.3308962,14.568101250000002,fixed
25.3588031999534,12,0.904,-0.002575607,-16.09754375,2.3283487280000004,14.55217955,fixed
25.381866099894978,12,0.904,-0.002577799,-16.11124375,2.330330296,14.56456435,fixed
25.40440299990587,12,0.904,-0.002577486,-16.1092875,2.330047344,14.562795900000001,fixed
25.42606739990879,12,0.904,-0.002572163,-16.07601875,2.325235352,14.53272095,fixed
25.451505999895744,12,0.904,-0.002570597,-16.066231249999998,2.3238196880000004,14.523873049999999,fixed
25.47324129997287,12,0.904,-0.00257592,-16.0995,2.32863168,14.553948,fixed
25.49974219989963,12,0.904,-0.002575294,-16.0955875,2.3280657760000003,14.550411100000002,fixed
25.522832099930383,12,0.904,-0.002578738,-16.1171125,2.3311791520000003,14.569869700000002,fixed
25.54652679990977,12,0.904,-0.002577486,-16.1092875,2.330047344,14.562795900000001,fixed
25.570118499919772,12,0.904,-0.002573415,-16.08384375,2.3263671599999998,14.53979475,fixed
25.59312389988918,12,0.904,-0.00257592,-16.0995,2.32863168,14.553948,fixed
25.615946299978532,12,0.904,-0.002574668,-16.091675,2.327499872,14.5468742,fixed
25.63995209999848,12,0.904,-0.002571849,-16.07405625,2.324951496,14.530946850000001,fixed
25.66305229999125,12,0.904,-0.002576233,-16.10145625,2.3289146319999996,14.555716449999998,fixed
25.68738299992401,12,0.904,-0.002575294,-16.0955875,2.3280657760000003,14.550411100000002,fixed
25.709268599981442,12,0.904,-0.002572476,-16.077975,2.325518304,14.5344894,fixed
25.733351499889977,12,0.904,-0.00257592,-16.0995,2.32863168,14.553948,fixed
25.756069699884392,12,0.904,-0.002575294,-16.0955875,2.3280657760000003,14.550411100000002,fixed
25.781758699915372,12,0.904,-0.002569344,-16.0584,2.322686976,14.5167936,fixed
25.804916199995205,12,0.904,-0.002572476,-16.077975,2.325518304,14.5344894,fixed
25.82874389993958,12,0.904,-0.0025659,-16.036875,2.3195736,14.497335,fixed
25.851928999996744,12,0.904,-0.00257091,-16.0681875,2.3241026400000004,14.5256415,fixed
25.87571479997132,12,0.904,-0.002574668,-16.091675,2.327499872,14.5468742,fixed
25.899134899955243,12,0.904,-0.002571223,-16.07014375,2.324385592,14.527409950000001,fixed
25.922418499947526,12,0.904,-0.002574981,-16.09363125,2.3277828240000003,14.548642650000001,fixed
25.970106499968097,12,0.904,-0.002575294,-16.0955875,2.3280657760000003,14.550411100000002,fixed
25.992318799952045,12,0.904,-0.002576546,-16.1034125,2.329197584,14.557484900000002,fixed
26.01452299999073,12,0.904,-0.002577799,-16.11124375,2.330330296,14.56456435,fixed
26.0375985999126,12,0.904,-0.002574981,-16.09363125,2.3277828240000003,14.548642650000001,fixed
26.0616753998911,12,0.904,-0.002576233,-16.10145625,2.3289146319999996,14.555716449999998,fixed
26.08509409998078,12,0.904,-0.002579364,-16.121025,2.331745056,14.5734066,fixed
26.109125799965113,12,0.904,-0.002574041,-16.087756249999998,2.326933064,14.543331649999999,fixed
26.132146599935368,12,0.904,-0.002576859,-16.105368749999997,2.329480536,14.559253349999997,fixed
26.15537839999888,12,0.904,-0.002580617,-16.12885625,2.332877768,14.58048605,fixed
26.178100999910384,12,0.904,-0.002576233,-16.10145625,2.3289146319999996,14.555716449999998,fixed
26.202932399930432,12,0.904,-0.00257592,-16.0995,2.32863168,14.553948,fixed
26.226116999983788,12,0.904,-0.002578425,-16.115156250000002,2.3308962,14.568101250000002,fixed
26.250785099924542,13,0.894,-0.00260593,-16.287062499999998,2.32970142,14.560633874999999,fixed
26.274022899917327,13,0.894,-0.002611253,-16.32033125,2.334460182,14.5903761375,fixed
26.297724599950016,13,0.894,-0.002607183,-16.29489375,2.330821602,14.5676350125,fixed
26.321232799906284,13,0.894,-0.002607809,-16.29880625,2.331381246,14.571132787499998,fixed
26.34536959999241,13,0.894,-0.002609688,-16.310550000000003,2.333061072,14.581631700000003,fixed
26.36813999991864,13,0.894,-0.002603112,-16.26945,2.327182128,14.5448883,fixed
26.39249309990555,13,0.894,-0.002603425,-16.271406250000002,2.32746195,14.546637187500002,fixed
26.414920699899085,13,0.894,-0.002607809,-16.29880625,2.331381246,14.571132787499998,fixed
26.440823999932036,13,0.894,-0.002604051,-16.27531875,2.3280215940000004,14.550134962500001,fixed
26.463847999926656,13,0.894,-0.002609374,-16.308587499999998,2.3327803559999998,14.579877224999999,fixed
26.486488799913786,13,0.894,-0.002606243,-16.289018749999997,2.329981242,14.562382762499997,fixed
26.508572399965487,13,0.894,-0.002604364,-16.277275,2.328301416,14.55188385,fixed
26.532256899983622,13,0.894,-0.002606243,-16.289018749999997,2.329981242,14.562382762499997,fixed
26.555184499942698,13,0.894,-0.002610627,-16.31641875,2.333900538,14.5868783625,fixed
26.578169299988076,13,0.894,-0.002607809,-16.29880625,2.331381246,14.571132787499998,fixed
26.601101099979132,13,0.894,-0.002608435,-16.30271875,2.3319408900000003,14.574630562500001,fixed
26.624771799892187,13,0.894,-0.002611879,-16.32424375,2.335019826,14.593873912500001,fixed
26.647993999999017,13,0.894,-0.002605304,-16.283150000000003,2.329141776,14.557136100000003,fixed
26.673511200002395,13,0.894,-0.00260593,-16.287062499999998,2.32970142,14.560633874999999,fixed
26.696074199979194,13,0.894,-0.002609061,-16.30663125,2.3325005340000002,14.578128337499999,fixed
26.72051879996434,13,0.894,-0.00260593,-16.287062499999998,2.32970142,14.560633874999999,fixed
26.74364829994738,13,0.894,-0.00261094,-16.318375,2.33418036,14.58862725,fixed
26.765753699932247,13,0.894,-0.002607183,-16.29489375,2.330821602,14.5676350125,fixed
26.78775889996905,13,0.895,-0.002604993,-16.28120625,2.3314687349999996,14.57167959375,fixed
26.81220599997323,13,0.894,-0.002606243,-16.289018749999997,2.329981242,14.562382762499997,fixed
26.833819499937817,13,0.894,-0.002609061,-16.30663125,2.3325005340000002,14.578128337499999,fixed
26.85932279995177,13,0.894,-0.002606869,-16.29293125,2.3305408859999996,14.5658805375,fixed
26.880972999962978,13,0.894,-0.002609688,-16.310550000000003,2.333061072,14.581631700000003,fixed
26.907325199921615,13,0.894,-0.002612819,-16.33011875,2.335860186,14.599126162500001,fixed
26.929862099932507,13,0.894,-0.002609061,-16.30663125,2.3325005340000002,14.578128337499999,fixed
26.955617200001143,13,0.894,-0.002613445,-16.33403125,2.33641983,14.602623937499999,fixed
26.97949429997243,13,0.894,-0.002609374,-16.308587499999998,2.3327803559999998,14.579877224999999,fixed
27.003167099901475,13,0.894,-0.002610627,-16.31641875,2.333900538,14.5868783625,fixed
27.02617269998882,13,0.894,-0.002610314,-16.314462499999998,2.333620716,14.585129474999999,fixed
27.049380299984477,13,0.894,-0.002603738,-16.273362499999998,2.327741772,14.548386074999998,fixed
27.072005399968475,13,0.895,-0.002605306,-16.2831625,2.3317488699999998,14.573430437499999,fixed
27.096393099986017,13,0.894,-0.002607809,-16.29880625,2.331381246,14.571132787499998,fixed
27.11910289991647,13,0.894,-0.002604364,-16.277275,2.328301416,14.55188385,fixed
27.14320619998034,13,0.894,-0.002608122,-16.300762499999998,2.3316610680000003,14.572881674999998,fixed
27.166004300001077,13,0.894,-0.002610001,-16.31250625,2.333340894,14.583380587499999,fixed
27.189295299933292,13,0.894,-0.002604364,-16.277275,2.328301416,14.55188385,fixed
27.211964599904604,13,0.894,-0.002606556,-16.290975,2.330261064,14.56413165,fixed
27.237352899974212,13,0.894,-0.002609688,-16.310550000000003,2.333061072,14.581631700000003,fixed
27.259995399974287,13,0.894,-0.002605617,-16.28510625,2.329421598,14.558884987499999,fixed
27.283688699943013,13,0.894,-0.00261094,-16.318375,2.33418036,14.58862725,fixed
27.30701509991195,13,0.894,-0.002610627,-16.31641875,2.333900538,14.5868783625,fixed
27.332063099951483,13,0.894,-0.002608122,-16.300762499999998,2.3316610680000003,14.572881674999998,fixed
27.35529039998073,13,0.894,-0.002611253,-16.32033125,2.334460182,14.5903761375,fixed
27.37931199988816,13,0.894,-0.002606243,-16.289018749999997,2.329981242,14.562382762499997,fixed
27.40209959994536,13,0.894,-0.002610627,-16.31641875,2.333900538,14.5868783625,fixed
27.42585809994489,13,0.894,-0.002611879,-16.32424375,2.335019826,14.593873912500001,fixed
27.4495004999917,13,0.894,-0.002606556,-16.290975,2.330261064,14.56413165,fixed
27.473467499949038,13,0.894,-0.002609374,-16.308587499999998,2.3327803559999998,14.579877224999999,fixed
27.495733199990354,13,0.894,-0.002610627,-16.31641875,2.333900538,14.5868783625,fixed
27.520304799894802,13,0.894,-0.002604991,-16.28119375,2.328861954,14.5553872125,fixed
27.542976500000805,13,0.894,-0.002608748,-16.304675000000003,2.3322207120000003,14.576379450000003,fixed
27.567685999907553,13,0.895,-0.002609377,-16.308606249999997,2.335392415,14.596202593749997,fixed
27.59089689992834,13,0.894,-0.00260593,-16.287062499999998,2.32970142,14.560633874999999,fixed
27.613770799944177,13,0.894,-0.00261094,-16.318375,2.33418036,14.58862725,fixed
27.636812699958682,13,0.894,-0.002610314,-16.314462499999998,2.333620716,14.585129474999999,fixed
27.660734299919568,13,0.894,-0.002612193,-16.32620625,2.335300542,14.5956283875,fixed
27.684283799957484,13,0.894,-0.002618455,-16.36534375,2.34089877,14.630617312500002,fixed
27.706861599930562,13,0.894,-0.002617829,-16.36143125,2.340339126,14.627119537499999,fixed
27.729985999991186,13,0.894,-0.002615324,-16.345775,2.3380996560000002,14.61312285,fixed
27.754424099926837,13,0.894,-0.002619708,-16.373175,2.342018952,14.63761845,fixed
27.777075799996965,13,0.894,-0.002620021,-16.375131250000003,2.342298774,14.639367337500003,fixed
27.80028399999719,13,0.894,-0.00261689,-16.3555625,2.33949966,14.621872875000001,fixed
27.822955999989063,13,0.894,-0.002619081,-16.36925625,2.3414584140000003,14.6341150875,fixed
27.847455599927343,13,0.894,-0.002619081,-16.36925625,2.3414584140000003,14.6341150875,fixed
27.86996929999441,13,0.894,-0.002614071,-16.33794375,2.336979474,14.6061217125,fixed
27.894129999913275,13,0.894,-0.002618455,-16.36534375,2.34089877,14.630617312500002,fixed
27.916966499993578,13,0.894,-0.002618142,-16.363387499999998,2.3406189480000004,14.628868424999999,fixed
27.94112309999764,13,0.894,-0.002617516,-16.359474999999996,2.340059304,14.625370649999997,fixed
27.963993499986827,13,0.894,-0.002624405,-16.40253125,2.34621807,14.6638629375,fixed
27.987298699910752,13,0.894,-0.002621273,-16.38295625,2.343418062,14.6463628875,fixed
28.009984899894334,13,0.894,-0.002614698,-16.341862499999998,2.337540012,14.609625074999999,fixed
28.033671899931505,13,0.894,-0.00261595,-16.3496875,2.3386592999999998,14.616620625000001,fixed
28.057640899904072,13,0.894,-0.002614698,-16.341862499999998,2.337540012,14.609625074999999,fixed
28.080811899970286,13,0.894,-0.002610627,-16.31641875,2.333900538,14.5868783625,fixed
28.103992499993183,13,0.894,-0.002614385,-16.33990625,2.33726019,14.607876187499999,fixed
28.126924799988046,13,0.894,-0.002612193,-16.32620625,2.335300542,14.5956283875,fixed
28.14991649996955,13,0.894,-0.002609688,-16.310550000000003,2.333061072,14.581631700000003,fixed
28.173761599930003,13,0.894,-0.002615324,-16.345775,2.3380996560000002,14.61312285,fixed
28.19707239989657,13,0.894,-0.00261595,-16.3496875,2.3386592999999998,14.616620625000001,fixed
28.221019999939017,13,0.894,-0.002610627,-16.31641875,2.333900538,14.5868783625,fixed
28.2439726999728,13,0.894,-0.002614071,-16.33794375,2.336979474,14.6061217125,fixed
28.268259099917486,14,0.884,-0.002636879,-16.48049375,2.331001036,14.568756475,fixed
28.291025399928913,14,0.884,-0.002635314,-16.4707125,2.3296175760000004,14.560109850000002,fixed
28.314994999906048,14,0.884,-0.002639071,-16.49419375,2.332938764,14.580867275000001,fixed
28.338225699961185,14,0.884,-0.002636253,-16.47658125,2.3304476519999997,14.565297824999998,fixed
28.361613899935037,14,0.884,-0.002637819,-16.48636875,2.331831996,14.573949975,fixed
28.385133899981156,14,0.884,-0.002640011,-16.50006875,2.333769724,14.586060775,fixed
28.408522799960338,14,0.884,-0.002636253,-16.47658125,2.3304476519999997,14.565297824999998,fixed
28.431277600000612,14,0.884,-0.002635001,-16.46875625,2.329340884,14.558380524999999,fixed
28.455645099980757,14,0.884,-0.002640011,-16.50006875,2.333769724,14.586060775,fixed
28.478810699889436,14,0.884,-0.002635314,-16.4707125,2.3296175760000004,14.560109850000002,fixed
28.501483899890445,14,0.884,-0.002639698,-16.498112499999998,2.333493032,14.584331449999999,fixed
28.523789200000465,14,0.884,-0.002643455,-16.521593749999997,2.33681422,14.605088874999998,fixed
28.547668399987742,14,0.884,-0.002641576,-16.50985,2.335153184,14.5947074,fixed
28.571007199934684,14,0.884,-0.002636879,-16.48049375,2.331001036,14.568756475,fixed
28.594360499992035,14,0.884,-0.002639384,-16.496149999999997,2.333215456,14.582596599999997,fixed
28.617417299887165,14,0.884,-0.002636566,-16.478537499999998,2.330724344,14.567027149999998,fixed
28.641662699985318,14,0.884,-0.002633748,-16.460925,2.3282332319999997,14.5514577,fixed
28.66567119990941,14,0.884,-0.002640011,-16.50006875,2.333769724,14.586060775,fixed
28.689079099916853,14,0.884,-0.002633748,-16.460925,2.3282332319999997,14.5514577,fixed
28.712033799965866,14,0.884,-0.002635627,-16.47266875,2.3298942680000003,14.561839175000001,fixed
28.73654600000009,14,0.884,-0.002639071,-16.49419375,2.332938764,14.580867275000001,fixed
28.758818099973723,14,0.884,-0.002634374,-16.4648375,2.328786616,14.554916350000001,fixed
28.782568499911577,14,0.884,-0.002638132,-16.488325,2.332108688,14.5756793,fixed
28.804982899921015,14,0.884,-0.002641889,-16.51180625,2.335429876,14.596436725,fixed
28.830158500000834,14,0.884,-0.002636253,-16.47658125,2.3304476519999997,14.565297824999998,fixed
28.853088699979708,14,0.884,-0.002637193,-16.48245625,2.331278612,14.570491324999999,fixed
28.877342599909753,14,0.884,-0.002638132,-16.488325,2.332108688,14.5756793,fixed
28.90088289999403,14,0.884,-0.00263594,-16.474625,2.33017096,14.5635685,fixed
28.923723199986853,14,0.884,-0.002642203,-16.51376875,2.3357074520000003,14.598171575,fixed
28.947032499941997,14,0.884,-0.002640324,-16.502024999999996,2.334046416,14.587790099999996,fixed
28.971414199913852,14,0.884,-0.002636879,-16.48049375,2.331001036,14.568756475,fixed
28.99434829992242,14,0.884,-0.002641263,-16.507893749999997,2.3348764920000002,14.592978074999998,fixed
29.019130199914798,14,0.884,-0.002640637,-16.50398125,2.334323108,14.589519424999999,fixed
29.042271899990737,14,0.884,-0.002639071,-16.49419375,2.332938764,14.580867275000001,fixed
29.065282900002785,14,0.884,-0.002639698,-16.498112499999998,2.333493032,14.584331449999999,fixed
29.088539899908938,14,0.884,-0.002635627,-16.47266875,2.3298942680000003,14.561839175000001,fixed
29.11092349991668,14,0.884,-0.002636253,-16.47658125,2.3304476519999997,14.565297824999998,fixed
29.13425009988714,14,0.884,-0.002641576,-16.50985,2.335153184,14.5947074,fixed
29.15806289995089,14,0.884,-0.002639698,-16.498112499999998,2.333493032,14.584331449999999,fixed
29.181216799886897,14,0.884,-0.002637506,-16.4844125,2.331555304,14.572220650000002,fixed
29.2049463998992,14,0.884,-0.002640637,-16.50398125,2.334323108,14.589519424999999,fixed
29.228234399924986,14,0.884,-0.002636879,-16.48049375,2.331001036,14.568756475,fixed
29.25173859996721,14,0.884,-0.002634374,-16.4648375,2.328786616,14.554916350000001,fixed
29.275010699988343,14,0.884,-0.002639698,-16.498112499999998,2.333493032,14.584331449999999,fixed
29.29883419990074,14,0.884,-0.002637819,-16.48636875,2.331831996,14.573949975,fixed
29.32198949996382,14,0.884,-0.002638758,-16.4922375,2.332662072,14.579137950000002,fixed
29.345863099908456,14,0.884,-0.002643142,-16.519637499999998,2.3365375279999996,14.603359549999999,fixed
29.368967399932444,14,0.884,-0.002640324,-16.502024999999996,2.334046416,14.587790099999996,fixed
29.39245059993118,14,0.884,-0.002643142,-16.519637499999998,2.3365375279999996,14.603359549999999,fixed
29.415031499927863,14,0.884,-0.00264596,-16.53725,2.33902864,14.618929,fixed
29.439300199970603,14,0.884,-0.002644081,-16.52550625,2.337367604,14.608547524999999,fixed
29.462253899895586,14,0.884,-0.002644395,-16.527468749999997,2.33764518,14.610282374999997,fixed
29.486466599977575,14,0.884,-0.002648778,-16.5548625,2.3415197520000004,14.634498449999999,fixed
29.509523599990644,14,0.884,-0.002641263,-16.507893749999997,2.3348764920000002,14.592978074999998,fixed
29.53288629988674,14,0.884,-0.002641889,-16.51180625,2.335429876,14.596436725,fixed
29.556024699937552,14,0.884,-0.002643768,-16.52355,2.337090912,14.606818200000001,fixed
29.57963729999028,14,0.884,-0.002639071,-16.49419375,2.332938764,14.580867275000001,fixed
29.602976199937984,14,0.884,-0.002640011,-16.50006875,2.333769724,14.586060775,fixed
29.62717339990195,14,0.884,-0.002640637,-16.50398125,2.334323108,14.589519424999999,fixed
29.650470199994743,14,0.884,-0.00263594,-16.474625,2.33017096,14.5635685,fixed
29.674567099893466,14,0.884,-0.002641263,-16.507893749999997,2.3348764920000002,14.592978074999998,fixed
29.696893199929036,14,0.884,-0.002642829,-16.517681250000003,2.336260836,14.601630225000003,fixed
29.72106139990501,14,0.884,-0.002640011,-16.50006875,2.333769724,14.586060775,fixed
29.743910099961795,14,0.884,-0.002645647,-16.53529375,2.338751948,14.617199675,fixed
29.768253799993545,14,0.884,-0.002642829,-16.517681250000003,2.336260836,14.601630225000003,fixed
29.791146399918944,14,0.884,-0.002638758,-16.4922375,2.332662072,14.579137950000002,fixed
29.815375099889934,14,0.884,-0.002641889,-16.51180625,2.335429876,14.596436725,fixed
29.838120099972002,14,0.884,-0.002638445,-16.49028125,2.33238538,14.577408624999999,fixed
29.86177229997702,14,0.884,-0.002634688,-16.4668,2.329064192,14.5566512,fixed
29.88496389996726,14,0.884,-0.002638132,-16.488325,2.332108688,14.5756793,fixed
29.909790099947713,14,0.884,-0.002635001,-16.46875625,2.329340884,14.558380524999999,fixed
29.933298599906266,14,0.884,-0.002636879,-16.48049375,2.331001036,14.568756475,fixed
29.957127599976957,14,0.884,-0.002639698,-16.498112499999998,2.333493032,14.584331449999999,fixed
29.979976399918087,14,0.884,-0.002637819,-16.48636875,2.331831996,14.573949975,fixed
30.004271399928257,14,0.884,-0.002641263,-16.507893749999997,2.3348764920000002,14.592978074999998,fixed
30.02746589994058,14,0.884,-0.002642516,-16.515725,2.335984144,14.5999009,fixed
30.0516978999367,14,0.884,-0.002636879,-16.48049375,2.331001036,14.568756475,fixed
30.075066399993375,14,0.884,-0.002641263,-16.507893749999997,2.3348764920000002,14.592978074999998,fixed
30.098131299950182,14,0.884,-0.002638758,-16.4922375,2.332662072,14.579137950000002,fixed
30.121124999946915,14,0.884,-0.002640011,-16.50006875,2.333769724,14.586060775,fixed
30.144332099938765,14,0.884,-0.002645334,-16.533337500000002,2.3384752559999997,14.615470350000002,fixed
30.16686659993138,14,0.884,-0.002646586,-16.5411625,2.339582024,14.622387649999999,fixed
30.191974599962123,14,0.884,-0.002643455,-16.521593749999997,2.33681422,14.605088874999998,fixed
30.215440699947067,14,0.884,-0.00265097,-16.5685625,2.34345748,14.64660925,fixed
30.239668699912727,14,0.884,-0.002648465,-16.55290625,2.34124306,14.632769125,fixed
30.263409299892373,14,0.884,-0.002647526,-16.5470375,2.340412984,14.62758115,fixed
30.288237599888816,15,0.894,-0.002619708,-16.373175,2.342018952,14.63761845,fixed
30.3112184999045,15,0.894,-0.002617203,-16.35751875,2.339779482,14.623621762500001,fixed
30.33469419996254,15,0.894,-0.002619708,-16.373175,2.342018952,14.63761845,fixed
30.358166699996218,15,0.894,-0.002614695,-16.341843750000002,2.33753733,14.609608312500002,fixed
30.38277799997013,15,0.894,-0.002610627,-16.31641875,2.333900538,14.5868783625,fixed
30.406181199941784,15,0.894,-0.002615637,-16.34773125,2.3383794780000002,14.6148717375,fixed
30.429147699964233,15,0.894,-0.00261094,-16.318375,2.33418036,14.58862725,fixed
30.45208749989979,15,0.894,-0.002611879,-16.32424375,2.335019826,14.593873912500001,fixed
30.47555219999049,15,0.894,-0.002615637,-16.34773125,2.3383794780000002,14.6148717375,fixed
30.498715099995025,15,0.894,-0.002611879,-16.32424375,2.335019826,14.593873912500001,fixed
30.521228599944152,15,0.894,-0.002611566,-16.3222875,2.334740004,14.592125025000001,fixed
30.54336999997031,15,0.894,-0.002615637,-16.34773125,2.3383794780000002,14.6148717375,fixed
30.56936229998246,15,0.894,-0.002618455,-16.36534375,2.34089877,14.630617312500002,fixed
30.59205639990978,15,0.894,-0.002615011,-16.34381875,2.3378198340000003,14.6113739625,fixed
30.61670549993869,15,0.894,-0.002618455,-16.36534375,2.34089877,14.630617312500002,fixed
30.64016989991069,15,0.894,-0.002615324,-16.345775,2.3380996560000002,14.61312285,fixed
30.663122699945234,15,0.894,-0.002618768,-16.3673,2.341178592,14.6323662,fixed
30.686750199995004,15,0.894,-0.002620021,-16.375131250000003,2.342298774,14.639367337500003,fixed
30.709801199962385,15,0.894,-0.002614071,-16.33794375,2.336979474,14.6061217125,fixed
30.7329110999126,15,0.894,-0.002615011,-16.34381875,2.3378198340000003,14.6113739625,fixed
30.757108599995263,15,0.894,-0.002614385,-16.33990625,2.33726019,14.607876187499999,fixed
30.780236599966884,15,0.894,-0.002609372,-16.308575,2.332778568,14.579866050000001,fixed
30.804310399922542,15,0.894,-0.002612819,-16.33011875,2.335860186,14.599126162500001,fixed
30.82739439990837,15,0.894,-0.002615324,-16.345775,2.3380996560000002,14.61312285,fixed
30.85172719997354,15,0.894,-0.002612506,-16.3281625,2.335580364,14.597377275000001,fixed
30.875414399895817,15,0.894,-0.002619395,-16.37121875,2.34173913,14.6358695625,fixed
30.89872919989284,15,0.894,-0.002617826,-16.3614125,2.340336444,14.627102775000001,fixed
30.92237499996554,15,0.894,-0.00261689,-16.3555625,2.33949966,14.621872875000001,fixed
30.94511969992891,15,0.894,-0.002618768,-16.3673,2.341178592,14.6323662,fixed
30.968071299954318,15,0.894,-0.002613132,-16.332075,2.3361400080000005,14.60087505,fixed
30.991147099994123,15,0.894,-0.002609374,-16.308587499999998,2.3327803559999998,14.579877224999999,fixed
31.014172399882227,15,0.894,-0.002613758,-16.335987499999998,2.3366996519999996,14.604372824999999,fixed
31.03795959998388,15,0.894,-0.002616576,-16.353599999999997,2.3392189439999997,14.620118399999997,fixed
31.061116999946535,15,0.894,-0.002614071,-16.33794375,2.336979474,14.6061217125,fixed
31.084245799924247,15,0.894,-0.002619708,-16.373175,2.342018952,14.63761845,fixed
31.107130199903622,15,0.894,-0.002621273,-16.38295625,2.343418062,14.6463628875,fixed
31.131862199981697,15,0.894,-0.002615637,-16.34773125,2.3383794780000002,14.6148717375,fixed
31.15496209997218,15,0.894,-0.002618455,-16.36534375,2.34089877,14.630617312500002,fixed
31.17769989988301,15,0.894,-0.002613445,-16.33403125,2.33641983,14.602623937499999,fixed
31.20109149988275,15,0.894,-0.002610001,-16.31250625,2.333340894,14.583380587499999,fixed
31.224852299899794,15,0.894,-0.002614071,-16.33794375,2.336979474,14.6061217125,fixed
31.24822349997703,15,0.894,-0.002613758,-16.335987499999998,2.3366996519999996,14.604372824999999,fixed
31.272208399954252,15,0.894,-0.002611566,-16.3222875,2.334740004,14.592125025000001,fixed
31.29540909989737,15,0.894,-0.002615324,-16.345775,2.3380996560000002,14.61312285,fixed
31.319417999940924,15,0.894,-0.002613132,-16.332075,2.3361400080000005,14.60087505,fixed
31.34203709999565,15,0.894,-0.002612506,-16.3281625,2.335580364,14.597377275000001,fixed
31.365253099938855,15,0.894,-0.002616263,-16.35164375,2.338939122,14.618369512500001,fixed
31.38875389995519,15,0.894,-0.002614698,-16.341862499999998,2.337540012,14.609625074999999,fixed
31.414450499927625,15,0.894,-0.002612506,-16.3281625,2.335580364,14.597377275000001,fixed
31.437296299962327,15,0.894,-0.002613758,-16.335987499999998,2.3366996519999996,14.604372824999999,fixed
31.460067799896933,15,0.894,-0.002608435,-16.30271875,2.3319408900000003,14.574630562500001,fixed
31.483054999960586,15,0.894,-0.002610627,-16.31641875,2.333900538,14.5868783625,fixed
31.506480999989435,15,0.894,-0.002614071,-16.33794375,2.336979474,14.6061217125,fixed
31.529068099916913,15,0.894,-0.002611253,-16.32033125,2.334460182,14.5903761375,fixed
31.554932699888013,15,0.894,-0.002613132,-16.332075,2.3361400080000005,14.60087505,fixed
31.578139699995518,15,0.894,-0.002617829,-16.36143125,2.340339126,14.627119537499999,fixed
31.601361499982886,15,0.894,-0.00261595,-16.3496875,2.3386592999999998,14.616620625000001,fixed
31.623934699920937,15,0.894,-0.002621273,-16.38295625,2.343418062,14.6463628875,fixed
31.64963249990251,15,0.894,-0.002621273,-16.38295625,2.343418062,14.6463628875,fixed
31.673015099950135,15,0.894,-0.002616887,-16.355543750000002,2.339496978,14.621856112500003,fixed
31.695937299984507,15,0.894,-0.00262096,-16.380999999999997,2.3431382399999996,14.644613999999997,fixed
31.71902439999394,15,0.894,-0.002614698,-16.341862499999998,2.337540012,14.609625074999999,fixed
31.741871499922127,15,0.894,-0.002612506,-16.3281625,2.335580364,14.597377275000001,fixed
31.76508499996271,15,0.894,-0.00261689,-16.3555625,2.33949966,14.621872875000001,fixed
31.793451999896206,15,0.894,-0.002616263,-16.35164375,2.338939122,14.618369512500001,fixed
31.82040959992446,15,0.894,-0.002617829,-16.36143125,2.340339126,14.627119537499999,fixed
31.84295569988899,15,0.894,-0.00261595,-16.3496875,2.3386592999999998,14.616620625000001,fixed
31.868228299892507,15,0.894,-0.002616576,-16.353599999999997,2.3392189439999997,14.620118399999997,fixed
31.891098199994303,15,0.894,-0.002609688,-16.310550000000003,2.333061072,14.581631700000003,fixed
31.9142458998831,15,0.894,-0.002612819,-16.33011875,2.335860186,14.599126162500001,fixed
31.937182699912228,15,0.894,-0.002614071,-16.33794375,2.336979474,14.6061217125,fixed
31.96192119992338,15,0.894,-0.002610627,-16.31641875,2.333900538,14.5868783625,fixed
31.98501139995642,15,0.894,-0.002619395,-16.37121875,2.34173913,14.6358695625,fixed
32.008905999944545,15,0.894,-0.002618455,-16.36534375,2.34089877,14.630617312500002,fixed
32.03194579994306,15,0.894,-0.00261689,-16.3555625,2.33949966,14.621872875000001,fixed
32.056378399953246,15,0.894,-0.002621273,-16.38295625,2.343418062,14.6463628875,fixed
32.079440699890256,15,0.894,-0.002617829,-16.36143125,2.340339126,14.627119537499999,fixed
32.10259159991983,15,0.894,-0.002617829,-16.36143125,2.340339126,14.627119537499999,fixed
32.12518689990975,15,0.894,-0.002620647,-16.37904375,2.3428584179999996,14.642865112500001,fixed
32.15045439999085,15,0.894,-0.002617203,-16.35751875,2.339779482,14.623621762500001,fixed
32.17310369992629,15,0.894,-0.002614385,-16.33990625,2.33726019,14.607876187499999,fixed
32.197635899996385,15,0.894,-0.00261595,-16.3496875,2.3386592999999998,14.616620625000001,fixed
32.220212499960326,15,0.894,-0.002611879,-16.32424375,2.335019826,14.593873912500001,fixed
32.24541829992086,15,0.894,-0.002614071,-16.33794375,2.336979474,14.6061217125,fixed
32.268198299920186,15,0.894,-0.002612193,-16.32620625,2.335300542,14.5956283875,fixed
32.29248859989457,16,0.904,-0.002579991,-16.124943749999996,2.332311864,14.576949149999997,fixed
32.31531089998316,16,0.904,-0.002583748,-16.148425,2.335708192,14.5981762,fixed
32.33889819995966,16,0.904,-0.002581556,-16.134725,2.333726624,14.5857914,fixed
32.362356999889016,16,0.904,-0.002582496,-16.1406,2.3345763840000004,14.5911024,fixed
32.38820919999853,16,0.904,-0.002588132,-16.175825,2.339671328,14.6229458,fixed
32.41718199988827,16,0.904,-0.002583435,-16.146468749999997,2.3354252399999997,14.596407749999997,fixed
32.43919399997685,16,0.904,-0.002583435,-16.146468749999997,2.3354252399999997,14.596407749999997,fixed
32.46126409992576,16,0.904,-0.002583122,-16.1445125,2.335142288,14.5946393,fixed
32.4832626999123,16,0.904,-0.002585314,-16.158212499999998,2.337123856,14.607024099999999,fixed
32.50777809997089,16,0.904,-0.002585627,-16.16016875,2.337406808,14.60879255,fixed
32.53110519994516,16,0.904,-0.002581556,-16.134725,2.333726624,14.5857914,fixed
32.55629759992007,16,0.904,-0.00258594,-16.162125,2.33768976,14.610561,fixed
32.57934019993991,16,0.904,-0.002585314,-16.158212499999998,2.337123856,14.607024099999999,fixed
32.60353219998069,16,0.904,-0.002586566,-16.1660375,2.3382556640000005,14.614097900000003,fixed
32.62526259990409,16,0.904,-0.002591889,-16.19930625,2.3430676559999997,14.64417285,fixed
32.64863079995848,16,0.904,-0.002587819,-16.17386875,2.3393883759999996,14.62117735,fixed
32.670191499986686,16,0.904,-0.00258093,-16.130812499999998,2.33316072,14.582254499999998,fixed
32.694899299996905,16,0.904,-0.002582183,-16.13864375,2.3342934320000004,14.58933395,fixed
32.718259699991904,16,0.904,-0.002583435,-16.146468749999997,2.3354252399999997,14.596407749999997,fixed
32.7428792999126,16,0.904,-0.002580617,-16.12885625,2.332877768,14.58048605,fixed
32.76598629995715,16,0.904,-0.00258688,-16.168000000000003,2.3385395200000003,14.615872000000003,fixed
32.79049359995406,16,0.904,-0.002582496,-16.1406,2.3345763840000004,14.5911024,fixed
32.813597699976526,16,0.904,-0.002582809,-16.142556250000002,2.334859336,14.592870850000002,fixed
32.8365780999884,16,0.904,-0.002587819,-16.17386875,2.3393883759999996,14.62117735,fixed
32.859091299935244,16,0.904,-0.002584061,-16.15038125,2.335991144,14.59994465,fixed
32.88529069989454,16,0.904,-0.002583122,-16.1445125,2.335142288,14.5946393,fixed
32.908305299934,16,0.904,-0.002584061,-16.15038125,2.335991144,14.59994465,fixed
32.93107049993705,16,0.904,-0.002580617,-16.12885625,2.332877768,14.58048605,fixed
32.95409659994766,16,0.904,-0.002582809,-16.142556250000002,2.334859336,14.592870850000002,fixed
32.978879699949175,16,0.904,-0.002583122,-16.1445125,2.335142288,14.5946393,fixed
33.00212739990093,16,0.904,-0.002579678,-16.1229875,2.332028912,14.5751807,fixed
33.024173999903724,16,0.904,-0.002586253,-16.16408125,2.3379727120000005,14.612329449999999,fixed
33.046331299934536,16,0.904,-0.002587819,-16.17386875,2.3393883759999996,14.62117735,fixed
33.06918599992059,16,0.904,-0.002586877,-16.16798125,2.338536808,14.61585505,fixed
33.09206259995699,16,0.904,-0.002586253,-16.16408125,2.3379727120000005,14.612329449999999,fixed
33.117388899903744,16,0.904,-0.002589071,-16.18169375,2.3405201840000003,14.62825115,fixed
33.14015599992126,16,0.904,-0.002583748,-16.148425,2.335708192,14.5981762,fixed
33.164137899992056,16,0.904,-0.002587506,-16.171912499999998,2.339105424,14.619408899999998,fixed
33.18723089993,16,0.904,-0.002589384,-16.18365,2.3408031360000003,14.6300196,fixed
33.210620099911466,16,0.904,-0.002583435,-16.146468749999997,2.3354252399999997,14.596407749999997,fixed
33.233247999916784,16,0.904,-0.002584687,-16.15429375,2.3365570480000004,14.603481550000001,fixed
33.2574336999096,16,0.904,-0.002588445,-16.17778125,2.33995428,14.62471425,fixed
33.27955489989836,16,0.904,-0.002584061,-16.15038125,2.335991144,14.59994465,fixed
33.30311489989981,16,0.904,-0.002585314,-16.158212499999998,2.337123856,14.607024099999999,fixed
33.324841899913736,16,0.904,-0.002589695,-16.18559375,2.34108428,14.63177675,fixed
33.35057869995944,16,0.904,-0.002588758,-16.179737499999998,2.3402372320000002,14.626482699999999,fixed
33.37246009998489,16,0.904,-0.00258688,-16.168000000000003,2.3385395200000003,14.615872000000003,fixed
33.39925539994147,16,0.904,-0.002589071,-16.18169375,2.3405201840000003,14.62825115,fixed
33.422134799999185,16,0.904,-0.002587192,-16.16995,2.3388215679999997,14.617634800000001,fixed
33.446940499939956,16,0.904,-0.002591263,-16.19539375,2.342501752,14.640635950000002,fixed
33.47012939990964,16,0.904,-0.002583748,-16.148425,2.335708192,14.5981762,fixed
33.494253799901344,16,0.904,-0.002584375,-16.152343749999996,2.336275,14.601718749999998,fixed
33.51721159997396,16,0.904,-0.00258594,-16.162125,2.33768976,14.610561,fixed
33.540029599913396,16,0.904,-0.00257811,-16.1131875,2.33061144,14.566321499999999,fixed
33.56340659991838,16,0.904,-0.002580617,-16.12885625,2.332877768,14.58048605,fixed
33.58698859997094,16,0.904,-0.002585314,-16.158212499999998,2.337123856,14.607024099999999,fixed
33.61040109989699,16,0.904,-0.002581869,-16.136681250000002,2.334009576,14.587559850000002,fixed
33.634231099975295,16,0.904,-0.002583748,-16.148425,2.335708192,14.5981762,fixed
33.65728019992821,16,0.904,-0.002586253,-16.16408125,2.3379727120000005,14.612329449999999,fixed
33.681368299992755,16,0.904,-0.002580617,-16.12885625,2.332877768,14.58048605,fixed
33.70425939990673,16,0.904,-0.002584061,-16.15038125,2.335991144,14.59994465,fixed
33.728235699934885,16,0.904,-0.002586566,-16.1660375,2.3382556640000005,14.614097900000003,fixed
33.751229299930856,16,0.904,-0.002581556,-16.134725,2.333726624,14.5857914,fixed
33.77541999996174,16,0.904,-0.002585001,-16.156256250000002,2.336840904,14.605255650000002,fixed
33.798008199897595,16,0.904,-0.002587192,-16.16995,2.3388215679999997,14.617634800000001,fixed
33.823064900003374,16,0.904,-0.002585314,-16.158212499999998,2.337123856,14.607024099999999,fixed
33.84614309994504,16,0.904,-0.002591263,-16.19539375,2.342501752,14.640635950000002,fixed
33.87068279995583,16,0.904,-0.002587819,-16.17386875,2.3393883759999996,14.62117735,fixed
33.89309229992796,16,0.904,-0.002587192,-16.16995,2.3388215679999997,14.617634800000001,fixed
33.918379099923186,16,0.904,-0.002589697,-16.18560625,2.341086088,14.631788049999999,fixed
33.941224699956365,16,0.904,-0.002584687,-16.15429375,2.3365570480000004,14.603481550000001,fixed
33.96444919996429,16,0.904,-0.002588132,-16.175825,2.339671328,14.6229458,fixed
33.987361699924804,16,0.904,-0.002588445,-16.17778125,2.33995428,14.62471425,fixed
34.0134112999076,16,0.904,-0.002581869,-16.136681250000002,2.334009576,14.587559850000002,fixed
34.03650489996653,16,0.904,-0.002584687,-16.15429375,2.3365570480000004,14.603481550000001,fixed
34.05925579997711,16,0.904,-0.002582183,-16.13864375,2.3342934320000004,14.58933395,fixed
34.08244179992471,16,0.904,-0.002582183,-16.13864375,2.3342934320000004,14.58933395,fixed
34.10616319999099,16,0.904,-0.002586877,-16.16798125,2.338536808,14.61585505,fixed
34.12954989995342,16,0.904,-0.002584375,-16.152343749999996,2.336275,14.601718749999998,fixed
34.15314869990107,16,0.904,-0.002583122,-16.1445125,2.335142288,14.5946393,fixed
34.17631359992083,16,0.904,-0.002588132,-16.175825,2.339671328,14.6229458,fixed
34.19953969994094,16,0.904,-0.002584061,-16.15038125,2.335991144,14.59994465,fixed
34.22225549991708,16,0.904,-0.002581869,-16.136681250000002,2.334009576,14.587559850000002,fixed
34.24859259999357,16,0.904,-0.002586253,-16.16408125,2.3379727120000005,14.612329449999999,fixed
34.27126759989187,16,0.904,-0.002581243,-16.13276875,2.333443672,14.584022950000001,fixed
34.29667949990835,17,0.894,-0.00261689,-16.3555625,2.33949966,14.621872875000001,fixed
34.31948039995041,17,0.894,-0.002614071,-16.33794375,2.336979474,14.6061217125,fixed
34.34313319995999,17,0.894,-0.002611566,-16.3222875,2.334740004,14.592125025000001,fixed
34.366484899888746,17,0.894,-0.00261595,-16.3496875,2.3386592999999998,14.616620625000001,fixed
34.3907695999369,17,0.894,-0.002612819,-16.33011875,2.335860186,14.599126162500001,fixed
34.41432939993683,17,0.894,-0.002611253,-16.32033125,2.334460182,14.5903761375,fixed
34.437981899944134,17,0.894,-0.002615011,-16.34381875,2.3378198340000003,14.6113739625,fixed
34.461632199934684,17,0.894,-0.002611253,-16.32033125,2.334460182,14.5903761375,fixed
34.48593049996998,17,0.894,-0.002615637,-16.34773125,2.3383794780000002,14.6148717375,fixed
34.50848550000228,17,0.894,-0.002614698,-16.341862499999998,2.337540012,14.609625074999999,fixed
34.53148349991534,17,0.894,-0.002612506,-16.3281625,2.335580364,14.597377275000001,fixed
34.55389449989889,17,0.894,-0.002614698,-16.341862499999998,2.337540012,14.609625074999999,fixed
34.58322079991922,17,0.894,-0.002615637,-16.34773125,2.3383794780000002,14.6148717375,fixed
34.60968649992719,17,0.894,-0.002618455,-16.36534375,2.34089877,14.630617312500002,fixed
34.63144519994967,17,0.894,-0.002612819,-16.33011875,2.335860186,14.599126162500001,fixed
34.655691399937496,17,0.894,-0.002615324,-16.345775,2.3380996560000002,14.61312285,fixed
34.67820339999162,17,0.894,-0.002616263,-16.35164375,2.338939122,14.618369512500001,fixed
34.70380059990566,17,0.894,-0.002613445,-16.33403125,2.33641983,14.602623937499999,fixed
34.72725139989052,17,0.894,-0.002617829,-16.36143125,2.340339126,14.627119537499999,fixed
34.75133409991395,17,0.894,-0.002613132,-16.332075,2.3361400080000005,14.60087505,fixed
34.77436639997177,17,0.894,-0.002614071,-16.33794375,2.336979474,14.6061217125,fixed
34.79805569991004,17,0.894,-0.002616261,-16.351631249999997,2.338937334,14.618358337499998,fixed
34.82106499990914,17,0.894,-0.00261094,-16.318375,2.33418036,14.58862725,fixed
34.84514739993028,17,0.894,-0.002614385,-16.33990625,2.33726019,14.607876187499999,fixed
34.868189099943265,17,0.894,-0.00261689,-16.3555625,2.33949966,14.621872875000001,fixed
34.8917669999646,17,0.894,-0.002612193,-16.32620625,2.335300542,14.5956283875,fixed
34.91420699993614,17,0.894,-0.00261595,-16.3496875,2.3386592999999998,14.616620625000001,fixed
34.93866149999667,17,0.894,-0.002617203,-16.35751875,2.339779482,14.623621762500001,fixed
34.96150370000396,17,0.894,-0.002610627,-16.31641875,2.333900538,14.5868783625,fixed
34.986706399940886,17,0.894,-0.002613445,-16.33403125,2.33641983,14.602623937499999,fixed
35.00911549990997,17,0.894,-0.002613758,-16.335987499999998,2.3366996519999996,14.604372824999999,fixed
35.03320769988932,17,0.894,-0.00261094,-16.318375,2.33418036,14.58862725,fixed
35.05650369997602,17,0.894,-0.00261595,-16.3496875,2.3386592999999998,14.616620625000001,fixed
35.08042619994376,17,0.894,-0.002611566,-16.3222875,2.334740004,14.592125025000001,fixed
35.1033908999525,17,0.894,-0.002609688,-16.310550000000003,2.333061072,14.581631700000003,fixed
35.12665579991881,17,0.894,-0.002614698,-16.341862499999998,2.337540012,14.609625074999999,fixed
35.149296399904415,17,0.894,-0.002613132,-16.332075,2.3361400080000005,14.60087505,fixed
35.172790199983865,17,0.894,-0.002612503,-16.32814375,2.335577682,14.5973605125,fixed
35.195496000000276,17,0.894,-0.002618142,-16.363387499999998,2.3406189480000004,14.628868424999999,fixed
35.221096899942495,17,0.894,-0.002620334,-16.377087500000002,2.3425785960000005,14.641116225000001,fixed
35.24331299995538,17,0.894,-0.002619708,-16.373175,2.342018952,14.63761845,fixed
35.26525379996747,17,0.894,-0.002620021,-16.375131250000003,2.342298774,14.639367337500003,fixed
35.288289599935524,17,0.894,-0.002617203,-16.35751875,2.339779482,14.623621762500001,fixed
35.313365099951625,17,0.894,-0.002611879,-16.32424375,2.335019826,14.593873912500001,fixed
35.336331099970266,17,0.894,-0.002614385,-16.33990625,2.33726019,14.607876187499999,fixed
35.3598191998899,17,0.894,-0.002611877,-16.324231249999997,2.335018038,14.593862737499997,fixed
35.38314669998363,17,0.894,-0.00261094,-16.318375,2.33418036,14.58862725,fixed
35.40588909992948,17,0.894,-0.002616576,-16.353599999999997,2.3392189439999997,14.620118399999997,fixed
35.429095599916764,17,0.894,-0.002615637,-16.34773125,2.3383794780000002,14.6148717375,fixed
35.451291799894534,17,0.894,-0.002613758,-16.335987499999998,2.3366996519999996,14.604372824999999,fixed
35.47327469999436,17,0.894,-0.002617203,-16.35751875,2.339779482,14.623621762500001,fixed
35.497935299994424,17,0.894,-0.002616576,-16.353599999999997,2.3392189439999997,14.620118399999997,fixed
35.520308499922976,17,0.894,-0.002608748,-16.304675000000003,2.3322207120000003,14.576379450000003,fixed
35.54567199992016,17,0.894,-0.002609688,-16.310550000000003,2.333061072,14.581631700000003,fixed
35.56825869996101,17,0.894,-0.002612819,-16.33011875,2.335860186,14.599126162500001,fixed
35.59221999999136,17,0.894,-0.002609374,-16.308587499999998,2.3327803559999998,14.579877224999999,fixed
35.61529149999842,17,0.894,-0.002614698,-16.341862499999998,2.337540012,14.609625074999999,fixed
35.63932669989299,17,0.894,-0.002618142,-16.363387499999998,2.3406189480000004,14.628868424999999,fixed
35.66214679996483,17,0.894,-0.002615324,-16.345775,2.3380996560000002,14.61312285,fixed
35.68587119993754,17,0.894,-0.0026219,-16.386875,2.3439786,14.64986625,fixed
35.709155899938196,17,0.894,-0.002620647,-16.37904375,2.3428584179999996,14.642865112500001,fixed
35.73227419995237,17,0.894,-0.002614698,-16.341862499999998,2.337540012,14.609625074999999,fixed
35.75453309994191,17,0.894,-0.002617829,-16.36143125,2.340339126,14.627119537499999,fixed
35.77726079989225,17,0.894,-0.002617516,-16.359474999999996,2.340059304,14.625370649999997,fixed
35.79890629998408,17,0.894,-0.002612819,-16.33011875,2.335860186,14.599126162500001,fixed
35.823836399940774,17,0.894,-0.002611879,-16.32424375,2.335019826,14.593873912500001,fixed
35.84548179991543,17,0.894,-0.002617829,-16.36143125,2.340339126,14.627119537499999,fixed
35.87175639998168,17,0.894,-0.002616263,-16.35164375,2.338939122,14.618369512500001,fixed
35.89575969998259,17,0.894,-0.002615324,-16.345775,2.3380996560000002,14.61312285,fixed
35.91952889994718,17,0.894,-0.002617203,-16.35751875,2.339779482,14.623621762500001,fixed
35.94231839990243,17,0.894,-0.002612193,-16.32620625,2.335300542,14.5956283875,fixed
35.9676741999574,17,0.894,-0.002616576,-16.353599999999997,2.3392189439999997,14.620118399999997,fixed
35.99028049991466,17,0.894,-0.002613758,-16.335987499999998,2.3366996519999996,14.604372824999999,fixed
36.014957599923946,17,0.894,-0.002612193,-16.32620625,2.335300542,14.5956283875,fixed
36.038287499919534,17,0.894,-0.00261689,-16.3555625,2.33949966,14.621872875000001,fixed
36.064038199954666,17,0.894,-0.002613132,-16.332075,2.3361400080000005,14.60087505,fixed
36.087714699911885,17,0.894,-0.002620334,-16.377087500000002,2.3425785960000005,14.641116225000001,fixed
36.11077689996455,17,0.894,-0.002617829,-16.36143125,2.340339126,14.627119537499999,fixed
36.13323669997044,17,0.894,-0.002616576,-16.353599999999997,2.3392189439999997,14.620118399999997,fixed
36.157018999918364,17,0.894,-0.002618455,-16.36534375,2.34089877,14.630617312500002,fixed
36.18029329995625,17,0.894,-0.002615011,-16.34381875,2.3378198340000003,14.6113739625,fixed
36.203466999926604,17,0.894,-0.002614071,-16.33794375,2.336979474,14.6061217125,fixed
36.2264840999851,17,0.894,-0.002617516,-16.359474999999996,2.340059304,14.625370649999997,fixed
36.251799699966796,17,0.894,-0.002614698,-16.341862499999998,2.337540012,14.609625074999999,fixed
36.27457859995775,17,0.894,-0.002611253,-16.32033125,2.334460182,14.5903761375,fixed
36.299099699943326,18,0.884,-0.002641576,-16.50985,2.335153184,14.5947074,fixed
36.322624099906534,18,0.884,-0.002637819,-16.48636875,2.331831996,14.573949975,fixed
36.346121099893935,18,0.884,-0.002641889,-16.51180625,2.335429876,14.596436725,fixed
36.369557999889366,18,0.884,-0.002643142,-16.519637499999998,2.3365375279999996,14.603359549999999,fixed
36.392654299968854,18,0.884,-0.002639384,-16.496149999999997,2.333215456,14.582596599999997,fixed
36.41564349993132,18,0.884,-0.002643142,-16.519637499999998,2.3365375279999996,14.603359549999999,fixed
36.43903519993182,18,0.884,-0.002642516,-16.515725,2.335984144,14.5999009,fixed
36.462284299894236,18,0.884,-0.002636566,-16.478537499999998,2.330724344,14.567027149999998,fixed
36.487831999897026,18,0.884,-0.002641263,-16.507893749999997,2.3348764920000002,14.592978074999998,fixed
36.51143239997327,18,0.884,-0.002636879,-16.48049375,2.331001036,14.568756475,fixed
36.534133399953134,18,0.884,-0.002640324,-16.502024999999996,2.334046416,14.587790099999996,fixed
36.557303899899125,18,0.884,-0.002644081,-16.52550625,2.337367604,14.608547524999999,fixed
36.58024959999602,18,0.884,-0.002639698,-16.498112499999998,2.333493032,14.584331449999999,fixed
36.60340699995868,18,0.884,-0.002639384,-16.496149999999997,2.333215456,14.582596599999997,fixed
36.626738199964166,18,0.884,-0.002643768,-16.52355,2.337090912,14.606818200000001,fixed
36.64976309996564,18,0.884,-0.002641576,-16.50985,2.335153184,14.5947074,fixed
36.67327329993714,18,0.884,-0.002637819,-16.48636875,2.331831996,14.573949975,fixed
36.69640499993693,18,0.884,-0.002641889,-16.51180625,2.335429876,14.596436725,fixed
36.720539999892935,18,0.884,-0.002641576,-16.50985,2.335153184,14.5947074,fixed
36.74498989991844,18,0.884,-0.002639384,-16.496149999999997,2.333215456,14.582596599999997,fixed
36.76821529993322,18,0.884,-0.002646586,-16.5411625,2.339582024,14.622387649999999,fixed
36.78988820000086,18,0.884,-0.002642829,-16.517681250000003,2.336260836,14.601630225000003,fixed
36.81117020000238,18,0.884,-0.002642203,-16.51376875,2.3357074520000003,14.598171575,fixed
36.8331302999286,18,0.884,-0.002645021,-16.53138125,2.338198564,14.613741025,fixed
36.85837129992433,18,0.884,-0.002647839,-16.548993749999998,2.3406896759999998,14.629310474999999,fixed
36.880003799917176,18,0.884,-0.002642829,-16.517681250000003,2.336260836,14.601630225000003,fixed
36.90568979992531,18,0.884,-0.002643768,-16.52355,2.337090912,14.606818200000001,fixed
36.92709369992372,18,0.884,-0.002647839,-16.548993749999998,2.3406896759999998,14.629310474999999,fixed
36.95267549995333,18,0.884,-0.002645021,-16.53138125,2.338198564,14.613741025,fixed
36.97512529999949,18,0.884,-0.002645021,-16.53138125,2.338198564,14.613741025,fixed
37.00180679990444,18,0.885,-0.002645337,-16.53335625,2.3411232450000004,14.63202028125,fixed
37.024311199900694,18,0.884,-0.00264095,-16.5059375,2.3345998,14.591248750000002,fixed
37.04836749995593,18,0.884,-0.002645647,-16.53529375,2.338751948,14.617199675,fixed
37.07201579993125,18,0.884,-0.002639698,-16.498112499999998,2.333493032,14.584331449999999,fixed
37.09505449992139,18,0.884,-0.002643142,-16.519637499999998,2.3365375279999996,14.603359549999999,fixed
37.11819939990528,18,0.884,-0.002645647,-16.53529375,2.338751948,14.617199675,fixed
37.14217639993876,18,0.884,-0.002641889,-16.51180625,2.335429876,14.596436725,fixed
37.165503199910745,18,0.884,-0.002643455,-16.521593749999997,2.33681422,14.605088874999998,fixed
37.18959329999052,18,0.884,-0.002643142,-16.519637499999998,2.3365375279999996,14.603359549999999,fixed
37.21221779996995,18,0.884,-0.002636879,-16.48049375,2.331001036,14.568756475,fixed
37.23588789999485,18,0.884,-0.002639698,-16.498112499999998,2.333493032,14.584331449999999,fixed
37.259309999994,18,0.884,-0.002643455,-16.521593749999997,2.33681422,14.605088874999998,fixed
37.28290299989749,18,0.884,-0.002641889,-16.51180625,2.335429876,14.596436725,fixed
37.306263199890964,18,0.884,-0.00264596,-16.53725,2.33902864,14.618929,fixed
37.330181999946944,18,0.884,-0.002644395,-16.527468749999997,2.33764518,14.610282374999997,fixed
37.35326349991374,18,0.884,-0.00264095,-16.5059375,2.3345998,14.591248750000002,fixed
37.37759999989066,18,0.884,-0.002644395,-16.527468749999997,2.33764518,14.610282374999997,fixed
37.40015399991535,18,0.884,-0.002640637,-16.50398125,2.334323108,14.589519424999999,fixed
37.42417849996127,18,0.885,-0.0026397,-16.498124999999998,2.3361345,14.600840624999998,fixed
37.44730199989863,18,0.884,-0.002645647,-16.53529375,2.338751948,14.617199675,fixed
37.47094719996676,18,0.884,-0.002642203,-16.51376875,2.3357074520000003,14.598171575,fixed
37.49413599993568,18,0.884,-0.002641576,-16.50985,2.335153184,14.5947074,fixed
37.517148299957626,18,0.884,-0.002643768,-16.52355,2.337090912,14.606818200000001,fixed
37.540329099982046,18,0.884,-0.00264095,-16.5059375,2.3345998,14.591248750000002,fixed
37.56444129999727,18,0.884,-0.002641576,-16.50985,2.335153184,14.5947074,fixed
37.587590999901295,18,0.884,-0.002648778,-16.5548625,2.3415197520000004,14.634498449999999,fixed
37.61161079991143,18,0.884,-0.002644708,-16.529425,2.3379218720000003,14.6120117,fixed
37.6346069999272,18,0.884,-0.002644395,-16.527468749999997,2.33764518,14.610282374999997,fixed
37.657959799980745,18,0.884,-0.002646586,-16.5411625,2.339582024,14.622387649999999,fixed
37.68130599998403,18,0.884,-0.002642829,-16.517681250000003,2.336260836,14.601630225000003,fixed
37.70430069998838,18,0.884,-0.002644081,-16.52550625,2.337367604,14.608547524999999,fixed
37.727675699978136,18,0.884,-0.002647526,-16.5470375,2.340412984,14.62758115,fixed
37.75189759989735,18,0.884,-0.002641889,-16.51180625,2.335429876,14.596436725,fixed
37.77430519997142,18,0.884,-0.002641576,-16.50985,2.335153184,14.5947074,fixed
37.798575799912214,18,0.884,-0.00264596,-16.53725,2.33902864,14.618929,fixed
37.82128419994842,18,0.884,-0.002642516,-16.515725,2.335984144,14.5999009,fixed
37.848221899941564,18,0.884,-0.002644395,-16.527468749999997,2.33764518,14.610282374999997,fixed
37.871573799988255,18,0.885,-0.002641266,-16.507912500000003,2.33752041,14.609502562500003,fixed
37.894477499998175,18,0.884,-0.002639071,-16.49419375,2.332938764,14.580867275000001,fixed
37.91732379992027,18,0.884,-0.002642203,-16.51376875,2.3357074520000003,14.598171575,fixed
37.940765799954534,18,0.884,-0.002641263,-16.507893749999997,2.3348764920000002,14.592978074999998,fixed
37.963361399946734,18,0.884,-0.002641263,-16.507893749999997,2.3348764920000002,14.592978074999998,fixed
37.98775939992629,18,0.884,-0.002646586,-16.5411625,2.339582024,14.622387649999999,fixed
38.01023409992922,18,0.884,-0.002643455,-16.521593749999997,2.33681422,14.605088874999998,fixed
38.034995699999854,18,0.884,-0.002641576,-16.50985,2.335153184,14.5947074,fixed
38.0589186999714,18,0.884,-0.002645647,-16.53529375,2.338751948,14.617199675,fixed
38.08297999994829,18,0.884,-0.002641263,-16.507893749999997,2.3348764920000002,14.592978074999998,fixed
38.10656149999704,18,0.884,-0.002642829,-16.517681250000003,2.336260836,14.601630225000003,fixed
38.12924939999357,18,0.884,-0.002644081,-16.52550625,2.337367604,14.608547524999999,fixed
38.15138679998927,18,0.884,-0.002640324,-16.502024999999996,2.334046416,14.587790099999996,fixed
38.17470859992318,18,0.884,-0.002641263,-16.507893749999997,2.3348764920000002,14.592978074999998,fixed
38.19662999990396,18,0.884,-0.002641263,-16.507893749999997,2.3348764920000002,14.592978074999998,fixed
38.22404439991806,18,0.884,-0.002640011,-16.50006875,2.333769724,14.586060775,fixed
38.24706869991496,18,0.884,-0.002640011,-16.50006875,2.333769724,14.586060775,fixed
38.26975279999897,18,0.884,-0.002638758,-16.4922375,2.332662072,14.579137950000002,fixed
38.29163209989201,18,0.884,-0.002636253,-16.47658125,2.3304476519999997,14.565297824999998,fixed
38.316214599995874,19,0.894,-0.002614385,-16.33990625,2.33726019,14.607876187499999,fixed
38.33937880001031,19,0.895,-0.002617831,-16.36144375,2.3429587450000002,14.64349215625,fixed
38.36347159999423,19,0.894,-0.002614071,-16.33794375,2.336979474,14.6061217125,fixed
38.38647939998191,19,0.894,-0.002618455,-16.36534375,2.34089877,14.630617312500002,fixed
38.410940399975516,19,0.894,-0.002620021,-16.375131250000003,2.342298774,14.639367337500003,fixed
38.4335618999321,19,0.894,-0.002616263,-16.35164375,2.338939122,14.618369512500001,fixed
38.458265099907294,19,0.894,-0.002619395,-16.37121875,2.34173913,14.6358695625,fixed
38.48145889991429,19,0.894,-0.002616576,-16.353599999999997,2.3392189439999997,14.620118399999997,fixed
38.50428829994053,19,0.894,-0.002617516,-16.359474999999996,2.340059304,14.625370649999997,fixed
38.52670499996748,19,0.894,-0.002619708,-16.373175,2.342018952,14.63761845,fixed
38.54939389997162,19,0.894,-0.002618455,-16.36534375,2.34089877,14.630617312500002,fixed
38.571740499930456,19,0.894,-0.002614698,-16.341862499999998,2.337540012,14.609625074999999,fixed
38.59695059992373,19,0.894,-0.00261689,-16.3555625,2.33949966,14.621872875000001,fixed
38.61952800001018,19,0.894,-0.002623152,-16.3947,2.345097888,14.6568618,fixed
38.64333429990802,19,0.894,-0.002619708,-16.373175,2.342018952,14.63761845,fixed
38.666654599946924,19,0.894,-0.0026219,-16.386875,2.3439786,14.64986625,fixed
38.690833000000566,19,0.894,-0.002620334,-16.377087500000002,2.3425785960000005,14.641116225000001,fixed
38.71349429991096,19,0.894,-0.002615324,-16.345775,2.3380996560000002,14.61312285,fixed
38.7366152999457,19,0.894,-0.002617516,-16.359474999999996,2.340059304,14.625370649999997,fixed
38.759241099935025,19,0.894,-0.002618142,-16.363387499999998,2.3406189480000004,14.628868424999999,fixed
38.782259800005704,19,0.894,-0.002615011,-16.34381875,2.3378198340000003,14.6113739625,fixed
38.80543609999586,19,0.894,-0.002620021,-16.375131250000003,2.342298774,14.639367337500003,fixed
38.828475299989805,19,0.894,-0.002623152,-16.3947,2.345097888,14.6568618,fixed
38.851441900013015,19,0.894,-0.002617829,-16.36143125,2.340339126,14.627119537499999,fixed
38.87702949997038,19,0.894,-0.002616576,-16.353599999999997,2.3392189439999997,14.620118399999997,fixed
38.89952989993617,19,0.894,-0.002618768,-16.3673,2.341178592,14.6323662,fixed
38.92551309999544,19,0.894,-0.002613445,-16.33403125,2.33641983,14.602623937499999,fixed
38.94845979998354,19,0.894,-0.002620021,-16.375131250000003,2.342298774,14.639367337500003,fixed
38.9715475999983,19,0.894,-0.002616576,-16.353599999999997,2.3392189439999997,14.620118399999997,fixed
38.99440189998131,19,0.894,-0.002617516,-16.359474999999996,2.340059304,14.625370649999997,fixed
39.01732019998599,19,0.894,-0.002621586,-16.3849125,2.343697884,14.648111774999999,fixed
39.04105269990396,19,0.894,-0.002619395,-16.37121875,2.34173913,14.6358695625,fixed
39.06549820001237,19,0.894,-0.002614071,-16.33794375,2.336979474,14.6061217125,fixed
39.088470899965614,19,0.894,-0.002620021,-16.375131250000003,2.342298774,14.639367337500003,fixed
39.11242579994723,19,0.894,-0.00261595,-16.3496875,2.3386592999999998,14.616620625000001,fixed
39.1354043999454,19,0.894,-0.002618768,-16.3673,2.341178592,14.6323662,fixed
39.160010699997656,19,0.894,-0.002622839,-16.392743749999998,2.344818066,14.655112912499998,fixed
39.18282059999183,19,0.894,-0.002619708,-16.373175,2.342018952,14.63761845,fixed
39.20865259994753,19,0.894,-0.002622526,-16.390787500000002,2.344538244,14.653364025000002,fixed
39.23181829997338,19,0.894,-0.00262096,-16.380999999999997,2.3431382399999996,14.644613999999997,fixed
39.25655079993885,19,0.894,-0.002620334,-16.377087500000002,2.3425785960000005,14.641116225000001,fixed
39.27950880001299,19,0.894,-0.002623465,-16.396656250000003,2.34537771,14.658610687500003,fixed
39.30251790001057,19,0.894,-0.002618142,-16.363387499999998,2.3406189480000004,14.628868424999999,fixed
39.32554709992837,19,0.894,-0.002619395,-16.37121875,2.34173913,14.6358695625,fixed
39.350062799989246,19,0.894,-0.002619395,-16.37121875,2.34173913,14.6358695625,fixed
39.37234929995611,19,0.894,-0.002614698,-16.341862499999998,2.337540012,14.609625074999999,fixed
39.39573509991169,19,0.894,-0.002617516,-16.359474999999996,2.340059304,14.625370649999997,fixed
39.41843499999959,19,0.894,-0.002620334,-16.377087500000002,2.3425785960000005,14.641116225000001,fixed
39.44323410000652,19,0.894,-0.002617829,-16.36143125,2.340339126,14.627119537499999,fixed
39.46634009992704,19,0.894,-0.002619081,-16.36925625,2.3414584140000003,14.6341150875,fixed
39.490717399981804,19,0.894,-0.002619395,-16.37121875,2.34173913,14.6358695625,fixed
39.51351630000863,19,0.894,-0.002614698,-16.341862499999998,2.337540012,14.609625074999999,fixed
39.537482899962924,19,0.894,-0.002618142,-16.363387499999998,2.3406189480000004,14.628868424999999,fixed
39.561031999997795,19,0.894,-0.002618455,-16.36534375,2.34089877,14.630617312500002,fixed
39.58414339995943,19,0.894,-0.002617203,-16.35751875,2.339779482,14.623621762500001,fixed
39.60777839994989,19,0.894,-0.002623465,-16.396656250000003,2.34537771,14.658610687500003,fixed
39.630632899934426,19,0.894,-0.002622213,-16.38883125,2.3442584220000002,14.6516151375,fixed
39.653552699950524,19,0.894,-0.002618768,-16.3673,2.341178592,14.6323662,fixed
39.67749939998612,19,0.894,-0.002622526,-16.390787500000002,2.344538244,14.653364025000002,fixed
39.70051679993048,19,0.894,-0.002620334,-16.377087500000002,2.3425785960000005,14.641116225000001,fixed
39.72478029993363,19,0.894,-0.002615637,-16.34773125,2.3383794780000002,14.6148717375,fixed
39.74741630000062,19,0.894,-0.00262096,-16.380999999999997,2.3431382399999996,14.644613999999997,fixed
39.77157579991035,19,0.894,-0.002618142,-16.363387499999998,2.3406189480000004,14.628868424999999,fixed
39.794966799905524,19,0.894,-0.002617516,-16.359474999999996,2.340059304,14.625370649999997,fixed
39.818533599958755,19,0.894,-0.002622839,-16.392743749999998,2.344818066,14.655112912499998,fixed
39.843290799995884,19,0.894,-0.002617829,-16.36143125,2.340339126,14.627119537499999,fixed
39.8663155999966,19,0.894,-0.002620334,-16.377087500000002,2.3425785960000005,14.641116225000001,fixed
39.88939359993674,19,0.894,-0.002621586,-16.3849125,2.343697884,14.648111774999999,fixed
39.91235209989827,19,0.894,-0.002616263,-16.35164375,2.338939122,14.618369512500001,fixed
39.93555739999283,19,0.894,-0.002618142,-16.363387499999998,2.3406189480000004,14.628868424999999,fixed
39.95853409997653,19,0.894,-0.0026219,-16.386875,2.3439786,14.64986625,fixed
39.98140779999085,19,0.894,-0.002619395,-16.37121875,2.34173913,14.6358695625,fixed
40.00511619995814,19,0.894,-0.002619395,-16.37121875,2.34173913,14.6358695625,fixed
40.02846589998808,19,0.894,-0.002624718,-16.4044875,2.346497892,14.665611825,fixed
40.0519560999237,19,0.894,-0.002621586,-16.3849125,2.343697884,14.648111774999999,fixed
40.07445539999753,19,0.894,-0.002619708,-16.373175,2.342018952,14.63761845,fixed
40.09939139999915,19,0.894,-0.002621586,-16.3849125,2.343697884,14.648111774999999,fixed
40.12263489991892,19,0.894,-0.002615324,-16.345775,2.3380996560000002,14.61312285,fixed
40.146759099909104,19,0.894,-0.002616576,-16.353599999999997,2.3392189439999997,14.620118399999997,fixed
40.16940099990461,19,0.894,-0.002619708,-16.373175,2.342018952,14.63761845,fixed
40.193213999969885,19,0.894,-0.002615637,-16.34773125,2.3383794780000002,14.6148717375,fixed
40.2169080999447,19,0.894,-0.002620334,-16.377087500000002,2.3425785960000005,14.641116225000001,fixed
40.24003879993688,19,0.894,-0.002623778,-16.3986125,2.3456575319999997,14.660359575,fixed
40.26250849990174,19,0.894,-0.002620021,-16.375131250000003,2.342298774,14.639367337500003,fixed
40.286646599997766,19,0.894,-0.002622213,-16.38883125,2.3442584220000002,14.6516151375,fixed
40.30945229995996,19,0.894,-0.002625031,-16.406443749999998,2.3467777140000003,14.667360712499999,fixed
40.334159299964085,20,0.904,-0.002587503,-16.171893750000002,2.3391027120000003,14.619391950000002,fixed
40.357927699922584,20,0.904,-0.002590637,-16.19148125,2.341935848,14.63709905,fixed
40.38066169992089,20,0.904,-0.002589071,-16.18169375,2.3405201840000003,14.62825115,fixed
40.40387359994929,20,0.904,-0.002584375,-16.152343749999996,2.336275,14.601718749999998,fixed
40.427900999900885,20,0.904,-0.002588132,-16.175825,2.339671328,14.6229458,fixed
40.450750199961476,20,0.904,-0.002588758,-16.179737499999998,2.3402372320000002,14.626482699999999,fixed
40.474519399926066,20,0.904,-0.002584687,-16.15429375,2.3365570480000004,14.603481550000001,fixed
40.49737399991136,20,0.904,-0.002590324,-16.189525,2.3416528960000003,14.6353306,fixed
40.52098819997627,20,0.904,-0.00259095,-16.193437499999998,2.3422188,14.638867499999998,fixed
40.543387299985625,20,0.904,-0.002586253,-16.16408125,2.3379727120000005,14.612329449999999,fixed
40.566564599983394,20,0.904,-0.002588132,-16.175825,2.339671328,14.6229458,fixed
40.58988169999793,20,0.904,-0.002589071,-16.18169375,2.3405201840000003,14.62825115,fixed
40.61442699993495,20,0.904,-0.002584061,-16.15038125,2.335991144,14.59994465,fixed
40.637814199901186,20,0.904,-0.002589071,-16.18169375,2.3405201840000003,14.62825115,fixed
40.660451899981126,20,0.904,-0.002590011,-16.18756875,2.341369944,14.633562150000001,fixed
40.68375859991647,20,0.904,-0.00258688,-16.168000000000003,2.3385395200000003,14.615872000000003,fixed
40.70787219994236,20,0.904,-0.002590324,-16.189525,2.3416528960000003,14.6353306,fixed
40.73056279995944,20,0.904,-0.002591263,-16.19539375,2.342501752,14.640635950000002,fixed
40.753712699981406,20,0.904,-0.00258594,-16.162125,2.33768976,14.610561,fixed
40.775820999988355,20,0.904,-0.002588758,-16.179737499999998,2.3402372320000002,14.626482699999999,fixed
40.79928489995655,20,0.904,-0.002592516,-16.203225,2.343634464,14.647715400000001,fixed
40.821687899995595,20,0.904,-0.002587192,-16.16995,2.3388215679999997,14.617634800000001,fixed
40.8477609999245,20,0.904,-0.002587506,-16.171912499999998,2.339105424,14.619408899999998,fixed
40.87029110000003,20,0.904,-0.002590637,-16.19148125,2.341935848,14.63709905,fixed
40.89547959994525,20,0.904,-0.002584375,-16.152343749999996,2.336275,14.601718749999998,fixed
40.91857799992431,20,0.904,-0.002587192,-16.16995,2.3388215679999997,14.617634800000001,fixed
40.94167159998324,20,0.904,-0.002585001,-16.156256250000002,2.336840904,14.605255650000002,fixed
40.96455159992911,20,0.904,-0.002582809,-16.142556250000002,2.334859336,14.592870850000002,fixed
40.992635599919595,20,0.904,-0.002590324,-16.189525,2.3416528960000003,14.6353306,fixed
41.01931049989071,20,0.904,-0.002587506,-16.171912499999998,2.339105424,14.619408899999998,fixed
41.04265249997843,20,0.904,-0.002587192,-16.16995,2.3388215679999997,14.617634800000001,fixed
41.067182699916884,20,0.904,-0.002587819,-16.17386875,2.3393883759999996,14.62117735,fixed
41.09057269990444,20,0.904,-0.002589384,-16.18365,2.3408031360000003,14.6300196,fixed
41.114664799999446,20,0.904,-0.002583435,-16.146468749999997,2.3354252399999997,14.596407749999997,fixed
41.137783799902536,20,0.904,-0.002586566,-16.1660375,2.3382556640000005,14.614097900000003,fixed
41.16169449989684,20,0.904,-0.00258594,-16.162125,2.33768976,14.610561,fixed
41.184271599981,20,0.904,-0.002581243,-16.13276875,2.333443672,14.584022950000001,fixed
41.2082060999237,20,0.904,-0.002585001,-16.156256250000002,2.336840904,14.605255650000002,fixed
41.23194029997103,20,0.904,-0.002584375,-16.152343749999996,2.336275,14.601718749999998,fixed
41.25619929993991,20,0.904,-0.002582496,-16.1406,2.3345763840000004,14.5911024,fixed
41.28003719996195,20,0.904,-0.002588132,-16.175825,2.339671328,14.6229458,fixed
41.30365979997441,20,0.904,-0.002583435,-16.146468749999997,2.3354252399999997,14.596407749999997,fixed
41.32637959998101,20,0.904,-0.002586566,-16.1660375,2.3382556640000005,14.614097900000003,fixed
41.34927379991859,20,0.904,-0.002589071,-16.18169375,2.3405201840000003,14.62825115,fixed
41.37142869993113,20,0.904,-0.00258688,-16.168000000000003,2.3385395200000003,14.615872000000003,fixed
41.393525299965404,20,0.904,-0.00258688,-16.168000000000003,2.3385395200000003,14.615872000000003,fixed
41.41553609992843,20,0.904,-0.00259095,-16.193437499999998,2.3422188,14.638867499999998,fixed
41.43938209989574,20,0.904,-0.002593455,-16.20909375,2.34448332,14.653020750000001,fixed
41.46127989992965,20,0.904,-0.002586566,-16.1660375,2.3382556640000005,14.614097900000003,fixed
41.48480199999176,20,0.904,-0.002585001,-16.156256250000002,2.336840904,14.605255650000002,fixed
41.50638479995541,20,0.904,-0.002589384,-16.18365,2.3408031360000003,14.6300196,fixed
41.532211899990216,20,0.904,-0.002591263,-16.19539375,2.342501752,14.640635950000002,fixed
41.55429399991408,20,0.904,-0.002587506,-16.171912499999998,2.339105424,14.619408899999998,fixed
41.5790030999342,20,0.904,-0.002590011,-16.18756875,2.341369944,14.633562150000001,fixed
41.60017279989552,20,0.904,-0.002587506,-16.171912499999998,2.339105424,14.619408899999998,fixed
41.6222918999847,20,0.904,-0.002585001,-16.156256250000002,2.336840904,14.605255650000002,fixed
41.64414949994534,20,0.904,-0.002587819,-16.17386875,2.3393883759999996,14.62117735,fixed
41.66630509996321,20,0.904,-0.00259095,-16.193437499999998,2.3422188,14.638867499999998,fixed
41.69072509999387,20,0.904,-0.002591576,-16.19735,2.342784704,14.6424044,fixed
41.71221779996995,20,0.904,-0.002586566,-16.1660375,2.3382556640000005,14.614097900000003,fixed
41.73666759999469,20,0.904,-0.002587192,-16.16995,2.3388215679999997,14.617634800000001,fixed
41.758285899995826,20,0.904,-0.002587506,-16.171912499999998,2.339105424,14.619408899999998,fixed
41.78045540000312,20,0.904,-0.002584061,-16.15038125,2.335991144,14.59994465,fixed
41.80221549991984,20,0.904,-0.002582183,-16.13864375,2.3342934320000004,14.58933395,fixed
41.82422089995816,20,0.904,-0.002586566,-16.1660375,2.3382556640000005,14.614097900000003,fixed
41.8495447000023,20,0.904,-0.002591263,-16.19539375,2.342501752,14.640635950000002,fixed
41.87158539996017,20,0.904,-0.002588445,-16.17778125,2.33995428,14.62471425,fixed
41.895624099997804,20,0.904,-0.002586253,-16.16408125,2.3379727120000005,14.612329449999999,fixed
41.91755169990938,20,0.904,-0.002591889,-16.19930625,2.3430676559999997,14.64417285,fixed
41.94289789989125,20,0.904,-0.002590637,-16.19148125,2.341935848,14.63709905,fixed
41.96447619993705,20,0.904,-0.002584687,-16.15429375,2.3365570480000004,14.603481550000001,fixed
41.98954569990747,20,0.904,-0.002587819,-16.17386875,2.3393883759999996,14.62117735,fixed
42.011181799927726,20,0.904,-0.002584061,-16.15038125,2.335991144,14.59994465,fixed
42.03764579992276,20,0.904,-0.002584061,-16.15038125,2.335991144,14.59994465,fixed
42.059201399912126,20,0.904,-0.002589384,-16.18365,2.3408031360000003,14.6300196,fixed
42.08120879996568,20,0.904,-0.002587506,-16.171912499999998,2.339105424,14.619408899999998,fixed
42.10319499997422,20,0.904,-0.002588132,-16.175825,2.339671328,14.6229458,fixed
42.125371699919924,20,0.904,-0.002591263,-16.19539375,2.342501752,14.640635950000002,fixed
42.14836989995092,20,0.904,-0.002594708,-16.216925,2.3456160319999997,14.6601002,fixed
42.17109089996666,20,0.904,-0.002592203,-16.20126875,2.3433515120000004,14.64594695,fixed
42.19685819989536,20,0.904,-0.002588132,-16.175825,2.339671328,14.6229458,fixed
42.219610999920405,20,0.904,-0.002592516,-16.203225,2.343634464,14.647715400000001,fixed
42.24354929989204,20,0.904,-0.002588758,-16.179737499999998,2.3402372320000002,14.626482699999999,fixed
42.266723399981856,20,0.904,-0.002590324,-16.189525,2.3416528960000003,14.6353306,fixed
42.29304839996621,20,0.904,-0.002592203,-16.20126875,2.3433515120000004,14.64594695,fixed
42.31598439998925,20,0.904,-0.002585001,-16.156256250000002,2.336840904,14.605255650000002,fixed
42.33948479988612,21,0.894,-0.002619395,-16.37121875,2.34173913,14.6358695625,fixed
42.36270489997696,21,0.894,-0.002614698,-16.341862499999998,2.337540012,14.609625074999999,fixed
42.38559689989779,21,0.894,-0.002614385,-16.33990625,2.33726019,14.607876187499999,fixed
42.40867149992846,21,0.894,-0.002619708,-16.373175,2.342018952,14.63761845,fixed
42.431987099931575,21,0.894,-0.002618768,-16.3673,2.341178592,14.6323662,fixed
42.45472149993293,21,0.894,-0.002616576,-16.353599999999997,2.3392189439999997,14.620118399999997,fixed
42.47894969990011,21,0.894,-0.002621586,-16.3849125,2.343697884,14.648111774999999,fixed
42.50156969996169,21,0.894,-0.0026219,-16.386875,2.3439786,14.64986625,fixed
42.525415499927476,21,0.894,-0.002618455,-16.36534375,2.34089877,14.630617312500002,fixed
42.54794649989344,21,0.894,-0.00262096,-16.380999999999997,2.3431382399999996,14.644613999999997,fixed
42.5703944999259,21,0.894,-0.002618768,-16.3673,2.341178592,14.6323662,fixed
42.5939646998886,21,0.894,-0.002611879,-16.32424375,2.335019826,14.593873912500001,fixed
42.617596499971114,21,0.894,-0.002612819,-16.33011875,2.335860186,14.599126162500001,fixed
42.63964429998305,21,0.894,-0.00261689,-16.3555625,2.33949966,14.621872875000001,fixed
42.66426929994486,21,0.894,-0.002615637,-16.34773125,2.3383794780000002,14.6148717375,fixed
42.68597879994195,21,0.894,-0.002618455,-16.36534375,2.34089877,14.630617312500002,fixed
42.71129249990918,21,0.894,-0.002622213,-16.38883125,2.3442584220000002,14.6516151375,fixed
42.73473219992593,21,0.894,-0.002617516,-16.359474999999996,2.340059304,14.625370649999997,fixed
42.75904759997502,21,0.894,-0.00262096,-16.380999999999997,2.3431382399999996,14.644613999999997,fixed
42.78160859993659,21,0.894,-0.00262096,-16.380999999999997,2.3431382399999996,14.644613999999997,fixed
42.80481359991245,21,0.894,-0.002616576,-16.353599999999997,2.3392189439999997,14.620118399999997,fixed
42.827798899961635,21,0.894,-0.002619081,-16.36925625,2.3414584140000003,14.6341150875,fixed
42.85225289990194,21,0.894,-0.002619395,-16.37121875,2.34173913,14.6358695625,fixed
42.87565549998544,21,0.894,-0.002616263,-16.35164375,2.338939122,14.618369512500001,fixed
42.9003129999619,21,0.894,-0.002619395,-16.37121875,2.34173913,14.6358695625,fixed
42.923551599960774,21,0.894,-0.002617203,-16.35751875,2.339779482,14.623621762500001,fixed
42.946654699975625,21,0.894,-0.002619708,-16.373175,2.342018952,14.63761845,fixed
42.969628599938005,21,0.894,-0.002622213,-16.38883125,2.3442584220000002,14.6516151375,fixed
42.99436019989662,21,0.894,-0.002618142,-16.363387499999998,2.3406189480000004,14.628868424999999,fixed
43.01757689996157,21,0.894,-0.002618768,-16.3673,2.341178592,14.6323662,fixed
43.04022059997078,21,0.894,-0.002617829,-16.36143125,2.340339126,14.627119537499999,fixed
43.061877199914306,21,0.894,-0.002614698,-16.341862499999998,2.337540012,14.609625074999999,fixed
43.08532709989231,21,0.894,-0.002615324,-16.345775,2.3380996560000002,14.61312285,fixed
43.10868249996565,21,0.894,-0.002623465,-16.396656250000003,2.34537771,14.658610687500003,fixed
43.132019999902695,21,0.894,-0.002624405,-16.40253125,2.34621807,14.6638629375,fixed
43.15486959996633,21,0.894,-0.002621273,-16.38295625,2.343418062,14.6463628875,fixed
43.17841529997531,21,0.894,-0.002623778,-16.3986125,2.3456575319999997,14.660359575,fixed
43.202217799960636,21,0.894,-0.002625344,-16.4084,2.347057536,14.6691096,fixed
43.2258488999214,21,0.894,-0.00262096,-16.380999999999997,2.3431382399999996,14.644613999999997,fixed
43.248570299940184,21,0.894,-0.002624091,-16.400568749999998,2.345937354,14.662108462499999,fixed
43.27292119991034,21,0.894,-0.002621273,-16.38295625,2.343418062,14.6463628875,fixed
43.29573369992431,21,0.894,-0.00261595,-16.3496875,2.3386592999999998,14.616620625000001,fixed
43.32037829991896,21,0.894,-0.002618455,-16.36534375,2.34089877,14.630617312500002,fixed
43.34368019993417,21,0.894,-0.002614385,-16.33990625,2.33726019,14.607876187499999,fixed
43.367786299902946,21,0.894,-0.002618142,-16.363387499999998,2.3406189480000004,14.628868424999999,fixed
43.390650199959055,21,0.894,-0.002622213,-16.38883125,2.3442584220000002,14.6516151375,fixed
43.4146678999532,21,0.894,-0.002617203,-16.35751875,2.339779482,14.623621762500001,fixed
43.438149599940516,21,0.894,-0.002620334,-16.377087500000002,2.3425785960000005,14.641116225000001,fixed
43.46283089998178,21,0.894,-0.002623152,-16.3947,2.345097888,14.6568618,fixed
43.485629199887626,21,0.894,-0.002619081,-16.36925625,2.3414584140000003,14.6341150875,fixed
43.50930979999248,21,0.894,-0.002624718,-16.4044875,2.346497892,14.665611825,fixed
43.53263569995761,21,0.894,-0.002623152,-16.3947,2.345097888,14.6568618,fixed
43.55844569997862,21,0.894,-0.002621586,-16.3849125,2.343697884,14.648111774999999,fixed
43.58162959991023,21,0.894,-0.002622526,-16.390787500000002,2.344538244,14.653364025000002,fixed
43.607904299977235,21,0.894,-0.002616576,-16.353599999999997,2.3392189439999997,14.620118399999997,fixed
43.6296893999679,21,0.894,-0.002621273,-16.38295625,2.343418062,14.6463628875,fixed
43.65159349993337,21,0.894,-0.002616576,-16.353599999999997,2.3392189439999997,14.620118399999997,fixed
43.67411419993732,21,0.894,-0.002613132,-16.332075,2.3361400080000005,14.60087505,fixed
43.698705599992536,21,0.894,-0.002613445,-16.33403125,2.33641983,14.602623937499999,fixed
43.721473799902014,21,0.894,-0.002615324,-16.345775,2.3380996560000002,14.61312285,fixed
43.74651449988596,21,0.894,-0.002613132,-16.332075,2.3361400080000005,14.60087505,fixed
43.769607699941844,21,0.894,-0.002621586,-16.3849125,2.343697884,14.648111774999999,fixed
43.79372560000047,21,0.894,-0.002620334,-16.377087500000002,2.3425785960000005,14.641116225000001,fixed
43.81667109997943,21,0.894,-0.002620334,-16.377087500000002,2.3425785960000005,14.641116225000001,fixed
43.83936579991132,21,0.894,-0.002622839,-16.392743749999998,2.344818066,14.655112912499998,fixed
43.86268779996317,21,0.894,-0.002619081,-16.36925625,2.3414584140000003,14.6341150875,fixed
43.88765779999085,21,0.894,-0.002615011,-16.34381875,2.3378198340000003,14.6113739625,fixed
43.91053389990702,21,0.894,-0.002618768,-16.3673,2.341178592,14.6323662,fixed
43.93382479995489,21,0.894,-0.002614385,-16.33990625,2.33726019,14.607876187499999,fixed
43.95661269989796,21,0.894,-0.002614385,-16.33990625,2.33726019,14.607876187499999,fixed
43.9809786999831,21,0.894,-0.002620334,-16.377087500000002,2.3425785960000005,14.641116225000001,fixed
44.003779399907216,21,0.894,-0.00261595,-16.3496875,2.3386592999999998,14.616620625000001,fixed
44.027697999961674,21,0.894,-0.002617829,-16.36143125,2.340339126,14.627119537499999,fixed
44.05066339997575,21,0.894,-0.002620647,-16.37904375,2.3428584179999996,14.642865112500001,fixed
44.074091899907216,21,0.894,-0.002616263,-16.35164375,2.338939122,14.618369512500001,fixed
44.09677879989613,21,0.894,-0.00261689,-16.3555625,2.33949966,14.621872875000001,fixed
44.121051499969326,21,0.894,-0.002619708,-16.373175,2.342018952,14.63761845,fixed
44.14395389996935,21,0.894,-0.002615324,-16.345775,2.3380996560000002,14.61312285,fixed
44.16821799997706,21,0.894,-0.002616576,-16.353599999999997,2.3392189439999997,14.620118399999997,fixed
44.19173899991438,21,0.894,-0.002619708,-16.373175,2.342018952,14.63761845,fixed
44.214687699917704,21,0.894,-0.00261595,-16.3496875,2.3386592999999998,14.616620625000001,fixed
44.237650999915786,21,0.894,-0.002618142,-16.363387499999998,2.3406189480000004,14.628868424999999,fixed
44.26181959989481,21,0.894,-0.002620647,-16.37904375,2.3428584179999996,14.642865112500001,fixed
44.284713199944235,21,0.894,-0.00261595,-16.3496875,2.3386592999999998,14.616620625000001,fixed
44.30817049997859,21,0.894,-0.002618768,-16.3673,2.341178592,14.6323662,fixed
44.33102419995703,21,0.894,-0.002622213,-16.38883125,2.3442584220000002,14.6516151375,fixed
44.355397499981336,22,0.884,-0.002641889,-16.51180625,2.335429876,14.596436725,fixed
44.378559299977496,22,0.884,-0.002644708,-16.529425,2.3379218720000003,14.6120117,fixed
44.403139999951236,22,0.884,-0.002645647,-16.53529375,2.338751948,14.617199675,fixed
44.42567409994081,22,0.884,-0.002641576,-16.50985,2.335153184,14.5947074,fixed
44.44942919991445,22,0.884,-0.00264596,-16.53725,2.33902864,14.618929,fixed
44.47267289995216,22,0.884,-0.002644708,-16.529425,2.3379218720000003,14.6120117,fixed
44.49673669994809,22,0.884,-0.002641889,-16.51180625,2.335429876,14.596436725,fixed
44.519791599945165,22,0.884,-0.002646586,-16.5411625,2.339582024,14.622387649999999,fixed
44.54317009996157,22,0.884,-0.002642829,-16.517681250000003,2.336260836,14.601630225000003,fixed
44.56492099992465,22,0.884,-0.002641263,-16.507893749999997,2.3348764920000002,14.592978074999998,fixed
44.588759499951266,22,0.884,-0.002644395,-16.527468749999997,2.33764518,14.610282374999997,fixed
44.6113989999285,22,0.884,-0.0026469,-16.543125,2.3398596000000005,14.6241225,fixed
44.63753159996122,22,0.884,-0.002639698,-16.498112499999998,2.333493032,14.584331449999999,fixed
44.66063889989164,22,0.884,-0.002644081,-16.52550625,2.337367604,14.608547524999999,fixed
44.684304900001734,22,0.884,-0.00264095,-16.5059375,2.3345998,14.591248750000002,fixed
44.7074358999962,22,0.884,-0.002645334,-16.533337500000002,2.3384752559999997,14.615470350000002,fixed
44.73137759999372,22,0.884,-0.002647839,-16.548993749999998,2.3406896759999998,14.629310474999999,fixed
44.754596299957484,22,0.884,-0.002642829,-16.517681250000003,2.336260836,14.601630225000003,fixed
44.77837849990465,22,0.884,-0.002646586,-16.5411625,2.339582024,14.622387649999999,fixed
44.80166489991825,22,0.885,-0.002649407,-16.55879375,2.3447251949999997,14.65453246875,fixed
44.825723499991,22,0.884,-0.002644708,-16.529425,2.3379218720000003,14.6120117,fixed
44.84845539997332,22,0.884,-0.002647526,-16.5470375,2.340412984,14.62758115,fixed
44.87274279992562,22,0.884,-0.002647839,-16.548993749999998,2.3406896759999998,14.629310474999999,fixed
44.89553719991818,22,0.884,-0.002642829,-16.517681250000003,2.336260836,14.601630225000003,fixed
44.92077019996941,22,0.885,-0.002645337,-16.53335625,2.3411232450000004,14.63202028125,fixed
44.94359419995453,22,0.884,-0.002640637,-16.50398125,2.334323108,14.589519424999999,fixed
44.966409699991345,22,0.884,-0.002640324,-16.502024999999996,2.334046416,14.587790099999996,fixed
44.98978720000014,22,0.885,-0.002644397,-16.52748125,2.3402913450000002,14.626820906250002,fixed
45.013747199904174,22,0.884,-0.002641889,-16.51180625,2.335429876,14.596436725,fixed
45.03678839991335,22,0.884,-0.002640324,-16.502024999999996,2.334046416,14.587790099999996,fixed
45.061654199962504,22,0.884,-0.002644395,-16.527468749999997,2.33764518,14.610282374999997,fixed
45.08468049997464,22,0.884,-0.002639071,-16.49419375,2.332938764,14.580867275000001,fixed
45.1084264999954,22,0.884,-0.002644081,-16.52550625,2.337367604,14.608547524999999,fixed
45.131657199934125,22,0.884,-0.0026469,-16.543125,2.3398596000000005,14.6241225,fixed
45.15463089989498,22,0.884,-0.002643142,-16.519637499999998,2.3365375279999996,14.603359549999999,fixed
45.17749519995414,22,0.884,-0.002645647,-16.53529375,2.338751948,14.617199675,fixed
45.20136469998397,22,0.884,-0.002648778,-16.5548625,2.3415197520000004,14.634498449999999,fixed
45.22462419990916,22,0.884,-0.002643142,-16.519637499999998,2.3365375279999996,14.603359549999999,fixed
45.249101999914274,22,0.884,-0.002645334,-16.533337500000002,2.3384752559999997,14.615470350000002,fixed
45.27158269996289,22,0.884,-0.002647213,-16.54508125,2.340136292,14.625851825,fixed
45.296883899951354,22,0.884,-0.002641576,-16.50985,2.335153184,14.5947074,fixed
45.32012719998602,22,0.884,-0.002647213,-16.54508125,2.340136292,14.625851825,fixed
45.34403799998108,22,0.884,-0.002644395,-16.527468749999997,2.33764518,14.610282374999997,fixed
45.36691989994142,22,0.884,-0.002642516,-16.515725,2.335984144,14.5999009,fixed
45.39043839997612,22,0.884,-0.002648152,-16.55095,2.340966368,14.6310398,fixed
45.413165999925695,22,0.884,-0.002644081,-16.52550625,2.337367604,14.608547524999999,fixed
45.4366510999389,22,0.884,-0.002641576,-16.50985,2.335153184,14.5947074,fixed
45.45896229997743,22,0.884,-0.002646273,-16.539206250000003,2.3393053320000003,14.620658325000003,fixed
45.48348299995996,22,0.884,-0.0026469,-16.543125,2.3398596000000005,14.6241225,fixed
45.50586549995933,22,0.884,-0.002641889,-16.51180625,2.335429876,14.596436725,fixed
45.5320201999275,22,0.884,-0.0026469,-16.543125,2.3398596000000005,14.6241225,fixed
45.554663399932906,22,0.884,-0.002643142,-16.519637499999998,2.3365375279999996,14.603359549999999,fixed
45.579290099907666,22,0.884,-0.002644081,-16.52550625,2.337367604,14.608547524999999,fixed
45.602951399981976,22,0.884,-0.00264596,-16.53725,2.33902864,14.618929,fixed
45.6276257999707,22,0.884,-0.002642829,-16.517681250000003,2.336260836,14.601630225000003,fixed
45.6508443999337,22,0.884,-0.002647213,-16.54508125,2.340136292,14.625851825,fixed
45.67385899997316,22,0.884,-0.002643768,-16.52355,2.337090912,14.606818200000001,fixed
45.69679789990187,22,0.884,-0.002643455,-16.521593749999997,2.33681422,14.605088874999998,fixed
45.72125859989319,22,0.884,-0.002645021,-16.53138125,2.338198564,14.613741025,fixed
45.745400599902496,22,0.884,-0.002640637,-16.50398125,2.334323108,14.589519424999999,fixed
45.769208499928936,22,0.885,-0.002644397,-16.52748125,2.3402913450000002,14.626820906250002,fixed
45.791832999908365,22,0.884,-0.002645334,-16.533337500000002,2.3384752559999997,14.615470350000002,fixed
45.816692099906504,22,0.884,-0.002643455,-16.521593749999997,2.33681422,14.605088874999998,fixed
45.83936799992807,22,0.884,-0.002650031,-16.56269375,2.342627404,14.641421275,fixed
45.86241489998065,22,0.884,-0.002649091,-16.55681875,2.3417964440000003,14.636227775000002,fixed
45.8860242998926,22,0.884,-0.002643768,-16.52355,2.337090912,14.606818200000001,fixed
45.910210399888456,22,0.884,-0.002647526,-16.5470375,2.340412984,14.62758115,fixed
45.9342063999502,22,0.884,-0.002645647,-16.53529375,2.338751948,14.617199675,fixed
45.95764469995629,22,0.884,-0.002645334,-16.533337500000002,2.3384752559999997,14.615470350000002,fixed
45.9808906998951,22,0.884,-0.002646586,-16.5411625,2.339582024,14.622387649999999,fixed
46.005129399942234,22,0.884,-0.002644708,-16.529425,2.3379218720000003,14.6120117,fixed
46.0302323999349,22,0.884,-0.002645334,-16.533337500000002,2.3384752559999997,14.615470350000002,fixed
46.05369599990081,22,0.884,-0.002647839,-16.548993749999998,2.3406896759999998,14.629310474999999,fixed
46.08164019999094,22,0.884,-0.002645334,-16.533337500000002,2.3384752559999997,14.615470350000002,fixed
46.103925699950196,22,0.884,-0.002643768,-16.52355,2.337090912,14.606818200000001,fixed
46.126255299896,22,0.884,-0.002643455,-16.521593749999997,2.33681422,14.605088874999998,fixed
46.14882039988879,22,0.884,-0.002647526,-16.5470375,2.340412984,14.62758115,fixed
46.17310379992705,22,0.884,-0.002649091,-16.55681875,2.3417964440000003,14.636227775000002,fixed
46.19557039998472,22,0.884,-0.002644081,-16.52550625,2.337367604,14.608547524999999,fixed
46.220640099956654,22,0.884,-0.002646586,-16.5411625,2.339582024,14.622387649999999,fixed
46.24359019997064,22,0.884,-0.002646273,-16.539206250000003,2.3393053320000003,14.620658325000003,fixed
46.266327299992554,22,0.884,-0.002644081,-16.52550625,2.337367604,14.608547524999999,fixed
46.289402399910614,22,0.884,-0.002647213,-16.54508125,2.340136292,14.625851825,fixed
46.31330589996651,22,0.884,-0.00264596,-16.53725,2.33902864,14.618929,fixed
46.33665769989602,22,0.884,-0.002642203,-16.51376875,2.3357074520000003,14.598171575,fixed
46.36152199993376,23,0.894,-0.002618768,-16.3673,2.341178592,14.6323662,fixed
46.38485499995295,23,0.894,-0.002616263,-16.35164375,2.338939122,14.618369512500001,fixed
46.40767109999433,23,0.894,-0.002618142,-16.363387499999998,2.3406189480000004,14.628868424999999,fixed
46.43036209989805,23,0.894,-0.002623465,-16.396656250000003,2.34537771,14.658610687500003,fixed
46.455957599915564,23,0.894,-0.002619708,-16.373175,2.342018952,14.63761845,fixed
46.47867219999898,23,0.894,-0.002621273,-16.38295625,2.343418062,14.6463628875,fixed
46.501723899971694,23,0.894,-0.002622526,-16.390787500000002,2.344538244,14.653364025000002,fixed
46.52449009998236,23,0.894,-0.0026172,-16.357499999999998,2.3397768,14.623604999999998,fixed
46.5482764999615,23,0.894,-0.00261595,-16.3496875,2.3386592999999998,14.616620625000001,fixed
46.571410799981095,23,0.894,-0.002619081,-16.36925625,2.3414584140000003,14.6341150875,fixed
46.59371659997851,23,0.894,-0.002615011,-16.34381875,2.3378198340000003,14.6113739625,fixed
46.61573289998341,23,0.894,-0.002613758,-16.335987499999998,2.3366996519999996,14.604372824999999,fixed
46.64023619994987,23,0.894,-0.002617829,-16.36143125,2.340339126,14.627119537499999,fixed
46.66357139998581,23,0.894,-0.002620647,-16.37904375,2.3428584179999996,14.642865112500001,fixed
46.68756239989307,23,0.894,-0.002621584,-16.384900000000002,2.3436960960000004,14.648100600000001,fixed
46.7103550999891,23,0.894,-0.002625031,-16.406443749999998,2.3467777140000003,14.667360712499999,fixed
46.735859599895775,23,0.894,-0.002622213,-16.38883125,2.3442584220000002,14.6516151375,fixed
46.75895569997374,23,0.894,-0.002622213,-16.38883125,2.3442584220000002,14.6516151375,fixed
46.78320679999888,23,0.894,-0.002623778,-16.3986125,2.3456575319999997,14.660359575,fixed
46.805217499961145,23,0.894,-0.002617829,-16.36143125,2.340339126,14.627119537499999,fixed
46.82751469989307,23,0.894,-0.002620021,-16.375131250000003,2.342298774,14.639367337500003,fixed
46.84953369991854,23,0.894,-0.002621273,-16.38295625,2.343418062,14.6463628875,fixed
46.872246099985205,23,0.894,-0.002620334,-16.377087500000002,2.3425785960000005,14.641116225000001,fixed
46.89430829999037,23,0.894,-0.002615011,-16.34381875,2.3378198340000003,14.6113739625,fixed
46.918583899969235,23,0.894,-0.002616263,-16.35164375,2.338939122,14.618369512500001,fixed
46.94038289994933,23,0.894,-0.002618768,-16.3673,2.341178592,14.6323662,fixed
46.96687129989732,23,0.894,-0.002617516,-16.359474999999996,2.340059304,14.625370649999997,fixed
46.98952959990129,23,0.894,-0.002619708,-16.373175,2.342018952,14.63761845,fixed
47.01536929991562,23,0.894,-0.002620334,-16.377087500000002,2.3425785960000005,14.641116225000001,fixed
47.03854859992862,23,0.894,-0.002620647,-16.37904375,2.3428584179999996,14.642865112500001,fixed
47.06237829988822,23,0.894,-0.002623152,-16.3947,2.345097888,14.6568618,fixed
47.0856507999124,23,0.894,-0.002620021,-16.375131250000003,2.342298774,14.639367337500003,fixed
47.109338699956425,23,0.894,-0.002623778,-16.3986125,2.3456575319999997,14.660359575,fixed
47.13285959989298,23,0.894,-0.002625657,-16.41035625,2.347337358,14.6708584875,fixed
47.155522399931215,23,0.894,-0.002619081,-16.36925625,2.3414584140000003,14.6341150875,fixed
47.17869479989167,23,0.894,-0.002619395,-16.37121875,2.34173913,14.6358695625,fixed
47.20244379993528,23,0.894,-0.002620021,-16.375131250000003,2.342298774,14.639367337500003,fixed
47.22555759991519,23,0.894,-0.002615324,-16.345775,2.3380996560000002,14.61312285,fixed
47.25383479997981,23,0.894,-0.00262096,-16.380999999999997,2.3431382399999996,14.644613999999997,fixed
47.27836299990304,23,0.894,-0.002616576,-16.353599999999997,2.3392189439999997,14.620118399999997,fixed
47.30053299991414,23,0.894,-0.002623778,-16.3986125,2.3456575319999997,14.660359575,fixed
47.324526399956085,23,0.894,-0.00262096,-16.380999999999997,2.3431382399999996,14.644613999999997,fixed
47.34614229993895,23,0.894,-0.002619395,-16.37121875,2.34173913,14.6358695625,fixed
47.372463499894366,23,0.894,-0.002619708,-16.373175,2.342018952,14.63761845,fixed
47.394658499979414,23,0.894,-0.002616576,-16.353599999999997,2.3392189439999997,14.620118399999997,fixed
47.41909699991811,23,0.894,-0.002619708,-16.373175,2.342018952,14.63761845,fixed
47.440928599913605,23,0.894,-0.002622526,-16.390787500000002,2.344538244,14.653364025000002,fixed
47.46921419992577,23,0.894,-0.0026219,-16.386875,2.3439786,14.64986625,fixed
47.49238329997752,23,0.894,-0.002625657,-16.41035625,2.347337358,14.6708584875,fixed
47.51530319999438,23,0.894,-0.00262096,-16.380999999999997,2.3431382399999996,14.644613999999997,fixed
47.538402599981055,23,0.894,-0.002621586,-16.3849125,2.343697884,14.648111774999999,fixed
47.56281409994699,23,0.894,-0.002624091,-16.400568749999998,2.345937354,14.662108462499999,fixed
47.5853374999715,23,0.894,-0.00261689,-16.3555625,2.33949966,14.621872875000001,fixed
47.60923589998856,23,0.894,-0.002618768,-16.3673,2.341178592,14.6323662,fixed
47.63258009997662,23,0.894,-0.002620021,-16.375131250000003,2.342298774,14.639367337500003,fixed
47.65545419999398,23,0.894,-0.00261595,-16.3496875,2.3386592999999998,14.616620625000001,fixed
47.678413999965414,23,0.894,-0.002617829,-16.36143125,2.340339126,14.627119537499999,fixed
47.7023611998884,23,0.894,-0.0026219,-16.386875,2.3439786,14.64986625,fixed
47.72553809999954,23,0.894,-0.002618768,-16.3673,2.341178592,14.6323662,fixed
47.74906549998559,23,0.894,-0.002621586,-16.3849125,2.343697884,14.648111774999999,fixed
47.772436299943365,23,0.894,-0.002626596,-16.416225,2.3481768240000003,14.676105150000001,fixed
47.79533619992435,23,0.894,-0.002621586,-16.3849125,2.343697884,14.648111774999999,fixed
47.81850779999513,23,0.894,-0.002621273,-16.38295625,2.343418062,14.6463628875,fixed
47.842349999933504,23,0.894,-0.002622526,-16.390787500000002,2.344538244,14.653364025000002,fixed
47.86664889997337,23,0.894,-0.002617829,-16.36143125,2.340339126,14.627119537499999,fixed
47.89012959995307,23,0.894,-0.00262096,-16.380999999999997,2.3431382399999996,14.644613999999997,fixed
47.91361499996856,23,0.894,-0.00262096,-16.380999999999997,2.3431382399999996,14.644613999999997,fixed
47.936822499963455,23,0.894,-0.002617829,-16.36143125,2.340339126,14.627119537499999,fixed
47.95977059996221,23,0.894,-0.0026219,-16.386875,2.3439786,14.64986625,fixed
47.98415889998432,23,0.894,-0.002622839,-16.392743749999998,2.344818066,14.655112912499998,fixed
48.00782999990042,23,0.894,-0.002618766,-16.3672875,2.341176804,14.632355025,fixed
48.0313958999468,23,0.894,-0.002623465,-16.396656250000003,2.34537771,14.658610687500003,fixed
48.055242299917154,23,0.894,-0.002620647,-16.37904375,2.3428584179999996,14.642865112500001,fixed
48.078769699903205,23,0.894,-0.00262096,-16.380999999999997,2.3431382399999996,14.644613999999997,fixed
48.10152059991378,23,0.894,-0.002622839,-16.392743749999998,2.344818066,14.655112912499998,fixed
48.12564779992681,23,0.894,-0.002618768,-16.3673,2.341178592,14.6323662,fixed
48.14890349993948,23,0.894,-0.002618142,-16.363387499999998,2.3406189480000004,14.628868424999999,fixed
48.17251709999982,23,0.894,-0.002620334,-16.377087500000002,2.3425785960000005,14.641116225000001,fixed
48.195828399970196,23,0.894,-0.00261689,-16.3555625,2.33949966,14.621872875000001,fixed
48.219168299925514,23,0.894,-0.002618455,-16.36534375,2.34089877,14.630617312500002,fixed
48.24231649993453,23,0.894,-0.002623152,-16.3947,2.345097888,14.6568618,fixed
48.266759499907494,23,0.894,-0.00262096,-16.380999999999997,2.3431382399999996,14.644613999999997,fixed
48.29396309994627,23,0.894,-0.002624405,-16.40253125,2.34621807,14.6638629375,fixed
48.315859899972565,23,0.894,-0.002620021,-16.375131250000003,2.342298774,14.639367337500003,fixed
48.34201279992703,23,0.894,-0.002621586,-16.3849125,2.343697884,14.648111774999999,fixed
48.367519599967636,24,0.904,-0.002587506,-16.171912499999998,2.339105424,14.619408899999998,fixed
48.3908179999562,24,0.904,-0.002592203,-16.20126875,2.3433515120000004,14.64594695,fixed
48.413821399910375,24,0.904,-0.002590637,-16.19148125,2.341935848,14.63709905,fixed
48.43662829999812,24,0.904,-0.00258688,-16.168000000000003,2.3385395200000003,14.615872000000003,fixed
48.459749099914916,24,0.904,-0.00259095,-16.193437499999998,2.3422188,14.638867499999998,fixed
48.48291599994991,24,0.904,-0.00259095,-16.193437499999998,2.3422188,14.638867499999998,fixed
48.50532959995326,24,0.904,-0.002587192,-16.16995,2.3388215679999997,14.617634800000001,fixed
48.52925039990805,24,0.904,-0.002588758,-16.179737499999998,2.3402372320000002,14.626482699999999,fixed
48.55295769998338,24,0.904,-0.002592516,-16.203225,2.343634464,14.647715400000001,fixed
48.575347299920395,24,0.904,-0.002586566,-16.1660375,2.3382556640000005,14.614097900000003,fixed
48.59765249991324,24,0.904,-0.002587819,-16.17386875,2.3393883759999996,14.62117735,fixed
48.621260799933225,24,0.904,-0.002588758,-16.179737499999998,2.3402372320000002,14.626482699999999,fixed
48.644462700001895,24,0.904,-0.002585314,-16.158212499999998,2.337123856,14.607024099999999,fixed
48.669874999905005,24,0.904,-0.002587506,-16.171912499999998,2.339105424,14.619408899999998,fixed
48.69258039991837,24,0.904,-0.002593142,-16.2071375,2.344200368,14.651252300000001,fixed
48.71728079998866,24,0.904,-0.002590324,-16.189525,2.3416528960000003,14.6353306,fixed
48.7420536999125,24,0.904,-0.00259596,-16.22475,2.3467478400000004,14.667174000000001,fixed
48.76621109992266,24,0.904,-0.002592203,-16.20126875,2.3433515120000004,14.64594695,fixed
48.78941239998676,24,0.904,-0.00259596,-16.22475,2.3467478400000004,14.667174000000001,fixed
48.81239719991572,24,0.904,-0.002596899,-16.23061875,2.347596696,14.672479350000001,fixed
48.835485699935816,24,0.904,-0.002591576,-16.19735,2.342784704,14.6424044,fixed
48.85888459999114,24,0.904,-0.002591889,-16.19930625,2.3430676559999997,14.64417285,fixed
48.88146959990263,24,0.904,-0.002595334,-16.2208375,2.346181936,14.663637099999999,fixed
48.9052874998888,24,0.904,-0.002591576,-16.19735,2.342784704,14.6424044,fixed
48.928373999893665,24,0.904,-0.002590324,-16.189525,2.3416528960000003,14.6353306,fixed
48.95124179997947,24,0.904,-0.002593768,-16.21105,2.344766272,14.6547892,fixed
48.974510599975474,24,0.904,-0.002589071,-16.18169375,2.3405201840000003,14.62825115,fixed
48.998882699990645,24,0.904,-0.002587506,-16.171912499999998,2.339105424,14.619408899999998,fixed
49.02149659988936,24,0.904,-0.002592516,-16.203225,2.343634464,14.647715400000001,fixed
49.04736470000353,24,0.904,-0.002590011,-16.18756875,2.341369944,14.633562150000001,fixed
49.07090849999804,24,0.904,-0.002593766,-16.2110375,2.344764464,14.654777900000001,fixed
49.09470369992778,24,0.904,-0.002592829,-16.20518125,2.343917416,14.64948385,fixed
49.11740599991754,24,0.904,-0.00258688,-16.168000000000003,2.3385395200000003,14.615872000000003,fixed
49.14127969997935,24,0.904,-0.002590324,-16.189525,2.3416528960000003,14.6353306,fixed
49.1644921998959,24,0.904,-0.002587506,-16.171912499999998,2.339105424,14.619408899999998,fixed
49.18849639990367,24,0.904,-0.002585314,-16.158212499999998,2.337123856,14.607024099999999,fixed
49.211556599941105,24,0.904,-0.002590637,-16.19148125,2.341935848,14.63709905,fixed
49.2355839998927,24,0.904,-0.002586566,-16.1660375,2.3382556640000005,14.614097900000003,fixed
49.258780899923295,24,0.904,-0.00258688,-16.168000000000003,2.3385395200000003,14.615872000000003,fixed
49.28371669992339,24,0.904,-0.002591889,-16.19930625,2.3430676559999997,14.64417285,fixed
49.30635989992879,24,0.904,-0.002587506,-16.171912499999998,2.339105424,14.619408899999998,fixed
49.329883600003086,24,0.904,-0.002590011,-16.18756875,2.341369944,14.633562150000001,fixed
49.35256449994631,24,0.904,-0.002591576,-16.19735,2.342784704,14.6424044,fixed
49.37495059997309,24,0.904,-0.002587192,-16.16995,2.3388215679999997,14.617634800000001,fixed
49.396787399891764,24,0.904,-0.00258594,-16.162125,2.33768976,14.610561,fixed
49.42406279989518,24,0.904,-0.002589697,-16.18560625,2.341086088,14.631788049999999,fixed
49.44754599989392,24,0.904,-0.002587506,-16.171912499999998,2.339105424,14.619408899999998,fixed
49.47108119993936,24,0.904,-0.002590637,-16.19148125,2.341935848,14.63709905,fixed
49.4949348999653,24,0.904,-0.002588445,-16.17778125,2.33995428,14.62471425,fixed
49.51864229992498,24,0.904,-0.002588132,-16.175825,2.339671328,14.6229458,fixed
49.54165709996596,24,0.904,-0.002593142,-16.2071375,2.344200368,14.651252300000001,fixed
49.56634509994183,24,0.904,-0.002588445,-16.17778125,2.33995428,14.62471425,fixed
49.589849399984814,24,0.904,-0.002588445,-16.17778125,2.33995428,14.62471425,fixed
49.612650999915786,24,0.904,-0.002591263,-16.19539375,2.342501752,14.640635950000002,fixed
49.63581989996601,24,0.904,-0.002587819,-16.17386875,2.3393883759999996,14.62117735,fixed
49.660396899911575,24,0.904,-0.002590637,-16.19148125,2.341935848,14.63709905,fixed
49.68390429997817,24,0.904,-0.002594081,-16.213006249999996,2.3450492240000003,14.656557649999996,fixed
49.70662739989348,24,0.904,-0.002591261,-16.19538125,2.342499944,14.640624650000001,fixed
49.72957119997591,24,0.904,-0.002592203,-16.20126875,2.3433515120000004,14.64594695,fixed
49.75427299994044,24,0.904,-0.002594394,-16.2149625,2.345332176,14.6583261,fixed
49.77755419991445,24,0.904,-0.002589384,-16.18365,2.3408031360000003,14.6300196,fixed
49.80132719990797,24,0.904,-0.002593455,-16.20909375,2.34448332,14.653020750000001,fixed
49.82457279996015,24,0.904,-0.002592516,-16.203225,2.343634464,14.647715400000001,fixed
49.84779649996199,24,0.904,-0.002591889,-16.19930625,2.3430676559999997,14.64417285,fixed
49.87831169995479,24,0.904,-0.002596586,-16.228662500000002,2.347313744,14.670710900000003,fixed
49.90176059992518,24,0.904,-0.002594708,-16.216925,2.3456160319999997,14.6601002,fixed
49.92452909995336,24,0.904,-0.002589071,-16.18169375,2.3405201840000003,14.62825115,fixed
49.947649999987334,24,0.904,-0.00258594,-16.162125,2.33768976,14.610561,fixed
49.97170339990407,24,0.904,-0.002589384,-16.18365,2.3408031360000003,14.6300196,fixed
49.99446819990408,24,0.904,-0.00258594,-16.162125,2.33768976,14.610561,fixed
50.01936089992523,24,0.904,-0.002585314,-16.158212499999998,2.337123856,14.607024099999999,fixed
50.04258609993849,24,0.904,-0.002590637,-16.19148125,2.341935848,14.63709905,fixed
50.06805079989135,24,0.904,-0.002590011,-16.18756875,2.341369944,14.633562150000001,fixed
50.095983899896964,24,0.904,-0.002595334,-16.2208375,2.346181936,14.663637099999999,fixed
50.118626799900085,24,0.904,-0.00259095,-16.193437499999998,2.3422188,14.638867499999998,fixed
50.143099099979736,24,0.904,-0.002593142,-16.2071375,2.344200368,14.651252300000001,fixed
50.1667058999883,24,0.904,-0.002585627,-16.16016875,2.337406808,14.60879255,fixed
50.18952129990794,24,0.904,-0.002588445,-16.17778125,2.33995428,14.62471425,fixed
50.21288249990903,24,0.904,-0.002589384,-16.18365,2.3408031360000003,14.6300196,fixed
50.237733499961905,24,0.904,-0.002584061,-16.15038125,2.335991144,14.59994465,fixed
50.260564299998805,24,0.904,-0.002587506,-16.171912499999998,2.339105424,14.619408899999998,fixed
50.2833766998956,24,0.904,-0.002590324,-16.189525,2.3416528960000003,14.6353306,fixed
50.30670779990032,24,0.904,-0.002586566,-16.1660375,2.3382556640000005,14.614097900000003,fixed
50.330543499905616,24,0.904,-0.002591263,-16.19539375,2.342501752,14.640635950000002,fixed
50.35435919999145,24,0.904,-0.002592829,-16.20518125,2.343917416,14.64948385,fixed
50.3782984999707,25,0.894,-0.002620334,-16.377087500000002,2.3425785960000005,14.641116225000001,fixed
50.40141319995746,25,0.894,-0.002624405,-16.40253125,2.34621807,14.6638629375,fixed
50.425746299908496,25,0.894,-0.002620647,-16.37904375,2.3428584179999996,14.642865112500001,fixed
50.449215099914,25,0.894,-0.002619708,-16.373175,2.342018952,14.63761845,fixed
50.4736041999422,25,0.894,-0.002623152,-16.3947,2.345097888,14.6568618,fixed
50.49726360000204,25,0.894,-0.002617203,-16.35751875,2.339779482,14.623621762500001,fixed
50.52073459990788,25,0.894,-0.002621586,-16.3849125,2.343697884,14.648111774999999,fixed
50.54387319996022,25,0.894,-0.002622526,-16.390787500000002,2.344538244,14.653364025000002,fixed
50.567327499971725,25,0.894,-0.00261689,-16.3555625,2.33949966,14.621872875000001,fixed
50.59098280000035,25,0.894,-0.0026219,-16.386875,2.3439786,14.64986625,fixed
50.61264069995377,25,0.894,-0.0026219,-16.386875,2.3439786,14.64986625,fixed
50.63456979999319,25,0.894,-0.002617829,-16.36143125,2.340339126,14.627119537499999,fixed
50.660284899990074,25,0.894,-0.002616576,-16.353599999999997,2.3392189439999997,14.620118399999997,fixed
50.6835279999068,25,0.894,-0.002621273,-16.38295625,2.343418062,14.6463628875,fixed
50.70886969997082,25,0.894,-0.002617829,-16.36143125,2.340339126,14.627119537499999,fixed
50.731806900002994,25,0.894,-0.002624091,-16.400568749999998,2.345937354,14.662108462499999,fixed
50.75587339990307,25,0.894,-0.0026219,-16.386875,2.3439786,14.64986625,fixed
50.77850369992666,25,0.894,-0.002618768,-16.3673,2.341178592,14.6323662,fixed
50.80357039999217,25,0.894,-0.002622213,-16.38883125,2.3442584220000002,14.6516151375,fixed
50.826895399950445,25,0.894,-0.002615637,-16.34773125,2.3383794780000002,14.6148717375,fixed
50.85233469994273,25,0.894,-0.00261689,-16.3555625,2.33949966,14.621872875000001,fixed
50.87546669994481,25,0.894,-0.002615011,-16.34381875,2.3378198340000003,14.6113739625,fixed
50.89877869992051,25,0.894,-0.00261689,-16.3555625,2.33949966,14.621872875000001,fixed
50.92160259990487,25,0.894,-0.0026219,-16.386875,2.3439786,14.64986625,fixed
50.94437799998559,25,0.894,-0.002621586,-16.3849125,2.343697884,14.648111774999999,fixed
50.96785819996148,25,0.894,-0.002620021,-16.375131250000003,2.342298774,14.639367337500003,fixed
50.99228459992446,25,0.894,-0.002623778,-16.3986125,2.3456575319999997,14.660359575,fixed
51.01535599993076,25,0.894,-0.002621273,-16.38295625,2.343418062,14.6463628875,fixed
51.03969889995642,25,0.894,-0.002619708,-16.373175,2.342018952,14.63761845,fixed
51.062557699973695,25,0.894,-0.002624718,-16.4044875,2.346497892,14.665611825,fixed
51.086617499939166,25,0.894,-0.002621586,-16.3849125,2.343697884,14.648111774999999,fixed
51.109508399968036,25,0.894,-0.002622526,-16.390787500000002,2.344538244,14.653364025000002,fixed
51.13353029999416,25,0.894,-0.002621586,-16.3849125,2.343697884,14.648111774999999,fixed
51.15693279996049,25,0.894,-0.002615011,-16.34381875,2.3378198340000003,14.6113739625,fixed
51.18047639995348,25,0.894,-0.002617516,-16.359474999999996,2.340059304,14.625370649999997,fixed
51.20395439991262,25,0.894,-0.002618455,-16.36534375,2.34089877,14.630617312500002,fixed
51.22765569994226,25,0.894,-0.002615324,-16.345775,2.3380996560000002,14.61312285,fixed
51.25094389996957,25,0.894,-0.002619708,-16.373175,2.342018952,14.63761845,fixed
51.27394549991004,25,0.894,-0.002621273,-16.38295625,2.343418062,14.6463628875,fixed
51.29562089999672,25,0.894,-0.002617203,-16.35751875,2.339779482,14.623621762500001,fixed
51.31975299993064,25,0.894,-0.002619081,-16.36925625,2.3414584140000003,14.6341150875,fixed
51.34260119998362,25,0.894,-0.002624718,-16.4044875,2.346497892,14.665611825,fixed
51.370658200001344,25,0.894,-0.002622839,-16.392743749999998,2.344818066,14.655112912499998,fixed
51.39391329989303,25,0.894,-0.002626283,-16.414268749999998,2.3478970020000003,14.674356262499998,fixed
51.416666099918075,25,0.894,-0.002622213,-16.38883125,2.3442584220000002,14.6516151375,fixed
51.43954890000168,25,0.894,-0.002624091,-16.400568749999998,2.345937354,14.662108462499999,fixed
51.46274559991434,25,0.894,-0.002626283,-16.414268749999998,2.3478970020000003,14.674356262499998,fixed
51.48576489998959,25,0.894,-0.002621273,-16.38295625,2.343418062,14.6463628875,fixed
51.50913809996564,25,0.894,-0.002618768,-16.3673,2.341178592,14.6323662,fixed
51.53140849992633,25,0.894,-0.002621273,-16.38295625,2.343418062,14.6463628875,fixed
51.55553599994164,25,0.894,-0.002619395,-16.37121875,2.34173913,14.6358695625,fixed
51.5785559999058,25,0.894,-0.00261689,-16.3555625,2.33949966,14.621872875000001,fixed
51.60180209996179,25,0.894,-0.002621273,-16.38295625,2.343418062,14.6463628875,fixed
51.624640099937096,25,0.894,-0.002623152,-16.3947,2.345097888,14.6568618,fixed
51.647379599977285,25,0.894,-0.002618768,-16.3673,2.341178592,14.6323662,fixed
51.671038599917665,25,0.894,-0.002622213,-16.38883125,2.3442584220000002,14.6516151375,fixed
51.69492189993616,25,0.894,-0.002623778,-16.3986125,2.3456575319999997,14.660359575,fixed
51.71803429990541,25,0.894,-0.002618455,-16.36534375,2.34089877,14.630617312500002,fixed
51.74186519999057,25,0.894,-0.00262096,-16.380999999999997,2.3431382399999996,14.644613999999997,fixed
51.76483579992782,25,0.894,-0.002622213,-16.38883125,2.3442584220000002,14.6516151375,fixed
51.78880280000158,25,0.894,-0.002618768,-16.3673,2.341178592,14.6323662,fixed
51.811768899904564,25,0.894,-0.002625031,-16.406443749999998,2.3467777140000003,14.667360712499999,fixed
51.83715409995057,25,0.894,-0.002624718,-16.4044875,2.346497892,14.665611825,fixed
51.860558999935165,25,0.894,-0.002625657,-16.41035625,2.347337358,14.6708584875,fixed
51.8849813999841,25,0.894,-0.002627536,-16.4221,2.349017184,14.681357400000001,fixed
51.907742199953645,25,0.894,-0.002623152,-16.3947,2.345097888,14.6568618,fixed
51.93128519994207,25,0.894,-0.002627223,-16.42014375,2.3487373620000005,14.679608512500002,fixed
51.954499099985696,25,0.894,-0.002628475,-16.427968749999998,2.34985665,14.686604062499999,fixed
51.97752129996661,25,0.894,-0.002625344,-16.4084,2.347057536,14.6691096,fixed
52.00044789991807,25,0.894,-0.002627223,-16.42014375,2.3487373620000005,14.679608512500002,fixed
52.02341689995956,25,0.894,-0.00262691,-16.4181875,2.34845754,14.677859624999998,fixed
52.04682429996319,25,0.894,-0.002623152,-16.3947,2.345097888,14.6568618,fixed
52.07056069991086,25,0.894,-0.002623465,-16.396656250000003,2.34537771,14.658610687500003,fixed
52.09355599991977,25,0.894,-0.002625031,-16.406443749999998,2.3467777140000003,14.667360712499999,fixed
52.11752849991899,25,0.894,-0.002619081,-16.36925625,2.3414584140000003,14.6341150875,fixed
52.14082549989689,25,0.894,-0.00262096,-16.380999999999997,2.3431382399999996,14.644613999999997,fixed
52.16418079996947,25,0.894,-0.0026219,-16.386875,2.3439786,14.64986625,fixed
52.188909699907526,25,0.894,-0.00261595,-16.3496875,2.3386592999999998,14.616620625000001,fixed
52.2128346998943,25,0.894,-0.0026219,-16.386875,2.3439786,14.64986625,fixed
52.235432599904016,25,0.894,-0.002620647,-16.37904375,2.3428584179999996,14.642865112500001,fixed
52.25838949996978,25,0.894,-0.0026219,-16.386875,2.3439786,14.64986625,fixed
52.280550799914636,25,0.894,-0.002625031,-16.406443749999998,2.3467777140000003,14.667360712499999,fixed
52.30345539993141,25,0.894,-0.002624091,-16.400568749999998,2.345937354,14.662108462499999,fixed
52.325279999990016,25,0.894,-0.002620334,-16.377087500000002,2.3425785960000005,14.641116225000001,fixed
52.352499799919315,25,0.894,-0.002623152,-16.3947,2.345097888,14.6568618,fixed
52.374231199966744,25,0.894,-0.002624091,-16.400568749999998,2.345937354,14.662108462499999,fixed
52.39965799998026,26,0.884,-0.002648465,-16.55290625,2.34124306,14.632769125,fixed
52.421280800015666,26,0.884,-0.002653788,-16.586174999999997,2.345948592,14.662178699999998,fixed
52.4465504999971,26,0.884,-0.00265191,-16.5744375,2.3442884399999997,14.651802749999998,fixed
52.46941969997715,26,0.884,-0.002649718,-16.5607375,2.342350712,14.639691949999998,fixed
52.4939387999475,26,0.884,-0.00265097,-16.5685625,2.34345748,14.64660925,fixed
52.516424399917014,26,0.884,-0.002643142,-16.519637499999998,2.3365375279999996,14.603359549999999,fixed
52.54066179995425,26,0.884,-0.002641889,-16.51180625,2.335429876,14.596436725,fixed
52.56423439993523,26,0.884,-0.002644708,-16.529425,2.3379218720000003,14.6120117,fixed
52.58914379996713,26,0.884,-0.002640011,-16.50006875,2.333769724,14.586060775,fixed
52.61133779992815,26,0.884,-0.002648465,-16.55290625,2.34124306,14.632769125,fixed
52.63428030000068,26,0.884,-0.002649091,-16.55681875,2.3417964440000003,14.636227775000002,fixed
52.65702009992674,26,0.884,-0.002646273,-16.539206250000003,2.3393053320000003,14.620658325000003,fixed
52.683080499991775,26,0.884,-0.002648778,-16.5548625,2.3415197520000004,14.634498449999999,fixed
52.70561409997754,26,0.884,-0.002650344,-16.564649999999997,2.342904096,14.643150599999997,fixed
52.73004299995955,26,0.884,-0.002647526,-16.5470375,2.340412984,14.62758115,fixed
52.75257229991257,26,0.884,-0.002653788,-16.586174999999997,2.345948592,14.662178699999998,fixed
52.7764751999639,26,0.884,-0.002650031,-16.56269375,2.342627404,14.641421275,fixed
52.799641599995084,26,0.884,-0.002649405,-16.558781250000003,2.34207402,14.637962625000002,fixed
52.82356379996054,26,0.884,-0.002654101,-16.58813125,2.3462252839999995,14.663908025,fixed
52.8465418999549,26,0.884,-0.002646273,-16.539206250000003,2.3393053320000003,14.620658325000003,fixed
52.87245879997499,26,0.884,-0.0026469,-16.543125,2.3398596000000005,14.6241225,fixed
52.89627739996649,26,0.884,-0.002645021,-16.53138125,2.338198564,14.613741025,fixed
52.91853259992786,26,0.884,-0.002643142,-16.519637499999998,2.3365375279999996,14.603359549999999,fixed
52.94077539991122,26,0.884,-0.002645021,-16.53138125,2.338198564,14.613741025,fixed
52.964826399926096,26,0.884,-0.002647213,-16.54508125,2.340136292,14.625851825,fixed
52.987439399934374,26,0.884,-0.002642203,-16.51376875,2.3357074520000003,14.598171575,fixed
53.01216369995382,26,0.884,-0.002647839,-16.548993749999998,2.3406896759999998,14.629310474999999,fixed
53.03466160001699,26,0.884,-0.002648778,-16.5548625,2.3415197520000004,14.634498449999999,fixed
53.05701439990662,26,0.884,-0.002647213,-16.54508125,2.340136292,14.625851825,fixed
53.07893029996194,26,0.884,-0.002649405,-16.558781250000003,2.34207402,14.637962625000002,fixed
53.10135669994634,26,0.884,-0.002651596,-16.572475,2.344010864,14.650067900000002,fixed
53.124606099911034,26,0.884,-0.002650344,-16.564649999999997,2.342904096,14.643150599999997,fixed
53.147484899964184,26,0.884,-0.0026469,-16.543125,2.3398596000000005,14.6241225,fixed
53.170755699975416,26,0.884,-0.002650657,-16.56660625,2.3431807879999997,14.644879925,fixed
53.193906100001186,26,0.884,-0.002653162,-16.5822625,2.3453952080000002,14.65872005,fixed
53.217310299980454,26,0.884,-0.002648152,-16.55095,2.340966368,14.6310398,fixed
53.24081260000821,26,0.884,-0.002647526,-16.5470375,2.340412984,14.62758115,fixed
53.26367000001483,26,0.884,-0.002647213,-16.54508125,2.340136292,14.625851825,fixed
53.28647459996864,26,0.884,-0.002644081,-16.52550625,2.337367604,14.608547524999999,fixed
53.31037640001159,26,0.884,-0.002644708,-16.529425,2.3379218720000003,14.6120117,fixed
53.33524739998393,26,0.884,-0.002649718,-16.5607375,2.342350712,14.639691949999998,fixed
53.35865409998223,26,0.884,-0.002644395,-16.527468749999997,2.33764518,14.610282374999997,fixed
53.381839699926786,26,0.885,-0.002647528,-16.547050000000002,2.3430622800000003,14.644139250000002,fixed
53.4044753999915,26,0.884,-0.002649718,-16.5607375,2.342350712,14.639691949999998,fixed
53.427942399983294,26,0.884,-0.002648152,-16.55095,2.340966368,14.6310398,fixed
53.454540799953975,26,0.884,-0.002652849,-16.58030625,2.3451185160000003,14.656990725,fixed
53.481352599919774,26,0.884,-0.002650344,-16.564649999999997,2.342904096,14.643150599999997,fixed
53.50436229992192,26,0.884,-0.002653788,-16.586174999999997,2.345948592,14.662178699999998,fixed
53.527896699961275,26,0.884,-0.002647839,-16.548993749999998,2.3406896759999998,14.629310474999999,fixed
53.550886199926026,26,0.884,-0.00265097,-16.5685625,2.34345748,14.64660925,fixed
53.57592209998984,26,0.884,-0.002652849,-16.58030625,2.3451185160000003,14.656990725,fixed
53.59910220000893,26,0.884,-0.002647526,-16.5470375,2.340412984,14.62758115,fixed
53.62462939997204,26,0.884,-0.002650657,-16.56660625,2.3431807879999997,14.644879925,fixed
53.64780919998884,26,0.884,-0.002645647,-16.53529375,2.338751948,14.617199675,fixed
53.67250270000659,26,0.884,-0.002647839,-16.548993749999998,2.3406896759999998,14.629310474999999,fixed
53.69577270001173,26,0.884,-0.002647839,-16.548993749999998,2.3406896759999998,14.629310474999999,fixed
53.71918919996824,26,0.884,-0.002644081,-16.52550625,2.337367604,14.608547524999999,fixed
53.74283379991539,26,0.884,-0.002648778,-16.5548625,2.3415197520000004,14.634498449999999,fixed
53.76547729992308,26,0.884,-0.002646273,-16.539206250000003,2.3393053320000003,14.620658325000003,fixed
53.788438899908215,26,0.884,-0.002642829,-16.517681250000003,2.336260836,14.601630225000003,fixed
53.81261059991084,26,0.884,-0.002645334,-16.533337500000002,2.3384752559999997,14.615470350000002,fixed
53.83549129997846,26,0.884,-0.002642829,-16.517681250000003,2.336260836,14.601630225000003,fixed
53.858268399955705,26,0.884,-0.002640324,-16.502024999999996,2.334046416,14.587790099999996,fixed
53.8815600000089,26,0.884,-0.0026469,-16.543125,2.3398596000000005,14.6241225,fixed
53.904604799929075,26,0.884,-0.002650657,-16.56660625,2.3431807879999997,14.644879925,fixed
53.92744789994322,26,0.884,-0.002647839,-16.548993749999998,2.3406896759999998,14.629310474999999,fixed
53.95063390000723,26,0.884,-0.002651283,-16.570518749999998,2.343734172,14.648338574999999,fixed
53.97388339997269,26,0.884,-0.002654415,-16.590093749999998,2.3465028599999997,14.665642874999998,fixed
53.998098099953495,26,0.884,-0.002649718,-16.5607375,2.342350712,14.639691949999998,fixed
54.02092099993024,26,0.884,-0.002648778,-16.5548625,2.3415197520000004,14.634498449999999,fixed
54.0474896999076,26,0.885,-0.00264972,-16.56075,2.3450022,14.656263749999999,fixed
54.070563299930654,26,0.884,-0.00264596,-16.53725,2.33902864,14.618929,fixed
54.093404099927284,26,0.884,-0.002650031,-16.56269375,2.342627404,14.641421275,fixed
54.11701219994575,26,0.884,-0.002645647,-16.53529375,2.338751948,14.617199675,fixed
54.139598999987356,26,0.884,-0.002646586,-16.5411625,2.339582024,14.622387649999999,fixed
54.16238509991672,26,0.884,-0.002649091,-16.55681875,2.3417964440000003,14.636227775000002,fixed
54.18559579993598,26,0.884,-0.002645334,-16.533337500000002,2.3384752559999997,14.615470350000002,fixed
54.20881829992868,26,0.884,-0.002642203,-16.51376875,2.3357074520000003,14.598171575,fixed
54.232949499972165,26,0.884,-0.002647526,-16.5470375,2.340412984,14.62758115,fixed
54.25585409998894,26,0.884,-0.002648778,-16.5548625,2.3415197520000004,14.634498449999999,fixed
54.278768999967724,26,0.884,-0.00264596,-16.53725,2.33902864,14.618929,fixed
54.30183020001277,26,0.884,-0.002649718,-16.5607375,2.342350712,14.639691949999998,fixed
54.32559659995604,26,0.884,-0.002649091,-16.55681875,2.3417964440000003,14.636227775000002,fixed
54.3488067999715,26,0.884,-0.002642516,-16.515725,2.335984144,14.5999009,fixed
54.37315359991044,26,0.884,-0.002646273,-16.539206250000003,2.3393053320000003,14.620658325000003,fixed
54.396730799926445,26,0.884,-0.002643455,-16.521593749999997,2.33681422,14.605088874999998,fixed
54.420374599983916,27,0.894,-0.002618768,-16.3673,2.341178592,14.6323662,fixed
54.44389679993037,27,0.894,-0.002621586,-16.3849125,2.343697884,14.648111774999999,fixed
54.469634699984454,27,0.894,-0.002619395,-16.37121875,2.34173913,14.6358695625,fixed
54.496748599922284,27,0.894,-0.002625031,-16.406443749999998,2.3467777140000003,14.667360712499999,fixed
54.519367399974726,27,0.894,-0.002621586,-16.3849125,2.343697884,14.648111774999999,fixed
54.5440245999489,27,0.894,-0.002625031,-16.406443749999998,2.3467777140000003,14.667360712499999,fixed
54.56664209999144,27,0.894,-0.002620334,-16.377087500000002,2.3425785960000005,14.641116225000001,fixed
54.59075259999372,27,0.894,-0.002619081,-16.36925625,2.3414584140000003,14.6341150875,fixed
54.61351999989711,27,0.894,-0.002624405,-16.40253125,2.34621807,14.6638629375,fixed
54.63585389999207,27,0.894,-0.00262096,-16.380999999999997,2.3431382399999996,14.644613999999997,fixed
54.65769019990694,27,0.894,-0.002617516,-16.359474999999996,2.340059304,14.625370649999997,fixed
54.683872299967334,27,0.894,-0.002620021,-16.375131250000003,2.342298774,14.639367337500003,fixed
54.706501199980266,27,0.894,-0.002619395,-16.37121875,2.34173913,14.6358695625,fixed
54.730631599901244,27,0.894,-0.002619708,-16.373175,2.342018952,14.63761845,fixed
54.753705799928866,27,0.894,-0.002623465,-16.396656250000003,2.34537771,14.658610687500003,fixed
54.77821539994329,27,0.894,-0.002619081,-16.36925625,2.3414584140000003,14.6341150875,fixed
54.80179909989238,27,0.894,-0.002620018,-16.3751125,2.3422960919999998,14.639350575,fixed
54.82609959994443,27,0.894,-0.002621273,-16.38295625,2.343418062,14.6463628875,fixed
54.84928839991335,27,0.894,-0.002618142,-16.363387499999998,2.3406189480000004,14.628868424999999,fixed
54.87293949990999,27,0.894,-0.002624091,-16.400568749999998,2.345937354,14.662108462499999,fixed
54.895701300003566,27,0.894,-0.002624091,-16.400568749999998,2.345937354,14.662108462499999,fixed
54.91842619993258,27,0.894,-0.002619708,-16.373175,2.342018952,14.63761845,fixed
54.94131329993252,27,0.894,-0.002623152,-16.3947,2.345097888,14.6568618,fixed
54.96511319989804,27,0.894,-0.002626283,-16.414268749999998,2.3478970020000003,14.674356262499998,fixed
54.98850929993205,27,0.894,-0.002620021,-16.375131250000003,2.342298774,14.639367337500003,fixed
55.01341449993197,27,0.894,-0.002624718,-16.4044875,2.346497892,14.665611825,fixed
55.036411999957636,27,0.894,-0.002623778,-16.3986125,2.3456575319999997,14.660359575,fixed
55.06020549999084,27,0.894,-0.002621586,-16.3849125,2.343697884,14.648111774999999,fixed
55.08355029998347,27,0.894,-0.002625657,-16.41035625,2.347337358,14.6708584875,fixed
55.108751499908976,27,0.894,-0.002623465,-16.396656250000003,2.34537771,14.658610687500003,fixed
55.131497199996375,27,0.894,-0.002624718,-16.4044875,2.346497892,14.665611825,fixed
55.15510259999428,27,0.894,-0.00262691,-16.4181875,2.34845754,14.677859624999998,fixed
55.17832239996642,27,0.894,-0.002620021,-16.375131250000003,2.342298774,14.639367337500003,fixed
55.20226399996318,27,0.894,-0.002624091,-16.400568749999998,2.345937354,14.662108462499999,fixed
55.22539969999343,27,0.894,-0.00262691,-16.4181875,2.34845754,14.677859624999998,fixed
55.251397099928,27,0.894,-0.002623152,-16.3947,2.345097888,14.6568618,fixed
55.274451899924316,27,0.894,-0.00262597,-16.4123125,2.34761718,14.672607374999998,fixed
55.29754719999619,27,0.894,-0.002619395,-16.37121875,2.34173913,14.6358695625,fixed
55.32081579999067,27,0.894,-0.002618455,-16.36534375,2.34089877,14.630617312500002,fixed
55.34502619993873,27,0.894,-0.002620334,-16.377087500000002,2.3425785960000005,14.641116225000001,fixed
55.36747049994301,27,0.894,-0.002616263,-16.35164375,2.338939122,14.618369512500001,fixed
55.390992300002836,27,0.894,-0.002619708,-16.373175,2.342018952,14.63761845,fixed
55.414557299925946,27,0.894,-0.002626596,-16.416225,2.3481768240000003,14.676105150000001,fixed
55.43939929991029,27,0.894,-0.002624405,-16.40253125,2.34621807,14.6638629375,fixed
55.46218809997663,27,0.894,-0.002628788,-16.429925,2.350136472,14.68835295,fixed
55.484543899889104,27,0.894,-0.002628788,-16.429925,2.350136472,14.68835295,fixed
55.506326299975626,27,0.894,-0.00262597,-16.4123125,2.34761718,14.672607374999998,fixed
55.52981499989983,27,0.894,-0.002622839,-16.392743749999998,2.344818066,14.655112912499998,fixed
55.55216099997051,27,0.894,-0.002625968,-16.4123,2.347615392,14.6725962,fixed
55.57847859989852,27,0.894,-0.002623778,-16.3986125,2.3456575319999997,14.660359575,fixed
55.601355999941006,27,0.894,-0.00262096,-16.380999999999997,2.3431382399999996,14.644613999999997,fixed
55.62483039998915,27,0.894,-0.002622526,-16.390787500000002,2.344538244,14.653364025000002,fixed
55.647487099980935,27,0.894,-0.002619081,-16.36925625,2.3414584140000003,14.6341150875,fixed
55.672378799994476,27,0.894,-0.002620647,-16.37904375,2.3428584179999996,14.642865112500001,fixed
55.69538109994028,27,0.894,-0.002625344,-16.4084,2.347057536,14.6691096,fixed
55.71963459998369,27,0.894,-0.002620334,-16.377087500000002,2.3425785960000005,14.641116225000001,fixed
55.742667399928905,27,0.894,-0.002623152,-16.3947,2.345097888,14.6568618,fixed
55.766805499908514,27,0.894,-0.002623152,-16.3947,2.345097888,14.6568618,fixed
55.78941389999818,27,0.894,-0.002619081,-16.36925625,2.3414584140000003,14.6341150875,fixed
55.81318949989509,27,0.894,-0.002623465,-16.396656250000003,2.34537771,14.658610687500003,fixed
55.8362683999585,27,0.894,-0.002622526,-16.390787500000002,2.344538244,14.653364025000002,fixed
55.86013449996244,27,0.894,-0.002620021,-16.375131250000003,2.342298774,14.639367337500003,fixed
55.883515499997884,27,0.894,-0.002625344,-16.4084,2.347057536,14.6691096,fixed
55.906380899949,27,0.894,-0.002625657,-16.41035625,2.347337358,14.6708584875,fixed
55.929734199889936,27,0.894,-0.002625031,-16.406443749999998,2.3467777140000003,14.667360712499999,fixed
55.95327759999782,27,0.894,-0.002630041,-16.43775625,2.3512566539999997,14.6953540875,fixed
55.97698409995064,27,0.894,-0.002630041,-16.43775625,2.3512566539999997,14.6953540875,fixed
55.999969299999066,27,0.894,-0.002625344,-16.4084,2.347057536,14.6691096,fixed
56.022515399963595,27,0.894,-0.002627223,-16.42014375,2.3487373620000005,14.679608512500002,fixed
56.047549199895,27,0.894,-0.002629102,-16.4318875,2.350417188,14.690107424999999,fixed
56.07050219993107,27,0.894,-0.002624091,-16.400568749999998,2.345937354,14.662108462499999,fixed
56.09397059993353,27,0.894,-0.002627849,-16.42405625,2.3492970059999996,14.6831062875,fixed
56.116545299999416,27,0.894,-0.002624718,-16.4044875,2.346497892,14.665611825,fixed
56.140462299925275,27,0.894,-0.002622839,-16.392743749999998,2.344818066,14.655112912499998,fixed
56.16376009990927,27,0.894,-0.002627536,-16.4221,2.349017184,14.681357400000001,fixed
56.187422599992715,27,0.894,-0.002625344,-16.4084,2.347057536,14.6691096,fixed
56.21073669998441,27,0.894,-0.002622839,-16.392743749999998,2.344818066,14.655112912499998,fixed
56.23336909990758,27,0.894,-0.002627536,-16.4221,2.349017184,14.681357400000001,fixed
56.25675279996358,27,0.894,-0.002624718,-16.4044875,2.346497892,14.665611825,fixed
56.280680599971674,27,0.894,-0.002620021,-16.375131250000003,2.342298774,14.639367337500003,fixed
56.303798499982804,27,0.894,-0.002624718,-16.4044875,2.346497892,14.665611825,fixed
56.32784599997103,27,0.894,-0.002621273,-16.38295625,2.343418062,14.6463628875,fixed
56.350378099945374,27,0.894,-0.002618455,-16.36534375,2.34089877,14.630617312500002,fixed
56.37436199991498,27,0.894,-0.002623152,-16.3947,2.345097888,14.6568618,fixed
56.39761109999381,27,0.894,-0.002619081,-16.36925625,2.3414584140000003,14.6341150875,fixed
56.42261409992352,27,0.894,-0.002618142,-16.363387499999998,2.3406189480000004,14.628868424999999,fixed
56.44751829991583,28,0.904,-0.00258688,-16.168000000000003,2.3385395200000003,14.615872000000003,fixed
56.470640199957415,28,0.904,-0.00258688,-16.168000000000003,2.3385395200000003,14.615872000000003,fixed
56.49492149997968,28,0.904,-0.00259095,-16.193437499999998,2.3422188,14.638867499999998,fixed
56.51737419993151,28,0.904,-0.002587816,-16.17385,2.3393856640000004,14.621160400000003,fixed
56.54044809995685,28,0.904,-0.002588445,-16.17778125,2.33995428,14.62471425,fixed
56.5635172999464,28,0.904,-0.002594081,-16.213006249999996,2.3450492240000003,14.656557649999996,fixed
56.586521999910474,28,0.904,-0.002594394,-16.2149625,2.345332176,14.6583261,fixed
56.6100354999071,28,0.904,-0.002591889,-16.19930625,2.3430676559999997,14.64417285,fixed
56.6324799999129,28,0.904,-0.002596273,-16.22670625,2.3470307920000004,14.66894245,fixed
56.6564183998853,28,0.904,-0.002596273,-16.22670625,2.3470307920000004,14.66894245,fixed
56.679023499949835,28,0.904,-0.002589697,-16.18560625,2.341086088,14.631788049999999,fixed
56.70231219998095,28,0.904,-0.002591576,-16.19735,2.342784704,14.6424044,fixed
56.72563569992781,28,0.904,-0.0025922,-16.201249999999998,2.3433488,14.645929999999998,fixed
56.74925259989686,28,0.904,-0.00258688,-16.168000000000003,2.3385395200000003,14.615872000000003,fixed
56.77243459993042,28,0.904,-0.00259095,-16.193437499999998,2.3422188,14.638867499999998,fixed
56.79557209997438,28,0.904,-0.002591889,-16.19930625,2.3430676559999997,14.64417285,fixed
56.817300999886356,28,0.904,-0.002587819,-16.17386875,2.3393883759999996,14.62117735,fixed
56.84021909988951,28,0.904,-0.002591263,-16.19539375,2.342501752,14.640635950000002,fixed
56.86221329995897,28,0.904,-0.002596899,-16.23061875,2.347596696,14.672479350000001,fixed
56.887150699971244,28,0.904,-0.002595647,-16.22279375,2.346464888,14.665405550000001,fixed
56.90926109999418,28,0.904,-0.002591263,-16.19539375,2.342501752,14.640635950000002,fixed
56.936092799995095,28,0.904,-0.002593142,-16.2071375,2.344200368,14.651252300000001,fixed
56.95849669992458,28,0.904,-0.002589071,-16.18169375,2.3405201840000003,14.62825115,fixed
56.98384839994833,28,0.904,-0.002592516,-16.203225,2.343634464,14.647715400000001,fixed
57.00661419995595,28,0.904,-0.002592516,-16.203225,2.343634464,14.647715400000001,fixed
57.03137889993377,28,0.904,-0.002589071,-16.18169375,2.3405201840000003,14.62825115,fixed
57.05488549999427,28,0.904,-0.002594394,-16.2149625,2.345332176,14.6583261,fixed
57.078196799964644,28,0.904,-0.002590637,-16.19148125,2.341935848,14.63709905,fixed
57.10152749996632,28,0.904,-0.002591889,-16.19930625,2.3430676559999997,14.64417285,fixed
57.12536419997923,28,0.904,-0.002595021,-16.21888125,2.3458989839999997,14.661868649999999,fixed
57.14851499989163,28,0.904,-0.002590637,-16.19148125,2.341935848,14.63709905,fixed
57.1712410999462,28,0.904,-0.002595021,-16.21888125,2.3458989839999997,14.661868649999999,fixed
57.19463169993833,28,0.904,-0.002598778,-16.2423625,2.349295312,14.683095699999999,fixed
57.21838479989674,28,0.904,-0.002594394,-16.2149625,2.345332176,14.6583261,fixed
57.24198829999659,28,0.904,-0.002596586,-16.228662500000002,2.347313744,14.670710900000003,fixed
57.26675489998888,28,0.904,-0.002600031,-16.25019375,2.350428024,14.690175150000002,fixed
57.289878799929284,28,0.904,-0.002596899,-16.23061875,2.347596696,14.672479350000001,fixed
57.31433709990233,28,0.904,-0.002601596,-16.259974999999997,2.3518427839999996,14.699017399999997,fixed
57.3382698999485,28,0.904,-0.002597526,-16.234537500000002,2.348163504,14.676021900000002,fixed
57.360924499924295,28,0.904,-0.002595334,-16.2208375,2.346181936,14.663637099999999,fixed
57.38324559992179,28,0.904,-0.002596586,-16.228662500000002,2.347313744,14.670710900000003,fixed
57.406483199913055,28,0.904,-0.002592829,-16.20518125,2.343917416,14.64948385,fixed
57.428773999912664,28,0.904,-0.002588445,-16.17778125,2.33995428,14.62471425,fixed
57.45393319998402,28,0.904,-0.002591263,-16.19539375,2.342501752,14.640635950000002,fixed
57.47622609999962,28,0.904,-0.002593142,-16.2071375,2.344200368,14.651252300000001,fixed
57.50149589998182,28,0.904,-0.002590324,-16.189525,2.3416528960000003,14.6353306,fixed
57.52495719993021,28,0.904,-0.002595647,-16.22279375,2.346464888,14.665405550000001,fixed
57.54891279991716,28,0.904,-0.002592203,-16.20126875,2.3433515120000004,14.64594695,fixed
57.57145069993567,28,0.904,-0.002593768,-16.21105,2.344766272,14.6547892,fixed
57.595225199940614,28,0.904,-0.002596899,-16.23061875,2.347596696,14.672479350000001,fixed
57.61865759990178,28,0.904,-0.002592829,-16.20518125,2.343917416,14.64948385,fixed
57.642491399892606,28,0.904,-0.002595647,-16.22279375,2.346464888,14.665405550000001,fixed
57.66550349991303,28,0.904,-0.002598778,-16.2423625,2.349295312,14.683095699999999,fixed
57.68980829999782,28,0.904,-0.002595021,-16.21888125,2.3458989839999997,14.661868649999999,fixed
57.71287399996072,28,0.904,-0.002597213,-16.23258125,2.347880552,14.67425345,fixed
57.736234699958004,28,0.904,-0.002597213,-16.23258125,2.347880552,14.67425345,fixed
57.75972699990962,28,0.904,-0.002589697,-16.18560625,2.341086088,14.631788049999999,fixed
57.7825906999642,28,0.904,-0.002592203,-16.20126875,2.3433515120000004,14.64594695,fixed
57.80577909993008,28,0.904,-0.00259095,-16.193437499999998,2.3422188,14.638867499999998,fixed
57.83026679989416,28,0.904,-0.002587192,-16.16995,2.3388215679999997,14.617634800000001,fixed
57.853800499928184,28,0.904,-0.002595021,-16.21888125,2.3458989839999997,14.661868649999999,fixed
57.87760649994016,28,0.904,-0.002594708,-16.216925,2.3456160319999997,14.6601002,fixed
57.900957499979995,28,0.904,-0.002592516,-16.203225,2.343634464,14.647715400000001,fixed
57.92480699997395,28,0.904,-0.002596586,-16.228662500000002,2.347313744,14.670710900000003,fixed
57.94781039992813,28,0.904,-0.002596273,-16.22670625,2.3470307920000004,14.66894245,fixed
57.97186959988903,28,0.904,-0.002594708,-16.216925,2.3456160319999997,14.6601002,fixed
57.99493199994322,28,0.904,-0.002600344,-16.25215,2.3507109760000002,14.6919436,fixed
58.01854999992065,28,0.904,-0.002596586,-16.228662500000002,2.347313744,14.670710900000003,fixed
58.043033199966885,28,0.904,-0.002594708,-16.216925,2.3456160319999997,14.6601002,fixed
58.06555049994495,28,0.904,-0.002597839,-16.23649375,2.348446456,14.677790350000002,fixed
58.0887443999527,28,0.904,-0.002593768,-16.21105,2.344766272,14.6547892,fixed
58.112510299892165,28,0.904,-0.002596899,-16.23061875,2.347596696,14.672479350000001,fixed
58.135642499895766,28,0.904,-0.002600031,-16.25019375,2.350428024,14.690175150000002,fixed
58.15956959989853,28,0.904,-0.002594081,-16.213006249999996,2.3450492240000003,14.656557649999996,fixed
58.182698099990375,28,0.904,-0.002593768,-16.21105,2.344766272,14.6547892,fixed
58.206913199974224,28,0.904,-0.002594081,-16.213006249999996,2.3450492240000003,14.656557649999996,fixed
58.229785899980925,28,0.904,-0.002589697,-16.18560625,2.341086088,14.631788049999999,fixed
58.253372599952854,28,0.904,-0.002595021,-16.21888125,2.3458989839999997,14.661868649999999,fixed
58.27691249991767,28,0.904,-0.002596899,-16.23061875,2.347596696,14.672479350000001,fixed
58.300027299905196,28,0.904,-0.002593455,-16.20909375,2.34448332,14.653020750000001,fixed
58.322905999957584,28,0.904,-0.002598778,-16.2423625,2.349295312,14.683095699999999,fixed
58.346680099959485,28,0.904,-0.002601596,-16.259974999999997,2.3518427839999996,14.699017399999997,fixed
58.37034369993489,28,0.904,-0.002596899,-16.23061875,2.347596696,14.672479350000001,fixed
58.395003699930385,28,0.904,-0.002601283,-16.258018749999998,2.3515598319999995,14.697248949999999,fixed
58.41790759994183,28,0.904,-0.002598465,-16.24040625,2.34901236,14.68132725,fixed
58.44096719997469,28,0.904,-0.002594081,-16.213006249999996,2.3450492240000003,14.656557649999996,fixed
58.46498289995361,29,0.914,-0.00256094,-16.005875,2.3406991600000002,14.62936975,fixed
58.4878074999433,29,0.914,-0.002558748,-15.992175,2.338695672,14.61684795,fixed
58.51066919998266,29,0.914,-0.00255593,-15.9745625,2.33612002,14.600750125,fixed
58.53425589995459,29,0.914,-0.002558435,-15.990218749999999,2.33840959,14.6150599375,fixed
58.55794489989057,29,0.914,-0.00255593,-15.9745625,2.33612002,14.600750125,fixed
58.58133569988422,29,0.914,-0.002552799,-15.954993750000002,2.333258286,14.582864287500001,fixed
58.60446889989544,29,0.914,-0.002557806,-15.986287500000001,2.337834684,14.611466775000002,fixed
58.627400899888016,29,0.914,-0.00255593,-15.9745625,2.33612002,14.600750125,fixed
58.6505090999417,29,0.914,-0.002554678,-15.966737499999999,2.334975692,14.593598075,fixed
58.67380669992417,29,0.914,-0.002559375,-15.99609375,2.3392687500000005,14.6204296875,fixed
58.695850499905646,29,0.914,-0.002559372,-15.996074999999998,2.339266008,14.620412549999998,fixed
58.72019109991379,29,0.914,-0.002555304,-15.97065,2.335547856,14.5971741,fixed
58.74369969998952,29,0.914,-0.002558748,-15.992175,2.338695672,14.61684795,fixed
58.76905389991589,29,0.914,-0.002558435,-15.990218749999999,2.33840959,14.6150599375,fixed
58.79097129998263,29,0.914,-0.002555617,-15.972606250000002,2.335833938,14.598962112500002,fixed
58.8154429999413,29,0.914,-0.002557496,-15.98435,2.3375513439999995,14.6096959,fixed
58.83845179993659,29,0.914,-0.002552799,-15.954993750000002,2.333258286,14.582864287500001,fixed
58.86333479988389,29,0.914,-0.002555617,-15.972606250000002,2.335833938,14.598962112500002,fixed
58.88677269988693,29,0.914,-0.002557183,-15.982393750000002,2.3372652620000003,14.607907887500001,fixed
58.91048989992123,29,0.914,-0.002553738,-15.9608625,2.334116532,14.588228325,fixed
58.9336767999921,29,0.914,-0.002559688,-15.99805,2.339554832,14.6222177,fixed
58.95857979997527,29,0.914,-0.002559372,-15.996074999999998,2.339266008,14.620412549999998,fixed
58.98155559995212,29,0.914,-0.002555617,-15.972606250000002,2.335833938,14.598962112500002,fixed
59.004735599970445,29,0.914,-0.002558435,-15.990218749999999,2.33840959,14.6150599375,fixed
59.02771609998308,29,0.914,-0.002555617,-15.972606250000002,2.335833938,14.598962112500002,fixed
59.05227849993389,29,0.914,-0.002553736,-15.96085,2.334114704,14.5882169,fixed
59.0756662999047,29,0.914,-0.002559688,-15.99805,2.339554832,14.6222177,fixed
59.09879799990449,29,0.914,-0.002553112,-15.95695,2.333544368,14.584652300000002,fixed
59.1218209998915,29,0.914,-0.002552799,-15.954993750000002,2.333258286,14.582864287500001,fixed
59.14624809997622,29,0.914,-0.002557183,-15.982393750000002,2.3372652620000003,14.607907887500001,fixed
59.17009699996561,29,0.914,-0.002552486,-15.9530375,2.332972204,14.581076275000001,fixed
59.19270769995637,29,0.914,-0.002556556,-15.978475,2.3366921840000003,14.60432615,fixed
59.21568209992256,29,0.914,-0.002560001,-16.000006250000002,2.3398409140000003,14.624005712500002,fixed
59.239583599963225,29,0.914,-0.002555301,-15.97063125,2.335545114,14.597156962500001,fixed
59.26284809992649,29,0.914,-0.002555617,-15.972606250000002,2.335833938,14.598962112500002,fixed
59.287394399987534,29,0.914,-0.002557496,-15.98435,2.3375513439999995,14.6096959,fixed
59.31094059988391,29,0.914,-0.00255092,-15.94325,2.33154088,14.572130500000002,fixed
59.33530509995762,29,0.914,-0.002554365,-15.964781249999998,2.33468961,14.591810062499999,fixed
59.358537899912335,29,0.914,-0.002551859,-15.949118749999998,2.3323991260000003,14.5774945375,fixed
59.38130209990777,29,0.914,-0.002553112,-15.95695,2.333544368,14.584652300000002,fixed
59.404770899913274,29,0.914,-0.002557806,-15.986287500000001,2.337834684,14.611466775000002,fixed
59.42832849989645,29,0.914,-0.002554365,-15.964781249999998,2.33468961,14.591810062499999,fixed
59.45174299995415,29,0.914,-0.002555304,-15.97065,2.335547856,14.5971741,fixed
59.476071499986574,29,0.914,-0.002559688,-15.99805,2.339554832,14.6222177,fixed
59.49863899999764,29,0.914,-0.002556556,-15.978475,2.3366921840000003,14.60432615,fixed
59.523864399991,29,0.914,-0.00255687,-15.980437499999999,2.33697918,14.606119875,fixed
59.54684849991463,29,0.914,-0.002561253,-16.00783125,2.3409852420000004,14.631157762499999,fixed
59.56839069991838,29,0.914,-0.002557493,-15.98433125,2.337548602,14.609678762500002,fixed
59.5908850999549,29,0.914,-0.002559375,-15.99609375,2.3392687500000005,14.6204296875,fixed
59.615906499908306,29,0.914,-0.00256188,-16.01175,2.3415583200000003,14.6347395,fixed
59.63855739997234,29,0.914,-0.002557809,-15.986306249999998,2.3378374259999997,14.611483912499999,fixed
59.664407999953255,29,0.914,-0.002557183,-15.982393750000002,2.3372652620000003,14.607907887500001,fixed
59.68756449990906,29,0.914,-0.002557809,-15.986306249999998,2.3378374259999997,14.611483912499999,fixed
59.711223599966615,29,0.914,-0.002551859,-15.949118749999998,2.3323991260000003,14.5774945375,fixed
59.73479419993237,29,0.914,-0.002555304,-15.97065,2.335547856,14.5971741,fixed
59.761020399979316,29,0.914,-0.002552486,-15.9530375,2.332972204,14.581076275000001,fixed
59.7890202999115,29,0.914,-0.002554049,-15.96280625,2.3344007860000002,14.590004912500001,fixed
59.81170729990117,29,0.914,-0.002554365,-15.964781249999998,2.33468961,14.591810062499999,fixed
59.83560479991138,29,0.914,-0.002560001,-16.000006250000002,2.3398409140000003,14.624005712500002,fixed
59.85922609991394,29,0.914,-0.002556554,-15.9784625,2.336690356,14.604314725,fixed
59.88334539998323,29,0.914,-0.002556556,-15.978475,2.3366921840000003,14.60432615,fixed
59.90696779999416,29,0.914,-0.00255687,-15.980437499999999,2.33697918,14.606119875,fixed
59.92955989995971,29,0.914,-0.002551233,-15.945206249999998,2.331826962,14.573918512499999,fixed
59.95275389996823,29,0.914,-0.002553425,-15.958906249999998,2.33383045,14.586440312499999,fixed
59.97561109997332,29,0.914,-0.002554991,-15.968693749999998,2.3352617739999997,14.5953860875,fixed
59.99861859995872,29,0.914,-0.002550291,-15.93931875,2.3309659740000006,14.5685373375,fixed
60.02167179994285,29,0.914,-0.002549668,-15.935425,2.3303965520000003,14.564978450000002,fixed
60.045032599940896,29,0.914,-0.002554678,-15.966737499999999,2.334975692,14.593598075,fixed
60.0707460999256,29,0.914,-0.002554991,-15.968693749999998,2.3352617739999997,14.5953860875,fixed
60.09416089998558,29,0.914,-0.002556556,-15.978475,2.3366921840000003,14.60432615,fixed
60.11669219995383,29,0.914,-0.002557496,-15.98435,2.3375513439999995,14.6096959,fixed
60.1398042999208,29,0.914,-0.002552799,-15.954993750000002,2.333258286,14.582864287500001,fixed
60.162674599909224,29,0.914,-0.002554052,-15.962825,2.3344035279999997,14.590022050000002,fixed
60.18619589996524,29,0.914,-0.002555617,-15.972606250000002,2.335833938,14.598962112500002,fixed
60.20921129989438,29,0.914,-0.002550291,-15.93931875,2.3309659740000006,14.5685373375,fixed
60.23172959999647,29,0.914,-0.002549668,-15.935425,2.3303965520000003,14.564978450000002,fixed
60.2587689999491,29,0.914,-0.002554678,-15.966737499999999,2.334975692,14.593598075,fixed
60.28201289998833,29,0.914,-0.002551233,-15.945206249999998,2.331826962,14.573918512499999,fixed
60.30583369999658,29,0.914,-0.00255687,-15.980437499999999,2.33697918,14.606119875,fixed
60.32865319994744,29,0.914,-0.002554052,-15.962825,2.3344035279999997,14.590022050000002,fixed
60.35270759998821,29,0.914,-0.002554365,-15.964781249999998,2.33468961,14.591810062499999,fixed
60.37558569991961,29,0.914,-0.002559061,-15.99413125,2.338981754,14.6186359625,fixed
60.399528299923986,29,0.914,-0.002556243,-15.976518750000002,2.336406102,14.602538137500002,fixed
60.422796099912375,29,0.914,-0.002555304,-15.97065,2.335547856,14.5971741,fixed
60.44658789993264,29,0.914,-0.002556556,-15.978475,2.3366921840000003,14.60432615,fixed
60.47100339992903,30,0.904,-0.002586253,-16.16408125,2.3379727120000005,14.612329449999999,fixed
60.49383949988987,30,0.904,-0.002587819,-16.17386875,2.3393883759999996,14.62117735,fixed
60.51676889997907,30,0.904,-0.002587819,-16.17386875,2.3393883759999996,14.62117735,fixed
60.54153139994014,30,0.904,-0.002583435,-16.146468749999997,2.3354252399999997,14.596407749999997,fixed
60.56503979989793,30,0.904,-0.002587192,-16.16995,2.3388215679999997,14.617634800000001,fixed
60.587779699941166,30,0.904,-0.002587819,-16.17386875,2.3393883759999996,14.62117735,fixed
60.61108919989783,30,0.904,-0.00258688,-16.168000000000003,2.3385395200000003,14.615872000000003,fixed
60.63388219999615,30,0.904,-0.002590324,-16.189525,2.3416528960000003,14.6353306,fixed
60.65709179989062,30,0.904,-0.002590324,-16.189525,2.3416528960000003,14.6353306,fixed
60.680488299927674,30,0.904,-0.002586253,-16.16408125,2.3379727120000005,14.612329449999999,fixed
60.70289089996368,30,0.904,-0.002589384,-16.18365,2.3408031360000003,14.6300196,fixed
60.72550819988828,30,0.904,-0.002591576,-16.19735,2.342784704,14.6424044,fixed
60.74890389991924,30,0.904,-0.002590324,-16.189525,2.3416528960000003,14.6353306,fixed
60.773607899900526,30,0.904,-0.002588445,-16.17778125,2.33995428,14.62471425,fixed
60.79684499988798,30,0.904,-0.002592829,-16.20518125,2.343917416,14.64948385,fixed
60.81946379994042,30,0.904,-0.002586566,-16.1660375,2.3382556640000005,14.614097900000003,fixed
60.84257199999411,30,0.904,-0.002587192,-16.16995,2.3388215679999997,14.617634800000001,fixed
60.8669007999124,30,0.904,-0.002590011,-16.18756875,2.341369944,14.633562150000001,fixed
60.88971719995607,30,0.904,-0.002584687,-16.15429375,2.3365570480000004,14.603481550000001,fixed
60.91401809989475,30,0.904,-0.00258594,-16.162125,2.33768976,14.610561,fixed
60.936961699975654,30,0.904,-0.002590637,-16.19148125,2.341935848,14.63709905,fixed
60.96072849992197,30,0.904,-0.002587192,-16.16995,2.3388215679999997,14.617634800000001,fixed
60.98383489996195,30,0.904,-0.002591889,-16.19930625,2.3430676559999997,14.64417285,fixed
61.00772499991581,30,0.904,-0.002595021,-16.21888125,2.3458989839999997,14.661868649999999,fixed
61.030860999948345,30,0.904,-0.002591263,-16.19539375,2.342501752,14.640635950000002,fixed
61.05362179991789,30,0.904,-0.00259596,-16.22475,2.3467478400000004,14.667174000000001,fixed
61.07698079990223,30,0.904,-0.002597213,-16.23258125,2.347880552,14.67425345,fixed
61.10056089994032,30,0.904,-0.002591263,-16.19539375,2.342501752,14.640635950000002,fixed
61.123842699918896,30,0.904,-0.002594708,-16.216925,2.3456160319999997,14.6601002,fixed
61.14655959990341,30,0.904,-0.002596586,-16.228662500000002,2.347313744,14.670710900000003,fixed
61.17003499995917,30,0.904,-0.002589697,-16.18560625,2.341086088,14.631788049999999,fixed
61.192941099987365,30,0.904,-0.002587506,-16.171912499999998,2.339105424,14.619408899999998,fixed
61.21587419998832,30,0.904,-0.002590324,-16.189525,2.3416528960000003,14.6353306,fixed
61.24018199997954,30,0.904,-0.002587819,-16.17386875,2.3393883759999996,14.62117735,fixed
61.26273069996387,30,0.904,-0.002587192,-16.16995,2.3388215679999997,14.617634800000001,fixed
61.28562129999045,30,0.904,-0.002590637,-16.19148125,2.341935848,14.63709905,fixed
61.308072299929336,30,0.904,-0.002588758,-16.179737499999998,2.3402372320000002,14.626482699999999,fixed
61.33146709995344,30,0.904,-0.002587192,-16.16995,2.3388215679999997,14.617634800000001,fixed
61.35490169993136,30,0.904,-0.00259095,-16.193437499999998,2.3422188,14.638867499999998,fixed
61.37949649989605,30,0.904,-0.002589697,-16.18560625,2.341086088,14.631788049999999,fixed
61.4028699999908,30,0.904,-0.002588443,-16.177768750000002,2.3399524720000002,14.624702950000001,fixed
61.42695819993969,30,0.904,-0.002593142,-16.2071375,2.344200368,14.651252300000001,fixed
61.44991199998185,30,0.904,-0.002589384,-16.18365,2.3408031360000003,14.6300196,fixed
61.474980199942365,30,0.904,-0.002591576,-16.19735,2.342784704,14.6424044,fixed
61.4977161999559,30,0.904,-0.002594081,-16.213006249999996,2.3450492240000003,14.656557649999996,fixed
61.52207519998774,30,0.904,-0.002588758,-16.179737499999998,2.3402372320000002,14.626482699999999,fixed
61.544994599884376,30,0.904,-0.002590637,-16.19148125,2.341935848,14.63709905,fixed
61.5699406999629,30,0.904,-0.002589384,-16.18365,2.3408031360000003,14.6300196,fixed
61.593179899966344,30,0.904,-0.002588445,-16.17778125,2.33995428,14.62471425,fixed
61.61617649998516,30,0.904,-0.002591576,-16.19735,2.342784704,14.6424044,fixed
61.639137399964966,30,0.904,-0.00258688,-16.168000000000003,2.3385395200000003,14.615872000000003,fixed
61.66365609993227,30,0.904,-0.002583122,-16.1445125,2.335142288,14.5946393,fixed
61.68714529997669,30,0.904,-0.002587819,-16.17386875,2.3393883759999996,14.62117735,fixed
61.71272409998346,30,0.904,-0.002583748,-16.148425,2.335708192,14.5981762,fixed
61.735897599952295,30,0.904,-0.002590637,-16.19148125,2.341935848,14.63709905,fixed
61.75881969998591,30,0.904,-0.002588445,-16.17778125,2.33995428,14.62471425,fixed
61.781917899963446,30,0.904,-0.002587192,-16.16995,2.3388215679999997,14.617634800000001,fixed
61.80592329998035,30,0.904,-0.002591889,-16.19930625,2.3430676559999997,14.64417285,fixed
61.829115799977444,30,0.904,-0.002591889,-16.19930625,2.3430676559999997,14.64417285,fixed
61.851852999883704,30,0.904,-0.002590324,-16.189525,2.3416528960000003,14.6353306,fixed
61.874848599894904,30,0.904,-0.002596899,-16.23061875,2.347596696,14.672479350000001,fixed
61.89787829993293,30,0.904,-0.002594708,-16.216925,2.3456160319999997,14.6601002,fixed
61.92172519990709,30,0.904,-0.002587819,-16.17386875,2.3393883759999996,14.62117735,fixed
61.94489939999767,30,0.904,-0.002588445,-16.17778125,2.33995428,14.62471425,fixed
61.96792889991775,30,0.904,-0.002587819,-16.17386875,2.3393883759999996,14.62117735,fixed
61.99077569996007,30,0.904,-0.002584061,-16.15038125,2.335991144,14.59994465,fixed
62.013745899894275,30,0.904,-0.002587819,-16.17386875,2.3393883759999996,14.62117735,fixed
62.03897589992266,30,0.904,-0.002591576,-16.19735,2.342784704,14.6424044,fixed
62.062238099984825,30,0.904,-0.002587192,-16.16995,2.3388215679999997,14.617634800000001,fixed
62.084752399940044,30,0.904,-0.002592516,-16.203225,2.343634464,14.647715400000001,fixed
62.108266999945045,30,0.904,-0.002594081,-16.213006249999996,2.3450492240000003,14.656557649999996,fixed
62.13122919993475,30,0.904,-0.002590321,-16.189506249999997,2.341650184,14.635313649999999,fixed
62.15463429992087,30,0.904,-0.002592829,-16.20518125,2.343917416,14.64948385,fixed
62.1778983999975,30,0.904,-0.002594394,-16.2149625,2.345332176,14.6583261,fixed
62.20105089992285,30,0.904,-0.002588758,-16.179737499999998,2.3402372320000002,14.626482699999999,fixed
62.225276999990456,30,0.904,-0.002590324,-16.189525,2.3416528960000003,14.6353306,fixed
62.248262299923226,30,0.904,-0.002592203,-16.20126875,2.3433515120000004,14.64594695,fixed
62.272977699991316,30,0.904,-0.002589697,-16.18560625,2.341086088,14.631788049999999,fixed
62.29596479993779,30,0.904,-0.002595334,-16.2208375,2.346181936,14.663637099999999,fixed
62.319978099898435,30,0.904,-0.002593768,-16.21105,2.344766272,14.6547892,fixed
62.343160199932754,30,0.904,-0.00259095,-16.193437499999998,2.3422188,14.638867499999998,fixed
62.367019199882634,30,0.904,-0.002595334,-16.2208375,2.346181936,14.663637099999999,fixed
62.389981299987994,30,0.904,-0.002590011,-16.18756875,2.341369944,14.633562150000001,fixed
62.413000399945304,30,0.904,-0.002589697,-16.18560625,2.341086088,14.631788049999999,fixed
62.43622829997912,30,0.904,-0.002592516,-16.203225,2.343634464,14.647715400000001,fixed
62.46119999990333,30,0.904,-0.002589384,-16.18365,2.3408031360000003,14.6300196,fixed
62.485639200080186,31,0.895,-0.002621276,-16.382975,2.34604202,14.662762625,fixed
62.509327900013886,31,0.894,-0.002622213,-16.38883125,2.3442584220000002,14.6516151375,fixed
62.53220020001754,31,0.894,-0.002619081,-16.36925625,2.3414584140000003,14.6341150875,fixed
62.555283900001086,31,0.894,-0.002621586,-16.3849125,2.343697884,14.648111774999999,fixed
62.578024800051935,31,0.894,-0.002621586,-16.3849125,2.343697884,14.648111774999999,fixed
62.60112050001044,31,0.894,-0.002615324,-16.345775,2.3380996560000002,14.61312285,fixed
62.62431890005246,31,0.894,-0.00261689,-16.3555625,2.33949966,14.621872875000001,fixed
62.64784850005526,31,0.894,-0.002618768,-16.3673,2.341178592,14.6323662,fixed
62.67298950010445,31,0.894,-0.002615011,-16.34381875,2.3378198340000003,14.6113739625,fixed
62.69583340000827,31,0.894,-0.002624405,-16.40253125,2.34621807,14.6638629375,fixed
62.71828040003311,31,0.894,-0.002624405,-16.40253125,2.34621807,14.6638629375,fixed
62.74082750000525,31,0.894,-0.002619081,-16.36925625,2.3414584140000003,14.6341150875,fixed
62.7632238001097,31,0.894,-0.002620334,-16.377087500000002,2.3425785960000005,14.641116225000001,fixed
62.78748310008086,31,0.894,-0.002622839,-16.392743749999998,2.344818066,14.655112912499998,fixed
62.8099107000744,31,0.894,-0.002617203,-16.35751875,2.339779482,14.623621762500001,fixed
62.83389900007751,31,0.894,-0.00261689,-16.3555625,2.33949966,14.621872875000001,fixed
62.85708560002968,31,0.894,-0.00262096,-16.380999999999997,2.3431382399999996,14.644613999999997,fixed
62.88098120002542,31,0.894,-0.002615637,-16.34773125,2.3383794780000002,14.6148717375,fixed
62.90425950009376,31,0.894,-0.002618142,-16.363387499999998,2.3406189480000004,14.628868424999999,fixed
62.92837380000856,31,0.894,-0.002622523,-16.39076875,2.344535562,14.6533472625,fixed
62.95127499999944,31,0.894,-0.002619081,-16.36925625,2.3414584140000003,14.6341150875,fixed
62.97524600010365,31,0.894,-0.002623152,-16.3947,2.345097888,14.6568618,fixed
62.998193800100125,31,0.894,-0.002626594,-16.4162125,2.3481750359999998,14.676093975,fixed
63.02210200007539,31,0.894,-0.002621584,-16.384900000000002,2.3436960960000004,14.648100600000001,fixed
63.04413300007582,31,0.894,-0.002624091,-16.400568749999998,2.345937354,14.662108462499999,fixed
63.069473700015806,31,0.894,-0.002623152,-16.3947,2.345097888,14.6568618,fixed
63.09144330001436,31,0.894,-0.002616576,-16.353599999999997,2.3392189439999997,14.620118399999997,fixed
63.11839630000759,31,0.894,-0.002619705,-16.373156249999997,2.34201627,14.637601687499998,fixed
63.14109190006275,31,0.894,-0.002617203,-16.35751875,2.339779482,14.623621762500001,fixed
63.163943900028244,31,0.894,-0.002618768,-16.3673,2.341178592,14.6323662,fixed
63.187283800099976,31,0.894,-0.002621586,-16.3849125,2.343697884,14.648111774999999,fixed
63.2131675001001,31,0.894,-0.00261814,-16.363375,2.3406171600000003,14.628857250000001,fixed
63.23630360001698,31,0.894,-0.002625031,-16.406443749999998,2.3467777140000003,14.667360712499999,fixed
63.25971940008458,31,0.894,-0.002625657,-16.41035625,2.347337358,14.6708584875,fixed
63.28340440010652,31,0.894,-0.002623152,-16.3947,2.345097888,14.6568618,fixed
63.30698090000078,31,0.894,-0.002628162,-16.4260125,2.349576828,14.684855175,fixed
63.330229000071995,31,0.894,-0.00262597,-16.4123125,2.34761718,14.672607374999998,fixed
63.35494530003052,31,0.894,-0.002624718,-16.4044875,2.346497892,14.665611825,fixed
63.37843420007266,31,0.894,-0.002628475,-16.427968749999998,2.34985665,14.686604062499999,fixed
63.40124050003942,31,0.894,-0.002622213,-16.38883125,2.3442584220000002,14.6516151375,fixed
63.42431840009522,31,0.894,-0.0026219,-16.386875,2.3439786,14.64986625,fixed
63.44713410001714,31,0.894,-0.002624718,-16.4044875,2.346497892,14.665611825,fixed
63.47083760006353,31,0.894,-0.002620334,-16.377087500000002,2.3425785960000005,14.641116225000001,fixed
63.495699000079185,31,0.894,-0.002622526,-16.390787500000002,2.344538244,14.653364025000002,fixed
63.519589100033045,31,0.894,-0.002624718,-16.4044875,2.346497892,14.665611825,fixed
63.54241130000446,31,0.894,-0.002620021,-16.375131250000003,2.342298774,14.639367337500003,fixed
63.56535780010745,31,0.894,-0.002622839,-16.392743749999998,2.344818066,14.655112912499998,fixed
63.58881020010449,31,0.894,-0.002623778,-16.3986125,2.3456575319999997,14.660359575,fixed
63.61248270003125,31,0.894,-0.002619081,-16.36925625,2.3414584140000003,14.6341150875,fixed
63.63706020009704,31,0.894,-0.002623152,-16.3947,2.345097888,14.6568618,fixed
63.66038750007283,31,0.894,-0.002620334,-16.377087500000002,2.3425785960000005,14.641116225000001,fixed
63.68467020010576,31,0.894,-0.002618142,-16.363387499999998,2.3406189480000004,14.628868424999999,fixed
63.707450200105086,31,0.894,-0.002622526,-16.390787500000002,2.344538244,14.653364025000002,fixed
63.73088810010813,31,0.894,-0.002617516,-16.359474999999996,2.340059304,14.625370649999997,fixed
63.75424860010389,31,0.894,-0.002618142,-16.363387499999998,2.3406189480000004,14.628868424999999,fixed
63.779621400055476,31,0.894,-0.002621273,-16.38295625,2.343418062,14.6463628875,fixed
63.80207280011382,31,0.894,-0.002615637,-16.34773125,2.3383794780000002,14.6148717375,fixed
63.825670600053854,31,0.894,-0.002621273,-16.38295625,2.343418062,14.6463628875,fixed
63.84820830007084,31,0.894,-0.002625031,-16.406443749999998,2.3467777140000003,14.667360712499999,fixed
63.87237019999884,31,0.894,-0.002622213,-16.38883125,2.3442584220000002,14.6516151375,fixed
63.89519500010647,31,0.894,-0.002625344,-16.4084,2.347057536,14.6691096,fixed
63.92896420008037,31,0.894,-0.00262691,-16.4181875,2.34845754,14.677859624999998,fixed
63.951384000014514,31,0.894,-0.002620021,-16.375131250000003,2.342298774,14.639367337500003,fixed
63.97389360005036,31,0.894,-0.002621273,-16.38295625,2.343418062,14.6463628875,fixed
63.998492300044745,31,0.894,-0.002623152,-16.3947,2.345097888,14.6568618,fixed
64.02106520009693,31,0.894,-0.002619708,-16.373175,2.342018952,14.63761845,fixed
64.04390090005472,31,0.894,-0.002621273,-16.38295625,2.343418062,14.6463628875,fixed
64.0672055000905,31,0.894,-0.00262597,-16.4123125,2.34761718,14.672607374999998,fixed
64.09140380006284,31,0.894,-0.002625657,-16.41035625,2.347337358,14.6708584875,fixed
64.11412080004811,31,0.894,-0.002626283,-16.414268749999998,2.3478970020000003,14.674356262499998,fixed
64.13816460000817,31,0.894,-0.002630041,-16.43775625,2.3512566539999997,14.6953540875,fixed
64.16120080009568,31,0.894,-0.002626283,-16.414268749999998,2.3478970020000003,14.674356262499998,fixed
64.1852478000801,31,0.894,-0.002625657,-16.41035625,2.347337358,14.6708584875,fixed
64.20827770000324,31,0.894,-0.002627849,-16.42405625,2.3492970059999996,14.6831062875,fixed
64.23467590007931,31,0.894,-0.002623465,-16.396656250000003,2.34537771,14.658610687500003,fixed
64.25833170011174,31,0.894,-0.00262691,-16.4181875,2.34845754,14.677859624999998,fixed
64.28115390008315,31,0.894,-0.002622213,-16.38883125,2.3442584220000002,14.6516151375,fixed
64.30407290009316,31,0.894,-0.002621586,-16.3849125,2.343697884,14.648111774999999,fixed
64.32630120008253,31,0.894,-0.002623465,-16.396656250000003,2.34537771,14.658610687500003,fixed
64.34836140007246,31,0.894,-0.0026219,-16.386875,2.3439786,14.64986625,fixed
64.37466580001637,31,0.894,-0.002615637,-16.34773125,2.3383794780000002,14.6148717375,fixed
64.39718800003175,31,0.894,-0.002620334,-16.377087500000002,2.3425785960000005,14.641116225000001,fixed
64.42102010000963,31,0.894,-0.002617829,-16.36143125,2.340339126,14.627119537499999,fixed
64.4441656001145,31,0.894,-0.002616576,-16.353599999999997,2.3392189439999997,14.620118399999997,fixed
64.46817890007515,31,0.894,-0.002620334,-16.377087500000002,2.3425785960000005,14.641116225000001,fixed
64.49238529999275,32,0.885,-0.002642832,-16.517699999999998,2.33890632,14.618164499999999,fixed
64.51530769991223,32,0.884,-0.002646586,-16.5411625,2.339582024,14.622387649999999,fixed
64.53836659993976,32,0.884,-0.002649405,-16.558781250000003,2.34207402,14.637962625000002,fixed
64.56292579998262,32,0.884,-0.002645021,-16.53138125,2.338198564,14.613741025,fixed
64.58686809998471,32,0.884,-0.002648778,-16.5548625,2.3415197520000004,14.634498449999999,fixed
64.61087449989282,32,0.884,-0.002647526,-16.5470375,2.340412984,14.62758115,fixed
64.63563239993528,32,0.884,-0.002646273,-16.539206250000003,2.3393053320000003,14.620658325000003,fixed
64.658717699931,32,0.884,-0.002648778,-16.5548625,2.3415197520000004,14.634498449999999,fixed
64.6823996999301,32,0.884,-0.002645021,-16.53138125,2.338198564,14.613741025,fixed
64.70635059988126,32,0.884,-0.002646273,-16.539206250000003,2.3393053320000003,14.620658325000003,fixed
64.72843779996037,32,0.884,-0.00264596,-16.53725,2.33902864,14.618929,fixed
64.75352159992326,32,0.884,-0.002644081,-16.52550625,2.337367604,14.608547524999999,fixed
64.77627599996049,32,0.884,-0.002647213,-16.54508125,2.340136292,14.625851825,fixed
64.80290609993972,32,0.884,-0.002647213,-16.54508125,2.340136292,14.625851825,fixed
64.82639429997653,32,0.884,-0.00264596,-16.53725,2.33902864,14.618929,fixed
64.84922869992442,32,0.884,-0.002645334,-16.533337500000002,2.3384752559999997,14.615470350000002,fixed
64.87228039989714,32,0.885,-0.00264064,-16.503999999999998,2.3369664,14.606039999999998,fixed
64.89607209991664,32,0.884,-0.002643768,-16.52355,2.337090912,14.606818200000001,fixed
64.92007989995182,32,0.884,-0.00264596,-16.53725,2.33902864,14.618929,fixed
64.94366909994278,32,0.884,-0.002642203,-16.51376875,2.3357074520000003,14.598171575,fixed
64.97226599988062,32,0.884,-0.002647839,-16.548993749999998,2.3406896759999998,14.629310474999999,fixed
64.99530659988523,32,0.884,-0.002648465,-16.55290625,2.34124306,14.632769125,fixed
65.01919079991058,32,0.884,-0.002652849,-16.58030625,2.3451185160000003,14.656990725,fixed
65.04231269995216,32,0.884,-0.002647213,-16.54508125,2.340136292,14.625851825,fixed
65.06541489996016,32,0.884,-0.002649405,-16.558781250000003,2.34207402,14.637962625000002,fixed
65.08884019998368,32,0.884,-0.00265191,-16.5744375,2.3442884399999997,14.651802749999998,fixed
65.1117425999837,32,0.884,-0.002646586,-16.5411625,2.339582024,14.622387649999999,fixed
65.13434019999113,32,0.884,-0.002647839,-16.548993749999998,2.3406896759999998,14.629310474999999,fixed
65.15917379991151,32,0.884,-0.00265097,-16.5685625,2.34345748,14.64660925,fixed
65.18234849988949,32,0.884,-0.002643142,-16.519637499999998,2.3365375279999996,14.603359549999999,fixed
65.20508829993196,32,0.884,-0.002644708,-16.529425,2.3379218720000003,14.6120117,fixed
65.22827509988565,32,0.884,-0.002647839,-16.548993749999998,2.3406896759999998,14.629310474999999,fixed
65.25114629988093,32,0.884,-0.002645334,-16.533337500000002,2.3384752559999997,14.615470350000002,fixed
65.27467179996893,32,0.884,-0.002645647,-16.53529375,2.338751948,14.617199675,fixed
65.29987639992032,32,0.884,-0.002649405,-16.558781250000003,2.34207402,14.637962625000002,fixed
65.32336809998378,32,0.884,-0.002645021,-16.53138125,2.338198564,14.613741025,fixed
65.34616929991171,32,0.884,-0.002649091,-16.55681875,2.3417964440000003,14.636227775000002,fixed
65.36964319995604,32,0.884,-0.002650031,-16.56269375,2.342627404,14.641421275,fixed
65.39360489998944,32,0.884,-0.002646586,-16.5411625,2.339582024,14.622387649999999,fixed
65.41618949989788,32,0.884,-0.002651283,-16.570518749999998,2.343734172,14.648338574999999,fixed
65.43839499994647,32,0.884,-0.00265097,-16.5685625,2.34345748,14.64660925,fixed
65.4618983999826,32,0.884,-0.002647839,-16.548993749999998,2.3406896759999998,14.629310474999999,fixed
65.48461629997473,32,0.884,-0.0026469,-16.543125,2.3398596000000005,14.6241225,fixed
65.5066243999172,32,0.884,-0.00265191,-16.5744375,2.3442884399999997,14.651802749999998,fixed
65.53161359997466,32,0.884,-0.002652536,-16.57835,2.344841824,14.6552614,fixed
65.55437499994878,32,0.884,-0.002647213,-16.54508125,2.340136292,14.625851825,fixed
65.57901469990611,32,0.884,-0.002650344,-16.564649999999997,2.342904096,14.643150599999997,fixed
65.60222199989948,32,0.884,-0.002644708,-16.529425,2.3379218720000003,14.6120117,fixed
65.62630839995109,32,0.885,-0.002646589,-16.54118125,2.342231265,14.63894540625,fixed
65.64965689997189,32,0.884,-0.002647839,-16.548993749999998,2.3406896759999998,14.629310474999999,fixed
65.67384109995328,32,0.884,-0.002643455,-16.521593749999997,2.33681422,14.605088874999998,fixed
65.69674489996396,32,0.884,-0.002646586,-16.5411625,2.339582024,14.622387649999999,fixed
65.72039569995832,32,0.884,-0.002648152,-16.55095,2.340966368,14.6310398,fixed
65.74413509992883,32,0.884,-0.002643142,-16.519637499999998,2.3365375279999996,14.603359549999999,fixed
65.76798499992583,32,0.884,-0.002647839,-16.548993749999998,2.3406896759999998,14.629310474999999,fixed
65.79161959991325,32,0.884,-0.002647526,-16.5470375,2.340412984,14.62758115,fixed
65.81451789988205,32,0.884,-0.002647839,-16.548993749999998,2.3406896759999998,14.629310474999999,fixed
65.83720409998205,32,0.884,-0.00265191,-16.5744375,2.3442884399999997,14.651802749999998,fixed
65.86040649993811,32,0.884,-0.00265097,-16.5685625,2.34345748,14.64660925,fixed
65.88280079991091,32,0.884,-0.002648152,-16.55095,2.340966368,14.6310398,fixed
65.90681829990353,32,0.884,-0.002650344,-16.564649999999997,2.342904096,14.643150599999997,fixed
65.92937749996781,32,0.884,-0.002653788,-16.586174999999997,2.345948592,14.662178699999998,fixed
65.9564927999163,32,0.884,-0.002648152,-16.55095,2.340966368,14.6310398,fixed
65.97937699989416,32,0.884,-0.002650031,-16.56269375,2.342627404,14.641421275,fixed
66.00384909997229,32,0.884,-0.002644708,-16.529425,2.3379218720000003,14.6120117,fixed
66.02646369999275,32,0.884,-0.002646586,-16.5411625,2.339582024,14.622387649999999,fixed
66.05084479996003,32,0.884,-0.002647839,-16.548993749999998,2.3406896759999998,14.629310474999999,fixed
66.07337559992447,32,0.884,-0.002643142,-16.519637499999998,2.3365375279999996,14.603359549999999,fixed
66.09620729996823,32,0.885,-0.002646589,-16.54118125,2.342231265,14.63894540625,fixed
66.11992349999491,32,0.884,-0.002649091,-16.55681875,2.3417964440000003,14.636227775000002,fixed
66.14362319989596,32,0.884,-0.002646273,-16.539206250000003,2.3393053320000003,14.620658325000003,fixed
66.16640949994326,32,0.884,-0.002650031,-16.56269375,2.342627404,14.641421275,fixed
66.19112949992996,32,0.884,-0.002650657,-16.56660625,2.3431807879999997,14.644879925,fixed
66.21460359997582,32,0.884,-0.002646273,-16.539206250000003,2.3393053320000003,14.620658325000003,fixed
66.2381383999018,32,0.884,-0.002648465,-16.55290625,2.34124306,14.632769125,fixed
66.26167769997846,32,0.884,-0.002644708,-16.529425,2.3379218720000003,14.6120117,fixed
66.2845026999712,32,0.884,-0.002641889,-16.51180625,2.335429876,14.596436725,fixed
66.3075512999203,32,0.884,-0.002644708,-16.529425,2.3379218720000003,14.6120117,fixed
66.33049319998827,32,0.884,-0.002645647,-16.53529375,2.338751948,14.617199675,fixed
66.35348199994769,32,0.884,-0.002640011,-16.50006875,2.333769724,14.586060775,fixed
66.37680609989911,32,0.884,-0.002644708,-16.529425,2.3379218720000003,14.6120117,fixed
66.39936159993522,32,0.884,-0.00264596,-16.53725,2.33902864,14.618929,fixed
66.42415159998927,32,0.884,-0.002642516,-16.515725,2.335984144,14.5999009,fixed
66.44751729990821,32,0.884,-0.002649091,-16.55681875,2.3417964440000003,14.636227775000002,fixed
66.47028659994248,32,0.884,-0.002650344,-16.564649999999997,2.342904096,14.643150599999997,fixed
66.4942559999181,33,0.894,-0.002619708,-16.373175,2.342018952,14.63761845,fixed
66.5176114999922,33,0.894,-0.002623778,-16.3986125,2.3456575319999997,14.660359575,fixed
66.54036559991073,33,0.894,-0.002623152,-16.3947,2.345097888,14.6568618,fixed
66.56342029990628,33,0.894,-0.002617516,-16.359474999999996,2.340059304,14.625370649999997,fixed
66.58642069995403,33,0.894,-0.002620021,-16.375131250000003,2.342298774,14.639367337500003,fixed
66.61181169992778,33,0.894,-0.002621586,-16.3849125,2.343697884,14.648111774999999,fixed
66.63517979998142,33,0.894,-0.002616576,-16.353599999999997,2.3392189439999997,14.620118399999997,fixed
66.6585823999485,33,0.894,-0.0026219,-16.386875,2.3439786,14.64986625,fixed
66.68154579994734,33,0.894,-0.002618455,-16.36534375,2.34089877,14.630617312500002,fixed
66.7041466999799,33,0.894,-0.002616576,-16.353599999999997,2.3392189439999997,14.620118399999997,fixed
66.72658719995525,33,0.894,-0.002622526,-16.390787500000002,2.344538244,14.653364025000002,fixed
66.75002109992784,33,0.894,-0.002624718,-16.4044875,2.346497892,14.665611825,fixed
66.77306759997737,33,0.894,-0.002620334,-16.377087500000002,2.3425785960000005,14.641116225000001,fixed
66.79603499989025,33,0.894,-0.002623465,-16.396656250000003,2.34537771,14.658610687500003,fixed
66.81833179993555,33,0.894,-0.002624091,-16.400568749999998,2.345937354,14.662108462499999,fixed
66.84214129997417,33,0.894,-0.002620647,-16.37904375,2.3428584179999996,14.642865112500001,fixed
66.86434059997555,33,0.894,-0.00261689,-16.3555625,2.33949966,14.621872875000001,fixed
66.88913049991243,33,0.894,-0.002619395,-16.37121875,2.34173913,14.6358695625,fixed
66.91119379992597,33,0.894,-0.002615324,-16.345775,2.3380996560000002,14.61312285,fixed
66.93530989997089,33,0.894,-0.002615324,-16.345775,2.3380996560000002,14.61312285,fixed
66.95867719990201,33,0.894,-0.002621273,-16.38295625,2.343418062,14.6463628875,fixed
66.98353599989787,33,0.894,-0.002621586,-16.3849125,2.343697884,14.648111774999999,fixed
67.00623129995074,33,0.894,-0.0026219,-16.386875,2.3439786,14.64986625,fixed
67.02961149998009,33,0.894,-0.0026219,-16.386875,2.3439786,14.64986625,fixed
67.05249879998155,33,0.894,-0.002618455,-16.36534375,2.34089877,14.630617312500002,fixed
67.07664039998781,33,0.894,-0.002619708,-16.373175,2.342018952,14.63761845,fixed
67.09987149992958,33,0.894,-0.002624405,-16.40253125,2.34621807,14.6638629375,fixed
67.12419659993611,33,0.894,-0.0026219,-16.386875,2.3439786,14.64986625,fixed
67.14769769995473,33,0.894,-0.002622839,-16.392743749999998,2.344818066,14.655112912499998,fixed
67.17142029991373,33,0.894,-0.002623463,-16.39664375,2.345375922,14.658599512499999,fixed
67.1947931998875,33,0.894,-0.002618768,-16.3673,2.341178592,14.6323662,fixed
67.22045449994039,33,0.894,-0.002621273,-16.38295625,2.343418062,14.6463628875,fixed
67.24376059998758,33,0.894,-0.002617829,-16.36143125,2.340339126,14.627119537499999,fixed
67.26732669991907,33,0.894,-0.002620021,-16.375131250000003,2.342298774,14.639367337500003,fixed
67.29064919997472,33,0.894,-0.002621586,-16.3849125,2.343697884,14.648111774999999,fixed
67.31485369999427,33,0.894,-0.002617516,-16.359474999999996,2.340059304,14.625370649999997,fixed
67.3377534999745,33,0.894,-0.002623152,-16.3947,2.345097888,14.6568618,fixed
67.36142219998874,33,0.894,-0.00262597,-16.4123125,2.34761718,14.672607374999998,fixed
67.38460349990055,33,0.894,-0.002622839,-16.392743749999998,2.344818066,14.655112912499998,fixed
67.40763429994695,33,0.894,-0.002626283,-16.414268749999998,2.3478970020000003,14.674356262499998,fixed
67.43123129999731,33,0.894,-0.002628788,-16.429925,2.350136472,14.68835295,fixed
67.45537949993741,33,0.894,-0.002625344,-16.4084,2.347057536,14.6691096,fixed
67.47869339992758,33,0.894,-0.002630041,-16.43775625,2.3512566539999997,14.6953540875,fixed
67.50518579990603,33,0.894,-0.002627223,-16.42014375,2.3487373620000005,14.679608512500002,fixed
67.52847109991126,33,0.894,-0.002626283,-16.414268749999998,2.3478970020000003,14.674356262499998,fixed
67.55175599991344,33,0.894,-0.002623152,-16.3947,2.345097888,14.6568618,fixed
67.57483109994791,33,0.894,-0.002618455,-16.36534375,2.34089877,14.630617312500002,fixed
67.59789919992909,33,0.894,-0.002621586,-16.3849125,2.343697884,14.648111774999999,fixed
67.62083329993766,33,0.894,-0.002622213,-16.38883125,2.3442584220000002,14.6516151375,fixed
67.64355029992294,33,0.894,-0.00261689,-16.3555625,2.33949966,14.621872875000001,fixed
67.66634199989494,33,0.894,-0.002619395,-16.37121875,2.34173913,14.6358695625,fixed
67.69149309990462,33,0.894,-0.002622213,-16.38883125,2.3442584220000002,14.6516151375,fixed
67.71473279991187,33,0.894,-0.002618142,-16.363387499999998,2.3406189480000004,14.628868424999999,fixed
67.73953289992642,33,0.894,-0.002622526,-16.390787500000002,2.344538244,14.653364025000002,fixed
67.76277249993291,33,0.894,-0.002621273,-16.38295625,2.343418062,14.6463628875,fixed
67.78712159988936,33,0.894,-0.002621586,-16.3849125,2.343697884,14.648111774999999,fixed
67.81083589990158,33,0.894,-0.002627849,-16.42405625,2.3492970059999996,14.6831062875,fixed
67.83637449995149,33,0.894,-0.0026219,-16.386875,2.3439786,14.64986625,fixed
67.86005199991632,33,0.895,-0.002627538,-16.4221125,2.3516465099999997,14.697790687500001,fixed
67.88300619996153,33,0.894,-0.002624091,-16.400568749999998,2.345937354,14.662108462499999,fixed
67.90612800000235,33,0.894,-0.002622839,-16.392743749999998,2.344818066,14.655112912499998,fixed
67.92950219998602,33,0.894,-0.00262691,-16.4181875,2.34845754,14.677859624999998,fixed
67.95252859999891,33,0.894,-0.002623465,-16.396656250000003,2.34537771,14.658610687500003,fixed
67.97515339998063,33,0.894,-0.002620647,-16.37904375,2.3428584179999996,14.642865112500001,fixed
67.99866809998639,33,0.894,-0.002622839,-16.392743749999998,2.344818066,14.655112912499998,fixed
68.02262740000151,33,0.894,-0.002620334,-16.377087500000002,2.3425785960000005,14.641116225000001,fixed
68.04549749998841,33,0.894,-0.002615637,-16.34773125,2.3383794780000002,14.6148717375,fixed
68.06942149996758,33,0.894,-0.0026219,-16.386875,2.3439786,14.64986625,fixed
68.0927729998948,33,0.894,-0.002620647,-16.37904375,2.3428584179999996,14.642865112500001,fixed
68.1160679999739,33,0.894,-0.002621586,-16.3849125,2.343697884,14.648111774999999,fixed
68.13868319999892,33,0.894,-0.00262691,-16.4181875,2.34845754,14.677859624999998,fixed
68.16306549997535,33,0.894,-0.002627536,-16.4221,2.349017184,14.681357400000001,fixed
68.18583619990386,33,0.894,-0.002624718,-16.4044875,2.346497892,14.665611825,fixed
68.20896329998504,33,0.894,-0.002629102,-16.4318875,2.350417188,14.690107424999999,fixed
68.23193029989488,33,0.894,-0.00262691,-16.4181875,2.34845754,14.677859624999998,fixed
68.25505299994256,33,0.895,-0.002623781,-16.39863125,2.348283995,14.676774968750001,fixed
68.27792449994013,33,0.894,-0.002627536,-16.4221,2.349017184,14.681357400000001,fixed
68.30145049991552,33,0.894,-0.002630041,-16.43775625,2.3512566539999997,14.6953540875,fixed
68.32472769997548,33,0.894,-0.002623778,-16.3986125,2.3456575319999997,14.660359575,fixed
68.34885549999308,33,0.894,-0.002625031,-16.406443749999998,2.3467777140000003,14.667360712499999,fixed
68.37212849990465,33,0.894,-0.002624718,-16.4044875,2.346497892,14.665611825,fixed
68.39556239999365,33,0.894,-0.002622526,-16.390787500000002,2.344538244,14.653364025000002,fixed
68.4184250999242,33,0.894,-0.002625657,-16.41035625,2.347337358,14.6708584875,fixed
68.4423083999427,33,0.894,-0.002625344,-16.4084,2.347057536,14.6691096,fixed
68.46565999998711,33,0.894,-0.00262096,-16.380999999999997,2.3431382399999996,14.644613999999997,fixed
68.48890769993886,33,0.894,-0.002622213,-16.38883125,2.3442584220000002,14.6516151375,fixed
68.51254659995902,34,0.904,-0.002589071,-16.18169375,2.3405201840000003,14.62825115,fixed
68.5356454999419,34,0.904,-0.002588445,-16.17778125,2.33995428,14.62471425,fixed
68.55869119998533,34,0.904,-0.002594081,-16.213006249999996,2.3450492240000003,14.656557649999996,fixed
68.58338549989276,34,0.904,-0.002594394,-16.2149625,2.345332176,14.6583261,fixed
68.60695399995893,34,0.904,-0.002592203,-16.20126875,2.3433515120000004,14.64594695,fixed
68.6306921999203,34,0.904,-0.002595021,-16.21888125,2.3458989839999997,14.661868649999999,fixed
68.65390069992281,34,0.904,-0.002593455,-16.20909375,2.34448332,14.653020750000001,fixed
68.67791069997475,34,0.904,-0.002593455,-16.20909375,2.34448332,14.653020750000001,fixed
68.7008393999422,34,0.904,-0.002595647,-16.22279375,2.346464888,14.665405550000001,fixed
68.72296819998883,34,0.904,-0.002590324,-16.189525,2.3416528960000003,14.6353306,fixed
68.74486849992536,34,0.904,-0.002588445,-16.17778125,2.33995428,14.62471425,fixed
68.77256749989465,34,0.904,-0.00259095,-16.193437499999998,2.3422188,14.638867499999998,fixed
68.79514929989818,34,0.904,-0.002588132,-16.175825,2.339671328,14.6229458,fixed
68.8189432999352,34,0.904,-0.002593455,-16.20909375,2.34448332,14.653020750000001,fixed
68.84158889995888,34,0.904,-0.002594394,-16.2149625,2.345332176,14.6583261,fixed
68.86853229999542,34,0.904,-0.00259095,-16.193437499999998,2.3422188,14.638867499999998,fixed
68.89160949992947,34,0.904,-0.002596899,-16.23061875,2.347596696,14.672479350000001,fixed
68.91494209994562,34,0.904,-0.002594392,-16.214949999999998,2.345330368,14.6583148,fixed
68.93740509997588,34,0.904,-0.002596899,-16.23061875,2.347596696,14.672479350000001,fixed
68.96176839992404,34,0.904,-0.002600031,-16.25019375,2.350428024,14.690175150000002,fixed
68.98443769989535,34,0.904,-0.002595021,-16.21888125,2.3458989839999997,14.661868649999999,fixed
69.00908289989457,34,0.904,-0.002598152,-16.238449999999997,2.348729408,14.679558799999997,fixed
69.03192949993536,34,0.904,-0.002600344,-16.25215,2.3507109760000002,14.6919436,fixed
69.05662759998813,34,0.904,-0.002595334,-16.2208375,2.346181936,14.663637099999999,fixed
69.07982859993353,34,0.904,-0.002598778,-16.2423625,2.349295312,14.683095699999999,fixed
69.1040697999997,34,0.904,-0.002593455,-16.20909375,2.34448332,14.653020750000001,fixed
69.12691259989515,34,0.904,-0.002589384,-16.18365,2.3408031360000003,14.6300196,fixed
69.15020999999251,34,0.904,-0.002592516,-16.203225,2.343634464,14.647715400000001,fixed
69.17358639999293,34,0.904,-0.00258688,-16.168000000000003,2.3385395200000003,14.615872000000003,fixed
69.19794250000268,34,0.904,-0.002586566,-16.1660375,2.3382556640000005,14.614097900000003,fixed
69.22087289998308,34,0.904,-0.002592516,-16.203225,2.343634464,14.647715400000001,fixed
69.2451904999325,34,0.904,-0.002591889,-16.19930625,2.3430676559999997,14.64417285,fixed
69.26884059992153,34,0.904,-0.002593768,-16.21105,2.344766272,14.6547892,fixed
69.29223609995097,34,0.904,-0.00259596,-16.22475,2.3467478400000004,14.667174000000001,fixed
69.31606769992504,34,0.904,-0.002589697,-16.18560625,2.341086088,14.631788049999999,fixed
69.33898359991144,34,0.904,-0.002594081,-16.213006249999996,2.3450492240000003,14.656557649999996,fixed
69.36149129993282,34,0.904,-0.002594394,-16.2149625,2.345332176,14.6583261,fixed
69.3859515999211,34,0.904,-0.002589071,-16.18169375,2.3405201840000003,14.62825115,fixed
69.40846289996989,34,0.904,-0.002593455,-16.20909375,2.34448332,14.653020750000001,fixed
69.43349319999106,34,0.904,-0.002594708,-16.216925,2.3456160319999997,14.6601002,fixed
69.45663529995363,34,0.904,-0.002590324,-16.189525,2.3416528960000003,14.6353306,fixed
69.48240369989071,34,0.904,-0.002592829,-16.20518125,2.343917416,14.64948385,fixed
69.51094929990359,34,0.904,-0.002586566,-16.1660375,2.3382556640000005,14.614097900000003,fixed
69.53376809996553,34,0.904,-0.002587192,-16.16995,2.3388215679999997,14.617634800000001,fixed
69.55768219998572,34,0.904,-0.00258688,-16.168000000000003,2.3385395200000003,14.615872000000003,fixed
69.58148229995277,34,0.904,-0.002590637,-16.19148125,2.341935848,14.63709905,fixed
69.60426029993687,34,0.904,-0.00258688,-16.168000000000003,2.3385395200000003,14.615872000000003,fixed
69.62749489990529,34,0.904,-0.002591576,-16.19735,2.342784704,14.6424044,fixed
69.6510306999553,34,0.904,-0.002595647,-16.22279375,2.346464888,14.665405550000001,fixed
69.67359929997474,34,0.904,-0.002594081,-16.213006249999996,2.3450492240000003,14.656557649999996,fixed
69.6973483999027,34,0.904,-0.002594081,-16.213006249999996,2.3450492240000003,14.656557649999996,fixed
69.72086579992902,34,0.904,-0.002598778,-16.2423625,2.349295312,14.683095699999999,fixed
69.74412389995996,34,0.904,-0.002595021,-16.21888125,2.3458989839999997,14.661868649999999,fixed
69.76794879999943,34,0.904,-0.002595021,-16.21888125,2.3458989839999997,14.661868649999999,fixed
69.79162289993837,34,0.904,-0.002597213,-16.23258125,2.347880552,14.67425345,fixed
69.814747299999,34,0.904,-0.002592516,-16.203225,2.343634464,14.647715400000001,fixed
69.83868379995693,34,0.904,-0.002593455,-16.20909375,2.34448332,14.653020750000001,fixed
69.86192139994819,34,0.904,-0.002596273,-16.22670625,2.3470307920000004,14.66894245,fixed
69.88676059991121,34,0.904,-0.002591576,-16.19735,2.342784704,14.6424044,fixed
69.9095026999712,34,0.904,-0.002596586,-16.228662500000002,2.347313744,14.670710900000003,fixed
69.93320469988976,34,0.904,-0.002595647,-16.22279375,2.346464888,14.665405550000001,fixed
69.95607449999079,34,0.904,-0.002593455,-16.20909375,2.34448332,14.653020750000001,fixed
69.97794729995076,34,0.904,-0.002594081,-16.213006249999996,2.3450492240000003,14.656557649999996,fixed
70.00004119996447,34,0.904,-0.002595334,-16.2208375,2.346181936,14.663637099999999,fixed
70.02395599999,34,0.904,-0.002591263,-16.19539375,2.342501752,14.640635950000002,fixed
70.04678899992723,34,0.904,-0.002586253,-16.16408125,2.3379727120000005,14.612329449999999,fixed
70.07086449989583,34,0.904,-0.002593142,-16.2071375,2.344200368,14.651252300000001,fixed
70.09357419994194,34,0.904,-0.002591263,-16.19539375,2.342501752,14.640635950000002,fixed
70.11716209992301,34,0.904,-0.002589382,-16.1836375,2.340801328,14.6300083,fixed
70.1406474999385,34,0.904,-0.002591576,-16.19735,2.342784704,14.6424044,fixed
70.16391259990633,34,0.904,-0.002589071,-16.18169375,2.3405201840000003,14.62825115,fixed
70.18745569989551,34,0.904,-0.002587506,-16.171912499999998,2.339105424,14.619408899999998,fixed
70.21079679997638,34,0.904,-0.002594394,-16.2149625,2.345332176,14.6583261,fixed
70.23384589992929,34,0.904,-0.002593142,-16.2071375,2.344200368,14.651252300000001,fixed
70.2573922999436,34,0.904,-0.002592516,-16.203225,2.343634464,14.647715400000001,fixed
70.28172789991368,34,0.904,-0.002597526,-16.234537500000002,2.348163504,14.676021900000002,fixed
70.30495869996957,34,0.904,-0.002593142,-16.2071375,2.344200368,14.651252300000001,fixed
70.32788469991647,34,0.904,-0.002595334,-16.2208375,2.346181936,14.663637099999999,fixed
70.35085819999222,34,0.904,-0.002597213,-16.23258125,2.347880552,14.67425345,fixed
70.37380989990197,34,0.904,-0.002594394,-16.2149625,2.345332176,14.6583261,fixed
70.39657979994081,34,0.904,-0.002592829,-16.20518125,2.343917416,14.64948385,fixed
70.4199259999441,34,0.904,-0.002597839,-16.23649375,2.348446456,14.677790350000002,fixed
70.44568039989099,34,0.904,-0.002597839,-16.23649375,2.348446456,14.677790350000002,fixed
70.46906079992186,34,0.904,-0.002595647,-16.22279375,2.346464888,14.665405550000001,fixed
70.49207929999102,34,0.904,-0.002596899,-16.23061875,2.347596696,14.672479350000001,fixed
70.51564180001151,35,0.894,-0.002623465,-16.396656250000003,2.34537771,14.658610687500003,fixed
70.53856780007482,35,0.894,-0.00262597,-16.4123125,2.34761718,14.672607374999998,fixed
70.5615355001064,35,0.894,-0.002628162,-16.4260125,2.349576828,14.684855175,fixed
70.58476810005959,35,0.894,-0.002624718,-16.4044875,2.346497892,14.665611825,fixed
70.60801400011405,35,0.894,-0.002624718,-16.4044875,2.346497892,14.665611825,fixed
70.63109180005267,35,0.894,-0.002628788,-16.429925,2.350136472,14.68835295,fixed
70.65401340008248,35,0.894,-0.00262691,-16.4181875,2.34845754,14.677859624999998,fixed
70.67711350007448,35,0.894,-0.002623778,-16.3986125,2.3456575319999997,14.660359575,fixed
70.6998542000074,35,0.894,-0.002629102,-16.4318875,2.350417188,14.690107424999999,fixed
70.72446960001253,35,0.894,-0.002629414,-16.4338375,2.3506961160000004,14.691850725,fixed
70.74712520011235,35,0.894,-0.002625657,-16.41035625,2.347337358,14.6708584875,fixed
70.76936170004774,35,0.894,-0.002627536,-16.4221,2.349017184,14.681357400000001,fixed
70.79257200006396,35,0.895,-0.002627538,-16.4221125,2.3516465099999997,14.697790687500001,fixed
70.81846070010215,35,0.894,-0.002622839,-16.392743749999998,2.344818066,14.655112912499998,fixed
70.84190570004284,35,0.894,-0.002625657,-16.41035625,2.347337358,14.6708584875,fixed
70.86593910004012,35,0.894,-0.002619395,-16.37121875,2.34173913,14.6358695625,fixed
70.88888490002137,35,0.894,-0.002619395,-16.37121875,2.34173913,14.6358695625,fixed
70.91216330009047,35,0.894,-0.002622213,-16.38883125,2.3442584220000002,14.6516151375,fixed
70.93605810008012,35,0.894,-0.002616263,-16.35164375,2.338939122,14.618369512500001,fixed
70.95915910007898,35,0.894,-0.002620647,-16.37904375,2.3428584179999996,14.642865112500001,fixed
70.98186700011138,35,0.894,-0.002623152,-16.3947,2.345097888,14.6568618,fixed
71.00610060011968,35,0.894,-0.002618455,-16.36534375,2.34089877,14.630617312500002,fixed
71.0286801001057,35,0.894,-0.002619395,-16.37121875,2.34173913,14.6358695625,fixed
71.05183910008054,35,0.894,-0.0026219,-16.386875,2.3439786,14.64986625,fixed
71.07485280011315,35,0.894,-0.002616576,-16.353599999999997,2.3392189439999997,14.620118399999997,fixed
71.09962920006365,35,0.894,-0.002617203,-16.35751875,2.339779482,14.623621762500001,fixed
71.1226927000098,35,0.894,-0.002621273,-16.38295625,2.343418062,14.6463628875,fixed
71.14612030005082,35,0.894,-0.002617203,-16.35751875,2.339779482,14.623621762500001,fixed
71.16870630008634,35,0.894,-0.002620334,-16.377087500000002,2.3425785960000005,14.641116225000001,fixed
71.19403080001939,35,0.894,-0.002623778,-16.3986125,2.3456575319999997,14.660359575,fixed
71.21688560000621,35,0.894,-0.002620647,-16.37904375,2.3428584179999996,14.642865112500001,fixed
71.24073290009983,35,0.894,-0.002624091,-16.400568749999998,2.345937354,14.662108462499999,fixed
71.26502230006736,35,0.894,-0.002622526,-16.390787500000002,2.344538244,14.653364025000002,fixed
71.2888224000344,35,0.894,-0.002618455,-16.36534375,2.34089877,14.630617312500002,fixed
71.31199880002532,35,0.894,-0.0026219,-16.386875,2.3439786,14.64986625,fixed
71.33526220009662,35,0.894,-0.002617829,-16.36143125,2.340339126,14.627119537499999,fixed
71.35805020004045,35,0.894,-0.002617516,-16.359474999999996,2.340059304,14.625370649999997,fixed
71.38181190006435,35,0.894,-0.002620958,-16.3809875,2.343136452,14.644602825,fixed
71.40505620010663,35,0.894,-0.002619081,-16.36925625,2.3414584140000003,14.6341150875,fixed
71.42878940002993,35,0.894,-0.002618142,-16.363387499999998,2.3406189480000004,14.628868424999999,fixed
71.45192100002896,35,0.894,-0.002622526,-16.390787500000002,2.344538244,14.653364025000002,fixed
71.47585350007284,35,0.894,-0.002618455,-16.36534375,2.34089877,14.630617312500002,fixed
71.49892830010504,35,0.894,-0.002618455,-16.36534375,2.34089877,14.630617312500002,fixed
71.52183790004347,35,0.894,-0.002620021,-16.375131250000003,2.342298774,14.639367337500003,fixed
71.54479830001947,35,0.894,-0.00261595,-16.3496875,2.3386592999999998,14.616620625000001,fixed
71.56878560001496,35,0.894,-0.002614698,-16.341862499999998,2.337540012,14.609625074999999,fixed
71.59162930003367,35,0.894,-0.0026219,-16.386875,2.3439786,14.64986625,fixed
71.61521790002007,35,0.894,-0.00262096,-16.380999999999997,2.3431382399999996,14.644613999999997,fixed
71.63817710010335,35,0.894,-0.002618768,-16.3673,2.341178592,14.6323662,fixed
71.66202450008132,35,0.894,-0.002624091,-16.400568749999998,2.345937354,14.662108462499999,fixed
71.68505180010106,35,0.894,-0.002623465,-16.396656250000003,2.34537771,14.658610687500003,fixed
71.7098346001003,35,0.894,-0.002622213,-16.38883125,2.3442584220000002,14.6516151375,fixed
71.73308870010078,35,0.894,-0.002627849,-16.42405625,2.3492970059999996,14.6831062875,fixed
71.75669280008879,35,0.894,-0.002624718,-16.4044875,2.346497892,14.665611825,fixed
71.78028350009117,35,0.894,-0.002628475,-16.427968749999998,2.34985665,14.686604062499999,fixed
71.80416400008835,35,0.894,-0.002630041,-16.43775625,2.3512566539999997,14.6953540875,fixed
71.8270992001053,35,0.894,-0.002625031,-16.406443749999998,2.3467777140000003,14.667360712499999,fixed
71.84968740004115,35,0.894,-0.00262691,-16.4181875,2.34845754,14.677859624999998,fixed
71.87311550008599,35,0.894,-0.002628162,-16.4260125,2.349576828,14.684855175,fixed
71.89660570002161,35,0.894,-0.002621273,-16.38295625,2.343418062,14.6463628875,fixed
71.92003560008015,35,0.894,-0.00262096,-16.380999999999997,2.3431382399999996,14.644613999999997,fixed
71.9430629000999,35,0.894,-0.002623152,-16.3947,2.345097888,14.6568618,fixed
71.96616750000976,35,0.894,-0.002616263,-16.35164375,2.338939122,14.618369512500001,fixed
71.99022850010078,35,0.894,-0.002619395,-16.37121875,2.34173913,14.6358695625,fixed
72.01316230010707,35,0.894,-0.002621273,-16.38295625,2.343418062,14.6463628875,fixed
72.03742620011326,35,0.894,-0.002619081,-16.36925625,2.3414584140000003,14.6341150875,fixed
72.06083990004845,35,0.894,-0.002625344,-16.4084,2.347057536,14.6691096,fixed
72.08367940003518,35,0.894,-0.002626283,-16.414268749999998,2.3478970020000003,14.674356262499998,fixed
72.10695260006469,35,0.894,-0.002622839,-16.392743749999998,2.344818066,14.655112912499998,fixed
72.13037160004023,35,0.894,-0.002627536,-16.4221,2.349017184,14.681357400000001,fixed
72.152839000104,35,0.894,-0.002630041,-16.43775625,2.3512566539999997,14.6953540875,fixed
72.17847690009512,35,0.894,-0.002624091,-16.400568749999998,2.345937354,14.662108462499999,fixed
72.20194320008159,35,0.894,-0.002628788,-16.429925,2.350136472,14.68835295,fixed
72.2261351000052,35,0.894,-0.00262691,-16.4181875,2.34845754,14.677859624999998,fixed
72.24897140008397,35,0.894,-0.002624718,-16.4044875,2.346497892,14.665611825,fixed
72.2750424001133,35,0.894,-0.002627536,-16.4221,2.349017184,14.681357400000001,fixed
72.29773370001931,35,0.894,-0.0026219,-16.386875,2.3439786,14.64986625,fixed
72.32232240005396,35,0.894,-0.00262597,-16.4123125,2.34761718,14.672607374999998,fixed
72.34468460001517,35,0.894,-0.002623152,-16.3947,2.345097888,14.6568618,fixed
72.36915790010244,35,0.894,-0.002619081,-16.36925625,2.3414584140000003,14.6341150875,fixed
72.39221650001127,35,0.894,-0.002622213,-16.38883125,2.3442584220000002,14.6516151375,fixed
72.41611770004965,35,0.894,-0.002619708,-16.373175,2.342018952,14.63761845,fixed
72.43884670000989,35,0.894,-0.002619708,-16.373175,2.342018952,14.63761845,fixed
72.4632821000414,35,0.894,-0.002624091,-16.400568749999998,2.345937354,14.662108462499999,fixed
72.48576950002462,35,0.894,-0.002618455,-16.36534375,2.34089877,14.630617312500002,fixed
72.5111617000075,35,0.894,-0.002618142,-16.363387499999998,2.3406189480000004,14.628868424999999,fixed
72.53682440007105,36,0.884,-0.002644081,-16.52550625,2.337367604,14.608547524999999,fixed
72.55989870009944,36,0.884,-0.002647839,-16.548993749999998,2.3406896759999998,14.629310474999999,fixed
72.58297000010498,36,0.884,-0.00265191,-16.5744375,2.3442884399999997,14.651802749999998,fixed
72.60599190008361,36,0.884,-0.002649091,-16.55681875,2.3417964440000003,14.636227775000002,fixed
72.62891990004573,36,0.884,-0.002648152,-16.55095,2.340966368,14.6310398,fixed
72.65348700003233,36,0.884,-0.002652223,-16.576393749999998,2.344565132,14.653532074999998,fixed
72.67703210003674,36,0.884,-0.002648778,-16.5548625,2.3415197520000004,14.634498449999999,fixed
72.69994150009006,36,0.884,-0.002651283,-16.570518749999998,2.343734172,14.648338574999999,fixed
72.72281920001842,36,0.884,-0.002653162,-16.5822625,2.3453952080000002,14.65872005,fixed
72.74664730008226,36,0.884,-0.002647526,-16.5470375,2.340412984,14.62758115,fixed
72.76929460000247,36,0.884,-0.0026469,-16.543125,2.3398596000000005,14.6241225,fixed
72.79235020000488,36,0.884,-0.002649718,-16.5607375,2.342350712,14.639691949999998,fixed
72.81486680009402,36,0.884,-0.002648152,-16.55095,2.340966368,14.6310398,fixed
72.83907110011205,36,0.884,-0.002645647,-16.53529375,2.338751948,14.617199675,fixed
72.86247940000612,36,0.884,-0.002652536,-16.57835,2.344841824,14.6552614,fixed
72.88594170007855,36,0.884,-0.002648465,-16.55290625,2.34124306,14.632769125,fixed
72.90902800008189,36,0.884,-0.002648152,-16.55095,2.340966368,14.6310398,fixed
72.93213290011045,36,0.884,-0.002653475,-16.58421875,2.3456719,14.660449375,fixed
72.95527380006388,36,0.884,-0.002651596,-16.572475,2.344010864,14.650067900000002,fixed
72.98027300008107,36,0.884,-0.002650031,-16.56269375,2.342627404,14.641421275,fixed
73.00284160010051,36,0.884,-0.002656606,-16.6037875,2.348439704,14.67774815,fixed
73.02560400008224,36,0.884,-0.002653475,-16.58421875,2.3456719,14.660449375,fixed
73.04885100002866,36,0.884,-0.002653162,-16.5822625,2.3453952080000002,14.65872005,fixed
73.07278670009691,36,0.884,-0.002656293,-16.60183125,2.348163012,14.676018825,fixed
73.09495690010954,36,0.884,-0.002649718,-16.5607375,2.342350712,14.639691949999998,fixed
73.11982530006208,36,0.884,-0.002647839,-16.548993749999998,2.3406896759999998,14.629310474999999,fixed
73.14290790003724,36,0.884,-0.00265191,-16.5744375,2.3442884399999997,14.651802749999998,fixed
73.16685950011015,36,0.884,-0.002648152,-16.55095,2.340966368,14.6310398,fixed
73.18972850008868,36,0.884,-0.002648152,-16.55095,2.340966368,14.6310398,fixed
73.21369790006429,36,0.884,-0.002652223,-16.576393749999998,2.344565132,14.653532074999998,fixed
73.23695580009371,36,0.884,-0.002648778,-16.5548625,2.3415197520000004,14.634498449999999,fixed
73.26133190002292,36,0.884,-0.002649718,-16.5607375,2.342350712,14.639691949999998,fixed
73.28397480002604,36,0.884,-0.002651596,-16.572475,2.344010864,14.650067900000002,fixed
73.30741830007173,36,0.884,-0.002645021,-16.53138125,2.338198564,14.613741025,fixed
73.33002850005869,36,0.884,-0.0026469,-16.543125,2.3398596000000005,14.6241225,fixed
73.35339950001799,36,0.884,-0.002648778,-16.5548625,2.3415197520000004,14.634498449999999,fixed
73.37612570007332,36,0.884,-0.002645647,-16.53529375,2.338751948,14.617199675,fixed
73.39986370003317,36,0.884,-0.002646586,-16.5411625,2.339582024,14.622387649999999,fixed
73.42318750009872,36,0.884,-0.002651596,-16.572475,2.344010864,14.650067900000002,fixed
73.44647120009176,36,0.884,-0.002647839,-16.548993749999998,2.3406896759999998,14.629310474999999,fixed
73.46899020008277,36,0.884,-0.002645334,-16.533337500000002,2.3384752559999997,14.615470350000002,fixed
73.49307600001339,36,0.884,-0.002649091,-16.55681875,2.3417964440000003,14.636227775000002,fixed
73.51580160006415,36,0.884,-0.002644708,-16.529425,2.3379218720000003,14.6120117,fixed
73.53968500008341,36,0.884,-0.002641889,-16.51180625,2.335429876,14.596436725,fixed
73.56309160008095,36,0.884,-0.0026469,-16.543125,2.3398596000000005,14.6241225,fixed
73.58731180010363,36,0.884,-0.002643768,-16.52355,2.337090912,14.606818200000001,fixed
73.61110580002423,36,0.884,-0.002646273,-16.539206250000003,2.3393053320000003,14.620658325000003,fixed
73.63419630005956,36,0.884,-0.002652849,-16.58030625,2.3451185160000003,14.656990725,fixed
73.6573356000008,36,0.884,-0.002650344,-16.564649999999997,2.342904096,14.643150599999997,fixed
73.68021670007147,36,0.884,-0.00265097,-16.5685625,2.34345748,14.64660925,fixed
73.70338750001974,36,0.884,-0.002652223,-16.576393749999998,2.344565132,14.653532074999998,fixed
73.72767570009455,36,0.884,-0.002647213,-16.54508125,2.340136292,14.625851825,fixed
73.75136550003663,36,0.884,-0.002646586,-16.5411625,2.339582024,14.622387649999999,fixed
73.77414580003824,36,0.884,-0.002647839,-16.548993749999998,2.3406896759999998,14.629310474999999,fixed
73.79758710006718,36,0.884,-0.002642516,-16.515725,2.335984144,14.5999009,fixed
73.82192390004639,36,0.884,-0.002647526,-16.5470375,2.340412984,14.62758115,fixed
73.84550750011113,36,0.884,-0.002649091,-16.55681875,2.3417964440000003,14.636227775000002,fixed
73.86812740005553,36,0.884,-0.002645647,-16.53529375,2.338751948,14.617199675,fixed
73.89119510003366,36,0.884,-0.002648152,-16.55095,2.340966368,14.6310398,fixed
73.91480650007725,36,0.884,-0.002650657,-16.56660625,2.3431807879999997,14.644879925,fixed
73.93834800005425,36,0.884,-0.002646586,-16.5411625,2.339582024,14.622387649999999,fixed
73.961929500103,36,0.884,-0.002650657,-16.56660625,2.3431807879999997,14.644879925,fixed
73.98498960002325,36,0.884,-0.002650657,-16.56660625,2.3431807879999997,14.644879925,fixed
74.00878140004352,36,0.884,-0.0026469,-16.543125,2.3398596000000005,14.6241225,fixed
74.0320552000776,36,0.884,-0.002651596,-16.572475,2.344010864,14.650067900000002,fixed
74.05688580009155,36,0.884,-0.002651596,-16.572475,2.344010864,14.650067900000002,fixed
74.08032380009536,36,0.884,-0.0026469,-16.543125,2.3398596000000005,14.6241225,fixed
74.10335520002991,36,0.884,-0.002649405,-16.558781250000003,2.34207402,14.637962625000002,fixed
74.12664250005037,36,0.884,-0.002646586,-16.5411625,2.339582024,14.622387649999999,fixed
74.15070860006381,36,0.884,-0.002646586,-16.5411625,2.339582024,14.622387649999999,fixed
74.17420830007177,36,0.884,-0.002650031,-16.56269375,2.342627404,14.641421275,fixed
74.19784930010792,36,0.884,-0.00264596,-16.53725,2.33902864,14.618929,fixed
74.22137800010387,36,0.884,-0.002648778,-16.5548625,2.3415197520000004,14.634498449999999,fixed
74.24533220008016,36,0.884,-0.00265191,-16.5744375,2.3442884399999997,14.651802749999998,fixed
74.26837040006649,36,0.884,-0.002647526,-16.5470375,2.340412984,14.62758115,fixed
74.29351460002363,36,0.884,-0.002648778,-16.5548625,2.3415197520000004,14.634498449999999,fixed
74.31587480008602,36,0.884,-0.002650031,-16.56269375,2.342627404,14.641421275,fixed
74.33809420000762,36,0.884,-0.002647839,-16.548993749999998,2.3406896759999998,14.629310474999999,fixed
74.36033220007084,36,0.884,-0.002651596,-16.572475,2.344010864,14.650067900000002,fixed
74.38487210008316,36,0.884,-0.002655041,-16.59400625,2.347056244,14.669101525,fixed
74.40810660005081,36,0.885,-0.002646902,-16.5431375,2.3425082699999997,14.640676687500001,fixed
74.43382540007588,36,0.884,-0.002649405,-16.558781250000003,2.34207402,14.637962625000002,fixed
74.45743760000914,36,0.884,-0.0026469,-16.543125,2.3398596000000005,14.6241225,fixed
74.48019160004333,36,0.884,-0.002646273,-16.539206250000003,2.3393053320000003,14.620658325000003,fixed
74.50289210001938,36,0.884,-0.00265097,-16.5685625,2.34345748,14.64660925,fixed
74.52718010009266,36,0.884,-0.002648778,-16.5548625,2.3415197520000004,14.634498449999999,fixed
74.5512802999001,37,0.894,-0.00262096,-16.380999999999997,2.3431382399999996,14.644613999999997,fixed
74.57490289991256,37,0.894,-0.002626596,-16.416225,2.3481768240000003,14.676105150000001,fixed
74.598115199944,37,0.894,-0.002623152,-16.3947,2.345097888,14.6568618,fixed
74.62100839999039,37,0.894,-0.002625344,-16.4084,2.347057536,14.6691096,fixed
74.64476059994195,37,0.894,-0.002627849,-16.42405625,2.3492970059999996,14.6831062875,fixed
74.66795359994285,37,0.894,-0.002621586,-16.3849125,2.343697884,14.648111774999999,fixed
74.69163349992596,37,0.894,-0.002623778,-16.3986125,2.3456575319999997,14.660359575,fixed
74.71587349998299,37,0.894,-0.002624718,-16.4044875,2.346497892,14.665611825,fixed
74.74038449989166,37,0.894,-0.002619081,-16.36925625,2.3414584140000003,14.6341150875,fixed
74.7622053999221,37,0.894,-0.002625028,-16.406425000000002,2.346775032,14.667343950000003,fixed
74.78443809994496,37,0.894,-0.002625657,-16.41035625,2.347337358,14.6708584875,fixed
74.80967229988892,37,0.894,-0.002623778,-16.3986125,2.3456575319999997,14.660359575,fixed
74.8330694999313,37,0.894,-0.002627849,-16.42405625,2.3492970059999996,14.6831062875,fixed
74.85679889994208,37,0.894,-0.002626283,-16.414268749999998,2.3478970020000003,14.674356262499998,fixed
74.88025039993227,37,0.894,-0.002624718,-16.4044875,2.346497892,14.665611825,fixed
74.90384299994912,37,0.894,-0.002626596,-16.416225,2.3481768240000003,14.676105150000001,fixed
74.92736209998839,37,0.894,-0.002622526,-16.390787500000002,2.344538244,14.653364025000002,fixed
74.95120499993209,37,0.894,-0.002619708,-16.373175,2.342018952,14.63761845,fixed
74.9742949999636,37,0.894,-0.002622839,-16.392743749999998,2.344818066,14.655112912499998,fixed
74.99855569994543,37,0.894,-0.002618142,-16.363387499999998,2.3406189480000004,14.628868424999999,fixed
75.02135349996388,37,0.894,-0.002620647,-16.37904375,2.3428584179999996,14.642865112500001,fixed
75.04580069996882,37,0.894,-0.002623778,-16.3986125,2.3456575319999997,14.660359575,fixed
75.0693680999102,37,0.894,-0.002618455,-16.36534375,2.34089877,14.630617312500002,fixed
75.0925186999375,37,0.894,-0.00262096,-16.380999999999997,2.3431382399999996,14.644613999999997,fixed
75.11529429990333,37,0.894,-0.002623465,-16.396656250000003,2.34537771,14.658610687500003,fixed
75.1395509999711,37,0.894,-0.002619395,-16.37121875,2.34173913,14.6358695625,fixed
75.16198249999434,37,0.894,-0.002624405,-16.40253125,2.34621807,14.6638629375,fixed
75.18618069996592,37,0.894,-0.002627223,-16.42014375,2.3487373620000005,14.679608512500002,fixed
75.20909849996679,37,0.894,-0.002623465,-16.396656250000003,2.34537771,14.658610687500003,fixed
75.23564959992655,37,0.894,-0.002626283,-16.414268749999998,2.3478970020000003,14.674356262499998,fixed
75.25935919990297,37,0.894,-0.002624718,-16.4044875,2.346497892,14.665611825,fixed
75.28297939989716,37,0.894,-0.002627536,-16.4221,2.349017184,14.681357400000001,fixed
75.3064061999321,37,0.894,-0.002627536,-16.4221,2.349017184,14.681357400000001,fixed
75.32894709997345,37,0.894,-0.00262096,-16.380999999999997,2.3431382399999996,14.644613999999997,fixed
75.35211959993467,37,0.894,-0.002622213,-16.38883125,2.3442584220000002,14.6516151375,fixed
75.37497599993367,37,0.894,-0.002624091,-16.400568749999998,2.345937354,14.662108462499999,fixed
75.3986565999221,37,0.894,-0.00262096,-16.380999999999997,2.3431382399999996,14.644613999999997,fixed
75.42094209999777,37,0.894,-0.002622213,-16.38883125,2.3442584220000002,14.6516151375,fixed
75.44288009998854,37,0.894,-0.002627223,-16.42014375,2.3487373620000005,14.679608512500002,fixed
75.46802019991446,37,0.894,-0.002625657,-16.41035625,2.347337358,14.6708584875,fixed
75.49038459989242,37,0.894,-0.00262096,-16.380999999999997,2.3431382399999996,14.644613999999997,fixed
75.51440799992997,37,0.894,-0.002625031,-16.406443749999998,2.3467777140000003,14.667360712499999,fixed
75.53720699995756,37,0.894,-0.002624405,-16.40253125,2.34621807,14.6638629375,fixed
75.5626119999215,37,0.894,-0.00262096,-16.380999999999997,2.3431382399999996,14.644613999999997,fixed
75.58513729996048,37,0.894,-0.00262597,-16.4123125,2.34761718,14.672607374999998,fixed
75.60996859997977,37,0.894,-0.002622526,-16.390787500000002,2.344538244,14.653364025000002,fixed
75.63345869991463,37,0.894,-0.002626596,-16.416225,2.3481768240000003,14.676105150000001,fixed
75.65661379997618,37,0.894,-0.002628162,-16.4260125,2.349576828,14.684855175,fixed
75.67941559990868,37,0.894,-0.002624718,-16.4044875,2.346497892,14.665611825,fixed
75.70440319995396,37,0.894,-0.002628475,-16.427968749999998,2.34985665,14.686604062499999,fixed
75.72701169992797,37,0.894,-0.002627849,-16.42405625,2.3492970059999996,14.6831062875,fixed
75.75301729992498,37,0.894,-0.002623152,-16.3947,2.345097888,14.6568618,fixed
75.77656939998269,37,0.894,-0.002625657,-16.41035625,2.347337358,14.6708584875,fixed
75.79924889991526,37,0.894,-0.00262096,-16.380999999999997,2.3431382399999996,14.644613999999997,fixed
75.82241509994492,37,0.894,-0.002622526,-16.390787500000002,2.344538244,14.653364025000002,fixed
75.84613540000282,37,0.894,-0.002625031,-16.406443749999998,2.3467777140000003,14.667360712499999,fixed
75.86913479992654,37,0.894,-0.002619395,-16.37121875,2.34173913,14.6358695625,fixed
75.89293909992557,37,0.894,-0.002623778,-16.3986125,2.3456575319999997,14.660359575,fixed
75.91598109994084,37,0.894,-0.002627223,-16.42014375,2.3487373620000005,14.679608512500002,fixed
75.93885219993535,37,0.894,-0.002621273,-16.38295625,2.343418062,14.6463628875,fixed
75.96205119998194,37,0.894,-0.002623778,-16.3986125,2.3456575319999997,14.660359575,fixed
75.98524009995162,37,0.894,-0.00262597,-16.4123125,2.34761718,14.672607374999998,fixed
76.00893089990132,37,0.894,-0.002621586,-16.3849125,2.343697884,14.648111774999999,fixed
76.03212069999427,37,0.894,-0.002623465,-16.396656250000003,2.34537771,14.658610687500003,fixed
76.0553862999659,37,0.894,-0.002627533,-16.42208125,2.349014502,14.681340637500002,fixed
76.07883119990584,37,0.894,-0.002624718,-16.4044875,2.346497892,14.665611825,fixed
76.10229849989992,37,0.894,-0.002624718,-16.4044875,2.346497892,14.665611825,fixed
76.1255652999971,37,0.894,-0.00262691,-16.4181875,2.34845754,14.677859624999998,fixed
76.14803409995511,37,0.894,-0.0026219,-16.386875,2.3439786,14.64986625,fixed
76.172868499998,37,0.894,-0.002619081,-16.36925625,2.3414584140000003,14.6341150875,fixed
76.19623149989638,37,0.894,-0.00262096,-16.380999999999997,2.3431382399999996,14.644613999999997,fixed
76.21920629998203,37,0.894,-0.002616263,-16.35164375,2.338939122,14.618369512500001,fixed
76.24221359996591,37,0.894,-0.002620334,-16.377087500000002,2.3425785960000005,14.641116225000001,fixed
76.26800549996551,37,0.894,-0.002625657,-16.41035625,2.347337358,14.6708584875,fixed
76.29177689994685,37,0.894,-0.002620334,-16.377087500000002,2.3425785960000005,14.641116225000001,fixed
76.31511759990826,37,0.894,-0.002623778,-16.3986125,2.3456575319999997,14.660359575,fixed
76.33829999994487,37,0.894,-0.002621273,-16.38295625,2.343418062,14.6463628875,fixed
76.36284749989863,37,0.894,-0.002620021,-16.375131250000003,2.342298774,14.639367337500003,fixed
76.38643640000373,37,0.894,-0.002625031,-16.406443749999998,2.3467777140000003,14.667360712499999,fixed
76.4104537999956,37,0.894,-0.002619708,-16.373175,2.342018952,14.63761845,fixed
76.43338409997523,37,0.894,-0.002623152,-16.3947,2.345097888,14.6568618,fixed
76.45625549997203,37,0.894,-0.002623778,-16.3986125,2.3456575319999997,14.660359575,fixed
76.47924629994668,37,0.894,-0.002618768,-16.3673,2.341178592,14.6323662,fixed
76.50305429997388,37,0.894,-0.0026219,-16.386875,2.3439786,14.64986625,fixed
76.52645129989833,37,0.894,-0.002625657,-16.41035625,2.347337358,14.6708584875,fixed
76.55268449999858,37,0.894,-0.0026219,-16.386875,2.3439786,14.64986625,fixed
76.58141109999269,38,0.904,-0.002593455,-16.20909375,2.34448332,14.653020750000001,fixed
76.60447829996701,38,0.904,-0.002594394,-16.2149625,2.345332176,14.6583261,fixed
76.63010289997328,38,0.904,-0.002592203,-16.20126875,2.3433515120000004,14.64594695,fixed
76.65343019994907,38,0.904,-0.002590324,-16.189525,2.3416528960000003,14.6353306,fixed
76.6776411999017,38,0.904,-0.002590011,-16.18756875,2.341369944,14.633562150000001,fixed
76.70116809988394,38,0.904,-0.002586566,-16.1660375,2.3382556640000005,14.614097900000003,fixed
76.72426569997333,38,0.904,-0.002593455,-16.20909375,2.34448332,14.653020750000001,fixed
76.74729719990864,38,0.904,-0.002594079,-16.21299375,2.345047416,14.65654635,fixed
76.77063489996362,38,0.904,-0.002591889,-16.19930625,2.3430676559999997,14.64417285,fixed
76.79414889996406,38,0.904,-0.002598465,-16.24040625,2.34901236,14.68132725,fixed
76.81592719990294,38,0.904,-0.002599718,-16.248237500000002,2.350145072,14.688406700000002,fixed
76.83813939988613,38,0.904,-0.002596899,-16.23061875,2.347596696,14.672479350000001,fixed
76.86120579997078,38,0.904,-0.002595334,-16.2208375,2.346181936,14.663637099999999,fixed
76.88272929994855,38,0.904,-0.002600031,-16.25019375,2.350428024,14.690175150000002,fixed
76.90772459993605,38,0.904,-0.002599402,-16.2462625,2.349859408,14.6866213,fixed
76.92997969989665,38,0.904,-0.002593455,-16.20909375,2.34448332,14.653020750000001,fixed
76.95446239993908,38,0.904,-0.002594394,-16.2149625,2.345332176,14.6583261,fixed
76.97719559993129,38,0.904,-0.002592516,-16.203225,2.343634464,14.647715400000001,fixed
77.00414209999144,38,0.904,-0.002585314,-16.158212499999998,2.337123856,14.607024099999999,fixed
77.02724899991881,38,0.904,-0.002589697,-16.18560625,2.341086088,14.631788049999999,fixed
77.0501656999113,38,0.904,-0.002584061,-16.15038125,2.335991144,14.59994465,fixed
77.07327989989426,38,0.904,-0.002587192,-16.16995,2.3388215679999997,14.617634800000001,fixed
77.09674799989443,38,0.904,-0.002589697,-16.18560625,2.341086088,14.631788049999999,fixed
77.12045159994159,38,0.904,-0.002581869,-16.136681250000002,2.334009576,14.587559850000002,fixed
77.14392389997374,38,0.904,-0.002585627,-16.16016875,2.337406808,14.60879255,fixed
77.16742039995734,38,0.904,-0.002588132,-16.175825,2.339671328,14.6229458,fixed
77.19193979992997,38,0.904,-0.002585625,-16.16015625,2.337405,14.60878125,fixed
77.21558299998287,38,0.904,-0.002592829,-16.20518125,2.343917416,14.64948385,fixed
77.23747499997262,38,0.904,-0.002592516,-16.203225,2.343634464,14.647715400000001,fixed
77.25951629993506,38,0.904,-0.002590637,-16.19148125,2.341935848,14.63709905,fixed
77.2845145999454,38,0.904,-0.002592203,-16.20126875,2.3433515120000004,14.64594695,fixed
77.30760989990085,38,0.904,-0.002595021,-16.21888125,2.3458989839999997,14.661868649999999,fixed
77.33091449993663,38,0.904,-0.002590011,-16.18756875,2.341369944,14.633562150000001,fixed
77.35391699988395,38,0.904,-0.002592203,-16.20126875,2.3433515120000004,14.64594695,fixed
77.37627609993797,38,0.904,-0.00259095,-16.193437499999998,2.3422188,14.638867499999998,fixed
77.39910839998629,38,0.904,-0.00258688,-16.168000000000003,2.3385395200000003,14.615872000000003,fixed
77.42400419991463,38,0.904,-0.002586253,-16.16408125,2.3379727120000005,14.612329449999999,fixed
77.44713089999277,38,0.904,-0.002589071,-16.18169375,2.3405201840000003,14.62825115,fixed
77.47011069988366,38,0.904,-0.002585314,-16.158212499999998,2.337123856,14.607024099999999,fixed
77.4929827998858,38,0.904,-0.002587506,-16.171912499999998,2.339105424,14.619408899999998,fixed
77.51615319994744,38,0.904,-0.002591263,-16.19539375,2.342501752,14.640635950000002,fixed
77.53901679988485,38,0.904,-0.002587819,-16.17386875,2.3393883759999996,14.62117735,fixed
77.56447569990996,38,0.904,-0.002587819,-16.17386875,2.3393883759999996,14.62117735,fixed
77.58745899994392,38,0.904,-0.002591263,-16.19539375,2.342501752,14.640635950000002,fixed
77.61152599996421,38,0.904,-0.002587192,-16.16995,2.3388215679999997,14.617634800000001,fixed
77.63447029993404,38,0.904,-0.002591889,-16.19930625,2.3430676559999997,14.64417285,fixed
77.65834919991903,38,0.904,-0.002593455,-16.20909375,2.34448332,14.653020750000001,fixed
77.68152069998905,38,0.904,-0.002586566,-16.1660375,2.3382556640000005,14.614097900000003,fixed
77.70518949988764,38,0.904,-0.002590011,-16.18756875,2.341369944,14.633562150000001,fixed
77.7282511999365,38,0.904,-0.002587819,-16.17386875,2.3393883759999996,14.62117735,fixed
77.75262149993796,38,0.904,-0.002584687,-16.15429375,2.3365570480000004,14.603481550000001,fixed
77.77532209991477,38,0.904,-0.002589384,-16.18365,2.3408031360000003,14.6300196,fixed
77.80004129989538,38,0.904,-0.002588132,-16.175825,2.339671328,14.6229458,fixed
77.82317469990812,38,0.904,-0.00258688,-16.168000000000003,2.3385395200000003,14.615872000000003,fixed
77.846422099974,38,0.904,-0.002590637,-16.19148125,2.341935848,14.63709905,fixed
77.8694184999913,38,0.904,-0.002587819,-16.17386875,2.3393883759999996,14.62117735,fixed
77.89351429988164,38,0.904,-0.002587819,-16.17386875,2.3393883759999996,14.62117735,fixed
77.91647049994208,38,0.904,-0.002593142,-16.2071375,2.344200368,14.651252300000001,fixed
77.93906549992971,38,0.904,-0.002590324,-16.189525,2.3416528960000003,14.6353306,fixed
77.96251379989553,38,0.904,-0.002591263,-16.19539375,2.342501752,14.640635950000002,fixed
77.98526229988784,38,0.904,-0.002593768,-16.21105,2.344766272,14.6547892,fixed
78.00862299988512,38,0.904,-0.002590637,-16.19148125,2.341935848,14.63709905,fixed
78.03235689993016,38,0.904,-0.00258688,-16.168000000000003,2.3385395200000003,14.615872000000003,fixed
78.05547889997251,38,0.904,-0.002590011,-16.18756875,2.341369944,14.633562150000001,fixed
78.08112029999029,38,0.904,-0.002590324,-16.189525,2.3416528960000003,14.6353306,fixed
78.10446059994865,38,0.904,-0.002590324,-16.189525,2.3416528960000003,14.6353306,fixed
78.1274689999409,38,0.904,-0.002592516,-16.203225,2.343634464,14.647715400000001,fixed
78.1500847999705,38,0.904,-0.002588758,-16.179737499999998,2.3402372320000002,14.626482699999999,fixed
78.17478429991752,38,0.904,-0.002590637,-16.19148125,2.341935848,14.63709905,fixed
78.19846389989834,38,0.904,-0.002593768,-16.21105,2.344766272,14.6547892,fixed
78.22179409989621,38,0.904,-0.002589697,-16.18560625,2.341086088,14.631788049999999,fixed
78.24747319996823,38,0.904,-0.002593455,-16.20909375,2.34448332,14.653020750000001,fixed
78.27014229993802,38,0.904,-0.002587819,-16.17386875,2.3393883759999996,14.62117735,fixed
78.29317229997832,38,0.904,-0.002588132,-16.175825,2.339671328,14.6229458,fixed
78.316156799905,38,0.904,-0.002590637,-16.19148125,2.341935848,14.63709905,fixed
78.3391699999338,38,0.904,-0.002587192,-16.16995,2.3388215679999997,14.617634800000001,fixed
78.36271179991309,38,0.904,-0.00258688,-16.168000000000003,2.3385395200000003,14.615872000000003,fixed
78.38632249995135,38,0.904,-0.002593455,-16.20909375,2.34448332,14.653020750000001,fixed
78.41067459993064,38,0.904,-0.002590637,-16.19148125,2.341935848,14.63709905,fixed
78.4337763999356,38,0.904,-0.002588445,-16.17778125,2.33995428,14.62471425,fixed
78.45764889998827,38,0.904,-0.002593142,-16.2071375,2.344200368,14.651252300000001,fixed
78.48050439998042,38,0.904,-0.002587819,-16.17386875,2.3393883759999996,14.62117735,fixed
78.50317509996239,38,0.904,-0.002589071,-16.18169375,2.3405201840000003,14.62825115,fixed
78.52613969997037,38,0.904,-0.00259095,-16.193437499999998,2.3422188,14.638867499999998,fixed
78.55022429989185,38,0.904,-0.002587192,-16.16995,2.3388215679999997,14.617634800000001,fixed
78.5735493999673,38,0.904,-0.002585001,-16.156256250000002,2.336840904,14.605255650000002,fixed
78.59724909998477,39,0.894,-0.002619395,-16.37121875,2.34173913,14.6358695625,fixed
78.62024249997921,39,0.894,-0.002616576,-16.353599999999997,2.3392189439999997,14.620118399999997,fixed
78.6430481999414,39,0.894,-0.002619708,-16.373175,2.342018952,14.63761845,fixed
78.66620369988959,39,0.894,-0.002624715,-16.40446875,2.34649521,14.6655950625,fixed
78.69058999989647,39,0.894,-0.0026219,-16.386875,2.3439786,14.64986625,fixed
78.71324719989207,39,0.894,-0.002620021,-16.375131250000003,2.342298774,14.639367337500003,fixed
78.73817219992634,39,0.894,-0.002623776,-16.3986,2.345655744,14.660348399999998,fixed
78.76149629999418,39,0.894,-0.002618142,-16.363387499999998,2.3406189480000004,14.628868424999999,fixed
78.78645669994876,39,0.894,-0.002619395,-16.37121875,2.34173913,14.6358695625,fixed
78.80911489995196,39,0.894,-0.002617829,-16.36143125,2.340339126,14.627119537499999,fixed
78.83148709998932,39,0.894,-0.002613758,-16.335987499999998,2.3366996519999996,14.604372824999999,fixed
78.85345879988745,39,0.894,-0.002616576,-16.353599999999997,2.3392189439999997,14.620118399999997,fixed
78.87837629998103,39,0.894,-0.002620647,-16.37904375,2.3428584179999996,14.642865112500001,fixed
78.90109369996935,39,0.894,-0.002617829,-16.36143125,2.340339126,14.627119537499999,fixed
78.9269449999556,39,0.894,-0.002621586,-16.3849125,2.343697884,14.648111774999999,fixed
78.95016059989575,39,0.894,-0.00262096,-16.380999999999997,2.3431382399999996,14.644613999999997,fixed
78.97383249993436,39,0.894,-0.002620021,-16.375131250000003,2.342298774,14.639367337500003,fixed
78.99711999995634,39,0.894,-0.002624091,-16.400568749999998,2.345937354,14.662108462499999,fixed
79.02007939992473,39,0.894,-0.002618455,-16.36534375,2.34089877,14.630617312500002,fixed
79.04323249997105,39,0.894,-0.002619081,-16.36925625,2.3414584140000003,14.6341150875,fixed
79.06721769995056,39,0.894,-0.002623465,-16.396656250000003,2.34537771,14.658610687500003,fixed
79.0907634999603,39,0.894,-0.002618768,-16.3673,2.341178592,14.6323662,fixed
79.11335549992509,39,0.894,-0.002618455,-16.36534375,2.34089877,14.630617312500002,fixed
79.13643349998165,39,0.894,-0.002622526,-16.390787500000002,2.344538244,14.653364025000002,fixed
79.15975549991708,39,0.894,-0.002619081,-16.36925625,2.3414584140000003,14.6341150875,fixed
79.18259929993656,39,0.894,-0.002616263,-16.35164375,2.338939122,14.618369512500001,fixed
79.20867839991115,39,0.894,-0.002620334,-16.377087500000002,2.3425785960000005,14.641116225000001,fixed
79.23160329996608,39,0.894,-0.00261595,-16.3496875,2.3386592999999998,14.616620625000001,fixed
79.25516119995154,39,0.894,-0.002619395,-16.37121875,2.34173913,14.6358695625,fixed
79.27905149990693,39,0.894,-0.002623778,-16.3986125,2.3456575319999997,14.660359575,fixed
79.30222489999142,39,0.894,-0.002622213,-16.38883125,2.3442584220000002,14.6516151375,fixed
79.32514699990861,39,0.894,-0.00262597,-16.4123125,2.34761718,14.672607374999998,fixed
79.34802419994958,39,0.894,-0.002625344,-16.4084,2.347057536,14.6691096,fixed
79.37103769998066,39,0.894,-0.002618768,-16.3673,2.341178592,14.6323662,fixed
79.39473059994634,39,0.894,-0.002619395,-16.37121875,2.34173913,14.6358695625,fixed
79.41732879995834,39,0.894,-0.002622213,-16.38883125,2.3442584220000002,14.6516151375,fixed
79.44342459994368,39,0.894,-0.002618142,-16.363387499999998,2.3406189480000004,14.628868424999999,fixed
79.46666269993875,39,0.894,-0.002621273,-16.38295625,2.343418062,14.6463628875,fixed
79.49153309990652,39,0.894,-0.002621586,-16.3849125,2.343697884,14.648111774999999,fixed
79.51428079989273,39,0.894,-0.002622213,-16.38883125,2.3442584220000002,14.6516151375,fixed
79.53804819996003,39,0.894,-0.002626283,-16.414268749999998,2.3478970020000003,14.674356262499998,fixed
79.56111769995186,39,0.894,-0.002621586,-16.3849125,2.343697884,14.648111774999999,fixed
79.58429179992527,39,0.894,-0.002622839,-16.392743749999998,2.344818066,14.655112912499998,fixed
79.60718729998916,39,0.894,-0.002624718,-16.4044875,2.346497892,14.665611825,fixed
79.63120889989659,39,0.894,-0.0026219,-16.386875,2.3439786,14.64986625,fixed
79.65462039993145,39,0.894,-0.002621273,-16.38295625,2.343418062,14.6463628875,fixed
79.67796109989285,39,0.894,-0.002623778,-16.3986125,2.3456575319999997,14.660359575,fixed
79.7012354999315,39,0.894,-0.002618768,-16.3673,2.341178592,14.6323662,fixed
79.7255003999453,39,0.894,-0.002619708,-16.373175,2.342018952,14.63761845,fixed
79.74862989992835,39,0.894,-0.002622213,-16.38883125,2.3442584220000002,14.6516151375,fixed
79.77152959990781,39,0.894,-0.002617203,-16.35751875,2.339779482,14.623621762500001,fixed
79.79426080000121,39,0.894,-0.002620021,-16.375131250000003,2.342298774,14.639367337500003,fixed
79.81983269995544,39,0.894,-0.002624718,-16.4044875,2.346497892,14.665611825,fixed
79.84252710000146,39,0.894,-0.002621586,-16.3849125,2.343697884,14.648111774999999,fixed
79.86801159998868,39,0.894,-0.002624402,-16.4025125,2.346215388,14.663846175,fixed
79.8916246999288,39,0.894,-0.002619395,-16.37121875,2.34173913,14.6358695625,fixed
79.91515969997272,39,0.894,-0.002619395,-16.37121875,2.34173913,14.6358695625,fixed
79.93880269990768,39,0.894,-0.002621273,-16.38295625,2.343418062,14.6463628875,fixed
79.96221339993645,39,0.894,-0.002617829,-16.36143125,2.340339126,14.627119537499999,fixed
79.98584379989188,39,0.894,-0.002619708,-16.373175,2.342018952,14.63761845,fixed
80.00905199989211,39,0.894,-0.002620334,-16.377087500000002,2.3425785960000005,14.641116225000001,fixed
80.03272319992539,39,0.894,-0.002617829,-16.36143125,2.340339126,14.627119537499999,fixed
80.05532719998155,39,0.894,-0.002624091,-16.400568749999998,2.345937354,14.662108462499999,fixed
80.0785859999014,39,0.894,-0.00262597,-16.4123125,2.34761718,14.672607374999998,fixed
80.10253739997279,39,0.894,-0.002623152,-16.3947,2.345097888,14.6568618,fixed
80.12544239999261,39,0.894,-0.002625031,-16.406443749999998,2.3467777140000003,14.667360712499999,fixed
80.15045609988738,39,0.894,-0.002626283,-16.414268749999998,2.3478970020000003,14.674356262499998,fixed
80.17320469999686,39,0.894,-0.002618455,-16.36534375,2.34089877,14.630617312500002,fixed
80.19640209991485,39,0.894,-0.002621586,-16.3849125,2.343697884,14.648111774999999,fixed
80.21934339997824,39,0.894,-0.002619081,-16.36925625,2.3414584140000003,14.6341150875,fixed
80.24394969991408,39,0.894,-0.002613132,-16.332075,2.3361400080000005,14.60087505,fixed
80.26732079999056,39,0.894,-0.002620647,-16.37904375,2.3428584179999996,14.642865112500001,fixed
80.29174069990404,39,0.894,-0.002619081,-16.36925625,2.3414584140000003,14.6341150875,fixed
80.3142891000025,39,0.894,-0.002617826,-16.3614125,2.340336444,14.627102775000001,fixed
80.33819369995035,39,0.894,-0.002621273,-16.38295625,2.343418062,14.6463628875,fixed
80.36137329996563,39,0.894,-0.002617203,-16.35751875,2.339779482,14.623621762500001,fixed
80.38481309998315,39,0.894,-0.002619708,-16.373175,2.342018952,14.63761845,fixed
80.40767479990609,39,0.894,-0.002624718,-16.4044875,2.346497892,14.665611825,fixed
80.4314943999052,39,0.894,-0.002621273,-16.38295625,2.343418062,14.6463628875,fixed
80.45510849996936,39,0.894,-0.002619081,-16.36925625,2.3414584140000003,14.6341150875,fixed
80.47943129995838,39,0.894,-0.002622839,-16.392743749999998,2.344818066,14.655112912499998,fixed
80.50214789994061,39,0.894,-0.002618142,-16.363387499999998,2.3406189480000004,14.628868424999999,fixed
80.52631389989983,39,0.894,-0.002621586,-16.3849125,2.343697884,14.648111774999999,fixed
80.5492562999716,39,0.894,-0.002622839,-16.392743749999998,2.344818066,14.655112912499998,fixed
80.57439399999566,39,0.894,-0.002617516,-16.359474999999996,2.340059304,14.625370649999997,fixed
80.59770299994852,39,0.894,-0.002623465,-16.396656250000003,2.34537771,14.658610687500003,fixed
80.62170959997457,40,0.885,-0.002643771,-16.52356875,2.339737335,14.623358343749999,fixed
80.64464929990936,40,0.884,-0.002644708,-16.529425,2.3379218720000003,14.6120117,fixed
80.66755309992004,40,0.884,-0.002648152,-16.55095,2.340966368,14.6310398,fixed
80.6906442999607,40,0.884,-0.002646586,-16.5411625,2.339582024,14.622387649999999,fixed
80.71443859988358,40,0.884,-0.002646586,-16.5411625,2.339582024,14.622387649999999,fixed
80.73759839998093,40,0.884,-0.002654101,-16.58813125,2.3462252839999995,14.663908025,fixed
80.76187939988449,40,0.884,-0.002653475,-16.58421875,2.3456719,14.660449375,fixed
80.7844309998909,40,0.884,-0.002652223,-16.576393749999998,2.344565132,14.653532074999998,fixed
80.80889889993705,40,0.884,-0.002655041,-16.59400625,2.347056244,14.669101525,fixed
80.83137529995292,40,0.884,-0.002649405,-16.558781250000003,2.34207402,14.637962625000002,fixed
80.85465089988429,40,0.884,-0.002647839,-16.548993749999998,2.3406896759999998,14.629310474999999,fixed
80.87642729992513,40,0.884,-0.002649091,-16.55681875,2.3417964440000003,14.636227775000002,fixed
80.9022321999073,40,0.884,-0.002647213,-16.54508125,2.340136292,14.625851825,fixed
80.92568109999411,40,0.884,-0.002647213,-16.54508125,2.340136292,14.625851825,fixed
80.94951879989821,40,0.884,-0.002651283,-16.570518749999998,2.343734172,14.648338574999999,fixed
80.9725982999662,40,0.884,-0.002645021,-16.53138125,2.338198564,14.613741025,fixed
80.99611189996358,40,0.884,-0.002646586,-16.5411625,2.339582024,14.622387649999999,fixed
81.0197399999015,40,0.884,-0.002648152,-16.55095,2.340966368,14.6310398,fixed
81.04380399989896,40,0.884,-0.002643768,-16.52355,2.337090912,14.606818200000001,fixed
81.06690439989325,40,0.884,-0.002647213,-16.54508125,2.340136292,14.625851825,fixed
81.09053249994759,40,0.884,-0.0026469,-16.543125,2.3398596000000005,14.6241225,fixed
81.11379099998157,40,0.884,-0.002641263,-16.507893749999997,2.3348764920000002,14.592978074999998,fixed
81.13680449989624,40,0.884,-0.002644708,-16.529425,2.3379218720000003,14.6120117,fixed
81.1596053999383,40,0.884,-0.002644708,-16.529425,2.3379218720000003,14.6120117,fixed
81.18271269998513,40,0.884,-0.002640011,-16.50006875,2.333769724,14.586060775,fixed
81.20532949990593,40,0.884,-0.002643142,-16.519637499999998,2.3365375279999996,14.603359549999999,fixed
81.22929689998273,40,0.884,-0.002645334,-16.533337500000002,2.3384752559999997,14.615470350000002,fixed
81.25262299994938,40,0.884,-0.002639384,-16.496149999999997,2.333215456,14.582596599999997,fixed
81.27584249991924,40,0.884,-0.00264095,-16.5059375,2.3345998,14.591248750000002,fixed
81.29872149997391,40,0.884,-0.002643768,-16.52355,2.337090912,14.606818200000001,fixed
81.32437459996436,40,0.884,-0.002639698,-16.498112499999998,2.333493032,14.584331449999999,fixed
81.34744599997066,40,0.884,-0.002644081,-16.52550625,2.337367604,14.608547524999999,fixed
81.37215519999154,40,0.884,-0.002640637,-16.50398125,2.334323108,14.589519424999999,fixed
81.39548539998941,40,0.884,-0.002639698,-16.498112499999998,2.333493032,14.584331449999999,fixed
81.41829589998815,40,0.884,-0.002641263,-16.507893749999997,2.3348764920000002,14.592978074999998,fixed
81.44179039995652,40,0.884,-0.002637193,-16.48245625,2.331278612,14.570491324999999,fixed
81.46562899998389,40,0.884,-0.002638132,-16.488325,2.332108688,14.5756793,fixed
81.48876749991905,40,0.884,-0.002643142,-16.519637499999998,2.3365375279999996,14.603359549999999,fixed
81.51243689993862,40,0.884,-0.002640637,-16.50398125,2.334323108,14.589519424999999,fixed
81.53582769993227,40,0.884,-0.002641263,-16.507893749999997,2.3348764920000002,14.592978074999998,fixed
81.56072289997246,40,0.884,-0.002642516,-16.515725,2.335984144,14.5999009,fixed
81.58361509989481,40,0.884,-0.002640324,-16.502024999999996,2.334046416,14.587790099999996,fixed
81.60644239990506,40,0.884,-0.002643142,-16.519637499999998,2.3365375279999996,14.603359549999999,fixed
81.62942959996872,40,0.884,-0.002645021,-16.53138125,2.338198564,14.613741025,fixed
81.65265059995,40,0.884,-0.002641576,-16.50985,2.335153184,14.5947074,fixed
81.67576889996417,40,0.884,-0.002643142,-16.519637499999998,2.3365375279999996,14.603359549999999,fixed
81.70126029988751,40,0.884,-0.002648778,-16.5548625,2.3415197520000004,14.634498449999999,fixed
81.72483209997881,40,0.884,-0.002645647,-16.53529375,2.338751948,14.617199675,fixed
81.74855049990583,40,0.884,-0.002651596,-16.572475,2.344010864,14.650067900000002,fixed
81.77179209992755,40,0.885,-0.002648155,-16.55096875,2.3436171750000003,14.64760734375,fixed
81.79449669993483,40,0.884,-0.00264596,-16.53725,2.33902864,14.618929,fixed
81.8178837999003,40,0.884,-0.002649091,-16.55681875,2.3417964440000003,14.636227775000002,fixed
81.84109839994926,40,0.884,-0.002648152,-16.55095,2.340966368,14.6310398,fixed
81.86510919989087,40,0.884,-0.002644708,-16.529425,2.3379218720000003,14.6120117,fixed
81.88852199993562,40,0.884,-0.002649405,-16.558781250000003,2.34207402,14.637962625000002,fixed
81.91183009999804,40,0.884,-0.002644395,-16.527468749999997,2.33764518,14.610282374999997,fixed
81.93458189989906,40,0.884,-0.002641889,-16.51180625,2.335429876,14.596436725,fixed
81.95845679997001,40,0.884,-0.002645647,-16.53529375,2.338751948,14.617199675,fixed
81.98237059998792,40,0.884,-0.002644081,-16.52550625,2.337367604,14.608547524999999,fixed
82.00580429995898,40,0.884,-0.002646586,-16.5411625,2.339582024,14.622387649999999,fixed
82.02896239992697,40,0.884,-0.002650344,-16.564649999999997,2.342904096,14.643150599999997,fixed
82.05154149990994,40,0.884,-0.002648152,-16.55095,2.340966368,14.6310398,fixed
82.07532069995068,40,0.884,-0.0026469,-16.543125,2.3398596000000005,14.6241225,fixed
82.09847529989202,40,0.884,-0.002650344,-16.564649999999997,2.342904096,14.643150599999997,fixed
82.12288159993477,40,0.884,-0.002646273,-16.539206250000003,2.3393053320000003,14.620658325000003,fixed
82.14554039994255,40,0.884,-0.002645647,-16.53529375,2.338751948,14.617199675,fixed
82.17094069998711,40,0.884,-0.002649091,-16.55681875,2.3417964440000003,14.636227775000002,fixed
82.19387739989907,40,0.884,-0.002644395,-16.527468749999997,2.33764518,14.610282374999997,fixed
82.2165494998917,40,0.884,-0.002647526,-16.5470375,2.340412984,14.62758115,fixed
82.23983949993271,40,0.884,-0.00265097,-16.5685625,2.34345748,14.64660925,fixed
82.26434099988546,40,0.884,-0.002649091,-16.55681875,2.3417964440000003,14.636227775000002,fixed
82.28775839996524,40,0.884,-0.002650031,-16.56269375,2.342627404,14.641421275,fixed
82.31091039988678,40,0.884,-0.0026469,-16.543125,2.3398596000000005,14.6241225,fixed
82.33388849999756,40,0.884,-0.002641263,-16.507893749999997,2.3348764920000002,14.592978074999998,fixed
82.35769429989159,40,0.884,-0.002643455,-16.521593749999997,2.33681422,14.605088874999998,fixed
82.3803933999734,40,0.884,-0.002645021,-16.53138125,2.338198564,14.613741025,fixed
82.40536789991893,40,0.884,-0.00264095,-16.5059375,2.3345998,14.591248750000002,fixed
82.42869089997839,40,0.884,-0.002647839,-16.548993749999998,2.3406896759999998,14.629310474999999,fixed
82.45187819993589,40,0.884,-0.002645647,-16.53529375,2.338751948,14.617199675,fixed
82.47452849999536,40,0.884,-0.002645334,-16.533337500000002,2.3384752559999997,14.615470350000002,fixed
82.49829839996528,40,0.884,-0.002650657,-16.56660625,2.3431807879999997,14.644879925,fixed
82.52138129994273,40,0.884,-0.002648152,-16.55095,2.340966368,14.6310398,fixed
82.54485469998326,40,0.884,-0.002646586,-16.5411625,2.339582024,14.622387649999999,fixed
82.56745729991235,40,0.884,-0.002649091,-16.55681875,2.3417964440000003,14.636227775000002,fixed
82.59235469996929,40,0.884,-0.002647839,-16.548993749999998,2.3406896759999998,14.629310474999999,fixed
82.61573169997428,40,0.884,-0.002644081,-16.52550625,2.337367604,14.608547524999999,fixed
82.63933229993563,41,0.894,-0.002621271,-16.38294375,2.3434162740000004,14.6463517125,fixed
82.66293359990232,41,0.894,-0.002617516,-16.359474999999996,2.340059304,14.625370649999997,fixed
82.68708489998244,41,0.894,-0.002620647,-16.37904375,2.3428584179999996,14.642865112500001,fixed
82.71044789999723,41,0.894,-0.002625031,-16.406443749999998,2.3467777140000003,14.667360712499999,fixed
82.73382299998775,41,0.894,-0.002620334,-16.377087500000002,2.3425785960000005,14.641116225000001,fixed
82.75665469991509,41,0.894,-0.002623152,-16.3947,2.345097888,14.6568618,fixed
82.7796657999279,41,0.894,-0.002624091,-16.400568749999998,2.345937354,14.662108462499999,fixed
82.80344539997168,41,0.894,-0.00262096,-16.380999999999997,2.3431382399999996,14.644613999999997,fixed
82.82674289995339,41,0.894,-0.00262221,-16.3888125,2.34425574,14.651598375,fixed
82.84945649991278,41,0.894,-0.002624405,-16.40253125,2.34621807,14.6638629375,fixed
82.87184629996773,41,0.894,-0.0026219,-16.386875,2.3439786,14.64986625,fixed
82.89381069992669,41,0.894,-0.0026219,-16.386875,2.3439786,14.64986625,fixed
82.92168389994185,41,0.894,-0.002625344,-16.4084,2.347057536,14.6691096,fixed
82.94480129994918,41,0.894,-0.0026219,-16.386875,2.3439786,14.64986625,fixed
82.96986089996062,41,0.894,-0.002624718,-16.4044875,2.346497892,14.665611825,fixed
82.99272519990336,41,0.894,-0.002621273,-16.38295625,2.343418062,14.6463628875,fixed
83.0164378999034,41,0.894,-0.002619708,-16.373175,2.342018952,14.63761845,fixed
83.03873469994869,41,0.894,-0.002623152,-16.3947,2.345097888,14.6568618,fixed
83.06248259998392,41,0.894,-0.002620018,-16.3751125,2.3422960919999998,14.639350575,fixed
83.08486539998557,41,0.894,-0.002619708,-16.373175,2.342018952,14.63761845,fixed
83.11078019998968,41,0.894,-0.002622213,-16.38883125,2.3442584220000002,14.6516151375,fixed
83.13376009999774,41,0.894,-0.002621586,-16.3849125,2.343697884,14.648111774999999,fixed
83.15970379998907,41,0.894,-0.002624091,-16.400568749999998,2.345937354,14.662108462499999,fixed
83.18298019992653,41,0.894,-0.002622213,-16.38883125,2.3442584220000002,14.6516151375,fixed
83.20565209991764,41,0.894,-0.0026219,-16.386875,2.3439786,14.64986625,fixed
83.2287714999402,41,0.894,-0.002626596,-16.416225,2.3481768240000003,14.676105150000001,fixed
83.25303939997684,41,0.894,-0.002625657,-16.41035625,2.347337358,14.6708584875,fixed
83.27601689996663,41,0.894,-0.002624091,-16.400568749999998,2.345937354,14.662108462499999,fixed
83.29977979999967,41,0.894,-0.002627536,-16.4221,2.349017184,14.681357400000001,fixed
83.32310249994043,41,0.894,-0.002623778,-16.3986125,2.3456575319999997,14.660359575,fixed
83.34711669990793,41,0.894,-0.002624091,-16.400568749999998,2.345937354,14.662108462499999,fixed
83.37060299993027,41,0.894,-0.002627223,-16.42014375,2.3487373620000005,14.679608512500002,fixed
83.39445529994555,41,0.894,-0.002621586,-16.3849125,2.343697884,14.648111774999999,fixed
83.41950369998813,41,0.894,-0.002626283,-16.414268749999998,2.3478970020000003,14.674356262499998,fixed
83.44270559994038,41,0.894,-0.002623152,-16.3947,2.345097888,14.6568618,fixed
83.46560139989015,41,0.894,-0.002623463,-16.39664375,2.345375922,14.658599512499999,fixed
83.48957869992591,41,0.894,-0.002629102,-16.4318875,2.350417188,14.690107424999999,fixed
83.51264499989338,41,0.894,-0.00262722,-16.420125,2.34873468,14.679591749999998,fixed
83.5367512999801,41,0.894,-0.002626596,-16.416225,2.3481768240000003,14.676105150000001,fixed
83.56005059997551,41,0.894,-0.002630041,-16.43775625,2.3512566539999997,14.6953540875,fixed
83.58323809993453,41,0.894,-0.002624718,-16.4044875,2.346497892,14.665611825,fixed
83.60550139995757,41,0.894,-0.002623152,-16.3947,2.345097888,14.6568618,fixed
83.62970839999616,41,0.894,-0.002625031,-16.406443749999998,2.3467777140000003,14.667360712499999,fixed
83.653102299897,41,0.894,-0.002619395,-16.37121875,2.34173913,14.6358695625,fixed
83.676952199894,41,0.894,-0.002618768,-16.3673,2.341178592,14.6323662,fixed
83.69978149991948,41,0.894,-0.002623152,-16.3947,2.345097888,14.6568618,fixed
83.72413539991248,41,0.894,-0.002618768,-16.3673,2.341178592,14.6323662,fixed
83.74706409999635,41,0.894,-0.002620334,-16.377087500000002,2.3425785960000005,14.641116225000001,fixed
83.771733499947,41,0.894,-0.002623465,-16.396656250000003,2.34537771,14.658610687500003,fixed
83.79484989994671,41,0.894,-0.002618455,-16.36534375,2.34089877,14.630617312500002,fixed
83.81993379991036,41,0.894,-0.002622839,-16.392743749999998,2.344818066,14.655112912499998,fixed
83.84302309993654,41,0.894,-0.0026219,-16.386875,2.3439786,14.64986625,fixed
83.86683529999573,41,0.894,-0.002622837,-16.392731249999997,2.3448162779999997,14.655101737499997,fixed
83.88997109991033,41,0.894,-0.002627536,-16.4221,2.349017184,14.681357400000001,fixed
83.91403679992072,41,0.894,-0.002622213,-16.38883125,2.3442584220000002,14.6516151375,fixed
83.93695000000298,41,0.894,-0.002623152,-16.3947,2.345097888,14.6568618,fixed
83.9609741999302,41,0.894,-0.002625342,-16.4083875,2.3470557480000003,14.669098425,fixed
83.98406169994269,41,0.894,-0.002620018,-16.3751125,2.3422960919999998,14.639350575,fixed
84.00816519989166,41,0.894,-0.002621586,-16.3849125,2.343697884,14.648111774999999,fixed
84.031057999935,41,0.894,-0.002622839,-16.392743749999998,2.344818066,14.655112912499998,fixed
84.05441109999083,41,0.894,-0.002618455,-16.36534375,2.34089877,14.630617312500002,fixed
84.07870739989448,41,0.894,-0.0026219,-16.386875,2.3439786,14.64986625,fixed
84.10192479996476,41,0.894,-0.002621586,-16.3849125,2.343697884,14.648111774999999,fixed
84.12566079990938,41,0.894,-0.002618768,-16.3673,2.341178592,14.6323662,fixed
84.14888599992264,41,0.894,-0.00262315,-16.3946875,2.3450961,14.656850625,fixed
84.17192049999721,41,0.894,-0.002621586,-16.3849125,2.343697884,14.648111774999999,fixed
84.19506879989058,41,0.894,-0.002617203,-16.35751875,2.339779482,14.623621762500001,fixed
84.21842559997458,41,0.894,-0.00262096,-16.380999999999997,2.3431382399999996,14.644613999999997,fixed
84.24286040000152,41,0.894,-0.002620021,-16.375131250000003,2.342298774,14.639367337500003,fixed
84.26596170000266,41,0.894,-0.002616576,-16.353599999999997,2.3392189439999997,14.620118399999997,fixed
84.29021729994565,41,0.894,-0.002621586,-16.3849125,2.343697884,14.648111774999999,fixed
84.31284959998447,41,0.894,-0.002618455,-16.36534375,2.34089877,14.630617312500002,fixed
84.33758469996974,41,0.894,-0.002618455,-16.36534375,2.34089877,14.630617312500002,fixed
84.36107419990003,41,0.894,-0.002623465,-16.396656250000003,2.34537771,14.658610687500003,fixed
84.38680899993051,41,0.894,-0.002619081,-16.36925625,2.3414584140000003,14.6341150875,fixed
84.41004829993472,41,0.894,-0.002624718,-16.4044875,2.346497892,14.665611825,fixed
84.43269369995687,41,0.894,-0.002619395,-16.37121875,2.34173913,14.6358695625,fixed
84.45570469996892,41,0.894,-0.002619081,-16.36925625,2.3414584140000003,14.6341150875,fixed
84.47966549999546,41,0.894,-0.002622213,-16.38883125,2.3442584220000002,14.6516151375,fixed
84.50256209995132,41,0.894,-0.002617516,-16.359474999999996,2.340059304,14.625370649999997,fixed
84.5264156999765,41,0.894,-0.002616576,-16.353599999999997,2.3392189439999997,14.620118399999997,fixed
84.54983339994214,41,0.894,-0.002622839,-16.392743749999998,2.344818066,14.655112912499998,fixed
84.57358259998728,41,0.894,-0.002618142,-16.363387499999998,2.3406189480000004,14.628868424999999,fixed
84.5971014999086,41,0.894,-0.002619395,-16.37121875,2.34173913,14.6358695625,fixed
84.62081309990026,41,0.894,-0.002620021,-16.375131250000003,2.342298774,14.639367337500003,fixed
84.6448491999181,42,0.904,-0.002584998,-16.156237499999996,2.336838192,14.605238699999997,fixed
84.66810279991478,42,0.904,-0.002591263,-16.19539375,2.342501752,14.640635950000002,fixed
84.69119289994705,42,0.904,-0.002593768,-16.21105,2.344766272,14.6547892,fixed
84.7150136999553,42,0.904,-0.002588445,-16.17778125,2.33995428,14.62471425,fixed
84.7378232999472,42,0.904,-0.002591576,-16.19735,2.342784704,14.6424044,fixed
84.76285049994476,42,0.904,-0.002592203,-16.20126875,2.3433515120000004,14.64594695,fixed
84.78620829991996,42,0.904,-0.002589071,-16.18169375,2.3405201840000003,14.62825115,fixed
84.809117399971,42,0.904,-0.002592829,-16.20518125,2.343917416,14.64948385,fixed
84.83179669990204,42,0.904,-0.002590324,-16.189525,2.3416528960000003,14.6353306,fixed
84.8544190999819,42,0.904,-0.002585627,-16.16016875,2.337406808,14.60879255,fixed
84.87690099992324,42,0.904,-0.002588132,-16.175825,2.339671328,14.6229458,fixed
84.90310199989472,42,0.904,-0.002589384,-16.18365,2.3408031360000003,14.6300196,fixed
84.92579469992779,42,0.904,-0.002587506,-16.171912499999998,2.339105424,14.619408899999998,fixed
84.94975129992235,42,0.904,-0.002593455,-16.20909375,2.34448332,14.653020750000001,fixed
84.97308969998267,42,0.904,-0.002591889,-16.19930625,2.3430676559999997,14.64417285,fixed
84.99674709991086,42,0.904,-0.002590324,-16.189525,2.3416528960000003,14.6353306,fixed
85.01977049990091,42,0.904,-0.002595647,-16.22279375,2.346464888,14.665405550000001,fixed
85.04316929995548,42,0.904,-0.002593142,-16.2071375,2.344200368,14.651252300000001,fixed
85.0658584999619,42,0.904,-0.002592203,-16.20126875,2.3433515120000004,14.64594695,fixed
85.08971339999698,42,0.904,-0.00259596,-16.22475,2.3467478400000004,14.667174000000001,fixed
85.11288889998104,42,0.904,-0.002591263,-16.19539375,2.342501752,14.640635950000002,fixed
85.13698919990566,42,0.904,-0.002587819,-16.17386875,2.3393883759999996,14.62117735,fixed
85.15979579999112,42,0.904,-0.002591576,-16.19735,2.342784704,14.6424044,fixed
85.18295849999413,42,0.904,-0.002587506,-16.171912499999998,2.339105424,14.619408899999998,fixed
85.20592459989712,42,0.904,-0.002586566,-16.1660375,2.3382556640000005,14.614097900000003,fixed
85.23057849996258,42,0.904,-0.002591263,-16.19539375,2.342501752,14.640635950000002,fixed
85.25391589989886,42,0.904,-0.002586253,-16.16408125,2.3379727120000005,14.612329449999999,fixed
85.27726729994174,42,0.904,-0.002588445,-16.17778125,2.33995428,14.62471425,fixed
85.30001369991805,42,0.904,-0.002591263,-16.19539375,2.342501752,14.640635950000002,fixed
85.32465189998038,42,0.904,-0.002587819,-16.17386875,2.3393883759999996,14.62117735,fixed
85.34829429991078,42,0.904,-0.002590637,-16.19148125,2.341935848,14.63709905,fixed
85.37153929995839,42,0.904,-0.002593142,-16.2071375,2.344200368,14.651252300000001,fixed
85.39511979999952,42,0.904,-0.002587819,-16.17386875,2.3393883759999996,14.62117735,fixed
85.41861899988726,42,0.904,-0.002591263,-16.19539375,2.342501752,14.640635950000002,fixed
85.44120029988699,42,0.904,-0.002590324,-16.189525,2.3416528960000003,14.6353306,fixed
85.46310519997496,42,0.904,-0.002586253,-16.16408125,2.3379727120000005,14.612329449999999,fixed
85.48486039997078,42,0.904,-0.002586566,-16.1660375,2.3382556640000005,14.614097900000003,fixed
85.50837499997579,42,0.904,-0.002589071,-16.18169375,2.3405201840000003,14.62825115,fixed
85.53012049989775,42,0.904,-0.002590011,-16.18756875,2.341369944,14.633562150000001,fixed
85.5566413999768,42,0.904,-0.002586253,-16.16408125,2.3379727120000005,14.612329449999999,fixed
85.57976769993547,42,0.904,-0.002590637,-16.19148125,2.341935848,14.63709905,fixed
85.60373209998943,42,0.904,-0.002587819,-16.17386875,2.3393883759999996,14.62117735,fixed
85.62726699991617,42,0.904,-0.002591263,-16.19539375,2.342501752,14.640635950000002,fixed
85.65016530000139,42,0.904,-0.002597526,-16.234537500000002,2.348163504,14.676021900000002,fixed
85.67301989998668,42,0.904,-0.002594394,-16.2149625,2.345332176,14.6583261,fixed
85.69698999996763,42,0.904,-0.002593142,-16.2071375,2.344200368,14.651252300000001,fixed
85.71994189999532,42,0.904,-0.002595334,-16.2208375,2.346181936,14.663637099999999,fixed
85.74373579991516,42,0.904,-0.002591889,-16.19930625,2.3430676559999997,14.64417285,fixed
85.76731139991898,42,0.904,-0.002592516,-16.203225,2.343634464,14.647715400000001,fixed
85.79118309996556,42,0.904,-0.002595647,-16.22279375,2.346464888,14.665405550000001,fixed
85.81428439996671,42,0.904,-0.002590011,-16.18756875,2.341369944,14.633562150000001,fixed
85.83759509993251,42,0.904,-0.002591263,-16.19539375,2.342501752,14.640635950000002,fixed
85.86098519992083,42,0.904,-0.002593142,-16.2071375,2.344200368,14.651252300000001,fixed
85.88585109997075,42,0.904,-0.002590011,-16.18756875,2.341369944,14.633562150000001,fixed
85.90926719992422,42,0.904,-0.002594708,-16.216925,2.3456160319999997,14.6601002,fixed
85.93435549992137,42,0.904,-0.002592516,-16.203225,2.343634464,14.647715400000001,fixed
85.95682359999046,42,0.904,-0.002589071,-16.18169375,2.3405201840000003,14.62825115,fixed
85.97938559995964,42,0.904,-0.00259095,-16.193437499999998,2.3422188,14.638867499999998,fixed
86.0014027999714,42,0.904,-0.00259095,-16.193437499999998,2.3422188,14.638867499999998,fixed
86.0263654999435,42,0.904,-0.002588445,-16.17778125,2.33995428,14.62471425,fixed
86.04905859997962,42,0.904,-0.002593142,-16.2071375,2.344200368,14.651252300000001,fixed
86.07293539994862,42,0.904,-0.002593455,-16.20909375,2.34448332,14.653020750000001,fixed
86.09613859991077,42,0.904,-0.002590637,-16.19148125,2.341935848,14.63709905,fixed
86.1198670999147,42,0.904,-0.002595645,-16.22278125,2.34646308,14.66539425,fixed
86.14290599990636,42,0.904,-0.002593768,-16.21105,2.344766272,14.6547892,fixed
86.16736209997907,42,0.904,-0.002592516,-16.203225,2.343634464,14.647715400000001,fixed
86.190342899994,42,0.904,-0.002597526,-16.234537500000002,2.348163504,14.676021900000002,fixed
86.21376529999543,42,0.904,-0.002594708,-16.216925,2.3456160319999997,14.6601002,fixed
86.23736789997201,42,0.904,-0.002592516,-16.203225,2.343634464,14.647715400000001,fixed
86.2620190999005,42,0.904,-0.00259721,-16.2325625,2.34787784,14.674236500000001,fixed
86.2850772999227,42,0.904,-0.002593768,-16.21105,2.344766272,14.6547892,fixed
86.3091403999133,42,0.904,-0.002596897,-16.230606249999997,2.347594888,14.672468049999997,fixed
86.33235659997445,42,0.904,-0.002597839,-16.23649375,2.348446456,14.677790350000002,fixed
86.35641079989728,42,0.904,-0.002594081,-16.213006249999996,2.3450492240000003,14.656557649999996,fixed
86.37926209997386,42,0.904,-0.002597213,-16.23258125,2.347880552,14.67425345,fixed
86.4044458999997,42,0.904,-0.002595021,-16.21888125,2.3458989839999997,14.661868649999999,fixed
86.42713269998785,42,0.904,-0.00259095,-16.193437499999998,2.3422188,14.638867499999998,fixed
86.45195739995688,42,0.904,-0.002594081,-16.213006249999996,2.3450492240000003,14.656557649999996,fixed
86.4753704998875,42,0.904,-0.002589384,-16.18365,2.3408031360000003,14.6300196,fixed
86.49950809997972,42,0.904,-0.00259095,-16.193437499999998,2.3422188,14.638867499999998,fixed
86.52202229993418,42,0.904,-0.002591261,-16.19538125,2.342499944,14.640624650000001,fixed
86.545393499895,42,0.904,-0.002588132,-16.175825,2.339671328,14.6229458,fixed
86.56800229998771,42,0.904,-0.002591889,-16.19930625,2.3430676559999997,14.64417285,fixed
86.59230199991725,42,0.904,-0.002595021,-16.21888125,2.3458989839999997,14.661868649999999,fixed
86.6150645999005,42,0.904,-0.002590324,-16.189525,2.3416528960000003,14.6353306,fixed
86.63927009992767,42,0.904,-0.002594081,-16.213006249999996,2.3450492240000003,14.656557649999996,fixed
86.66339980007615,43,0.894,-0.002625031,-16.406443749999998,2.3467777140000003,14.667360712499999,fixed
86.6864742001053,43,0.894,-0.002623778,-16.3986125,2.3456575319999997,14.660359575,fixed
86.70946480007842,43,0.894,-0.002628788,-16.429925,2.350136472,14.68835295,fixed
86.73274230002426,43,0.894,-0.002630041,-16.43775625,2.3512566539999997,14.6953540875,fixed
86.75613420002628,43,0.894,-0.002624402,-16.4025125,2.346215388,14.663846175,fixed
86.7798617000226,43,0.894,-0.002624405,-16.40253125,2.34621807,14.6638629375,fixed
86.80260440008715,43,0.894,-0.002619708,-16.373175,2.342018952,14.63761845,fixed
86.82382000004873,43,0.894,-0.002615324,-16.345775,2.3380996560000002,14.61312285,fixed
86.84590110008139,43,0.894,-0.002617516,-16.359474999999996,2.340059304,14.625370649999997,fixed
86.87095160002355,43,0.894,-0.002620334,-16.377087500000002,2.3425785960000005,14.641116225000001,fixed
86.89288970001508,43,0.894,-0.002618455,-16.36534375,2.34089877,14.630617312500002,fixed
86.91853950009681,43,0.894,-0.002618142,-16.363387499999998,2.3406189480000004,14.628868424999999,fixed
86.94019520003349,43,0.894,-0.002625031,-16.406443749999998,2.3467777140000003,14.667360712499999,fixed
86.96652720007114,43,0.894,-0.002623778,-16.3986125,2.3456575319999997,14.660359575,fixed
86.98913390003145,43,0.894,-0.002624718,-16.4044875,2.346497892,14.665611825,fixed
87.01351140008774,43,0.894,-0.002624718,-16.4044875,2.346497892,14.665611825,fixed
87.03619270003401,43,0.894,-0.002620647,-16.37904375,2.3428584179999996,14.642865112500001,fixed
87.06177700008266,43,0.894,-0.002623152,-16.3947,2.345097888,14.6568618,fixed
87.08555140008684,43,0.894,-0.002620021,-16.375131250000003,2.342298774,14.639367337500003,fixed
87.10999300004914,43,0.894,-0.002622837,-16.392731249999997,2.3448162779999997,14.655101737499997,fixed
87.13398310006596,43,0.894,-0.002622839,-16.392743749999998,2.344818066,14.655112912499998,fixed
87.15744680003263,43,0.894,-0.002621273,-16.38295625,2.343418062,14.6463628875,fixed
87.1803920000093,43,0.894,-0.002625028,-16.406425000000002,2.346775032,14.667343950000003,fixed
87.2033113000216,43,0.894,-0.002622839,-16.392743749999998,2.344818066,14.655112912499998,fixed
87.22646840009838,43,0.894,-0.002620021,-16.375131250000003,2.342298774,14.639367337500003,fixed
87.2508181000594,43,0.894,-0.002624718,-16.4044875,2.346497892,14.665611825,fixed
87.27351090009324,43,0.894,-0.002625344,-16.4084,2.347057536,14.6691096,fixed
87.29764730005991,43,0.894,-0.002623778,-16.3986125,2.3456575319999997,14.660359575,fixed
87.32032900000922,43,0.894,-0.002627536,-16.4221,2.349017184,14.681357400000001,fixed
87.344046000042,43,0.894,-0.002626596,-16.416225,2.3481768240000003,14.676105150000001,fixed
87.3662199000828,43,0.894,-0.00262691,-16.4181875,2.34845754,14.677859624999998,fixed
87.39015220000874,43,0.894,-0.002630354,-16.4397125,2.351536476,14.697102975,fixed
87.41359690006357,43,0.894,-0.002627849,-16.42405625,2.3492970059999996,14.6831062875,fixed
87.43831270001829,43,0.894,-0.002625031,-16.406443749999998,2.3467777140000003,14.667360712499999,fixed
87.46118750004098,43,0.894,-0.002628162,-16.4260125,2.349576828,14.684855175,fixed
87.48540210002102,43,0.894,-0.002625031,-16.406443749999998,2.3467777140000003,14.667360712499999,fixed
87.50837650010362,43,0.894,-0.002628475,-16.427968749999998,2.34985665,14.686604062499999,fixed
87.53138460009359,43,0.894,-0.002630354,-16.4397125,2.351536476,14.697102975,fixed
87.55477400007658,43,0.894,-0.002626283,-16.414268749999998,2.3478970020000003,14.674356262499998,fixed
87.57780340011232,43,0.894,-0.00262816,-16.426,2.3495750400000004,14.684843999999998,fixed
87.60020480002277,43,0.894,-0.002630041,-16.43775625,2.3512566539999997,14.6953540875,fixed
87.62433270004112,43,0.894,-0.002627536,-16.4221,2.349017184,14.681357400000001,fixed
87.64731580007356,43,0.894,-0.002623465,-16.396656250000003,2.34537771,14.658610687500003,fixed
87.67133520008065,43,0.894,-0.002625031,-16.406443749999998,2.3467777140000003,14.667360712499999,fixed
87.69450470001902,43,0.894,-0.002616576,-16.353599999999997,2.3392189439999997,14.620118399999997,fixed
87.7183133000508,43,0.894,-0.002616263,-16.35164375,2.338939122,14.618369512500001,fixed
87.74129230005201,43,0.894,-0.002620021,-16.375131250000003,2.342298774,14.639367337500003,fixed
87.76600710011553,43,0.894,-0.002617829,-16.36143125,2.340339126,14.627119537499999,fixed
87.78954570007045,43,0.894,-0.002623465,-16.396656250000003,2.34537771,14.658610687500003,fixed
87.81245760002639,43,0.894,-0.00262597,-16.4123125,2.34761718,14.672607374999998,fixed
87.83529240009375,43,0.894,-0.002622213,-16.38883125,2.3442584220000002,14.6516151375,fixed
87.85908330010716,43,0.894,-0.002624405,-16.40253125,2.34621807,14.6638629375,fixed
87.88279200007673,43,0.894,-0.002625968,-16.4123,2.347615392,14.6725962,fixed
87.9063411001116,43,0.894,-0.002620334,-16.377087500000002,2.3425785960000005,14.641116225000001,fixed
87.92917980009224,43,0.894,-0.002623152,-16.3947,2.345097888,14.6568618,fixed
87.95342870010063,43,0.894,-0.002622526,-16.390787500000002,2.344538244,14.653364025000002,fixed
87.9765514000319,43,0.894,-0.002618142,-16.363387499999998,2.3406189480000004,14.628868424999999,fixed
88.00106420007069,43,0.894,-0.002622526,-16.390787500000002,2.344538244,14.653364025000002,fixed
88.02479150006548,43,0.894,-0.00262096,-16.380999999999997,2.3431382399999996,14.644613999999997,fixed
88.04826430010144,43,0.894,-0.002622839,-16.392743749999998,2.344818066,14.655112912499998,fixed
88.07225670001935,43,0.894,-0.002627223,-16.42014375,2.3487373620000005,14.679608512500002,fixed
88.09529430011753,43,0.894,-0.002622526,-16.390787500000002,2.344538244,14.653364025000002,fixed
88.11898870009463,43,0.894,-0.002626283,-16.414268749999998,2.3478970020000003,14.674356262499998,fixed
88.142533400096,43,0.894,-0.002628788,-16.429925,2.350136472,14.68835295,fixed
88.1656071000034,43,0.894,-0.002626283,-16.414268749999998,2.3478970020000003,14.674356262499998,fixed
88.18932020000648,43,0.894,-0.002628788,-16.429925,2.350136472,14.68835295,fixed
88.21253840008285,43,0.894,-0.002630667,-16.44166875,2.351816298,14.698851862500002,fixed
88.23711870005354,43,0.894,-0.002624718,-16.4044875,2.346497892,14.665611825,fixed
88.26070970005821,43,0.894,-0.002628788,-16.429925,2.350136472,14.68835295,fixed
88.28485890000593,43,0.894,-0.002623465,-16.396656250000003,2.34537771,14.658610687500003,fixed
88.30769250006415,43,0.894,-0.002619395,-16.37121875,2.34173913,14.6358695625,fixed
88.33166720008012,43,0.894,-0.002622526,-16.390787500000002,2.344538244,14.653364025000002,fixed
88.35468520002905,43,0.894,-0.002619081,-16.36925625,2.3414584140000003,14.6341150875,fixed
88.37899330002256,43,0.894,-0.002618142,-16.363387499999998,2.3406189480000004,14.628868424999999,fixed
88.4016861000564,43,0.894,-0.002623152,-16.3947,2.345097888,14.6568618,fixed
88.42562480003107,43,0.894,-0.00262096,-16.380999999999997,2.3431382399999996,14.644613999999997,fixed
88.44893170008436,43,0.894,-0.002624718,-16.4044875,2.346497892,14.665611825,fixed
88.47249400010332,43,0.894,-0.002627849,-16.42405625,2.3492970059999996,14.6831062875,fixed
88.49544340011198,43,0.894,-0.002620021,-16.375131250000003,2.342298774,14.639367337500003,fixed
88.51949700003024,43,0.894,-0.002621586,-16.3849125,2.343697884,14.648111774999999,fixed
88.54280070005916,43,0.894,-0.002622839,-16.392743749999998,2.344818066,14.655112912499998,fixed
88.5673460001126,43,0.894,-0.002619395,-16.37121875,2.34173913,14.6358695625,fixed
88.5903268000111,43,0.894,-0.002624091,-16.400568749999998,2.345937354,14.662108462499999,fixed
88.61443410010543,43,0.894,-0.002621273,-16.38295625,2.343418062,14.6463628875,fixed
88.63757870008703,43,0.894,-0.002619708,-16.373175,2.342018952,14.63761845,fixed
88.66215040010866,43,0.894,-0.002623152,-16.3947,2.345097888,14.6568618,fixed
88.6867038999917,44,0.884,-0.002645021,-16.53138125,2.338198564,14.613741025,fixed
88.7098674000008,44,0.884,-0.002648465,-16.55290625,2.34124306,14.632769125,fixed
88.73262269992847,44,0.884,-0.002648778,-16.5548625,2.3415197520000004,14.634498449999999,fixed
88.75560159992892,44,0.884,-0.002642829,-16.517681250000003,2.336260836,14.601630225000003,fixed
88.77866489998996,44,0.884,-0.002644708,-16.529425,2.3379218720000003,14.6120117,fixed
88.80214769998565,44,0.884,-0.002646586,-16.5411625,2.339582024,14.622387649999999,fixed
88.82534609991126,44,0.884,-0.002642829,-16.517681250000003,2.336260836,14.601630225000003,fixed
88.84876779990736,44,0.884,-0.002646273,-16.539206250000003,2.3393053320000003,14.620658325000003,fixed
88.87179869995452,44,0.884,-0.00265191,-16.5744375,2.3442884399999997,14.651802749999998,fixed
88.89366079994943,44,0.884,-0.002648778,-16.5548625,2.3415197520000004,14.634498449999999,fixed
88.91555079992395,44,0.884,-0.002647526,-16.5470375,2.340412984,14.62758115,fixed
88.94046019995585,44,0.884,-0.002650344,-16.564649999999997,2.342904096,14.643150599999997,fixed
88.96409799996763,44,0.884,-0.002651596,-16.572475,2.344010864,14.650067900000002,fixed
88.98917789990082,44,0.884,-0.002648778,-16.5548625,2.3415197520000004,14.634498449999999,fixed
89.01246659993194,44,0.884,-0.002655667,-16.59791875,2.3476096280000003,14.672560175000001,fixed
89.03559279988986,44,0.884,-0.002649091,-16.55681875,2.3417964440000003,14.636227775000002,fixed
89.05889059999026,44,0.884,-0.002651596,-16.572475,2.344010864,14.650067900000002,fixed
89.08246449998114,44,0.884,-0.002654415,-16.590093749999998,2.3465028599999997,14.665642874999998,fixed
89.1059377999045,44,0.884,-0.002649405,-16.558781250000003,2.34207402,14.637962625000002,fixed
89.12888380000368,44,0.884,-0.002651283,-16.570518749999998,2.343734172,14.648338574999999,fixed
89.15172109997366,44,0.884,-0.002653788,-16.586174999999997,2.345948592,14.662178699999998,fixed
89.17625639995094,44,0.884,-0.002651283,-16.570518749999998,2.343734172,14.648338574999999,fixed
89.1997216999298,44,0.884,-0.002652223,-16.576393749999998,2.344565132,14.653532074999998,fixed
89.22309429990128,44,0.884,-0.002653162,-16.5822625,2.3453952080000002,14.65872005,fixed
89.24590249999892,44,0.884,-0.002647526,-16.5470375,2.340412984,14.62758115,fixed
89.2716074999189,44,0.884,-0.002650031,-16.56269375,2.342627404,14.641421275,fixed
89.2949233999243,44,0.884,-0.002649091,-16.55681875,2.3417964440000003,14.636227775000002,fixed
89.31786429998465,44,0.884,-0.002647213,-16.54508125,2.340136292,14.625851825,fixed
89.3406172998948,44,0.884,-0.002650031,-16.56269375,2.342627404,14.641421275,fixed
89.36532149999402,44,0.884,-0.002649405,-16.558781250000003,2.34207402,14.637962625000002,fixed
89.38857599999756,44,0.884,-0.002650344,-16.564649999999997,2.342904096,14.643150599999997,fixed
89.41146269999444,44,0.884,-0.002653788,-16.586174999999997,2.345948592,14.662178699999998,fixed
89.43462229997385,44,0.884,-0.002650344,-16.564649999999997,2.342904096,14.643150599999997,fixed
89.45777889993042,44,0.884,-0.002649718,-16.5607375,2.342350712,14.639691949999998,fixed
89.4812373999739,44,0.884,-0.002655667,-16.59791875,2.3476096280000003,14.672560175000001,fixed
89.50453229993582,44,0.884,-0.002652849,-16.58030625,2.3451185160000003,14.656990725,fixed
89.52761319989804,44,0.884,-0.002652849,-16.58030625,2.3451185160000003,14.656990725,fixed
89.55168399994727,44,0.884,-0.002658172,-16.613575,2.349824048,14.6864003,fixed
89.57521189993713,44,0.884,-0.002652849,-16.58030625,2.3451185160000003,14.656990725,fixed
89.599514399888,44,0.884,-0.002652849,-16.58030625,2.3451185160000003,14.656990725,fixed
89.62257329991553,44,0.884,-0.002656293,-16.60183125,2.348163012,14.676018825,fixed
89.64526829996612,44,0.884,-0.00265191,-16.5744375,2.3442884399999997,14.651802749999998,fixed
89.66972949996125,44,0.884,-0.002653788,-16.586174999999997,2.345948592,14.662178699999998,fixed
89.69329229998402,44,0.884,-0.002657546,-16.609662500000002,2.349270664,14.682941650000002,fixed
89.71667110000271,44,0.884,-0.002652849,-16.58030625,2.3451185160000003,14.656990725,fixed
89.74064229999203,44,0.884,-0.00265598,-16.599875,2.34788632,14.6742895,fixed
89.76374569989275,44,0.884,-0.002654728,-16.59205,2.3467795519999997,14.6673722,fixed
89.7889017999405,44,0.884,-0.002649405,-16.558781250000003,2.34207402,14.637962625000002,fixed
89.8116955999285,44,0.884,-0.002654101,-16.58813125,2.3462252839999995,14.663908025,fixed
89.83558929990977,44,0.884,-0.002650344,-16.564649999999997,2.342904096,14.643150599999997,fixed
89.85863049991895,44,0.884,-0.002652223,-16.576393749999998,2.344565132,14.653532074999998,fixed
89.88274099992123,44,0.884,-0.00265598,-16.599875,2.34788632,14.6742895,fixed
89.90594529989175,44,0.884,-0.002650344,-16.564649999999997,2.342904096,14.643150599999997,fixed
89.92961669992656,44,0.884,-0.002651596,-16.572475,2.344010864,14.650067900000002,fixed
89.95305659994483,44,0.884,-0.002652536,-16.57835,2.344841824,14.6552614,fixed
89.97708349989261,44,0.884,-0.002646586,-16.5411625,2.339582024,14.622387649999999,fixed
90.00005029991735,44,0.884,-0.002648152,-16.55095,2.340966368,14.6310398,fixed
90.02304469991941,44,0.884,-0.002648465,-16.55290625,2.34124306,14.632769125,fixed
90.04630179994274,44,0.884,-0.002644081,-16.52550625,2.337367604,14.608547524999999,fixed
90.07023369998205,44,0.884,-0.002648152,-16.55095,2.340966368,14.6310398,fixed
90.09291599993594,44,0.884,-0.002650657,-16.56660625,2.3431807879999997,14.644879925,fixed
90.117255799938,44,0.884,-0.002645021,-16.53138125,2.338198564,14.613741025,fixed
90.13993759988807,44,0.884,-0.002648152,-16.55095,2.340966368,14.6310398,fixed
90.1638189998921,44,0.884,-0.002650031,-16.56269375,2.342627404,14.641421275,fixed
90.18679569999222,44,0.884,-0.00264596,-16.53725,2.33902864,14.618929,fixed
90.2108114999719,44,0.884,-0.002650657,-16.56660625,2.3431807879999997,14.644879925,fixed
90.23396649991628,44,0.884,-0.002650657,-16.56660625,2.3431807879999997,14.644879925,fixed
90.25736329995561,44,0.884,-0.002647526,-16.5470375,2.340412984,14.62758115,fixed
90.2807919998886,44,0.884,-0.002652223,-16.576393749999998,2.344565132,14.653532074999998,fixed
90.30439479998313,44,0.884,-0.002651596,-16.572475,2.344010864,14.650067900000002,fixed
90.32827189995442,44,0.884,-0.002649091,-16.55681875,2.3417964440000003,14.636227775000002,fixed
90.35180239996407,44,0.884,-0.002652223,-16.576393749999998,2.344565132,14.653532074999998,fixed
90.37459009990562,44,0.884,-0.002648778,-16.5548625,2.3415197520000004,14.634498449999999,fixed
90.39734469994437,44,0.884,-0.002649405,-16.558781250000003,2.34207402,14.637962625000002,fixed
90.41883579990827,44,0.884,-0.002652536,-16.57835,2.344841824,14.6552614,fixed
90.44361359998584,44,0.884,-0.002654728,-16.59205,2.3467795519999997,14.6673722,fixed
90.46583299990743,44,0.884,-0.002649405,-16.558781250000003,2.34207402,14.637962625000002,fixed
90.49017589993309,44,0.884,-0.002652536,-16.57835,2.344841824,14.6552614,fixed
90.5121533999918,44,0.884,-0.002656293,-16.60183125,2.348163012,14.676018825,fixed
90.5378694999963,44,0.884,-0.00265191,-16.5744375,2.3442884399999997,14.651802749999998,fixed
90.56061709998176,44,0.884,-0.002652849,-16.58030625,2.3451185160000003,14.656990725,fixed
90.58509899990167,44,0.884,-0.002650657,-16.56660625,2.3431807879999997,14.644879925,fixed
90.6078617000021,44,0.884,-0.002647213,-16.54508125,2.340136292,14.625851825,fixed
90.63214169989806,44,0.884,-0.002653162,-16.5822625,2.3453952080000002,14.65872005,fixed
90.65586569998413,44,0.884,-0.002649718,-16.5607375,2.342350712,14.639691949999998,fixed
90.67865269992035,44,0.884,-0.002650031,-16.56269375,2.342627404,14.641421275,fixed
90.7029042999493,45,0.894,-0.002626594,-16.4162125,2.3481750359999998,14.676093975,fixed
90.72628299996722,45,0.894,-0.0026219,-16.386875,2.3439786,14.64986625,fixed
90.74899130000267,45,0.894,-0.002623152,-16.3947,2.345097888,14.6568618,fixed
90.77340159995947,45,0.894,-0.002625031,-16.406443749999998,2.3467777140000003,14.667360712499999,fixed
90.79666170000564,45,0.894,-0.002620334,-16.377087500000002,2.3425785960000005,14.641116225000001,fixed
90.82021789997816,45,0.894,-0.002622213,-16.38883125,2.3442584220000002,14.6516151375,fixed
90.84288469993044,45,0.894,-0.002624405,-16.40253125,2.34621807,14.6638629375,fixed
90.86747429997195,45,0.894,-0.002618142,-16.363387499999998,2.3406189480000004,14.628868424999999,fixed
90.89055339992046,45,0.894,-0.00262221,-16.3888125,2.34425574,14.651598375,fixed
90.9132611999521,45,0.894,-0.002622526,-16.390787500000002,2.344538244,14.653364025000002,fixed
90.93494619999547,45,0.894,-0.002620647,-16.37904375,2.3428584179999996,14.642865112500001,fixed
90.96152869996149,45,0.894,-0.002623465,-16.396656250000003,2.34537771,14.658610687500003,fixed
90.98503719992004,45,0.894,-0.002625342,-16.4083875,2.3470557480000003,14.669098425,fixed
91.00938909989782,45,0.894,-0.002624405,-16.40253125,2.34621807,14.6638629375,fixed
91.03181359998416,45,0.894,-0.002629414,-16.4338375,2.3506961160000004,14.691850725,fixed
91.05647329997737,45,0.894,-0.002626596,-16.416225,2.3481768240000003,14.676105150000001,fixed
91.0798894999316,45,0.894,-0.002624091,-16.400568749999998,2.345937354,14.662108462499999,fixed
91.10472159995697,45,0.894,-0.00262691,-16.4181875,2.34845754,14.677859624999998,fixed
91.12812949996442,45,0.894,-0.002621586,-16.3849125,2.343697884,14.648111774999999,fixed
91.15216279996093,45,0.894,-0.002625344,-16.4084,2.347057536,14.6691096,fixed
91.17529459996149,45,0.894,-0.002623152,-16.3947,2.345097888,14.6568618,fixed
91.19891069992445,45,0.894,-0.002622526,-16.390787500000002,2.344538244,14.653364025000002,fixed
91.22232379997149,45,0.894,-0.002628788,-16.429925,2.350136472,14.68835295,fixed
91.24596699990798,45,0.894,-0.002626283,-16.414268749999998,2.3478970020000003,14.674356262499998,fixed
91.26929389999714,45,0.894,-0.002626596,-16.416225,2.3481768240000003,14.676105150000001,fixed
91.29236139997374,45,0.894,-0.002629102,-16.4318875,2.350417188,14.690107424999999,fixed
91.31523819989525,45,0.894,-0.002627223,-16.42014375,2.3487373620000005,14.679608512500002,fixed
91.3382843999425,45,0.894,-0.00262597,-16.4123125,2.34761718,14.672607374999998,fixed
91.36090849991888,45,0.894,-0.002630354,-16.4397125,2.351536476,14.697102975,fixed
91.38521459989715,45,0.894,-0.002630041,-16.43775625,2.3512566539999997,14.6953540875,fixed
91.40830239991192,45,0.894,-0.002627223,-16.42014375,2.3487373620000005,14.679608512500002,fixed
91.43154249992222,45,0.894,-0.002632233,-16.45145625,2.353216302,14.7076018875,fixed
91.45402369997464,45,0.894,-0.002629102,-16.4318875,2.350417188,14.690107424999999,fixed
91.47918939997908,45,0.894,-0.002623465,-16.396656250000003,2.34537771,14.658610687500003,fixed
91.50207059993409,45,0.894,-0.002627223,-16.42014375,2.3487373620000005,14.679608512500002,fixed
91.52705309994053,45,0.894,-0.00262597,-16.4123125,2.34761718,14.672607374999998,fixed
91.55005819990765,45,0.894,-0.002627223,-16.42014375,2.3487373620000005,14.679608512500002,fixed
91.57328179990873,45,0.894,-0.002627849,-16.42405625,2.3492970059999996,14.6831062875,fixed
91.5966251998907,45,0.894,-0.002622839,-16.392743749999998,2.344818066,14.655112912499998,fixed
91.61886549997143,45,0.894,-0.002622213,-16.38883125,2.3442584220000002,14.6516151375,fixed
91.64141489996109,45,0.894,-0.00262597,-16.4123125,2.34761718,14.672607374999998,fixed
91.66271519998554,45,0.894,-0.002625344,-16.4084,2.347057536,14.6691096,fixed
91.68471409997437,45,0.894,-0.0026219,-16.386875,2.3439786,14.64986625,fixed
91.7092510999646,45,0.894,-0.002619708,-16.373175,2.342018952,14.63761845,fixed
91.73072029999457,45,0.894,-0.002625031,-16.406443749999998,2.3467777140000003,14.667360712499999,fixed
91.75619739992544,45,0.894,-0.002624405,-16.40253125,2.34621807,14.6638629375,fixed
91.77785999991465,45,0.894,-0.002620647,-16.37904375,2.3428584179999996,14.642865112500001,fixed
91.80313809996005,45,0.894,-0.002622839,-16.392743749999998,2.344818066,14.655112912499998,fixed
91.82476220000535,45,0.894,-0.002619395,-16.37121875,2.34173913,14.6358695625,fixed
91.85034629993606,45,0.894,-0.00262096,-16.380999999999997,2.3431382399999996,14.644613999999997,fixed
91.87221229996067,45,0.894,-0.002626283,-16.414268749999998,2.3478970020000003,14.674356262499998,fixed
91.89913599996362,45,0.894,-0.002623778,-16.3986125,2.3456575319999997,14.660359575,fixed
91.92195739992894,45,0.894,-0.002625031,-16.406443749999998,2.3467777140000003,14.667360712499999,fixed
91.94675119989552,45,0.894,-0.002622213,-16.38883125,2.3442584220000002,14.6516151375,fixed
91.97034199989866,45,0.894,-0.002622213,-16.38883125,2.3442584220000002,14.6516151375,fixed
91.99318569991738,45,0.894,-0.002623778,-16.3986125,2.3456575319999997,14.660359575,fixed
92.0160867999075,45,0.894,-0.002620021,-16.375131250000003,2.342298774,14.639367337500003,fixed
92.03960239992011,45,0.894,-0.002620647,-16.37904375,2.3428584179999996,14.642865112500001,fixed
92.06281959998887,45,0.894,-0.002626283,-16.414268749999998,2.3478970020000003,14.674356262499998,fixed
92.08599209995009,45,0.894,-0.002624718,-16.4044875,2.346497892,14.665611825,fixed
92.10941849998198,45,0.894,-0.002627536,-16.4221,2.349017184,14.681357400000001,fixed
92.13483489991631,45,0.894,-0.002632233,-16.45145625,2.353216302,14.7076018875,fixed
92.15827519993763,45,0.894,-0.002627223,-16.42014375,2.3487373620000005,14.679608512500002,fixed
92.18125559994951,45,0.894,-0.002631293,-16.44558125,2.352375942,14.702349637500001,fixed
92.20445079996716,45,0.894,-0.002634111,-16.463193750000002,2.3548952340000002,14.718095212500002,fixed
92.22928129998036,45,0.894,-0.002629728,-16.4358,2.350976832,14.6936052,fixed
92.25341239990667,45,0.894,-0.002635364,-16.471025,2.356015416,14.725096350000001,fixed
92.27657079999335,45,0.894,-0.002630667,-16.44166875,2.351816298,14.698851862500002,fixed
92.29989529994782,45,0.894,-0.002630354,-16.4397125,2.351536476,14.697102975,fixed
92.32325399992988,45,0.894,-0.002631919,-16.44949375,2.3529355859999996,14.705847412499999,fixed
92.34618469991256,45,0.894,-0.002624718,-16.4044875,2.346497892,14.665611825,fixed
92.36977459990885,45,0.894,-0.002624715,-16.40446875,2.34649521,14.6655950625,fixed
92.39356169989333,45,0.894,-0.002626283,-16.414268749999998,2.3478970020000003,14.674356262499998,fixed
92.41620639991015,45,0.894,-0.002618768,-16.3673,2.341178592,14.6323662,fixed
92.43944569991436,45,0.894,-0.002619081,-16.36925625,2.3414584140000003,14.6341150875,fixed
92.46630649990402,45,0.894,-0.002623778,-16.3986125,2.3456575319999997,14.660359575,fixed
92.4916971999919,45,0.894,-0.002623778,-16.3986125,2.3456575319999997,14.660359575,fixed
92.5133949998999,45,0.894,-0.002627536,-16.4221,2.349017184,14.681357400000001,fixed
92.53893899999093,45,0.894,-0.002624091,-16.400568749999998,2.345937354,14.662108462499999,fixed
92.56206309993286,45,0.894,-0.002629414,-16.4338375,2.3506961160000004,14.691850725,fixed
92.5869658999145,45,0.894,-0.002627849,-16.42405625,2.3492970059999996,14.6831062875,fixed
92.61018249997869,45,0.894,-0.00262691,-16.4181875,2.34845754,14.677859624999998,fixed
92.63326089992188,45,0.894,-0.002629414,-16.4338375,2.3506961160000004,14.691850725,fixed
92.65644699998666,45,0.894,-0.002624405,-16.40253125,2.34621807,14.6638629375,fixed
92.67956859990954,45,0.894,-0.002624091,-16.400568749999998,2.345937354,14.662108462499999,fixed
92.70280379999895,45,0.894,-0.00262691,-16.4181875,2.34845754,14.677859624999998,fixed
92.72811889997683,46,0.904,-0.002589697,-16.18560625,2.341086088,14.631788049999999,fixed
92.75117289996706,46,0.904,-0.002595021,-16.21888125,2.3458989839999997,14.661868649999999,fixed
92.77398929989431,46,0.904,-0.002595647,-16.22279375,2.346464888,14.665405550000001,fixed
92.79720109992195,46,0.904,-0.002590324,-16.189525,2.3416528960000003,14.6353306,fixed
92.82100679993164,46,0.904,-0.002594708,-16.216925,2.3456160319999997,14.6601002,fixed
92.84430839994457,46,0.904,-0.002596586,-16.228662500000002,2.347313744,14.670710900000003,fixed
92.86788519995753,46,0.904,-0.002593455,-16.20909375,2.34448332,14.653020750000001,fixed
92.89114779990632,46,0.904,-0.002599089,-16.24430625,2.3495764560000003,14.684852850000002,fixed
92.91413839999586,46,0.904,-0.002600657,-16.25410625,2.3509939280000003,14.69371205,fixed
92.93665559997316,46,0.904,-0.00259596,-16.22475,2.3467478400000004,14.667174000000001,fixed
92.95931959990412,46,0.904,-0.002596273,-16.22670625,2.3470307920000004,14.66894245,fixed
92.98190209991299,46,0.904,-0.002599404,-16.246274999999997,2.349861216,14.686632599999998,fixed
93.00727189995814,46,0.904,-0.002595647,-16.22279375,2.346464888,14.665405550000001,fixed
93.02929499989841,46,0.904,-0.002596586,-16.228662500000002,2.347313744,14.670710900000003,fixed
93.05366959993262,46,0.904,-0.002599718,-16.248237500000002,2.350145072,14.688406700000002,fixed
93.0750556999119,46,0.904,-0.002596899,-16.23061875,2.347596696,14.672479350000001,fixed
93.10116219997872,46,0.904,-0.002595647,-16.22279375,2.346464888,14.665405550000001,fixed
93.12330879992805,46,0.904,-0.002599718,-16.248237500000002,2.350145072,14.688406700000002,fixed
93.14667809999082,46,0.904,-0.002595021,-16.21888125,2.3458989839999997,14.661868649999999,fixed
93.16827209992334,46,0.904,-0.002593455,-16.20909375,2.34448332,14.653020750000001,fixed
93.19399269996211,46,0.904,-0.002595018,-16.2188625,2.3458962720000005,14.6618517,fixed
93.21630719990935,46,0.904,-0.002590324,-16.189525,2.3416528960000003,14.6353306,fixed
93.2405098999152,46,0.904,-0.002592829,-16.20518125,2.343917416,14.64948385,fixed
93.26290719991084,46,0.904,-0.002597526,-16.234537500000002,2.348163504,14.676021900000002,fixed
93.28743279993068,46,0.904,-0.002594708,-16.216925,2.3456160319999997,14.6601002,fixed
93.30959089996759,46,0.904,-0.002596586,-16.228662500000002,2.347313744,14.670710900000003,fixed
93.3342598999152,46,0.904,-0.002600344,-16.25215,2.3507109760000002,14.6919436,fixed
93.35647009999957,46,0.904,-0.00259596,-16.22475,2.3467478400000004,14.667174000000001,fixed
93.38090619991999,46,0.904,-0.002596586,-16.228662500000002,2.347313744,14.670710900000003,fixed
93.40331099997275,46,0.904,-0.002600344,-16.25215,2.3507109760000002,14.6919436,fixed
93.4285979999695,46,0.904,-0.002598152,-16.238449999999997,2.348729408,14.679558799999997,fixed
93.45018599997275,46,0.904,-0.002601283,-16.258018749999998,2.3515598319999995,14.697248949999999,fixed
93.47522919997573,46,0.904,-0.002601281,-16.25800625,2.351558024,14.697237650000002,fixed
93.4978716999758,46,0.904,-0.002596586,-16.228662500000002,2.347313744,14.670710900000003,fixed
93.52227729989681,46,0.904,-0.002600657,-16.25410625,2.3509939280000003,14.69371205,fixed
93.54514379997272,46,0.904,-0.00260097,-16.256062500000002,2.3512768800000003,14.695480500000002,fixed
93.57140049990267,46,0.904,-0.002597213,-16.23258125,2.347880552,14.67425345,fixed
93.59439569991082,46,0.904,-0.002601283,-16.258018749999998,2.3515598319999995,14.697248949999999,fixed
93.61839839990716,46,0.904,-0.00259596,-16.22475,2.3467478400000004,14.667174000000001,fixed
93.6417382999789,46,0.904,-0.002596586,-16.228662500000002,2.347313744,14.670710900000003,fixed
93.66504909994546,46,0.904,-0.002596899,-16.23061875,2.347596696,14.672479350000001,fixed
93.68867519998457,46,0.904,-0.002590637,-16.19148125,2.341935848,14.63709905,fixed
93.71240769990254,46,0.904,-0.002595334,-16.2208375,2.346181936,14.663637099999999,fixed
93.73557679995429,46,0.904,-0.002594708,-16.216925,2.3456160319999997,14.6601002,fixed
93.75816649990156,46,0.904,-0.002590637,-16.19148125,2.341935848,14.63709905,fixed
93.7813029999379,46,0.904,-0.002595021,-16.21888125,2.3458989839999997,14.661868649999999,fixed
93.80505079997238,46,0.904,-0.002597839,-16.23649375,2.348446456,14.677790350000002,fixed
93.82849139999598,46,0.904,-0.002595334,-16.2208375,2.346181936,14.663637099999999,fixed
93.85163289995398,46,0.904,-0.002600342,-16.2521375,2.350709168,14.6919323,fixed
93.87463769991882,46,0.904,-0.002600344,-16.25215,2.3507109760000002,14.6919436,fixed
93.89883629989345,46,0.904,-0.002596586,-16.228662500000002,2.347313744,14.670710900000003,fixed
93.92154439992737,46,0.904,-0.002600344,-16.25215,2.3507109760000002,14.6919436,fixed
93.94627489999402,46,0.904,-0.002602223,-16.263893749999998,2.352409592,14.702559949999998,fixed
93.97004809998907,46,0.904,-0.002598465,-16.24040625,2.34901236,14.68132725,fixed
93.99370909994468,46,0.904,-0.00260097,-16.256062500000002,2.3512768800000003,14.695480500000002,fixed
94.01687009993475,46,0.904,-0.00259596,-16.22475,2.3467478400000004,14.667174000000001,fixed
94.04015079990495,46,0.904,-0.002594394,-16.2149625,2.345332176,14.6583261,fixed
94.06370810000226,46,0.904,-0.002596899,-16.23061875,2.347596696,14.672479350000001,fixed
94.08681449992582,46,0.904,-0.002591576,-16.19735,2.342784704,14.6424044,fixed
94.10961279994808,46,0.904,-0.002588445,-16.17778125,2.33995428,14.62471425,fixed
94.1349060999928,46,0.904,-0.002592516,-16.203225,2.343634464,14.647715400000001,fixed
94.15877679991536,46,0.904,-0.002588132,-16.175825,2.339671328,14.6229458,fixed
94.18210559990257,46,0.904,-0.002591889,-16.19930625,2.3430676559999997,14.64417285,fixed
94.2057375999866,46,0.904,-0.002593453,-16.209081249999997,2.3444815119999998,14.653009449999997,fixed
94.22864489990752,46,0.904,-0.00259095,-16.193437499999998,2.3422188,14.638867499999998,fixed
94.25140039995313,46,0.904,-0.002593768,-16.21105,2.344766272,14.6547892,fixed
94.2749535999028,46,0.904,-0.002597526,-16.234537500000002,2.348163504,14.676021900000002,fixed
94.29843629989773,46,0.904,-0.002593768,-16.21105,2.344766272,14.6547892,fixed
94.32167789991945,46,0.904,-0.002597526,-16.234537500000002,2.348163504,14.676021900000002,fixed
94.34453239990398,46,0.904,-0.002599718,-16.248237500000002,2.350145072,14.688406700000002,fixed
94.36753279995173,46,0.904,-0.002594708,-16.216925,2.3456160319999997,14.6601002,fixed
94.3906549999956,46,0.904,-0.002596586,-16.228662500000002,2.347313744,14.670710900000003,fixed
94.41432229999918,46,0.904,-0.002598152,-16.238449999999997,2.348729408,14.679558799999997,fixed
94.43755779997446,46,0.904,-0.002590324,-16.189525,2.3416528960000003,14.6353306,fixed
94.46157899999525,46,0.904,-0.002591263,-16.19539375,2.342501752,14.640635950000002,fixed
94.48450479994062,46,0.904,-0.002593455,-16.20909375,2.34448332,14.653020750000001,fixed
94.5073177999584,46,0.904,-0.002589384,-16.18365,2.3408031360000003,14.6300196,fixed
94.53026549995411,46,0.904,-0.002590637,-16.19148125,2.341935848,14.63709905,fixed
94.55363619991113,46,0.904,-0.002593455,-16.20909375,2.34448332,14.653020750000001,fixed
94.57777319999877,46,0.904,-0.002590637,-16.19148125,2.341935848,14.63709905,fixed
94.60224699997343,46,0.904,-0.002591576,-16.19735,2.342784704,14.6424044,fixed
94.62580889998935,46,0.904,-0.002594708,-16.216925,2.3456160319999997,14.6601002,fixed
94.64762239996344,46,0.904,-0.002592516,-16.203225,2.343634464,14.647715400000001,fixed
94.67023489996791,46,0.904,-0.002595334,-16.2208375,2.346181936,14.663637099999999,fixed
94.69390839990228,46,0.904,-0.002598778,-16.2423625,2.349295312,14.683095699999999,fixed
94.71653599990532,46,0.904,-0.002595021,-16.21888125,2.3458989839999997,14.661868649999999,fixed
94.74186229996849,47,0.894,-0.002623778,-16.3986125,2.3456575319999997,14.660359575,fixed
94.76486279990058,47,0.894,-0.002626283,-16.414268749999998,2.3478970020000003,14.674356262499998,fixed
94.78892159997486,47,0.894,-0.002619395,-16.37121875,2.34173913,14.6358695625,fixed
94.81087809999008,47,0.894,-0.002621586,-16.3849125,2.343697884,14.648111774999999,fixed
94.83421399991494,47,0.894,-0.002623152,-16.3947,2.345097888,14.6568618,fixed
94.85762489994522,47,0.894,-0.002617829,-16.36143125,2.340339126,14.627119537499999,fixed
94.88252589991316,47,0.894,-0.002619395,-16.37121875,2.34173913,14.6358695625,fixed
94.9057932998985,47,0.894,-0.002624091,-16.400568749999998,2.345937354,14.662108462499999,fixed
94.93041379994247,47,0.894,-0.002620958,-16.3809875,2.343136452,14.644602825,fixed
94.95287559996359,47,0.894,-0.002628788,-16.429925,2.350136472,14.68835295,fixed
94.97511209989898,47,0.894,-0.002625344,-16.4084,2.347057536,14.6691096,fixed
94.99671739991754,47,0.894,-0.0026219,-16.386875,2.3439786,14.64986625,fixed
95.0219448999269,47,0.894,-0.002622526,-16.390787500000002,2.344538244,14.653364025000002,fixed
95.04451089992654,47,0.894,-0.002625657,-16.41035625,2.347337358,14.6708584875,fixed
95.06836059992202,47,0.894,-0.002620647,-16.37904375,2.3428584179999996,14.642865112500001,fixed
95.0916617999319,47,0.894,-0.002622213,-16.38883125,2.3442584220000002,14.6516151375,fixed
95.11536809999961,47,0.894,-0.002625031,-16.406443749999998,2.3467777140000003,14.667360712499999,fixed
95.13876749994233,47,0.894,-0.002618455,-16.36534375,2.34089877,14.630617312500002,fixed
95.16556919994764,47,0.894,-0.002622213,-16.38883125,2.3442584220000002,14.6516151375,fixed
95.19460259994958,47,0.894,-0.002620021,-16.375131250000003,2.342298774,14.639367337500003,fixed
95.21788079990074,47,0.894,-0.002623152,-16.3947,2.345097888,14.6568618,fixed
95.24192289996427,47,0.894,-0.002623465,-16.396656250000003,2.34537771,14.658610687500003,fixed
95.26493710000068,47,0.894,-0.002627847,-16.42404375,2.349295218,14.6830951125,fixed
95.28857149998657,47,0.894,-0.002623776,-16.3986,2.345655744,14.660348399999998,fixed
95.31197859998792,47,0.894,-0.00262691,-16.4181875,2.34845754,14.677859624999998,fixed
95.33567419997416,47,0.894,-0.002626283,-16.414268749999998,2.3478970020000003,14.674356262499998,fixed
95.35922419989947,47,0.894,-0.002619395,-16.37121875,2.34173913,14.6358695625,fixed
95.38452669989783,47,0.894,-0.002621273,-16.38295625,2.343418062,14.6463628875,fixed
95.40798419993371,47,0.894,-0.002619081,-16.36925625,2.3414584140000003,14.6341150875,fixed
95.43148949998431,47,0.894,-0.002620334,-16.377087500000002,2.3425785960000005,14.641116225000001,fixed
95.46038859989494,47,0.894,-0.00262597,-16.4123125,2.34761718,14.672607374999998,fixed
95.48330159997568,47,0.894,-0.00262691,-16.4181875,2.34845754,14.677859624999998,fixed
95.50595049990807,47,0.894,-0.00262691,-16.4181875,2.34845754,14.677859624999998,fixed
95.52764479990583,47,0.894,-0.002623778,-16.3986125,2.3456575319999997,14.660359575,fixed
95.55138429999352,47,0.894,-0.002625657,-16.41035625,2.347337358,14.6708584875,fixed
95.57300139998551,47,0.894,-0.002629728,-16.4358,2.350976832,14.6936052,fixed
95.599404699984,47,0.894,-0.002627536,-16.4221,2.349017184,14.681357400000001,fixed
95.62264139996842,47,0.894,-0.002626596,-16.416225,2.3481768240000003,14.676105150000001,fixed
95.64649429998826,47,0.894,-0.002625968,-16.4123,2.347615392,14.6725962,fixed
95.66986989998259,47,0.894,-0.002619708,-16.373175,2.342018952,14.63761845,fixed
95.69399549998343,47,0.894,-0.002623152,-16.3947,2.345097888,14.6568618,fixed
95.71691469999496,47,0.894,-0.002621273,-16.38295625,2.343418062,14.6463628875,fixed
95.74146599997766,47,0.894,-0.002620018,-16.3751125,2.3422960919999998,14.639350575,fixed
95.7649540998973,47,0.894,-0.002625031,-16.406443749999998,2.3467777140000003,14.667360712499999,fixed
95.7892404999584,47,0.894,-0.002621273,-16.38295625,2.343418062,14.6463628875,fixed
95.81202709989157,47,0.894,-0.002623778,-16.3986125,2.3456575319999997,14.660359575,fixed
95.8359115999192,47,0.894,-0.002627849,-16.42405625,2.3492970059999996,14.6831062875,fixed
95.85940669989213,47,0.894,-0.002623465,-16.396656250000003,2.34537771,14.658610687500003,fixed
95.88272419990972,47,0.894,-0.002628162,-16.4260125,2.349576828,14.684855175,fixed
95.90584089991171,47,0.894,-0.002629102,-16.4318875,2.350417188,14.690107424999999,fixed
95.92889729992021,47,0.894,-0.002625031,-16.406443749999998,2.3467777140000003,14.667360712499999,fixed
95.95205079996958,47,0.894,-0.00262691,-16.4181875,2.34845754,14.677859624999998,fixed
95.9769652999239,47,0.894,-0.002628475,-16.427968749999998,2.34985665,14.686604062499999,fixed
95.99968809995335,47,0.894,-0.002622526,-16.390787500000002,2.344538244,14.653364025000002,fixed
96.02311959990766,47,0.894,-0.002624718,-16.4044875,2.346497892,14.665611825,fixed
96.04588699992746,47,0.894,-0.00262597,-16.4123125,2.34761718,14.672607374999998,fixed
96.06945449998602,47,0.894,-0.0026219,-16.386875,2.3439786,14.64986625,fixed
96.09195109992288,47,0.894,-0.002625031,-16.406443749999998,2.3467777140000003,14.667360712499999,fixed
96.1176091999514,47,0.894,-0.002629414,-16.4338375,2.3506961160000004,14.691850725,fixed
96.14139929995872,47,0.894,-0.002625657,-16.41035625,2.347337358,14.6708584875,fixed
96.16424069995992,47,0.894,-0.002629728,-16.4358,2.350976832,14.6936052,fixed
96.18693319999147,47,0.894,-0.002627849,-16.42405625,2.3492970059999996,14.6831062875,fixed
96.2105687999865,47,0.894,-0.002623152,-16.3947,2.345097888,14.6568618,fixed
96.23474819993135,47,0.894,-0.002627849,-16.42405625,2.3492970059999996,14.6831062875,fixed
96.2581394999288,47,0.894,-0.002623152,-16.3947,2.345097888,14.6568618,fixed
96.28102509991731,47,0.894,-0.002622839,-16.392743749999998,2.344818066,14.655112912499998,fixed
96.30433849990368,47,0.894,-0.002628162,-16.4260125,2.349576828,14.684855175,fixed
96.3271236999426,47,0.894,-0.00262597,-16.4123125,2.34761718,14.672607374999998,fixed
96.35178859997541,47,0.894,-0.002624091,-16.400568749999998,2.345937354,14.662108462499999,fixed
96.37559999991208,47,0.894,-0.002628788,-16.429925,2.350136472,14.68835295,fixed
96.39917789993342,47,0.894,-0.002624405,-16.40253125,2.34621807,14.6638629375,fixed
96.42217829998117,47,0.894,-0.00262691,-16.4181875,2.34845754,14.677859624999998,fixed
96.44543779990636,47,0.894,-0.002629102,-16.4318875,2.350417188,14.690107424999999,fixed
96.46790819999296,47,0.894,-0.002627223,-16.42014375,2.3487373620000005,14.679608512500002,fixed
96.49398389994167,47,0.894,-0.002627849,-16.42405625,2.3492970059999996,14.6831062875,fixed
96.51688509993255,47,0.894,-0.002627849,-16.42405625,2.3492970059999996,14.6831062875,fixed
96.53980869997758,47,0.894,-0.002624405,-16.40253125,2.34621807,14.6638629375,fixed
96.56324539997149,47,0.894,-0.00262597,-16.4123125,2.34761718,14.672607374999998,fixed
96.58620419993531,47,0.894,-0.002626283,-16.414268749999998,2.3478970020000003,14.674356262499998,fixed
96.60913439991418,47,0.894,-0.002620021,-16.375131250000003,2.342298774,14.639367337500003,fixed
96.63349329994526,47,0.894,-0.002621273,-16.38295625,2.343418062,14.6463628875,fixed
96.65615439997055,47,0.894,-0.002624091,-16.400568749999998,2.345937354,14.662108462499999,fixed
96.67940149991773,47,0.894,-0.002620334,-16.377087500000002,2.3425785960000005,14.641116225000001,fixed
96.70209129992872,47,0.894,-0.002621273,-16.38295625,2.343418062,14.6463628875,fixed
96.72671239997726,47,0.894,-0.002625344,-16.4084,2.347057536,14.6691096,fixed
96.7512869000202,48,0.904,-0.002588445,-16.17778125,2.33995428,14.62471425,fixed
96.7747239000164,48,0.904,-0.002592516,-16.203225,2.343634464,14.647715400000001,fixed
96.80343620001804,48,0.904,-0.002589697,-16.18560625,2.341086088,14.631788049999999,fixed
96.82483320008032,48,0.904,-0.002593142,-16.2071375,2.344200368,14.651252300000001,fixed
96.84845830011182,48,0.904,-0.002590011,-16.18756875,2.341369944,14.633562150000001,fixed
96.87016400007997,48,0.904,-0.002590637,-16.19148125,2.341935848,14.63709905,fixed
96.89335680007935,48,0.904,-0.002594081,-16.213006249999996,2.3450492240000003,14.656557649999996,fixed
96.91486160003114,48,0.904,-0.002599404,-16.246274999999997,2.349861216,14.686632599999998,fixed
96.94155300001148,48,0.904,-0.002597526,-16.234537500000002,2.348163504,14.676021900000002,fixed
96.96280350000598,48,0.904,-0.002599718,-16.248237500000002,2.350145072,14.688406700000002,fixed
96.98883400007617,48,0.904,-0.002599718,-16.248237500000002,2.350145072,14.688406700000002,fixed
97.01199760008603,48,0.904,-0.002597526,-16.234537500000002,2.348163504,14.676021900000002,fixed
97.03935780003667,48,0.904,-0.002599091,-16.24431875,2.349578264,14.684864150000001,fixed
97.06247210002039,48,0.904,-0.002593455,-16.20909375,2.34448332,14.653020750000001,fixed
97.08600800007116,48,0.904,-0.002596273,-16.22670625,2.3470307920000004,14.66894245,fixed
97.10930120002013,48,0.904,-0.002592516,-16.203225,2.343634464,14.647715400000001,fixed
97.13179270003457,48,0.904,-0.002593455,-16.20909375,2.34448332,14.653020750000001,fixed
97.15545230009593,48,0.904,-0.00259596,-16.22475,2.3467478400000004,14.667174000000001,fixed
97.17895650002174,48,0.904,-0.002593142,-16.2071375,2.344200368,14.651252300000001,fixed
97.20291930006351,48,0.904,-0.002593142,-16.2071375,2.344200368,14.651252300000001,fixed
97.22679490002338,48,0.904,-0.002595021,-16.21888125,2.3458989839999997,14.661868649999999,fixed
97.25037780008279,48,0.904,-0.002590637,-16.19148125,2.341935848,14.63709905,fixed
97.27379830006976,48,0.904,-0.002595021,-16.21888125,2.3458989839999997,14.661868649999999,fixed
97.29728450009134,48,0.904,-0.00259815,-16.2384375,2.3487275999999997,14.6795475,fixed
97.32024250004906,48,0.904,-0.002591889,-16.19930625,2.3430676559999997,14.64417285,fixed
97.34398500004318,48,0.904,-0.002592516,-16.203225,2.343634464,14.647715400000001,fixed
97.36761670000851,48,0.904,-0.002591889,-16.19930625,2.3430676559999997,14.64417285,fixed
97.3907311001094,48,0.904,-0.002587506,-16.171912499999998,2.339105424,14.619408899999998,fixed
97.4142625000095,48,0.904,-0.002590324,-16.189525,2.3416528960000003,14.6353306,fixed
97.4373779000016,48,0.904,-0.002589071,-16.18169375,2.3405201840000003,14.62825115,fixed
97.46025980007835,48,0.904,-0.002586251,-16.16406875,2.3379709039999996,14.612318149999998,fixed
97.483609200106,48,0.904,-0.002591887,-16.199293750000002,2.343065848,14.644161550000003,fixed
97.50607580004726,48,0.904,-0.002596899,-16.23061875,2.347596696,14.672479350000001,fixed
97.52952330000699,48,0.904,-0.002595021,-16.21888125,2.3458989839999997,14.661868649999999,fixed
97.55336930009071,48,0.904,-0.002595332,-16.220824999999998,2.3461801280000003,14.663625799999998,fixed
97.57665940001607,48,0.904,-0.002597526,-16.234537500000002,2.348163504,14.676021900000002,fixed
97.60053840000182,48,0.904,-0.002591574,-16.1973375,2.342782896,14.6423931,fixed
97.62379020010121,48,0.904,-0.002591574,-16.1973375,2.342782896,14.6423931,fixed
97.64869330008514,48,0.904,-0.002592829,-16.20518125,2.343917416,14.64948385,fixed
97.67170910001732,48,0.904,-0.002588132,-16.175825,2.339671328,14.6229458,fixed
97.69513280002866,48,0.904,-0.002592513,-16.203206249999997,2.3436317520000003,14.647698449999998,fixed
97.71839080005884,48,0.904,-0.002592203,-16.20126875,2.3433515120000004,14.64594695,fixed
97.74217850004788,48,0.904,-0.00259095,-16.193437499999998,2.3422188,14.638867499999998,fixed
97.76535690005403,48,0.904,-0.002597839,-16.23649375,2.348446456,14.677790350000002,fixed
97.78945560008287,48,0.904,-0.002594705,-16.21690625,2.3456133200000004,14.660083250000001,fixed
97.81231070007198,48,0.904,-0.002593768,-16.21105,2.344766272,14.6547892,fixed
97.83638940006495,48,0.904,-0.002598465,-16.24040625,2.34901236,14.68132725,fixed
97.85926990001462,48,0.904,-0.002592203,-16.20126875,2.3433515120000004,14.64594695,fixed
97.88640510011464,48,0.904,-0.002591889,-16.19930625,2.3430676559999997,14.64417285,fixed
97.91366220009513,48,0.904,-0.002589384,-16.18365,2.3408031360000003,14.6300196,fixed
97.93625440006144,48,0.904,-0.002595021,-16.21888125,2.3458989839999997,14.661868649999999,fixed
97.95918840006925,48,0.904,-0.002589384,-16.18365,2.3408031360000003,14.6300196,fixed
97.98222530004568,48,0.904,-0.002590011,-16.18756875,2.341369944,14.633562150000001,fixed
98.00766520004254,48,0.904,-0.002593766,-16.2110375,2.344764464,14.654777900000001,fixed
98.03041000000667,48,0.904,-0.002589384,-16.18365,2.3408031360000003,14.6300196,fixed
98.0531427001115,48,0.904,-0.002592203,-16.20126875,2.3433515120000004,14.64594695,fixed
98.07659360009711,48,0.904,-0.00259596,-16.22475,2.3467478400000004,14.667174000000001,fixed
98.09899070009124,48,0.904,-0.002593766,-16.2110375,2.344764464,14.654777900000001,fixed
98.12318200001027,48,0.904,-0.002596586,-16.228662500000002,2.347313744,14.670710900000003,fixed
98.14664730010554,48,0.904,-0.002600657,-16.25410625,2.3509939280000003,14.69371205,fixed
98.1705762000056,48,0.904,-0.002593453,-16.209081249999997,2.3444815119999998,14.653009449999997,fixed
98.19274040008895,48,0.904,-0.002595334,-16.2208375,2.346181936,14.663637099999999,fixed
98.21413670002948,48,0.904,-0.002597526,-16.234537500000002,2.348163504,14.676021900000002,fixed
98.23792280000634,48,0.904,-0.002597839,-16.23649375,2.348446456,14.677790350000002,fixed
98.25986880005803,48,0.904,-0.002593455,-16.20909375,2.34448332,14.653020750000001,fixed
98.28577820002101,48,0.904,-0.002594394,-16.2149625,2.345332176,14.6583261,fixed
98.30905700009316,48,0.904,-0.002596897,-16.230606249999997,2.347594888,14.672468049999997,fixed
98.33233570004813,48,0.904,-0.002594079,-16.21299375,2.345047416,14.65654635,fixed
98.35563160001766,48,0.904,-0.00259596,-16.22475,2.3467478400000004,14.667174000000001,fixed
98.37913780007511,48,0.904,-0.00259314,-16.207125,2.34419856,14.651241000000002,fixed
98.40269110002555,48,0.904,-0.002590637,-16.19148125,2.341935848,14.63709905,fixed
98.42560320009943,48,0.904,-0.002593768,-16.21105,2.344766272,14.6547892,fixed
98.44887030008249,48,0.904,-0.002592829,-16.20518125,2.343917416,14.64948385,fixed
98.47272670001257,48,0.904,-0.002590011,-16.18756875,2.341369944,14.633562150000001,fixed
98.4956746000098,48,0.904,-0.002596584,-16.22865,2.347311936,14.670699599999999,fixed
98.51968710008077,48,0.904,-0.002595334,-16.2208375,2.346181936,14.663637099999999,fixed
98.54276270000264,48,0.904,-0.002591263,-16.19539375,2.342501752,14.640635950000002,fixed
98.56595540000126,48,0.904,-0.002595021,-16.21888125,2.3458989839999997,14.661868649999999,fixed
98.5892143000383,48,0.904,-0.002592829,-16.20518125,2.343917416,14.64948385,fixed
98.61290130007546,48,0.904,-0.002588758,-16.179737499999998,2.3402372320000002,14.626482699999999,fixed
98.6358321000589,48,0.904,-0.002592829,-16.20518125,2.343917416,14.64948385,fixed
98.65820870001335,48,0.904,-0.002590637,-16.19148125,2.341935848,14.63709905,fixed
98.68182110006455,48,0.904,-0.002587819,-16.17386875,2.3393883759999996,14.62117735,fixed
98.70663460006472,48,0.904,-0.002592203,-16.20126875,2.3433515120000004,14.64594695,fixed
98.72970830008853,48,0.904,-0.002593455,-16.20909375,2.34448332,14.653020750000001,fixed
98.75365309999324,49,0.894,-0.002626283,-16.414268749999998,2.3478970020000003,14.674356262499998,fixed
98.77688559994567,49,0.894,-0.00263098,-16.443625,2.35209612,14.700600750000001,fixed
98.80145919998176,49,0.894,-0.00262597,-16.4123125,2.34761718,14.672607374999998,fixed
98.82474629988428,49,0.894,-0.00262691,-16.4181875,2.34845754,14.677859624999998,fixed
98.84795229998417,49,0.894,-0.002626283,-16.414268749999998,2.3478970020000003,14.674356262499998,fixed
98.87061029998586,49,0.894,-0.002619081,-16.36925625,2.3414584140000003,14.6341150875,fixed
98.89482319995295,49,0.894,-0.002618455,-16.36534375,2.34089877,14.630617312500002,fixed
98.91748819989152,49,0.894,-0.002620334,-16.377087500000002,2.3425785960000005,14.641116225000001,fixed
98.94111139990855,49,0.894,-0.002614385,-16.33990625,2.33726019,14.607876187499999,fixed
98.96284399996512,49,0.894,-0.002616263,-16.35164375,2.338939122,14.618369512500001,fixed
98.98746089998167,49,0.894,-0.00262096,-16.380999999999997,2.3431382399999996,14.644613999999997,fixed
99.00999299995601,49,0.894,-0.002618142,-16.363387499999998,2.3406189480000004,14.628868424999999,fixed
99.0347450999543,49,0.894,-0.002619081,-16.36925625,2.3414584140000003,14.6341150875,fixed
99.05743609997444,49,0.894,-0.002624718,-16.4044875,2.346497892,14.665611825,fixed
99.08303619991057,49,0.894,-0.002619708,-16.373175,2.342018952,14.63761845,fixed
99.1059628999792,49,0.894,-0.002624089,-16.40055625,2.3459355659999996,14.662097287500002,fixed
99.12974149989896,49,0.894,-0.002624405,-16.40253125,2.34621807,14.6638629375,fixed
99.15286489995196,49,0.894,-0.002620018,-16.3751125,2.3422960919999998,14.639350575,fixed
99.17602069990244,49,0.894,-0.002624405,-16.40253125,2.34621807,14.6638629375,fixed
99.19850549998228,49,0.894,-0.0026219,-16.386875,2.3439786,14.64986625,fixed
99.22291149990633,49,0.894,-0.002616574,-16.3535875,2.339217156,14.620107225,fixed
99.24552809994202,49,0.894,-0.002619392,-16.371199999999998,2.341736448,14.635852799999999,fixed
99.27037689997815,49,0.894,-0.002618768,-16.3673,2.341178592,14.6323662,fixed
99.29362519993447,49,0.894,-0.002616261,-16.351631249999997,2.338937334,14.618358337499998,fixed
99.3162822999293,49,0.894,-0.002621586,-16.3849125,2.343697884,14.648111774999999,fixed
99.33956049999688,49,0.894,-0.002620334,-16.377087500000002,2.3425785960000005,14.641116225000001,fixed
99.36570999992546,49,0.894,-0.002619705,-16.373156249999997,2.34201627,14.637601687499998,fixed
99.38898189994507,49,0.894,-0.002624718,-16.4044875,2.346497892,14.665611825,fixed
99.41236279997975,49,0.894,-0.002620647,-16.37904375,2.3428584179999996,14.642865112500001,fixed
99.43571789993439,49,0.894,-0.002625344,-16.4084,2.347057536,14.6691096,fixed
99.45887249999214,49,0.894,-0.002624405,-16.40253125,2.34621807,14.6638629375,fixed
99.4817012998974,49,0.894,-0.002620334,-16.377087500000002,2.3425785960000005,14.641116225000001,fixed
99.5059630998876,49,0.894,-0.002622526,-16.390787500000002,2.344538244,14.653364025000002,fixed
99.5284947999753,49,0.894,-0.002623465,-16.396656250000003,2.34537771,14.658610687500003,fixed
99.55346229998395,49,0.894,-0.002621584,-16.384900000000002,2.3436960960000004,14.648100600000001,fixed
99.5769976999145,49,0.894,-0.002626596,-16.416225,2.3481768240000003,14.676105150000001,fixed
99.60007939988282,49,0.894,-0.002625031,-16.406443749999998,2.3467777140000003,14.667360712499999,fixed
99.6556336999638,49,0.894,-0.002622213,-16.38883125,2.3442584220000002,14.6516151375,fixed
99.67872839991469,49,0.894,-0.002622837,-16.392731249999997,2.3448162779999997,14.655101737499997,fixed
99.701756299939,49,0.894,-0.002619081,-16.36925625,2.3414584140000003,14.6341150875,fixed
99.72458739997819,49,0.894,-0.002621584,-16.384900000000002,2.3436960960000004,14.648100600000001,fixed
99.74795219989028,49,0.894,-0.002622213,-16.38883125,2.3442584220000002,14.6516151375,fixed
99.77121019992046,49,0.894,-0.002616263,-16.35164375,2.338939122,14.618369512500001,fixed
99.79408969997894,49,0.894,-0.002617203,-16.35751875,2.339779482,14.623621762500001,fixed
99.81733049999457,49,0.894,-0.0026219,-16.386875,2.3439786,14.64986625,fixed
99.83965359989088,49,0.894,-0.002620021,-16.375131250000003,2.342298774,14.639367337500003,fixed
99.86354819999542,49,0.894,-0.002618455,-16.36534375,2.34089877,14.630617312500002,fixed
99.88705569994636,49,0.894,-0.002622839,-16.392743749999998,2.344818066,14.655112912499998,fixed
99.91114729992114,49,0.894,-0.002621586,-16.3849125,2.343697884,14.648111774999999,fixed
99.9342037999304,49,0.894,-0.002621271,-16.38294375,2.3434162740000004,14.6463517125,fixed
99.95955929998308,49,0.894,-0.002625657,-16.41035625,2.347337358,14.6708584875,fixed
99.98878809995949,49,0.894,-0.002619708,-16.373175,2.342018952,14.63761845,fixed
100.0116783999838,49,0.894,-0.002618455,-16.36534375,2.34089877,14.630617312500002,fixed
100.03481999994256,49,0.894,-0.002620334,-16.377087500000002,2.3425785960000005,14.641116225000001,fixed
100.058500599931,49,0.894,-0.002621586,-16.3849125,2.343697884,14.648111774999999,fixed
100.0818927999353,49,0.894,-0.002615324,-16.345775,2.3380996560000002,14.61312285,fixed
100.10495139996056,49,0.894,-0.002618768,-16.3673,2.341178592,14.6323662,fixed
100.12846159993205,49,0.894,-0.0026219,-16.386875,2.3439786,14.64986625,fixed
100.15173639997374,49,0.894,-0.002618142,-16.363387499999998,2.3406189480000004,14.628868424999999,fixed
100.17683699994814,49,0.894,-0.002621273,-16.38295625,2.343418062,14.6463628875,fixed
100.19970339990687,49,0.894,-0.00262096,-16.380999999999997,2.3431382399999996,14.644613999999997,fixed
100.22371549997479,49,0.894,-0.002615324,-16.345775,2.3380996560000002,14.61312285,fixed
100.2471782999346,49,0.894,-0.002618455,-16.36534375,2.34089877,14.630617312500002,fixed
100.27021459990647,49,0.894,-0.002614698,-16.341862499999998,2.337540012,14.609625074999999,fixed
100.29307779995725,49,0.894,-0.002611253,-16.32033125,2.334460182,14.5903761375,fixed
100.31682029995136,49,0.894,-0.002614385,-16.33990625,2.33726019,14.607876187499999,fixed
100.34035699989181,49,0.894,-0.002614385,-16.33990625,2.33726019,14.607876187499999,fixed
100.36386219994165,49,0.894,-0.002610627,-16.31641875,2.333900538,14.5868783625,fixed
100.38677109999117,49,0.894,-0.002615948,-16.349674999999998,2.3386575119999997,14.616609449999999,fixed
100.41059079999104,49,0.894,-0.002615635,-16.34771875,2.3383776899999997,14.614860562499999,fixed
100.43391099991277,49,0.894,-0.002611879,-16.32424375,2.335019826,14.593873912500001,fixed
100.45647829992231,49,0.894,-0.002615011,-16.34381875,2.3378198340000003,14.6113739625,fixed
100.47976469993591,49,0.894,-0.002612819,-16.33011875,2.335860186,14.599126162500001,fixed
100.50269289989956,49,0.894,-0.002607809,-16.29880625,2.331381246,14.571132787499998,fixed
100.52592269994784,49,0.894,-0.00261094,-16.318375,2.33418036,14.58862725,fixed
100.55063669988886,49,0.894,-0.002611253,-16.32033125,2.334460182,14.5903761375,fixed
100.57429669995327,49,0.894,-0.002604675,-16.27921875,2.32857945,14.553621562499998,fixed
100.59691139997449,49,0.894,-0.002609061,-16.30663125,2.3325005340000002,14.578128337499999,fixed
100.62019409995992,49,0.894,-0.002608435,-16.30271875,2.3319408900000003,14.574630562500001,fixed
100.64373599993996,49,0.894,-0.002606243,-16.289018749999997,2.329981242,14.562382762499997,fixed
100.66696319996845,49,0.894,-0.002611253,-16.32033125,2.334460182,14.5903761375,fixed
100.69087399996351,49,0.894,-0.002609061,-16.30663125,2.3325005340000002,14.578128337499999,fixed
100.71430329990108,49,0.894,-0.002605304,-16.283150000000003,2.329141776,14.557136100000003,fixed
100.73965549992863,49,0.894,-0.002610627,-16.31641875,2.333900538,14.5868783625,fixed
