time(s),cycle,voltage(V),current(A),j_current(mA/cm²),power(mW),power_density(mW/cm²),method
1.4535768999994616,0,0.7,-0.01755767,-3.511534,12.290369,2.4580737999999998,fixed
1.538310600000841,0,0.7,-0.01755393,-3.5107859999999995,12.287750999999998,2.4575501999999996,fixed
1.6218334000004688,0,0.7,-0.01755033,-3.5100659999999997,12.285231,2.4570461999999997,fixed
1.7053339999984019,0,0.7,-0.01755134,-3.510268,12.285937999999998,2.4571875999999997,fixed
1.7888221999965026,0,0.7,-0.01755553,-3.5111060000000003,12.288871,2.4577742000000002,fixed
1.8723124000025564,0,0.7,-0.01755057,-3.510114,12.285399,2.4570798,fixed
1.9557990000030259,0,0.7,-0.01755156,-3.5103120000000003,12.286092,2.4572184,fixed
2.0392814000006183,0,0.7,-0.0175497,-3.5099400000000003,12.284790000000001,2.456958,fixed
2.1240431999904104,1,0.6863327063851232,-0.01762245,-3.52449,12.094863801636516,2.418972760327303,fixed
2.2075407999946037,1,0.6863327063851232,-0.01761926,-3.523852,12.092674400303148,2.4185348800606294,fixed
2.291051199994399,1,0.6863327063851232,-0.01761695,-3.52339,12.091088971751397,2.418217794350279,fixed
2.3745072999954573,1,0.6863327063851232,-0.0176115,-3.5223,12.087348458501598,2.4174696917003193,fixed
2.4582119999904535,1,0.6863327063851232,-0.01761617,-3.523234,12.090553632240416,2.4181107264480834,fixed
2.5416433999926085,1,0.6863327063851232,-0.01761881,-3.523762,12.092365550585273,2.4184731101170547,fixed
2.625456199995824,1,0.6863327063851232,-0.01761832,-3.523664,12.092029247559143,2.418405849511829,fixed
2.7094709999946645,1,0.6863327063851232,-0.01761824,-3.523648,12.091974340942633,2.4183948681885266,fixed
2.79346209999494,1,0.6863327063851232,-0.0176185,-3.5236999999999994,12.092152787446292,2.418430557489258,fixed
2.877478799993696,1,0.6863327063851232,-0.01761569,-3.5231380000000003,12.090224192541351,2.4180448385082705,fixed
2.961316099994292,1,0.6863327063851232,-0.0176157,-3.52314,12.090231055868415,2.4180462111736833,fixed
3.0448967999909655,1,0.6863327063851232,-0.01761345,-3.52269,12.088686807279048,2.4177373614558095,fixed
3.128412299993215,1,0.6863327063851232,-0.01761154,-3.5223079999999998,12.087375911809852,2.4174751823619705,fixed
3.2118888999902993,1,0.6863327063851232,-0.01761372,-3.5227440000000003,12.088872117109773,2.417774423421955,fixed
3.2953778999944916,1,0.6863327063851232,-0.01760511,-3.521022,12.082962792507796,2.4165925585015593,fixed
3.3788537999935215,1,0.6863327063851232,-0.01761458,-3.522916,12.089462363237265,2.417892472647453,fixed
3.4622957999963546,1,0.6863327063851232,-0.01761047,-3.522094,12.086641535814021,2.4173283071628044,fixed
3.545784099995217,1,0.6863327063851232,-0.01760714,-3.5214280000000002,12.084356047901759,2.4168712095803517,fixed
3.629214199994749,1,0.6863327063851232,-0.01760185,-3.5203699999999998,12.08072534788498,2.416145069576996,fixed
3.7126212999937707,1,0.6863327063851232,-0.01760841,-3.5216820000000006,12.085227690438868,2.417045538087774,fixed
3.7961052999962703,1,0.6863327063851232,-0.01760939,-3.5218779999999996,12.085900296491126,2.4171800592982247,fixed
3.8795899999895482,1,0.6863327063851232,-0.01761132,-3.522264,12.08722491861445,2.4174449837228895,fixed
3.9629793999920366,1,0.6863327063851232,-0.01761061,-3.5221219999999995,12.086737622392913,2.4173475244785827,fixed
4.046675899990078,1,0.6863327063851232,-0.01760798,-3.5215959999999997,12.084932567375121,2.4169865134750244,fixed
4.13150169999426,2,0.7715158751946829,-0.01690828,-3.3816560000000004,13.045006442236755,2.609001288447351,fixed
4.216093599992746,2,0.7715158751946829,-0.01690516,-3.381032,13.042599312706145,2.608519862541229,fixed
4.2999651999925845,2,0.7715158751946829,-0.01690615,-3.38123,13.04336311342259,2.6086726226845176,fixed
4.383727099993848,2,0.7715158751946829,-0.01690522,-3.381044,13.042645603658656,2.6085291207317316,fixed
4.467503599997144,2,0.7715158751946829,-0.01690543,-3.381086,13.042807621992447,2.6085615243984894,fixed
4.5514751999944565,2,0.7715158751946829,-0.01690621,-3.3812420000000003,13.043409404375101,2.6086818808750203,fixed
4.635571599996183,2,0.7715158751946829,-0.01690882,-3.3817640000000004,13.045423060809359,2.609084612161872,fixed
4.7195731999963755,2,0.7715158751946829,-0.01690556,-3.3811120000000003,13.042907919056223,2.608581583811245,fixed
4.803534699996817,2,0.7715158751946829,-0.01690591,-3.381182,13.043177949612542,2.608635589922508,fixed
4.887647999996261,2,0.7715158751946829,-0.01690863,-3.3817260000000005,13.045276472793072,2.6090552945586145,fixed
4.9717297999959555,2,0.7715158751946829,-0.01690352,-3.3807039999999993,13.041334026670825,2.6082668053341647,fixed
5.055530599995109,2,0.7715158751946829,-0.01690738,-3.381476,13.044312077949076,2.6088624155898157,fixed
5.139019999995071,2,0.7715158751946829,-0.01690038,-3.380076,13.038911466822714,2.6077822933645427,fixed
5.222483799996553,2,0.7715158751946829,-0.01689113,-3.378226,13.031774944977165,2.606354988995433,fixed
5.306181499996455,2,0.7715158751946829,-0.01690304,-3.380608,13.040963699050733,2.6081927398101468,fixed
5.389918999993824,2,0.7715158751946829,-0.01689917,-3.3798340000000002,13.03797793261373,2.6075955865227463,fixed
5.473692799991113,2,0.7715158751946829,-0.01689872,-3.3797439999999996,13.03763075046989,2.607526150093978,fixed
5.557156599992595,2,0.7715158751946829,-0.01689285,-3.37857,13.0331019522825,2.6066203904564995,fixed
5.6406206999963615,2,0.7715158751946829,-0.01689539,-3.379078,13.035061602605493,2.6070123205210987,fixed
5.724545399993076,2,0.7715158751946829,-0.01689851,-3.3797019999999995,13.0374687321361,2.60749374642722,fixed
5.808377799992741,2,0.7715158751946829,-0.01689561,-3.3791219999999997,13.035231336098034,2.607046267219607,fixed
5.892293299992161,2,0.7715158751946829,-0.01690085,-3.3801699999999997,13.039274079284056,2.607854815856811,fixed
5.976198399992427,2,0.7715158751946829,-0.01690431,-3.3808619999999996,13.041943524212229,2.608388704842446,fixed
6.059965599997668,2,0.7715158751946829,-0.01690223,-3.380446,13.040338771191825,2.6080677542383652,fixed
6.1452110999962315,3,0.8218420817435619,-0.01605162,-3.210324,13.191896796156591,2.6383793592313185,fixed
6.228927999996813,3,0.8218420817435619,-0.01604938,-3.209876,13.190055869893486,2.6380111739786973,fixed
6.312688699996215,3,0.8218420817435619,-0.01605317,-3.2106339999999998,13.193170651383294,2.638634130276659,fixed
6.396602399996482,3,0.8218420817435619,-0.01605126,-3.2102520000000005,13.191600933007166,2.6383201866014336,fixed
6.480587999991258,3,0.8218420817435619,-0.01604768,-3.209536000000001,13.188658738354524,2.6377317476709052,fixed
6.564683899996453,3,0.8218420817435619,-0.01605475,-3.2109499999999995,13.19446916187245,2.6388938323744897,fixed
6.648528099991381,3,0.8218420817435619,-0.01605069,-3.2101379999999997,13.19113248302057,2.6382264966041142,fixed
6.7321966999952565,3,0.8218420817435619,-0.01604669,-3.209338,13.187845114693596,2.6375690229387194,fixed
6.816187299991725,3,0.8218420817435619,-0.0160495,-3.2099,13.190154490943296,2.6380308981886595,fixed
6.9001628999903915,3,0.8218420817435619,-0.01604922,-3.2098439999999995,13.189924375160409,2.6379848750320813,fixed
6.9841414999973495,3,0.8218420817435619,-0.01605068,-3.210136,13.191124264599756,2.638224852919951,fixed
7.067979899991769,3,0.8218420817435619,-0.01604897,-3.209794,13.189718914639972,2.6379437829279944,fixed
7.151860599995416,3,0.8218420817435619,-0.0160456,-3.20912,13.186949306824497,2.637389861364899,fixed
7.237043599991011,3,0.8218420817435619,-0.01604764,-3.2095279999999997,13.188625864671252,2.6377251729342506,fixed
7.321021499992639,3,0.8218420817435619,-0.01604951,-3.2099019999999996,13.190162709364113,2.6380325418728225,fixed
7.409776999993483,3,0.8218420817435619,-0.01603291,-3.206582,13.176520130807171,2.635304026161434,fixed
7.493414299991855,3,0.8218420817435619,-0.01604135,-3.2082699999999997,13.183456477977087,2.636691295595417,fixed
7.576928599992243,3,0.8218420817435619,-0.01604,-3.2079999999999997,13.182346991166732,2.6364693982333463,fixed
7.66059549999045,3,0.8218420817435619,-0.01604327,-3.208654,13.185034414774034,2.637006882954807,fixed
7.744689699997252,3,0.8218420817435619,-0.01604339,-3.2086780000000004,13.185133035823844,2.6370266071647688,fixed
7.828624499990838,3,0.8218420817435619,-0.01603932,-3.207864,13.181788138551147,2.6363576277102294,fixed
7.912700099994254,3,0.8218420817435619,-0.01603922,-3.207844,13.181705954342974,2.6363411908685945,fixed
7.996383699995931,3,0.8218420817435619,-0.01603537,-3.207074,13.17854186232826,2.635708372465652,fixed
8.080274699990696,3,0.8218420817435619,-0.01602923,-3.2058459999999998,13.173495751946353,2.6346991503892707,fixed
8.165639899998496,4,0.845650640873259,-0.01542966,-3.085932,13.04810186745649,2.609620373491298,fixed
8.250504200004798,4,0.845650640873259,-0.01543446,-3.086892,13.052160990532682,2.6104321981065364,fixed
8.339244200004032,4,0.845650640873259,-0.01543434,-3.086868,13.052059512455777,2.610411902491155,fixed
8.423160300000745,4,0.845650640873259,-0.01542836,-3.0856719999999997,13.047002521623353,2.609400504324671,fixed
8.507240800005093,4,0.845650640873259,-0.0154243,-3.08486,13.043569180021409,2.6087138360042816,fixed
8.591380400001071,4,0.845650640873259,-0.01542667,-3.085334,13.045573372040279,2.609114674408056,fixed
8.675374900005409,4,0.845650640873259,-0.01542247,-3.0844940000000003,13.042021639348611,2.6084043278697226,fixed
8.758853400002408,4,0.845650640873259,-0.01542252,-3.084504,13.042063921880654,2.608412784376131,fixed
8.842347199999494,4,0.845650640873259,-0.01541497,-3.0829940000000002,13.03567925954206,2.6071358519084127,fixed
8.926313700001629,4,0.845650640873259,-0.01541998,-3.083996,13.039915969252837,2.6079831938505675,fixed
9.010271300001477,4,0.845650640873259,-0.01541922,-3.083844,13.039273274765772,2.6078546549531545,fixed
9.094065400000545,4,0.845650640873259,-0.01542008,-3.0840159999999996,13.040000534316924,2.6080001068633845,fixed
9.17814129999897,4,0.845650640873259,-0.01541552,-3.083104,13.036144367394543,2.6072288734789084,fixed
9.262295200001972,4,0.845650640873259,-0.01542194,-3.084388,13.041573444508948,2.60831468890179,fixed
9.346427199998288,4,0.845650640873259,-0.01541656,-3.083312,13.03702384406105,2.6074047688122097,fixed
9.430355399999826,4,0.845650640873259,-0.0154106,-3.08212,13.031983766241446,2.6063967532482892,fixed
9.514400100000785,4,0.845650640873259,-0.01541612,-3.083224,13.036651757779067,2.607330351555813,fixed
9.598334700000123,4,0.845650640873259,-0.01541369,-3.082738,13.034596826721744,2.606919365344349,fixed
9.682182299999113,4,0.845650640873259,-0.01541043,-3.082086,13.031840005632498,2.606368001126499,fixed
9.766297400004987,4,0.845650640873259,-0.01541368,-3.082736,13.034588370215335,2.6069176740430673,fixed
9.850382299999183,4,0.845650640873259,-0.01541295,-3.08259,13.0339710452475,2.6067942090494998,fixed
9.93456470000092,4,0.845650640873259,-0.01540688,-3.0813759999999997,13.028837945857397,2.6057675891714793,fixed
10.018467200003215,4,0.845650640873259,-0.01541044,-3.0820879999999997,13.031848462138905,2.606369692427781,fixed
10.101977099999203,4,0.845650640873259,-0.0154136,-3.0827199999999997,13.034520718164066,2.606904143632813,fixed
10.187072099994111,5,0.7214373629133577,-0.01735762,-3.471524,12.522435599252157,2.504487119850431,fixed
10.27063459999772,5,0.7214373629133577,-0.01736308,-3.472616,12.526374647253663,2.5052749294507324,fixed
10.354165699995065,5,0.7214373629133577,-0.01736058,-3.4721159999999998,12.52457105384638,2.5049142107692757,fixed
10.43783099999564,5,0.7214373629133577,-0.01735493,-3.470986,12.520494932745919,2.5040989865491836,fixed
10.522026799997548,5,0.7214373629133577,-0.01735564,-3.4711279999999993,12.521007153273585,2.504201430654717,fixed
10.606221599999117,5,0.7214373629133577,-0.01735667,-3.471334,12.521750233757388,2.504350046751478,fixed
10.690386199996283,5,0.7214373629133577,-0.01735772,-3.471544,12.522507742988447,2.5045015485976894,fixed
10.77482289999898,5,0.7214373629133577,-0.01735882,-3.4717640000000003,12.523301324087651,2.5046602648175305,fixed
10.858636199998728,5,0.7214373629133577,-0.01735591,-3.4711819999999998,12.521201941361573,2.5042403882723145,fixed
10.94255179999891,5,0.7214373629133577,-0.01735711,-3.4714219999999996,12.522067666197069,2.5044135332394135,fixed
11.026356799993664,5,0.7214373629133577,-0.01735329,-3.4706580000000002,12.519311775470742,2.5038623550941486,fixed
11.110076400000253,5,0.7214373629133577,-0.01735171,-3.470342,12.518171904437338,2.5036343808874677,fixed
11.194011100000353,5,0.7214373629133577,-0.01735645,-3.4712899999999998,12.521591517537546,2.5043183035075094,fixed
11.277920299995458,5,0.7214373629133577,-0.01735042,-3.470084,12.517241250239179,2.503448250047836,fixed
11.362078399994061,5,0.7214373629133577,-0.01735595,-3.47119,12.52123079885609,2.5042461597712182,fixed
11.447726200000034,5,0.7214373629133577,-0.01735103,-3.470206,12.517681327030557,2.5035362654061113,fixed
11.534591899995576,5,0.7214373629133577,-0.0173516,-3.4703199999999996,12.518092546327415,2.503618509265483,fixed
11.618535299996438,5,0.7214373629133577,-0.01734847,-3.4696940000000005,12.5158344473815,2.5031668894763,fixed
11.702449299998989,5,0.7214373629133577,-0.01734913,-3.4698260000000003,12.516310596041022,2.5032621192082045,fixed
11.786589499999536,5,0.7214373629133577,-0.01735252,-3.4705039999999996,12.518756268701297,2.5037512537402593,fixed
11.870600700000068,5,0.7214373629133577,-0.01735359,-3.4707179999999993,12.519528206679615,2.5039056413359226,fixed
11.954364599994733,5,0.7214373629133577,-0.01735684,-3.4713679999999996,12.521872878109082,2.5043745756218163,fixed
12.038026399997761,5,0.7214373629133577,-0.01735663,-3.4713260000000004,12.521721376262873,2.5043442752525746,fixed
12.12185359999421,5,0.7214373629133577,-0.01735589,-3.4711779999999997,12.521187512614315,2.5042375025228627,fixed
12.207154899995658,6,0.7613327063851232,-0.01698427,-3.396854,12.930680245075656,2.5861360490151313,fixed
12.29114750000008,6,0.7613327063851232,-0.01698865,-3.39773,12.934014882329624,2.5868029764659246,fixed
12.374959199994919,6,0.7613327063851232,-0.01698498,-3.396996,12.93122079129719,2.586244158259438,fixed
12.458800399996107,6,0.7613327063851232,-0.01697585,-3.3951700000000002,12.924269823687894,2.584853964737579,fixed
12.544289199999184,6,0.7613327063851232,-0.0169855,-3.3971000000000005,12.93161668430451,2.5863233368609024,fixed
12.628291799999715,6,0.7613327063851232,-0.01698475,-3.3969499999999995,12.931045684774721,2.5862091369549436,fixed
12.712483899995277,6,0.7613327063851232,-0.01698272,-3.396544,12.929500179380758,2.585900035876152,fixed
12.796435199998086,6,0.7613327063851232,-0.0169832,-3.39664,12.929865619079825,2.5859731238159647,fixed
12.880355999994208,6,0.7613327063851232,-0.0169833,-3.39666,12.929941752350462,2.5859883504700925,fixed
12.964353299998038,6,0.7613327063851232,-0.01696162,-3.392324,12.913436059276032,2.5826872118552067,fixed
13.048403799999505,6,0.7613327063851232,-0.01696888,-3.393776,12.918963334724387,2.583792666944878,fixed
13.132448999996996,6,0.7613327063851232,-0.01697821,-3.395642,12.926066568874962,2.5852133137749926,fixed
13.216596499994921,6,0.7613327063851232,-0.01697397,-3.394794,12.92283851819989,2.584567703639978,fixed
13.30069789999834,6,0.7613327063851232,-0.01698432,-3.396864,12.930718311710976,2.586143662342195,fixed
13.384862599996268,6,0.7613327063851232,-0.01697982,-3.395964,12.927292314532242,2.5854584629064488,fixed
13.468889199997648,6,0.7613327063851232,-0.01696366,-3.3927319999999996,12.914989177997057,2.5829978355994117,fixed
13.55282889999944,6,0.7613327063851232,-0.01698215,-3.39643,12.929066219738122,2.585813243947624,fixed
13.636605599996983,6,0.7613327063851232,-0.01697541,-3.395082,12.923934837297084,2.584786967459417,fixed
13.720505299999786,6,0.7613327063851232,-0.01697571,-3.3951420000000008,12.924163237109,2.5848326474218006,fixed
13.804542999998375,6,0.7613327063851232,-0.01697344,-3.394688,12.922435011865504,2.584487002373101,fixed
13.888428199999908,6,0.7613327063851232,-0.01697688,-3.395376,12.925053996375471,2.585010799275094,fixed
13.972567999997409,6,0.7613327063851232,-0.01697289,-3.394578,12.922016278876994,2.5844032557753986,fixed
14.056579199997941,6,0.7613327063851232,-0.01697642,-3.3952839999999993,12.924703783330532,2.5849407566661062,fixed
14.140856899997743,6,0.7613327063851232,-0.01697114,-3.3942279999999996,12.920683946640818,2.5841367893281637,fixed
14.226315399995656,7,0.8165579172312345,-0.01611562,-3.223124,13.159337102090028,2.6318674204180055,fixed
14.31012069999997,7,0.8165579172312345,-0.01611462,-3.222924,13.158520544172795,2.631704108834559,fixed
14.393788699999277,7,0.8165579172312345,-0.01610974,-3.2219480000000003,13.154535741536709,2.6309071483073416,fixed
14.477770400000736,7,0.8165579172312345,-0.01610504,-3.2210080000000003,13.15069791932572,2.6301395838651445,fixed
14.56192259999807,7,0.8165579172312345,-0.01611479,-3.2229579999999998,13.158659359018726,2.631731871803745,fixed
14.646112199996423,7,0.8165579172312345,-0.01610691,-3.2213819999999997,13.152224882630943,2.6304449765261886,fixed
14.730279399998835,7,0.8165579172312345,-0.0161114,-3.22228,13.155891227679312,2.631178245535862,fixed
14.814051199995447,7,0.8165579172312345,-0.01611183,-3.222366,13.15624234758372,2.6312484695167444,fixed
14.898006399998849,7,0.8165579172312345,-0.01611063,-3.2221260000000003,13.155262478083044,2.631052495616609,fixed
14.981969099993876,7,0.8165579172312345,-0.01611128,-3.2222559999999993,13.155793240729242,2.631158648145848,fixed
15.065710499999113,7,0.8165579172312345,-0.01611626,-3.223252,13.159859699157057,2.631971939831411,fixed
15.149827900000673,7,0.8165579172312345,-0.0161153,-3.2230599999999994,13.159075803556512,2.631815160711302,fixed
15.233980400000291,7,0.8165579172312345,-0.01610663,-3.221326,13.15199624641412,2.6303992492828234,fixed
15.318160899994837,7,0.8165579172312345,-0.01610928,-3.2218560000000003,13.154160124894782,2.6308320249789565,fixed
15.40225449999707,7,0.8165579172312345,-0.01610618,-3.221236,13.151628795351366,2.630325759070273,fixed
15.486358099995414,7,0.8165579172312345,-0.01610976,-3.2219520000000004,13.154552072695052,2.6309104145390108,fixed
15.570349299996451,7,0.8165579172312345,-0.0161112,-3.22224,13.155727916095865,2.631145583219173,fixed
15.65434699999605,7,0.8165579172312345,-0.01612079,-3.224158,13.163558706522112,2.6327117413044228,fixed
15.738172099998337,7,0.8165579172312345,-0.01612101,-3.2242020000000005,13.163738349263905,2.632747669852781,fixed
15.821853999994346,7,0.8165579172312345,-0.01611742,-3.223484,13.160806906341044,2.6321613812682085,fixed
15.90571379999892,7,0.8165579172312345,-0.01611855,-3.2237099999999996,13.161729616787515,2.632345923357503,fixed
15.989617100000032,7,0.8165579172312345,-0.01611811,-3.223622,13.161370331303935,2.632274066260787,fixed
16.074342799998703,7,0.8165579172312345,-0.01611738,-3.2234760000000002,13.160774244024354,2.632154848804871,fixed
16.157994299996062,7,0.8165579172312345,-0.0161179,-3.2235800000000006,13.161198854141317,2.632239770828263,fixed
16.243078499996045,8,0.7716374221547606,-0.01685987,-3.3719740000000002,13.009706624664384,2.601941324932877,fixed
16.32720299999346,8,0.7716374221547606,-0.01685947,-3.371894,13.009397969695522,2.6018795939391044,fixed
16.410825099992508,8,0.7716374221547606,-0.01686193,-3.372386,13.011296197754023,2.6022592395508046,fixed
16.495078499996453,8,0.7716374221547606,-0.01685427,-3.370854,13.005385455100319,2.6010770910200636,fixed
16.578939099992567,8,0.7716374221547606,-0.01685431,-3.3708620000000002,13.005416320597204,2.601083264119441,fixed
16.662592799992126,8,0.7716374221547606,-0.01685543,-3.3710860000000005,13.006280554510019,2.601256110902004,fixed
16.74662829999579,8,0.7716374221547606,-0.0168547,-3.37094,13.005717259191844,2.601143451838369,fixed
16.83086519999779,8,0.7716374221547606,-0.01684686,-3.3693720000000007,12.999667621802152,2.5999335243604307,fixed
16.91473029999179,8,0.7716374221547606,-0.01684779,-3.369558,13.000385244604754,2.600077048920951,fixed
16.998296999991,8,0.7716374221547606,-0.01684785,-3.3695700000000004,13.000431542850084,2.600086308570017,fixed
17.082125399996585,8,0.7716374221547606,-0.01684665,-3.36933,12.999505577943498,2.5999011155886995,fixed
17.16623329999129,8,0.7716374221547606,-0.01684996,-3.369992,13.00205969781083,2.600411939562166,fixed
17.250360999991244,8,0.7716374221547606,-0.01684452,-3.3689040000000006,12.997861990234309,2.599572398046862,fixed
17.33436389999406,8,0.7716374221547606,-0.0168486,-3.3697199999999996,13.0010102709167,2.6002020541833395,fixed
17.41854919999605,8,0.7716374221547606,-0.01684271,-3.368542,12.996465326500207,2.5992930653000417,fixed
17.50249239999539,8,0.7716374221547606,-0.01683927,-3.367854,12.993810893767995,2.5987621787535993,fixed
17.5866465999934,8,0.7716374221547606,-0.01684037,-3.368074,12.994659694932366,2.5989319389864733,fixed
17.670858699995733,8,0.7716374221547606,-0.01684456,-3.3689120000000004,12.997892855731195,2.5995785711462394,fixed
17.754660299993702,8,0.7716374221547606,-0.0168405,-3.3681000000000005,12.994760007797247,2.5989520015594496,fixed
17.83855489999405,8,0.7716374221547606,-0.01684003,-3.368006,12.994397338208833,2.5988794676417664,fixed
17.922558999991452,8,0.7716374221547606,-0.01684452,-3.3689040000000006,12.997861990234309,2.599572398046862,fixed
18.006311899996945,8,0.7716374221547606,-0.01683531,-3.3670619999999998,12.990755209576262,2.5981510419152523,fixed
18.09044859999267,8,0.7716374221547606,-0.01683169,-3.366338,12.987961882108063,2.5975923764216122,fixed
18.17444109999633,8,0.7716374221547606,-0.01684108,-3.3682160000000003,12.995207557502097,2.5990415115004195,fixed
18.259798399994907,9,0.808874704095916,-0.01625329,-3.250658,13.14687513933511,2.629375027867022,fixed
18.34383209999214,9,0.808874704095916,-0.0162545,-3.2509,13.147853877727067,2.6295707755454134,fixed
18.427650499994343,9,0.808874704095916,-0.01625506,-3.2510120000000002,13.148306847561361,2.6296613695122724,fixed
18.51136019999103,9,0.808874704095916,-0.01625428,-3.2508559999999997,13.147675925292164,2.6295351850584328,fixed
18.595610199990915,9,0.808874704095916,-0.01624986,-3.2499720000000005,13.144100699100063,2.6288201398200126,fixed
18.679813599992485,9,0.808874704095916,-0.01624688,-3.2493759999999994,13.141690252481855,2.6283380504963705,fixed
18.764840599993477,9,0.808874704095916,-0.01623362,-3.2467240000000004,13.130964573905544,2.626192914781109,fixed
18.848744999995688,9,0.808874704095916,-0.01624317,-3.2486340000000005,13.13868932732966,2.6277378654659325,fixed
18.932460099997115,9,0.808874704095916,-0.01623693,-3.247386,13.133641949176102,2.6267283898352205,fixed
19.016436899990367,9,0.808874704095916,-0.01623414,-3.246828,13.131385188751675,2.6262770377503344,fixed
19.100464099996316,9,0.808874704095916,-0.01623524,-3.2470480000000004,13.132274950926181,2.6264549901852363,fixed
19.184533799991186,9,0.808874704095916,-0.01623154,-3.246308,13.129282114521024,2.6258564229042047,fixed
19.268657199994777,9,0.808874704095916,-0.01623264,-3.246528,13.13017187669553,2.626034375339106,fixed
19.352412899992487,9,0.808874704095916,-0.01622965,-3.2459300000000004,13.127753341330283,2.6255506682660568,fixed
19.43631379999715,9,0.808874704095916,-0.01622753,-3.2455060000000002,13.1260385269576,2.62520770539152,fixed
19.520308399994974,9,0.808874704095916,-0.01621852,-3.243704,13.118750565873695,2.623750113174739,fixed
19.604137799993623,9,0.808874704095916,-0.01622395,-3.2447900000000005,13.123142755516936,2.6246285511033878,fixed
19.687668099992152,9,0.808874704095916,-0.01622049,-3.244098,13.120344049040765,2.624068809808153,fixed
19.771357899990107,9,0.808874704095916,-0.01621978,-3.243956,13.119769748000856,2.623953949600171,fixed
19.85533399999258,9,0.808874704095916,-0.01621718,-3.2434360000000004,13.117666673770207,2.623533334754042,fixed
19.9393657999899,9,0.808874704095916,-0.01621666,-3.243332,13.117246058924078,2.6234492117848154,fixed
20.023329199990258,9,0.808874704095916,-0.01621064,-3.2421279999999997,13.112376633205418,2.6224753266410836,fixed
20.107171199990262,9,0.808874704095916,-0.01621471,-3.242942,13.115668753251091,2.623133750650218,fixed
20.19142309999006,9,0.808874704095916,-0.01621338,-3.2426760000000003,13.114592949894641,2.6229185899789287,fixed
20.27716810000129,10,0.7964373629133576,-0.01643532,-3.287064,13.089702919437165,2.617940583887433,fixed
20.361237500001153,10,0.7964373629133576,-0.01643683,-3.287366,13.090905539855164,2.618181107971033,fixed
20.445234099999652,10,0.7964373629133576,-0.01643175,-3.2863499999999997,13.086859638051564,2.6173719276103125,fixed
20.528936499998963,10,0.7964373629133576,-0.01643202,-3.2864039999999997,13.08707467613955,2.61741493522791,fixed
20.612491499996395,10,0.7964373629133576,-0.01643018,-3.286036,13.085609231391789,2.617121846278358,fixed
20.696245300001465,10,0.7964373629133576,-0.01642776,-3.285552,13.083681852973541,2.616736370594708,fixed
20.780090799999016,10,0.7964373629133576,-0.01642619,-3.2852380000000005,13.082431446313766,2.616486289262754,fixed
20.863775999998325,10,0.7964373629133576,-0.01642811,-3.285622,13.083960606050558,2.616792121210112,fixed
20.94776699999784,10,0.7964373629133576,-0.01642797,-3.2855939999999997,13.083849104819752,2.6167698209639503,fixed
21.03175519999786,10,0.7964373629133576,-0.01642897,-3.285794,13.084645542182665,2.6169291084365334,fixed
21.115490299998783,10,0.7964373629133576,-0.01642518,-3.2850360000000003,13.081627044577225,2.616325408915445,fixed
21.199671499998658,10,0.7964373629133576,-0.0164311,-3.28622,13.086341953765672,2.6172683907531344,fixed
21.283894100000907,10,0.7964373629133576,-0.01643394,-3.286788,13.088603835876347,2.617720767175269,fixed
21.368156500000623,10,0.7964373629133576,-0.01642834,-3.285668,13.084143786644029,2.616828757328806,fixed
21.452326899998297,10,0.7964373629133576,-0.01642819,-3.2856379999999996,13.084024321039593,2.6168048642079182,fixed
21.536438299997826,10,0.7964373629133576,-0.0164333,-3.2866600000000004,13.088094115964083,2.6176188231928164,fixed
21.620565099998203,10,0.7964373629133576,-0.01642511,-3.285022,13.08157129396182,2.616314258792364,fixed
21.704796699996223,10,0.7964373629133576,-0.0164286,-3.2857200000000004,13.084350860358388,2.616870172071678,fixed
21.789053499996953,10,0.7964373629133576,-0.01643045,-3.28609,13.085824269479776,2.6171648538959555,fixed
21.872980300002382,10,0.7964373629133576,-0.0164358,-3.28716,13.090085209371363,2.618017041874273,fixed
21.95676970000204,10,0.7964373629133576,-0.01643005,-3.28601,13.085505694534612,2.6171011389069223,fixed
22.040628099995956,10,0.7964373629133576,-0.01643254,-3.286508,13.087488823568265,2.617497764713653,fixed
22.124533299996983,10,0.7964373629133576,-0.01643973,-3.2879460000000003,13.093215208207612,2.6186430416415227,fixed
22.208457399996405,10,0.7964373629133576,-0.01643248,-3.2864959999999996,13.08744103732649,2.617488207465298,fixed
22.294171299989102,11,0.8363327063851231,-0.0155937,-3.11874,13.041521323557696,2.608304264711539,fixed
22.378296799994132,11,0.8363327063851231,-0.01559232,-3.118464,13.040367184422884,2.6080734368845766,fixed
22.46201829999336,11,0.8363327063851231,-0.01559205,-3.11841,13.040141374592158,2.6080282749184316,fixed
22.545894599992607,11,0.8363327063851231,-0.01558439,-3.1168780000000003,13.033735066061249,2.60674701321225,fixed
22.629917399994156,11,0.8363327063851231,-0.01558892,-3.117784,13.037523653221173,2.6075047306442345,fixed
22.714040899991232,11,0.8363327063851231,-0.01558819,-3.1176380000000004,13.036913130345512,2.6073826260691026,fixed
22.798033099992608,11,0.8363327063851231,-0.01559226,-3.118452,13.040317004460501,2.6080634008921,fixed
22.882039799995255,11,0.8363327063851231,-0.01558922,-3.1178440000000003,13.03777455303309,2.607554910606618,fixed
22.965988799995102,11,0.8363327063851231,-0.01558993,-3.117986,13.038368349254624,2.6076736698509246,fixed
23.05002519999107,11,0.8363327063851231,-0.01559028,-3.118056,13.038661065701858,2.6077322131403715,fixed
23.134007199994812,11,0.8363327063851231,-0.0155897,-3.11794,13.038175992732155,2.607635198546431,fixed
23.218208599995705,11,0.8363327063851231,-0.01558656,-3.1173119999999996,13.035549908034104,2.6071099816068206,fixed
23.302168699992762,11,0.8363327063851231,-0.01558576,-3.117152,13.034880841868997,2.6069761683737993,fixed
23.386295199990855,11,0.8363327063851231,-0.01558381,-3.116762,13.033249993091545,2.6066499986183094,fixed
23.47042739999597,11,0.8363327063851231,-0.01557873,-3.115746,13.029001422943109,2.605800284588622,fixed
23.55457089999254,11,0.8363327063851231,-0.01558904,-3.117808,13.03762401314594,2.607524802629188,fixed
23.638564399989264,11,0.8363327063851231,-0.01559015,-3.11803,13.038552342450028,2.6077104684900054,fixed
23.722744399994554,11,0.8363327063851231,-0.0155885,-3.1177,13.037172393484491,2.6074344786968986,fixed
23.80692949999502,11,0.8363327063851231,-0.01559199,-3.118398,13.040091194629776,2.6080182389259554,fixed
23.89078559999325,11,0.8363327063851231,-0.01559253,-3.118506,13.040542814291223,2.608108562858245,fixed
23.97449279999273,11,0.8363327063851231,-0.01558512,-3.117024,13.034345588936908,2.6068691177873817,fixed
24.05853159999242,11,0.8363327063851231,-0.0155876,-3.11752,13.036419694048746,2.607283938809749,fixed
24.142625199994654,11,0.8363327063851231,-0.01557988,-3.1159760000000003,13.029963205555454,2.6059926411110905,fixed
24.22653819998959,11,0.8363327063851231,-0.01558175,-3.1163499999999997,13.031527147716393,2.606305429543278,fixed
24.311850199999753,12,0.8564326366225755,-0.01499223,-2.9984460000000004,12.839835067752075,2.5679670135504153,fixed
24.396017699997174,12,0.8564326366225755,-0.01498832,-2.997664,12.836486416142879,2.567297283228576,fixed
24.479796599996916,12,0.8564326366225755,-0.01498547,-2.997094,12.834045583128507,2.5668091166257017,fixed
24.563522799995553,12,0.8564326366225755,-0.01497548,-2.9950959999999998,12.825489821088647,2.5650979642177294,fixed
24.64983090000169,12,0.8564326366225755,-0.01497834,-2.9956679999999998,12.827939218429387,2.5655878436858774,fixed
24.733731599997554,12,0.8564326366225755,-0.01498028,-2.9960560000000003,12.829600697744436,2.5659201395488873,fixed
24.817971799995576,12,0.8564326366225755,-0.01497606,-2.9952119999999995,12.825986552017888,2.5651973104035775,fixed
24.901929399995424,12,0.8564326366225755,-0.01497475,-2.9949500000000002,12.824864625263913,2.564972925052783,fixed
24.98571969999466,12,0.8564326366225755,-0.0149797,-2.99594,12.829103966815195,2.565820793363039,fixed
25.069793099995877,12,0.8564326366225755,-0.01497835,-2.9956699999999996,12.827947782755754,2.5655895565511506,fixed
25.153648599996814,12,0.8564326366225755,-0.01497128,-2.994256,12.821892804014832,2.5643785608029663,fixed
25.23749069999758,12,0.8564326366225755,-0.01497148,-2.994296,12.822064090542158,2.564412818108431,fixed
25.32169459999568,12,0.8564326366225755,-0.01497268,-2.994536,12.823091809706105,2.564618361941221,fixed
25.40591570000106,12,0.8564326366225755,-0.01497041,-2.9940819999999997,12.82114770762097,2.564229541524194,fixed
25.490165999995952,12,0.8564326366225755,-0.01497014,-2.994028,12.820916470809083,2.5641832941618166,fixed
25.57429150000098,12,0.8564326366225755,-0.01496978,-2.993956,12.820608155059897,2.5641216310119797,fixed
25.658428099995945,12,0.8564326366225755,-0.0149663,-2.9932600000000003,12.817627769484451,2.5635255538968904,fixed
25.742699299997184,12,0.8564326366225755,-0.01496353,-2.9927059999999996,12.815255451081008,2.5630510902162014,fixed
25.82707659999869,12,0.8564326366225755,-0.01496995,-2.9939899999999997,12.820753748608125,2.5641507497216245,fixed
25.910901399998693,12,0.8564326366225755,-0.01496657,-2.9933140000000003,12.817859006296342,2.5635718012592683,fixed
25.99474669999472,12,0.8564326366225755,-0.01496198,-2.9923960000000003,12.813927980494242,2.562785596098849,fixed
26.07872949999728,12,0.8564326366225755,-0.01496514,-2.993028,12.81663430762597,2.563326861525194,fixed
26.162482899999304,12,0.8564326366225755,-0.01496413,-2.992826,12.815769310662981,2.563153862132596,fixed
26.24640549999458,12,0.8564326366225755,-0.01496222,-2.992444,12.814133524327032,2.5628267048654063,fixed
26.331949399987934,13,0.8328781316044189,-0.01564173,-3.1283459999999996,13.027654857460787,2.6055309714921573,fixed
26.415906899994297,13,0.8328781316044189,-0.01564051,-3.1281019999999997,13.026638746140229,2.6053277492280458,fixed
26.49959809998836,13,0.8328781316044189,-0.01564418,-3.128836,13.029695408883219,2.605939081776644,fixed
26.583422999989125,13,0.8328781316044189,-0.0156427,-3.12854,13.028462749248444,2.605692549849689,fixed
26.667574199993396,13,0.8328781316044189,-0.01563978,-3.1279559999999997,13.026030745104158,2.6052061490208316,fixed
26.751502899991465,13,0.8328781316044189,-0.0156378,-3.12756,13.024381646403583,2.6048763292807164,fixed
26.835324899991974,13,0.8328781316044189,-0.0156402,-3.12804,13.026380553919433,2.6052761107838864,fixed
26.91954459999397,13,0.8328781316044189,-0.01563798,-3.1275959999999996,13.02453156446727,2.604906312893454,fixed
27.003486499990686,13,0.8328781316044189,-0.01563846,-3.127692,13.024931345970442,2.604986269194088,fixed
27.089104099992255,13,0.8328781316044189,-0.0156327,-3.12654,13.020133967932399,2.60402679358648,fixed
27.177792799993767,13,0.8328781316044189,-0.01563435,-3.1268700000000003,13.021508216849549,2.6043016433699098,fixed
27.261581899991143,13,0.8328781316044189,-0.01563816,-3.127632,13.02468148253096,2.604936296506192,fixed
27.34550789999048,13,0.8328781316044189,-0.01563483,-3.126966,13.021907998352715,2.6043815996705435,fixed
27.429267199993774,13,0.8328781316044189,-0.01563368,-3.126736,13.020950188501372,2.6041900377002745,fixed
27.512978099992324,13,0.8328781316044189,-0.01563583,-3.127166,13.022740876484322,2.6045481752968644,fixed
27.596831699993345,13,0.8328781316044189,-0.01562204,-3.124408,13.011255487049498,2.602251097409899,fixed
27.680996099988988,13,0.8328781316044189,-0.01563072,-3.126144,13.018484869231823,2.6036969738463647,fixed
27.76513559999148,13,0.8328781316044189,-0.01562494,-3.124988,13.01367083363115,2.60273416672623,fixed
27.8491501999888,13,0.8328781316044189,-0.01562434,-3.124868,13.013171106752187,2.6026342213504376,fixed
27.933128199991188,13,0.8328781316044189,-0.0156215,-3.1243,13.010805732858431,2.602161146571686,fixed
28.01702609998756,13,0.8328781316044189,-0.01562762,-3.1255239999999995,13.015902947023848,2.6031805894047695,fixed
28.100774699989415,13,0.8328781316044189,-0.01562381,-3.124762,13.012729681342437,2.6025459362684873,fixed
28.184714399991208,13,0.8328781316044189,-0.01562359,-3.124718,13.012546448153483,2.6025092896306967,fixed
28.26857179999206,13,0.8328781316044189,-0.01562366,-3.124732,13.012604749622696,2.602520949924539,fixed
28.354123699995398,14,0.794410466872789,-0.01641633,-3.283266,13.041304379637772,2.6082608759275545,fixed
28.43824169999425,14,0.794410466872789,-0.01641355,-3.2827100000000002,13.039095918539866,2.6078191837079734,fixed
28.521936299992376,14,0.794410466872789,-0.01641294,-3.2825880000000005,13.038611328155074,2.6077222656310153,fixed
28.605651799989573,14,0.794410466872789,-0.01640767,-3.2815339999999997,13.034424784994654,2.6068849569989307,fixed
28.68958109999221,14,0.794410466872789,-0.01640964,-3.2819279999999997,13.035989773614395,2.6071979547228787,fixed
28.776624799989804,14,0.794410466872789,-0.01641121,-3.282242,13.037236998047383,2.607447399609477,fixed
28.860537699991255,14,0.794410466872789,-0.01640424,-3.280848,13.031699957093283,2.6063399914186562,fixed
28.944372199992358,14,0.794410466872789,-0.0164032,-3.2806399999999996,13.030873770207732,2.6061747540415463,fixed
29.028307799992035,14,0.794410466872789,-0.01640022,-3.280044,13.028506427016453,2.6057012854032906,fixed
29.11239809999097,14,0.794410466872789,-0.01639425,-3.27885,13.023763796529222,2.6047527593058444,fixed
29.19656189998932,14,0.794410466872789,-0.01639668,-3.279336,13.025694213963723,2.605138842792744,fixed
29.28052669999306,14,0.794410466872789,-0.01639647,-3.279294,13.02552738776568,2.605105477553136,fixed
29.364240399991104,14,0.794410466872789,-0.01640045,-3.28009,13.028689141423834,2.6057378282847665,fixed
29.44863209999312,14,0.794410466872789,-0.01639805,-3.2796100000000004,13.026782556303338,2.605356511260668,fixed
29.532670599990524,14,0.794410466872789,-0.01639664,-3.2793280000000005,13.025662437545048,2.60513248750901,fixed
29.61674019999191,14,0.794410466872789,-0.01638979,-3.2779580000000004,13.02022072584697,2.6040441451693943,fixed
29.7009765999901,14,0.794410466872789,-0.01639531,-3.2790619999999997,13.024605871624106,2.6049211743248213,fixed
29.78526719999354,14,0.794410466872789,-0.01638,-3.276,13.012443447376285,2.6024886894752566,fixed
29.869291699993482,14,0.794410466872789,-0.01637095,-3.2741899999999995,13.005254032651084,2.6010508065302167,fixed
29.95308739999018,14,0.794410466872789,-0.01639593,-3.279186,13.025098406113568,2.6050196812227138,fixed
30.037064999989525,14,0.794410466872789,-0.01636784,-3.273568,13.002783416099112,2.600556683219822,fixed
30.120769699991797,14,0.794410466872789,-0.01637886,-3.275772,13.01153781944405,2.60230756388881,fixed
30.204901399993105,14,0.794410466872789,-0.01638117,-3.276234,13.013372907622527,2.6026745815245054,fixed
30.28883529999439,14,0.794410466872789,-0.0163736,-3.27472,13.007359220388297,2.6014718440776594,fixed
30.373853700002655,15,0.8698142961211835,-0.01443474,-2.886948,12.555543212792292,2.5111086425584586,fixed
30.45773829999962,15,0.8698142961211835,-0.01444319,-2.888638,12.562893143594517,2.512578628718903,fixed
30.541815500000666,15,0.8698142961211835,-0.01443772,-2.8875439999999997,12.558135259394733,2.5116270518789467,fixed
30.62551560000429,15,0.8698142961211835,-0.01442556,-2.8851120000000003,12.5475583175539,2.5095116635107804,fixed
30.709418200000073,15,0.8698142961211835,-0.01443353,-2.8867059999999998,12.554490737493985,2.5108981474987973,fixed
30.793273100003717,15,0.8698142961211835,-0.01442553,-2.885106,12.547532223125017,2.5095064446250035,fixed
30.877165999998397,15,0.8698142961211835,-0.01442405,-2.8848100000000003,12.546244897966758,2.5092489795933517,fixed
30.96120570000494,15,0.8698142961211835,-0.01442702,-2.8854040000000003,12.548828246426238,2.5097656492852476,fixed
31.044874200000777,15,0.8698142961211835,-0.01442811,-2.8856219999999997,12.54977634400901,2.509955268801802,fixed
31.128662600000098,15,0.8698142961211835,-0.01442737,-2.885474,12.54913268142988,2.509826536285976,fixed
31.21275859999878,15,0.8698142961211835,-0.0144255,-2.8851000000000004,12.547506128696133,2.509501225739227,fixed
31.29653700000199,15,0.8698142961211835,-0.0144274,-2.8854800000000003,12.549158775858764,2.509831755171753,fixed
31.380437400002847,15,0.8698142961211835,-0.01442577,-2.885154,12.547740978556085,2.509548195711217,fixed
31.464697499999602,15,0.8698142961211835,-0.01442953,-2.885906,12.551011480309501,2.5102022960619004,fixed
31.548817900002177,15,0.8698142961211835,-0.0144314,-2.88628,12.552638033043248,2.5105276066086497,fixed
31.632797800004482,15,0.8698142961211835,-0.01442509,-2.8850179999999996,12.547149504834723,2.5094299009669445,fixed
31.716906200002995,15,0.8698142961211835,-0.01442733,-2.885466,12.549097888858036,2.5098195777716072,fixed
31.800987700000405,15,0.8698142961211835,-0.01442113,-2.8842260000000004,12.543705040222084,2.5087410080444172,fixed
31.88536240000394,15,0.8698142961211835,-0.01442086,-2.8841720000000004,12.543470190362132,2.5086940380724267,fixed
31.969274700000824,15,0.8698142961211835,-0.01442064,-2.884128,12.543278831216984,2.508655766243397,fixed
32.05299950000335,15,0.8698142961211835,-0.01441557,-2.883114,12.538868872735652,2.50777377454713,fixed
32.13691700000345,15,0.8698142961211835,-0.01441603,-2.883206,12.539268987311866,2.507853797462373,fixed
32.22070199999871,15,0.8698142961211835,-0.01440903,-2.881806,12.533180287239016,2.5066360574478037,fixed
32.3045048999993,15,0.8698142961211835,-0.01441012,-2.8820240000000004,12.53412838482179,2.5068256769643584,fixed
32.38964119999582,16,0.8963174188517573,-0.01322198,-2.644396,11.851090985709558,2.3702181971419116,fixed
32.473523499989824,16,0.8963174188517573,-0.01322061,-2.6441220000000003,11.849863030845732,2.3699726061691466,fixed
32.55741519998992,16,0.8963174188517573,-0.01322038,-2.644076,11.849656877839395,2.3699313755678793,fixed
32.64121169999271,16,0.8963174188517573,-0.01321118,-2.6422359999999996,11.84141075758596,2.3682821515171915,fixed
32.72543359998963,16,0.8963174188517573,-0.01321506,-2.643012,11.844888469171105,2.368977693834221,fixed
32.809479299990926,16,0.8963174188517573,-0.01321496,-2.642992,11.844798837429218,2.3689597674858436,fixed
32.893493699993996,16,0.8963174188517573,-0.01321353,-2.6427059999999996,11.84351710352026,2.3687034207040516,fixed
32.97752669999318,16,0.8963174188517573,-0.01321033,-2.642066,11.840648887779935,2.368129777555987,fixed
33.061180399992736,16,0.8963174188517573,-0.01320802,-2.641604,11.838578394542388,2.3677156789084775,fixed
33.1451398999925,16,0.8963174188517573,-0.0132148,-2.64296,11.844655426642204,2.3689310853284407,fixed
33.22922599999583,16,0.8963174188517573,-0.01320932,-2.641864,11.839743607186895,2.367948721437379,fixed
33.3148358999897,16,0.8963174188517573,-0.01321017,-2.6420339999999998,11.840505476992918,2.3681010953985835,fixed
33.399766199989244,16,0.8963174188517573,-0.01320405,-2.64081,11.835020014389547,2.367004002877909,fixed
33.48383599999215,16,0.8963174188517573,-0.01320707,-2.641414,11.837726892994478,2.367545378598896,fixed
33.567933299993456,16,0.8963174188517573,-0.01320352,-2.640704,11.834544966157553,2.366908993231511,fixed
33.65195039999526,16,0.8963174188517573,-0.01319987,-2.639974,11.831273407578747,2.3662546815157492,fixed
33.73612829999183,16,0.8963174188517573,-0.01319704,-2.639408,11.828736829283395,2.365747365856679,fixed
33.819861099989794,16,0.8963174188517573,-0.01318866,-2.637732,11.821225689313417,2.364245137862684,fixed
33.90375189999031,16,0.8963174188517573,-0.013196,-2.6391999999999998,11.82780465916779,2.3655609318335578,fixed
33.98789539999416,16,0.8963174188517573,-0.01319255,-2.63851,11.824712364072752,2.3649424728145503,fixed
34.07179109999561,16,0.8963174188517573,-0.01318753,-2.6375059999999997,11.820212850630115,2.364042570126023,fixed
34.15550799998891,16,0.8963174188517573,-0.01318628,-2.637256,11.819092453856552,2.36381849077131,fixed
34.239665599990985,16,0.8963174188517573,-0.01318816,-2.6376320000000004,11.820777530603992,2.364155506120799,fixed
34.32385069999145,16,0.8963174188517573,-0.01318508,-2.637016,11.818016872953928,2.363603374590786,fixed
34.409182399998826,17,0.8314319639388608,-0.01556669,-3.1133379999999997,12.942643638727423,2.5885287277454845,fixed
34.49299649999739,17,0.8314319639388608,-0.01556445,-3.11289,12.940781231128202,2.5881562462256404,fixed
34.57687309999892,17,0.8314319639388608,-0.01556296,-3.1125920000000002,12.939542397501933,2.5879084795003866,fixed
34.66062110000348,17,0.8314319639388608,-0.01555484,-3.110968,12.932791169954749,2.58655823399095,fixed
34.74461860000156,17,0.8314319639388608,-0.01556237,-3.112474,12.93905185264321,2.5878103705286417,fixed
34.82871850000083,17,0.8314319639388608,-0.01555624,-3.1112480000000002,12.933955174704264,2.5867910349408527,fixed
34.91282360000332,17,0.8314319639388608,-0.01556175,-3.11235,12.938536364825566,2.5877072729651136,fixed
34.99668360000214,17,0.8314319639388608,-0.01556085,-3.11217,12.937788076058022,2.587557615211604,fixed
35.08052999999927,17,0.8314319639388608,-0.01556181,-3.112362,12.938586250743404,2.5877172501486805,fixed
35.16470799999661,17,0.8314319639388608,-0.015558,-3.1116,12.935418494960796,2.587083698992159,fixed
35.24869330000365,17,0.8314319639388608,-0.01555854,-3.1117079999999997,12.935867468221321,2.587173493644264,fixed
35.33272969999962,17,0.8314319639388608,-0.0155562,-3.1112399999999996,12.933921917425707,2.5867843834851407,fixed
35.41658830000233,17,0.8314319639388608,-0.01555419,-3.110838,12.932250739178189,2.586450147835638,fixed
35.50040579999768,17,0.8314319639388608,-0.01555573,-3.111146,12.933531144402654,2.586706228880531,fixed
35.584320599999046,17,0.8314319639388608,-0.01555021,-3.110042,12.928941639961712,2.5857883279923426,fixed
35.66804289999709,17,0.8314319639388608,-0.01555555,-3.11111,12.933381486649145,2.586676297329829,fixed
35.751915000000736,17,0.8314319639388608,-0.01555094,-3.110188,12.929548585295388,2.5859097170590775,fixed
35.83569610000268,17,0.8314319639388608,-0.01554876,-3.109752,12.927736063614,2.5855472127228,fixed
35.91979970000102,17,0.8314319639388608,-0.01554759,-3.109518,12.926763288216193,2.5853526576432384,fixed
36.003734700003406,17,0.8314319639388608,-0.01554582,-3.1091640000000003,12.92529165364002,2.585058330728004,fixed
36.0877044000008,17,0.8314319639388608,-0.01554713,-3.109426,12.926380829512778,2.585276165902556,fixed
36.1715566999992,17,0.8314319639388608,-0.01554759,-3.109518,12.926763288216193,2.5853526576432384,fixed
36.25533020000148,17,0.8314319639388608,-0.01554622,-3.109244,12.925624226425596,2.585124845285119,fixed
36.33953559999645,17,0.8314319639388608,-0.01554895,-3.1097900000000003,12.92789403568715,2.58557880713743,fixed
36.42550379999739,18,0.8717475452821096,-0.01427558,-2.8551159999999998,12.444701822478377,2.4889403644956754,fixed
36.509525399997074,18,0.8717475452821096,-0.01426825,-2.85365,12.43831191297146,2.487662382594292,fixed
36.59332029999496,18,0.8717475452821096,-0.01426722,-2.853444,12.43741401299982,2.4874828025999642,fixed
36.67712049999682,18,0.8717475452821096,-0.01426313,-2.852626,12.433848565539616,2.486769713107923,fixed
36.761184799994226,18,0.8717475452821096,-0.01426393,-2.8527859999999996,12.434545963575841,2.486909192715168,fixed
36.8453767999963,18,0.8717475452821096,-0.01426177,-2.852354,12.432662988878032,2.4865325977756068,fixed
36.92970929999137,18,0.8717475452821096,-0.01425638,-2.851276,12.427964269608964,2.4855928539217924,fixed
37.01377739999589,18,0.8717475452821096,-0.01426164,-2.8523280000000004,12.432549661697147,2.4865099323394295,fixed
37.09754069999326,18,0.8717475452821096,-0.01425841,-2.851682,12.429733917125883,2.485946783425177,fixed
37.181626999998116,18,0.8717475452821096,-0.01426323,-2.852646,12.433935740294144,2.486787148058829,fixed
37.265726499994344,18,0.8717475452821096,-0.01425664,-2.8513279999999996,12.428190923970735,2.485638184794147,fixed
37.34973359999276,18,0.8717475452821096,-0.01425982,-2.8519639999999997,12.430963081164732,2.4861926162329464,fixed
37.433808099995076,18,0.8717475452821096,-0.01425861,-2.8517219999999996,12.429908266634941,2.485981653326988,fixed
37.51744489999692,18,0.8717475452821096,-0.01425599,-2.8511979999999997,12.427624288066301,2.4855248576132603,fixed
37.601350499993714,18,0.8717475452821096,-0.01425699,-2.851398,12.428496035611584,2.485699207122317,fixed
37.685250499991525,18,0.8717475452821096,-0.01425493,-2.850986,12.426700235668303,2.4853400471336604,fixed
37.769286299997475,18,0.8717475452821096,-0.01425774,-2.851548,12.429149846270546,2.4858299692541093,fixed
37.853106599992316,18,0.8717475452821096,-0.01425574,-2.851148,12.42740635117998,2.4854812702359963,fixed
37.93699059999199,18,0.8717475452821096,-0.01425439,-2.8508780000000002,12.426229491993851,2.4852458983987704,fixed
38.02095179999742,18,0.8717475452821096,-0.01425845,-2.85169,12.429768787027697,2.485953757405539,fixed
38.10498609999195,18,0.8717475452821096,-0.01425193,-2.850386,12.424084993032457,2.484816998606491,fixed
38.188894599996274,18,0.8717475452821096,-0.01424574,-2.849148,12.41868887572716,2.483737775145432,fixed
38.27275499999814,18,0.8717475452821096,-0.01424986,-2.849972,12.422280475613723,2.4844560951227446,fixed
38.35682299999462,18,0.8717475452821096,-0.01424536,-2.849072,12.418357611659953,2.4836715223319907,fixed
38.44238779999432,19,0.8324475575950824,-0.01549675,-3.0993500000000003,12.900231688161593,2.580046337632319,fixed
38.52631549999205,19,0.8324475575950824,-0.01548926,-3.097852,12.893996655955204,2.5787993311910413,fixed
38.6100157999972,19,0.8324475575950824,-0.01549195,-3.09839,12.896235939885138,2.5792471879770273,fixed
38.693912699993234,19,0.8324475575950824,-0.01549272,-3.098544,12.896876924504484,2.5793753849008967,fixed
38.77800529999513,19,0.8324475575950824,-0.01549114,-3.0982279999999998,12.895561657363485,2.5791123314726967,fixed
38.862135299998045,19,0.8324475575950824,-0.01548929,-3.0978579999999996,12.894021629381932,2.578804325876386,fixed
38.94625009999436,19,0.8324475575950824,-0.01548917,-3.0978339999999998,12.893921735675022,2.578784347135004,fixed
39.03037389999372,19,0.8324475575950824,-0.01549343,-3.098686,12.897467962270378,2.5794935924540754,fixed
39.11413099999481,19,0.8324475575950824,-0.01548031,-3.0960620000000003,12.88654625031473,2.577309250062946,fixed
39.19802489999711,19,0.8324475575950824,-0.01548534,-3.097068,12.890733461529432,2.5781466923058867,fixed
39.28218929999275,19,0.8324475575950824,-0.01548519,-3.097038,12.890608594395793,2.5781217188791588,fixed
39.36622829999396,19,0.8324475575950824,-0.0154817,-3.09634,12.887703352419786,2.5775406704839576,fixed
39.45028969999839,19,0.8324475575950824,-0.01548349,-3.0966980000000004,12.889193433547884,2.5778386867095766,fixed
39.53441799999564,19,0.8324475575950824,-0.01548377,-3.0967540000000002,12.88942651886401,2.577885303772802,fixed
39.618347599993285,19,0.8324475575950824,-0.01548177,-3.0963540000000003,12.887761623748819,2.577552324749764,fixed
39.70229689999542,19,0.8324475575950824,-0.0154778,-3.09556,12.884456806945167,2.576891361389033,fixed
39.786496799992165,19,0.8324475575950824,-0.01548137,-3.096274,12.88742864472578,2.577485728945156,fixed
39.870612699996855,19,0.8324475575950824,-0.01547595,-3.09519,12.882916778963615,2.576583355792723,fixed
39.954634899993835,19,0.8324475575950824,-0.01547523,-3.095046,12.882317416722145,2.5764634833444293,fixed
40.03866949999792,19,0.8324475575950824,-0.0154742,-3.09484,12.881459995737824,2.5762919991475646,fixed
40.12279589999525,19,0.8324475575950824,-0.01547546,-3.095092,12.882508879660394,2.576501775932079,fixed
40.206953499997326,19,0.8324475575950824,-0.0154783,-3.09566,12.884873030723963,2.576974606144793,fixed
40.290898199993535,19,0.8324475575950824,-0.01548173,-3.096346,12.887728325846515,2.577545665169303,fixed
40.374774299998535,19,0.8324475575950824,-0.01547499,-3.094998,12.882117629308322,2.5764235258616646,fixed
40.460438000001886,20,0.7948142961211835,-0.01625234,-3.250468,12.917592177422156,2.583518435484431,fixed
40.54567159999715,20,0.7948142961211835,-0.01625163,-3.250326,12.917027859271908,2.5834055718543816,fixed
40.629302199995436,20,0.7948142961211835,-0.01625313,-3.2506260000000005,12.918220080716091,2.5836440161432184,fixed
40.71314069999789,20,0.7948142961211835,-0.01624799,-3.249598,12.914134735234029,2.5828269470468057,fixed
40.79734369999642,20,0.7948142961211835,-0.01624834,-3.249668,12.914412920237671,2.582882584047534,fixed
40.881829999998445,20,0.7948142961211835,-0.0162468,-3.2493600000000002,12.913188906221643,2.582637781244329,fixed
40.96587379999983,20,0.7948142961211835,-0.01624607,-3.2492140000000007,12.912608691785477,2.5825217383570958,fixed
41.04968749999534,20,0.7948142961211835,-0.01624391,-3.248782,12.910891892905854,2.5821783785811707,fixed
41.13347359999898,20,0.7948142961211835,-0.01624498,-3.2489959999999996,12.911742344202704,2.5823484688405403,fixed
41.217590300002485,20,0.7948142961211835,-0.01624384,-3.2487679999999997,12.910836255905124,2.582167251181025,fixed
41.301753399995505,20,0.7948142961211835,-0.0162415,-3.2482999999999995,12.908976390452201,2.58179527809044,fixed
41.38554299999669,20,0.7948142961211835,-0.01623933,-3.2478659999999997,12.907251643429618,2.5814503286859236,fixed
41.46917039999971,20,0.7948142961211835,-0.01623749,-3.247498,12.905789185124757,2.5811578370249513,fixed
41.553038999998535,20,0.7948142961211835,-0.01623683,-3.2473660000000004,12.905264607689316,2.5810529215378635,fixed
41.636955499998294,20,0.7948142961211835,-0.01623802,-3.247604,12.906210436701699,2.58124208734034,fixed
41.72082560000126,20,0.7948142961211835,-0.01623619,-3.2472380000000003,12.904755926539798,2.58095118530796,fixed
41.8049949999986,20,0.7948142961211835,-0.01623949,-3.247898,12.907378813716997,2.5814757627433997,fixed
41.888988699996844,20,0.7948142961211835,-0.01623688,-3.247376,12.90530434840412,2.581060869680824,fixed
41.97281549999752,20,0.7948142961211835,-0.01623997,-3.247994,12.907760324579135,2.5815520649158272,fixed
42.056659599998966,20,0.7948142961211835,-0.01623958,-3.247916,12.90745034700365,2.5814900694007297,fixed
42.14078529999824,20,0.7948142961211835,-0.01624179,-3.2483579999999996,12.909206886598076,2.581841377319615,fixed
42.225074900001346,20,0.7948142961211835,-0.01623959,-3.2479180000000007,12.907458295146611,2.5814916590293224,fixed
42.30898409999645,20,0.7948142961211835,-0.01622937,-3.2458739999999997,12.899335293040252,2.57986705860805,fixed
42.392918999998074,20,0.7948142961211835,-0.01623739,-3.247478,12.905709703695143,2.5811419407390286,fixed
42.47844729999633,21,0.8213174188517574,-0.01572075,-3.14415,12.911725812413763,2.5823451624827527,fixed
42.56270360000053,21,0.8213174188517574,-0.01572278,-3.1445559999999997,12.913393086774033,2.5826786173548064,fixed
42.64674849999574,21,0.8213174188517574,-0.01572067,-3.1441339999999998,12.911660107020255,2.582332021404051,fixed
42.730605099997774,21,0.8213174188517574,-0.01570726,-3.141452,12.900646240433455,2.580129248086691,fixed
42.81467429999611,21,0.8213174188517574,-0.01571511,-3.143022,12.907093582171441,2.581418716434288,fixed
42.89838620000228,21,0.8213174188517574,-0.01571489,-3.142978,12.906912892339292,2.5813825784678586,fixed
42.9823946999968,21,0.8213174188517574,-0.01572102,-3.1442039999999998,12.911947568116855,2.5823895136233705,fixed
43.06615690000035,21,0.8213174188517574,-0.01572109,-3.144218,12.912005060336174,2.5824010120672347,fixed
43.15023089999886,21,0.8213174188517574,-0.01571496,-3.142992,12.906970384558612,2.5813940769117227,fixed
43.23449729999993,21,0.8213174188517574,-0.01572144,-3.144288,12.912292521432773,2.582458504286554,fixed
43.31854709999607,21,0.8213174188517574,-0.01571998,-3.1439960000000005,12.91109339800125,2.58221867960025,fixed
43.40260760000092,21,0.8213174188517574,-0.0157192,-3.14384,12.910452770414544,2.582090554082909,fixed
43.48680549999699,21,0.8213174188517574,-0.01572178,-3.144356,12.912571769355184,2.5825143538710367,fixed
43.57111140000052,21,0.8213174188517574,-0.01572052,-3.1441040000000005,12.91153690940743,2.582307381881486,fixed
43.6551571999953,21,0.8213174188517574,-0.01571975,-3.1439500000000002,12.910904494994915,2.5821808989989825,fixed
43.7389789000008,21,0.8213174188517574,-0.01572012,-3.1440240000000004,12.911208382439888,2.582241676487978,fixed
43.82271849999961,21,0.8213174188517574,-0.01571662,-3.1433240000000002,12.908333771473906,2.5816667542947815,fixed
43.90646790000028,21,0.8213174188517574,-0.01571875,-3.14375,12.91008317757606,2.582016635515212,fixed
43.99073969999881,21,0.8213174188517574,-0.01571561,-3.1431220000000004,12.907504240880867,2.5815008481761734,fixed
44.07475059999706,21,0.8213174188517574,-0.01570702,-3.1414039999999996,12.900449124252928,2.5800898248505857,fixed
44.158810599998105,21,0.8213174188517574,-0.01570513,-3.141026,12.8988968343313,2.57977936686626,fixed
44.24316089999775,21,0.8213174188517574,-0.0157122,-3.1424399999999997,12.90470354848258,2.5809407096965162,fixed
44.32719559999532,21,0.8213174188517574,-0.01570353,-3.140706,12.897582726461136,2.5795165452922277,fixed
44.411217599998054,21,0.8213174188517574,-0.01569505,-3.13901,12.890617954749272,2.5781235909498545,fixed
44.49681799999962,22,0.784444792204422,-0.01636945,-3.27389,12.840929803750676,2.568185960750135,fixed
44.58100949999789,22,0.784444792204422,-0.01637464,-3.274928,12.845001072222216,2.5690002144444435,fixed
44.66550119999738,22,0.784444792204422,-0.01637314,-3.2746280000000008,12.843824405033912,2.5687648810067825,fixed
44.74933529999544,22,0.784444792204422,-0.01637208,-3.274416,12.842992893554174,2.5685985787108345,fixed
44.83354029999464,22,0.784444792204422,-0.01638026,-3.276052,12.849409651954407,2.569881930390881,fixed
44.91782840000087,22,0.784444792204422,-0.01637666,-3.275332,12.84658565070247,2.569317130140494,fixed
45.00147289999586,22,0.784444792204422,-0.01637638,-3.2752760000000003,12.846366006160652,2.5692732012321304,fixed
45.08533009999519,22,0.784444792204422,-0.01637307,-3.2746139999999997,12.843769493898455,2.5687538987796907,fixed
45.16940109999996,22,0.784444792204422,-0.01637479,-3.2749580000000003,12.845118738941046,2.5690237477882096,fixed
45.253514999996696,22,0.784444792204422,-0.01637395,-3.2747900000000003,12.844459805315596,2.568891961063119,fixed
45.33756889999495,22,0.784444792204422,-0.01637739,-3.2754779999999997,12.847158295400778,2.5694316590801556,fixed
45.42167920000065,22,0.784444792204422,-0.01637527,-3.275054,12.845495272441307,2.569099054488261,fixed
45.50571800000034,22,0.784444792204422,-0.01636844,-3.273688000000001,12.84013751451055,2.5680275029021105,fixed
45.589832199999364,22,0.784444792204422,-0.016377,-3.2754,12.846852361931818,2.5693704723863635,fixed
45.67563330000121,22,0.784444792204422,-0.01637948,-3.2758959999999995,12.848797785016485,2.5697595570032967,fixed
45.75970719999896,22,0.784444792204422,-0.01637805,-3.2756100000000004,12.847676028963635,2.569535205792727,fixed
45.84389589999773,22,0.784444792204422,-0.01637726,-3.275452,12.847056317577794,2.5694112635155584,fixed
45.927987199997006,22,0.784444792204422,-0.01638057,-3.2761140000000006,12.84965282983999,2.569930565967998,fixed
46.011969999999565,22,0.784444792204422,-0.01638247,-3.2764940000000005,12.851143274945176,2.5702286549890356,fixed
46.0961776999975,22,0.784444792204422,-0.01638067,-3.276134,12.84973127431921,2.569946254863842,fixed
46.180310499999905,22,0.784444792204422,-0.01638145,-3.2762899999999995,12.850343141257127,2.570068628251425,fixed
46.264283099997556,22,0.784444792204422,-0.0163797,-3.27594,12.848970362870771,2.569794072574154,fixed
46.3479531999983,22,0.784444792204422,-0.01638013,-3.2760260000000003,12.849307674131419,2.569861534826284,fixed
46.43174459999864,22,0.784444792204422,-0.01637771,-3.275542,12.847409317734284,2.569481863546857,fixed
46.516882399999304,23,0.8045166985242125,-0.01604269,-3.2085379999999994,12.906611994247397,2.5813223988494793,fixed
46.601121100000455,23,0.8045166985242125,-0.01604538,-3.2090760000000005,12.90877614416643,2.581755228833286,fixed
46.68503580000106,23,0.8045166985242125,-0.01604089,-3.2081779999999993,12.905163864190053,2.5810327728380105,fixed
46.768791800001054,23,0.8045166985242125,-0.01604395,-3.2087900000000005,12.90762568528754,2.581525137057508,fixed
46.852260799998476,23,0.8045166985242125,-0.01604727,-3.2094539999999996,12.910296680726638,2.5820593361453277,fixed
46.93615480000153,23,0.8045166985242125,-0.01604852,-3.209704,12.911302326599795,2.582260465319959,fixed
47.020160499996564,23,0.8045166985242125,-0.01605219,-3.210438,12.914254902883378,2.5828509805766755,fixed
47.10424339999736,23,0.8045166985242125,-0.01604742,-3.209484,12.910417358231417,2.5820834716462833,fixed
47.18820509999932,23,0.8045166985242125,-0.0160493,-3.20986,12.911929849624642,2.5823859699249287,fixed
47.27247609999904,23,0.8045166985242125,-0.01604735,-3.2094699999999996,12.91036104206252,2.582072208412504,fixed
47.35649369999737,23,0.8045166985242125,-0.01604989,-3.2099780000000004,12.912404514476773,2.582480902895355,fixed
47.44026689999737,23,0.8045166985242125,-0.01604803,-3.209606,12.910908113417518,2.5821816226835037,fixed
47.5244257000013,23,0.8045166985242125,-0.01604447,-3.208894,12.908044033970773,2.5816088067941543,fixed
47.60844659999566,23,0.8045166985242125,-0.01604709,-3.2094180000000003,12.910151867720906,2.5820303735441814,fixed
47.69225999999617,23,0.8045166985242125,-0.01604227,-3.2084540000000006,12.906274097234018,2.581254819446804,fixed
47.77608540000074,23,0.8045166985242125,-0.01604279,-3.208558,12.906692445917251,2.5813384891834503,fixed
47.860026199996355,23,0.8045166985242125,-0.01605098,-3.210196,12.913281437678163,2.5826562875356327,fixed
47.944087999996555,23,0.8045166985242125,-0.01605205,-3.2104100000000004,12.914142270545586,2.5828284541091175,fixed
48.0284010999967,23,0.8045166985242125,-0.01604671,-3.2093419999999995,12.909846151375465,2.5819692302750927,fixed
48.11341050000192,23,0.8045166985242125,-0.01604651,-3.209302,12.90968524803576,2.581937049607152,fixed
48.19890049999958,23,0.8045166985242125,-0.01605328,-3.210656,12.91513182608477,2.5830263652169543,fixed
48.282896199998504,23,0.8045166985242125,-0.01605296,-3.2105920000000006,12.914874380741244,2.5829748761482487,fixed
48.366890299999795,23,0.8045166985242125,-0.01605447,-3.2108940000000006,12.916089200956014,2.583217840191203,fixed
48.45076390000031,23,0.8045166985242125,-0.01605427,-3.210854,12.915928297616308,2.5831856595232616,fixed
48.535758699988946,24,0.8216263975176885,-0.01570553,-3.1411059999999997,12.904078035005982,2.5808156070011963,fixed
48.62460599999031,24,0.8216263975176885,-0.01570624,-3.141248,12.904661389748219,2.580932277949644,fixed
48.7083264999892,24,0.8216263975176885,-0.01570288,-3.140576,12.90190072505256,2.580380145010512,fixed
48.79208149998885,24,0.8216263975176885,-0.01569898,-3.139796,12.898696382102244,2.5797392764204483,fixed
48.87598089998937,24,0.8216263975176885,-0.01569791,-3.139582,12.897817241856897,2.5795634483713794,fixed
48.95975519999047,24,0.8216263975176885,-0.01570414,-3.140828,12.902935974313431,2.5805871948626864,fixed
49.043649199993524,24,0.8216263975176885,-0.01569659,-3.1393180000000003,12.896732695012174,2.5793465390024353,fixed
49.12782569999399,24,0.8216263975176885,-0.01569802,-3.139604,12.897907620760625,2.579581524152125,fixed
49.212052699993365,24,0.8216263975176885,-0.01569763,-3.139526,12.897587186465593,2.5795174372931187,fixed
49.29609099998925,24,0.8216263975176885,-0.0156954,-3.1390800000000003,12.89575495959913,2.579150991919826,fixed
49.380313499990734,24,0.8216263975176885,-0.01569377,-3.1387539999999996,12.894415708571174,2.5788831417142344,fixed
49.46445519998815,24,0.8216263975176885,-0.01569227,-3.1384540000000003,12.893183268974898,2.57863665379498,fixed
49.54869229999167,24,0.8216263975176885,-0.01569549,-3.1390979999999997,12.895828905974904,2.579165781194981,fixed
49.63288759998977,24,0.8216263975176885,-0.01569069,-3.138138,12.89188509926682,2.578377019853364,fixed
49.71702359999472,24,0.8216263975176885,-0.01569333,-3.1386659999999997,12.894054192956267,2.578810838591253,fixed
49.80375599999388,24,0.8216263975176885,-0.0156929,-3.13858,12.893700893605333,2.578740178721067,fixed
49.888437299989164,24,0.8216263975176885,-0.01569681,-3.1393619999999998,12.896913452819627,2.5793826905639254,fixed
49.972376999990956,24,0.8216263975176885,-0.01569791,-3.139582,12.897817241856897,2.5795634483713794,fixed
50.05628619999334,24,0.8216263975176885,-0.01569674,-3.139348,12.896855938971802,2.5793711877943606,fixed
50.140194499988866,24,0.8216263975176885,-0.01569308,-3.1386160000000003,12.89384878635689,2.5787697572713775,fixed
50.22406489999412,24,0.8216263975176885,-0.01569658,-3.139316,12.896724478748201,2.5793448957496397,fixed
50.30826869999146,24,0.8216263975176885,-0.01569362,-3.138724,12.894292464611546,2.578858492922309,fixed
50.39309949999006,24,0.8216263975176885,-0.0156996,-3.13992,12.899205790468702,2.5798411580937404,fixed
50.47731039999053,24,0.8216263975176885,-0.01569595,-3.13919,12.896206854117763,2.579241370823553,fixed
50.562505499998224,25,0.8218420817435619,-0.01569194,-3.138388,12.896296636195071,2.5792593272390136,fixed
50.647005500002706,25,0.8218420817435619,-0.0156918,-3.1383599999999996,12.896181578303624,2.5792363156607245,fixed
50.73083919999772,25,0.8218420817435619,-0.01568883,-3.137766,12.893740707320847,2.5787481414641693,fixed
50.814618500000506,25,0.8218420817435619,-0.01569105,-3.1382100000000004,12.895565196742318,2.5791130393484636,fixed
50.89851230000204,25,0.8218420817435619,-0.01569523,-3.139046,12.899000496644007,2.579800099328801,fixed
50.982505500003754,25,0.8218420817435619,-0.01569413,-3.1388260000000003,12.898096470354087,2.5796192940708176,fixed
51.067019200003415,25,0.8218420817435619,-0.01569859,-3.1397179999999993,12.901761886038662,2.580352377207732,fixed
51.15137859999959,25,0.8218420817435619,-0.01569957,-3.139914,12.902567291278773,2.5805134582557545,fixed
51.23566530000244,25,0.8218420817435619,-0.01569798,-3.139596,12.901260562368801,2.58025211247376,fixed
51.31994819999818,25,0.8218420817435619,-0.01570075,-3.1401499999999998,12.903537064935229,2.5807074129870458,fixed
51.4042655000012,25,0.8218420817435619,-0.01570163,-3.1403260000000004,12.904260285967164,2.5808520571934332,fixed
51.48859810000431,25,0.8218420817435619,-0.01569978,-3.139956,12.902739878115938,2.5805479756231877,fixed
51.57285550000233,25,0.8218420817435619,-0.01570102,-3.1402039999999998,12.903758962297301,2.5807517924594596,fixed
51.657044600004156,25,0.8218420817435619,-0.01570129,-3.140258,12.90398085965937,2.5807961719318744,fixed
51.74103280000418,25,0.8218420817435619,-0.0156979,-3.13958,12.901194815002262,2.580238963000452,fixed
51.825163800000155,25,0.8218420817435619,-0.01570004,-3.1400079999999995,12.90295355705719,2.5805907114114377,fixed
51.909101800003555,25,0.8218420817435619,-0.01570024,-3.140048,12.90311792547354,2.5806235850947083,fixed
51.99271890000091,25,0.8218420817435619,-0.01570228,-3.1404559999999995,12.904794483320297,2.580958896664059,fixed
52.07649400000082,25,0.8218420817435619,-0.01570395,-3.14079,12.90616695959681,2.5812333919193615,fixed
52.16053269999975,25,0.8218420817435619,-0.01570115,-3.14023,12.903865801767926,2.5807731603535853,fixed
52.24449730000197,25,0.8218420817435619,-0.01570566,-3.141132,12.90757230955659,2.581514461911318,fixed
52.32850570000301,25,0.8218420817435619,-0.0157026,-3.14052,12.905057472786455,2.581011494557291,fixed
52.41289790000155,25,0.8218420817435619,-0.01570404,-3.140808,12.906240925384164,2.581248185076833,fixed
52.49676919999911,25,0.8218420817435619,-0.01570401,-3.140802,12.906216270121714,2.5812432540243426,fixed
52.580727599990496,26,0.8218420817435619,-0.01570033,-3.140066,12.903191891260896,2.5806383782521793,fixed
52.66478589999315,26,0.8218420817435619,-0.01570191,-3.140382,12.904490401750051,2.58089808035001,fixed
52.74861609999061,26,0.8218420817435619,-0.01570053,-3.1401060000000003,12.903356259677246,2.5806712519354496,fixed
52.832388599992555,26,0.8218420817435619,-0.01569033,-3.138066,12.89497347044346,2.578994694088692,fixed
52.916292199988675,26,0.8218420817435619,-0.01569533,-3.139066,12.89908268085218,2.5798165361704357,fixed
53.00015839999105,26,0.8218420817435619,-0.01569329,-3.138658,12.897406123005421,2.5794812246010843,fixed
53.084360999993805,26,0.8218420817435619,-0.0156968,-3.13936,12.900290788712342,2.580058157742468,fixed
53.16851789999055,26,0.8218420817435619,-0.01569574,-3.1391479999999996,12.899419636105693,2.5798839272211387,fixed
53.25280249999196,26,0.8218420817435619,-0.01569255,-3.1385099999999997,12.896797959864932,2.579359591972986,fixed
53.33688089998759,26,0.8218420817435619,-0.01569254,-3.1385080000000003,12.896789741444115,2.5793579482888234,fixed
53.42061169999215,26,0.8218420817435619,-0.01568663,-3.137326,12.89193265474101,2.578386530948202,fixed
53.50405389998923,26,0.8218420817435619,-0.01569176,-3.138352,12.896148704620353,2.5792297409240708,fixed
53.587704699988535,26,0.8218420817435619,-0.01569295,-3.13859,12.89712669669763,2.579425339339526,fixed
53.671453699993435,26,0.8218420817435619,-0.01569643,-3.1392860000000002,12.899986707142098,2.5799973414284194,fixed
53.755686399992555,26,0.8218420817435619,-0.01568657,-3.137314,12.891883344216104,2.5783766688432213,fixed
53.83983329999319,26,0.8218420817435619,-0.01568598,-3.137196,12.891398457387876,2.5782796914775754,fixed
53.92434149998735,26,0.8218420817435619,-0.01568874,-3.1377479999999998,12.893666741533488,2.5787333483066974,fixed
54.00834129998839,26,0.8218420817435619,-0.01568617,-3.137234,12.891554607383407,2.5783109214766813,fixed
54.09249039999122,26,0.8218420817435619,-0.01568457,-3.136914,12.890239660052616,2.5780479320105236,fixed
54.17662549998931,26,0.8218420817435619,-0.01568046,-3.136092,12.886861889096652,2.5773723778193305,fixed
54.260834299988346,26,0.8218420817435619,-0.01567788,-3.1355760000000004,12.884741536525755,2.576948307305151,fixed
54.34499579999101,26,0.8218420817435619,-0.0156945,-3.1389,12.898400551924333,2.5796801103848663,fixed
54.42908029998944,26,0.8218420817435619,-0.01568742,-3.137484,12.892581909985589,2.5785163819971175,fixed
54.51305399998819,26,0.8218420817435619,-0.01568664,-3.1373280000000006,12.891940873161829,2.578388174632366,fixed
54.59751509999478,27,0.8218420817435619,-0.01567758,-3.135516,12.88449498390123,2.5768989967802463,fixed
54.681297899995116,27,0.8218420817435619,-0.01567453,-3.134906,12.881988365551912,2.5763976731103826,fixed
54.765193699997326,27,0.8218420817435619,-0.01568098,-3.136196,12.88728924697916,2.577457849395832,fixed
54.848928999992495,27,0.8218420817435619,-0.01567937,-3.1358740000000003,12.885966081227552,2.5771932162455107,fixed
54.93276889999106,27,0.8218420817435619,-0.01568679,-3.137358,12.892064149474088,2.578412829894818,fixed
55.01733189999504,27,0.8218420817435619,-0.01567988,-3.1359760000000003,12.886385220689242,2.5772770441378485,fixed
55.10132879999583,27,0.8218420817435619,-0.01568101,-3.136202,12.88731390224161,2.577462780448322,fixed
55.18535099999281,27,0.8218420817435619,-0.01567835,-3.13567,12.885127802304174,2.577025560460835,fixed
55.26932759999181,27,0.8218420817435619,-0.01567861,-3.135722,12.885341481245426,2.5770682962490854,fixed
55.35324949999631,27,0.8218420817435619,-0.01567813,-3.1356259999999994,12.884946997046189,2.5769893994092374,fixed
55.43745019999187,27,0.8218420817435619,-0.01567476,-3.1349519999999997,12.882177389230714,2.5764354778461427,fixed
55.521783499993035,27,0.8218420817435619,-0.01567323,-3.134646,12.880919970845646,2.576183994169129,fixed
55.60705079999025,27,0.8218420817435619,-0.01567301,-3.134602,12.880739165587665,2.5761478331175325,fixed
55.69101839999348,27,0.8218420817435619,-0.01567237,-3.134474,12.880213186655348,2.5760426373310694,fixed
55.77481579999585,27,0.8218420817435619,-0.01566642,-3.133284,12.875323226268973,2.5750646452537946,fixed
55.858925899992755,27,0.8218420817435619,-0.01566301,-3.1326020000000003,12.872520744770227,2.5745041489540457,fixed
55.94334649999655,27,0.8218420817435619,-0.01565758,-3.1315160000000004,12.86805814226636,2.573611628453272,fixed
56.0275743999955,27,0.8218420817435619,-0.0156589,-3.13178,12.86914297381426,2.573828594762852,fixed
56.1117793999947,27,0.8218420817435619,-0.01566256,-3.1325119999999997,12.87215091583344,2.5744301831666885,fixed
56.19579619999422,27,0.8218420817435619,-0.01566171,-3.132342,12.87145235006396,2.574290470012792,fixed
56.27935649999563,27,0.8218420817435619,-0.01565976,-3.1319520000000005,12.869849758004563,2.5739699516009127,fixed
56.36303599999519,27,0.8218420817435619,-0.01565888,-3.131776,12.869126536972626,2.573825307394525,fixed
56.44672499999433,27,0.8218420817435619,-0.01566224,-3.132448,12.871887926367286,2.574377585273457,fixed
56.5306111999962,27,0.8218420817435619,-0.01566097,-3.1321939999999997,12.87084418692347,2.574168837384694,fixed
56.614940099992964,28,0.8218420817435619,-0.01566393,-3.132786,12.873276839485431,2.574655367897086,fixed
56.69860119999066,28,0.8218420817435619,-0.01566284,-3.132568,12.872381031616332,2.5744762063232662,fixed
56.782331499991415,28,0.8218420817435619,-0.0156664,-3.13328,12.87530678942734,2.5750613578854677,fixed
56.86604289999377,28,0.8218420817435619,-0.01566439,-3.1328780000000003,12.873654886843033,2.5747309773686067,fixed
56.94994879999285,28,0.8218420817435619,-0.01566588,-3.1331759999999997,12.874879431544832,2.574975886308966,fixed
57.03412009999738,28,0.8218420817435619,-0.01566638,-3.133276,12.875290352585703,2.5750580705171404,fixed
57.11820039999293,28,0.8218420817435619,-0.01566386,-3.132772,12.87321931053971,2.574643862107942,fixed
57.20249629999307,28,0.8218420817435619,-0.01566021,-3.132042,12.870219586941346,2.5740439173882694,fixed
57.28660519999539,28,0.8218420817435619,-0.0156606,-3.13212,12.870540105353227,2.574108021070645,fixed
57.37088359999325,28,0.8218420817435619,-0.01565572,-3.1311440000000004,12.86652951599432,2.5733059031988637,fixed
57.45491869999387,28,0.8218420817435619,-0.01565604,-3.131208,12.866792505460474,2.5733585010920947,fixed
57.538649699992675,28,0.8218420817435619,-0.0156505,-3.1301,12.862239500327615,2.572447900065523,fixed
57.62277069999254,28,0.8218420817435619,-0.01565634,-3.1312680000000004,12.867039058084998,2.573407811617,fixed
57.70705889999226,28,0.8218420817435619,-0.01565634,-3.1312680000000004,12.867039058084998,2.573407811617,fixed
57.79102119999152,28,0.8218420817435619,-0.01565397,-3.130794,12.865091292351265,2.573018258470253,fixed
57.87508279999747,28,0.8218420817435619,-0.01564823,-3.129646,12.860373918802056,2.5720747837604114,fixed
57.95884189999197,28,0.8218420817435619,-0.01566184,-3.132368,12.871559189534587,2.5743118379069174,fixed
58.042564099996525,28,0.8218420817435619,-0.01566485,-3.1329700000000003,12.874032934200637,2.5748065868401273,fixed
58.126279699994484,28,0.8218420817435619,-0.01566613,-3.133226,12.875084892065267,2.5750169784130534,fixed
58.2103272999957,28,0.8218420817435619,-0.01566792,-3.133584,12.876555989391587,2.5753111978783174,fixed
58.29433369999606,28,0.8218420817435619,-0.01565952,-3.131904,12.869652515904942,2.5739305031809883,fixed
58.3784264999922,28,0.8218420817435619,-0.01566654,-3.133308,12.875421847318782,2.5750843694637564,fixed
58.462576099991566,28,0.8218420817435619,-0.01566503,-3.133006,12.87418086577535,2.5748361731550697,fixed
58.547277199992095,28,0.8218420817435619,-0.0156677,-3.13354,12.876375184133606,2.5752750368267208,fixed
58.631736999996065,29,0.8218420817435619,-0.0156666,-3.13332,12.875471157843686,2.575094231568737,fixed
58.71566799998982,29,0.8218420817435619,-0.01566639,-3.133278,12.87529857100652,2.575059714201304,fixed
58.79944759999489,29,0.8218420817435619,-0.01566917,-3.133834,12.877583291993767,2.575516658398753,fixed
58.883275099993625,29,0.8218420817435619,-0.01566742,-3.133484,12.876145068350718,2.5752290136701435,fixed
58.96728889999213,29,0.8218420817435619,-0.01566622,-3.1332440000000004,12.875158857852625,2.5750317715705253,fixed
59.051254599995445,29,0.8218420817435619,-0.01566808,-3.1336160000000004,12.876687484124666,2.575337496824934,fixed
59.13531549999607,29,0.8218420817435619,-0.01566833,-3.1336660000000003,12.876892944645105,2.575378588929021,fixed
59.21926209999219,29,0.8218420817435619,-0.01567099,-3.134198,12.879079044582541,2.5758158089165084,fixed
59.30310529999406,29,0.8218420817435619,-0.01567377,-3.134754,12.881363765569787,2.5762727531139578,fixed
59.38711329999205,29,0.8218420817435619,-0.01567015,-3.13403,12.878388697233877,2.575677739446775,fixed
59.4713827999949,29,0.8218420817435619,-0.01567155,-3.13431,12.879539276148316,2.5759078552296635,fixed
59.55563389999588,29,0.8218420817435619,-0.01567189,-3.1343780000000003,12.87981870245611,2.5759637404912223,fixed
59.63948569999047,29,0.8218420817435619,-0.01567033,-3.134066,12.87853662880859,2.575707325761718,fixed
59.723180299995875,29,0.8218420817435619,-0.01567104,-3.134208,12.879120136686629,2.5758240273373256,fixed
59.80684219999239,29,0.8218420817435619,-0.0156699,-3.13398,12.87818323671344,2.575636647342688,fixed
59.890306299996155,29,0.8218420817435619,-0.0156603,-3.1320599999999996,12.8702935527287,2.57405871054574,fixed
59.97390189998987,29,0.8218420817435619,-0.01566942,-3.133884,12.877788752514203,2.5755577505028406,fixed
60.057645799992315,29,0.8218420817435619,-0.01567068,-3.134136,12.8788242735372,2.57576485470744,fixed
60.14145349999308,29,0.8218420817435619,-0.01566884,-3.133768,12.877312084106793,2.5754624168213582,fixed
60.22518079999281,29,0.8218420817435619,-0.01567361,-3.1347220000000005,12.88123227083671,2.576246454167342,fixed
60.308803299994906,29,0.8218420817435619,-0.01567121,-3.1342420000000004,12.879259849840524,2.575851969968105,fixed
60.39254219999566,29,0.8218420817435619,-0.01567652,-3.135304,12.883623831294582,2.5767247662589168,fixed
60.476502599995,29,0.8218420817435619,-0.01566701,-3.133402,12.8758081130972,2.57516162261944,fixed
60.56022089999169,29,0.8218420817435619,-0.01566083,-3.1321660000000002,12.870729129032027,2.5741458258064056,fixed
60.64485099999001,30,0.8218420817435619,-0.01566262,-3.1325239999999996,12.872200226358345,2.574440045271669,fixed
60.728756999989855,30,0.8218420817435619,-0.01566066,-3.132132,12.87058941587813,2.5741178831756257,fixed
60.812407799996436,30,0.8218420817435619,-0.01565858,-3.131716,12.868879984348101,2.5737759968696206,fixed
60.89624589999585,30,0.8218420817435619,-0.01565876,-3.131752,12.869027915922818,2.5738055831845634,fixed
60.97994349999499,30,0.8218420817435619,-0.01565928,-3.131856,12.869455273805324,2.5738910547610647,fixed
61.063735999996425,30,0.8218420817435619,-0.01566329,-3.132658,12.872750860553115,2.5745501721106234,fixed
61.14754569999059,30,0.8218420817435619,-0.01566167,-3.1323339999999997,12.87141947638069,2.574283895276138,fixed
61.231529999990016,30,0.8218420817435619,-0.01566202,-3.1324039999999997,12.8717071211093,2.57434142422186,fixed
61.31604489999154,30,0.8218420817435619,-0.01566308,-3.1326159999999996,12.872578273715948,2.5745156547431893,fixed
61.400213399996574,30,0.8218420817435619,-0.01566243,-3.1324860000000005,12.872044076362817,2.5744088152725637,fixed
61.484315099995,30,0.8218420817435619,-0.01566303,-3.132606,12.872537181611863,2.5745074363223726,fixed
61.56851499999175,30,0.8218420817435619,-0.01566387,-3.132774,12.873227528960527,2.5746455057921054,fixed
61.65270179999061,30,0.8218420817435619,-0.01566392,-3.132784,12.873268621064614,2.5746537242129226,fixed
61.7366145999913,30,0.8218420817435619,-0.01566725,-3.1334500000000003,12.87600535519682,2.575201071039364,fixed
61.820364799990784,30,0.8218420817435619,-0.01566711,-3.1334220000000004,12.875890297305377,2.5751780594610754,fixed
61.90415459999349,30,0.8218420817435619,-0.0156635,-3.1327000000000003,12.872923447390283,2.5745846894780566,fixed
61.98765819999244,30,0.8218420817435619,-0.01566747,-3.133494,12.876186160454804,2.5752372320909607,fixed
62.07139109999116,30,0.8218420817435619,-0.0156664,-3.13328,12.87530678942734,2.5750613578854677,fixed
62.15529159999278,30,0.8218420817435619,-0.0156679,-3.1335799999999994,12.876539552549952,2.57530791050999,fixed
62.23902119999548,30,0.8218420817435619,-0.01566517,-3.133034,12.874295923666793,2.5748591847333584,fixed
62.32323599999654,30,0.8218420817435619,-0.01566767,-3.133534,12.876350528871154,2.5752701057742304,fixed
62.40734469999006,30,0.8218420817435619,-0.01566323,-3.1326460000000003,12.87270155002821,2.5745403100056423,fixed
62.49139319999085,30,0.8218420817435619,-0.01566484,-3.132968,12.874024715779816,2.5748049431559634,fixed
62.57537869999214,30,0.8218420817435619,-0.01566719,-3.1334380000000004,12.875956044671916,2.5751912089343834,fixed
62.66028629999346,31,0.8218420817435619,-0.01566916,-3.1338320000000004,12.877575073572952,2.57551501471459,fixed
62.74454489999334,31,0.8218420817435619,-0.0156691,-3.1338199999999996,12.877525763048045,2.5755051526096087,fixed
62.82855009999912,31,0.8218420817435619,-0.01566805,-3.13361,12.876662828862214,2.575332565772443,fixed
62.9124845999977,31,0.8218420817435619,-0.01566617,-3.133234,12.875117765748538,2.575023553149707,fixed
62.99644719999924,31,0.8218420817435619,-0.01566974,-3.133948,12.878051741980363,2.5756103483960726,fixed
63.08059019999928,31,0.8218420817435619,-0.01566799,-3.133598,12.87661351833731,2.575322703667462,fixed
63.164883399993414,31,0.8218420817435619,-0.01566598,-3.133196,12.874961615753005,2.574992323150601,fixed
63.24890649999725,31,0.8218420817435619,-0.01566819,-3.133638,12.876777886753658,2.5753555773507317,fixed
63.332759299992176,31,0.8218420817435619,-0.01567429,-3.1348580000000004,12.881791123452295,2.576358224690459,fixed
63.41671079999651,31,0.8218420817435619,-0.0156719,-3.1343799999999997,12.879826920876928,2.5759653841753853,fixed
63.500680099998135,31,0.8218420817435619,-0.01566564,-3.133128,12.874682189445213,2.5749364378890425,fixed
63.58499459999439,31,0.8218420817435619,-0.01567356,-3.134712,12.881191178732621,2.576238235746524,fixed
63.66956929999287,31,0.8218420817435619,-0.01567277,-3.134554,12.880541923488044,2.576108384697609,fixed
63.75363539999671,31,0.8218420817435619,-0.01566634,-3.133268,12.875257478902434,2.5750514957804866,fixed
63.83775119999336,31,0.8218420817435619,-0.01566818,-3.133636,12.876769668332843,2.5753539336665683,fixed
63.921620899993286,31,0.8218420817435619,-0.0156702,-3.1340399999999997,12.878429789337961,2.5756859578675924,fixed
64.00556449999567,31,0.8218420817435619,-0.01566731,-3.133462,12.876054665721725,2.575210933144345,fixed
64.08960229999502,31,0.8218420817435619,-0.01566815,-3.1336299999999997,12.876745013070389,2.5753490026140775,fixed
64.17381689999456,31,0.8218420817435619,-0.01567226,-3.134452,12.880122784026355,2.576024556805271,fixed
64.25788549999561,31,0.8218420817435619,-0.01566445,-3.13289,12.873704197367937,2.574740839473588,fixed
64.3421273999993,31,0.8218420817435619,-0.01566992,-3.1339840000000003,12.878199673555077,2.5756399347110155,fixed
64.42623359999561,31,0.8218420817435619,-0.01567001,-3.134002,12.878273639342433,2.5756547278684865,fixed
64.51025009999285,31,0.8218420817435619,-0.01566798,-3.1335960000000003,12.876605299916493,2.575321059983299,fixed
64.59450999999535,31,0.8218420817435619,-0.01566591,-3.1331820000000006,12.874904086807286,2.5749808173614572,fixed
64.67917299999681,32,0.8218420817435619,-0.01566909,-3.133818,12.877517544627228,2.5755035089254457,fixed
64.76333639999939,32,0.8218420817435619,-0.01566752,-3.1335040000000003,12.876227252558891,2.5752454505117783,fixed
64.84731389999797,32,0.8218420817435619,-0.01566812,-3.133624,12.876720357807937,2.5753440715615876,fixed
64.931076199995,32,0.8218420817435619,-0.01567206,-3.134412,12.879958415610007,2.5759916831220013,fixed
65.01514179999504,32,0.8218420817435619,-0.01567404,-3.134808,12.88158566293186,2.5763171325863716,fixed
65.09921439999744,32,0.8218420817435619,-0.01567362,-3.134724,12.881240489257525,2.576248097851505,fixed
65.18329719999747,32,0.8218420817435619,-0.01568055,-3.1361100000000004,12.886935854884012,2.5773871709768024,fixed
65.26730739999766,32,0.8218420817435619,-0.01552206,-3.1044120000000004,12.756682103348473,2.5513364206696947,fixed
65.35095249999722,32,0.8218420817435619,-0.01565433,-3.130866,12.865387155500695,2.5730774311001388,fixed
65.43506389999675,32,0.8218420817435619,-0.01566473,-3.1329460000000005,12.873934313150828,2.5747868626301655,fixed
65.51905029999762,32,0.8218420817435619,-0.0156658,-3.13316,12.874813684178292,2.5749627368356585,fixed
65.6031898999936,32,0.8218420817435619,-0.01566121,-3.1322419999999997,12.871041429023087,2.5742082858046174,fixed
65.68729929999972,32,0.8218420817435619,-0.01566343,-3.1326859999999996,12.872865918444559,2.5745731836889116,fixed
65.77146669999638,32,0.8218420817435619,-0.0156598,-3.1319600000000003,12.869882631687831,2.5739765263375665,fixed
65.85622299999523,32,0.8218420817435619,-0.01565287,-3.130574,12.864187266061348,2.5728374532122698,fixed
65.94011799999862,32,0.8218420817435619,-0.01565947,-3.1318940000000004,12.869611423800857,2.5739222847601715,fixed
66.02438039999834,32,0.8218420817435619,-0.01565504,-3.1310079999999996,12.865970663378729,2.573194132675746,fixed
66.10832029999438,32,0.8218420817435619,-0.01566019,-3.132038,12.87020315009971,2.574040630019942,fixed
66.19248679999873,32,0.8218420817435619,-0.01566183,-3.132366,12.871550971113772,2.574310194222754,fixed
66.27662299999793,32,0.8218420817435619,-0.01565892,-3.131784,12.869159410655897,2.5738318821311794,fixed
66.360242499999,32,0.8218420817435619,-0.01565986,-3.131972,12.869931942212736,2.573986388442547,fixed
66.44421119999606,32,0.8218420817435619,-0.01566376,-3.1327519999999995,12.873137126331534,2.5746274252663066,fixed
66.52832099999796,32,0.8218420817435619,-0.01566449,-3.132898,12.873737071051208,2.5747474142102416,fixed
66.61250959999597,32,0.8218420817435619,-0.01566465,-3.1329299999999995,12.873868565784285,2.574773713156857,fixed
66.69724699999642,33,0.8218420817435619,-0.01566234,-3.1324680000000003,12.87197011057546,2.574394022115092,fixed
66.78131389999908,33,0.8218420817435619,-0.0156641,-3.1328199999999997,12.873416552639327,2.5746833105278655,fixed
66.86532360000274,33,0.8218420817435619,-0.01566709,-3.1334180000000003,12.875873860463741,2.5751747720927485,fixed
66.94932210000115,33,0.8218420817435619,-0.01566846,-3.1336919999999995,12.876999784115728,2.5753999568231456,fixed
67.03338400000212,33,0.8218420817435619,-0.01566656,-3.1333119999999997,12.875438284160417,2.5750876568320833,fixed
67.11755109999649,33,0.8218420817435619,-0.01567181,-3.1343620000000003,12.879752955089572,2.5759505910179143,fixed
67.20150090000243,33,0.8218420817435619,-0.01567423,-3.1348460000000005,12.881741812927391,2.5763483625854784,fixed
67.28542279999965,33,0.8218420817435619,-0.01567507,-3.135014,12.882432160276053,2.5764864320552108,fixed
67.36937970000145,33,0.8218420817435619,-0.01567368,-3.1347359999999997,12.88128979978243,2.576257959956486,fixed
67.4530298000027,33,0.8218420817435619,-0.01567702,-3.1354040000000003,12.884034752335456,2.576806950467091,fixed
67.53691750000144,33,0.8218420817435619,-0.01568132,-3.1362639999999997,12.887568673286951,2.57751373465739,fixed
67.62116640000022,33,0.8218420817435619,-0.0156763,-3.13526,12.8834430260366,2.57668860520732,fixed
67.70536680000077,33,0.8218420817435619,-0.01568193,-3.136386,12.888069996956816,2.577613999391363,fixed
67.7894546000025,33,0.8218420817435619,-0.01567702,-3.1354040000000003,12.884034752335456,2.576806950467091,fixed
67.87366430000111,33,0.8218420817435619,-0.01567758,-3.135516,12.88449498390123,2.5768989967802463,fixed
67.95770569999877,33,0.8218420817435619,-0.0156759,-3.13518,12.8831142892039,2.5766228578407806,fixed
68.0419624999995,33,0.8218420817435619,-0.01568364,-3.1367279999999997,12.889475346916596,2.5778950693833194,fixed
68.12631240000337,33,0.8218420817435619,-0.01568355,-3.13671,12.889401381129241,2.577880276225848,fixed
68.21041030000197,33,0.8218420817435619,-0.01568553,-3.137106,12.891028628451092,2.5782057256902187,fixed
68.29464790000202,33,0.8218420817435619,-0.01568377,-3.136754,12.889582186387223,2.5779164372774446,fixed
68.37843129999965,33,0.8218420817435619,-0.01568089,-3.136178,12.887215281191802,2.5774430562383603,fixed
68.46233680000296,33,0.8218420817435619,-0.01568303,-3.136606,12.888974023246734,2.5777948046493466,fixed
68.54641999999876,33,0.8218420817435619,-0.01568041,-3.1360819999999996,12.886820796992565,2.577364159398513,fixed
68.63058720000117,33,0.8218420817435619,-0.01568398,-3.136796,12.889754773224391,2.577950954644878,fixed
68.71552849999716,34,0.8218420817435619,-0.01568679,-3.137358,12.892064149474088,2.578412829894818,fixed
68.79979029999959,34,0.8218420817435619,-0.01568863,-3.137726,12.893576338904497,2.578715267780899,fixed
68.88350649999484,34,0.8218420817435619,-0.01568719,-3.137438,12.892392886306787,2.5784785772613574,fixed
68.96716159999778,34,0.8218420817435619,-0.01568902,-3.137804,12.893896857316378,2.5787793714632756,fixed
69.05222749999666,34,0.8218420817435619,-0.01568891,-3.137782,12.893806454687386,2.5787612909374773,fixed
69.1363338999945,34,0.8218420817435619,-0.01569429,-3.138858,12.898227965087164,2.579645593017433,fixed
69.22084229999746,34,0.8218420817435619,-0.01569895,-3.13979,12.90205774918809,2.5804115498376183,fixed
69.30481309999595,34,0.8218420817435619,-0.01569447,-3.1388939999999996,12.898375896661879,2.5796751793323756,fixed
69.38846559999365,34,0.8218420817435619,-0.01569942,-3.1398839999999995,12.902444014966509,2.5804888029933015,fixed
69.47235469999578,34,0.8218420817435619,-0.01570657,-3.141314,12.908320185850975,2.5816640371701953,fixed
69.55654639999557,34,0.8218420817435619,-0.01570797,-3.1415940000000004,12.909470764765418,2.581894152953084,fixed
69.64084869999351,34,0.8218420817435619,-0.01570722,-3.1414440000000003,12.90885438320411,2.5817708766408223,fixed
69.72508430000016,34,0.8218420817435619,-0.01570939,-3.141878,12.910637780521494,2.582127556104299,fixed
69.80933659999573,34,0.8218420817435619,-0.01570143,-3.1402859999999997,12.904095917550814,2.5808191835101626,fixed
69.89311839999573,34,0.8218420817435619,-0.01570324,-3.140648,12.90558345171877,2.5811166903437543,fixed
69.97696239999641,34,0.8218420817435619,-0.01570528,-3.141056,12.907260009565526,2.5814520019131053,fixed
70.0610716999945,34,0.8218420817435619,-0.01570233,-3.140466,12.904835575424386,2.580967115084877,fixed
70.14530199999717,34,0.8218420817435619,-0.01570616,-3.141232,12.907983230597463,2.5815966461194924,fixed
70.22946279999451,34,0.8218420817435619,-0.01570999,-3.141998,12.91113088577054,2.582226177154108,fixed
70.31342349999613,34,0.8218420817435619,-0.01571067,-3.142134,12.911689738386125,2.582337947677225,fixed
70.39712099999451,34,0.8218420817435619,-0.01571095,-3.1421900000000003,12.911919854169014,2.5823839708338028,fixed
70.48085649999848,34,0.8218420817435619,-0.01570974,-3.141948,12.910925425250104,2.5821850850500208,fixed
70.56491180000012,34,0.8218420817435619,-0.0157139,-3.1427799999999997,12.914344288310156,2.582868857662031,fixed
70.64907239999593,34,0.8218420817435619,-0.0157105,-3.1420999999999997,12.911550025232229,2.5823100050464456,fixed
70.73392810000223,35,0.8218420817435619,-0.01571192,-3.1423840000000003,12.912717040988305,2.5825434081976613,fixed
70.81779970000207,35,0.8218420817435619,-0.01570953,-3.1419059999999996,12.910752838412938,2.582150567682587,fixed
70.90146639999875,35,0.8218420817435619,-0.01571325,-3.1426500000000006,12.913810090957025,2.582762018191405,fixed
70.98515010000119,35,0.8218420817435619,-0.01571006,-3.1420120000000002,12.911188414716264,2.5822376829432527,fixed
71.0688347999967,35,0.8218420817435619,-0.01571214,-3.1424279999999998,12.912897846246288,2.5825795692492575,fixed
71.15302440000232,35,0.8218420817435619,-0.01571521,-3.1430420000000003,12.91542090143724,2.5830841802874485,fixed
71.23703899999964,35,0.8218420817435619,-0.01571321,-3.1426419999999995,12.913777217273752,2.5827554434547504,fixed
71.32063970000308,35,0.8218420817435619,-0.01571842,-3.143684,12.918059014519638,2.5836118029039277,fixed
71.40457050000259,35,0.8218420817435619,-0.01571626,-3.143252,12.916283835623071,2.5832567671246145,fixed
71.48824759999843,35,0.8218420817435619,-0.01571846,-3.143692,12.918091888202909,2.5836183776405814,fixed
71.57221600000048,35,0.8218420817435619,-0.01572118,-3.1442360000000003,12.920327298665251,2.58406545973305,fixed
71.65610200000083,35,0.8218420817435619,-0.01572095,-3.14419,12.92013827498645,2.58402765499729,fixed
71.73989129999973,35,0.8218420817435619,-0.01572262,-3.1445239999999997,12.92151075126296,2.584302150252592,fixed
71.8234855999981,35,0.8218420817435619,-0.01572367,-3.1447339999999997,12.922373685448791,2.5844747370897583,fixed
71.90717320000113,35,0.8218420817435619,-0.01572214,-3.144428,12.921116267063724,2.5842232534127447,fixed
71.99134049999702,35,0.8218420817435619,-0.01572168,-3.1443359999999996,12.92073821970612,2.584147643941224,fixed
72.07564429999911,35,0.8218420817435619,-0.0157269,-3.14538,12.925028235372821,2.5850056470745644,fixed
72.1595199000003,35,0.8218420817435619,-0.01572326,-3.144652,12.922036730195275,2.5844073460390553,fixed
72.2436017,35,0.8218420817435619,-0.01572449,-3.1448980000000004,12.923047595955822,2.5846095191911647,fixed
72.32749519999925,35,0.8218420817435619,-0.01572073,-3.1441459999999997,12.919957469728464,2.583991493945693,fixed
72.41144099999656,35,0.8218420817435619,-0.01572728,-3.1454560000000003,12.925340535363885,2.5850681070727775,fixed
72.4952295999974,35,0.8218420817435619,-0.01572624,-3.1452479999999996,12.924485819598873,2.584897163919774,fixed
72.57901339999808,35,0.8218420817435619,-0.01572894,-3.145788,12.926704793219582,2.585340958643916,fixed
72.66339020000305,35,0.8218420817435619,-0.01573104,-3.1462080000000006,12.928430661591243,2.5856861323182487,fixed
72.75068420000025,36,0.8218420817435619,-0.0157316,-3.14632,12.928890893157018,2.5857781786314034,fixed
72.83488370000123,36,0.8218420817435619,-0.0157295,-3.1459,12.927165024785356,2.5854330049570713,fixed
72.91868590000377,36,0.8218420817435619,-0.01573047,-3.146094,12.927962211604648,2.5855924423209298,fixed
73.00243020000198,36,0.8218420817435619,-0.01572132,-3.144264,12.920442356556695,2.584088471311339,fixed
73.08634670000174,36,0.8218420817435619,-0.01573293,-3.146586,12.929983943125736,2.5859967886251476,fixed
73.17056830000365,36,0.8218420817435619,-0.01573467,-3.146934,12.93141394834797,2.586282789669594,fixed
73.2546852000014,36,0.8218420817435619,-0.01572957,-3.145914,12.927222553731077,2.585444510746216,fixed
73.33878540000296,36,0.8218420817435619,-0.01573295,-3.1465899999999998,12.930000379967371,2.586000075993474,fixed
73.42294000000402,36,0.8218420817435619,-0.01573514,-3.147028,12.931800214126392,2.586360042825278,fixed
73.50715409999975,36,0.8218420817435619,-0.01573254,-3.146508,12.929663424713857,2.5859326849427715,fixed
73.59079490000295,36,0.8218420817435619,-0.01573025,-3.1460500000000002,12.927781406346666,2.585556281269333,fixed
73.67491610000434,36,0.8218420817435619,-0.01573485,-3.1469700000000005,12.931561879922686,2.5863123759845372,fixed
73.75903980000294,36,0.8218420817435619,-0.01573818,-3.1476360000000003,12.934298614054892,2.586859722810978,fixed
73.8431985999996,36,0.8218420817435619,-0.01574018,-3.148036,12.935942298218377,2.5871884596436754,fixed
73.92741820000083,36,0.8218420817435619,-0.01574067,-3.1481339999999998,12.93634500083843,2.5872690001676864,fixed
74.01163140000426,36,0.8218420817435619,-0.01574012,-3.148024,12.935892987693473,2.5871785975386947,fixed
74.09583140000177,36,0.8218420817435619,-0.01574111,-3.1482219999999996,12.9367066113544,2.5873413222708797,fixed
74.17967309999949,36,0.8218420817435619,-0.01574582,-3.149164,12.94057748755941,2.588115497511882,fixed
74.26379199999792,36,0.8218420817435619,-0.01574492,-3.1489839999999996,12.939837829685843,2.587967565937168,fixed
74.34806730000128,36,0.8218420817435619,-0.01574185,-3.1483700000000003,12.93731477449489,2.587462954898978,fixed
74.43218029999844,36,0.8218420817435619,-0.01574465,-3.1489299999999996,12.93961593232377,2.587923186464754,fixed
74.51603469999827,36,0.8218420817435619,-0.01574356,-3.148712,12.93872012445467,2.5877440248909345,fixed
74.5998311000003,36,0.8218420817435619,-0.01574061,-3.148122,12.936295690313527,2.5872591380627052,fixed
74.6867196000021,36,0.8218420817435619,-0.01573681,-3.147362,12.933172690402904,2.5866345380805806,fixed
74.7713317999951,37,0.8218420817435619,-0.01573913,-3.1478260000000002,12.935079364032548,2.58701587280651,fixed
74.8555572999976,37,0.8218420817435619,-0.01573644,-3.147288,12.932868608832658,2.5865737217665314,fixed
74.93952719999652,37,0.8218420817435619,-0.01573837,-3.1476740000000003,12.934454764050423,2.5868909528100845,fixed
75.02318179999565,37,0.8218420817435619,-0.01573166,-3.146332,12.928940203681924,2.5857880407363845,fixed
75.10712949999288,37,0.8218420817435619,-0.01573052,-3.1461040000000002,12.928003303708735,2.585600660741747,fixed
75.19187409999722,37,0.8218420817435619,-0.0157372,-3.14744,12.933493208814783,2.5866986417629563,fixed
75.27706559999206,37,0.8218420817435619,-0.0157331,-3.14662,12.930123656279633,2.5860247312559266,fixed
75.3617427999925,37,0.8218420817435619,-0.01573428,-3.146856,12.931093429936091,2.5862186859872183,fixed
75.4456052999958,37,0.8218420817435619,-0.01573591,-3.147182,12.932433032529332,2.5864866065058667,fixed
75.52947619999759,37,0.8218420817435619,-0.01573341,-3.1466819999999998,12.930378427324973,2.5860756854649947,fixed
75.6139997999926,37,0.8218420817435619,-0.01573758,-3.1475160000000004,12.933805508805847,2.5867611017611694,fixed
75.6979349999965,37,0.8218420817435619,-0.01573796,-3.147592,12.934117808796906,2.5868235617593816,fixed
75.78185939999821,37,0.8218420817435619,-0.01573459,-3.146918,12.931348200981432,2.5862696401962864,fixed
75.86583739999332,37,0.8218420817435619,-0.01573204,-3.146408,12.929252503672984,2.585850500734597,fixed
75.9498617999925,37,0.8218420817435619,-0.01572611,-3.1452220000000004,12.924378980128248,2.5848757960256497,fixed
76.03347959999519,37,0.8218420817435619,-0.01573674,-3.147348,12.933115161457179,2.586623032291436,fixed
76.118112499993,37,0.8218420817435619,-0.01573608,-3.147216,12.93257274568323,2.5865145491366457,fixed
76.2023074999961,37,0.8218420817435619,-0.01573726,-3.147452,12.933542519339687,2.5867085038679374,fixed
76.28827789999195,37,0.8218420817435619,-0.01573987,-3.147974,12.935687527173037,2.5871375054346073,fixed
76.37173019999318,37,0.8218420817435619,-0.01573821,-3.147642,12.934323269317343,2.5868646538634685,fixed
76.45522219999839,37,0.8218420817435619,-0.0157404,-3.14808,12.936123103476362,2.5872246206952725,fixed
76.5387580999959,37,0.8218420817435619,-0.01573998,-3.147996,12.935777929802029,2.5871555859604056,fixed
76.62264939999295,37,0.8218420817435619,-0.0157397,-3.1479399999999997,12.93554781401914,2.587109562803828,fixed
76.70681259999401,37,0.8218420817435619,-0.01574077,-3.1481540000000003,12.936427185046607,2.5872854370093217,fixed
76.79178230000252,38,0.8218420817435619,-0.01573775,-3.14755,12.933945221959739,2.586789044391948,fixed
76.875824499999,38,0.8218420817435619,-0.01574231,-3.148462,12.937692821852492,2.5875385643704982,fixed
76.95939309999812,38,0.8218420817435619,-0.01573616,-3.147232,12.932638493049767,2.5865276986099537,fixed
77.04287199999817,38,0.8218420817435619,-0.01572867,-3.145734,12.926482895857509,2.585296579171502,fixed
77.12674179999885,38,0.8218420817435619,-0.01572852,-3.145704,12.926359619545247,2.5852719239090494,fixed
77.21094560000347,38,0.8218420817435619,-0.01572558,-3.145116,12.923943403824921,2.584788680764984,fixed
77.29496610000206,38,0.8218420817435619,-0.01572495,-3.1449900000000004,12.923425643313424,2.584685128662685,fixed
77.3799880000006,38,0.8218420817435619,-0.01572586,-3.145172,12.92417351960781,2.5848347039215622,fixed
77.46373270000186,38,0.8218420817435619,-0.0157282,-3.14564,12.92609663007909,2.5852193260158183,fixed
77.54744590000337,38,0.8218420817435619,-0.01572617,-3.1452340000000003,12.92442829065315,2.5848856581306303,fixed
77.63107540000055,38,0.8218420817435619,-0.0157189,-3.1437800000000005,12.918453498718875,2.583690699743775,fixed
77.71498489999794,38,0.8218420817435619,-0.01571811,-3.143622,12.917804243474297,2.5835608486948596,fixed
77.79901399999653,38,0.8218420817435619,-0.01571959,-3.1439179999999998,12.919020569755277,2.5838041139510555,fixed
77.88314489999902,38,0.8218420817435619,-0.01572604,-3.145208,12.924321451182525,2.5848642902365047,fixed
77.9671914999999,38,0.8218420817435619,-0.01572351,-3.1447019999999997,12.922242190715712,2.5844484381431423,fixed
78.0517372999966,38,0.8218420817435619,-0.01572008,-3.144016,12.919423272375333,2.5838846544750664,fixed
78.13577790000272,38,0.8218420817435619,-0.01572422,-3.144844,12.922825698593751,2.58456513971875,fixed
78.21993349999684,38,0.8218420817435619,-0.01571802,-3.143604,12.91773027768694,2.583546055537388,fixed
78.30415199999698,38,0.8218420817435619,-0.01572591,-3.1451819999999997,12.924214611711896,2.584842922342379,fixed
78.3887698000035,38,0.8218420817435619,-0.01572172,-3.1443440000000002,12.920771093389392,2.5841542186778788,fixed
78.47304270000313,38,0.8218420817435619,-0.01572537,-3.1450739999999997,12.923770816987755,2.584754163397551,fixed
78.55732220000209,38,0.8218420817435619,-0.01572492,-3.144984,12.92340098805097,2.584680197610194,fixed
78.64118900000176,38,0.8218420817435619,-0.01572679,-3.1453580000000003,12.924937832743833,2.5849875665487665,fixed
78.72512899999856,38,0.8218420817435619,-0.01572552,-3.145104,12.923894093300017,2.5847788186600034,fixed
78.8096802,39,0.8218420817435619,-0.01571916,-3.1438319999999997,12.918667177660128,2.5837334355320256,fixed
78.8938491000008,39,0.8218420817435619,-0.01572474,-3.1449480000000003,12.923253056476259,2.5846506112952516,fixed
78.97788340000261,39,0.8218420817435619,-0.01572207,-3.1444140000000003,12.921058738118003,2.5842117476236006,fixed
79.0615902999998,39,0.8218420817435619,-0.01572504,-3.145008,12.92349960910078,2.584699921820156,fixed
79.14531050000369,39,0.8218420817435619,-0.01572526,-3.145052,12.923680414358763,2.584736082871753,fixed
79.23009460000321,39,0.8218420817435619,-0.01571919,-3.143838,12.918691832922581,2.5837383665845164,fixed
79.31578799999988,39,0.8218420817435619,-0.01572767,-3.145534,12.925661053775764,2.585132210755153,fixed
79.39946310000232,39,0.8218420817435619,-0.01572875,-3.14575,12.926548643224049,2.58530972864481,fixed
79.48311470000044,39,0.8218420817435619,-0.01572644,-3.1452880000000003,12.924650188015223,2.5849300376030446,fixed
79.56708600000275,39,0.8218420817435619,-0.01573316,-3.146632,12.930172966804538,2.5860345933609077,fixed
79.65099690000352,39,0.8218420817435619,-0.01573778,-3.147556,12.933969877222193,2.5867939754444387,fixed
79.73477809999895,39,0.8218420817435619,-0.01573425,-3.14685,12.93106877467364,2.586213754934728,fixed
79.81821050000144,39,0.8218420817435619,-0.01573562,-3.147124,12.932194698325626,2.5864389396651255,fixed
79.90170870000293,39,0.8218420817435619,-0.01573431,-3.146862,12.931118085198545,2.5862236170397086,fixed
79.98528259999875,39,0.8218420817435619,-0.01573449,-3.146898,12.931266016773257,2.5862532033546515,fixed
80.06869839999854,39,0.8218420817435619,-0.01573256,-3.146512,12.929679861555492,2.5859359723110984,fixed
80.1523601000008,39,0.8218420817435619,-0.01572894,-3.145788,12.926704793219582,2.585340958643916,fixed
80.23587360000238,39,0.8218420817435619,-0.01573443,-3.1468860000000003,12.931216706248351,2.586243341249671,fixed
80.31952289999754,39,0.8218420817435619,-0.01572755,-3.14551,12.925562432725958,2.5851124865451913,fixed
80.40324359999795,39,0.8218420817435619,-0.01573964,-3.147928,12.935498503494236,2.587099700698847,fixed
80.48679719999927,39,0.8218420817435619,-0.01573846,-3.147692,12.934528729837778,2.586905745967556,fixed
80.5704751000012,39,0.8218420817435619,-0.01573811,-3.1476219999999997,12.93424108510917,2.5868482170218337,fixed
80.6541928000006,39,0.8218420817435619,-0.01574589,-3.149178,12.940635016505134,2.5881270033010266,fixed
80.73792079999839,39,0.8218420817435619,-0.01574666,-3.149332,12.941267834908077,2.588253566981615,fixed
80.82179629999155,40,0.8218420817435619,-0.01574669,-3.149338,12.941292490170529,2.5882584980341057,fixed
80.90537179999228,40,0.8218420817435619,-0.01575131,-3.150262,12.945089400588184,2.5890178801176367,fixed
80.988886799998,40,0.8218420817435619,-0.01574941,-3.149882,12.943527900632871,2.588705580126574,fixed
81.07259099999646,40,0.8218420817435619,-0.01575382,-3.150764,12.947152224213362,2.589430444842672,fixed
81.15629379999154,40,0.8218420817435619,-0.01575798,-3.1515960000000005,12.950571087273413,2.590114217454683,fixed
81.23999589999585,40,0.8218420817435619,-0.01575708,-3.151416,12.949831429399843,2.589966285879969,fixed
81.32409929999267,40,0.8218420817435619,-0.01575657,-3.151314,12.949412289938156,2.589882457987631,fixed
81.40814749999845,40,0.8218420817435619,-0.01575741,-3.151482,12.950102637286818,2.590020527457364,fixed
81.49211509999441,40,0.8218420817435619,-0.01575402,-3.150804,12.94731659262971,2.589463318525942,fixed
81.57609909999155,40,0.8218420817435619,-0.01575641,-3.1512819999999997,12.949280795205075,2.5898561590410147,fixed
81.66012389999378,40,0.8218420817435619,-0.01575433,-3.150866,12.94757136367505,2.58951427273501,fixed
81.74382299999706,40,0.8218420817435619,-0.01575766,-3.151532,12.950308097807254,2.590061619561451,fixed
81.82762219999859,40,0.8218420817435619,-0.0157503,-3.1500599999999994,12.94425934008562,2.588851868017124,fixed
81.91157819999353,40,0.8218420817435619,-0.01575272,-3.1505440000000005,12.946248197923444,2.589249639584689,fixed
81.99537589999818,40,0.8218420817435619,-0.01574798,-3.1495960000000003,12.94235266645598,2.5884705332911957,fixed
82.07881609999458,40,0.8218420817435619,-0.01574901,-3.149802,12.943199163800173,2.588639832760035,fixed
82.16245669999626,40,0.8218420817435619,-0.01574956,-3.1499119999999996,12.943651176945133,2.588730235389026,fixed
82.24617219999345,40,0.8218420817435619,-0.01575137,-3.1502740000000005,12.945138711113088,2.5890277422226182,fixed
82.33004829999845,40,0.8218420817435619,-0.01575352,-3.150704,12.946905671588837,2.5893811343177675,fixed
82.41358869999385,40,0.8218420817435619,-0.01574236,-3.148472,12.93773391395658,2.587546782791316,fixed
82.49741859999631,40,0.8218420817435619,-0.01575167,-3.150334,12.94538526373761,2.5890770527475224,fixed
82.58136759999616,40,0.8218420817435619,-0.01575643,-3.151286,12.94929723204671,2.589859446409342,fixed
82.66509219999716,40,0.8218420817435619,-0.01575683,-3.151366,12.949625968879408,2.5899251937758816,fixed
82.74884339999699,40,0.8218420817435619,-0.01575886,-3.1517720000000002,12.951294308305346,2.5902588616610696,fixed
82.83329579999554,41,0.8218420817435619,-0.01575409,-3.1508179999999997,12.947374121575429,2.589474824315086,fixed
82.91710399999283,41,0.8218420817435619,-0.01575949,-3.151898,12.951812068816846,2.590362413763369,fixed
83.00079559998994,41,0.8218420817435619,-0.01574997,-3.149994,12.943988132198646,2.5887976264397294,fixed
83.08436529999017,41,0.8218420817435619,-0.01575445,-3.15089,12.947669984724858,2.5895339969449718,fixed
83.16796559999057,41,0.8218420817435619,-0.0157602,-3.15204,12.952395576694883,2.590479115338977,fixed
83.25184399999125,41,0.8218420817435619,-0.01575853,-3.151706,12.951023100418372,2.590204620083674,fixed
83.33582089999254,41,0.8218420817435619,-0.01576102,-3.1522040000000002,12.953069487201914,2.5906138974403827,fixed
83.41953399999329,41,0.8218420817435619,-0.01576165,-3.1523299999999996,12.953587247713411,2.590717449542682,fixed
83.50311119999242,41,0.8218420817435619,-0.01575875,-3.15175,12.951203905676355,2.5902407811352712,fixed
83.58673639999324,41,0.8218420817435619,-0.01575941,-3.151882,12.951746321450308,2.590349264290061,fixed
83.67259729999205,41,0.8218420817435619,-0.01575789,-3.1515779999999998,12.950497121486055,2.590099424297211,fixed
83.75639299999602,41,0.8218420817435619,-0.01575692,-3.151384,12.949699934666766,2.589939986933353,fixed
83.84012939999229,41,0.8218420817435619,-0.01575708,-3.151416,12.949831429399843,2.589966285879969,fixed
83.9240493999896,41,0.8218420817435619,-0.01576202,-3.152404,12.953891329283659,2.5907782658567315,fixed
84.00780729998951,41,0.8218420817435619,-0.01576169,-3.1523379999999994,12.95362012139668,2.5907240242793357,fixed
84.09130969999387,41,0.8218420817435619,-0.01575957,-3.151914,12.951877816183385,2.590375563236677,fixed
84.17476639999222,41,0.8218420817435619,-0.01575992,-3.151984,12.952165460911996,2.590433092182399,fixed
84.25873789999605,41,0.8218420817435619,-0.01575749,-3.1514979999999997,12.950168384653358,2.5900336769306715,fixed
84.3427631999948,41,0.8218420817435619,-0.0157632,-3.1526400000000003,12.954861102940116,2.5909722205880232,fixed
84.42670339999313,41,0.8218420817435619,-0.01576647,-3.1532940000000003,12.957548526547418,2.5915097053094835,fixed
84.5102840999898,41,0.8218420817435619,-0.01577051,-3.1541020000000004,12.96086876855766,2.592173753711532,fixed
84.5940916999898,41,0.8218420817435619,-0.01576538,-3.1530759999999995,12.956652718678315,2.591330543735663,fixed
84.67790619999141,41,0.8218420817435619,-0.01577238,-3.154476,12.96240561325052,2.592481122650104,fixed
84.76170239999192,41,0.8218420817435619,-0.01577123,-3.154246,12.961460494856516,2.592292098971303,fixed
84.84557209999912,42,0.8218420817435619,-0.01577416,-3.154832,12.963868492156022,2.5927736984312046,fixed
84.92904129999806,42,0.8218420817435619,-0.01577191,-3.154382,12.9620193474721,2.59240386949442,fixed
85.01258609999786,42,0.8218420817435619,-0.0157773,-3.15546,12.9664490762927,2.5932898152585397,fixed
85.09614539999893,42,0.8218420817435619,-0.01577962,-3.155924,12.968355749922345,2.593671149984469,fixed
85.17990709999867,42,0.8218420817435619,-0.01577315,-3.15463,12.963038431653462,2.592607686330693,fixed
85.2634739999994,42,0.8218420817435619,-0.01578635,-3.15727,12.973886747132479,2.594777349426496,fixed
85.34717559999262,42,0.8218420817435619,-0.01578246,-3.1564920000000005,12.970689781434498,2.5941379562868994,fixed
85.43064019999292,42,0.8218420817435619,-0.01579133,-3.158266,12.977979520699561,2.595595904139912,fixed
85.51429189999908,42,0.8218420817435619,-0.015791,-3.1582,12.977708312812586,2.595541662562517,fixed
85.5982373999941,42,0.8218420817435619,-0.01579547,-3.1590939999999996,12.981381946917978,2.5962763893835956,fixed
85.68247289999272,42,0.8218420817435619,-0.01579921,-3.1598420000000003,12.984455636303702,2.5968911272607405,fixed
85.76628859999619,42,0.8218420817435619,-0.01579998,-3.1599960000000005,12.985088454706645,2.597017690941329,fixed
85.84986239999853,42,0.8218420817435619,-0.01580043,-3.160086,12.985458283643428,2.5970916567286855,fixed
85.93332249999366,42,0.8218420817435619,-0.0158019,-3.16038,12.98666639150359,2.597333278300718,fixed
86.01733469999454,42,0.8218420817435619,-0.01580099,-3.1601980000000003,12.985918515209205,2.597183703041841,fixed
86.1015333999967,42,0.8218420817435619,-0.01580107,-3.1602140000000003,12.985984262575743,2.597196852515149,fixed
86.18882399999711,42,0.8218420817435619,-0.01579728,-3.159456,12.982869481085936,2.596573896217187,fixed
86.27302019999479,42,0.8218420817435619,-0.01579487,-3.1589739999999997,12.980888841668932,2.5961777683337863,fixed
86.35710189999372,42,0.8218420817435619,-0.01580405,-3.16081,12.988433351979339,2.597686670395868,fixed
86.44087129999389,42,0.8218420817435619,-0.01580633,-3.1612660000000004,12.990307151925714,2.598061430385143,fixed
86.52464389999659,42,0.8218420817435619,-0.01580786,-3.161572,12.991564570310782,2.5983129140621566,fixed
86.60878109999612,42,0.8218420817435619,-0.01581096,-3.162192,12.994112280764186,2.5988224561528375,fixed
86.69271679999656,42,0.8218420817435619,-0.01581182,-3.162364,12.994819064954488,2.5989638129908976,fixed
86.77659609999682,42,0.8218420817435619,-0.01580775,-3.1615499999999996,12.99147416768179,2.598294833536358,fixed
86.86127239999769,43,0.8218420817435619,-0.01581306,-3.162612,12.99583814913585,2.59916762982717,fixed
86.94508900000073,43,0.8218420817435619,-0.01581518,-3.1630360000000004,12.997580454349146,2.5995160908698294,fixed
87.0290468000021,43,0.8218420817435619,-0.01581654,-3.163308,12.998698159580318,2.599739631916063,fixed
87.11279369999829,43,0.8218420817435619,-0.01581758,-3.1635160000000004,12.99955287534533,2.599910575069066,fixed
87.19639209999877,43,0.8218420817435619,-0.01581869,-3.163738,13.000465120056065,2.600093024011213,fixed
87.28009909999673,43,0.8218420817435619,-0.01581877,-3.163754,13.000530867422604,2.6001061734845208,fixed
87.36382639999647,43,0.8218420817435619,-0.01581653,-3.1633059999999995,12.998689941159498,2.599737988231899,fixed
87.44778670000233,43,0.8218420817435619,-0.01582492,-3.1649839999999996,13.005585196225326,2.6011170392450653,fixed
87.53156299999682,43,0.8218420817435619,-0.01582194,-3.1643879999999998,13.00313610682173,2.600627221364346,fixed
87.61569109999982,43,0.8218420817435619,-0.01582013,-3.1640260000000007,13.001648572653776,2.600329714530756,fixed
87.69980660000147,43,0.8218420817435619,-0.01582525,-3.16505,13.005856404112302,2.6011712808224603,fixed
87.78397330000007,43,0.8218420817435619,-0.01582614,-3.165228,13.006587843565052,2.601317568713011,fixed
87.86836100000073,43,0.8218420817435619,-0.01582859,-3.165718,13.008601356665325,2.601720271333065,fixed
87.95225719999871,43,0.8218420817435619,-0.01582676,-3.1653519999999995,13.007097385655735,2.6014194771311465,fixed
88.03609750000032,43,0.8218420817435619,-0.01582863,-3.1657260000000003,13.008634230348596,2.6017268460697194,fixed
88.12032029999682,43,0.8218420817435619,-0.01582951,-3.165902,13.00935745138053,2.601871490276106,fixed
88.2045020000005,43,0.8218420817435619,-0.0158285,-3.1656999999999997,13.008527390877967,2.6017054781755937,fixed
88.28886369999964,43,0.8218420817435619,-0.01582618,-3.1652359999999997,13.006620717248323,2.6013241434496646,fixed
88.37306109999918,43,0.8218420817435619,-0.01583239,-3.1664779999999997,13.01172435657595,2.60234487131519,fixed
88.45706549999886,43,0.8218420817435619,-0.01583279,-3.1665579999999998,13.012053093408648,2.6024106186817297,fixed
88.54092990000208,43,0.8218420817435619,-0.01582375,-3.16475,13.004623640989688,2.6009247281979375,fixed
88.62486889999855,43,0.8218420817435619,-0.01582611,-3.1652220000000004,13.006563188302604,2.601312637660521,fixed
88.70851299999777,43,0.8218420817435619,-0.01582757,-3.165514,13.007763077741947,2.6015526155483895,fixed
88.7924828000032,43,0.8218420817435619,-0.01582597,-3.1651940000000005,13.00644813041116,2.6012896260822322,fixed
88.87763479999558,44,0.8218420817435619,-0.01582802,-3.1656040000000005,13.008132906678734,2.601626581335747,fixed
88.96132799999032,44,0.8218420817435619,-0.01582551,-3.165102,13.006070083053556,2.601214016610711,fixed
89.04499329999089,44,0.8218420817435619,-0.01582498,-3.1649959999999995,13.00563450675023,2.601126901350046,fixed
89.12874099999317,44,0.8218420817435619,-0.01582485,-3.1649700000000003,13.005527667279607,2.601105533455921,fixed
89.21275409999362,44,0.8218420817435619,-0.01582255,-3.1645100000000004,13.003637430491596,2.6007274860983194,fixed
89.2966410999943,44,0.8218420817435619,-0.01582046,-3.164092,13.001919780540753,2.6003839561081503,fixed
89.38057789999584,44,0.8218420817435619,-0.01582043,-3.164086,13.001895125278299,2.60037902505566,fixed
89.46461019999697,44,0.8218420817435619,-0.01582586,-3.165172,13.006357727782168,2.6012715455564335,fixed
89.54857149999589,44,0.8218420817435619,-0.01582286,-3.164572,13.003892201536935,2.600778440307387,fixed
89.63271919999534,44,0.8218420817435619,-0.01582966,-3.1659319999999997,13.00948072769279,2.601896145538558,fixed
89.71693759999471,44,0.8218420817435619,-0.01582828,-3.165656,13.008346585619986,2.601669317123997,fixed
89.8011733999956,44,0.8218420817435619,-0.01582997,-3.165994,13.009735498738133,2.6019470997476266,fixed
89.88533079999615,44,0.8218420817435619,-0.015828,-3.1655999999999995,13.008116469837097,2.6016232939674193,fixed
89.96923629999219,44,0.8218420817435619,-0.01582547,-3.1650940000000003,13.006037209370287,2.6012074418740574,fixed
90.0526527999973,44,0.8218420817435619,-0.01582617,-3.1652340000000003,13.006612498827508,2.6013224997655016,fixed
90.13657589999639,44,0.8218420817435619,-0.01582044,-3.1640880000000005,13.001903343699118,2.6003806687398234,fixed
90.22074769999745,44,0.8218420817435619,-0.01581509,-3.163018,12.99750648856179,2.5995012977123575,fixed
90.30492969999614,44,0.8218420817435619,-0.01582121,-3.1642419999999998,13.002536162102057,2.6005072324204117,fixed
90.38871509999444,44,0.8218420817435619,-0.01582113,-3.1642259999999998,13.00247041473552,2.6004940829471037,fixed
90.47280639999371,44,0.8218420817435619,-0.01582172,-3.1643440000000003,13.002955301563748,2.60059106031275,fixed
90.55685209999501,44,0.8218420817435619,-0.01582765,-3.1655299999999995,13.007828825108486,2.601565765021697,fixed
90.64072969999688,44,0.8218420817435619,-0.01582466,-3.1649320000000003,13.005371517284075,2.601074303456815,fixed
90.72446799999307,44,0.8218420817435619,-0.01582463,-3.164926,13.005346862021621,2.601069372404324,fixed
90.80858209999133,44,0.8218420817435619,-0.01581956,-3.163912,13.001180122667181,2.6002360245334364,fixed
90.89331749999837,45,0.8218420817435619,-0.01582334,-3.1646680000000003,13.004286685736172,2.6008573371472345,fixed
90.97698340000352,45,0.8218420817435619,-0.01582185,-3.1643699999999995,13.003062141034373,2.6006124282068743,fixed
91.06040999999823,45,0.8218420817435619,-0.01581958,-3.163916,13.001196559508816,2.6002393119017633,fixed
91.14388429999963,45,0.8218420817435619,-0.01581816,-3.163632,13.000029543752742,2.6000059087505485,fixed
91.22782059999736,45,0.8218420817435619,-0.01581938,-3.163876,13.001032191092468,2.6002064382184935,fixed
91.31147230000352,45,0.8218420817435619,-0.01581971,-3.163942,13.001303398979443,2.6002606797958885,fixed
91.39517519999936,45,0.8218420817435619,-0.01581753,-3.163506,12.999511783241243,2.5999023566482484,fixed
91.47883490000095,45,0.8218420817435619,-0.01581302,-3.162604,12.99580527545258,2.5991610550905158,fixed
91.56252240000322,45,0.8218420817435619,-0.0158151,-3.16302,12.997514706982605,2.599502941396521,fixed
91.64641940000001,45,0.8218420817435619,-0.01582045,-3.16409,13.001911562119934,2.6003823124239864,fixed
91.73048310000013,45,0.8218420817435619,-0.0158154,-3.16308,12.99776125960713,2.5995522519214256,fixed
91.81476000000112,45,0.8218420817435619,-0.01581951,-3.1639019999999998,13.001139030563094,2.6002278061126187,fixed
91.90259179999703,45,0.8218420817435619,-0.01581681,-3.1633620000000002,12.998920056942387,2.5997840113884774,fixed
91.98628610000014,45,0.8218420817435619,-0.0158102,-3.16204,12.993487680782062,2.5986975361564126,fixed
92.07021309999982,45,0.8218420817435619,-0.01580534,-3.161068,12.98949352826479,2.5978987056529577,fixed
92.15447839999979,45,0.8218420817435619,-0.01580476,-3.1609520000000004,12.989016859857378,2.5978033719714757,fixed
92.23865620000288,45,0.8218420817435619,-0.01580709,-3.161418,12.990931751907839,2.598186350381568,fixed
92.322906100002,45,0.8218420817435619,-0.01581088,-3.1621759999999997,12.994046533397647,2.598809306679529,fixed
92.40723450000223,45,0.8218420817435619,-0.01580711,-3.161422,12.990948188749472,2.5981896377498948,fixed
92.49115529999835,45,0.8218420817435619,-0.01580461,-3.1609220000000002,12.988893583545117,2.597778716709023,fixed
92.57527839999966,45,0.8218420817435619,-0.01580933,-3.161866,12.992772678170944,2.598554535634189,fixed
92.659356199998,45,0.8218420817435619,-0.01580916,-3.1618319999999995,12.992632965017048,2.598526593003409,fixed
92.7435534000033,45,0.8218420817435619,-0.0158138,-3.1627599999999996,12.996446312276339,2.5992892624552675,fixed
92.82769499999995,45,0.8218420817435619,-0.01580956,-3.161912,12.992961701849746,2.598592340369949,fixed
92.9120519999924,46,0.8218420817435619,-0.0158151,-3.16302,12.997514706982605,2.599502941396521,fixed
92.99593129999266,46,0.8218420817435619,-0.01580793,-3.1615860000000002,12.991622099256505,2.598324419851301,fixed
93.07987899999716,46,0.8218420817435619,-0.01581551,-3.1631020000000003,12.99785166223612,2.5995703324472244,fixed
93.16362799999479,46,0.8218420817435619,-0.01581518,-3.1630360000000004,12.997580454349146,2.5995160908698294,fixed
93.24767939999583,46,0.8218420817435619,-0.01581188,-3.162376,12.994868375479392,2.5989736750958783,fixed
93.33146479999414,46,0.8218420817435619,-0.01581756,-3.1635120000000003,12.999536438503696,2.599907287700739,fixed
93.41526019999583,46,0.8218420817435619,-0.01582178,-3.164356,13.003004612088652,2.6006009224177307,fixed
93.49926079999568,46,0.8218420817435619,-0.01581958,-3.163916,13.001196559508816,2.6002393119017633,fixed
93.58341739999742,46,0.8218420817435619,-0.01582217,-3.164434,13.003325130500532,2.6006650261001063,fixed
93.66741579999507,46,0.8218420817435619,-0.01582284,-3.164568,13.003875764695302,2.60077515293906,fixed
93.75163469999825,46,0.8218420817435619,-0.01582087,-3.164174,13.002256735794266,2.6004513471588533,fixed
93.83568119999109,46,0.8218420817435619,-0.01581991,-3.163982,13.001467767395791,2.6002935534791582,fixed
93.91979569999239,46,0.8218420817435619,-0.0158196,-3.16392,13.001212996350452,2.60024259927009,fixed
94.00378479999199,46,0.8218420817435619,-0.01582257,-3.164514,13.00365386733323,2.600730773466646,fixed
94.08759629999258,46,0.8218420817435619,-0.01582725,-3.1654500000000003,13.00750008827579,2.6015000176551584,fixed
94.17136049999681,46,0.8218420817435619,-0.01582518,-3.165036,13.005798875166581,2.601159775033316,fixed
94.25529549999192,46,0.8218420817435619,-0.01582648,-3.165296,13.006867269872847,2.6013734539745696,fixed
94.33951679999154,46,0.8218420817435619,-0.0158296,-3.16592,13.009431417167887,2.6018862834335774,fixed
94.42377339999803,46,0.8218420817435619,-0.01582891,-3.1657820000000005,13.008864346131485,2.601772869226297,fixed
94.50785619999806,46,0.8218420817435619,-0.01582263,-3.164526,13.003703177858135,2.600740635571627,fixed
94.59190619999572,46,0.8218420817435619,-0.01582768,-3.1655360000000003,13.007853480370938,2.6015706960741882,fixed
94.675728599992,46,0.8218420817435619,-0.01582944,-3.165888,13.009299922434808,2.6018599844869614,fixed
94.75928559999738,46,0.8218420817435619,-0.0158267,-3.1653399999999996,13.00704807513083,2.601409615026166,fixed
94.84288429999287,46,0.8218420817435619,-0.01583038,-3.1660760000000003,13.010072453991649,2.6020144907983296,fixed
94.92655199999717,47,0.8218420817435619,-0.01583259,-3.166518,13.011888724992302,2.60237774499846,fixed
95.01014569999825,47,0.8218420817435619,-0.01583686,-3.1673720000000003,13.015397990681345,2.6030795981362695,fixed
95.09383710000111,47,0.8218420817435619,-0.01583439,-3.166878,13.013368040739438,2.602673608147888,fixed
95.17755049999687,47,0.8218420817435619,-0.0158346,-3.16692,13.013540627576607,2.602708125515321,fixed
95.26162520000071,47,0.8218420817435619,-0.01582797,-3.165594,13.008091814574644,2.601618362914929,fixed
95.34554850000131,47,0.8218420817435619,-0.0158378,-3.16756,13.016170522238184,2.603234104447637,fixed
95.42922810000164,47,0.8218420817435619,-0.01582902,-3.165804,13.008954748760475,2.601790949752095,fixed
95.51301260000037,47,0.8218420817435619,-0.01583388,-3.1667760000000005,13.01294890127775,2.6025897802555504,fixed
95.59703440000158,47,0.8218420817435619,-0.01583469,-3.1669379999999996,13.01361459336396,2.602722918672792,fixed
95.68091489999642,47,0.8218420817435619,-0.01583563,-3.167126,13.0143871249208,2.60287742498416,fixed
95.76468469999963,47,0.8218420817435619,-0.01583355,-3.1667099999999997,13.012677693390772,2.6025355386781546,fixed
95.84888269999647,47,0.8218420817435619,-0.01583565,-3.16713,13.014403561762435,2.602880712352487,fixed
95.93263460000162,47,0.8218420817435619,-0.01583965,-3.16793,13.01769093008941,2.603538186017882,fixed
96.01615080000192,47,0.8218420817435619,-0.01583885,-3.16777,13.017033456424016,2.603406691284803,fixed
96.09970769999927,47,0.8218420817435619,-0.0158404,-3.1680800000000002,13.01830731165072,2.6036614623301437,fixed
96.18336379999528,47,0.8218420817435619,-0.01584333,-3.168666,13.020715308950225,2.604143061790045,fixed
96.26724919999833,47,0.8218420817435619,-0.01584335,-3.1686699999999997,13.020731745791862,2.604146349158372,fixed
96.35089689999586,47,0.8218420817435619,-0.01584398,-3.168796,13.021249506303361,2.6042499012606717,fixed
96.43459479999729,47,0.8218420817435619,-0.01583905,-3.1678100000000002,13.017197824840364,2.603439564968073,fixed
96.51808529999835,47,0.8218420817435619,-0.01584187,-3.168374,13.019515419510881,2.603903083902176,fixed
96.60177329999715,47,0.8218420817435619,-0.01584649,-3.1692980000000004,13.023312329928537,2.6046624659857076,fixed
96.68521039999905,47,0.8218420817435619,-0.01584489,-3.168978,13.021997382597748,2.6043994765195495,fixed
96.76863990000129,47,0.8218420817435619,-0.01584413,-3.168826,13.021372782615622,2.6042745565231242,fixed
96.85250400000223,47,0.8218420817435619,-0.01584364,-3.1687279999999998,13.020970079995566,2.6041940159991133,fixed
96.93716679999488,48,0.8218420817435619,-0.015845,-3.169,13.02208778522674,2.604417557045348,fixed
97.02113569999347,48,0.8218420817435619,-0.01584772,-3.1695439999999997,13.02432319568908,2.6048646391378156,fixed
97.1053402999969,48,0.8218420817435619,-0.01584784,-3.1695679999999995,13.024421816738888,2.6048843633477774,fixed
97.18903839999257,48,0.8218420817435619,-0.01584238,-3.168476,13.01993455897257,2.603986911794514,fixed
97.2730345999953,48,0.8218420817435619,-0.01584291,-3.1685820000000002,13.020370135275895,2.6040740270551788,fixed
97.3570877999955,48,0.8218420817435619,-0.01584083,-3.1681660000000003,13.018660703745867,2.6037321407491736,fixed
97.44085189999169,48,0.8218420817435619,-0.01584387,-3.168774,13.021159103674368,2.6042318207348734,fixed
97.5243016999957,48,0.8218420817435619,-0.01584076,-3.168152,13.018603174800145,2.603720634960029,fixed
97.60794619999069,48,0.8218420817435619,-0.01584115,-3.16823,13.018923693212024,2.603784738642405,fixed
97.69147419999354,48,0.8218420817435619,-0.01583893,-3.1677860000000004,13.017099203790554,2.6034198407581113,fixed
97.77506789999461,48,0.8218420817435619,-0.01584152,-3.168304,13.019227774782271,2.603845554956454,fixed
97.85868139999366,48,0.8218420817435619,-0.01583998,-3.167996,13.017962137976385,2.603592427595277,fixed
97.94224059999397,48,0.8218420817435619,-0.01584156,-3.1683120000000002,13.019260648465542,2.603852129693108,fixed
98.02592029999505,48,0.8218420817435619,-0.01583912,-3.1678240000000004,13.017255353786087,2.6034510707572176,fixed
98.11027289999038,48,0.8218420817435619,-0.01584152,-3.168304,13.019227774782271,2.603845554956454,fixed
98.1939790999968,48,0.8218420817435619,-0.01583851,-3.167702,13.016754030116223,2.6033508060232444,fixed
98.27763329999289,48,0.8218420817435619,-0.01582732,-3.1654639999999996,13.007557617221511,2.601511523444302,fixed
98.36130699999194,48,0.8218420817435619,-0.01583665,-3.16733,13.01522540384418,2.603045080768836,fixed
98.44503819999227,48,0.8218420817435619,-0.01582833,-3.1656660000000003,13.008387677724075,2.6016775355448147,fixed
98.52876239999023,48,0.8218420817435619,-0.01582921,-3.165842,13.009110898756006,2.6018221797512013,fixed
98.61281439999584,48,0.8218420817435619,-0.01582132,-3.164264,13.00262656473105,2.60052531294621,fixed
98.69678109999222,48,0.8218420817435619,-0.01582527,-3.165054,13.005872840953936,2.6011745681907876,fixed
98.78053479999653,48,0.8218420817435619,-0.01582109,-3.164218,13.002437541052249,2.60048750821045,fixed
98.86430119999568,48,0.8218420817435619,-0.01582043,-3.164086,13.001895125278299,2.60037902505566,fixed
98.94820839999738,49,0.8218420817435619,-0.01582323,-3.1646460000000003,13.00419628310718,2.6008392566214362,fixed
99.03264299999864,49,0.8218420817435619,-0.01582124,-3.1642479999999997,13.002560817364511,2.600512163472902,fixed
99.11624920000031,49,0.8218420817435619,-0.0158148,-3.16296,12.997268154358084,2.5994536308716163,fixed
99.19997969999531,49,0.8218420817435619,-0.01582084,-3.1641679999999996,13.002232080531813,2.6004464161063625,fixed
99.28439159999834,49,0.8218420817435619,-0.01582558,-3.165116,13.006127611999277,2.6012255223998553,fixed
99.36841109999659,49,0.8218420817435619,-0.01582255,-3.1645100000000004,13.003637430491596,2.6007274860983194,fixed
99.45216009999422,49,0.8218420817435619,-0.01582254,-3.164508,13.003629212070777,2.6007258424141555,fixed
99.53584639999463,49,0.8218420817435619,-0.01582428,-3.164856,13.005059217293011,2.6010118434586023,fixed
99.61942949999502,49,0.8218420817435619,-0.01582095,-3.16419,13.002322483160805,2.6004644966321613,fixed
99.70298019999609,49,0.8218420817435619,-0.01582321,-3.164642,13.004179846265547,2.6008359692531093,fixed
99.78676289999567,49,0.8218420817435619,-0.01582101,-3.164202,13.00237179368571,2.600474358737142,fixed
99.87034109999513,49,0.8218420817435619,-0.01582072,-3.164144,13.002133459482003,2.6004266918964007,fixed
99.95417269999598,49,0.8218420817435619,-0.01581606,-3.163212,12.998303675381079,2.599660735076216,fixed
100.03775609999866,49,0.8218420817435619,-0.01582269,-3.164538,13.00375248838304,2.6007504976766076,fixed
100.12149279999721,49,0.8218420817435619,-0.01582589,-3.165178,13.006382383044617,2.601276476608924,fixed
100.20507579999685,49,0.8218420817435619,-0.01582148,-3.1642959999999998,13.002758059464128,2.6005516118928256,fixed
100.28865939999378,49,0.8218420817435619,-0.01582677,-3.165354,13.007105604076552,2.6014211208153104,fixed
100.37236739999935,49,0.8218420817435619,-0.01582276,-3.1645520000000005,13.003810017328762,2.6007620034657526,fixed
100.45627339999919,49,0.8218420817435619,-0.01582059,-3.1641179999999998,13.002026620011376,2.6004053240022755,fixed
100.540425399995,49,0.8218420817435619,-0.01582586,-3.165172,13.006357727782168,2.6012715455564335,fixed
100.62466359999962,49,0.8218420817435619,-0.01583093,-3.166186,13.010524467136607,2.602104893427321,fixed
100.70875399999932,49,0.8218420817435619,-0.01582802,-3.1656040000000005,13.008132906678734,2.601626581335747,fixed
100.79278179999528,49,0.8218420817435619,-0.01582723,-3.165446,13.007483651434155,2.601496730286831,fixed
100.87680039999395,49,0.8218420817435619,-0.01583139,-3.166278,13.010902514494209,2.602180502898842,fixed
100.96136079999997,50,0.8218420817435619,-0.01582953,-3.1659060000000006,13.009373888222166,2.6018747776444333,fixed
101.04526479999913,50,0.8218420817435619,-0.01582933,-3.165866,13.009209519805815,2.601841903961163,fixed
101.12903450000158,50,0.8218420817435619,-0.01582981,-3.165962,13.009604004005052,2.6019208008010106,fixed
101.2126935999986,50,0.8218420817435619,-0.01582759,-3.1655179999999996,13.00777951458358,2.6015559029167163,fixed
101.29656570000225,50,0.8218420817435619,-0.01582946,-3.165892,13.009316359276443,2.6018632718552888,fixed
101.3801214999985,50,0.8218420817435619,-0.01583102,-3.166204,13.010598432923963,2.6021196865847926,fixed
101.4638163999989,50,0.8218420817435619,-0.01582993,-3.1659859999999997,13.009702625054862,2.6019405250109724,fixed
101.54761039999721,50,0.8218420817435619,-0.01583116,-3.166232,13.010713490815407,2.6021426981630813,fixed
101.63144620000094,50,0.8218420817435619,-0.01582884,-3.165768,13.008806817185762,2.601761363437152,fixed
101.71568429999752,50,0.8218420817435619,-0.01583483,-3.1669660000000004,13.013729651255407,2.6027459302510816,fixed
101.79976809999789,50,0.8218420817435619,-0.01583266,-3.1665319999999997,13.01194625393802,2.602389250787604,fixed
101.88392120000208,50,0.8218420817435619,-0.01584056,-3.168112,13.018438806383797,2.6036877612767593,fixed
101.96769069999573,50,0.8218420817435619,-0.01583659,-3.1673180000000003,13.015176093319276,2.6030352186638552,fixed
102.05160410000099,50,0.8218420817435619,-0.01583891,-3.1677820000000003,13.01708276694892,2.6034165533897844,fixed
102.13572559999739,50,0.8218420817435619,-0.01584311,-3.168622,13.020534503692243,2.6041069007384485,fixed
102.21986050000123,50,0.8218420817435619,-0.01584231,-3.1684619999999994,13.019877030026846,2.603975406005369,fixed
102.3040187000006,50,0.8218420817435619,-0.01584691,-3.1693819999999997,13.023657503602866,2.6047315007205736,fixed
102.38780489999772,50,0.8218420817435619,-0.01584361,-3.1687220000000003,13.020945424733116,2.604189084946623,fixed
102.47176590000163,50,0.8218420817435619,-0.01584614,-3.1692280000000004,13.023024685199928,2.6046049370399853,fixed
102.55561309999757,50,0.8218420817435619,-0.01584605,-3.16921,13.02295071941257,2.604590143882514,fixed
102.639774700001,50,0.8218420817435619,-0.01584181,-3.168362,13.019466108985977,2.6038932217971955,fixed
102.72401420000097,50,0.8218420817435619,-0.01584086,-3.1681719999999993,13.018685359008318,2.6037370718016635,fixed
102.80830889999925,50,0.8218420817435619,-0.0158449,-3.16898,13.022005601018563,2.6044011202037125,fixed
102.89234349999606,50,0.8218420817435619,-0.01584896,-3.1697919999999997,13.025342279870442,2.6050684559740884,fixed
102.9763141999938,51,0.8218420817435619,-0.01584826,-3.169652,13.024766990413221,2.6049533980826447,fixed
103.06034939999518,51,0.8218420817435619,-0.0158527,-3.17054,13.028415969256164,2.605683193851233,fixed
103.1441968999934,51,0.8218420817435619,-0.01585601,-3.171202,13.031136266546735,2.606227253309347,fixed
103.22796099999687,51,0.8218420817435619,-0.01584864,-3.169728,13.025079290404285,2.605015858080857,fixed
103.31161499999871,51,0.8218420817435619,-0.01584934,-3.169868,13.025654579861506,2.605130915972301,fixed
103.39539229999355,51,0.8218420817435619,-0.0158554,-3.17108,13.030634942876869,2.606126988575374,fixed
103.47943709999527,51,0.8218420817435619,-0.01585643,-3.1712860000000003,13.031481440221068,2.6062962880442138,fixed
103.56337739999435,51,0.8218420817435619,-0.01585615,-3.17123,13.031251324438179,2.6062502648876356,fixed
103.64723329999833,51,0.8218420817435619,-0.01586038,-3.172076,13.034727716443953,2.606945543288791,fixed
103.73131979999744,51,0.8218420817435619,-0.01586131,-3.172262,13.035492029579975,2.607098405915995,fixed
103.81536049999704,51,0.8218420817435619,-0.01585972,-3.1719440000000003,13.034185300670003,2.606837060134001,fixed
103.89958029999252,51,0.8218420817435619,-0.01586459,-3.172918,13.038187671608096,2.607637534321619,fixed
103.98366689999966,51,0.8218420817435619,-0.01586226,-3.172452,13.036272779557631,2.6072545559115263,fixed
104.0674349999972,51,0.8218420817435619,-0.01585788,-3.1715760000000004,13.032673111239596,2.6065346222479193,fixed
104.15173839999625,51,0.8218420817435619,-0.01585588,-3.171176,13.031029427076106,2.6062058854152217,fixed
104.23612939999293,51,0.8218420817435619,-0.01586217,-3.172434,13.036198813770273,2.607239762754055,fixed
104.32040789999883,51,0.8218420817435619,-0.01585967,-3.171934,13.034144208565916,2.606828841713183,fixed
104.40453299999353,51,0.8218420817435619,-0.01585796,-3.171592,13.032738858606134,2.606547771721227,fixed
104.48844729999837,51,0.8218420817435619,-0.01585729,-3.171458,13.032188224411366,2.606437644882273,fixed
104.57330919999367,51,0.8218420817435619,-0.01585733,-3.1714659999999997,13.032221098094634,2.606444219618927,fixed
104.6574385999993,51,0.8218420817435619,-0.01585603,-3.171206,13.031152703388369,2.6062305406776742,fixed
104.74200999999448,51,0.8218420817435619,-0.01585743,-3.171486,13.03230328230281,2.606460656460562,fixed
104.82606719999603,51,0.8218420817435619,-0.01585556,-3.171112,13.030766437609952,2.60615328752199,fixed
104.9099797999952,51,0.8218420817435619,-0.01585028,-3.170056,13.026427111418345,2.6052854222836688,fixed
104.99445529999502,52,0.8218420817435619,-0.01585723,-3.171446,13.032138913886461,2.6064277827772924,fixed
105.07818810000026,52,0.8218420817435619,-0.015859,-3.1718,13.03359357437115,2.60671871487423,fixed
105.16205679999985,52,0.8218420817435619,-0.01585755,-3.1715100000000005,13.032401903352621,2.6064803806705243,fixed
105.24585959999968,52,0.8218420817435619,-0.01585768,-3.1715359999999997,13.032508742823246,2.606501748564649,fixed
105.32981519999885,52,0.8218420817435619,-0.01585726,-3.1714520000000004,13.032163569148915,2.606432713829783,fixed
105.41375419999531,52,0.8218420817435619,-0.01585504,-3.171008,13.030339079727444,2.606067815945489,fixed
105.4975329000008,52,0.8218420817435619,-0.01585078,-3.1701559999999995,13.026838032459215,2.6053676064918427,fixed
105.58141709999472,52,0.8218420817435619,-0.01585636,-3.171272,13.031423911275345,2.606284782255069,fixed
105.66498989999673,52,0.8218420817435619,-0.01585256,-3.1705120000000004,13.02830091136472,2.605660182272944,fixed
105.74882779999461,52,0.8218420817435619,-0.0158466,-3.16932,13.023402732557527,2.6046805465115055,fixed
105.83293969999795,52,0.8218420817435619,-0.01585233,-3.1704660000000002,13.02811188768592,2.605622377537184,fixed
105.91721259999758,52,0.8218420817435619,-0.01585249,-3.170498,13.028243382418998,2.605648676483799,fixed
106.00111710000056,52,0.8218420817435619,-0.01584956,-3.1699119999999996,13.025835385119487,2.6051670770238973,fixed
106.08512619999965,52,0.8218420817435619,-0.01584789,-3.169578,13.024462908842978,2.6048925817685955,fixed
106.16920820000087,52,0.8218420817435619,-0.01584647,-3.1692940000000003,13.023295893086901,2.6046591786173803,fixed
106.25346580000041,52,0.8218420817435619,-0.01584443,-3.1688859999999996,13.021619335240144,2.6043238670480284,fixed
106.33753399999841,52,0.8218420817435619,-0.01584238,-3.168476,13.01993455897257,2.603986911794514,fixed
106.42144649999682,52,0.8218420817435619,-0.01584438,-3.168876,13.021578243136059,2.604315648627211,fixed
106.50523339999927,52,0.8218420817435619,-0.01584489,-3.168978,13.021997382597748,2.6043994765195495,fixed
106.5891890999992,52,0.8218420817435619,-0.01584529,-3.1690580000000006,13.022326119430446,2.604465223886089,fixed
106.67344279999816,52,0.8218420817435619,-0.01584876,-3.169752,13.025177911454094,2.6050355822908187,fixed
106.75765799999499,52,0.8218420817435619,-0.01584544,-3.1690879999999995,13.022449395742704,2.6044898791485407,fixed
106.84198679999827,52,0.8218420817435619,-0.01584198,-3.1683959999999995,13.019605822139871,2.603921164427974,fixed
106.92621430000145,52,0.8218420817435619,-0.01584913,-3.1698259999999996,13.025481993024338,2.6050963986048674,fixed
107.0106780999995,53,0.8218420817435619,-0.01585238,-3.170476,13.028152979790006,2.605630595958001,fixed
107.0942955999999,53,0.8218420817435619,-0.01585263,-3.1705259999999997,13.028358440310441,2.6056716880620883,fixed
107.17791489999945,53,0.8218420817435619,-0.01584798,-3.1695960000000003,13.024536874630336,2.604907374926067,fixed
107.26289299999917,53,0.8218420817435619,-0.01585802,-3.171604,13.03278816913104,2.6065576338262075,fixed
107.34675669999706,53,0.8218420817435619,-0.01585545,-3.17109,13.030676034980958,2.606135206996192,fixed
107.43051720000221,53,0.8218420817435619,-0.01584759,-3.1695180000000005,13.024216356218457,2.6048432712436913,fixed
107.5141908000005,53,0.8218420817435619,-0.01585336,-3.170672,13.028958385030114,2.6057916770060228,fixed
107.59846200000175,53,0.8218420817435619,-0.01585822,-3.1716439999999997,13.032952537547388,2.6065905075094773,fixed
107.68229659999633,53,0.8218420817435619,-0.01584652,-3.169304,13.023336985190987,2.6046673970381975,fixed
107.76614349999727,53,0.8218420817435619,-0.01584446,-3.1688920000000005,13.021643990502598,2.6043287981005196,fixed
107.85033660000045,53,0.8218420817435619,-0.01584801,-3.169602,13.024561529892784,2.6049123059785573,fixed
107.93454719999863,53,0.8218420817435619,-0.0158517,-3.17034,13.027594127174421,2.605518825434884,fixed
108.01854230000026,53,0.8218420817435619,-0.01585345,-3.1706900000000005,13.029032350817472,2.6058064701634946,fixed
108.1027940999993,53,0.8218420817435619,-0.01585666,-3.1713320000000005,13.031670463899868,2.606334092779974,fixed
108.18689859999722,53,0.8218420817435619,-0.01585909,-3.171818,13.033667540158504,2.606733508031701,fixed
108.27072210000188,53,0.8218420817435619,-0.01585277,-3.1705539999999997,13.028473498201885,2.605694699640377,fixed
108.35483959999692,53,0.8218420817435619,-0.01585329,-3.170658,13.028900856084393,2.605780171216878,fixed
108.4388506000032,53,0.8218420817435619,-0.01585936,-3.1718719999999996,13.033889437520575,2.6067778875041148,fixed
108.52291040000273,53,0.8218420817435619,-0.01586352,-3.172704,13.037308300580627,2.6074616601161256,fixed
108.60697020000225,53,0.8218420817435619,-0.01586166,-3.172332,13.035779674308586,2.607155934861717,fixed
108.69105729999865,53,0.8218420817435619,-0.01586044,-3.172088,13.03477702696886,2.6069554053937716,fixed
108.77512739999656,53,0.8218420817435619,-0.0158546,-3.1709199999999997,13.029977469211477,2.605995493842295,fixed
108.85921249999956,53,0.8218420817435619,-0.01586157,-3.1723139999999996,13.035705708521228,2.6071411417042456,fixed
108.943217,53,0.8218420817435619,-0.01586215,-3.1724299999999994,13.03618237692864,2.6072364753857276,fixed
109.02895679999347,54,0.8218420817435619,-0.01585785,-3.17157,13.032648455977142,2.6065296911954285,fixed
109.112489799998,54,0.8218420817435619,-0.01585327,-3.170654,13.028884419242756,2.6057768838485513,fixed
109.19613019999815,54,0.8218420817435619,-0.01585859,-3.171718,13.033256619117632,2.6066513238235265,fixed
109.27982639999391,54,0.8218420817435619,-0.01586037,-3.1720739999999994,13.034719498023135,2.606943899604627,fixed
109.36355799999728,54,0.8218420817435619,-0.01585967,-3.171934,13.034144208565916,2.606828841713183,fixed
109.44727899999998,54,0.8218420817435619,-0.01585109,-3.170218,13.027092803504559,2.6054185607009113,fixed
109.53101509999397,54,0.8218420817435619,-0.01585755,-3.1715100000000005,13.032401903352621,2.6064803806705243,fixed
109.61482089999481,54,0.8218420817435619,-0.01585168,-3.170336,13.027577690332784,2.6055155380665567,fixed
109.69859759999963,54,0.8218420817435619,-0.01585056,-3.170112,13.026657227201232,2.6053314454402465,fixed
109.78248539999913,54,0.8218420817435619,-0.01584506,-3.1690120000000004,13.022137095751644,2.604427419150329,fixed
109.86670719999529,54,0.8218420817435619,-0.01584714,-3.169428,13.023846527281668,2.6047693054563337,fixed
109.95103159999417,54,0.8218420817435619,-0.01584545,-3.16909,13.022457614163523,2.6044915228327046,fixed
110.03496439999435,54,0.8218420817435619,-0.01585011,-3.1700220000000003,13.026287398264449,2.60525747965289,fixed
110.11882479999622,54,0.8218420817435619,-0.01584715,-3.16943,13.023854745702486,2.6047709491404976,fixed
110.20263489999343,54,0.8218420817435619,-0.01584794,-3.169588,13.024504000947065,2.6049008001894127,fixed
110.28630729999713,54,0.8218420817435619,-0.01584518,-3.169036,13.022235716801452,2.6044471433602907,fixed
110.37023449999833,54,0.8218420817435619,-0.01584937,-3.1698740000000005,13.025679235123958,2.605135847024792,fixed
110.45410379999521,54,0.8218420817435619,-0.01584199,-3.1683980000000003,13.019614040560691,2.6039228081121384,fixed
110.53812219999963,54,0.8218420817435619,-0.01584507,-3.1690139999999998,13.022145314172459,2.604429062834492,fixed
110.62243049999961,54,0.8218420817435619,-0.01584378,-3.1687559999999997,13.02108513788701,2.604217027577402,fixed
110.70612799999799,54,0.8218420817435619,-0.0158414,-3.1682799999999998,13.01912915373246,2.603825830746492,fixed
110.79000180000003,54,0.8218420817435619,-0.01583664,-3.167328,13.015217185423362,2.6030434370846725,fixed
110.8741274999993,54,0.8218420817435619,-0.01584317,-3.168634,13.020583814217147,2.6041167628434296,fixed
110.95828929999698,54,0.8218420817435619,-0.01584,-3.168,13.01797857481802,2.603595714963604,fixed
111.04225499999302,55,0.8218420817435619,-0.01583987,-3.167974,13.017871735347393,2.6035743470694785,fixed
111.12613069999497,55,0.8218420817435619,-0.01583595,-3.1671900000000006,13.01465011438696,2.602930022877392,fixed
111.2098091999942,55,0.8218420817435619,-0.01583996,-3.167992,13.017945701134751,2.60358914022695,fixed
111.29369299999962,55,0.8218420817435619,-0.01583905,-3.1678100000000002,13.017197824840364,2.603439564968073,fixed
111.37779089999822,55,0.8218420817435619,-0.01584742,-3.169484,13.024076643064559,2.6048153286129114,fixed
111.46175999999832,55,0.8218420817435619,-0.01583619,-3.167238,13.014847356486577,2.6029694712973157,fixed
111.5458834999954,55,0.8218420817435619,-0.01583991,-3.1679819999999994,13.017904609030664,2.6035809218061323,fixed
111.62993349999306,55,0.8218420817435619,-0.01584066,-3.168132,13.01852099059197,2.603704198118394,fixed
111.71385339999688,55,0.8218420817435619,-0.01583767,-3.1675340000000003,13.016063682767559,2.6032127365535116,fixed
111.79764589999832,55,0.8218420817435619,-0.01583556,-3.167112,13.014329595975077,2.6028659191950156,fixed
111.88171889999649,55,0.8218420817435619,-0.01583973,-3.1679459999999997,13.01775667745595,2.6035513354911894,fixed
111.96682509999664,55,0.8218420817435619,-0.01583697,-3.167394,13.015488393310337,2.6030976786620674,fixed
112.05078999999387,55,0.8218420817435619,-0.0158266,-3.16532,13.006965890922656,2.6013931781845314,fixed
112.13441729999613,55,0.8218420817435619,-0.01583813,-3.167626,13.016441730125159,2.603288346025032,fixed
112.21823859999859,55,0.8218420817435619,-0.0158314,-3.1662799999999995,13.010910732915024,2.602182146583005,fixed
112.30236579999473,55,0.8218420817435619,-0.01583441,-3.166882,13.013384477581074,2.6026768955162147,fixed
112.38649199999782,55,0.8218420817435619,-0.01583976,-3.1679520000000005,13.017781332718402,2.6035562665436807,fixed
112.47058239999751,55,0.8218420817435619,-0.01584057,-3.168114,13.018447024804615,2.6036894049609227,fixed
112.55475199999637,55,0.8218420817435619,-0.01583843,-3.1676860000000002,13.016688282749683,2.603337656549937,fixed
112.63872349999292,55,0.8218420817435619,-0.0158382,-3.16764,13.016499259070882,2.6032998518141763,fixed
112.72255509999377,55,0.8218420817435619,-0.01583662,-3.167324,13.015200748581725,2.603040149716345,fixed
112.80658619999303,55,0.8218420817435619,-0.01583338,-3.1666760000000003,13.012537980236878,2.6025075960473756,fixed
112.89072209999722,55,0.8218420817435619,-0.01582871,-3.165742,13.008699977715136,2.601739995543027,fixed
112.97454829999333,55,0.8218420817435619,-0.01582729,-3.165458,13.00753296195906,2.601506592391812,fixed
113.05839739999647,56,0.8218420817435619,-0.01583005,-3.1660099999999995,13.00980124610467,2.601960249220934,fixed
113.14197430000058,56,0.8218420817435619,-0.01582615,-3.16523,13.006596061985872,2.6013192123971747,fixed
113.22561409999616,56,0.8218420817435619,-0.01582689,-3.165378,13.007204225126362,2.6014408450252726,fixed
113.30936529999599,56,0.8218420817435619,-0.01582424,-3.164848,13.00502634360974,2.6010052687219485,fixed
113.3931861999954,56,0.8218420817435619,-0.01581631,-3.163262,12.998509135901516,2.599701827180303,fixed
113.4767697999996,56,0.8218420817435619,-0.01582253,-3.1645060000000003,13.003620993649962,2.600724198729992,fixed
113.56039679999958,56,0.8218420817435619,-0.01582245,-3.16449,13.003555246283419,2.600711049256684,fixed
113.64391310000065,56,0.8218420817435619,-0.01582406,-3.1648120000000004,13.004878412035028,2.600975682407006,fixed
113.7274522000007,56,0.8218420817435619,-0.01582312,-3.164624,13.004105880478189,2.6008211760956375,fixed
113.81125699999393,56,0.8218420817435619,-0.01582127,-3.1642539999999997,13.002585472626963,2.6005170945253924,fixed
113.89523959999497,56,0.8218420817435619,-0.01582126,-3.1642520000000003,13.002577254206145,2.6005154508412294,fixed
113.97897309999826,56,0.8218420817435619,-0.01582382,-3.164764,13.004681169935408,2.6009362339870816,fixed
114.06282339999598,56,0.8218420817435619,-0.01582333,-3.164666,13.004278467315356,2.600855693463071,fixed
114.14631259999442,56,0.8218420817435619,-0.0158179,-3.16358,12.999815864811488,2.5999631729622976,fixed
114.22983579999709,56,0.8218420817435619,-0.01581674,-3.163348,12.998862527996664,2.599772505599333,fixed
114.31439909999608,56,0.8218420817435619,-0.01581785,-3.1635700000000004,12.999774772707402,2.5999549545414804,fixed
114.39819409999473,56,0.8218420817435619,-0.01581651,-3.163302,12.998673504317862,2.5997347008635727,fixed
114.48197869999422,56,0.8218420817435619,-0.01581668,-3.163336,12.99881321747176,2.599762643494352,fixed
114.56575059999886,56,0.8218420817435619,-0.01581708,-3.1634160000000002,12.99914195430446,2.5998283908608917,fixed
114.64967759999854,56,0.8218420817435619,-0.01581972,-3.163944,13.001311617400258,2.600262323480052,fixed
114.73372889999882,56,0.8218420817435619,-0.01581644,-3.1632880000000005,12.998615975372143,2.5997231950744286,fixed
114.81779639999877,56,0.8218420817435619,-0.01581929,-3.1638580000000003,13.000958225305112,2.6001916450610225,fixed
114.90155609999783,56,0.8218420817435619,-0.01581344,-3.162688,12.996150449126912,2.599230089825382,fixed
114.98525299999892,56,0.8218420817435619,-0.01581602,-3.163204,12.99827080169781,2.5996541603395618,fixed
115.06895289998647,57,0.8218420817435619,-0.01581743,-3.163486,12.999429599033068,2.5998859198066135,fixed
115.15245799998956,57,0.8218420817435619,-0.01581544,-3.163088,12.997794133290398,2.59955882665808,fixed
115.23594679999223,57,0.8218420817435619,-0.01581308,-3.162616,12.995854585977483,2.5991709171954964,fixed
115.31961519998731,57,0.8218420817435619,-0.01581701,-3.163402,12.999084425358735,2.599816885071747,fixed
115.4033808999884,57,0.8218420817435619,-0.01581678,-3.163356,12.998895401679935,2.5997790803359866,fixed
115.48725569999078,57,0.8218420817435619,-0.01580947,-3.1618939999999998,12.992887736062388,2.5985775472124777,fixed
115.57134669998777,57,0.8218420817435619,-0.01581634,-3.1632680000000004,12.998533791163968,2.5997067582327937,fixed
115.65509829999064,57,0.8218420817435619,-0.01581363,-3.1627259999999997,12.996306599122441,2.599261319824488,fixed
115.73877749998792,57,0.8218420817435619,-0.01581259,-3.1625180000000004,12.99545188335743,2.5990903766714863,fixed
115.82223709998652,57,0.8218420817435619,-0.01581021,-3.1620420000000005,12.993495899202882,2.598699179840576,fixed
115.90598079998745,57,0.8218420817435619,-0.01580597,-3.1611939999999996,12.990011288776287,2.598002257755257,fixed
115.98989829998754,57,0.8218420817435619,-0.01580571,-3.1611420000000003,12.989797609835033,2.597959521967007,fixed
116.07335629998852,57,0.8218420817435619,-0.01580589,-3.161178,12.989945541409746,2.5979891082819493,fixed
116.15676689999236,57,0.8218420817435619,-0.01580021,-3.160042,12.985277478385441,2.597055495677089,fixed
116.24033659999259,57,0.8218420817435619,-0.01579964,-3.159928,12.984809028398852,2.59696180567977,fixed
116.32427129999269,57,0.8218420817435619,-0.01580747,-3.1614940000000002,12.991244051898903,2.5982488103797805,fixed
116.40822569999,57,0.8218420817435619,-0.01580904,-3.1618079999999997,12.99253434396724,2.598506868793448,fixed
116.49198829998932,57,0.8218420817435619,-0.01580594,-3.161188,12.989986633513835,2.597997326702767,fixed
116.57548989998759,57,0.8218420817435619,-0.01580644,-3.1612880000000003,12.990397554554706,2.5980795109109414,fixed
116.65914389998943,57,0.8218420817435619,-0.01580561,-3.161122,12.98971542562686,2.597943085125372,fixed
116.74261189998651,57,0.8218420817435619,-0.01580314,-3.160628,12.987685475684952,2.5975370951369907,fixed
116.82626539999183,57,0.8218420817435619,-0.01580129,-3.160258,12.986165067833726,2.597233013566745,fixed
116.91010619998997,57,0.8218420817435619,-0.0157963,-3.1592599999999997,12.982064075845827,2.596412815169165,fixed
116.99415739998949,57,0.8218420817435619,-0.0158023,-3.1604599999999996,12.986995128336288,2.5973990256672574,fixed
117.07834100000036,58,0.8218420817435619,-0.01580052,-3.1601039999999996,12.985532249430783,2.5971064498861565,fixed
117.16226040000038,58,0.8218420817435619,-0.01580115,-3.16023,12.986050009942282,2.5972100019884565,fixed
117.24596179999935,58,0.8218420817435619,-0.01579962,-3.159924,12.984792591557214,2.596958518311443,fixed
117.32988119999936,58,0.8218420817435619,-0.01579583,-3.159166,12.981677810067408,2.5963355620134814,fixed
117.41368640000292,58,0.8218420817435619,-0.01579804,-3.1596079999999995,12.983494081068061,2.5966988162136118,fixed
117.49759160000394,58,0.8218420817435619,-0.01579281,-3.1585620000000003,12.979195846980542,2.5958391693961085,fixed
117.58152510000218,58,0.8218420817435619,-0.01579695,-3.15939,12.98259827319896,2.596519654639792,fixed
117.66546340000059,58,0.8218420817435619,-0.01579699,-3.1593980000000004,12.98263114688223,2.596526229376446,fixed
117.74920340000244,58,0.8218420817435619,-0.01579809,-3.159618,12.983535173172148,2.5967070346344294,fixed
117.83275429999776,58,0.8218420817435619,-0.01579789,-3.1595779999999998,12.983370804755797,2.5966741609511597,fixed
117.91626230000111,58,0.8218420817435619,-0.01579621,-3.1592420000000003,12.981990110058472,2.596398022011694,fixed
117.99996520000423,58,0.8218420817435619,-0.01579685,-3.15937,12.982516088990787,2.596503217798157,fixed
118.08342979999725,58,0.8218420817435619,-0.01579968,-3.159936,12.984841902082119,2.596968380416424,fixed
118.16703779999807,58,0.8218420817435619,-0.01579251,-3.158502,12.978949294356017,2.595789858871204,fixed
118.25105110000004,58,0.8218420817435619,-0.01579243,-3.158486,12.978883546989477,2.595776709397896,fixed
118.33524020000186,58,0.8218420817435619,-0.01579382,-3.158764,12.980025907483101,2.5960051814966207,fixed
118.41942869999912,58,0.8218420817435619,-0.01578979,-3.1579580000000003,12.976713883893678,2.5953427767787356,fixed
118.50343070000235,58,0.8218420817435619,-0.01579667,-3.159334,12.98236815741607,2.596473631483214,fixed
118.58760939999775,58,0.8218420817435619,-0.01578783,-3.157566,12.975103073413457,2.5950206146826917,fixed
118.67215089999809,58,0.8218420817435619,-0.0157867,-3.1573400000000005,12.974174391861089,2.594834878372218,fixed
118.75612230000115,58,0.8218420817435619,-0.01578498,-3.1569960000000004,12.97276082348049,2.5945521646960983,fixed
118.8397296999974,58,0.8218420817435619,-0.01578383,-3.1567659999999997,12.971815705086483,2.5943631410172965,fixed
118.92324390000431,58,0.8218420817435619,-0.0157767,-3.1553400000000003,12.965955971043654,2.593191194208731,fixed
119.00672070000292,58,0.8218420817435619,-0.01577701,-3.155402,12.966210742088993,2.5932421484177985,fixed
119.09033989999443,59,0.8218420817435619,-0.01577862,-3.155724,12.9675339078406,2.59350678156812,fixed
119.17391179999686,59,0.8218420817435619,-0.01577804,-3.155608,12.967057239433188,2.5934114478866377,fixed
119.25745819999429,59,0.8218420817435619,-0.01578054,-3.1561079999999997,12.969111844637547,2.5938223689275093,fixed
119.34118659999513,59,0.8218420817435619,-0.0157749,-3.15498,12.964476655296515,2.592895331059303,fixed
119.42530609999812,59,0.8218420817435619,-0.01577388,-3.154776,12.963638376373137,2.5927276752746273,fixed
119.5093057999984,59,0.8218420817435619,-0.01577431,-3.154862,12.963991768468285,2.592798353693657,fixed
119.59336949999852,59,0.8218420817435619,-0.01577773,-3.155546,12.966802468387849,2.59336049367757,fixed
119.6778118000002,59,0.8218420817435619,-0.01577887,-3.155774,12.967739368361038,2.5935478736722075,fixed
119.76212829999713,59,0.8218420817435619,-0.01578036,-3.156072,12.968963913062833,2.593792782612567,fixed
119.8459498999946,59,0.8218420817435619,-0.01577915,-3.15583,12.967969484143923,2.593593896828785,fixed
119.9297133,59,0.8218420817435619,-0.01576943,-3.1538860000000004,12.959981179109377,2.5919962358218758,fixed
120.01365899999655,59,0.8218420817435619,-0.01577393,-3.1547859999999996,12.96367946847722,2.592735893695444,fixed
120.09792670000024,59,0.8218420817435619,-0.01577219,-3.154438,12.962249463254988,2.592449892650998,fixed
120.18170129999635,59,0.8218420817435619,-0.01576687,-3.153374,12.957877263380112,2.5915754526760226,fixed
120.2653244999965,59,0.8218420817435619,-0.0157639,-3.1527800000000004,12.955436392397337,2.5910872784794674,fixed
120.34898139999859,59,0.8218420817435619,-0.01576297,-3.152594,12.954672079261314,2.5909344158522627,fixed
120.43261249999341,59,0.8218420817435619,-0.01576755,-3.1535100000000003,12.9584361159957,2.59168722319914,fixed
120.51629629999661,59,0.8218420817435619,-0.01576517,-3.1530339999999994,12.956480131841149,2.5912960263682296,fixed
120.59973689999606,59,0.8218420817435619,-0.01576358,-3.152716,12.955173402931177,2.5910346805862354,fixed
120.68327199999476,59,0.8218420817435619,-0.01576137,-3.152274,12.953357131930524,2.5906714263861046,fixed
120.76678369999718,59,0.8218420817435619,-0.01576537,-3.153074,12.956644500257498,2.5913289000515,fixed
120.8505112999992,59,0.8218420817435619,-0.01576347,-3.1526940000000003,12.955083000302187,2.5910166000604375,fixed
120.93407989999832,59,0.8218420817435619,-0.01576422,-3.1528439999999995,12.955699381863491,2.591139876372698,fixed
121.01762439999584,59,0.8218420817435619,-0.0157577,-3.15154,12.950340971490524,2.5900681942981048,fixed
121.10133989999304,60,0.8218420817435619,-0.01576148,-3.152296,12.953447534559515,2.5906895069119034,fixed
121.18486879999546,60,0.8218420817435619,-0.01576071,-3.1521420000000004,12.952814716156574,2.590562943231315,fixed
121.2684095999939,60,0.8218420817435619,-0.01576322,-3.1526440000000004,12.954877539781751,2.59097550795635,fixed
121.35193979999167,60,0.8218420817435619,-0.01576367,-3.152734,12.955247368718535,2.591049473743707,fixed
121.43545879999874,60,0.8218420817435619,-0.01576523,-3.1530460000000002,12.956529442366055,2.591305888473211,fixed
121.51896159999887,60,0.8218420817435619,-0.01576382,-3.1527640000000003,12.955370645030797,2.5910741290061594,fixed
121.602469999998,60,0.8218420817435619,-0.01577135,-3.15427,12.961559115906326,2.592311823181265,fixed
121.68596609999804,60,0.8218420817435619,-0.01577506,-3.155012,12.964608150029594,2.5929216300059186,fixed
121.76975699999457,60,0.8218420817435619,-0.01577101,-3.1542019999999997,12.96127968959853,2.592255937919706,fixed
121.8544075999962,60,0.8218420817435619,-0.01577578,-3.155156,12.96519987632845,2.5930399752656896,fixed
121.93811399999686,60,0.8218420817435619,-0.0157806,-3.1561199999999996,12.969161155162451,2.5938322310324904,fixed
122.02165269999387,60,0.8218420817435619,-0.01577909,-3.1558179999999996,12.967920173619019,2.5935840347238037,fixed
122.1051446999918,60,0.8218420817435619,-0.01578134,-3.1562680000000003,12.969769318302944,2.5939538636605888,fixed
122.18856749999395,60,0.8218420817435619,-0.01577993,-3.155986,12.968610520967687,2.593722104193537,fixed
122.27421799999865,60,0.8218420817435619,-0.01577881,-3.155762,12.967690057836132,2.5935380115672264,fixed
122.35821299999225,60,0.8218420817435619,-0.0157818,-3.15636,12.970147365660543,2.594029473132109,fixed
122.4424943999984,60,0.8218420817435619,-0.01578144,-3.156288,12.969851502511117,2.593970300502223,fixed
122.5265592999931,60,0.8218420817435619,-0.01578269,-3.156538,12.970878805113296,2.594175761022659,fixed
122.61118759999226,60,0.8218420817435619,-0.01577756,-3.155512,12.966662755233951,2.59333255104679,fixed
122.69488009999623,60,0.8218420817435619,-0.01577775,-3.15555,12.966818905229482,2.5933637810458965,fixed
122.77847869999823,60,0.8218420817435619,-0.01577644,-3.1552879999999996,12.965742292102398,2.5931484584204796,fixed
122.86237899999833,60,0.8218420817435619,-0.01577714,-3.1554279999999997,12.966317581559618,2.5932635163119238,fixed
122.9462704999969,60,0.8218420817435619,-0.01577561,-3.1551219999999995,12.96506016317455,2.59301203263491,fixed
123.02993089999654,60,0.8218420817435619,-0.01577523,-3.155046,12.96474786318349,2.592949572636698,fixed
123.1138565999936,61,0.8218420817435619,-0.0157794,-3.15588,12.96817494466436,2.593634988932872,fixed
123.19749409999349,61,0.8218420817435619,-0.01577985,-3.1559700000000004,12.968544773601147,2.5937089547202294,fixed
123.28121579999424,61,0.8218420817435619,-0.01577976,-3.155952,12.96847080781379,2.5936941615627576,fixed
123.36505889999535,61,0.8218420817435619,-0.01578358,-3.156716,12.971610244566047,2.5943220489132095,fixed
123.4487519999966,61,0.8218420817435619,-0.01578102,-3.156204,12.969506328836784,2.593901265767357,fixed
123.53260779999255,61,0.8218420817435619,-0.01577826,-3.155652,12.967238044691172,2.5934476089382343,fixed
123.61664399999427,61,0.8218420817435619,-0.01578118,-3.156236,12.969637823569862,2.593927564713973,fixed
123.7005355999936,61,0.8218420817435619,-0.01578245,-3.1564900000000002,12.97068156301368,2.594136312602736,fixed
123.78411959999357,61,0.8218420817435619,-0.01578196,-3.1563920000000003,12.970278860393625,2.594055772078725,fixed
123.8678007999988,61,0.8218420817435619,-0.01578027,-3.156054,12.968889947275477,2.5937779894550954,fixed
123.95159479999711,61,0.8218420817435619,-0.01578366,-3.1567320000000003,12.971675991932589,2.594335198386518,fixed
124.03552489999856,61,0.8218420817435619,-0.01578341,-3.1566820000000004,12.971470531412153,2.594294106282431,fixed
124.1195305999936,61,0.8218420817435619,-0.0157814,-3.15628,12.969818628827849,2.5939637257655694,fixed
124.20318219999899,61,0.8218420817435619,-0.01578285,-3.1565700000000003,12.971010299846377,2.5942020599692754,fixed
124.28740349999862,61,0.8218420817435619,-0.01578273,-3.1565459999999996,12.970911678796567,2.594182335759313,fixed
124.37114689999726,61,0.8218420817435619,-0.01578124,-3.1562479999999997,12.969687134094768,2.5939374268189535,fixed
124.4547356999974,61,0.8218420817435619,-0.01578987,-3.1579740000000003,12.976779631260216,2.595355926252043,fixed
124.53829479999695,61,0.8218420817435619,-0.01578974,-3.157948,12.97667279178959,2.595334558357918,fixed
124.62190019999252,61,0.8218420817435619,-0.01578623,-3.1572459999999998,12.973788126082667,2.5947576252165336,fixed
124.70552499999758,61,0.8218420817435619,-0.01578791,-3.1575819999999997,12.975168820779997,2.5950337641559993,fixed
124.78939559999708,61,0.8218420817435619,-0.01578999,-3.157998,12.976878252310025,2.595375650462005,fixed
124.8737514999957,61,0.8218420817435619,-0.01578967,-3.157934,12.976615262843865,2.5953230525687734,fixed
124.95753559999866,61,0.8218420817435619,-0.01579203,-3.158406,12.97855481015678,2.5957109620313563,fixed
125.04124249999586,61,0.8218420817435619,-0.01579597,-3.159194,12.981792867958852,2.59635857359177,fixed
125.12528989999555,62,0.8218420817435619,-0.01579342,-3.158684,12.979697170650404,2.595939434130081,fixed
125.20939440000075,62,0.8218420817435619,-0.01579422,-3.158844,12.9803546443158,2.5960709288631603,fixed
125.293153300001,62,0.8218420817435619,-0.01579104,-3.1582079999999997,12.977741186495855,2.595548237299171,fixed
125.37659010000061,62,0.8218420817435619,-0.01579573,-3.1591460000000002,12.981595625859233,2.596319125171847,fixed
125.46024939999916,62,0.8218420817435619,-0.01579348,-3.158696,12.979746481175308,2.595949296235062,fixed
125.54397239999525,62,0.8218420817435619,-0.01579808,-3.1596159999999998,12.983526954751328,2.596705390950266,fixed
125.62750360000064,62,0.8218420817435619,-0.01579273,-3.1585460000000003,12.979130099614004,2.5958260199228005,fixed
125.71150209999905,62,0.8218420817435619,-0.01579377,-3.1587539999999996,12.979984815379014,2.5959969630758026,fixed
125.79542589999619,62,0.8218420817435619,-0.01579149,-3.1582979999999994,12.978111015432638,2.5956222030865277,fixed
125.87902999999642,62,0.8218420817435619,-0.01579742,-3.159484,12.98298453897738,2.596596907795476,fixed
125.96274899999844,62,0.8218420817435619,-0.01579771,-3.159542,12.983222873181084,2.5966445746362172,fixed
126.04612459999771,62,0.8218420817435619,-0.01579438,-3.1588760000000002,12.98048613904888,2.596097227809776,fixed
126.12983600000007,62,0.8218420817435619,-0.01579052,-3.158104,12.977313828613347,2.5954627657226697,fixed
126.21330540000054,62,0.8218420817435619,-0.01579081,-3.158162,12.977552162817053,2.595510432563411,fixed
126.29702449999604,62,0.8218420817435619,-0.01579373,-3.158746,12.979951941695743,2.595990388339149,fixed
126.38091609999537,62,0.8218420817435619,-0.01579402,-3.158804,12.98019027589945,2.59603805517989,fixed
126.46485019999818,62,0.8218420817435619,-0.01579128,-3.158256,12.977938428595476,2.595587685719095,fixed
126.54859259999648,62,0.8218420817435619,-0.01579899,-3.1597979999999994,12.984274831045715,2.596854966209143,fixed
126.63275820000126,62,0.8218420817435619,-0.01579827,-3.159654,12.983683104746861,2.5967366209493723,fixed
126.7167832999985,62,0.8218420817435619,-0.01579316,-3.158632,12.979483491709152,2.5958966983418303,fixed
126.8007637999981,62,0.8218420817435619,-0.01579666,-3.159332,12.982359938995256,2.5964719877990508,fixed
126.88456399999995,62,0.8218420817435619,-0.01580323,-3.1606460000000003,12.98775944147231,2.597551888294462,fixed
126.96807869999611,62,0.8218420817435619,-0.0158015,-3.1603,12.986337654670892,2.5972675309341784,fixed
127.05166219999956,62,0.8218420817435619,-0.01580475,-3.1609499999999997,12.989008641436559,2.597801728287312,fixed
127.13533789999929,63,0.8218420817435619,-0.01579915,-3.1598300000000004,12.984406325778796,2.5968812651557593,fixed
127.2187533000033,63,0.8218420817435619,-0.01579839,-3.159678,12.98378172579667,2.596756345159334,fixed
127.30219000000216,63,0.8218420817435619,-0.01579839,-3.159678,12.98378172579667,2.596756345159334,fixed
127.38573349999933,63,0.8218420817435619,-0.01579534,-3.1590680000000004,12.981275107447354,2.596255021489471,fixed
127.46919380000327,63,0.8218420817435619,-0.015792,-3.1584,12.97853015489433,2.5957060309788655,fixed
127.55259600000136,63,0.8218420817435619,-0.01580106,-3.1602119999999996,12.985976044154924,2.5971952088309846,fixed
127.65914390000398,63,0.8218420817435619,-0.01579267,-3.1585340000000004,12.979080789089098,2.59581615781782,fixed
127.75083350000205,63,0.8218420817435619,-0.01579206,-3.1584119999999998,12.978579465419234,2.5957158930838466,fixed
127.98888589999842,63,0.8218420817435619,-0.01579115,-3.15823,12.977831589124849,2.5955663178249697,fixed
128.07400860000052,63,0.8218420817435619,-0.01579566,-3.159132,12.98153809691351,2.5963076193827024,fixed
128.1573983000053,63,0.8218420817435619,-0.01578994,-3.157988,12.976837160205937,2.5953674320411877,fixed
128.24083770000288,63,0.8218420817435619,-0.01579539,-3.159078,12.98131619955144,2.596263239910288,fixed
128.3242481000052,63,0.8218420817435619,-0.0157903,-3.15806,12.977133023355364,2.595426604671073,fixed
128.40766150000127,63,0.8218420817435619,-0.01578899,-3.157798,12.97605641022828,2.595211282045656,fixed
128.49110700000165,63,0.8218420817435619,-0.01578676,-3.1573520000000004,12.974223702385993,2.594844740477199,fixed
128.57458910000423,63,0.8218420817435619,-0.01578699,-3.157398,12.974412726064795,2.594882545212959,fixed
128.65799880000122,63,0.8218420817435619,-0.01579204,-3.158408,12.978563028577598,2.5957126057155198,fixed
128.7414787000016,63,0.8218420817435619,-0.0157914,-3.1582800000000004,12.978037049645284,2.595607409929057,fixed
128.82491049999953,63,0.8218420817435619,-0.01579441,-3.1588819999999997,12.980510794311328,2.596102158862266,fixed
128.9083568999995,63,0.8218420817435619,-0.0157923,-3.15846,12.978776707518852,2.59575534150377,fixed
128.99180630000046,63,0.8218420817435619,-0.01578635,-3.15727,12.973886747132479,2.594777349426496,fixed
129.07523660000152,63,0.8218420817435619,-0.01578613,-3.1572259999999996,12.973705941874494,2.5947411883748988,fixed
129.1588161999971,64,0.8218420817435619,-0.015787,-3.1574,12.97442094448561,2.5948841888971224,fixed
129.24225119999755,64,0.8218420817435619,-0.01579092,-3.158184,12.977642565446047,2.595528513089209,fixed
129.32571439999447,64,0.8218420817435619,-0.01578991,-3.157982,12.976812504943485,2.595362500988697,fixed
129.40923599999223,64,0.8218420817435619,-0.01578241,-3.156482,12.970648689330408,2.5941297378660817,fixed
129.49270959999558,64,0.8218420817435619,-0.01578153,-3.156306,12.969925468298474,2.5939850936596947,fixed
129.57621309999377,64,0.8218420817435619,-0.01578199,-3.156398,12.970303515656076,2.5940607031312153,fixed
129.6597050999917,64,0.8218420817435619,-0.01578011,-3.156022,12.968758452542398,2.59375169050848,fixed
129.74321079999208,64,0.8218420817435619,-0.01577869,-3.1557380000000004,12.967591436786323,2.5935182873572646,fixed
129.8266475999917,64,0.8218420817435619,-0.0157811,-3.15622,12.969572076203324,2.593914415240665,fixed
129.91016259999742,64,0.8218420817435619,-0.01577884,-3.1557679999999997,12.967714713098584,2.5935429426197167,fixed
129.99364519999654,64,0.8218420817435619,-0.0157779,-3.15558,12.966942181541745,2.593388436308349,fixed
130.0771259999965,64,0.8218420817435619,-0.01577606,-3.155212,12.965429992111337,2.5930859984222674,fixed
130.16056389999721,64,0.8218420817435619,-0.01577241,-3.1544820000000002,12.962430268512973,2.592486053702595,fixed
130.24401229999785,64,0.8218420817435619,-0.01577389,-3.1547779999999994,12.963646594793952,2.5927293189587903,fixed
130.32754849999765,64,0.8218420817435619,-0.01577291,-3.1545820000000004,12.962841189553846,2.5925682379107693,fixed
130.41118649999407,64,0.8218420817435619,-0.01577568,-3.1551359999999997,12.965117692120275,2.5930235384240548,fixed
130.49460349999572,64,0.8218420817435619,-0.01577465,-3.1549300000000002,12.96427119477608,2.592854238955216,fixed
130.5780209999939,64,0.8218420817435619,-0.01576861,-3.1537219999999997,12.959307268602346,2.5918614537204694,fixed
130.6615748999975,64,0.8218420817435619,-0.0157677,-3.15354,12.95855939230796,2.591711878461592,fixed
130.74501979999332,64,0.8218420817435619,-0.0157724,-3.15448,12.962422050092155,2.592484410018431,fixed
130.828471599998,64,0.8218420817435619,-0.01577216,-3.154432,12.962224807992538,2.5924449615985075,fixed
130.91202409999096,64,0.8218420817435619,-0.01577653,-3.1553060000000004,12.965816257889756,2.5931632515779515,fixed
130.99566399999458,64,0.8218420817435619,-0.01577219,-3.154438,12.962249463254988,2.592449892650998,fixed
131.07911929999682,64,0.8218420817435619,-0.01577334,-3.154668,12.963194581648995,2.5926389163297987,fixed
131.16307359999337,65,0.8218420817435619,-0.01577085,-3.1541699999999997,12.961148194865453,2.59222963897309,fixed
131.24656109999341,65,0.8218420817435619,-0.0157745,-3.1549,12.964147918463818,2.5928295836927635,fixed
131.33010939999804,65,0.8218420817435619,-0.01576961,-3.153922,12.960129110684091,2.592025822136818,fixed
131.4138141999938,65,0.8218420817435619,-0.01576916,-3.1538320000000004,12.959759281747306,2.5919518563494615,fixed
131.49741399999766,65,0.8218420817435619,-0.01577083,-3.154166,12.961131758023818,2.5922263516047637,fixed
131.58096319999459,65,0.8218420817435619,-0.01576746,-3.153492,12.958362150208343,2.5916724300416685,fixed
131.66463349999685,65,0.8218420817435619,-0.01577038,-3.1540760000000003,12.960761929087035,2.592152385817407,fixed
131.74827739999455,65,0.8218420817435619,-0.01576667,-3.153334,12.957712894963764,2.591542578992753,fixed
131.83205469999666,65,0.8218420817435619,-0.0157712,-3.1542399999999997,12.961435839594063,2.5922871679188124,fixed
131.9157586999936,65,0.8218420817435619,-0.0157676,-3.15352,12.958477208099787,2.591695441619957,fixed
131.99928689999797,65,0.8218420817435619,-0.01576902,-3.153804,12.959644223855864,2.5919288447711724,fixed
132.08279189999303,65,0.8218420817435619,-0.0157718,-3.1543599999999996,12.961928944843109,2.5923857889686217,fixed
132.16630119999172,65,0.8218420817435619,-0.01576299,-3.1525980000000002,12.95468851610295,2.59093770322059,fixed
132.24978759999794,65,0.8218420817435619,-0.01576161,-3.152322,12.95355437403014,2.590710874806028,fixed
132.3332342999929,65,0.8218420817435619,-0.01575795,-3.1515899999999997,12.95054643201096,2.5901092864021917,fixed
132.4166627999948,65,0.8218420817435619,-0.01576423,-3.1528460000000003,12.95570760028431,2.5911415200568624,fixed
132.50007849999383,65,0.8218420817435619,-0.01576048,-3.1520960000000002,12.952625692477772,2.5905251384955545,fixed
132.58358709999447,65,0.8218420817435619,-0.01575663,-3.151326,12.94946160046306,2.589892320092612,fixed
132.66715499999555,65,0.8218420817435619,-0.01575926,-3.1518520000000003,12.951623045138046,2.590324609027609,fixed
132.75090059999638,65,0.8218420817435619,-0.01575303,-3.1506060000000002,12.946502968968783,2.5893005937937565,fixed
132.83455379999214,65,0.8218420817435619,-0.01574936,-3.1498720000000002,12.943486808528785,2.588697361705757,fixed
132.91816339999787,65,0.8218420817435619,-0.01575305,-3.1506100000000004,12.946519405810418,2.589303881162084,fixed
133.00185289999354,65,0.8218420817435619,-0.01575124,-3.150248,12.94503187164246,2.589006374328492,fixed
133.08534899999358,65,0.8218420817435619,-0.01575235,-3.1504699999999994,12.945944116353195,2.589188823270639,fixed
133.16908589999366,66,0.8218420817435619,-0.01574886,-3.149772,12.943075887487911,2.5886151774975823,fixed
133.25253829999565,66,0.8218420817435619,-0.0157421,-3.1484199999999998,12.937520235015324,2.587504047003065,fixed
133.33608999999706,66,0.8218420817435619,-0.015743,-3.1486,12.938259892888896,2.587651978577779,fixed
133.41973769999458,66,0.8218420817435619,-0.01574285,-3.14857,12.938136616576633,2.5876273233153264,fixed
133.5034175999972,66,0.8218420817435619,-0.01574511,-3.149022,12.939993979681374,2.587998795936275,fixed
133.5873150999978,66,0.8218420817435619,-0.01573822,-3.147644,12.934331487738161,2.586866297547632,fixed
133.6711953999984,66,0.8218420817435619,-0.01574551,-3.149102,12.940322716514071,2.5880645433028144,fixed
133.75485719999415,66,0.8218420817435619,-0.01574619,-3.149238,12.940881569129656,2.5881763138259313,fixed
133.83851409999625,66,0.8218420817435619,-0.01574109,-3.148218,12.936690174512764,2.5873380349025528,fixed
133.92246289999457,66,0.8218420817435619,-0.01574164,-3.1483280000000002,12.937142187657726,2.587428437531545,fixed
134.00612589999946,66,0.8218420817435619,-0.01573993,-3.147986,12.935736837697942,2.5871473675395884,fixed
134.0900235999943,66,0.8218420817435619,-0.01573857,-3.147714,12.934619132466771,2.5869238264933543,fixed
134.1737626999966,66,0.8218420817435619,-0.01574002,-3.1480040000000002,12.9358108034853,2.58716216069706,fixed
134.257497599996,66,0.8218420817435619,-0.01573304,-3.146608,12.93007434575473,2.586014869150946,fixed
134.34090199999628,66,0.8218420817435619,-0.01573618,-3.147236,12.932654929891404,2.5865309859782806,fixed
134.4242970999985,66,0.8218420817435619,-0.01574041,-3.148082,12.936131321897179,2.587226264379436,fixed
134.50787069999933,66,0.8218420817435619,-0.01573074,-3.146148,12.928184108966718,2.5856368217933436,fixed
134.5914116999993,66,0.8218420817435619,-0.01573174,-3.146348,12.929005951048463,2.5858011902096925,fixed
134.6749864999947,66,0.8218420817435619,-0.01572738,-3.1454759999999995,12.925422719572058,2.5850845439144114,fixed
134.75856159999967,66,0.8218420817435619,-0.01573169,-3.146338,12.928964858944376,2.5857929717888752,fixed
134.84205919999658,66,0.8218420817435619,-0.01572277,-3.1445540000000003,12.921634027575223,2.584326805515045,fixed
134.92999049999344,66,0.8218420817435619,-0.01572412,-3.1448240000000003,12.922743514385578,2.5845487028771155,fixed
135.0276132999934,66,0.8218420817435619,-0.01572414,-3.144828,12.922759951227212,2.5845519902454424,fixed
135.12039479999657,66,0.8218420817435619,-0.01572425,-3.1448499999999995,12.922850353856203,2.5845700707712402,fixed
135.21648009999626,67,0.8218420817435619,-0.01572355,-3.14471,12.922275064398981,2.5844550128797965,fixed
135.2998887999929,67,0.8218420817435619,-0.01571712,-3.1434240000000004,12.916990619813372,2.5833981239626747,fixed
135.38336279999203,67,0.8218420817435619,-0.01572244,-3.144488,12.921362819688248,2.5842725639376494,fixed
135.46683089998987,67,0.8218420817435619,-0.0157204,-3.1440799999999998,12.91968626184149,2.583937252368298,fixed
135.550273199995,67,0.8218420817435619,-0.01572092,-3.144184,12.920113619723997,2.5840227239447993,fixed
135.63382229999115,67,0.8218420817435619,-0.0157178,-3.14356,12.917549472428957,2.5835098944857915,fixed
135.71731489999365,67,0.8218420817435619,-0.01571391,-3.142782,12.914352506730975,2.582870501346195,fixed
135.8011775999912,67,0.8218420817435619,-0.01571979,-3.1439580000000005,12.919184938171627,2.5838369876343257,fixed
135.88486039999407,67,0.8218420817435619,-0.01572487,-3.144974,12.923359895946883,2.584671979189377,fixed
135.96832759999234,67,0.8218420817435619,-0.01570627,-3.1412540000000004,12.908073633226454,2.581614726645291,fixed
136.05182039998908,67,0.8218420817435619,-0.01571716,-3.1434320000000002,12.917023493496643,2.5834046986993284,fixed
136.13538239999616,67,0.8218420817435619,-0.01571636,-3.1432719999999996,12.916366019831244,2.583273203966249,fixed
136.2189931999892,67,0.8218420817435619,-0.01571136,-3.142272,12.91225680942253,2.5824513618845057,fixed
136.30259129999467,67,0.8218420817435619,-0.0157074,-3.14148,12.909002314778824,2.5818004629557647,fixed
136.38609569999244,67,0.8218420817435619,-0.0157093,-3.14186,12.910563814734136,2.582112762946827,fixed
136.46957519998978,67,0.8218420817435619,-0.01571244,-3.142488,12.913144398870813,2.5826288797741626,fixed
136.55306659999042,67,0.8218420817435619,-0.01571316,-3.142632,12.913736125169667,2.582747225033933,fixed
136.63647479999054,67,0.8218420817435619,-0.01571286,-3.142572,12.913489572545144,2.5826979145090285,fixed
136.71993629998906,67,0.8218420817435619,-0.0157124,-3.14248,12.913111525187542,2.5826223050375083,fixed
136.80343469999207,67,0.8218420817435619,-0.01570536,-3.1410720000000003,12.907325756932067,2.5814651513864137,fixed
136.8869030999922,67,0.8218420817435619,-0.01570773,-3.141546,12.9092735226658,2.5818547045331597,fixed
136.97037149999232,67,0.8218420817435619,-0.01570709,-3.141418,12.908747543733483,2.5817495087466966,fixed
137.05382489999465,67,0.8218420817435619,-0.01571164,-3.142328,12.912486925205416,2.5824973850410835,fixed
137.13731969999208,67,0.8218420817435619,-0.01570725,-3.14145,12.908879038466562,2.581775807693312,fixed
137.22102589999122,68,0.8218420817435619,-0.01571369,-3.142738,12.91417170147299,2.5828343402945984,fixed
137.30448709998745,68,0.8218420817435619,-0.01571324,-3.142648,12.913801872536206,2.582760374507241,fixed
137.38802389999182,68,0.8218420817435619,-0.01571395,-3.14279,12.914385380414245,2.582877076082849,fixed
137.47156919998815,68,0.8218420817435619,-0.01571388,-3.142776,12.914327851468522,2.5828655702937042,fixed
137.55498519998946,68,0.8218420817435619,-0.01571306,-3.142612,12.913653940961494,2.5827307881922987,fixed
137.63843809998798,68,0.8218420817435619,-0.01571255,-3.1425099999999997,12.9132348014998,2.5826469602999604,fixed
137.72192539999378,68,0.8218420817435619,-0.01571741,-3.143482,12.917228954017078,2.5834457908034154,fixed
137.80540159998782,68,0.8218420817435619,-0.01571797,-3.143594,12.917689185582855,2.583537837116571,fixed
137.88885739999387,68,0.8218420817435619,-0.01571065,-3.14213,12.911673301544491,2.582334660308898,fixed
137.9723210999873,68,0.8218420817435619,-0.01571555,-3.1431099999999996,12.915700327745032,2.5831400655490064,fixed
138.05579879999277,68,0.8218420817435619,-0.01571687,-3.143374,12.916785159292937,2.5833570318585872,fixed
138.13928809999197,68,0.8218420817435619,-0.01571883,-3.143766,12.918395969773153,2.5836791939546306,fixed
138.22276169998804,68,0.8218420817435619,-0.01572539,-3.145078,12.923787253829389,2.584757450765878,fixed
138.30622199999198,68,0.8218420817435619,-0.0157247,-3.14494,12.923220182792988,2.5846440365585974,fixed
138.38969839998754,68,0.8218420817435619,-0.01572806,-3.145612,12.925981572187643,2.585196314437529,fixed
138.4731652999908,68,0.8218420817435619,-0.01572216,-3.1444319999999997,12.921132703905357,2.5842265407810716,fixed
138.55660779999016,68,0.8218420817435619,-0.01572394,-3.1447879999999997,12.92259558281086,2.584519116562172,fixed
138.64010509999207,68,0.8218420817435619,-0.01571671,-3.1433419999999996,12.916653664559854,2.583330732911971,fixed
138.7235751999906,68,0.8218420817435619,-0.0157183,-3.14366,12.917960393469828,2.583592078693966,fixed
138.8073677999928,68,0.8218420817435619,-0.01571669,-3.1433379999999995,12.91663722771822,2.583327445543644,fixed
138.89113369998813,68,0.8218420817435619,-0.01571273,-3.1425460000000003,12.913382733074519,2.5826765466149038,fixed
138.9751721999928,68,0.8218420817435619,-0.01571807,-3.1436140000000004,12.917771369791028,2.583554273958206,fixed
139.05912999999418,68,0.8218420817435619,-0.01571763,-3.143526,12.91740975927506,2.583481951855012,fixed
139.1425776999895,68,0.8218420817435619,-0.01571722,-3.143444,12.917072804021545,2.583414560804309,fixed
139.22641169999406,69,0.8218420817435619,-0.01571653,-3.143306,12.916505732985142,2.5833011465970284,fixed
139.30994899999496,69,0.8218420817435619,-0.01572049,-3.144098,12.919760227628847,2.5839520455257694,fixed
139.3935649999912,69,0.8218420817435619,-0.01571335,-3.14267,12.9138922751652,2.5827784550330395,fixed
139.47709139999643,69,0.8218420817435619,-0.01570986,-3.141972,12.911024046299913,2.5822048092599825,fixed
139.56079259999387,69,0.8218420817435619,-0.0157127,-3.14254,12.913358077812063,2.582671615562413,fixed
139.64425089998986,69,0.8218420817435619,-0.01571881,-3.1437619999999997,12.918379532931517,2.5836759065863033,fixed
139.72797709999577,69,0.8218420817435619,-0.01571605,-3.14321,12.916111248785905,2.583222249757181,fixed
139.8114374999932,69,0.8218420817435619,-0.01571668,-3.143336,12.916629009297404,2.583325801859481,fixed
139.89506349999283,69,0.8218420817435619,-0.01571759,-3.143518,12.917376885591791,2.583475377118358,fixed
139.9788053999946,69,0.8218420817435619,-0.01572494,-3.144988,12.923417424892605,2.5846834849785214,fixed
140.06272749999334,69,0.8218420817435619,-0.01572453,-3.1449059999999998,12.92308046963909,2.584616093927818,fixed
140.14672379998956,69,0.8218420817435619,-0.01572751,-3.145502,12.925529559042687,2.5851059118085375,fixed
140.23070319999533,69,0.8218420817435619,-0.01572623,-3.145246,12.924477601178056,2.5848955202356114,fixed
140.31432369998947,69,0.8218420817435619,-0.01572334,-3.144668,12.922102477561817,2.5844204955123633,fixed
140.39775419999205,69,0.8218420817435619,-0.01571565,-3.14313,12.915782511953209,2.5831565023906418,fixed
140.48138759998983,69,0.8218420817435619,-0.01572507,-3.145014,12.923524264363234,2.5847048528726466,fixed
140.56490959999064,69,0.8218420817435619,-0.0157263,-3.1452599999999995,12.924535130123775,2.584907026024755,fixed
140.64835839999432,69,0.8218420817435619,-0.0157235,-3.1447000000000003,12.922233972294896,2.5844467944589793,fixed
140.73196549999557,69,0.8218420817435619,-0.01572056,-3.1441120000000002,12.91981775657457,2.583963551314914,fixed
140.81543019999663,69,0.8218420817435619,-0.0157197,-3.1439399999999997,12.919110972384269,2.583822194476854,fixed
140.89893029999075,69,0.8218420817435619,-0.01572406,-3.1448120000000004,12.922694203860674,2.584538840772135,fixed
140.9824260999958,69,0.8218420817435619,-0.01572266,-3.144532,12.921543624946231,2.584308724989246,fixed
141.0658856999944,69,0.8218420817435619,-0.01572218,-3.144436,12.921149140746993,2.5842298281493985,fixed
141.14937039999495,69,0.8218420817435619,-0.01572752,-3.145504,12.925537777463502,2.5851075554927005,fixed
141.2331991999963,70,0.8218420817435619,-0.01573106,-3.1462120000000002,12.928447098432878,2.5856894196865756,fixed
141.31708689999505,70,0.8218420817435619,-0.01573122,-3.1462440000000003,12.928578593165955,2.585715718633191,fixed
141.40076689999842,70,0.8218420817435619,-0.01572006,-3.144012,12.919406835533698,2.5838813671067395,fixed
141.48422109999956,70,0.8218420817435619,-0.01572342,-3.144684,12.922168224928354,2.584433644985671,fixed
141.56767879999825,70,0.8218420817435619,-0.01572315,-3.1446300000000003,12.921946327566287,2.5843892655132574,fixed
141.6511778999993,70,0.8218420817435619,-0.01572296,-3.1445920000000003,12.921790177570754,2.584358035514151,fixed
141.7346422999981,70,0.8218420817435619,-0.01572146,-3.144292,12.920557414448139,2.584111482889628,fixed
141.81818699999712,70,0.8218420817435619,-0.01571531,-3.143062,12.915503085645414,2.583100617129083,fixed
141.9019252999933,70,0.8218420817435619,-0.0157196,-3.14392,12.919028788176096,2.583805757635219,fixed
141.98540799999319,70,0.8218420817435619,-0.01571964,-3.143928,12.919061661859365,2.5838123323718727,fixed
142.0692194000003,70,0.8218420817435619,-0.01571499,-3.1429980000000004,12.915240096179259,2.583048019235852,fixed
142.1535758999962,70,0.8218420817435619,-0.01571656,-3.1433120000000003,12.916530388247596,2.583306077649519,fixed
142.23755899999378,70,0.8218420817435619,-0.01571502,-3.143004,12.91526475144171,2.5830529502883417,fixed
142.32101589999365,70,0.8218420817435619,-0.01571658,-3.143316,12.916546825089231,2.583309365017846,fixed
142.4044591999991,70,0.8218420817435619,-0.01570408,-3.140816,12.906273799067435,2.581254759813487,fixed
142.488371499996,70,0.8218420817435619,-0.0157086,-3.14172,12.909988525276916,2.5819977050553833,fixed
142.57250769999519,70,0.8218420817435619,-0.01570857,-3.1417140000000003,12.909963870014465,2.581992774002893,fixed
142.6564844999957,70,0.8218420817435619,-0.0157096,-3.14192,12.91081036735866,2.5821620734717317,fixed
142.7406136999998,70,0.8218420817435619,-0.01570692,-3.1413839999999995,12.908607830579587,2.581721566115917,fixed
142.82471699999587,70,0.8218420817435619,-0.01570019,-3.1400379999999997,12.903076833369452,2.5806153666738902,fixed
142.90867669999716,70,0.8218420817435619,-0.01570332,-3.140664,12.90564919908531,2.5811298398170623,fixed
142.99264479999692,70,0.8218420817435619,-0.01570695,-3.1413900000000003,12.90863248584204,2.581726497168408,fixed
143.07652139999846,70,0.8218420817435619,-0.01570198,-3.140396,12.904547930695774,2.5809095861391547,fixed
143.16051609999704,70,0.8218420817435619,-0.01570348,-3.1406959999999997,12.905780693818388,2.5811561387636774,fixed
143.24513569999544,71,0.8218420817435619,-0.01569977,-3.139954,12.90273165969512,2.580546331939024,fixed
143.3286572999932,71,0.8218420817435619,-0.01569547,-3.139094,12.899197738743624,2.579839547748725,fixed
143.4122900999937,71,0.8218420817435619,-0.01569733,-3.1394659999999996,12.900726365015664,2.580145273003133,fixed
143.49602599999344,71,0.8218420817435619,-0.01569783,-3.139566,12.901137286056537,2.5802274572113073,fixed
143.57977469999605,71,0.8218420817435619,-0.01568728,-3.1374560000000002,12.892466852094145,2.578493370418829,fixed
143.66415309999138,71,0.8218420817435619,-0.01569574,-3.1391479999999996,12.899419636105693,2.5798839272211387,fixed
143.7479694999929,71,0.8218420817435619,-0.01569616,-3.1392320000000002,12.899764809780027,2.5799529619560055,fixed
143.83203829999547,71,0.8218420817435619,-0.01569412,-3.1388239999999996,12.898088251933268,2.5796176503866537,fixed
143.91618339999695,71,0.8218420817435619,-0.01569603,-3.139206,12.899657970309399,2.57993159406188,fixed
143.99984229999245,71,0.8218420817435619,-0.01569646,-3.1392919999999997,12.900011362404548,2.5800022724809097,fixed
144.08320419999654,71,0.8218420817435619,-0.01569029,-3.138058,12.89494059676019,2.5789881193520383,fixed
144.16682279999077,71,0.8218420817435619,-0.01570041,-3.1400820000000005,12.903257638627437,2.580651527725488,fixed
144.25082049999037,71,0.8218420817435619,-0.0156957,-3.1391400000000003,12.899386762422424,2.579877352484485,fixed
144.3346706999946,71,0.8218420817435619,-0.01568845,-3.13769,12.893428407329782,2.5786856814659567,fixed
144.41819599999144,71,0.8218420817435619,-0.01568864,-3.137728,12.893584557325315,2.578716911465063,fixed
144.50174959999276,71,0.8218420817435619,-0.01568572,-3.137144,12.891184778446624,2.578236955689325,fixed
144.58546709999064,71,0.8218420817435619,-0.01568393,-3.136786,12.889713681120302,2.5779427362240606,fixed
144.66894299999694,71,0.8218420817435619,-0.01567194,-3.134388,12.879859794560195,2.5759719589120396,fixed
144.7524920999931,71,0.8218420817435619,-0.01567748,-3.1354960000000003,12.884412799693056,2.5768825599386114,fixed
144.83591909999086,71,0.8218420817435619,-0.01567111,-3.134222,12.879177665632348,2.5758355331264697,fixed
144.91937259999395,71,0.8218420817435619,-0.01566985,-3.1339699999999997,12.878142144609352,2.5756284289218705,fixed
145.0028439999951,71,0.8218420817435619,-0.01567059,-3.1341180000000004,12.878750307749844,2.575750061549969,fixed
145.08653489999415,71,0.8218420817435619,-0.01567056,-3.134112,12.878725652487391,2.575745130497478,fixed
145.17017579999083,71,0.8218420817435619,-0.01566878,-3.133756,12.877262773581888,2.5754525547163776,fixed
145.25424829999247,72,0.8218420817435619,-0.01566907,-3.133814,12.877501107785593,2.5755002215571188,fixed
145.33808859999408,72,0.8218420817435619,-0.01566834,-3.1336679999999997,12.87690116306592,2.575380232613184,fixed
145.42153379999945,72,0.8218420817435619,-0.01566409,-3.1328179999999994,12.87340833421851,2.5746816668437016,fixed
145.50492569999915,72,0.8218420817435619,-0.01566108,-3.132216,12.870934589552462,2.5741869179104926,fixed
145.58857659999921,72,0.8218420817435619,-0.01566038,-3.1320760000000005,12.870359300095243,2.574071860019049,fixed
145.6721866999942,72,0.8218420817435619,-0.01566236,-3.132472,12.871986547417094,2.5743973094834187,fixed
145.75566029999754,72,0.8218420817435619,-0.01565851,-3.1317019999999998,12.86882245540238,2.573764491080476,fixed
145.83919389999937,72,0.8218420817435619,-0.01564872,-3.129744,12.860776621422113,2.5721553242844224,fixed
145.92265359999874,72,0.8218420817435619,-0.01564984,-3.1299680000000003,12.861697084553667,2.572339416910733,fixed
146.00615729999845,72,0.8218420817435619,-0.01565366,-3.130732,12.864836521305925,2.572967304261185,fixed
146.08961629999249,72,0.8218420817435619,-0.01564978,-3.1299559999999995,12.861647774028759,2.5723295548057514,fixed
146.173412499993,72,0.8218420817435619,-0.01565676,-3.1313519999999997,12.86738423175933,2.573476846351866,fixed
146.25741499999276,72,0.8218420817435619,-0.01565331,-3.130662,12.864548876577315,2.572909775315463,fixed
146.341148099993,72,0.8218420817435619,-0.01564741,-3.1294820000000003,12.859700008295027,2.571940001659006,fixed
146.42467589999433,72,0.8218420817435619,-0.01563715,-3.1274299999999995,12.851267908536338,2.5702535817072674,fixed
146.508199099997,72,0.8218420817435619,-0.01563551,-3.127102,12.849920087522278,2.5699840175044555,fixed
146.59189079999487,72,0.8218420817435619,-0.01563367,-3.126734,12.848407898091871,2.5696815796183743,fixed
146.67538289999356,72,0.8218420817435619,-0.01563225,-3.12645,12.847240882335797,2.569448176467159,fixed
146.7589713999987,72,0.8218420817435619,-0.01563896,-3.1277920000000003,12.852755442704295,2.570551088540859,fixed
146.84250379999867,72,0.8218420817435619,-0.01563313,-3.1266259999999995,12.84796410336773,2.5695928206735457,fixed
146.92605619999813,72,0.8218420817435619,-0.01564088,-3.128176,12.854333379501242,2.5708666759002483,fixed
147.0098416999972,72,0.8218420817435619,-0.01563588,-3.1271760000000004,12.850224169092526,2.570044833818505,fixed
147.09394279999833,72,0.8218420817435619,-0.01563775,-3.12755,12.851761013785383,2.5703522027570767,fixed
147.17801379999582,72,0.8218420817435619,-0.01563537,-3.127074,12.849805029630835,2.569961005926167,fixed
147.26343549999,73,0.8218420817435619,-0.01564047,-3.128094,12.853996424247727,2.5707992848495453,fixed
147.3476107999959,73,0.8218420817435619,-0.01563714,-3.127428,12.851259690115523,2.5702519380231044,fixed
147.43167169998924,73,0.8218420817435619,-0.01563811,-3.127622,12.852056876934812,2.5704113753869624,fixed
147.51509079999232,73,0.8218420817435619,-0.01563611,-3.1272220000000006,12.850413192771326,2.5700826385542657,fixed
147.59872839999298,73,0.8218420817435619,-0.01563575,-3.12715,12.850117329621899,2.5700234659243795,fixed
147.68241239999043,73,0.8218420817435619,-0.01563897,-3.1277939999999997,12.852763661125111,2.570552732225022,fixed
147.76631879999331,73,0.8218420817435619,-0.01563856,-3.127712,12.852426705871595,2.570485341174319,fixed
147.85088949999044,73,0.8218420817435619,-0.01563515,-3.1270300000000004,12.849624224372853,2.5699248448745706,fixed
147.93455589999212,73,0.8218420817435619,-0.01564236,-3.1284720000000004,12.855549705782224,2.5711099411564446,fixed
148.01826399999118,73,0.8218420817435619,-0.01563971,-3.127942,12.853371824265603,2.5706743648531205,fixed
148.10180349999428,73,0.8218420817435619,-0.01564003,-3.128006,12.85363481373176,2.570726962746352,fixed
148.1854511999918,73,0.8218420817435619,-0.01564035,-3.12807,12.853897803197919,2.5707795606395836,fixed
148.26926259999163,73,0.8218420817435619,-0.01564086,-3.128172,12.854316942659608,2.5708633885319214,fixed
148.3532342999897,73,0.8218420817435619,-0.01563533,-3.127066,12.849772155947564,2.569954431189513,fixed
148.43707229999563,73,0.8218420817435619,-0.01564365,-3.12873,12.856609882067671,2.571321976413534,fixed
148.5208447999903,73,0.8218420817435619,-0.01563732,-3.127464,12.851407621690235,2.570281524338047,fixed
148.60469849999208,73,0.8218420817435619,-0.01563071,-3.1261419999999998,12.84597524552991,2.5691950491059816,fixed
148.68905059999088,73,0.8218420817435619,-0.01563491,-3.1269819999999995,12.849426982273233,2.569885396454646,fixed
148.77306469999166,73,0.8218420817435619,-0.01563157,-3.1263140000000003,12.84668202972021,2.5693364059440422,fixed
148.8569692999954,73,0.8218420817435619,-0.01563534,-3.1270680000000004,12.849780374368384,2.569956074873677,fixed
148.94063419999293,73,0.8218420817435619,-0.01563788,-3.127576,12.851867853256012,2.5703735706512023,fixed
149.0243119999941,73,0.8218420817435619,-0.01563101,-3.126202,12.846221798154435,2.5692443596308867,fixed
149.1081747999924,73,0.8218420817435619,-0.01563046,-3.126092,12.845769785009473,2.5691539570018946,fixed
149.19228589998966,73,0.8218420817435619,-0.01563116,-3.1262320000000003,12.846345074466695,2.5692690148933393,fixed
149.2776262999978,74,0.8218420817435619,-0.01563435,-3.1268700000000003,12.848966750707458,2.5697933501414916,fixed
149.36194819999218,74,0.8218420817435619,-0.01563292,-3.1265840000000003,12.847791516530563,2.569558303306113,fixed
149.44594559999678,74,0.8218420817435619,-0.01563143,-3.1262860000000003,12.846566971828768,2.5693133943657536,fixed
149.52961209999194,74,0.8218420817435619,-0.01563085,-3.1261700000000006,12.846090303421356,2.569218060684271,fixed
149.61334299999726,74,0.8218420817435619,-0.01563676,-3.1273519999999997,12.850947390124459,2.5701894780248913,fixed
149.69771599999513,74,0.8218420817435619,-0.0156319,-3.12638,12.846953237607185,2.569390647521437,fixed
149.78182159999415,74,0.8218420817435619,-0.01563247,-3.126494,12.847421687593778,2.5694843375187557,fixed
149.86549899999227,74,0.8218420817435619,-0.01563156,-3.1263119999999995,12.846673811299391,2.569334762259878,fixed
149.94984759999352,74,0.8218420817435619,-0.01562807,-3.125614,12.843805582434108,2.5687611164868214,fixed
150.03403699999762,74,0.8218420817435619,-0.01563303,-3.1266059999999998,12.847881919159555,2.569576383831911,fixed
150.11799659999815,74,0.8218420817435619,-0.01562961,-3.1259219999999996,12.84507121923999,2.5690142438479984,fixed
150.2022067999933,74,0.8218420817435619,-0.01563128,-3.126256,12.846443695516504,2.569288739103301,fixed
150.28683849999652,74,0.8218420817435619,-0.01562995,-3.1259900000000003,12.845350645547786,2.5690701291095572,fixed
150.3709308999969,74,0.8218420817435619,-0.01563028,-3.1260559999999997,12.84562185343476,2.5691243706869518,fixed
150.45506059999752,74,0.8218420817435619,-0.01562905,-3.1258099999999995,12.844610987674214,2.568922197534843,fixed
150.53878209999675,74,0.8218420817435619,-0.01563042,-3.1260839999999996,12.845736911326204,2.5691473822652404,fixed
150.62255289999302,74,0.8218420817435619,-0.01563145,-3.12629,12.846583408670401,2.56931668173408,fixed
150.70627519999834,74,0.8218420817435619,-0.01562925,-3.1258500000000002,12.844775356090565,2.568955071218113,fixed
150.79034809999575,74,0.8218420817435619,-0.01562929,-3.125858,12.844808229773834,2.568961645954767,fixed
150.87415999999212,74,0.8218420817435619,-0.01562144,-3.124288,12.838356769432147,2.5676713538864293,fixed
150.95790889999626,74,0.8218420817435619,-0.01563229,-3.126458,12.847273756019064,2.569454751203813,fixed
151.041519099992,74,0.8218420817435619,-0.01563013,-3.126026,12.845498577122498,2.5690997154244997,fixed
151.1250993999929,74,0.8218420817435619,-0.01563065,-3.12613,12.845925935005004,2.569185187001001,fixed
151.20886319999408,74,0.8218420817435619,-0.01562747,-3.125494,12.843312477185062,2.5686624954370125,fixed
151.29301280000072,75,0.8218420817435619,-0.01562645,-3.12529,12.842474198261682,2.568494839652337,fixed
151.37676199999987,75,0.8218420817435619,-0.01562473,-3.124946,12.841060629881083,2.5682121259762165,fixed
151.46034789999976,75,0.8218420817435619,-0.01562295,-3.12459,12.83959775097558,2.567919550195116,fixed
151.54384710000159,75,0.8218420817435619,-0.01561753,-3.123506,12.83514336689253,2.567028673378506,fixed
151.62791890000517,75,0.8218420817435619,-0.01561728,-3.123456,12.834937906372096,2.566987581274419,fixed
151.71270930000173,75,0.8218420817435619,-0.01562053,-3.1241060000000003,12.83760889313776,2.5675217786275524,fixed
151.79659570000513,75,0.8218420817435619,-0.01562083,-3.1241659999999998,12.837855445762283,2.5675710891524566,fixed
151.88059440000507,75,0.8218420817435619,-0.01561921,-3.123842,12.83652406158986,2.5673048123179716,fixed
151.96462820000306,75,0.8218420817435619,-0.01561833,-3.123666,12.835800840557924,2.567160168111585,fixed
152.04821670000092,75,0.8218420817435619,-0.01561525,-3.12305,12.833269566946155,2.566653913389231,fixed
152.13167500000418,75,0.8218420817435619,-0.01560946,-3.121892,12.828511101292861,2.5657022202585718,fixed
152.21519130000524,75,0.8218420817435619,-0.0156088,-3.12176,12.82796868551891,2.565593737103782,fixed
152.29881670000032,75,0.8218420817435619,-0.01560989,-3.121978,12.828864493388009,2.5657728986776016,fixed
152.38258870000573,75,0.8218420817435619,-0.01560501,-3.121002,12.8248539040291,2.56497078080582,fixed
152.46628549999878,75,0.8218420817435619,-0.01561098,-3.1221959999999997,12.82976030125711,2.565952060251422,fixed
152.54998410000553,75,0.8218420817435619,-0.01560878,-3.121756,12.827952248677274,2.565590449735455,fixed
152.6338681000052,75,0.8218420817435619,-0.0156005,-3.1201,12.821147396240438,2.5642294792480875,fixed
152.71764619999885,75,0.8218420817435619,-0.01560131,-3.120262,12.82181308832665,2.5643626176653296,fixed
152.80119710000145,75,0.8218420817435619,-0.01559943,-3.119886,12.820268025212972,2.5640536050425946,fixed
152.88464660000318,75,0.8218420817435619,-0.01560093,-3.120186,12.821500788335587,2.5643001576671174,fixed
152.96808109999984,75,0.8218420817435619,-0.01559501,-3.119002,12.816635483211664,2.563327096642333,fixed
153.05155280000326,75,0.8218420817435619,-0.0155953,-3.11906,12.81687381741537,2.563374763483074,fixed
153.13502600000356,75,0.8218420817435619,-0.01559571,-3.119142,12.817210772668886,2.563442154533777,fixed
153.21866260000388,75,0.8218420817435619,-0.01559034,-3.118068,12.812797480689923,2.5625594961379847,fixed
153.30262200000288,76,0.8218420817435619,-0.01559145,-3.11829,12.813709725400658,2.5627419450801314,fixed
153.3863143999988,76,0.8218420817435619,-0.01558757,-3.117514,12.810520978123492,2.5621041956246984,fixed
153.46979570000258,76,0.8218420817435619,-0.01558929,-3.117858,12.811934546504093,2.5623869093008182,fixed
153.5532991,76,0.8218420817435619,-0.01558464,-3.116928,12.808112980823985,2.561622596164797,fixed
153.6367597999997,76,0.8218420817435619,-0.01557469,-3.114938,12.799935652110637,2.5599871304221273,fixed
153.720241300005,76,0.8218420817435619,-0.01558266,-3.1165320000000003,12.806485733502132,2.5612971467004266,fixed
153.8037222999992,76,0.8218420817435619,-0.01557201,-3.114402,12.797733115331564,2.559546623066313,fixed
153.8871455000044,76,0.8218420817435619,-0.01557379,-3.114758,12.799195994237067,2.5598391988474134,fixed
153.97061119999853,76,0.8218420817435619,-0.01557192,-3.114384,12.797659149544206,2.559531829908841,fixed
154.05409650000365,76,0.8218420817435619,-0.01557184,-3.114368,12.797593402177668,2.559518680435533,fixed
154.13758990000497,76,0.8218420817435619,-0.01557297,-3.114594,12.798522083730036,2.5597044167460075,fixed
154.2210206000018,76,0.8218420817435619,-0.01556818,-3.113636,12.794585460158485,2.558917092031697,fixed
154.30447899999854,76,0.8218420817435619,-0.01556458,-3.112916,12.791626828664208,2.5583253657328413,fixed
154.3879866999996,76,0.8218420817435619,-0.01556173,-3.1123459999999996,12.789284578731237,2.5578569157462474,fixed
154.4715670000005,76,0.8218420817435619,-0.01556857,-3.1137140000000003,12.794905978570366,2.558981195714073,fixed
154.55513829999836,76,0.8218420817435619,-0.01557022,-3.114044,12.79626201800524,2.5592524036010484,fixed
154.63869669999985,76,0.8218420817435619,-0.01557287,-3.114574,12.798439899521863,2.5596879799043726,fixed
154.7223365000027,76,0.8218420817435619,-0.01556786,-3.113572,12.794322470692327,2.5588644941384655,fixed
154.80593410000438,76,0.8218420817435619,-0.01556366,-3.1127320000000003,12.790870733949005,2.558174146789801,fixed
154.88963070000318,76,0.8218420817435619,-0.01556786,-3.113572,12.794322470692327,2.5588644941384655,fixed
154.9731280000051,76,0.8218420817435619,-0.0155736,-3.11472,12.799039844241536,2.559807968848307,fixed
155.05662680000387,76,0.8218420817435619,-0.01556316,-3.112632,12.790459812908132,2.5580919625816265,fixed
155.1401257000034,76,0.8218420817435619,-0.01555903,-3.111806,12.78706560511053,2.5574131210221065,fixed
155.22358430000168,76,0.8218420817435619,-0.0155624,-3.11248,12.789835212926008,2.5579670425852017,fixed
155.30725269998948,77,0.8218420817435619,-0.01556311,-3.112622,12.790418720804045,2.558083744160809,fixed
155.39102129999083,77,0.8218420817435619,-0.01556216,-3.112432,12.789637970826389,2.5579275941652777,fixed
155.47470089999115,77,0.8218420817435619,-0.015562,-3.1124,12.78950647609331,2.557901295218662,fixed
155.5582382999928,77,0.8218420817435619,-0.01556044,-3.112088,12.78822440244579,2.557644880489158,fixed
155.64187559999118,77,0.8218420817435619,-0.01554447,-3.108894,12.775099584400346,2.555019916880069,fixed
155.72566019999067,77,0.8218420817435619,-0.01554459,-3.108918,12.775198205450154,2.555039641090031,fixed
155.80926629999158,77,0.8218420817435619,-0.01555623,-3.1112460000000004,12.784764447281649,2.5569528894563303,fixed
155.8928273999918,77,0.8218420817435619,-0.01554655,-3.10931,12.776809015930372,2.555361803186074,fixed
155.97661319999315,77,0.8218420817435619,-0.01556192,-3.112384,12.78944072872677,2.557888145745354,fixed
156.0600654999871,77,0.8218420817435619,-0.0155609,-3.11218,12.788602449803392,2.5577204899606785,fixed
156.14358699999138,77,0.8218420817435619,-0.01554156,-3.1083119999999997,12.772708023942473,2.554541604788494,fixed
156.22725159998663,77,0.8218420817435619,-0.01555672,-3.111344,12.785167149901705,2.5570334299803408,fixed
156.31075319999218,77,0.8218420817435619,-0.01555619,-3.1112379999999997,12.78473157359838,2.5569463147196756,fixed
156.39418759998807,77,0.8218420817435619,-0.01555055,-3.1101099999999997,12.780096384257346,2.556019276851469,fixed
156.47761919999175,77,0.8218420817435619,-0.0155465,-3.1093,12.776767923826284,2.5553535847652573,fixed
156.5614491999877,77,0.8218420817435619,-0.0155507,-3.1101400000000003,12.780219660569609,2.556043932113922,fixed
156.64512179999292,77,0.8218420817435619,-0.01554513,-3.109026,12.775642000174297,2.5551284000348593,fixed
156.7289138999913,77,0.8218420817435619,-0.01554957,-3.1099140000000003,12.779290979017237,2.555858195803448,fixed
156.8128225999899,77,0.8218420817435619,-0.01554212,-3.108424,12.773168255508248,2.5546336511016494,fixed
156.89650679998886,77,0.8218420817435619,-0.0155483,-3.10966,12.778247239573423,2.5556494479146847,fixed
156.98013009998976,77,0.8218420817435619,-0.01554822,-3.1096440000000003,12.778181492206885,2.555636298441377,fixed
157.0636053999915,77,0.8218420817435619,-0.01554876,-3.109752,12.778625286931026,2.555725057386205,fixed
157.14743169998837,77,0.8218420817435619,-0.01554651,-3.109302,12.776776142247101,2.5553552284494203,fixed
157.23142519999237,77,0.8218420817435619,-0.0155537,-3.1107400000000003,12.782685186814838,2.556537037362968,fixed
157.3161584999907,78,0.8218420817435619,-0.01555367,-3.110734,12.782660531552386,2.556532106310477,fixed
157.39995129999443,78,0.8218420817435619,-0.01555052,-3.110104,12.780071728994894,2.556014345798979,fixed
157.48350159999245,78,0.8218420817435619,-0.0155533,-3.11066,12.782356449982142,2.5564712899964284,fixed
157.56724229999236,78,0.8218420817435619,-0.01555416,-3.110832,12.78306323417244,2.556612646834488,fixed
157.6507297999924,78,0.8218420817435619,-0.01554871,-3.109742,12.778584194826939,2.5557168389653873,fixed
157.73438599999645,78,0.8218420817435619,-0.01554321,-3.108642,12.774064063377349,2.5548128126754697,fixed
157.81806209999195,78,0.8218420817435619,-0.01554998,-3.1099959999999998,12.779627934270753,2.5559255868541504,fixed
157.9020085999946,78,0.8218420817435619,-0.01555221,-3.110442,12.781460642113041,2.556292128422608,fixed
157.98571749999246,78,0.8218420817435619,-0.01555001,-3.110002,12.779652589533205,2.555930517906641,fixed
158.06917979999707,78,0.8218420817435619,-0.0155496,-3.10992,12.77931563427969,2.5558631268559378,fixed
158.15268049999577,78,0.8218420817435619,-0.01554512,-3.1090240000000002,12.775633781753479,2.555126756350696,fixed
158.23612019999564,78,0.8218420817435619,-0.01554922,-3.109844,12.779003334288628,2.555800666857725,fixed
158.31962189999467,78,0.8218420817435619,-0.01554441,-3.108882,12.775050273875442,2.5550100547750882,fixed
158.40306289999717,78,0.8218420817435619,-0.01557981,-3.115962,12.804143483569163,2.5608286967138327,fixed
158.48667269999714,78,0.8218420817435619,-0.01557904,-3.1158080000000004,12.803510665166222,2.5607021330332445,fixed
158.57023989999288,78,0.8218420817435619,-0.01558196,-3.1163920000000003,12.805910444044912,2.5611820888089825,fixed
158.6537007999941,78,0.8218420817435619,-0.01557763,-3.115526,12.802351867830962,2.5604703735661922,fixed
158.73715169999195,78,0.8218420817435619,-0.01557648,-3.115296,12.801406749436957,2.5602813498873913,fixed
158.82133209999301,78,0.8218420817435619,-0.01557649,-3.115298,12.801414967857774,2.5602829935715548,fixed
158.90476429999399,78,0.8218420817435619,-0.01558585,-3.11717,12.809107409742895,2.561821481948579,fixed
158.98824029999378,78,0.8218420817435619,-0.01558061,-3.116122,12.804800957234557,2.5609601914469113,fixed
159.07187229999545,78,0.8218420817435619,-0.01557885,-3.11577,12.803354515170689,2.5606709030341377,fixed
159.15538439999364,78,0.8218420817435619,-0.01557748,-3.115496,12.802228591518698,2.56044571830374,fixed
159.23885819999123,78,0.8218420817435619,-0.01557751,-3.1155019999999998,12.802253246781152,2.5604506493562305,fixed
159.32269509999605,79,0.8218420817435619,-0.01557982,-3.115964,12.80415170198998,2.560830340397996,fixed
159.40628149999975,79,0.8218420817435619,-0.01557925,-3.11585,12.803683252003387,2.560736650400677,fixed
159.4897853999937,79,0.8218420817435619,-0.0155805,-3.1161000000000003,12.804710554605567,2.5609421109211135,fixed
159.57349869999598,79,0.8218420817435619,-0.01557565,-3.1151299999999997,12.80072462050911,2.5601449241018215,fixed
159.6575456999999,79,0.8218420817435619,-0.01557931,-3.1158620000000004,12.80373256252829,2.5607465125056583,fixed
159.7415766999984,79,0.8218420817435619,-0.01557747,-3.115494,12.802220373097882,2.5604440746195767,fixed
159.8257455999992,79,0.8218420817435619,-0.01556932,-3.113864,12.795522360131672,2.5591044720263345,fixed
159.90965669999423,79,0.8218420817435619,-0.01557248,-3.114496,12.798119381109982,2.5596238762219965,fixed
159.99305119999917,79,0.8218420817435619,-0.01556471,-3.112942,12.791733668134835,2.558346733626967,fixed
160.07651919999626,79,0.8218420817435619,-0.01556305,-3.11261,12.790369410279142,2.558073882055828,fixed
160.16014789999463,79,0.8218420817435619,-0.01556979,-3.113958,12.795908625910092,2.559181725182018,fixed
160.2439785999959,79,0.8218420817435619,-0.0155715,-3.1143,12.797313975869875,2.559462795173975,fixed
160.3280153999949,79,0.8218420817435619,-0.0155783,-3.11566,12.802902502025729,2.560580500405146,fixed
160.41154099999403,79,0.8218420817435619,-0.0155711,-3.11422,12.796985239037175,2.5593970478074355,fixed
160.49504149999848,79,0.8218420817435619,-0.01556444,-3.1128880000000003,12.791511770772765,2.558302354154553,fixed
160.57859149999422,79,0.8218420817435619,-0.01556586,-3.113172,12.79267878652884,2.558535757305768,fixed
160.66221349999978,79,0.8218420817435619,-0.01555294,-3.110588,12.782060586832712,2.5564121173665426,fixed
160.74584779999714,79,0.8218420817435619,-0.01555116,-3.110232,12.780597707927209,2.556119541585442,fixed
160.82943549999618,79,0.8218420817435619,-0.01554945,-3.10989,12.779192357967428,2.5558384715934857,fixed
160.91312939999625,79,0.8218420817435619,-0.01554761,-3.109522,12.777680168537021,2.555536033707404,fixed
160.99662129999342,79,0.8218420817435619,-0.0155473,-3.10946,12.77742539749168,2.555485079498336,fixed
161.08035839999502,79,0.8218420817435619,-0.0155456,-3.10912,12.776028265952714,2.555205653190543,fixed
161.16420639999706,79,0.8218420817435619,-0.01555111,-3.110222,12.780556615823121,2.5561113231646244,fixed
161.24812240000028,79,0.8218420817435619,-0.01555444,-3.110888,12.783293349955327,2.556658669991066,fixed
161.3327491999953,80,0.8218420817435619,-0.0155537,-3.1107400000000003,12.782685186814838,2.556537037362968,fixed
161.4170057999945,80,0.8218420817435619,-0.01555146,-3.110292,12.780844260551733,2.5561688521103463,fixed
161.5007323999962,80,0.8218420817435619,-0.01555157,-3.110314,12.780934663180725,2.5561869326361446,fixed
161.58440279999922,80,0.8218420817435619,-0.01554861,-3.109722,12.778502010618764,2.555700402123753,fixed
161.66794609999488,80,0.8218420817435619,-0.01555138,-3.110276,12.780778513185194,2.5561557026370387,fixed
161.75155789999553,80,0.8218420817435619,-0.01554991,-3.109982,12.779570405325032,2.5559140810650063,fixed
161.83517069999652,80,0.8218420817435619,-0.01555785,-3.11157,12.786095831454075,2.557219166290815,fixed
161.91883529999905,80,0.8218420817435619,-0.01558145,-3.1162900000000002,12.805491304583223,2.5610982609166446,fixed
162.00238519999402,80,0.8218420817435619,-0.01558572,-3.117144,12.809000570272268,2.5618001140544537,fixed
162.08611469999596,80,0.8218420817435619,-0.01558987,-3.1179740000000002,12.812411214911503,2.5624822429823007,fixed
162.17017959999794,80,0.8218420817435619,-0.01558978,-3.117956,12.812337249124145,2.562467449824829,fixed
162.25446729999385,80,0.8218420817435619,-0.01558787,-3.1175740000000003,12.810767530748016,2.5621535061496035,fixed
162.33889039999485,80,0.8218420817435619,-0.01558693,-3.117386,12.809994999191177,2.5619989998382358,fixed
162.42303309999988,80,0.8218420817435619,-0.01558806,-3.1176120000000003,12.810923680743548,2.56218473614871,fixed
162.50689359999524,80,0.8218420817435619,-0.01558789,-3.117578,12.810783967589652,2.56215679351793,fixed
162.5906743999949,80,0.8218420817435619,-0.01558599,-3.1171979999999997,12.809222467634338,2.561844493526867,fixed
162.6746781999973,80,0.8218420817435619,-0.01558987,-3.1179740000000002,12.812411214911503,2.5624822429823007,fixed
162.75814099999843,80,0.8218420817435619,-0.01559185,-3.11837,12.814038462233356,2.562807692446671,fixed
162.84176179999486,80,0.8218420817435619,-0.01559353,-3.118706,12.815419156930684,2.563083831386137,fixed
162.92611409999517,80,0.8218420817435619,-0.01559442,-3.118884,12.816150596383435,2.563230119276687,fixed
163.00957759999437,80,0.8218420817435619,-0.01559827,-3.1196539999999997,12.819314688398148,2.5638629376796294,fixed
163.0930326999951,80,0.8218420817435619,-0.01560014,-3.120028,12.82085153309101,2.5641703066182018,fixed
163.17649899999378,80,0.8218420817435619,-0.01560046,-3.120092,12.821114522557167,2.5642229045114338,fixed
163.25997329999518,80,0.8218420817435619,-0.01560279,-3.120558,12.82302941460763,2.564605882921526,fixed
163.34358309999516,81,0.8218420817435619,-0.01559709,-3.119418,12.81834491474169,2.563668982948338,fixed
163.42698579999706,81,0.8218420817435619,-0.01559303,-3.118606,12.815008235889813,2.5630016471779626,fixed
163.51043809999828,81,0.8218420817435619,-0.01558811,-3.117622,12.810964772847635,2.562192954569527,fixed
163.59857749999355,81,0.8218420817435619,-0.01559653,-3.1193060000000004,12.817884683175915,2.5635769366351835,fixed
163.68250209999678,81,0.8218420817435619,-0.01559878,-3.1197559999999998,12.819733827859837,2.5639467655719677,fixed
163.76653429999715,81,0.8218420817435619,-0.01559565,-3.11913,12.817161462143982,2.5634322924287964,fixed
163.850603699997,81,0.8218420817435619,-0.01560002,-3.1200039999999998,12.820752912041199,2.56415058240824,fixed
163.9345619999949,81,0.8218420817435619,-0.01560318,-3.120636,12.82334993301951,2.564669986603902,fixed
164.01831559999846,81,0.8218420817435619,-0.01560139,-3.120278,12.82187883569319,2.5643757671386376,fixed
164.1022027999934,81,0.8218420817435619,-0.01560129,-3.120258,12.821796651485014,2.564359330297003,fixed
164.18591579999338,81,0.8218420817435619,-0.01560252,-3.120504,12.82280751724556,2.5645615034491116,fixed
164.26965079999354,81,0.8218420817435619,-0.01560091,-3.1201820000000002,12.821484351493954,2.5642968702987905,fixed
164.3537037999995,81,0.8218420817435619,-0.01560016,-3.120032,12.820867969932644,2.564173593986529,fixed
164.4375258999935,81,0.8218420817435619,-0.01560966,-3.121932,12.828675469709207,2.565735093941842,fixed
164.52149009999994,81,0.8218420817435619,-0.01560042,-3.120084,12.821081648873896,2.5642163297747795,fixed
164.6056804999971,81,0.8218420817435619,-0.01560245,-3.12049,12.822749988299837,2.5645499976599675,fixed
164.68971579999925,81,0.8218420817435619,-0.01560623,-3.121246,12.825856551368828,2.5651713102737657,fixed
164.77346259999467,81,0.8218420817435619,-0.0156033,-3.12066,12.82344855406932,2.5646897108138638,fixed
164.85719799999788,81,0.8218420817435619,-0.01559824,-3.1196479999999998,12.819290033135696,2.563858006627139,fixed
164.94107369999983,81,0.8218420817435619,-0.01559623,-3.119246,12.817638130551394,2.5635276261102784,fixed
165.02499949999765,81,0.8218420817435619,-0.0155946,-3.11892,12.81629852795815,2.56325970559163,fixed
165.10864779999974,81,0.8218420817435619,-0.01559165,-3.11833,12.813874093817008,2.562774818763401,fixed
165.1925357999935,81,0.8218420817435619,-0.01559259,-3.118518,12.814646625373845,2.562929325074769,fixed
165.2766793999981,81,0.8218420817435619,-0.01559664,-3.1193280000000003,12.817975085804907,2.563595017160982,fixed
165.36142760000075,82,0.8218420817435619,-0.01559109,-3.1182179999999997,12.81341386225123,2.5626827724502457,fixed
165.4453160999983,82,0.8218420817435619,-0.01559489,-3.118978,12.816536862161856,2.563307372432371,fixed
165.52900289999525,82,0.8218420817435619,-0.01559033,-3.118066,12.812789262269105,2.562557852453821,fixed
165.6128073,82,0.8218420817435619,-0.01559801,-3.119602,12.819101009456897,2.563820201891379,fixed
165.69693700000062,82,0.8218420817435619,-0.01559586,-3.119172,12.817334048981147,2.563466809796229,fixed
165.78107479999744,82,0.8218420817435619,-0.01559882,-3.119764,12.819766701543108,2.5639533403086214,fixed
165.86517489999824,82,0.8218420817435619,-0.01559282,-3.118564,12.814835649052647,2.5629671298105294,fixed
165.95090429999982,82,0.8218420817435619,-0.01560084,-3.120168,12.82142682254823,2.564285364509646,fixed
166.0351412999953,82,0.8218420817435619,-0.01559725,-3.11945,12.818476409474771,2.563695281894954,fixed
166.1192379999993,82,0.8218420817435619,-0.01560137,-3.1202739999999998,12.821862398851554,2.5643724797703107,fixed
166.20362380000006,82,0.8218420817435619,-0.01560337,-3.120674,12.823506083015042,2.5647012166030083,fixed
166.28770209999493,82,0.8218420817435619,-0.01559963,-3.119926,12.82043239362932,2.564086478725864,fixed
166.37163429999782,82,0.8218420817435619,-0.01557957,-3.1159139999999996,12.803946241469545,2.5607892482939087,fixed
166.45515289999457,82,0.8218420817435619,-0.01557956,-3.115912,12.803938023048726,2.5607876046097453,fixed
166.53859839999495,82,0.8218420817435619,-0.01557756,-3.115512,12.80229433888524,2.5604588677770477,fixed
166.62228369999502,82,0.8218420817435619,-0.0155732,-3.11464,12.798711107408838,2.5597422214817676,fixed
166.70598079999763,82,0.8218420817435619,-0.01557805,-3.1156099999999998,12.802697041505294,2.5605394083010586,fixed
166.78960599999846,82,0.8218420817435619,-0.01557709,-3.115418,12.80190807310682,2.560381614621364,fixed
166.87317269999767,82,0.8218420817435619,-0.01557751,-3.1155019999999998,12.802253246781152,2.5604506493562305,fixed
166.956846699999,82,0.8218420817435619,-0.01558013,-3.1160259999999997,12.80440647303532,2.560881294607064,fixed
167.04106160000083,82,0.8218420817435619,-0.01557751,-3.1155019999999998,12.802253246781152,2.5604506493562305,fixed
167.12477869999566,82,0.8218420817435619,-0.01557807,-3.115614,12.802713478346929,2.5605426956693855,fixed
167.2083763999981,82,0.8218420817435619,-0.01557635,-3.1152699999999998,12.80129990996633,2.5602599819932657,fixed
167.2919292000006,82,0.8218420817435619,-0.01556884,-3.113768,12.795127875932437,2.559025575186487,fixed
167.37577679999958,83,0.8218420817435619,-0.01556808,-3.113616,12.79450327595031,2.558900655190062,fixed
167.4595657999962,83,0.8218420817435619,-0.01556672,-3.1133439999999997,12.79338557071914,2.5586771141438276,fixed
167.5430991999965,83,0.8218420817435619,-0.01556319,-3.1126379999999996,12.790484468170584,2.5580968936341164,fixed
167.62659549999807,83,0.8218420817435619,-0.01555955,-3.11191,12.787492962993039,2.557498592598608,fixed
167.7101035999949,83,0.8218420817435619,-0.01556376,-3.112752,12.790952918157178,2.558190583631436,fixed
167.79376570000022,83,0.8218420817435619,-0.01556134,-3.112268,12.788964060319358,2.5577928120638718,fixed
167.87733509999816,83,0.8218420817435619,-0.01556318,-3.1126359999999997,12.790476249749766,2.5580952499499534,fixed
167.96096899999975,83,0.8218420817435619,-0.01556518,-3.113036,12.792119933913254,2.558423986782651,fixed
168.04481319999468,83,0.8218420817435619,-0.01556246,-3.112492,12.789884523450912,2.5579769046901824,fixed
168.13112510000065,83,0.8218420817435619,-0.01555793,-3.111586,12.786161578820614,2.557232315764123,fixed
168.21465879999596,83,0.8218420817435619,-0.01555863,-3.111726,12.786736868277835,2.557347373655567,fixed
168.29816389999905,83,0.8218420817435619,-0.01556371,-3.112742,12.79091182605309,2.558182365210618,fixed
168.38188539999828,83,0.8218420817435619,-0.01555648,-3.111296,12.784969907802086,2.556993981560417,fixed
168.46574739999778,83,0.8218420817435619,-0.01555785,-3.11157,12.786095831454075,2.557219166290815,fixed
168.54935199999454,83,0.8218420817435619,-0.01555807,-3.1116140000000003,12.786276636712056,2.557255327342412,fixed
168.6332007999954,83,0.8218420817435619,-0.0155557,-3.11114,12.784328870978324,2.556865774195665,fixed
168.7170244999943,83,0.8218420817435619,-0.01555569,-3.111138,12.784320652557508,2.5568641305115016,fixed
168.80092629999854,83,0.8218420817435619,-0.01555257,-3.110514,12.781756505262468,2.5563513010524934,fixed
168.88453109999682,83,0.8218420817435619,-0.01555494,-3.110988,12.783704270996202,2.55674085419924,fixed
168.96859149999364,83,0.8218420817435619,-0.01554892,-3.1097840000000003,12.778756781664105,2.555751356332821,fixed
169.05204279999452,83,0.8218420817435619,-0.01554713,-3.109426,12.777285684337782,2.5554571368675565,fixed
169.1355218999961,83,0.8218420817435619,-0.01554194,-3.108388,12.773020323933533,2.554604064786707,fixed
169.21898689999944,83,0.8218420817435619,-0.01554953,-3.109906,12.77925810533397,2.5558516210667936,fixed
169.3024895999988,83,0.8218420817435619,-0.01554629,-3.109258,12.77659533698912,2.5553190673978237,fixed
169.38612559999456,84,0.8218420817435619,-0.01554609,-3.109218,12.77643096857277,2.555286193714554,fixed
169.4696713999947,84,0.8218420817435619,-0.01554224,-3.108448,12.773266876558058,2.5546533753116116,fixed
169.5532541999928,84,0.8218420817435619,-0.01554315,-3.1086300000000002,12.774014752852445,2.554802950570489,fixed
169.63681269999506,84,0.8218420817435619,-0.01554539,-3.109078,12.77585567911555,2.5551711358231097,fixed
169.7205155999909,84,0.8218420817435619,-0.01554459,-3.108918,12.775198205450154,2.555039641090031,fixed
169.8043292999937,84,0.8218420817435619,-0.01554208,-3.108416,12.773135381824977,2.5546270763649956,fixed
169.88786539999273,84,0.8218420817435619,-0.01554633,-3.1092660000000003,12.776628210672389,2.555325642134478,fixed
169.97167459999764,84,0.8218420817435619,-0.01554467,-3.108934,12.775263952816694,2.5550527905633387,fixed
170.05531549999432,84,0.8218420817435619,-0.01554896,-3.109792,12.778789655347374,2.5557579310694747,fixed
170.138890599992,84,0.8218420817435619,-0.01554271,-3.108542,12.773653142336476,2.5547306284672953,fixed
170.22262479999335,84,0.8218420817435619,-0.01554536,-3.109072,12.775831023853096,2.5551662047706194,fixed
170.30630339999334,84,0.8218420817435619,-0.01554418,-3.1088359999999997,12.77486125019664,2.5549722500393277,fixed
170.38982979999128,84,0.8218420817435619,-0.01553555,-3.10711,12.767768753031193,2.5535537506062385,fixed
170.473304799998,84,0.8218420817435619,-0.01554031,-3.108062,12.771680721340292,2.554336144268058,fixed
170.55677479999576,84,0.8218420817435619,-0.0155378,-3.10756,12.769617897715115,2.553923579543023,fixed
170.640275999991,84,0.8218420817435619,-0.01553866,-3.107732,12.770324681905416,2.554064936381083,fixed
170.72377779999806,84,0.8218420817435619,-0.01553723,-3.1074460000000004,12.769149447728523,2.5538298895457046,fixed
170.80727659999684,84,0.8218420817435619,-0.01553814,-3.107628,12.76989732402291,2.553979464804582,fixed
170.89073059999646,84,0.8218420817435619,-0.01553721,-3.107442,12.769133010886888,2.5538266021773772,fixed
170.9742236999955,84,0.8218420817435619,-0.01553489,-3.1069780000000002,12.767226337257242,2.5534452674514485,fixed
171.0577054999958,84,0.8218420817435619,-0.01552524,-3.1050479999999996,12.759295561168416,2.551859112233683,fixed
171.14121099999466,84,0.8218420817435619,-0.01553186,-3.106372,12.76473615574956,2.5529472311499117,fixed
171.22470339999563,84,0.8218420817435619,-0.01552357,-3.1047140000000004,12.757923084891905,2.5515846169783813,fixed
171.30816939999204,84,0.8218420817435619,-0.0155253,-3.1050600000000004,12.759344871693322,2.5518689743386647,fixed
171.39183979999507,85,0.8218420817435619,-0.01552852,-3.1057040000000002,12.761991203196537,2.5523982406393073,fixed
171.4753247999979,85,0.8218420817435619,-0.01552439,-3.1048780000000002,12.758596995398936,2.5517193990797873,fixed
171.55883489999542,85,0.8218420817435619,-0.01552231,-3.104462,12.756887563868908,2.5513775127737817,fixed
171.64235329999792,85,0.8218420817435619,-0.01552824,-3.105648,12.761761087413648,2.5523522174827296,fixed
171.72576479999407,85,0.8218420817435619,-0.0155353,-3.1070599999999997,12.767563292510758,2.553512658502151,fixed
171.80917909999698,85,0.8218420817435619,-0.01553892,-3.1077839999999997,12.770538360846668,2.5541076721693337,fixed
171.89266040000075,85,0.8218420817435619,-0.01553479,-3.1069579999999997,12.767144153049067,2.553428830609813,fixed
171.98881569999503,85,0.8218420817435619,-0.01553735,-3.10747,12.76924806877833,2.5538496137556663,fixed
172.07226280000032,85,0.8218420817435619,-0.01553448,-3.106896,12.766889382003727,2.5533778764007455,fixed
172.1558320999975,85,0.8218420817435619,-0.01554594,-3.109188,12.776307692260508,2.555261538452102,fixed
172.2394901000007,85,0.8218420817435619,-0.01554709,-3.109418,12.777252810654513,2.5554505621309027,fixed
172.32300009999744,85,0.8218420817435619,-0.01554867,-3.1097340000000004,12.778551321143668,2.555710264228734,fixed
172.431597099996,85,0.8218420817435619,-0.01554607,-3.109214,12.776414531731135,2.555282906346227,fixed
172.5150724999985,85,0.8218420817435619,-0.01554567,-3.109134,12.776085794898437,2.5552171589796875,fixed
172.59855609999795,85,0.8218420817435619,-0.01554668,-3.109336,12.776915855400999,2.5553831710801997,fixed
172.6820516000007,85,0.8218420817435619,-0.01554531,-3.1090619999999998,12.77578993174901,2.5551579863498017,fixed
172.76556849999906,85,0.8218420817435619,-0.01554601,-3.1092020000000002,12.776365221206232,2.5552730442412463,fixed
172.84910549999768,85,0.8218420817435619,-0.01554948,-3.109896,12.77921701322988,2.555843402645976,fixed
172.9326426999978,85,0.8218420817435619,-0.01554889,-3.109778,12.77873212640165,2.55574642528033,fixed
173.0160917999965,85,0.8218420817435619,-0.01554698,-3.109396,12.777162408025522,2.5554324816051044,fixed
173.09954019999714,85,0.8218420817435619,-0.01554627,-3.109254,12.776578900147483,2.5553157800294968,fixed
173.18308749999414,85,0.8218420817435619,-0.01554646,-3.109292,12.776735050143015,2.555347010028603,fixed
173.26659669999935,85,0.8218420817435619,-0.01555135,-3.1102700000000003,12.78075385792274,2.5561507715845484,fixed
173.35004889999982,85,0.8218420817435619,-0.01554493,-3.1089860000000002,12.775477631757948,2.5550955263515895,fixed
173.43371299999853,86,0.8218420817435619,-0.01554341,-3.108682,12.774228431793698,2.5548456863587394,fixed
173.51723269999638,86,0.8218420817435619,-0.01554362,-3.1087239999999996,12.774401018630861,2.554880203726172,fixed
173.60074480000185,86,0.8218420817435619,-0.01554627,-3.109254,12.776578900147483,2.5553157800294968,fixed
173.68421949999902,86,0.8218420817435619,-0.01554856,-3.109712,12.778460918514677,2.555692183702935,fixed
173.76768089999678,86,0.8218420817435619,-0.015544,-3.1088,12.774713318621925,2.5549426637243853,fixed
173.8513834999976,86,0.8218420817435619,-0.01553884,-3.107768,12.770472613480129,2.554094522696026,fixed
173.9352566000016,86,0.8218420817435619,-0.01554498,-3.1089960000000003,12.775518723862033,2.555103744772407,fixed
174.01925499999925,86,0.8218420817435619,-0.01554176,-3.108352,12.77287239235882,2.554574478471764,fixed
174.10326509999868,86,0.8218420817435619,-0.0155447,-3.10894,12.775288608079148,2.5550577216158294,fixed
174.1871600000013,86,0.8218420817435619,-0.01553934,-3.1078680000000003,12.770883534521001,2.5541767069042005,fixed
174.2705649999989,86,0.8218420817435619,-0.01553498,-3.106996,12.767300303044598,2.55346006060892,fixed
174.35415909999574,86,0.8218420817435619,-0.01553462,-3.1069240000000002,12.767004439895173,2.5534008879790346,fixed
174.43768499999715,86,0.8218420817435619,-0.01553506,-3.107012,12.767366050411137,2.553473210082228,fixed
174.52144319999934,86,0.8218420817435619,-0.01554175,-3.10835,12.772864173938004,2.5545728347876007,fixed
174.6049767000004,86,0.8218420817435619,-0.01554201,-3.108402,12.773077852879256,2.554615570575851,fixed
174.68853690000105,86,0.8218420817435619,-0.01554188,-3.108376,12.772971013408629,2.554594202681726,fixed
174.77224800000113,86,0.8218420817435619,-0.01554167,-3.108334,12.772798426571464,2.5545596853142927,fixed
174.85588989999815,86,0.8218420817435619,-0.01554277,-3.108554,12.77370245286138,2.554740490572276,fixed
174.93997939999826,86,0.8218420817435619,-0.01554217,-3.108434,12.773209347612335,2.554641869522467,fixed
175.02371660000063,86,0.8218420817435619,-0.01553633,-3.107266,12.768409789854951,2.5536819579709906,fixed
175.1072553999984,86,0.8218420817435619,-0.01553899,-3.107798,12.770595889792391,2.554119177958478,fixed
175.19074149999506,86,0.8218420817435619,-0.01553702,-3.107404,12.768976860891357,2.553795372178271,fixed
175.2743560999952,86,0.8218420817435619,-0.01553889,-3.107778,12.770513705584216,2.5541027411168433,fixed
175.3581661999997,86,0.8218420817435619,-0.01553778,-3.1075559999999998,12.76960146087348,2.553920292174696,fixed
175.44298129999515,87,0.8218420817435619,-0.01553833,-3.107666,12.77005347401844,2.554010694803688,fixed
175.52708479999274,87,0.8218420817435619,-0.01553594,-3.107188,12.768089271443072,2.5536178542886145,fixed
175.61095449999266,87,0.8218420817435619,-0.01553998,-3.107996,12.771409513453317,2.554281902690663,fixed
175.69449769999483,87,0.8218420817435619,-0.01553775,-3.10755,12.76957680561103,2.5539153611222054,fixed
175.77823769999668,87,0.8218420817435619,-0.01553919,-3.107838,12.770760258208739,2.554152051641748,fixed
175.86168359999283,87,0.8218420817435619,-0.01553478,-3.106956,12.76713593462825,2.5534271869256497,fixed
175.94535119999637,87,0.8218420817435619,-0.01553886,-3.1077719999999998,12.770489050321764,2.5540978100643525,fixed
176.02889079999295,87,0.8218420817435619,-0.01553223,-3.1064459999999996,12.765040237319802,2.5530080474639605,fixed
176.11264129999472,87,0.8218420817435619,-0.01553342,-3.106684,12.766018229397078,2.5532036458794156,fixed
176.19641299999057,87,0.8218420817435619,-0.01553924,-3.1078479999999997,12.770801350312826,2.554160270062565,fixed
176.27990289999434,87,0.8218420817435619,-0.01553739,-3.107478,12.7692809424616,2.55385618849232,fixed
176.3638251999946,87,0.8218420817435619,-0.01553435,-3.10687,12.7667825425331,2.55335650850662,fixed
176.448249999994,87,0.8218420817435619,-0.01553178,-3.106356,12.764670408383019,2.5529340816766037,fixed
176.53216609999072,87,0.8218420817435619,-0.01553205,-3.10641,12.764892305745091,2.552978461149018,fixed
176.61679949999234,87,0.8218420817435619,-0.01553247,-3.106494,12.765237479419422,2.5530474958838845,fixed
176.70076769999287,87,0.8218420817435619,-0.01553207,-3.106414,12.764908742586725,2.552981748517345,fixed
176.7844752999954,87,0.8218420817435619,-0.01553746,-3.1074919999999997,12.769338471407323,2.553867694281464,fixed
176.86834579999413,87,0.8218420817435619,-0.01553644,-3.107288,12.768500192483945,2.553700038496789,fixed
176.95259629999055,87,0.8218420817435619,-0.01553653,-3.107306,12.768574158271301,2.5537148316542604,fixed
177.03597669999726,87,0.8218420817435619,-0.01554251,-3.108502,12.773488773920128,2.5546977547840255,fixed
177.11959309999656,87,0.8218420817435619,-0.01554125,-3.10825,12.77245325289713,2.5544906505794263,fixed
177.20321349999722,87,0.8218420817435619,-0.015543,-3.1086,12.77389147654018,2.5547782953080365,fixed
177.28665419999743,87,0.8218420817435619,-0.01554422,-3.108844,12.774894123879909,2.554978824775982,fixed
177.37014459999045,87,0.8218420817435619,-0.0155392,-3.10784,12.770768476629557,2.5541536953259114,fixed
177.45377449999796,88,0.8218420817435619,-0.01551824,-3.103648,12.753542666596212,2.5507085333192423,fixed
177.53720439999597,88,0.8218420817435619,-0.01551516,-3.103032,12.751011392984442,2.5502022785968883,fixed
177.62087659999816,88,0.8218420817435619,-0.01552343,-3.104686,12.75780802700046,2.5515616054000922,fixed
177.70473529999435,88,0.8218420817435619,-0.01552517,-3.105034,12.759238032222694,2.551847606444539,fixed
177.78866779999953,88,0.8218420817435619,-0.01553141,-3.106282,12.764366326812775,2.552873265362555,fixed
177.87259119999362,88,0.8218420817435619,-0.01553619,-3.1072379999999997,12.768294731963508,2.5536589463927015,fixed
177.95610959999613,88,0.8218420817435619,-0.01551277,-3.102554,12.749047190409074,2.549809438081815,fixed
178.03982799999358,88,0.8218420817435619,-0.01553437,-3.1068740000000004,12.766798979374736,2.553359795874947,fixed
178.12391839999327,88,0.8218420817435619,-0.01553279,-3.106558,12.76550046888558,2.5531000937771164,fixed
178.20834839999588,88,0.8218420817435619,-0.01553828,-3.107656,12.770012381914354,2.5540024763828706,fixed
178.29244549999567,88,0.8218420817435619,-0.01553304,-3.106608,12.765705929406016,2.5531411858812034,fixed
178.37658649999503,88,0.8218420817435619,-0.0155296,-3.10592,12.762878792644818,2.5525757585289637,fixed
178.4606055999975,88,0.8218420817435619,-0.01552983,-3.105966,12.76306781632362,2.5526135632647238,fixed
178.54475519999687,88,0.8218420817435619,-0.01552515,-3.10503,12.75922159538106,2.551844319076212,fixed
178.62885789999564,88,0.8218420817435619,-0.01553011,-3.1060220000000003,12.763297932106509,2.552659586421302,fixed
178.71271269999852,88,0.8218420817435619,-0.0155365,-3.1073,12.768549503008849,2.5537099006017696,fixed
178.7965633999993,88,0.8218420817435619,-0.01553117,-3.106234,12.764169084713155,2.5528338169426315,fixed
178.880531099996,88,0.8218420817435619,-0.01553293,-3.106586,12.765615526777026,2.553123105355405,fixed
178.96463159999985,88,0.8218420817435619,-0.01553186,-3.106372,12.76473615574956,2.5529472311499117,fixed
179.0482611999978,88,0.8218420817435619,-0.01552971,-3.1059419999999998,12.76296919527381,2.552593839054762,fixed
179.13175119999505,88,0.8218420817435619,-0.01552908,-3.105816,12.762451434762312,2.5524902869524624,fixed
179.21516839999822,88,0.8218420817435619,-0.01553049,-3.106098,12.76361023209757,2.5527220464195137,fixed
179.29865959999734,88,0.8218420817435619,-0.01554026,-3.108052,12.771639629236205,2.554327925847241,fixed
179.38215689999925,88,0.8218420817435619,-0.01553388,-3.106776,12.766396276754682,2.5532792553509362,fixed
179.46579080000083,89,0.8218420817435619,-0.01553454,-3.106908,12.766938692528631,2.553387738505726,fixed
179.5492551999996,89,0.8218420817435619,-0.0155346,-3.10692,12.766988003053537,2.5533976006107073,fixed
179.63268740000058,89,0.8218420817435619,-0.0155376,-3.10752,12.769453529298769,2.5538907058597533,fixed
179.71615480000037,89,0.8218420817435619,-0.01554096,-3.108192,12.772214918693425,2.554442983738685,fixed
179.79962669999804,89,0.8218420817435619,-0.01554079,-3.1081580000000004,12.77207520553953,2.554415041107906,fixed
179.8830960999985,89,0.8218420817435619,-0.01553935,-3.10787,12.770891752941818,2.554178350588364,fixed
179.9665873999984,89,0.8218420817435619,-0.01554186,-3.108372,12.772954576566994,2.554590915313399,fixed
180.05067520000011,89,0.8218420817435619,-0.01554406,-3.108812,12.77476262914683,2.554952525829366,fixed
180.1344420999958,89,0.8218420817435619,-0.01554142,-3.1082840000000003,12.772592966051029,2.5545185932102057,fixed
180.21793089999846,89,0.8218420817435619,-0.01554871,-3.109742,12.778584194826939,2.5557168389653873,fixed
180.30140440000105,89,0.8218420817435619,-0.0155489,-3.1097799999999998,12.77874034482247,2.5557480689644936,fixed
180.38517229999707,89,0.8218420817435619,-0.01553784,-3.107568,12.769650771398387,2.5539301542796773,fixed
180.46942359999957,89,0.8218420817435619,-0.01554575,-3.10915,12.776151542264977,2.5552303084529955,fixed
180.5529091999997,89,0.8218420817435619,-0.01553391,-3.106782,12.766420932017132,2.5532841864034266,fixed
180.63641780000034,89,0.8218420817435619,-0.01553971,-3.107942,12.771187616091245,2.5542375232182493,fixed
180.71992650000175,89,0.8218420817435619,-0.01554497,-3.108994,12.775510505441217,2.5551021010882433,fixed
180.80346799999825,89,0.8218420817435619,-0.01554303,-3.108606,12.773916131802634,2.554783226360527,fixed
180.8873128999985,89,0.8218420817435619,-0.01554069,-3.108138,12.771993021331355,2.5543986042662707,fixed
180.97106869999698,89,0.8218420817435619,-0.01553833,-3.107666,12.77005347401844,2.554010694803688,fixed
181.05453339999804,89,0.8218420817435619,-0.01554152,-3.108304,12.772675150259202,2.55453503005184,fixed
181.13802099999884,89,0.8218420817435619,-0.0155423,-3.10846,12.773316187082962,2.5546632374165923,fixed
181.22153699999762,89,0.8218420817435619,-0.01554442,-3.108884,12.775058492296258,2.5550116984592517,fixed
181.30530279999948,89,0.8218420817435619,-0.01553619,-3.1072379999999997,12.768294731963508,2.5536589463927015,fixed
181.3888541999986,89,0.8218420817435619,-0.01554219,-3.1084380000000005,12.773225784453972,2.5546451568907944,fixed
181.4725025000007,90,0.8218420817435619,-0.01553539,-3.107078,12.767637258298114,2.553527451659623,fixed
181.55603970000084,90,0.8218420817435619,-0.01553199,-3.106398,12.764842995220185,2.552968599044037,fixed
181.6395532000024,90,0.8218420817435619,-0.01552866,-3.105732,12.762106261087979,2.552421252217596,fixed
181.72329220000393,90,0.8218420817435619,-0.0155325,-3.1064999999999996,12.765262134681874,2.553052426936375,fixed
181.80718570000317,90,0.8218420817435619,-0.01553676,-3.107352,12.768763181950103,2.5537526363900205,fixed
181.8909194000007,90,0.8218420817435619,-0.01553629,-3.107258,12.768376916171682,2.5536753832343364,fixed
181.97434920000524,90,0.8218420817435619,-0.01553315,-3.10663,12.765796332035007,2.5531592664070017,fixed
182.05785710000055,90,0.8218420817435619,-0.01553468,-3.106936,12.767053750420075,2.5534107500840153,fixed
182.1413731000066,90,0.8218420817435619,-0.01552862,-3.105724,12.76207338740471,2.5524146774809418,fixed
182.2250983000049,90,0.8218420817435619,-0.01553458,-3.106916,12.7669715662119,2.5533943132423804,fixed
182.30866400000377,90,0.8218420817435619,-0.01553443,-3.1068860000000003,12.76684828989964,2.5533696579799283,fixed
182.39214540000103,90,0.8218420817435619,-0.0155315,-3.1063,12.764440292600131,2.5528880585200264,fixed
182.47559270000056,90,0.8218420817435619,-0.01552864,-3.105728,12.762089824246344,2.552417964849269,fixed
182.558907300001,90,0.8218420817435619,-0.01552383,-3.104766,12.758136763833157,2.5516273527666318,fixed
182.64262900000176,90,0.8218420817435619,-0.01552757,-3.105514,12.76121045321888,2.5522420906437757,fixed
182.72624429999996,90,0.8218420817435619,-0.01553325,-3.10665,12.765878516243184,2.5531757032486366,fixed
182.809840300004,90,0.8218420817435619,-0.01552863,-3.1057259999999998,12.762081605825527,2.552416321165105,fixed
182.8936421000035,90,0.8218420817435619,-0.01552487,-3.104974,12.758991479598171,2.5517982959196344,fixed
182.9773023000016,90,0.8218420817435619,-0.01552517,-3.105034,12.759238032222694,2.551847606444539,fixed
183.0608416000032,90,0.8218420817435619,-0.01552175,-3.10435,12.756427332303131,2.5512854664606266,fixed
183.14427280000382,90,0.8218420817435619,-0.01552147,-3.1042940000000003,12.756197216520246,2.551239443304049,fixed
183.22816030000104,90,0.8218420817435619,-0.0155203,-3.10406,12.755235661284603,2.5510471322569206,fixed
183.3139036000066,90,0.8218420817435619,-0.01552023,-3.104046,12.75517813233888,2.551035626467776,fixed
183.39793340000324,90,0.8218420817435619,-0.01551994,-3.103988,12.754939798135176,2.5509879596270353,fixed
183.48217170000135,91,0.8218420817435619,-0.0155225,-3.1045,12.757043713864439,2.5514087427728875,fixed
183.56596269999864,91,0.8218420817435619,-0.01551877,-3.103754,12.753978242899535,2.550795648579907,fixed
183.64969109999947,91,0.8218420817435619,-0.01551758,-3.103516,12.75300025082226,2.5506000501644523,fixed
183.73358249999728,91,0.8218420817435619,-0.01552497,-3.1049940000000005,12.759073663806346,2.5518147327612697,fixed
183.81755029999476,91,0.8218420817435619,-0.01552209,-3.104418,12.756706758610925,2.551341351722185,fixed
183.90158689999953,91,0.8218420817435619,-0.0155211,-3.1042199999999998,12.755893134949998,2.5511786269899996,fixed
183.98554660000082,91,0.8218420817435619,-0.01552552,-3.105104,12.759525676951304,2.551905135390261,fixed
184.06947159999982,91,0.8218420817435619,-0.01551779,-3.103558,12.753172837659426,2.5506345675318856,fixed
184.15348190000077,91,0.8218420817435619,-0.01552669,-3.1053379999999997,12.760487232186945,2.5520974464373887,fixed
184.23783980000007,91,0.8218420817435619,-0.01552345,-3.1046899999999997,12.757824463842097,2.5515648927684187,fixed
184.32478370000172,91,0.8218420817435619,-0.01552276,-3.104552,12.757257392805693,2.5514514785611384,fixed
184.40876749999734,91,0.8218420817435619,-0.01552145,-3.1042899999999998,12.756180779678607,2.5512361559357215,fixed
184.49304660000053,91,0.8218420817435619,-0.01551881,-3.1037619999999997,12.754011116582806,2.550802223316561,fixed
184.576936999998,91,0.8218420817435619,-0.01551952,-3.103904,12.754594624460843,2.550918924892169,fixed
184.66090869999607,91,0.8218420817435619,-0.0155212,-3.10424,12.755975319158173,2.5511950638316345,fixed
184.74511589999747,91,0.8218420817435619,-0.01552242,-3.1044840000000002,12.7569779664979,2.55139559329958,fixed
184.82927070000005,91,0.8218420817435619,-0.01552253,-3.1045059999999998,12.757068369126893,2.5514136738253783,fixed
184.91343770000094,91,0.8218420817435619,-0.01552148,-3.104296,12.756205434941062,2.5512410869882123,fixed
184.99727699999494,91,0.8218420817435619,-0.01552177,-3.104354,12.756443769144767,2.551288753828953,fixed
185.08104319999984,91,0.8218420817435619,-0.01551978,-3.103956,12.754808303402097,2.5509616606804193,fixed
185.16686669999763,91,0.8218420817435619,-0.01552576,-3.105152,12.759722919050922,2.5519445838101844,fixed
185.25073390000034,91,0.8218420817435619,-0.01551455,-3.10291,12.750510069314577,2.5501020138629156,fixed
185.3343345999965,91,0.8218420817435619,-0.01551947,-3.103894,12.754553532356756,2.550910706471351,fixed
185.41814929999964,91,0.8218420817435619,-0.01551749,-3.103498,12.752926285034905,2.550585257006981,fixed
185.50270839999575,92,0.8218420817435619,-0.01551692,-3.103384,12.75245783504831,2.550491567009662,fixed
185.58662419999018,92,0.8218420817435619,-0.01551117,-3.102234,12.747732243078284,2.549546448615657,fixed
185.67017599999235,92,0.8218420817435619,-0.01551454,-3.102908,12.75050185089376,2.550100370178752,fixed
185.7539342999953,92,0.8218420817435619,-0.01551434,-3.102868,12.750337482477411,2.5500674964954824,fixed
185.8375018999941,92,0.8218420817435619,-0.01551632,-3.1032640000000002,12.751964729799264,2.550392945959853,fixed
185.9211351999911,92,0.8218420817435619,-0.01551696,-3.103392,12.75249070873158,2.5504981417463157,fixed
186.004517699992,92,0.8218420817435619,-0.01551665,-3.10333,12.75223593768624,2.550447187537248,fixed
186.08831919999648,92,0.8218420817435619,-0.01551481,-3.102962,12.750723748255831,2.5501447496511664,fixed
186.17238099999668,92,0.8218420817435619,-0.01551888,-3.1037760000000003,12.754068645528529,2.550813729105706,fixed
186.25648469999578,92,0.8218420817435619,-0.01551154,-3.102308,12.748036324648531,2.5496072649297057,fixed
186.34043009999004,92,0.8218420817435619,-0.01551992,-3.1039839999999996,12.75492336129354,2.550984672258708,fixed
186.42432709999412,92,0.8218420817435619,-0.01552188,-3.104376,12.756534171773758,2.5513068343547514,fixed
186.50840209999296,92,0.8218420817435619,-0.01551885,-3.10377,12.754043990266075,2.550808798053215,fixed
186.59235929998977,92,0.8218420817435619,-0.01551871,-3.103742,12.753928932374631,2.5507857864749264,fixed
186.67616809999163,92,0.8218420817435619,-0.01552082,-3.104164,12.755663019167109,2.551132603833422,fixed
186.76040449998982,92,0.8218420817435619,-0.01552432,-3.104864,12.758539466453213,2.5517078932906427,fixed
186.84455409999646,92,0.8218420817435619,-0.01552696,-3.1053919999999997,12.760709129549015,2.552141825909803,fixed
186.92857789999107,92,0.8218420817435619,-0.01552514,-3.105028,12.759213376960243,2.5518426753920482,fixed
187.01254069999413,92,0.8218420817435619,-0.01552614,-3.1052280000000003,12.760035219041987,2.5520070438083975,fixed
187.09650749999128,92,0.8218420817435619,-0.01552481,-3.104962,12.758942169073267,2.5517884338146533,fixed
187.18040539999492,92,0.8218420817435619,-0.01551896,-3.103792,12.754134392895068,2.5508268785790134,fixed
187.26416299999255,92,0.8218420817435619,-0.01552087,-3.104174,12.755704111271198,2.5511408222542395,fixed
187.34798779999255,92,0.8218420817435619,-0.01551603,-3.103206,12.751726395595558,2.550345279119112,fixed
187.4318143999917,92,0.8218420817435619,-0.01551866,-3.103732,12.753887840270544,2.5507775680541087,fixed
187.515499299996,93,0.8218420817435619,-0.01551471,-3.1029419999999996,12.750641564047656,2.550128312809531,fixed
187.59921889999532,93,0.8218420817435619,-0.01551545,-3.10309,12.751249727188148,2.5502499454376295,fixed
187.68273119999503,93,0.8218420817435619,-0.01551603,-3.103206,12.751726395595558,2.550345279119112,fixed
187.76653679999436,93,0.8218420817435619,-0.01551223,-3.102446,12.748603395684933,2.5497206791369864,fixed
187.85071009999956,93,0.8218420817435619,-0.0155078,-3.10156,12.74496263526281,2.5489925270525617,fixed
187.93446559999575,93,0.8218420817435619,-0.01551157,-3.1023140000000002,12.748060979910983,2.5496121959821965,fixed
188.01791439999943,93,0.8218420817435619,-0.0155064,-3.10128,12.743812056348368,2.5487624112696734,fixed
188.1013268999959,93,0.8218420817435619,-0.01550347,-3.100694,12.74140405904886,2.548280811809772,fixed
188.1847936999984,93,0.8218420817435619,-0.01550332,-3.1006639999999996,12.741280782736597,2.5482561565473194,fixed
188.26828430000023,93,0.8218420817435619,-0.01549911,-3.099822,12.737820827572458,2.5475641655144914,fixed
188.3521796999994,93,0.8218420817435619,-0.01550032,-3.100064,12.738815256491367,2.5477630512982734,fixed
188.43625299999985,93,0.8218420817435619,-0.01550466,-3.100932,12.742382051126135,2.5484764102252266,fixed
188.52033699999447,93,0.8218420817435619,-0.01550056,-3.100112,12.739012498590986,2.5478024997181974,fixed
188.604345199994,93,0.8218420817435619,-0.01549472,-3.098944,12.734212940833604,2.5468425881667205,fixed
188.68826469999476,93,0.8218420817435619,-0.01549764,-3.0995280000000003,12.736612719712294,2.547322543942459,fixed
188.77268669999467,93,0.8218420817435619,-0.01548448,-3.096896,12.72579727791655,2.5451594555833097,fixed
188.85674169999402,93,0.8218420817435619,-0.01549219,-3.098438,12.732133680366791,2.546426736073358,fixed
188.9404921999958,93,0.8218420817435619,-0.0154865,-3.0972999999999997,12.727457398921672,2.5454914797843338,fixed
189.02397429999837,93,0.8218420817435619,-0.01548996,-3.097992,12.730300972524503,2.546060194504901,fixed
189.1074449999942,93,0.8218420817435619,-0.01548203,-3.096406,12.723783764816279,2.5447567529632553,fixed
189.19093209999846,93,0.8218420817435619,-0.01548793,-3.097586,12.728632633098565,2.545726526619713,fixed
189.27472309999575,93,0.8218420817435619,-0.01548502,-3.097004,12.726241072640692,2.5452482145281383,fixed
189.35834749999776,93,0.8218420817435619,-0.01548394,-3.096788,12.725353483192407,2.5450706966384815,fixed
189.4423198000004,93,0.8218420817435619,-0.0154868,-3.09736,12.727703951546195,2.545540790309239,fixed
189.5269038999977,94,0.8218420817435619,-0.01548775,-3.09755,12.72848470152385,2.54569694030477,fixed
189.61486850000074,94,0.8218420817435619,-0.01548467,-3.096934,12.725953427912081,2.545190685582416,fixed
189.6999080999958,94,0.8218420817435619,-0.01548214,-3.096428,12.723874167445269,2.5447748334890536,fixed
189.78340580000076,94,0.8218420817435619,-0.01548447,-3.096894,12.725789059495732,2.5451578118991462,fixed
189.86686099999497,94,0.8218420817435619,-0.01548469,-3.096938,12.725969864753715,2.5451939729507433,fixed
189.950374,94,0.8218420817435619,-0.01548447,-3.096894,12.725789059495732,2.5451578118991462,fixed
190.03385300000082,94,0.8218420817435619,-0.01548601,-3.0972020000000002,12.727054696301616,2.5454109392603237,fixed
190.11744129999715,94,0.8218420817435619,-0.01548862,-3.097724,12.729199704134967,2.5458399408269936,fixed
190.20119290000002,94,0.8218420817435619,-0.01548916,-3.097832,12.72964349885911,2.545928699771822,fixed
190.28522349999548,94,0.8218420817435619,-0.01548821,-3.097642,12.728862748881452,2.5457725497762906,fixed
190.3688942000008,94,0.8218420817435619,-0.01548397,-3.096794,12.72537813845486,2.545075627690972,fixed
190.452764499998,94,0.8218420817435619,-0.01549074,-3.0981479999999997,12.730942009348263,2.5461884018696526,fixed
190.5369064999977,94,0.8218420817435619,-0.01549196,-3.098392,12.731944656687993,2.546388931337598,fixed
190.623339699996,94,0.8218420817435619,-0.01549091,-3.098182,12.73108172250216,2.546216344500432,fixed
190.70723729999736,94,0.8218420817435619,-0.01548523,-3.0970459999999997,12.726413659477856,2.545282731895571,fixed
190.79150899999513,94,0.8218420817435619,-0.01549411,-3.098822,12.73371161716374,2.546742323432748,fixed
190.8754828999954,94,0.8218420817435619,-0.01549419,-3.0988379999999998,12.73377736453028,2.5467554729060558,fixed
190.9591552999991,94,0.8218420817435619,-0.0154961,-3.09922,12.73534708290641,2.547069416581282,fixed
191.04305759999988,94,0.8218420817435619,-0.01549582,-3.099164,12.73511696712352,2.547023393424704,fixed
191.1267863999965,94,0.8218420817435619,-0.01549349,-3.0986979999999997,12.73320207507306,2.5466404150146116,fixed
191.21024939999916,94,0.8218420817435619,-0.01549509,-3.099018,12.734517022403848,2.5469034044807697,fixed
191.2937654999987,94,0.8218420817435619,-0.01548962,-3.097924,12.730021546216712,2.546004309243342,fixed
191.3772331,94,0.8218420817435619,-0.01549332,-3.098664,12.733062361919162,2.546612472383832,fixed
191.46061940000072,94,0.8218420817435619,-0.01549449,-3.0988979999999997,12.734023917154802,2.5468047834309604,fixed
191.54429459999665,95,0.8218420817435619,-0.01549026,-3.098052,12.730547525149026,2.5461095050298055,fixed
191.62777970000025,95,0.8218420817435619,-0.01549122,-3.098244,12.7313364935475,2.5462672987095005,fixed
191.71123629999784,95,0.8218420817435619,-0.0154912,-3.09824,12.731320056705867,2.546264011341173,fixed
191.7947211999999,95,0.8218420817435619,-0.01548938,-3.0978760000000003,12.729824304117093,2.545964860823419,fixed
191.87823429999844,95,0.8218420817435619,-0.01549035,-3.09807,12.730621490936384,2.5461242981872765,fixed
191.96163499999966,95,0.8218420817435619,-0.01548894,-3.097788,12.729462693601125,2.545892538720225,fixed
192.04507779999403,95,0.8218420817435619,-0.01549228,-3.098456,12.73220764615415,2.54644152923083,fixed
192.12868589999562,95,0.8218420817435619,-0.01549193,-3.098386,12.731920001425538,2.5463840002851077,fixed
192.2121440999981,95,0.8218420817435619,-0.01549648,-3.099296,12.735659382897472,2.547131876579494,fixed
192.2956045999963,95,0.8218420817435619,-0.01549077,-3.098154,12.730966664610715,2.5461933329221433,fixed
192.3791043999954,95,0.8218420817435619,-0.01548625,-3.09725,12.727251938401235,2.545450387680247,fixed
192.46256449999782,95,0.8218420817435619,-0.01548788,-3.097576,12.728591540994477,2.5457183081988957,fixed
192.54623739999806,95,0.8218420817435619,-0.01548563,-3.0971260000000003,12.726742396310554,2.545348479262111,fixed
192.63003779999417,95,0.8218420817435619,-0.01548781,-3.097562,12.728534012048755,2.545706802409751,fixed
192.71405109999614,95,0.8218420817435619,-0.01549362,-3.098724,12.733308914543684,2.546661782908737,fixed
192.79775929999596,95,0.8218420817435619,-0.01549222,-3.0984439999999998,12.732158335629244,2.5464316671258485,fixed
192.88122169999406,95,0.8218420817435619,-0.01549115,-3.09823,12.73127896460178,2.546255792920356,fixed
192.96470009999757,95,0.8218420817435619,-0.01549316,-3.0986320000000003,12.732930867186083,2.546586173437217,fixed
193.04838059999747,95,0.8218420817435619,-0.01548919,-3.0978380000000003,12.72966815412156,2.5459336308243126,fixed
193.13224429999536,95,0.8218420817435619,-0.01549414,-3.098828,12.733736272426192,2.5467472544852385,fixed
193.2163389999987,95,0.8218420817435619,-0.01549667,-3.099334,12.735815532893003,2.5471631065786005,fixed
193.3013831999997,95,0.8218420817435619,-0.0154973,-3.09946,12.7363332934045,2.5472666586809005,fixed
193.38872169999377,95,0.8218420817435619,-0.01549588,-3.099176,12.735166277648426,2.5470332555296853,fixed
193.4725352999958,95,0.8218420817435619,-0.01549766,-3.099532,12.73662915655393,2.547325831310786,fixed
193.55739479999465,96,0.8218420817435619,-0.01549763,-3.099526,12.736604501291477,2.5473209002582955,fixed
193.6417636999904,96,0.8218420817435619,-0.01549819,-3.099638,12.737064732857254,2.5474129465714506,fixed
193.72575269998924,96,0.8218420817435619,-0.01550297,-3.100594,12.740993138007989,2.5481986276015975,fixed
193.8095178999938,96,0.8218420817435619,-0.01550147,-3.100294,12.739760374885371,2.5479520749770743,fixed
193.89351469999383,96,0.8218420817435619,-0.01549994,-3.099988,12.738502956500305,2.547700591300061,fixed
193.97752319999563,96,0.8218420817435619,-0.01550368,-3.1007360000000004,12.741576645886026,2.5483153291772056,fixed
194.0614943999899,96,0.8218420817435619,-0.01550023,-3.100046,12.738741290704011,2.547748258140802,fixed
194.145554799994,96,0.8218420817435619,-0.01550049,-3.100098,12.738954969645263,2.547790993929053,fixed
194.22947539999586,96,0.8218420817435619,-0.01550372,-3.1007439999999997,12.741609519569295,2.548321903913859,fixed
194.31359349999548,96,0.8218420817435619,-0.01550046,-3.100092,12.738930314382813,2.5477860628765625,fixed
194.39778129999468,96,0.8218420817435619,-0.01549951,-3.0999019999999997,12.738149564405154,2.547629912881031,fixed
194.48168289999012,96,0.8218420817435619,-0.0154985,-3.0997,12.737319503902594,2.5474639007805187,fixed
194.56579919999058,96,0.8218420817435619,-0.01549931,-3.0998620000000003,12.737985195988808,2.5475970391977616,fixed
194.65003419999266,96,0.8218420817435619,-0.01549288,-3.0985760000000004,12.732700751403197,2.5465401502806393,fixed
194.73386849999224,96,0.8218420817435619,-0.01549703,-3.099406,12.736111396042432,2.547222279208486,fixed
194.81750539999484,96,0.8218420817435619,-0.01549314,-3.098628,12.732914430344449,2.5465828860688897,fixed
194.9013133999906,96,0.8218420817435619,-0.01549443,-3.098886,12.733974606629898,2.5467949213259793,fixed
194.98526259999198,96,0.8218420817435619,-0.0154976,-3.09952,12.736579846029024,2.547315969205805,fixed
195.06893649999256,96,0.8218420817435619,-0.01549365,-3.0987299999999998,12.733333569806138,2.546666713961227,fixed
195.15291999999317,96,0.8218420817435619,-0.01549766,-3.099532,12.73662915655393,2.547325831310786,fixed
195.23657709998952,96,0.8218420817435619,-0.01548969,-3.097938,12.730079075162434,2.5460158150324865,fixed
195.32005399999616,96,0.8218420817435619,-0.01549764,-3.0995280000000003,12.736612719712294,2.547322543942459,fixed
195.4037424999915,96,0.8218420817435619,-0.01549904,-3.0998080000000003,12.737763298626735,2.5475526597253473,fixed
195.48745019999478,96,0.8218420817435619,-0.0155017,-3.10034,12.739949398564173,2.547989879712835,fixed
195.57159789999423,97,0.8218420817435619,-0.01550176,-3.100352,12.739998709089077,2.5479997418178155,fixed
195.6552515999938,97,0.8218420817435619,-0.01550002,-3.1000039999999998,12.738568703866843,2.5477137407733688,fixed
195.7387311999919,97,0.8218420817435619,-0.01550261,-3.1005220000000002,12.74069727485856,2.5481394549717122,fixed
195.82243489999382,97,0.8218420817435619,-0.01549552,-3.099104,12.734870414498998,2.5469740828997995,fixed
195.90609069999482,97,0.8218420817435619,-0.01549589,-3.0991779999999998,12.735174496069243,2.5470348992138483,fixed
195.98982239999168,97,0.8218420817435619,-0.01549907,-3.099814,12.737787953889189,2.5475575907778376,fixed
196.07355349999125,97,0.8218420817435619,-0.01549332,-3.098664,12.733062361919162,2.546612472383832,fixed
196.15724559999217,97,0.8218420817435619,-0.01549225,-3.09845,12.732182990891697,2.5464365981783392,fixed
196.2409573999903,97,0.8218420817435619,-0.01549712,-3.099424,12.736185361829786,2.5472370723659576,fixed
196.32444839999516,97,0.8218420817435619,-0.01547766,-3.095532,12.720192314919057,2.5440384629838118,fixed
196.40811789999134,97,0.8218420817435619,-0.01548825,-3.0976500000000002,12.728895622564723,2.545779124512945,fixed
196.49188329999015,97,0.8218420817435619,-0.01549476,-3.0989519999999997,12.734245814516873,2.5468491629033743,fixed
196.57558379998954,97,0.8218420817435619,-0.01548972,-3.097944,12.730103730424885,2.5460207460849773,fixed
196.6594377999936,97,0.8218420817435619,-0.01548992,-3.0979840000000003,12.730268098841234,2.546053619768247,fixed
196.7431169999909,97,0.8218420817435619,-0.0154887,-3.09774,12.729265451501506,2.545853090300301,fixed
196.82671579999442,97,0.8218420817435619,-0.01548273,-3.096546,12.724359054273497,2.5448718108546995,fixed
196.91020649998973,97,0.8218420817435619,-0.01548139,-3.096278,12.72325778588396,2.5446515571767923,fixed
196.9936938999963,97,0.8218420817435619,-0.0154822,-3.0964400000000003,12.723923477970173,2.544784695594035,fixed
197.07751179999468,97,0.8218420817435619,-0.01548044,-3.096088,12.722477035906305,2.544495407181261,fixed
197.16108529999474,97,0.8218420817435619,-0.01547931,-3.095862,12.721548354353935,2.544309670870787,fixed
197.24461509998946,97,0.8218420817435619,-0.01547505,-3.0950100000000003,12.718047307085707,2.543609461417142,fixed
197.3280495999934,97,0.8218420817435619,-0.0154741,-3.09482,12.71726655710805,2.5434533114216102,fixed
197.41153559999657,97,0.8218420817435619,-0.01547529,-3.095058,12.718244549185325,2.543648909837065,fixed
197.49528699999064,97,0.8218420817435619,-0.01547397,-3.094794,12.717159717637424,2.5434319435274846,fixed
197.57901269999275,98,0.8218420817435619,-0.01547561,-3.0951220000000004,12.718507538651485,2.543701507730297,fixed
197.66289459999825,98,0.8218420817435619,-0.01547536,-3.095072,12.718302078131048,2.5436604156262095,fixed
197.74663059999875,98,0.8218420817435619,-0.01547598,-3.095196,12.71881162022173,2.5437623240443457,fixed
197.83049339999707,98,0.8218420817435619,-0.01548017,-3.096034,12.722255138544233,2.544451027708847,fixed
197.91451019999658,98,0.8218420817435619,-0.01547797,-3.095594,12.7204470859644,2.54408941719288,fixed
197.9985177999988,98,0.8218420817435619,-0.01548037,-3.096074,12.722419506960584,2.544483901392117,fixed
198.08256429999892,98,0.8218420817435619,-0.01548077,-3.096154,12.72274824379328,2.544549648758656,fixed
198.16626149999502,98,0.8218420817435619,-0.0154771,-3.09542,12.719732083353282,2.5439464166706562,fixed
198.25015109999367,98,0.8218420817435619,-0.01548251,-3.096502,12.724178249015514,2.544835649803103,fixed
198.3340201999963,98,0.8218420817435619,-0.0154785,-3.0957,12.720882662267723,2.5441765324535446,fixed
198.41806189999625,98,0.8218420817435619,-0.01548112,-3.096224,12.72303588852189,2.544607177704378,fixed
198.50194719999854,98,0.8218420817435619,-0.01547407,-3.094814,12.717241901845599,2.5434483803691195,fixed
198.58564979999937,98,0.8218420817435619,-0.01547964,-3.095928,12.721819562240908,2.544363912448182,fixed
198.66958409999643,98,0.8218420817435619,-0.01547311,-3.094622,12.716452933447124,2.5432905866894253,fixed
198.75333089999913,98,0.8218420817435619,-0.01547805,-3.0956099999999998,12.72051283333094,2.5441025666661874,fixed
198.83748449999257,98,0.8218420817435619,-0.01547094,-3.094188,12.714669536129742,2.5429339072259483,fixed
198.921451299997,98,0.8218420817435619,-0.01547316,-3.094632,12.716494025551212,2.543298805110242,fixed
199.0051775999964,98,0.8218420817435619,-0.01547443,-3.0948860000000002,12.717537764995027,2.5435075529990057,fixed
199.0889543999947,98,0.8218420817435619,-0.0154793,-3.09586,12.721540135933116,2.5443080271866236,fixed
199.172748099998,98,0.8218420817435619,-0.01547747,-3.095494,12.720036164923528,2.5440072329847054,fixed
199.25632859999314,98,0.8218420817435619,-0.01547089,-3.094178,12.714628444025653,2.5429256888051306,fixed
199.33994939999684,98,0.8218420817435619,-0.01547584,-3.095168,12.718696562330285,2.543739312466057,fixed
199.42356139999902,98,0.8218420817435619,-0.0154798,-3.0959600000000003,12.721951056973989,2.544390211394798,fixed
199.50720719999663,98,0.8218420817435619,-0.01547901,-3.095802,12.72130180172941,2.5442603603458824,fixed
199.59108109999215,99,0.8218420817435619,-0.01548003,-3.096006,12.72214008065279,2.544428016130558,fixed
199.6748191999941,99,0.8218420817435619,-0.0154762,-3.09524,12.718992425479712,2.5437984850959423,fixed
199.75827949999075,99,0.8218420817435619,-0.01547828,-3.095656,12.72070185700974,2.544140371401948,fixed
199.8420164999916,99,0.8218420817435619,-0.01547376,-3.094752,12.716987130800259,2.543397426160052,fixed
199.92555909999646,99,0.8218420817435619,-0.01547755,-3.09551,12.720101912290065,2.5440203824580134,fixed
200.00901379999414,99,0.8218420817435619,-0.01547497,-3.094994,12.717981559719167,2.5435963119438334,fixed
200.0926405999926,99,0.8218420817435619,-0.01547728,-3.095456,12.719880014927996,2.543976002985599,fixed
200.17626829999062,99,0.8218420817435619,-0.01547733,-3.0954659999999996,12.719921107032082,2.5439842214064163,fixed
200.2597559999922,99,0.8218420817435619,-0.01548121,-3.096242,12.723109854309248,2.54462197086185,fixed
200.34359249999397,99,0.8218420817435619,-0.01547934,-3.095868,12.721573009616387,2.5443146019232774,fixed
200.42768469999282,99,0.8218420817435619,-0.01547605,-3.0952100000000002,12.71886914916745,2.54377382983349,fixed
200.51170179999463,99,0.8218420817435619,-0.01547834,-3.095668,12.720751167534644,2.5441502335069286,fixed
200.59550799999124,99,0.8218420817435619,-0.01547706,-3.0954120000000005,12.719699209670013,2.543939841934003,fixed
200.67944099999295,99,0.8218420817435619,-0.01547961,-3.095922,12.721794906978458,2.5443589813956913,fixed
200.7629489999963,99,0.8218420817435619,-0.01547558,-3.095116,12.71848288338903,2.543696576677806,fixed
200.8464138999916,99,0.8218420817435619,-0.01547172,-3.094344,12.7153105729535,2.5430621145907004,fixed
200.93006649999734,99,0.8218420817435619,-0.01546825,-3.09365,12.71245878092985,2.54249175618597,fixed
201.01347729999543,99,0.8218420817435619,-0.0154691,-3.09382,12.713157346699333,2.5426314693398666,fixed
201.09693819999666,99,0.8218420817435619,-0.01546369,-3.0927379999999998,12.708711181037101,2.54174223620742,fixed
201.18035949999467,99,0.8218420817435619,-0.01546911,-3.093822,12.71316556512015,2.54263311302403,fixed
201.2638331999915,99,0.8218420817435619,-0.01546504,-3.093008,12.709820667847453,2.541964133569491,fixed
201.34726819999196,99,0.8218420817435619,-0.01546552,-3.093104,12.710215152046692,2.542043030409338,fixed
201.43070819999411,99,0.8218420817435619,-0.01546171,-3.092342,12.707083933715248,2.5414167867430497,fixed
201.5142613999924,99,0.8218420817435619,-0.015464,-3.0928,12.708965952082442,2.541793190416488,fixed
201.597863899995,100,0.8218420817435619,-0.01546132,-3.092264,12.706763415303369,2.5413526830606736,fixed
201.68129499999486,100,0.8218420817435619,-0.01545646,-3.091292,12.702769262786093,2.540553852557219,fixed
201.76485809999576,100,0.8218420817435619,-0.01545693,-3.091386,12.703155528564514,2.5406311057129027,fixed
201.8483408999964,100,0.8218420817435619,-0.0154658,-3.09316,12.710445267829579,2.542089053565916,fixed
201.9317377999978,100,0.8218420817435619,-0.01545769,-3.091538,12.703780128546638,2.5407560257093276,fixed
202.01514709999174,100,0.8218420817435619,-0.0154556,-3.09112,12.702062478595796,2.540412495719159,fixed
202.0985700999954,100,0.8218420817435619,-0.01545569,-3.091138,12.702136444383152,2.5404272888766304,fixed
202.18207329999132,100,0.8218420817435619,-0.01545973,-3.091946,12.705456686393395,2.5410913372786794,fixed
202.26553389999754,100,0.8218420817435619,-0.01544912,-3.089824,12.696736941906096,2.5393473883812194,fixed
202.3492716999972,100,0.8218420817435619,-0.01545135,-3.0902700000000003,12.698569649748386,2.539713929949677,fixed
202.43335989999468,100,0.8218420817435619,-0.01545111,-3.090222,12.698372407648767,2.539674481529753,fixed
202.51733399999648,100,0.8218420817435619,-0.01545144,-3.090288,12.698643615535742,2.5397287231071486,fixed
202.60155029999441,100,0.8218420817435619,-0.0154423,-3.0884600000000004,12.691131978908606,2.5382263957817215,fixed
202.68517259999498,100,0.8218420817435619,-0.01544894,-3.089788,12.696589010331383,2.5393178020662766,fixed
202.76872719999665,100,0.8218420817435619,-0.01544542,-3.089084,12.693696126203646,2.5387392252407293,fixed
202.85222759999306,100,0.8218420817435619,-0.01544535,-3.08907,12.693638597257923,2.5387277194515847,fixed
202.9358174999943,100,0.8218420817435619,-0.01544734,-3.089468,12.695274063000594,2.539054812600119,fixed
203.01949429999513,100,0.8218420817435619,-0.01544375,-3.08875,12.692323649927133,2.538464729985427,fixed
203.10305409999273,100,0.8218420817435619,-0.01544763,-3.089526,12.6955123972043,2.53910247944086,fixed
203.18674619999365,100,0.8218420817435619,-0.01544174,-3.0883480000000003,12.690671747342831,2.538134349468566,fixed
203.27044419999584,100,0.8218420817435619,-0.01544182,-3.088364,12.690737494709369,2.5381474989418735,fixed
203.35437129999627,100,0.8218420817435619,-0.0154396,-3.0879199999999996,12.688913005287898,2.5377826010575792,fixed
203.43824109999696,100,0.8218420817435619,-0.01543932,-3.0878639999999997,12.68868288950501,2.537736577901002,fixed
203.5216827999975,100,0.8218420817435619,-0.01543268,-3.086536,12.683225858082233,2.536645171616447,fixed
203.60574259999703,101,0.8218420817435619,-0.01542804,-3.085608,12.679412510822942,2.5358825021645885,fixed
203.68967809999594,101,0.8218420817435619,-0.01543181,-3.0863620000000003,12.682510855471117,2.5365021710942233,fixed
203.77340539999568,101,0.8218420817435619,-0.01543267,-3.086534,12.683217639661416,2.536643527932283,fixed
203.85711209999863,101,0.8218420817435619,-0.01543353,-3.0867060000000004,12.683924423851716,2.536784884770343,fixed
203.94089449999592,101,0.8218420817435619,-0.0154341,-3.08682,12.684392873838307,2.5368785747676617,fixed
204.02473469999677,101,0.8218420817435619,-0.01542633,-3.085266,12.678007160863162,2.535601432172632,fixed
204.10823009999876,101,0.8218420817435619,-0.01543498,-3.086996,12.685116094870242,2.5370232189740487,fixed
204.19173549999687,101,0.8218420817435619,-0.01542831,-3.085662,12.679634408185015,2.535926881637003,fixed
204.27544969999872,101,0.8218420817435619,-0.01543376,-3.0867519999999997,12.684113447530514,2.536822689506103,fixed
204.35911199999828,101,0.8218420817435619,-0.01542509,-3.0850180000000003,12.6769880766818,2.53539761533636,fixed
204.44287469999836,101,0.8218420817435619,-0.01543618,-3.087236,12.686102305368337,2.537220461073667,fixed
204.52661179999996,101,0.8218420817435619,-0.01543249,-3.0864979999999997,12.683069708086702,2.53661394161734,fixed
204.61055149999447,101,0.8218420817435619,-0.01542756,-3.085512,12.679018026623705,2.535803605324741,fixed
204.69426359999488,101,0.8218420817435619,-0.01543293,-3.0865859999999996,12.683431318602667,2.5366862637205334,fixed
204.77773689999594,101,0.8218420817435619,-0.0154298,-3.08596,12.68085895288681,2.536171790577362,fixed
204.86131559999922,101,0.8218420817435619,-0.0154202,-3.08404,12.672969268902074,2.5345938537804145,fixed
204.94505489999574,101,0.8218420817435619,-0.01542826,-3.085652,12.679593316080926,2.535918663216185,fixed
205.0287365999975,101,0.8218420817435619,-0.01543117,-3.086234,12.681984876538799,2.53639697530776,fixed
205.11229959999764,101,0.8218420817435619,-0.01542648,-3.085296,12.678130437175422,2.5356260874350847,fixed
205.19606919999933,101,0.8218420817435619,-0.01542652,-3.085304,12.678163310858693,2.5356326621717384,fixed
205.28018139999767,101,0.8218420817435619,-0.01542464,-3.084928,12.676618247745015,2.535323649549003,fixed
205.36433979999856,101,0.8218420817435619,-0.01542605,-3.08521,12.677777045080273,2.5355554090160544,fixed
205.4483562999958,101,0.8218420817435619,-0.01542257,-3.084514,12.674917034635806,2.534983406927161,fixed
205.53236859999743,101,0.8218420817435619,-0.01542348,-3.084696,12.675664910930193,2.5351329821860387,fixed
205.6168359000003,102,0.8218420817435619,-0.01542017,-3.084034,12.67294461363962,2.534588922727924,fixed
205.70071440000174,102,0.8218420817435619,-0.01542007,-3.084014,12.672862429431445,2.5345724858862893,fixed
205.78466820000176,102,0.8218420817435619,-0.0154131,-3.08262,12.667134190121695,2.5334268380243388,fixed
205.8683560999998,102,0.8218420817435619,-0.01541464,-3.082928,12.66839982692758,2.5336799653855158,fixed
205.95248919999722,102,0.8218420817435619,-0.01541963,-3.083926,12.672500818915479,2.534500163783096,fixed
206.0365843000036,102,0.8218420817435619,-0.01541928,-3.083856,12.67221317418687,2.5344426348373736,fixed
206.12033759999758,102,0.8218420817435619,-0.0154201,-3.08402,12.6728870846939,2.53457741693878,fixed
206.20410580000316,102,0.8218420817435619,-0.01541907,-3.083814,12.672040587349702,2.5344081174699404,fixed
206.28813960000116,102,0.8218420817435619,-0.01541848,-3.083696,12.671555700521473,2.534311140104295,fixed
206.37311169999884,102,0.8218420817435619,-0.01541741,-3.083482,12.670676329494007,2.5341352658988017,fixed
206.45696679999674,102,0.8218420817435619,-0.01540997,-3.081994,12.664561824405837,2.532912364881167,fixed
206.54075230000308,102,0.8218420817435619,-0.01541836,-3.0836720000000004,12.671457079471667,2.5342914158943333,fixed
206.624705299997,102,0.8218420817435619,-0.01542093,-3.084186,12.673569213621745,2.534713842724349,fixed
206.70846419999725,102,0.8218420817435619,-0.01541722,-3.083444,12.670520179498478,2.5341040358996954,fixed
206.79263560000254,102,0.8218420817435619,-0.01541233,-3.082466,12.666501371718752,2.5333002743437505,fixed
206.87668990000384,102,0.8218420817435619,-0.01541509,-3.083018,12.668769655864363,2.5337539311728725,fixed
206.96068250000098,102,0.8218420817435619,-0.01541268,-3.082536,12.66678901644736,2.5333578032894724,fixed
207.04463170000236,102,0.8218420817435619,-0.01540667,-3.081334,12.661849745536083,2.5323699491072165,fixed
207.12904200000048,102,0.8218420817435619,-0.01541139,-3.082278,12.665728840161913,2.5331457680323823,fixed
207.21315770000365,102,0.8218420817435619,-0.01540774,-3.081548,12.662729116563549,2.53254582331271,fixed
207.29741620000277,102,0.8218420817435619,-0.01540546,-3.081092,12.660855316617171,2.5321710633234344,fixed
207.38140839999687,102,0.8218420817435619,-0.01540686,-3.081372,12.662005895531612,2.532401179106323,fixed
207.46508360000007,102,0.8218420817435619,-0.01540757,-3.081514,12.662589403409653,2.5325178806819304,fixed
207.54870639999717,102,0.8218420817435619,-0.01540971,-3.081942,12.664348145464583,2.5328696290929167,fixed
207.6332087999981,103,0.8218420817435619,-0.01540771,-3.081542,12.662704461301095,2.532540892260219,fixed
207.7169928000003,103,0.8218420817435619,-0.01540879,-3.0817579999999998,12.66359205074938,2.5327184101498754,fixed
207.8009366999977,103,0.8218420817435619,-0.0154038,-3.08076,12.659491058761478,2.5318982117522957,fixed
207.88488179999695,103,0.8218420817435619,-0.01540367,-3.080734,12.659384219290851,2.5318768438581705,fixed
207.9688204999984,103,0.8218420817435619,-0.01540489,-3.080978,12.66038686663058,2.532077373326116,fixed
208.0525753999973,103,0.8218420817435619,-0.01540284,-3.080568,12.658702090363004,2.531740418072601,fixed
208.13651129999926,103,0.8218420817435619,-0.01540775,-3.08155,12.662737334984365,2.5325474669968733,fixed
208.22041470000113,103,0.8218420817435619,-0.01540424,-3.080848,12.659852669277445,2.531970533855489,fixed
208.30454389999795,103,0.8218420817435619,-0.01540068,-3.080136,12.656926911466437,2.531385382293288,fixed
208.38854379999975,103,0.8218420817435619,-0.01540086,-3.080172,12.657074843041153,2.531414968608231,fixed
208.47270740000386,103,0.8218420817435619,-0.01539958,-3.079916,12.65602288517652,2.531204577035304,fixed
208.55693210000027,103,0.8218420817435619,-0.01540126,-3.080252,12.657403579873849,2.5314807159747703,fixed
208.64075310000044,103,0.8218420817435619,-0.01540236,-3.080472,12.658307606163767,2.5316615212327536,fixed
208.72451980000187,103,0.8218420817435619,-0.01540042,-3.0800840000000003,12.656713232525185,2.5313426465050375,fixed
208.80847670000367,103,0.8218420817435619,-0.01539578,-3.0791560000000002,12.652899885265894,2.530579977053179,fixed
208.89259010000387,103,0.8218420817435619,-0.01540072,-3.0801439999999998,12.656959785149708,2.5313919570299417,fixed
208.9765686000028,103,0.8218420817435619,-0.01539749,-3.079498,12.654305235225676,2.5308610470451356,fixed
209.06034960000397,103,0.8218420817435619,-0.01539604,-3.079208,12.653113564207148,2.5306227128414296,fixed
209.14441390000138,103,0.8218420817435619,-0.01539286,-3.078572,12.650500106387204,2.5301000212774407,fixed
209.22864449999906,103,0.8218420817435619,-0.01539445,-3.0788900000000003,12.651806835297176,2.5303613670594354,fixed
209.3125766000012,103,0.8218420817435619,-0.01539628,-3.079256,12.653310806306767,2.5306621612613536,fixed
209.3966378999976,103,0.8218420817435619,-0.0153938,-3.07876,12.651272637944043,2.5302545275888084,fixed
209.48086930000136,103,0.8218420817435619,-0.01539301,-3.078602,12.650623382699466,2.5301246765398933,fixed
209.56488730000274,103,0.8218420817435619,-0.01539156,-3.078312,12.649431711680938,2.5298863423361873,fixed
209.64935069999774,104,0.8218420817435619,-0.01539121,-3.0782420000000004,12.649144066952328,2.529828813390466,fixed
209.7331361999968,104,0.8218420817435619,-0.01538769,-3.077538,12.646251182824589,2.529250236564918,fixed
209.81671619999543,104,0.8218420817435619,-0.01538367,-3.076734,12.64294737765598,2.5285894755311964,fixed
209.9005496999962,104,0.8218420817435619,-0.0153818,-3.07636,12.64141053296312,2.528282106592624,fixed
209.9861005999992,104,0.8218420817435619,-0.01538249,-3.076498,12.641977603999523,2.5283955207999047,fixed
210.07030709999526,104,0.8218420817435619,-0.01538261,-3.0765219999999998,12.642076225049331,2.5284152450098665,fixed
210.15458789999684,104,0.8218420817435619,-0.01538769,-3.077538,12.646251182824589,2.529250236564918,fixed
210.2385351999983,104,0.8218420817435619,-0.01538427,-3.076854,12.643440482905028,2.5286880965810052,fixed
210.32248049999907,104,0.8218420817435619,-0.01538288,-3.076576,12.642298122411404,2.528459624482281,fixed
210.4065929999997,104,0.8218420817435619,-0.01538012,-3.076024,12.640029838265791,2.528005967653158,fixed
210.4905931999965,104,0.8218420817435619,-0.01538202,-3.0764039999999997,12.641591338221103,2.5283182676442206,fixed
210.57479279999825,104,0.8218420817435619,-0.01537777,-3.075554,12.638098509373695,2.527619701874739,fixed
210.65902310000092,104,0.8218420817435619,-0.01537726,-3.075452,12.637679369912004,2.5275358739824005,fixed
210.7429747999995,104,0.8218420817435619,-0.015375,-3.075,12.635822006807265,2.527164401361453,fixed
210.82668569999805,104,0.8218420817435619,-0.01537651,-3.0753019999999998,12.637062988350696,2.527412597670139,fixed
210.91043340000033,104,0.8218420817435619,-0.01537303,-3.074606,12.634202977906229,2.526840595581246,fixed
210.9945927000008,104,0.8218420817435619,-0.01537901,-3.0758020000000004,12.639117593555056,2.5278235187110116,fixed
211.07860989999608,104,0.8218420817435619,-0.01537447,-3.0748939999999996,12.63538643050394,2.5270772861007877,fixed
211.16257429999678,104,0.8218420817435619,-0.01537827,-3.0756539999999997,12.638509430414564,2.527701886082913,fixed
211.24626039999566,104,0.8218420817435619,-0.01538035,-3.07607,12.640218861944591,2.5280437723889184,fixed
211.3301302999971,104,0.8218420817435619,-0.01538044,-3.076088,12.64029282773195,2.52805856554639,fixed
211.41421560000163,104,0.8218420817435619,-0.015377,-3.0754,12.637465690970751,2.52749313819415,fixed
211.49797009999747,104,0.8218420817435619,-0.01536729,-3.073458,12.629485604357022,2.525897120871404,fixed
211.58204950000072,104,0.8218420817435619,-0.01537689,-3.075378,12.63737528834176,2.527475057668352,fixed
211.66692929999408,105,0.8218420817435619,-0.01537878,-3.0757559999999997,12.638928569876255,2.5277857139752506,fixed
211.75095229999715,105,0.8218420817435619,-0.01537345,-3.07469,12.634548151580562,2.526909630316112,fixed
211.83454009999696,105,0.8218420817435619,-0.01537489,-3.074978,12.635731604178272,2.5271463208356546,fixed
211.91823339999974,105,0.8218420817435619,-0.0153785,-3.0757,12.638698454093365,2.5277396908186733,fixed
212.00213479999366,105,0.8218420817435619,-0.0153747,-3.0749400000000002,12.63557545418274,2.5271150908365483,fixed
212.08627479999996,105,0.8218420817435619,-0.01537788,-3.075576,12.638188912002684,2.527637782400537,fixed
212.17047379999713,105,0.8218420817435619,-0.0153784,-3.07568,12.638616269885192,2.5277232539770385,fixed
212.25451049999538,105,0.8218420817435619,-0.01537807,-3.0756140000000003,12.638345061998217,2.5276690123996435,fixed
212.33840049999708,105,0.8218420817435619,-0.01537725,-3.07545,12.637671151491187,2.5275342302982375,fixed
212.4225226999988,105,0.8218420817435619,-0.01537648,-3.075296,12.637038333088244,2.527407666617649,fixed
212.50659879999876,105,0.8218420817435619,-0.01537375,-3.0747500000000003,12.634794704205085,2.526958940841017,fixed
212.5906760999933,105,0.8218420817435619,-0.01537436,-3.074872,12.635296027874947,2.52705920557499,fixed
212.67489479999495,105,0.8218420817435619,-0.0153716,-3.0743199999999997,12.633027743729334,2.526605548745867,fixed
212.75898189999862,105,0.8218420817435619,-0.01536636,-3.0732720000000002,12.628721291221,2.5257442582442002,fixed
212.843040199994,105,0.8218420817435619,-0.01537355,-3.07471,12.634630335788737,2.5269260671577474,fixed
212.92674189999525,105,0.8218420817435619,-0.01537053,-3.074106,12.63214837270187,2.526429674540374,fixed
213.01083609999478,105,0.8218420817435619,-0.01537328,-3.074656,12.634408438426664,2.526881687685333,fixed
213.0950531999988,105,0.8218420817435619,-0.01536164,-3.0723279999999997,12.62484219659517,2.524968439319034,fixed
213.17894529999467,105,0.8218420817435619,-0.01536749,-3.073498,12.629649972773368,2.525929994554674,fixed
213.2625831999976,105,0.8218420817435619,-0.01536399,-3.0727979999999997,12.626773525487268,2.5253547050974534,fixed
213.34625559999404,105,0.8218420817435619,-0.01536241,-3.072482,12.625475014998113,2.5250950029996226,fixed
213.43009509999683,105,0.8218420817435619,-0.01536539,-3.0730779999999998,12.627924104401709,2.5255848208803413,fixed
213.51424059999408,105,0.8218420817435619,-0.01536709,-3.0734179999999998,12.629321235940672,2.5258642471881343,fixed
213.59852229999524,105,0.8218420817435619,-0.01536181,-3.072362,12.624981909749067,2.5249963819498134,fixed
213.68322199999238,106,0.8218420817435619,-0.01536018,-3.0720359999999998,12.623642307155825,2.5247284614311645,fixed
213.7672725999946,106,0.8218420817435619,-0.01536416,-3.072832,12.626913238641164,2.525382647728233,fixed
213.85099639998953,106,0.8218420817435619,-0.0153639,-3.07278,12.62669955969991,2.525339911939982,fixed
213.93489799999224,106,0.8218420817435619,-0.01536664,-3.073328,12.628951407003889,2.5257902814007775,fixed
214.0189998999922,106,0.8218420817435619,-0.01536931,-3.073862,12.631145725362144,2.5262291450724286,fixed
214.10318329999427,106,0.8218420817435619,-0.01536427,-3.072854,12.627003641270155,2.525400728254031,fixed
214.18738999999186,106,0.8218420817435619,-0.01536538,-3.073076,12.62791588598089,2.5255831771961783,fixed
214.27128009999433,106,0.8218420817435619,-0.01536453,-3.072906,12.62721732021141,2.525443464042282,fixed
214.3553183999902,106,0.8218420817435619,-0.01536772,-3.073544,12.62983899645217,2.5259677992904344,fixed
214.43942259999312,106,0.8218420817435619,-0.01537237,-3.074474,12.633660562132278,2.5267321124264557,fixed
214.52346319999197,106,0.8218420817435619,-0.01536831,-3.0736619999999997,12.630323883280399,2.5260647766560798,fixed
214.6076106999899,106,0.8218420817435619,-0.01537378,-3.074756,12.634819359467537,2.526963871893507,fixed
214.69184269999096,106,0.8218420817435619,-0.0153666,-3.07332,12.628918533320618,2.5257837066641233,fixed
214.77590109999437,106,0.8218420817435619,-0.01536569,-3.0731379999999997,12.628170657026232,2.525634131405246,fixed
214.8599128999922,106,0.8218420817435619,-0.01536186,-3.072372,12.625023001853155,2.5250046003706306,fixed
214.9438622999951,106,0.8218420817435619,-0.01536225,-3.07245,12.625343520265034,2.5250687040530067,fixed
215.0280164999931,106,0.8218420817435619,-0.01535452,-3.070904,12.618990680973157,2.5237981361946313,fixed
215.11206099999254,106,0.8218420817435619,-0.01535703,-3.071406,12.621053504598333,2.5242107009196664,fixed
215.19617519999156,106,0.8218420817435619,-0.01535622,-3.071244,12.62038781251212,2.524077562502424,fixed
215.2802945999938,106,0.8218420817435619,-0.01535686,-3.0713719999999998,12.620913791444435,2.524182758288887,fixed
215.36421799999516,106,0.8218420817435619,-0.01535507,-3.071014,12.619442694118115,2.523888538823623,fixed
215.44819329999154,106,0.8218420817435619,-0.0153488,-3.0697599999999996,12.614289744265582,2.522857948853116,fixed
215.53239099999337,106,0.8218420817435619,-0.0153458,-3.06916,12.611824218020352,2.5223648436040706,fixed
215.61661329999333,106,0.8218420817435619,-0.0153488,-3.0697599999999996,12.614289744265582,2.522857948853116,fixed
215.7012648999953,107,0.8218420817435619,-0.01534759,-3.069518,12.613295315346672,2.5226590630693346,fixed
215.7850582999963,107,0.8218420817435619,-0.01534535,-3.06907,12.611454389083569,2.5222908778167135,fixed
215.86872899999435,107,0.8218420817435619,-0.01534561,-3.069122,12.611668068024821,2.5223336136049643,fixed
215.95261029999529,107,0.8218420817435619,-0.01534382,-3.068764,12.6101969706985,2.5220393941397,fixed
216.0367494999955,107,0.8218420817435619,-0.01534279,-3.0685580000000003,12.609350473354304,2.521870094670861,fixed
216.12100259999715,107,0.8218420817435619,-0.01534799,-3.069598,12.61362405217937,2.522724810435874,fixed
216.20514759999787,107,0.8218420817435619,-0.01534627,-3.069254,12.612210483798773,2.5224420967597543,fixed
216.28919449999376,107,0.8218420817435619,-0.01534501,-3.069002,12.611174962775774,2.5222349925551546,fixed
216.3729144999961,107,0.8218420817435619,-0.01533795,-3.06759,12.605372757678664,2.521074551535733,fixed
216.45661119999568,107,0.8218420817435619,-0.01534198,-3.068396,12.608684781268092,2.5217369562536183,fixed
216.54051609999442,107,0.8218420817435619,-0.01534094,-3.068188,12.607830065503078,2.5215660131006157,fixed
216.62463569999818,107,0.8218420817435619,-0.01534431,-3.068862,12.610599673318553,2.522119934663711,fixed
216.7083152999985,107,0.8218420817435619,-0.01534005,-3.06801,12.607098626050325,2.521419725210065,fixed
216.79228339999827,107,0.8218420817435619,-0.0153368,-3.06736,12.60442763928466,2.5208855278569318,fixed
216.87604019999708,107,0.8218420817435619,-0.01533439,-3.066878,12.602446999867658,2.5204893999735316,fixed
216.9594655999972,107,0.8218420817435619,-0.01532662,-3.0653239999999995,12.59606128689251,2.5192122573785016,fixed
217.04318399999465,107,0.8218420817435619,-0.01533309,-3.066618,12.601378605161392,2.520275721032278,fixed
217.1268882000004,107,0.8218420817435619,-0.01533544,-3.067088,12.60330993405349,2.5206619868106976,fixed
217.21082749999914,107,0.8218420817435619,-0.01534102,-3.068204,12.607895812869618,2.5215791625739237,fixed
217.29468549999729,107,0.8218420817435619,-0.0153439,-3.0687800000000003,12.61026271806504,2.522052543613008,fixed
217.37847350000084,107,0.8218420817435619,-0.01534221,-3.068442,12.608873804946894,2.521774760989379,fixed
217.46204880000005,107,0.8218420817435619,-0.01534169,-3.068338,12.608446447064386,2.521689289412877,fixed
217.5457535999958,107,0.8218420817435619,-0.01534154,-3.068308,12.608323170752126,2.521664634150425,fixed
217.6292728999979,107,0.8218420817435619,-0.01534088,-3.0681760000000002,12.607780754978172,2.521556150995635,fixed
217.71288919999643,108,0.8218420817435619,-0.0153378,-3.06756,12.605249481366403,2.5210498962732806,fixed
217.79632899999706,108,0.8218420817435619,-0.01533065,-3.0661300000000002,12.599373310481935,2.5198746620963877,fixed
217.8797576999932,108,0.8218420817435619,-0.01532801,-3.0656019999999997,12.597203647386134,2.5194407294772265,fixed
217.96356889999151,108,0.8218420817435619,-0.01533123,-3.066246,12.599849978889347,2.5199699957778696,fixed
218.0477269999974,108,0.8218420817435619,-0.01533525,-3.06705,12.603153784057959,2.5206307568115913,fixed
218.13184779999574,108,0.8218420817435619,-0.01533542,-3.0670840000000004,12.603293497211855,2.520658699442371,fixed
218.21598199999426,108,0.8218420817435619,-0.01533339,-3.0666780000000005,12.601625157785914,2.5203250315571832,fixed
218.30032769999525,108,0.8218420817435619,-0.01533633,-3.067266,12.604041373506242,2.520808274701248,fixed
218.38489179999306,108,0.8218420817435619,-0.01533824,-3.0676479999999997,12.60561109188237,2.521122218376474,fixed
218.4686306999938,108,0.8218420817435619,-0.01533714,-3.0674280000000005,12.604707065592454,2.520941413118491,fixed
218.5528159999958,108,0.8218420817435619,-0.01533797,-3.0675939999999997,12.6053891945203,2.5210778389040596,fixed
218.63699179999094,108,0.8218420817435619,-0.01534466,-3.0689319999999998,12.610887318047164,2.5221774636094327,fixed
218.7213141999964,108,0.8218420817435619,-0.01534361,-3.068722,12.610024383861335,2.5220048767722667,fixed
218.80563239999174,108,0.8218420817435619,-0.01534783,-3.069566,12.61349255744629,2.522698511489258,fixed
218.88971169999422,108,0.8218420817435619,-0.01534238,-3.0684759999999995,12.609013518100788,2.5218027036201573,fixed
218.97363959999348,108,0.8218420817435619,-0.01534955,-3.06991,12.614906125826892,2.522981225165378,fixed
219.05749449999712,108,0.8218420817435619,-0.01534893,-3.069786,12.614396583736209,2.522879316747242,fixed
219.14146939999046,108,0.8218420817435619,-0.01535461,-3.070922,12.619064646760512,2.5238129293521023,fixed
219.22508489999018,108,0.8218420817435619,-0.01535149,-3.070298,12.616500499465474,2.5233000998930946,fixed
219.30964659999154,108,0.8218420817435619,-0.01535007,-3.070014,12.615333483709396,2.5230666967418793,fixed
219.39333099999203,108,0.8218420817435619,-0.01534804,-3.069608,12.613665144283457,2.5227330288566914,fixed
219.47711669999262,108,0.8218420817435619,-0.01534561,-3.069122,12.611668068024821,2.5223336136049643,fixed
219.56091149999702,108,0.8218420817435619,-0.01534797,-3.069594,12.613607615337736,2.522721523067547,fixed
219.64457839999523,108,0.8218420817435619,-0.0153526,-3.0705199999999997,12.617412744176209,2.5234825488352413,fixed
219.7287443000023,109,0.8218420817435619,-0.0153546,-3.07092,12.619056428339695,2.5238112856679393,fixed
219.8123123999976,109,0.8218420817435619,-0.01535449,-3.070898,12.618966025710703,2.523793205142141,fixed
219.8957586999968,109,0.8218420817435619,-0.01535344,-3.0706879999999996,12.618103091524873,2.523620618304974,fixed
219.97954999999638,109,0.8218420817435619,-0.01535248,-3.070496,12.617314123126398,2.5234628246252795,fixed
220.06340430000273,109,0.8218420817435619,-0.01535416,-3.0708320000000002,12.618694817823728,2.5237389635647456,fixed
220.1473330000008,109,0.8218420817435619,-0.01535258,-3.070516,12.617396307334571,2.523479261466915,fixed
220.23142029999872,109,0.8218420817435619,-0.01535077,-3.0701539999999996,12.615908773166618,2.523181754633323,fixed
220.31555279999884,109,0.8218420817435619,-0.01535464,-3.070928,12.619089302022964,2.523817860404593,fixed
220.39968319999753,109,0.8218420817435619,-0.01535245,-3.07049,12.617289467863948,2.523457893572789,fixed
220.48369549999916,109,0.8218420817435619,-0.01535167,-3.070334,12.616648431040186,2.5233296862080374,fixed
220.5674985000005,109,0.8218420817435619,-0.01535431,-3.070862,12.618818094135989,2.523763618827198,fixed
220.65174500000285,109,0.8218420817435619,-0.01535642,-3.071284,12.620552180928469,2.5241104361856936,fixed
220.7357125999988,109,0.8218420817435619,-0.01535949,-3.071898,12.623075236119423,2.524615047223884,fixed
220.81977239999833,109,0.8218420817435619,-0.01536051,-3.072102,12.623913515042801,2.52478270300856,fixed
220.90394370000286,109,0.8218420817435619,-0.01536328,-3.072656,12.626190017609229,2.525238003521846,fixed
220.98806389999663,109,0.8218420817435619,-0.01536147,-3.0722940000000003,12.624702483441276,2.524940496688255,fixed
221.0720938000013,109,0.8218420817435619,-0.01535982,-3.071964,12.623346444006396,2.524669288801279,fixed
221.15620440000203,109,0.8218420817435619,-0.0153613,-3.07226,12.624562770287376,2.5249125540574755,fixed
221.2405998999966,109,0.8218420817435619,-0.0153608,-3.0721600000000002,12.624151849246507,2.524830369849301,fixed
221.32433989999845,109,0.8218420817435619,-0.01535982,-3.071964,12.623346444006396,2.524669288801279,fixed
221.4083415999994,109,0.8218420817435619,-0.01536063,-3.072126,12.62401213609261,2.5248024272185217,fixed
221.4923953999969,109,0.8218420817435619,-0.01536305,-3.07261,12.626000993930427,2.5252001987860857,fixed
221.57660960000067,109,0.8218420817435619,-0.01535936,-3.071872,12.622968396648796,2.524593679329759,fixed
221.6607393000013,109,0.8218420817435619,-0.01537069,-3.074138,12.632279867434947,2.52645597348699,fixed
221.74563409999973,110,0.8218420817435619,-0.0153732,-3.07464,12.634342691060125,2.526868538212025,fixed
221.83031029999984,110,0.8218420817435619,-0.0153685,-3.0737,12.63048003327593,2.526096006655186,fixed
221.91414480000094,110,0.8218420817435619,-0.01537297,-3.0745940000000003,12.634153667381325,2.526830733476265,fixed
221.99789690000034,110,0.8218420817435619,-0.01537447,-3.0748939999999996,12.63538643050394,2.5270772861007877,fixed
222.08180829999765,110,0.8218420817435619,-0.01537917,-3.0758339999999995,12.639249088288134,2.5278498176576267,fixed
222.1660411999983,110,0.8218420817435619,-0.01538052,-3.076104,12.640358575098489,2.528071715019698,fixed
222.25027159999445,110,0.8218420817435619,-0.01538054,-3.076108,12.640375011940122,2.5280750023880247,fixed
222.33468989999528,110,0.8218420817435619,-0.01538509,-3.077018,12.644114393412057,2.528822878682411,fixed
222.41879150000022,110,0.8218420817435619,-0.01538448,-3.076896,12.643613069742193,2.5287226139484384,fixed
222.5028456,110,0.8218420817435619,-0.01538153,-3.0763059999999998,12.641188635601049,2.5282377271202097,fixed
222.5867541999978,110,0.8218420817435619,-0.01538406,-3.076812,12.64326789606786,2.528653579213572,fixed
222.67099589999998,110,0.8218420817435619,-0.01537958,-3.0759160000000003,12.63958604354165,2.52791720870833,fixed
222.75549969999702,110,0.8218420817435619,-0.01538595,-3.0771900000000003,12.644821177602356,2.5289642355204713,fixed
222.8397535999975,110,0.8218420817435619,-0.0153835,-3.0766999999999998,12.642807664502085,2.5285615329004165,fixed
222.92394100000092,110,0.8218420817435619,-0.01538731,-3.0774619999999997,12.645938882833528,2.529187776566705,fixed
223.00800609999715,110,0.8218420817435619,-0.01538445,-3.0768899999999997,12.643588414479739,2.5287176828959477,fixed
223.09181639999588,110,0.8218420817435619,-0.01538982,-3.077964,12.648001706458704,2.529600341291741,fixed
223.17600569999922,110,0.8218420817435619,-0.01539083,-3.078166,12.648831766961264,2.5297663533922528,fixed
223.2600173999963,110,0.8218420817435619,-0.01538502,-3.0770039999999996,12.644056864466334,2.5288113728932666,fixed
223.3442322999981,110,0.8218420817435619,-0.01538602,-3.077204,12.644878706548079,2.5289757413096154,fixed
223.4283190999995,110,0.8218420817435619,-0.01538836,-3.077672,12.646801817019357,2.529360363403872,fixed
223.51239019999775,110,0.8218420817435619,-0.01539087,-3.0781739999999997,12.648864640644533,2.5297729281289065,fixed
223.59622899999522,110,0.8218420817435619,-0.01538885,-3.07777,12.647204519639413,2.5294409039278825,fixed
223.6802991999939,110,0.8218420817435619,-0.01538938,-3.077876,12.647640095942736,2.529528019188547,fixed
223.76480219999212,111,0.8218420817435619,-0.01538928,-3.0778559999999997,12.64755791173456,2.5295115823469123,fixed
223.84868179999467,111,0.8218420817435619,-0.01539193,-3.078386,12.649735793251182,2.5299471586502364,fixed
223.93248109998967,111,0.8218420817435619,-0.01539178,-3.0783560000000003,12.649612516938921,2.5299225033877843,fixed
224.01586619998852,111,0.8218420817435619,-0.01538221,-3.076442,12.641747488216636,2.528349497643327,fixed
224.099530099993,111,0.8218420817435619,-0.015386,-3.0772000000000004,12.644862269706442,2.528972453941289,fixed
224.18583979998948,111,0.8218420817435619,-0.01538689,-3.0773780000000004,12.645593709159195,2.5291187418318395,fixed
224.27008649999334,111,0.8218420817435619,-0.01538526,-3.0770519999999997,12.644254106565953,2.52885082131319,fixed
224.35877889999392,111,0.8218420817435619,-0.015391,-3.0782,12.648971480115161,2.529794296023032,fixed
224.4426611999952,111,0.8218420817435619,-0.0153853,-3.07706,12.644286980249221,2.5288573960498444,fixed
224.52634899999248,111,0.8218420817435619,-0.01538627,-3.077254,12.645084167068514,2.529016833413703,fixed
224.6102364999897,111,0.8218420817435619,-0.0153911,-3.07822,12.649053664323334,2.529810732864667,fixed
224.6942230999921,111,0.8218420817435619,-0.01539094,-3.078188,12.648922169590257,2.529784433918051,fixed
224.77840499999002,111,0.8218420817435619,-0.01539189,-3.078378,12.649702919567911,2.5299405839135822,fixed
224.86268479999126,111,0.8218420817435619,-0.01539004,-3.078008,12.648182511716687,2.5296365023433376,fixed
224.9465843999933,111,0.8218420817435619,-0.01539009,-3.078018,12.648223603820774,2.529644720764155,fixed
225.0305068999951,111,0.8218420817435619,-0.0153876,-3.07752,12.646177217037232,2.529235443407446,fixed
225.11466369999107,111,0.8218420817435619,-0.0153953,-3.07906,12.652505401066659,2.5305010802133316,fixed
225.1987614999889,111,0.8218420817435619,-0.01539753,-3.079506,12.654338108908945,2.5308676217817894,fixed
225.2831032999893,111,0.8218420817435619,-0.01539883,-3.0797660000000002,12.655406503615213,2.531081300723043,fixed
225.36724409999442,111,0.8218420817435619,-0.01539892,-3.079784,12.655480469402569,2.5310960938805143,fixed
225.45125649998954,111,0.8218420817435619,-0.01540112,-3.0802240000000003,12.657288521982407,2.531457704396481,fixed
225.5351401999942,111,0.8218420817435619,-0.01539786,-3.0795719999999998,12.654609316795922,2.5309218633591843,fixed
225.6191409999883,111,0.8218420817435619,-0.01540027,-3.080054,12.656589956212924,2.531317991242585,fixed
225.7030642999889,111,0.8218420817435619,-0.01539743,-3.079486,12.654255924700772,2.5308511849401545,fixed
225.78803409999819,112,0.8218420817435619,-0.01539548,-3.079096,12.652653332641371,2.530530666528274,fixed
225.8721269999951,112,0.8218420817435619,-0.01539592,-3.079184,12.65301494315734,2.530602988631468,fixed
225.95584569999482,112,0.8218420817435619,-0.01539186,-3.078372,12.64967826430546,2.529935652861092,fixed
226.0396141999954,112,0.8218420817435619,-0.01539168,-3.0783359999999997,12.649530332730746,2.529906066546149,fixed
226.12368539999443,112,0.8218420817435619,-0.01539152,-3.078304,12.64939883799767,2.5298797675995335,fixed
226.20805459999247,112,0.8218420817435619,-0.01539057,-3.078114,12.64861808802001,2.529723617604002,fixed
226.29206779999367,112,0.8218420817435619,-0.01538969,-3.077938,12.647894866988077,2.5295789733976153,fixed
226.37604059999285,112,0.8218420817435619,-0.01538727,-3.077454,12.645906009150258,2.5291812018300512,fixed
226.45993229999294,112,0.8218420817435619,-0.01538721,-3.077442,12.645856698625353,2.5291713397250706,fixed
226.5437327999971,112,0.8218420817435619,-0.01539383,-3.0787660000000003,12.651297293206497,2.530259458641299,fixed
226.62728859999334,112,0.8218420817435619,-0.01539525,-3.0790499999999996,12.652464308962571,2.530492861792514,fixed
226.71109589999833,112,0.8218420817435619,-0.01539443,-3.078886,12.651790398455542,2.530358079691108,fixed
226.79494589999376,112,0.8218420817435619,-0.01539263,-3.0785259999999997,12.650311082708402,2.53006221654168,fixed
226.87898069999937,112,0.8218420817435619,-0.01539375,-3.07875,12.651231545839956,2.530246309167991,fixed
226.9629677999983,112,0.8218420817435619,-0.01538972,-3.077944,12.647919522250529,2.529583904450106,fixed
227.04682449999382,112,0.8218420817435619,-0.01539428,-3.078856,12.65166712214328,2.530333424428656,fixed
227.13080969999282,112,0.8218420817435619,-0.0153947,-3.0789400000000002,12.652012295817613,2.530402459163523,fixed
227.21501219999482,112,0.8218420817435619,-0.01539598,-3.079196,12.653064253682244,2.530612850736449,fixed
227.2991167999935,112,0.8218420817435619,-0.01539483,-3.0789660000000003,12.652119135288238,2.530423827057648,fixed
227.3832442999992,112,0.8218420817435619,-0.01539372,-3.078744,12.651206890577502,2.5302413781155004,fixed
227.46745079999528,112,0.8218420817435619,-0.01539482,-3.078964,12.652110916867422,2.530422183373484,fixed
227.55504669999937,112,0.8218420817435619,-0.0153947,-3.0789400000000002,12.652012295817613,2.530402459163523,fixed
227.63923819999764,112,0.8218420817435619,-0.01539507,-3.079014,12.652316377387857,2.5304632754775715,fixed
227.72342269999353,112,0.8218420817435619,-0.01539498,-3.078996,12.6522424116005,2.5304484823201,fixed
227.80799969999498,113,0.8218420817435619,-0.01539372,-3.078744,12.651206890577502,2.5302413781155004,fixed
227.89220499999647,113,0.8218420817435619,-0.0153942,-3.07884,12.65160137477674,2.530320274955348,fixed
227.97605319999275,113,0.8218420817435619,-0.01538868,-3.0777360000000002,12.647064806485515,2.5294129612971035,fixed
228.0598017999946,113,0.8218420817435619,-0.01539349,-3.078698,12.651017866898702,2.5302035733797408,fixed
228.14336109999567,113,0.8218420817435619,-0.01539626,-3.079252,12.653294369465133,2.5306588738930262,fixed
228.22708629999397,113,0.8218420817435619,-0.01539468,-3.078936,12.651995858975978,2.5303991717951955,fixed
228.3111299999946,113,0.8218420817435619,-0.01539574,-3.079148,12.652867011582625,2.530573402316525,fixed
228.3953185999926,113,0.8218420817435619,-0.01539403,-3.0788059999999997,12.651461661622845,2.5302923323245685,fixed
228.4792274999927,113,0.8218420817435619,-0.01539036,-3.078072,12.648445501182845,2.529689100236569,fixed
228.56300799999735,113,0.8218420817435619,-0.01539297,-3.078594,12.650590509016197,2.530118101803239,fixed
228.646711699992,113,0.8218420817435619,-0.01539551,-3.079102,12.652677987903823,2.530535597580765,fixed
228.73056809999252,113,0.8218420817435619,-0.01539474,-3.078948,12.652045169500882,2.5304090339001766,fixed
228.81472669999494,113,0.8218420817435619,-0.01540124,-3.080248,12.657387143032215,2.531477428606443,fixed
228.89891599999828,113,0.8218420817435619,-0.01539858,-3.0797160000000003,12.655201043094777,2.531040208618956,fixed
228.9826643999986,113,0.8218420817435619,-0.0153969,-3.07938,12.653820348397447,2.5307640696794897,fixed
229.06643699999404,113,0.8218420817435619,-0.01540047,-3.080094,12.656754324629272,2.5313508649258543,fixed
229.15033019999828,113,0.8218420817435619,-0.01539463,-3.078926,12.651954766871889,2.5303909533743782,fixed
229.2343300999928,113,0.8218420817435619,-0.01539814,-3.079628,12.65483943257881,2.530967886515762,fixed
229.31806199999846,113,0.8218420817435619,-0.01540093,-3.0801860000000003,12.657132371986876,2.5314264743973753,fixed
229.40177389999735,113,0.8218420817435619,-0.01540039,-3.080078,12.656688577262733,2.5313377154525463,fixed
229.48578099999577,113,0.8218420817435619,-0.01540054,-3.080108,12.656811853574997,2.531362370714999,fixed
229.56986119999783,113,0.8218420817435619,-0.01540168,-3.080336,12.657748753548182,2.5315497507096363,fixed
229.6541459999935,113,0.8218420817435619,-0.01540858,-3.081716,12.663419463912213,2.5326838927824427,fixed
229.73799529999815,113,0.8218420817435619,-0.01541474,-3.082948,12.668482011135753,2.5336964022271506,fixed
229.82264859999123,114,0.8218420817435619,-0.01541772,-3.083544,12.670931100539347,2.5341862201078698,fixed
229.9069768999907,114,0.8218420817435619,-0.01541876,-3.083752,12.671785816304363,2.5343571632608723,fixed
229.99103769999056,114,0.8218420817435619,-0.01542146,-3.084292,12.67400478992507,2.534800957985014,fixed
230.07477179999114,114,0.8218420817435619,-0.01542486,-3.084972,12.676799053002998,2.5353598106005997,fixed
230.15854299999046,114,0.8218420817435619,-0.01542112,-3.084224,12.673725363617278,2.5347450727234553,fixed
230.2426551999888,114,0.8218420817435619,-0.01543211,-3.0864219999999998,12.68275740809564,2.5365514816191275,fixed
230.3267499999929,114,0.8218420817435619,-0.01543258,-3.086516,12.683143673874058,2.5366287347748115,fixed
230.41353629998775,114,0.8218420817435619,-0.01542846,-3.085692,12.679757684497275,2.535951536899455,fixed
230.4976123999877,114,0.8218420817435619,-0.01543412,-3.086824,12.684409310679944,2.5368818621359885,fixed
230.58183799999097,114,0.8218420817435619,-0.01544028,-3.0880560000000004,12.689471857903483,2.537894371580697,fixed
230.66599399998813,114,0.8218420817435619,-0.01543685,-3.08737,12.686652939563103,2.5373305879126207,fixed
230.7498346999928,114,0.8218420817435619,-0.01543672,-3.087344,12.686546100092476,2.537309220018495,fixed
230.8338417999912,114,0.8218420817435619,-0.01544067,-3.088134,12.689792376315363,2.537958475263073,fixed
230.91786369999318,114,0.8218420817435619,-0.01543606,-3.087212,12.686003684318525,2.537200736863705,fixed
231.00183429999015,114,0.8218420817435619,-0.01543973,-3.087946,12.689019844758525,2.537803968951705,fixed
231.08571539998957,114,0.8218420817435619,-0.01544304,-3.088608,12.691740142049097,2.538348028409819,fixed
231.16966039998806,114,0.8218420817435619,-0.01544002,-3.088004,12.68925817896223,2.537851635792446,fixed
231.25358489999053,114,0.8218420817435619,-0.01544277,-3.088554,12.691518244687025,2.5383036489374047,fixed
231.3372529999906,114,0.8218420817435619,-0.0154466,-3.08932,12.694665899860102,2.5389331799720205,fixed
231.42102769998746,114,0.8218420817435619,-0.01544717,-3.089434,12.695134349846697,2.539026869969339,fixed
231.50509419999435,114,0.8218420817435619,-0.0154484,-3.08968,12.696145215607242,2.5392290431214484,fixed
231.5889563999881,114,0.8218420817435619,-0.01545502,-3.091004,12.701585810188384,2.5403171620376765,fixed
231.6730536999894,114,0.8218420817435619,-0.01545094,-3.090188,12.69823269449487,2.5396465388989737,fixed
231.75721639999392,114,0.8218420817435619,-0.01545077,-3.090154,12.698092981340976,2.5396185962681948,fixed
231.84174089999578,115,0.8218420817435619,-0.01545405,-3.0908100000000003,12.700788623369094,2.5401577246738185,fixed
231.92557269999816,115,0.8218420817435619,-0.01545259,-3.0905180000000003,12.699588733929748,2.5399177467859495,fixed
232.009435699998,115,0.8218420817435619,-0.01544606,-3.089212,12.69422210513596,2.5388444210271923,fixed
232.0929268999971,115,0.8218420817435619,-0.01545149,-3.0902979999999998,12.69868470763983,2.539736941527966,fixed
232.1766720999949,115,0.8218420817435619,-0.01544251,-3.088502,12.691304565745773,2.5382609131491543,fixed
232.26025619999564,115,0.8218420817435619,-0.0154499,-3.08998,12.697377978729858,2.5394755957459716,fixed
232.34459470000002,115,0.8218420817435619,-0.01545356,-3.090712,12.700385920749037,2.5400771841498075,fixed
232.42840649999562,115,0.8218420817435619,-0.01545194,-3.090388,12.699054536576615,2.5398109073153226,fixed
232.51261659999727,115,0.8218420817435619,-0.0154574,-3.09148,12.703541794342934,2.5407083588685864,fixed
232.5968275999985,115,0.8218420817435619,-0.01545233,-3.090466,12.699375054988494,2.5398750109976986,fixed
232.68093479999516,115,0.8218420817435619,-0.01545762,-3.091524,12.703722599600916,2.5407445199201835,fixed
232.76508379999723,115,0.8218420817435619,-0.01545445,-3.09089,12.70111736020179,2.540223472040358,fixed
232.84903489999851,115,0.8218420817435619,-0.01544789,-3.0895780000000004,12.695726076145553,2.5391452152291105,fixed
232.93306669999583,115,0.8218420817435619,-0.01544708,-3.089416,12.695060384059339,2.539012076811868,fixed
233.017165199999,115,0.8218420817435619,-0.015449,-3.0898,12.696638320856287,2.539327664171257,fixed
233.10146109999914,115,0.8218420817435619,-0.01545708,-3.0914159999999997,12.703278804876774,2.540655760975355,fixed
233.18573269999615,115,0.8218420817435619,-0.01545492,-3.090984,12.70150362598021,2.540300725196042,fixed
233.2698762,115,0.8218420817435619,-0.01545792,-3.091584,12.70396915222544,2.540793830445088,fixed
233.35467179999978,115,0.8218420817435619,-0.01546157,-3.0923139999999996,12.706968875823803,2.5413937751647606,fixed
233.43890019999526,115,0.8218420817435619,-0.01546021,-3.092042,12.705851170592632,2.5411702341185265,fixed
233.52295040000172,115,0.8218420817435619,-0.01546073,-3.092146,12.70627852847514,2.541255705695028,fixed
233.6067316999979,115,0.8218420817435619,-0.0154596,-3.09192,12.705349846922768,2.5410699693845538,fixed
233.69064259999868,115,0.8218420817435619,-0.01545834,-3.091668,12.704314325899771,2.5408628651799545,fixed
233.7748380999983,115,0.8218420817435619,-0.01545377,-3.090754,12.700558507586205,2.5401117015172407,fixed
233.85915459999524,116,0.8218420817435619,-0.01546459,-3.092918,12.709450838910671,2.541890167782134,fixed
233.94278289999056,116,0.8218420817435619,-0.01546212,-3.092424,12.707420888968763,2.5414841777937527,fixed
234.02636209999037,116,0.8218420817435619,-0.01546801,-3.093602,12.712261538830234,2.542452307766047,fixed
234.1099408999944,116,0.8218420817435619,-0.01546412,-3.092824,12.709064573132249,2.54181291462645,fixed
234.193569199997,116,0.8218420817435619,-0.01546114,-3.092228,12.706615483728653,2.5413230967457308,fixed
234.2774106999932,116,0.8218420817435619,-0.01546394,-3.092788,12.708916641557536,2.5417833283115074,fixed
234.36145069999475,116,0.8218420817435619,-0.01546321,-3.092642,12.708316696837864,2.541663339367573,fixed
234.4455994999953,116,0.8218420817435619,-0.01546384,-3.092768,12.708834457349361,2.5417668914698726,fixed
234.52964839999186,116,0.8218420817435619,-0.01546083,-3.0921659999999997,12.706360712683313,2.5412721425366627,fixed
234.61382029999368,116,0.8218420817435619,-0.01545305,-3.09061,12.69996678128735,2.5399933562574697,fixed
234.69809509999322,116,0.8218420817435619,-0.01545807,-3.0916140000000003,12.704092428537702,2.5408184857075407,fixed
234.78224649999174,116,0.8218420817435619,-0.01545923,-3.091846,12.705045765352525,2.5410091530705046,fixed
234.8662872999921,116,0.8218420817435619,-0.01545268,-3.0905359999999997,12.699662699717104,2.5399325399434205,fixed
234.95068109999556,116,0.8218420817435619,-0.01544825,-3.08965,12.69602193929498,2.539204387858996,fixed
235.03439859999344,116,0.8218420817435619,-0.01544974,-3.089948,12.697246483996777,2.5394492967993556,fixed
235.11809049999283,116,0.8218420817435619,-0.0154471,-3.08942,12.695076820900976,2.539015364180195,fixed
235.20208459999412,116,0.8218420817435619,-0.015452,-3.0904,12.699103847101519,2.5398207694203037,fixed
235.28641239999706,116,0.8218420817435619,-0.01545317,-3.090634,12.700065402337158,2.540013080467432,fixed
235.37058909999178,116,0.8218420817435619,-0.0154537,-3.0907400000000003,12.700500978640482,2.5401001957280966,fixed
235.45494679999683,116,0.8218420817435619,-0.01545064,-3.090128,12.697986141870347,2.5395972283740695,fixed
235.5391504999934,116,0.8218420817435619,-0.01545706,-3.091412,12.70326236803514,2.540652473607028,fixed
235.62335039999743,116,0.8218420817435619,-0.01546146,-3.092292,12.706878473194813,2.5413756946389623,fixed
235.70735089999653,116,0.8218420817435619,-0.01546421,-3.092842,12.709138538919607,2.5418277077839213,fixed
235.79111189999094,116,0.8218420817435619,-0.01546844,-3.0936879999999998,12.712614930925383,2.542522986185076,fixed
235.8750024999972,117,0.8218420817435619,-0.01546505,-3.09301,12.709828886268271,2.5419657772536546,fixed
235.9584909999976,117,0.8218420817435619,-0.01546842,-3.093684,12.712598494083748,2.5425196988167498,fixed
236.041973899999,117,0.8218420817435619,-0.01547181,-3.0943620000000003,12.715384538740858,2.543076907748172,fixed
236.12599609999597,117,0.8218420817435619,-0.01547049,-3.094098,12.714299707192957,2.542859941438591,fixed
236.21003019999625,117,0.8218420817435619,-0.01547021,-3.094042,12.714069591410068,2.5428139182820138,fixed
236.29366639999353,117,0.8218420817435619,-0.01547015,-3.09403,12.714020280885164,2.5428040561770326,fixed
236.37729939999554,117,0.8218420817435619,-0.01546605,-3.09321,12.710650728350016,2.542130145670003,fixed
236.46077859999787,117,0.8218420817435619,-0.01546885,-3.09377,12.712951886178896,2.5425903772357796,fixed
236.5442664000002,117,0.8218420817435619,-0.01546786,-3.093572,12.712138262517971,2.5424276525035943,fixed
236.62774009999703,117,0.8218420817435619,-0.01547596,-3.095192,12.718795183380093,2.5437590366760188,fixed
236.71144699999422,117,0.8218420817435619,-0.01547522,-3.095044,12.718187020239604,2.543637404047921,fixed
236.79535069999838,117,0.8218420817435619,-0.01547488,-3.094976,12.71790759393181,2.543581518786362,fixed
236.87930319999577,117,0.8218420817435619,-0.01547519,-3.0950379999999997,12.71816236497715,2.54363247299543,fixed
236.9632780999964,117,0.8218420817435619,-0.0154767,-3.0953399999999998,12.719403346520584,2.5438806693041167,fixed
237.04707129999588,117,0.8218420817435619,-0.01547638,-3.0952759999999997,12.719140357054426,2.543828071410885,fixed
237.13137119999737,117,0.8218420817435619,-0.01548053,-3.096106,12.722551001693661,2.544510200338732,fixed
237.2154914999992,117,0.8218420817435619,-0.01547512,-3.095024,12.71810483603143,2.543620967206286,fixed
237.2993595999942,117,0.8218420817435619,-0.01547985,-3.09597,12.721992149078076,2.5443984298156153,fixed
237.3832614999992,117,0.8218420817435619,-0.01548226,-3.096452,12.723972788495079,2.544794557699016,fixed
237.46753659999376,117,0.8218420817435619,-0.01547952,-3.095904,12.721720941191101,2.5443441882382203,fixed
237.55147999999463,117,0.8218420817435619,-0.01548185,-3.09637,12.723635833241563,2.5447271666483124,fixed
237.63562819999788,117,0.8218420817435619,-0.01548271,-3.0965420000000003,12.724342617431864,2.544868523486373,fixed
237.71964149999985,117,0.8218420817435619,-0.01548147,-3.096294,12.7233235332505,2.5446647066501002,fixed
237.80368669999734,117,0.8218420817435619,-0.01548567,-3.097134,12.726775269993823,2.545355053998765,fixed
237.8881712999937,118,0.8218420817435619,-0.0154847,-3.09694,12.725978083174533,2.5451956166349063,fixed
237.97213369999372,118,0.8218420817435619,-0.01548492,-3.096984,12.726158888432517,2.545231777686503,fixed
238.05565909999132,118,0.8218420817435619,-0.0154868,-3.09736,12.727703951546195,2.545540790309239,fixed
238.13947409999673,118,0.8218420817435619,-0.01548928,-3.0978559999999997,12.729742119908918,2.5459484239817836,fixed
238.22341239999514,118,0.8218420817435619,-0.01548669,-3.0973379999999997,12.727613548917201,2.54552270978344,fixed
238.3074151999972,118,0.8218420817435619,-0.01548649,-3.097298,12.727449180500853,2.5454898361001708,fixed
238.39139059999434,118,0.8218420817435619,-0.01549114,-3.0982279999999998,12.731270746180963,2.546254149236192,fixed
238.47551149999344,118,0.8218420817435619,-0.01549327,-3.0986540000000002,12.733021269815076,2.5466042539630154,fixed
238.55955799999356,118,0.8218420817435619,-0.01549535,-3.09907,12.734730701345102,2.5469461402690206,fixed
238.64376299999276,118,0.8218420817435619,-0.01549657,-3.099314,12.735733348684828,2.547146669736966,fixed
238.72792449999542,118,0.8218420817435619,-0.01549735,-3.09947,12.736374385508588,2.5472748771017177,fixed
238.81209789999411,118,0.8218420817435619,-0.01549893,-3.099786,12.737672895997743,2.5475345791995485,fixed
238.89625229999365,118,0.8218420817435619,-0.01549569,-3.099138,12.735010127652894,2.547002025530579,fixed
238.98017469999468,118,0.8218420817435619,-0.01549561,-3.099122,12.734944380286354,2.546988876057271,fixed
239.06398519999493,118,0.8218420817435619,-0.01549569,-3.099138,12.735010127652894,2.547002025530579,fixed
239.14805189999606,118,0.8218420817435619,-0.01549218,-3.098436,12.732125461945975,2.5464250923891947,fixed
239.2344971999919,118,0.8218420817435619,-0.01549479,-3.098958,12.734270469779325,2.546854093955865,fixed
239.31879339999432,118,0.8218420817435619,-0.0154969,-3.0993799999999996,12.736004556571803,2.5472009113143605,fixed
239.40284269999393,118,0.8218420817435619,-0.01549538,-3.0990759999999997,12.734755356607552,2.5469510713215104,fixed
239.48705429999245,118,0.8218420817435619,-0.01549822,-3.099644,12.737089388119704,2.5474178776239413,fixed
239.57118939999054,118,0.8218420817435619,-0.01549278,-3.098556,12.73261856719502,2.546523713439004,fixed
239.655136399997,118,0.8218420817435619,-0.01549249,-3.098498,12.732380232991316,2.546476046598263,fixed
239.73916149999422,118,0.8218420817435619,-0.01549517,-3.0990340000000005,12.734582769770388,2.546916553954078,fixed
239.82304469999508,118,0.8218420817435619,-0.01549362,-3.098724,12.733308914543684,2.546661782908737,fixed
239.9071318999995,119,0.8218420817435619,-0.01549142,-3.098284,12.731500861963848,2.54630017239277,fixed
239.99114630000258,119,0.8218420817435619,-0.01549282,-3.098564,12.73265144087829,2.546530288175658,fixed
240.07476979999774,119,0.8218420817435619,-0.0154896,-3.09792,12.730005109375076,2.546001021875015,fixed
240.15850260000298,119,0.8218420817435619,-0.0154875,-3.0974999999999997,12.728279241003413,2.5456558482006826,fixed
240.2421159000005,119,0.8218420817435619,-0.01549169,-3.098338,12.73172275932592,2.546344551865184,fixed
240.32587290000083,119,0.8218420817435619,-0.01549071,-3.098142,12.730917354085811,2.5461834708171622,fixed
240.40954410000268,119,0.8218420817435619,-0.01549327,-3.0986540000000002,12.733021269815076,2.5466042539630154,fixed
240.4938414999997,119,0.8218420817435619,-0.01549285,-3.09857,12.732676096140743,2.5465352192281485,fixed
240.577964899996,119,0.8218420817435619,-0.01549018,-3.0980359999999996,12.730481777782487,2.546096355556497,fixed
240.6621002000029,119,0.8218420817435619,-0.01549121,-3.098242,12.731328275126684,2.5462656550253366,fixed
240.74634610000066,119,0.8218420817435619,-0.01549285,-3.09857,12.732676096140743,2.5465352192281485,fixed
240.8301793999999,119,0.8218420817435619,-0.01549106,-3.0982119999999997,12.731204998814421,2.546240999762884,fixed
240.9143694000013,119,0.8218420817435619,-0.0154895,-3.0979,12.729922925166901,2.54598458503338,fixed
240.99844670000311,119,0.8218420817435619,-0.01548913,-3.097826,12.729618843596658,2.5459237687193315,fixed
241.08239640000102,119,0.8218420817435619,-0.01548725,-3.09745,12.728073780482978,2.5456147560965956,fixed
241.1662836999967,119,0.8218420817435619,-0.01548635,-3.09727,12.727334122609408,2.5454668245218817,fixed
241.2505697000015,119,0.8218420817435619,-0.01548899,-3.097798,12.729503785705212,2.5459007571410424,fixed
241.33505549999973,119,0.8218420817435619,-0.01548676,-3.097352,12.727671077862926,2.5455342155725846,fixed
241.41915970000264,119,0.8218420817435619,-0.01548649,-3.097298,12.727449180500853,2.5454898361001708,fixed
241.5028641999961,119,0.8218420817435619,-0.01548875,-3.0977500000000004,12.729306543605595,2.5458613087211193,fixed
241.58696729999792,119,0.8218420817435619,-0.01548433,-3.096866,12.725674001604288,2.5451348003208576,fixed
241.67109199999686,119,0.8218420817435619,-0.01549309,-3.0986179999999997,12.73287333824036,2.546574667648072,fixed
241.75520510000206,119,0.8218420817435619,-0.01549306,-3.098612,12.732848682977908,2.5465697365955817,fixed
241.83953089999704,119,0.8218420817435619,-0.01548357,-3.096714,12.725049401622163,2.5450098803244323,fixed
241.92409609999595,120,0.8218420817435619,-0.01549063,-3.0981259999999997,12.730851606719272,2.5461703213438542,fixed
242.0081263999964,120,0.8218420817435619,-0.01549003,-3.0980060000000003,12.730358501470226,2.5460717002940454,fixed
242.09186939999927,120,0.8218420817435619,-0.01548823,-3.097646,12.728879185723088,2.5457758371446175,fixed
242.17585179999878,120,0.8218420817435619,-0.0154871,-3.09742,12.727950504170717,2.5455901008341435,fixed
242.2599240999989,120,0.8218420817435619,-0.01548794,-3.097588,12.728640851519382,2.5457281703038763,fixed
242.34377909999603,120,0.8218420817435619,-0.01548586,-3.097172,12.726931419989356,2.545386283997871,fixed
242.42768439999782,120,0.8218420817435619,-0.01548365,-3.09673,12.725115148988701,2.5450230297977403,fixed
242.51185519999854,120,0.8218420817435619,-0.01548671,-3.0973420000000003,12.727629985758838,2.545525997151768,fixed
242.59608689999732,120,0.8218420817435619,-0.01548608,-3.097216,12.727112225247339,2.545422445049468,fixed
242.68019490000006,120,0.8218420817435619,-0.01548502,-3.097004,12.726241072640692,2.5452482145281383,fixed
242.76437389999774,120,0.8218420817435619,-0.01548292,-3.096584,12.724515204269029,2.544903040853806,fixed
242.84838619999937,120,0.8218420817435619,-0.0154797,-3.09594,12.721868872765816,2.544373774553163,fixed
242.932415999996,120,0.8218420817435619,-0.01548192,-3.096384,12.723693362187285,2.544738672437457,fixed
243.01645619999908,120,0.8218420817435619,-0.01547941,-3.0958820000000005,12.72163053856211,2.5443261077124224,fixed
243.10007429999678,120,0.8218420817435619,-0.01548274,-3.096548,12.724367272694316,2.544873454538863,fixed
243.1839581000022,120,0.8218420817435619,-0.01548139,-3.096278,12.72325778588396,2.5446515571767923,fixed
243.26792510000087,120,0.8218420817435619,-0.01548302,-3.096604,12.724597388477203,2.5449194776954407,fixed
243.35202279999794,120,0.8218420817435619,-0.01547884,-3.095768,12.721162088575516,2.544232417715103,fixed
243.43588299999828,120,0.8218420817435619,-0.01547758,-3.095516,12.72012656755252,2.5440253135105038,fixed
243.51978479999525,120,0.8218420817435619,-0.01547749,-3.095498,12.720052601765161,2.5440105203530323,fixed
243.60369340000034,120,0.8218420817435619,-0.01547566,-3.0951320000000004,12.71854863075557,2.5437097261511146,fixed
243.68795359999785,120,0.8218420817435619,-0.01547405,-3.09481,12.717225465003963,2.5434450930007926,fixed
243.77229119999538,120,0.8218420817435619,-0.01547945,-3.09589,12.72166341224538,2.5443326824490757,fixed
243.85654169999907,120,0.8218420817435619,-0.01547804,-3.095608,12.72050461491012,2.544100922982024,fixed
243.94126249998953,121,0.8218420817435619,-0.01547679,-3.095358,12.71947731230794,2.543895462461588,fixed
244.0253889999949,121,0.8218420817435619,-0.01547996,-3.095992,12.722082551707068,2.5444165103414136,fixed
244.1092970999889,121,0.8218420817435619,-0.01547393,-3.094786,12.717126843954155,2.543425368790831,fixed
244.19304579999152,121,0.8218420817435619,-0.01547533,-3.095066,12.718277422868596,2.543655484573719,fixed
244.27676149999024,121,0.8218420817435619,-0.01547643,-3.0952859999999998,12.719181449158512,2.5438362898317024,fixed
244.3604792999904,121,0.8218420817435619,-0.01547333,-3.094666,12.71663373870511,2.543326747741022,fixed
244.44438839999202,121,0.8218420817435619,-0.01547041,-3.094082,12.714233959826418,2.5428467919652835,fixed
244.52839049998875,121,0.8218420817435619,-0.01547648,-3.0952960000000003,12.719222541262601,2.5438445082525205,fixed
244.61252139999124,121,0.8218420817435619,-0.01546925,-3.09385,12.713280623011594,2.542656124602319,fixed
244.69654119999177,121,0.8218420817435619,-0.01546344,-3.092688,12.708505720516664,2.5417011441033326,fixed
244.7806927999918,121,0.8218420817435619,-0.01546718,-3.093436,12.711579409902384,2.542315881980477,fixed
244.86485739998898,121,0.8218420817435619,-0.01546582,-3.0931640000000002,12.710461704671214,2.542092340934243,fixed
244.9488785999929,121,0.8218420817435619,-0.01546555,-3.0931100000000002,12.710239807309144,2.542047961461829,fixed
245.03288229999453,121,0.8218420817435619,-0.01545975,-3.0919499999999998,12.70547312323503,2.541094624647006,fixed
245.11695149999287,121,0.8218420817435619,-0.01546411,-3.092822,12.709056354711432,2.5418112709422864,fixed
245.20091519998823,121,0.8218420817435619,-0.01546066,-3.092132,12.706220999529416,2.5412441999058832,fixed
245.28487259999383,121,0.8218420817435619,-0.01546115,-3.09223,12.706623702149473,2.541324740429894,fixed
245.36895939998794,121,0.8218420817435619,-0.01546021,-3.092042,12.705851170592632,2.5411702341185265,fixed
245.4529374999911,121,0.8218420817435619,-0.01545498,-3.090996,12.701552936505115,2.5403105873010228,fixed
245.53682849999313,121,0.8218420817435619,-0.01545366,-3.090732,12.700468104957212,2.5400936209914424,fixed
245.62103949999437,121,0.8218420817435619,-0.01545104,-3.0902079999999996,12.698314878703043,2.5396629757406086,fixed
245.70537389998935,121,0.8218420817435619,-0.015453,-3.0906,12.699925689183262,2.539985137836652,fixed
245.78961719998915,121,0.8218420817435619,-0.01545632,-3.0912640000000002,12.702654204894651,2.5405308409789304,fixed
245.87372329999198,121,0.8218420817435619,-0.01544816,-3.0896320000000004,12.695947973507625,2.539189594701525,fixed
245.95856519999506,122,0.8218420817435619,-0.01544508,-3.089016,12.693416699895852,2.5386833399791704,fixed
246.04246609999245,122,0.8218420817435619,-0.01544081,-3.0881619999999996,12.689907434206807,2.5379814868413613,fixed
246.12647759999527,122,0.8218420817435619,-0.0154441,-3.08882,12.692611294655745,2.538522258931149,fixed
246.21021979999205,122,0.8218420817435619,-0.01543687,-3.087374,12.686669376404739,2.5373338752809476,fixed
246.29389709999668,122,0.8218420817435619,-0.01544139,-3.088278,12.690384102614217,2.5380768205228437,fixed
246.3775950999916,122,0.8218420817435619,-0.01543974,-3.087948,12.689028063179341,2.5378056126358683,fixed
246.46138469999278,122,0.8218420817435619,-0.01543331,-3.086662,12.68374361859373,2.536748723718746,fixed
246.54561419999663,122,0.8218420817435619,-0.01543737,-3.0874740000000003,12.68708029744561,2.5374160594891224,fixed
246.63015239999368,122,0.8218420817435619,-0.0154293,-3.08586,12.68044803184594,2.536089606369188,fixed
246.71423229999345,122,0.8218420817435619,-0.01543337,-3.086674,12.683792929118635,2.536758585823727,fixed
246.7979095999981,122,0.8218420817435619,-0.0154306,-3.0861199999999998,12.681516426552205,2.536303285310441,fixed
246.88202639999508,122,0.8218420817435619,-0.01541763,-3.083526,12.67085713475199,2.5341714269503983,fixed
246.96616299999732,122,0.8218420817435619,-0.01542425,-3.0848500000000003,12.676297729333134,2.535259545866627,fixed
247.05029709999508,122,0.8218420817435619,-0.01542327,-3.0846539999999996,12.675492324093025,2.5350984648186046,fixed
247.1343432999929,122,0.8218420817435619,-0.01543351,-3.086702,12.683907987010079,2.536781597402016,fixed
247.2184003999937,122,0.8218420817435619,-0.01543235,-3.08647,12.682954650195256,2.5365909300390515,fixed
247.30269799999223,122,0.8218420817435619,-0.01543044,-3.086088,12.681384931819128,2.5362769863638257,fixed
247.38676369999303,122,0.8218420817435619,-0.01543538,-3.087076,12.68544483170294,2.5370889663405882,fixed
247.4709367999967,122,0.8218420817435619,-0.01543364,-3.086728,12.684014826480707,2.536802965296141,fixed
247.55474349999713,122,0.8218420817435619,-0.01543747,-3.087494,12.687162481653784,2.537432496330757,fixed
247.63840519999212,122,0.8218420817435619,-0.01543753,-3.087506,12.687211792178688,2.5374423584357375,fixed
247.72264399999403,122,0.8218420817435619,-0.01543552,-3.0871039999999996,12.685559889594384,2.5371119779188764,fixed
247.8067111999917,122,0.8218420817435619,-0.01542976,-3.085952,12.680826079203543,2.536165215840708,fixed
247.89092069999606,122,0.8218420817435619,-0.01543478,-3.086956,12.684951726453896,2.5369903452907785,fixed
247.9757316999967,123,0.8218420817435619,-0.01543874,-3.087748,12.688206221097598,2.5376412442195195,fixed
248.05985159999545,123,0.8218420817435619,-0.01543488,-3.086976,12.685033910662069,2.537006782132414,fixed
248.14361289999943,123,0.8218420817435619,-0.01543716,-3.087432,12.686907710608445,2.5373815421216888,fixed
248.22773269999743,123,0.8218420817435619,-0.01543364,-3.086728,12.684014826480707,2.536802965296141,fixed
248.31258739999612,123,0.8218420817435619,-0.01543223,-3.086446,12.682856029145448,2.5365712058290897,fixed
248.39635329999874,123,0.8218420817435619,-0.01543638,-3.087276,12.686266673784685,2.537253334756937,fixed
248.48010619999695,123,0.8218420817435619,-0.01543637,-3.087274,12.686258455363864,2.537251691072773,fixed
248.56422089999978,123,0.8218420817435619,-0.01543756,-3.087512,12.68723644744114,2.5374472894882283,fixed
248.64832249999745,123,0.8218420817435619,-0.01543186,-3.086372,12.682551947575202,2.5365103895150405,fixed
248.73256209999818,123,0.8218420817435619,-0.01543434,-3.086868,12.684590115937926,2.536918023187585,fixed
248.8168022999962,123,0.8218420817435619,-0.01543476,-3.086952,12.684935289612259,2.536987057922452,fixed
248.90099999999802,123,0.8218420817435619,-0.01543322,-3.0866439999999997,12.683669652806373,2.5367339305612746,fixed
248.98514529999375,123,0.8218420817435619,-0.01543651,-3.087302,12.68637351325531,2.5372747026510623,fixed
249.06924179999623,123,0.8218420817435619,-0.01543162,-3.0863240000000003,12.682354705475584,2.536470941095117,fixed
249.15329409999686,123,0.8218420817435619,-0.01542987,-3.0859739999999998,12.680916481832533,2.5361832963665063,fixed
249.23753929999657,123,0.8218420817435619,-0.0154299,-3.08598,12.680941137094985,2.536188227418997,fixed
249.3212618999969,123,0.8218420817435619,-0.01543029,-3.086058,12.681261655506866,2.536252331101373,fixed
249.40531169999304,123,0.8218420817435619,-0.01542614,-3.085228,12.67785101086763,2.535570202173526,fixed
249.48960129999614,123,0.8218420817435619,-0.01542736,-3.085472,12.678853658207357,2.5357707316414717,fixed
249.5739445999934,123,0.8218420817435619,-0.01542767,-3.085534,12.679108429252697,2.5358216858505394,fixed
249.65819749999355,123,0.8218420817435619,-0.01542457,-3.0849140000000004,12.676560718799292,2.535312143759859,fixed
249.74236719999317,123,0.8218420817435619,-0.01541921,-3.0838419999999998,12.672155645241146,2.534431129048229,fixed
249.82648719999997,123,0.8218420817435619,-0.01542546,-3.0850920000000004,12.677292158252046,2.535458431650409,fixed
249.91064729999925,123,0.8218420817435619,-0.01542196,-3.0843920000000002,12.674415710965942,2.5348831421931886,fixed
249.9953991999937,124,0.8218420817435619,-0.01542701,-3.0854019999999998,12.678566013478747,2.535713202695749,fixed
250.0794174999901,124,0.8218420817435619,-0.01541932,-3.083864,12.672246047870138,2.534449209574028,fixed
250.16326759999356,124,0.8218420817435619,-0.01542422,-3.084844,12.676273074070682,2.535254614814136,fixed
250.246859999992,124,0.8218420817435619,-0.01541701,-3.083402,12.670347592661312,2.534069518532262,fixed
250.33057539999572,124,0.8218420817435619,-0.01542232,-3.0844639999999997,12.67471157411537,2.5349423148230734,fixed
250.4143272999936,124,0.8218420817435619,-0.01542173,-3.084346,12.67422668728714,2.534845337457428,fixed
250.49813689999428,124,0.8218420817435619,-0.0154156,-3.08312,12.669188795326052,2.5338377590652104,fixed
250.58194769998954,124,0.8218420817435619,-0.01541235,-3.08247,12.666517808560386,2.533303561712077,fixed
250.66612819999136,124,0.8218420817435619,-0.0154148,-3.08296,12.668531321660657,2.5337062643321313,fixed
250.75023999999394,124,0.8218420817435619,-0.01541563,-3.083126,12.669213450588504,2.533842690117701,fixed
250.83429659999092,124,0.8218420817435619,-0.01541393,-3.0827859999999996,12.66781631904954,2.5335632638099077,fixed
250.91831689999526,124,0.8218420817435619,-0.0154127,-3.08254,12.666805453288996,2.5333610906577992,fixed
251.00198949999321,124,0.8218420817435619,-0.01541374,-3.082748,12.66766016905401,2.533532033810802,fixed
251.08583339999313,124,0.8218420817435619,-0.0154048,-3.08096,12.660312900843222,2.5320625801686445,fixed
251.1697573999918,124,0.8218420817435619,-0.01540919,-3.081838,12.663920787582077,2.532784157516415,fixed
251.25382379999064,124,0.8218420817435619,-0.01540461,-3.080922,12.66015675084769,2.532031350169538,fixed
251.33805119999306,124,0.8218420817435619,-0.0154044,-3.08088,12.659984164010524,2.531996832802105,fixed
251.4217801999912,124,0.8218420817435619,-0.01540203,-3.080406,12.658036398276792,2.5316072796553586,fixed
251.5055333999917,124,0.8218420817435619,-0.01540263,-3.080526,12.65852950352584,2.5317059007051674,fixed
251.58969279999292,124,0.8218420817435619,-0.01540212,-3.080424,12.658110364064148,2.5316220728128296,fixed
251.6738092999949,124,0.8218420817435619,-0.01540306,-3.080612,12.65888289562099,2.5317765791241977,fixed
251.7577251999901,124,0.8218420817435619,-0.01540448,-3.080896,12.660049911377063,2.532009982275413,fixed
251.84163309998985,124,0.8218420817435619,-0.01539987,-3.079974,12.656261219380227,2.5312522438760454,fixed
251.92579899998964,124,0.8218420817435619,-0.01539335,-3.07867,12.65090280900726,2.5301805618014517,fixed
252.0104441999938,125,0.8218420817435619,-0.01539859,-3.079718,12.655209261515594,2.531041852303119,fixed
252.09446389999357,125,0.8218420817435619,-0.01540091,-3.0801819999999998,12.657115935145239,2.5314231870290476,fixed
252.1784126999919,125,0.8218420817435619,-0.01540224,-3.0804479999999996,12.658208985113959,2.5316417970227914,fixed
252.26218439999502,125,0.8218420817435619,-0.01540171,-3.0803420000000004,12.657773408810636,2.531554681762127,fixed
252.3461204999985,125,0.8218420817435619,-0.01540228,-3.0804560000000003,12.65824185879723,2.531648371759446,fixed
252.4299305999957,125,0.8218420817435619,-0.01540308,-3.080616,12.658899332462623,2.5317798664925246,fixed
252.51361639999232,125,0.8218420817435619,-0.01540401,-3.080802,12.659663645598643,2.531932729119729,fixed
252.59736419999535,125,0.8218420817435619,-0.01540075,-3.08015,12.65698444041216,2.5313968880824325,fixed
252.68180789999315,125,0.8218420817435619,-0.01540806,-3.081612,12.662992106029705,2.532598421205941,fixed
252.76597809999657,125,0.8218420817435619,-0.01540224,-3.0804479999999996,12.658208985113959,2.5316417970227914,fixed
252.85025369999494,125,0.8218420817435619,-0.01540311,-3.080622,12.658923987725075,2.531784797545015,fixed
252.93474429999333,125,0.8218420817435619,-0.01540188,-3.0803760000000002,12.65791312196453,2.5315826243929065,fixed
253.01873059999343,125,0.8218420817435619,-0.01540121,-3.080242,12.657362487769761,2.5314724975539526,fixed
253.10284009999305,125,0.8218420817435619,-0.01540048,-3.080096,12.656762543050089,2.531352508610018,fixed
253.1871425999925,125,0.8218420817435619,-0.01540083,-3.080166,12.657050187778701,2.53141003755574,fixed
253.2712412999972,125,0.8218420817435619,-0.01539847,-3.079694,12.655110640465786,2.531022128093157,fixed
253.35554329999286,125,0.8218420817435619,-0.01539819,-3.079638,12.654880524682898,2.5309761049365793,fixed
253.43950129999575,125,0.8218420817435619,-0.01539642,-3.079284,12.65342586419821,2.5306851728396422,fixed
253.5232951999933,125,0.8218420817435619,-0.01540208,-3.080416,12.65807749038088,2.531615498076176,fixed
253.60733849999815,125,0.8218420817435619,-0.01539502,-3.0790040000000003,12.65227528528377,2.5304550570567543,fixed
253.69168069999432,125,0.8218420817435619,-0.01539899,-3.079798,12.65553799834829,2.5311075996696584,fixed
253.77575119999528,125,0.8218420817435619,-0.01539396,-3.078792,12.651404132677122,2.5302808265354244,fixed
253.85963329999504,125,0.8218420817435619,-0.0153945,-3.0789,12.651847927401263,2.5303695854802526,fixed
253.9432222999967,125,0.8218420817435619,-0.01539109,-3.078218,12.649045445902518,2.5298090891805036,fixed
254.02681549999397,126,0.8218420817435619,-0.01538961,-3.077922,12.647829119621537,2.5295658239243073,fixed
254.11042229999293,126,0.8218420817435619,-0.01538674,-3.0773479999999998,12.645470432846933,2.5290940865693865,fixed
254.19400839999435,126,0.8218420817435619,-0.01538489,-3.076978,12.643950024995707,2.5287900049991414,fixed
254.27749379999295,126,0.8218420817435619,-0.01538918,-3.0778360000000005,12.647475727526388,2.529495145505278,fixed
254.36106859999563,126,0.8218420817435619,-0.01538736,-3.0774719999999998,12.645979974937614,2.5291959949875227,fixed
254.4445598999955,126,0.8218420817435619,-0.01538369,-3.0767379999999998,12.642963814497616,2.528592762899523,fixed
254.5279356999963,126,0.8218420817435619,-0.01537903,-3.075806,12.63913403039669,2.527826806079338,fixed
254.6116664999936,126,0.8218420817435619,-0.01538244,-3.0764880000000003,12.641936511895437,2.5283873023790875,fixed
254.69528099999297,126,0.8218420817435619,-0.01538385,-3.07677,12.643095309230693,2.528619061846139,fixed
254.7789411999911,126,0.8218420817435619,-0.01537305,-3.07461,12.634219414747863,2.5268438829495725,fixed
254.86241359999258,126,0.8218420817435619,-0.01538564,-3.077128,12.644566406557017,2.5289132813114032,fixed
254.94580799999676,126,0.8218420817435619,-0.01537751,-3.075502,12.63788483043244,2.5275769660864884,fixed
255.0293157999913,126,0.8218420817435619,-0.01537898,-3.075796,12.639092938292604,2.527818587658521,fixed
255.1129066999929,126,0.8218420817435619,-0.01537846,-3.075692,12.638665580410096,2.5277331160820196,fixed
255.1964303999921,126,0.8218420817435619,-0.01538099,-3.076198,12.64074484087691,2.528148968175382,fixed
255.2800009999919,126,0.8218420817435619,-0.01538165,-3.07633,12.641287256650859,2.528257451330172,fixed
255.36388809999335,126,0.8218420817435619,-0.01537942,-3.075884,12.639454548808569,2.527890909761714,fixed
255.44885159999103,126,0.8218420817435619,-0.01538478,-3.076956,12.643859622366715,2.528771924473343,fixed
255.53261719999136,126,0.8218420817435619,-0.01537881,-3.075762,12.638953225138707,2.5277906450277414,fixed
255.61618719999387,126,0.8218420817435619,-0.01537843,-3.075686,12.638640925147644,2.527728185029529,fixed
255.70001889999548,126,0.8218420817435619,-0.01537705,-3.07541,12.637506783074837,2.5275013566149678,fixed
255.78374909999548,126,0.8218420817435619,-0.01537485,-3.07497,12.635698730495005,2.5271397460990004,fixed
255.86719649999577,126,0.8218420817435619,-0.01537237,-3.074474,12.633660562132278,2.5267321124264557,fixed
255.95068109999556,126,0.8218420817435619,-0.01537365,-3.07473,12.634712519996912,2.5269425039993823,fixed
256.03459919999295,127,0.8218420817435619,-0.0153757,-3.07514,12.636397296264485,2.527279459252897,fixed
256.1181940999959,127,0.8218420817435619,-0.01536864,-3.073728,12.630595091167374,2.526119018233475,fixed
256.2016607999976,127,0.8218420817435619,-0.01537506,-3.075012,12.635871317332168,2.5271742634664336,fixed
256.2850727999976,127,0.8218420817435619,-0.01536831,-3.0736619999999997,12.630323883280399,2.5260647766560798,fixed
256.3687131999977,127,0.8218420817435619,-0.01537059,-3.074118,12.632197683226774,2.5264395366453547,fixed
256.4523679999984,127,0.8218420817435619,-0.0153708,-3.07416,12.632370270063943,2.5264740540127884,fixed
256.53600679999363,127,0.8218420817435619,-0.0153684,-3.0736800000000004,12.630397849067757,2.5260795698135516,fixed
256.6197471999985,127,0.8218420817435619,-0.01536367,-3.0727339999999996,12.626510536021108,2.5253021072042214,fixed
256.70319699999527,127,0.8218420817435619,-0.01536528,-3.0730560000000002,12.627833701772715,2.5255667403545434,fixed
256.7867107999991,127,0.8218420817435619,-0.01536469,-3.0729379999999997,12.627348814944488,2.525469762988897,fixed
256.87046649999684,127,0.8218420817435619,-0.01535931,-3.071862,12.622927304544707,2.5245854609089413,fixed
256.95411529999546,127,0.8218420817435619,-0.01535096,-3.070192,12.61606492316215,2.52321298463243,fixed
257.0377559999979,127,0.8218420817435619,-0.01535948,-3.0718959999999997,12.623067017698604,2.5246134035397207,fixed
257.12150219999603,127,0.8218420817435619,-0.01535775,-3.07155,12.621645230897187,2.5243290461794374,fixed
257.20505579999735,127,0.8218420817435619,-0.01536077,-3.072154,12.624127193984052,2.5248254387968103,fixed
257.28880379999464,127,0.8218420817435619,-0.01535786,-3.0715719999999997,12.621735633526178,2.5243471267052358,fixed
257.3723391999956,127,0.8218420817435619,-0.01535965,-3.07193,12.623206730852502,2.5246413461705,fixed
257.4558529999995,127,0.8218420817435619,-0.01535748,-3.071496,12.621423333535116,2.524284666707023,fixed
257.5394959999976,127,0.8218420817435619,-0.01535641,-3.0712819999999996,12.62054396250765,2.5241087925015298,fixed
257.62332239999523,127,0.8218420817435619,-0.01535838,-3.071676,12.622162991408686,2.524432598281737,fixed
257.70683079999435,127,0.8218420817435619,-0.01536193,-3.072386,12.625080530798876,2.525016106159775,fixed
257.7906496999931,127,0.8218420817435619,-0.01535866,-3.071732,12.622393107191574,2.524478621438315,fixed
257.874751299998,127,0.8218420817435619,-0.01535796,-3.071592,12.621817817734355,2.5243635635468706,fixed
257.95847499999945,127,0.8218420817435619,-0.01535636,-3.0712719999999996,12.620502870403564,2.5241005740807125,fixed
258.04219049999665,128,0.8218420817435619,-0.0153499,-3.06998,12.6151937705555,2.5230387541111003,fixed
258.1508803999968,128,0.8218420817435619,-0.01535044,-3.070088,12.615637565279641,2.5231275130559285,fixed
258.37461049999547,128,0.8218420817435619,-0.01534778,-3.069556,12.613451465342203,2.522690293068441,fixed
258.45962829999917,128,0.8218420817435619,-0.01534033,-3.068066,12.607328741833214,2.521465748366643,fixed
258.54298469999776,128,0.8218420817435619,-0.01534684,-3.069368,12.612678933785366,2.522535786757073,fixed
258.62645959999645,128,0.8218420817435619,-0.01534401,-3.0688020000000003,12.61035312069403,2.5220706241388062,fixed
258.70987199999945,128,0.8218420817435619,-0.01534531,-3.0690619999999997,12.611421515400297,2.5222843030800592,fixed
258.7933525999979,128,0.8218420817435619,-0.0153468,-3.06936,12.612646060102097,2.522529212020419,fixed
258.87682179999683,128,0.8218420817435619,-0.01534056,-3.068112,12.607517765512016,2.5215035531024035,fixed
258.96028159999696,128,0.8218420817435619,-0.01534189,-3.068378,12.608610815480734,2.521722163096147,fixed
259.0471009999965,128,0.8218420817435619,-0.01533939,-3.067878,12.606556210276375,2.5213112420552752,fixed
259.1314753999977,128,0.8218420817435619,-0.01533975,-3.0679499999999997,12.606852073425802,2.5213704146851605,fixed
259.21492439999565,128,0.8218420817435619,-0.01534031,-3.068062,12.607312304991579,2.5214624609983156,fixed
259.2983083999934,128,0.8218420817435619,-0.01534093,-3.068186,12.60782184708226,2.5215643694164522,fixed
259.3999437999955,128,0.8218420817435619,-0.01534147,-3.068294,12.608265641806401,2.5216531283612804,fixed
259.4834666999959,128,0.8218420817435619,-0.01534239,-3.068478,12.609021736521605,2.5218043473043212,fixed
259.5671813999943,128,0.8218420817435619,-0.01534057,-3.068114,12.607525983932833,2.5215051967865665,fixed
259.6517276999948,128,0.8218420817435619,-0.01533913,-3.0678259999999997,12.606342531335121,2.5212685062670244,fixed
259.73516189999646,128,0.8218420817435619,-0.01533063,-3.0661259999999997,12.599356873640302,2.5198713747280603,fixed
259.8462281999964,128,0.8218420817435619,-0.01532973,-3.065946,12.598617215766732,2.5197234431533464,fixed
259.9299786999982,128,0.8218420817435619,-0.0153409,-3.06818,12.60779719181981,2.5215594383639615,fixed
260.0133960999956,128,0.8218420817435619,-0.01534343,-3.068686,12.60987645228662,2.521975290457324,fixed
260.09717169999203,129,0.8218420817435619,-0.01534488,-3.068976,12.611068123305149,2.52221362466103,fixed
260.1806606999962,129,0.8218420817435619,-0.0153463,-3.06926,12.612235139061223,2.5224470278122446,fixed
260.2642387999949,129,0.8218420817435619,-0.01534523,-3.0690459999999997,12.611355768033757,2.5222711536067512,fixed
260.3476414999968,129,0.8218420817435619,-0.01534675,-3.06935,12.612604967998008,2.522520993599602,fixed
260.43110129999695,129,0.8218420817435619,-0.01534336,-3.0686720000000003,12.6098189233409,2.5219637846681797,fixed
260.51451119999547,129,0.8218420817435619,-0.01534195,-3.06839,12.608660126005638,2.521732025201128,fixed
260.5980081999951,129,0.8218420817435619,-0.01534177,-3.068354,12.608512194430926,2.521702438886185,fixed
260.68148149999615,129,0.8218420817435619,-0.01534671,-3.069342,12.612572094314737,2.5225144188629476,fixed
260.7649600999939,129,0.8218420817435619,-0.01534331,-3.0686620000000002,12.60977783123681,2.521955566247362,fixed
260.848459599998,129,0.8218420817435619,-0.01534359,-3.068718,12.6100079470197,2.52200158940394,fixed
260.9319434999925,129,0.8218420817435619,-0.01534572,-3.069144,12.611758470653811,2.5223516941307627,fixed
261.01537929999176,129,0.8218420817435619,-0.01534592,-3.0691840000000004,12.611922839070163,2.5223845678140324,fixed
261.0987890999968,129,0.8218420817435619,-0.01534842,-3.0696839999999996,12.61397744427452,2.5227954888549036,fixed
261.18224489999557,129,0.8218420817435619,-0.01534918,-3.069836,12.614602044256646,2.522920408851329,fixed
261.2658420999942,129,0.8218420817435619,-0.01534723,-3.069446,12.612999452197245,2.5225998904394493,fixed
261.3493568999911,129,0.8218420817435619,-0.01535187,-3.070374,12.616812799456536,2.523362559891307,fixed
261.4327445999952,129,0.8218420817435619,-0.01534848,-3.0696959999999995,12.614026754799426,2.5228053509598847,fixed
261.5161900999956,129,0.8218420817435619,-0.01535244,-3.070488,12.61728124944313,2.5234562498886257,fixed
261.5996537999963,129,0.8218420817435619,-0.01535427,-3.0708539999999998,12.618785220452718,2.523757044090544,fixed
261.6831064999933,129,0.8218420817435619,-0.01535944,-3.0718880000000004,12.623034144015334,2.524606828803067,fixed
261.76660839999386,129,0.8218420817435619,-0.01535329,-3.0706580000000003,12.61797981521261,2.5235959630425224,fixed
261.85096219999105,129,0.8218420817435619,-0.0153532,-3.07064,12.617905849425252,2.523581169885051,fixed
261.9344693999956,129,0.8218420817435619,-0.01534601,-3.0692019999999998,12.611996804857517,2.5223993609715034,fixed
262.0180069999915,129,0.8218420817435619,-0.01534952,-3.069904,12.614881470564438,2.5229762941128877,fixed
262.1018724999958,130,0.8218420817435619,-0.01535522,-3.0710439999999997,12.619565970430376,2.523913194086075,fixed
262.18548489999375,130,0.8218420817435619,-0.01535767,-3.071534,12.621579483530649,2.52431589670613,fixed
262.2693450999941,130,0.8218420817435619,-0.01535691,-3.071382,12.620954883548523,2.5241909767097046,fixed
262.35778449999634,130,0.8218420817435619,-0.01535823,-3.0716460000000003,12.622039715096424,2.524407943019285,fixed
262.44124319999537,130,0.8218420817435619,-0.0153546,-3.07092,12.619056428339695,2.5238112856679393,fixed
262.5254727999927,130,0.8218420817435619,-0.01535807,-3.071614,12.621908220363345,2.524381644072669,fixed
262.6089479999937,130,0.8218420817435619,-0.01535755,-3.07151,12.621480862480837,2.5242961724961677,fixed
262.69678429999476,130,0.8218420817435619,-0.01536151,-3.072302,12.624735357124543,2.5249470714249087,fixed
262.780528999996,130,0.8218420817435619,-0.01535929,-3.0718579999999998,12.622910867703071,2.5245821735406144,fixed
262.8638761999973,130,0.8218420817435619,-0.01536728,-3.073456,12.629477385936204,2.525895477187241,fixed
262.9473269999944,130,0.8218420817435619,-0.01537495,-3.07499,12.635780914703178,2.5271561829406353,fixed
263.03079529999377,130,0.8218420817435619,-0.01537716,-3.075432,12.63759718570383,2.527519437140766,fixed
263.1142295999962,130,0.8218420817435619,-0.01537365,-3.07473,12.634712519996912,2.5269425039993823,fixed
263.1976128999959,130,0.8218420817435619,-0.01537757,-3.075514,12.637934140957345,2.527586828191469,fixed
263.2810537999976,130,0.8218420817435619,-0.0153811,-3.07622,12.640835243505899,2.5281670487011803,fixed
263.36463759999606,130,0.8218420817435619,-0.01538322,-3.076644,12.642577548719196,2.528515509743839,fixed
263.448055199995,130,0.8218420817435619,-0.01538297,-3.0765939999999996,12.64237208819876,2.528474417639752,fixed
263.53151659999276,130,0.8218420817435619,-0.01538324,-3.0766479999999996,12.64259398556083,2.5285187971121657,fixed
263.6149779999978,130,0.8218420817435619,-0.01538709,-3.077418,12.645758077575545,2.529151615515109,fixed
263.6985283999966,130,0.8218420817435619,-0.01538983,-3.077966,12.648009924879522,2.5296019849759044,fixed
263.782051599992,130,0.8218420817435619,-0.0153864,-3.07728,12.645191006539141,2.529038201307828,fixed
263.8655093999987,130,0.8218420817435619,-0.01539018,-3.078036,12.64829756960813,2.5296595139216262,fixed
263.948954099993,130,0.8218420817435619,-0.01539228,-3.078456,12.650023437979792,2.5300046875959588,fixed
264.03243739999743,130,0.8218420817435619,-0.01539379,-3.0787579999999997,12.651264419523224,2.530252883904645,fixed
264.1160851999957,131,0.8218420817435619,-0.01539688,-3.079376,12.653803911555814,2.5307607823111624,fixed
264.19975839999825,131,0.8218420817435619,-0.01539729,-3.079458,12.654140866809326,2.5308281733618654,fixed
264.28328049999254,131,0.8218420817435619,-0.01540489,-3.080978,12.66038686663058,2.532077373326116,fixed
264.3667892999947,131,0.8218420817435619,-0.01539942,-3.0798840000000003,12.655891390443442,2.5311782780886887,fixed
264.45033429999603,131,0.8218420817435619,-0.0154013,-3.08026,12.65743645355712,2.531487290711424,fixed
264.53377239999827,131,0.8218420817435619,-0.01540539,-3.081078,12.66079778767145,2.5321595575342903,fixed
264.61724119999417,131,0.8218420817435619,-0.01540024,-3.080048,12.656565300950472,2.531313060190094,fixed
264.70068139999785,131,0.8218420817435619,-0.01540582,-3.0811640000000002,12.661151179766602,2.53223023595332,fixed
264.784201399998,131,0.8218420817435619,-0.01540616,-3.081232,12.661430606074394,2.5322861212148786,fixed
264.8677055999942,131,0.8218420817435619,-0.01539659,-3.0793179999999998,12.653565577352108,2.530713115470421,fixed
264.95118039999943,131,0.8218420817435619,-0.01539691,-3.079382,12.653828566818264,2.5307657133636527,fixed
265.0346423999945,131,0.8218420817435619,-0.01539952,-3.079904,12.655973574651615,2.531194714930323,fixed
265.11816429999453,131,0.8218420817435619,-0.01539758,-3.079516,12.654379201013032,2.5308758402026066,fixed
265.2017629999973,131,0.8218420817435619,-0.01540024,-3.080048,12.656565300950472,2.531313060190094,fixed
265.28529769999295,131,0.8218420817435619,-0.01539797,-3.079594,12.654699719424913,2.5309399438849827,fixed
265.368819599993,131,0.8218420817435619,-0.01539794,-3.079588,12.654675064162463,2.5309350128324923,fixed
265.45223909999913,131,0.8218420817435619,-0.0154021,-3.08042,12.658093927222515,2.531618785444503,fixed
265.5357489999951,131,0.8218420817435619,-0.01540014,-3.080028,12.656483116742296,2.5312966233484593,fixed
265.6192000999945,131,0.8218420817435619,-0.01539947,-3.0798940000000004,12.655932482547529,2.531186496509506,fixed
265.70270089999394,131,0.8218420817435619,-0.01539838,-3.079676,12.655036674678428,2.5310073349356856,fixed
265.78618709999864,131,0.8218420817435619,-0.01539998,-3.0799960000000004,12.656351622009218,2.5312703244018437,fixed
265.86963509999623,131,0.8218420817435619,-0.01539905,-3.0798099999999997,12.655587308873196,2.531117461774639,fixed
265.9531519999946,131,0.8218420817435619,-0.01540152,-3.080304,12.657617258815103,2.5315234517630207,fixed
266.0533623999945,131,0.8218420817435619,-0.01540213,-3.080426,12.658118582484965,2.5316237164969935,fixed
266.13724209999054,132,0.8218420817435619,-0.01539432,-3.078864,12.651699995826549,2.5303399991653097,fixed
266.22122169999056,132,0.8218420817435619,-0.01539911,-3.079822,12.655636619398102,2.53112732387962,fixed
266.3046365999908,132,0.8218420817435619,-0.01540058,-3.080116,12.656844727258264,2.5313689454516526,fixed
266.3881798999937,132,0.8218420817435619,-0.01539905,-3.0798099999999997,12.655587308873196,2.531117461774639,fixed
266.47184829999605,132,0.8218420817435619,-0.01540499,-3.080998,12.660469050838755,2.532093810167751,fixed
266.55542639999476,132,0.8218420817435619,-0.01540744,-3.081488,12.662482563939024,2.5324965127878047,fixed
266.63914389999263,132,0.8218420817435619,-0.01541033,-3.082066,12.664857687555264,2.532971537511053,fixed
266.7226823999954,132,0.8218420817435619,-0.01541226,-3.082452,12.66644384277303,2.533288768554606,fixed
266.806173399993,132,0.8218420817435619,-0.01541154,-3.0823080000000003,12.665852116474174,2.533170423294835,fixed
266.88962479999464,132,0.8218420817435619,-0.015414,-3.0828,12.667873847995264,2.5335747695990527,fixed
266.9730803999919,132,0.8218420817435619,-0.01541088,-3.082176,12.665309700700224,2.5330619401400445,fixed
267.056562999991,132,0.8218420817435619,-0.01541538,-3.0830759999999997,12.669007990068069,2.5338015980136137,fixed
267.1400349999967,132,0.8218420817435619,-0.01542197,-3.084394,12.674423929386759,2.534884785877352,fixed
267.22351539999363,132,0.8218420817435619,-0.01542831,-3.085662,12.679634408185015,2.535926881637003,fixed
267.3069702999928,132,0.8218420817435619,-0.01542653,-3.085306,12.678171529279512,2.535634305855902,fixed
267.39047309999296,132,0.8218420817435619,-0.01542688,-3.085376,12.67845917400812,2.535691834801624,fixed
267.47403539999505,132,0.8218420817435619,-0.0154242,-3.0848400000000002,12.676256637229047,2.5352513274458097,fixed
267.55751139999484,132,0.8218420817435619,-0.01543585,-3.0871699999999995,12.68583109748136,2.5371662194962714,fixed
267.64097399999446,132,0.8218420817435619,-0.01543244,-3.086488,12.683028615982614,2.536605723196523,fixed
267.7243799999924,132,0.8218420817435619,-0.01542808,-3.085616,12.679445384506213,2.5358890769012423,fixed
267.8078505999947,132,0.8218420817435619,-0.01542989,-3.085978,12.680932918674168,2.5361865837348336,fixed
267.89139969999087,132,0.8218420817435619,-0.01543172,-3.086344,12.682436889683759,2.536487377936752,fixed
267.9755293999915,132,0.8218420817435619,-0.01543031,-3.0860619999999996,12.6812780923485,2.5362556184696996,fixed
268.0590227999928,132,0.8218420817435619,-0.0154456,-3.0891200000000003,12.69384405777836,2.538768811555672,fixed
268.1430410999965,133,0.8218420817435619,-0.0154404,-3.08808,12.689570478953293,2.5379140957906587,fixed
268.22675329999765,133,0.8218420817435619,-0.01543908,-3.087816,12.688485647405393,2.5376971294810784,fixed
268.3104119999989,133,0.8218420817435619,-0.01542671,-3.085342,12.678319460854222,2.5356638921708448,fixed
268.3939792999954,133,0.8218420817435619,-0.01543541,-3.087082,12.685469486965394,2.5370938973930786,fixed
268.47744129999774,133,0.8218420817435619,-0.01543711,-3.087422,12.686866618504357,2.5373733237008715,fixed
268.56091919999744,133,0.8218420817435619,-0.01543331,-3.086662,12.68374361859373,2.536748723718746,fixed
268.64443619999656,133,0.8218420817435619,-0.01543431,-3.086862,12.684565460675474,2.536913092135095,fixed
268.72802959999535,133,0.8218420817435619,-0.01543702,-3.087404,12.686792652717,2.5373585305433997,fixed
268.8123359999954,133,0.8218420817435619,-0.01544203,-3.088406,12.690910081546535,2.538182016309307,fixed
268.89615679999406,133,0.8218420817435619,-0.0154343,-3.08686,12.684557242254657,2.5369114484509314,fixed
268.9800025000004,133,0.8218420817435619,-0.01544025,-3.08805,12.689447202641032,2.537889440528206,fixed
269.06365849999565,133,0.8218420817435619,-0.01544022,-3.088044,12.689422547378578,2.537884509475716,fixed
269.1475993999993,133,0.8218420817435619,-0.01543958,-3.087916,12.688896568446262,2.5377793136892524,fixed
269.2316253999961,133,0.8218420817435619,-0.01544133,-3.088266,12.690334792089313,2.538066958417863,fixed
269.3153818999999,133,0.8218420817435619,-0.01544087,-3.088174,12.689956744731713,2.5379913489463424,fixed
269.3988129999998,133,0.8218420817435619,-0.0154396,-3.0879199999999996,12.688913005287898,2.5377826010575792,fixed
269.4822684999963,133,0.8218420817435619,-0.01543546,-3.0870919999999997,12.68551057906948,2.5371021158138958,fixed
269.5658024000004,133,0.8218420817435619,-0.01543849,-3.087698,12.688000760577161,2.5376001521154326,fixed
269.6493518999996,133,0.8218420817435619,-0.01543665,-3.08733,12.686488571146754,2.537297714229351,fixed
269.73281609999685,133,0.8218420817435619,-0.01544059,-3.088118,12.689726628948826,2.537945325789765,fixed
269.8163473999957,133,0.8218420817435619,-0.01544125,-3.08825,12.690269044722776,2.538053808944555,fixed
269.8999038999973,133,0.8218420817435619,-0.01544133,-3.088266,12.690334792089313,2.538066958417863,fixed
269.9834724999964,133,0.8218420817435619,-0.01544166,-3.088332,12.69060599997629,2.538121199995258,fixed
270.06699110000045,133,0.8218420817435619,-0.01544216,-3.088432,12.69101692101716,2.5382033842034324,fixed
270.15077019999444,134,0.8218420817435619,-0.01544411,-3.088822,12.692619513076563,2.5385239026153124,fixed
270.2343982999955,134,0.8218420817435619,-0.01544566,-3.089132,12.693893368303264,2.538778673660653,fixed
270.3177840999924,134,0.8218420817435619,-0.01544992,-3.0899840000000003,12.697394415571493,2.5394788831142985,fixed
270.401406099998,134,0.8218420817435619,-0.01544735,-3.08947,12.695282281421411,2.539056456284282,fixed
270.4851647999967,134,0.8218420817435619,-0.01545577,-3.0911540000000004,12.702202191749691,2.540440438349939,fixed
270.5690436999939,134,0.8218420817435619,-0.01544984,-3.089968,12.697328668204952,2.5394657336409905,fixed
270.6530466999975,134,0.8218420817435619,-0.01545655,-3.09131,12.70284322857345,2.54056864571469,fixed
270.7369283999942,134,0.8218420817435619,-0.01545568,-3.0911359999999997,12.702128225962333,2.5404256451924665,fixed
270.8203637999977,134,0.8218420817435619,-0.01545314,-3.090628,12.700040747074707,2.540008149414941,fixed
270.9038801999923,134,0.8218420817435619,-0.01545641,-3.091282,12.702728170682008,2.5405456341364014,fixed
270.98748859999614,134,0.8218420817435619,-0.01545441,-3.0908819999999997,12.70108448651852,2.540216897303704,fixed
271.07111439999426,134,0.8218420817435619,-0.0154581,-3.09162,12.704117083800154,2.5408234167600305,fixed
271.15468969999347,134,0.8218420817435619,-0.01546156,-3.0923119999999997,12.706960657402986,2.541392131480597,fixed
271.23824759999843,134,0.8218420817435619,-0.0154649,-3.09298,12.70970560995601,2.541941121991202,fixed
271.32190479999554,134,0.8218420817435619,-0.01546383,-3.092766,12.708826238928545,2.541765247785709,fixed
271.4055339999977,134,0.8218420817435619,-0.01546352,-3.092704,12.708571467883205,2.5417142935766406,fixed
271.489110399998,134,0.8218420817435619,-0.01546342,-3.092684,12.70848928367503,2.541697856735006,fixed
271.5729895999975,134,0.8218420817435619,-0.01546764,-3.093528,12.711957457259986,2.5423914914519976,fixed
271.65682019999804,134,0.8218420817435619,-0.01547085,-3.0941699999999996,12.714595570342382,2.5429191140684764,fixed
271.74030249999487,134,0.8218420817435619,-0.01547117,-3.0942339999999997,12.714858559808542,2.5429717119617083,fixed
271.82400889999553,134,0.8218420817435619,-0.01546991,-3.093982,12.713823038785545,2.542764607757109,fixed
271.9075711999976,134,0.8218420817435619,-0.01547221,-3.094442,12.715713275573556,2.543142655114711,fixed
271.9909947999986,134,0.8218420817435619,-0.01546976,-3.0939520000000003,12.713699762473285,2.542739952494657,fixed
272.07478309999715,134,0.8218420817435619,-0.01546601,-3.0932020000000002,12.710617854666745,2.542123570933349,fixed
272.1589046999943,135,0.8218420817435619,-0.01546606,-3.0932120000000003,12.710658946770833,2.542131789354167,fixed
272.24250489999395,135,0.8218420817435619,-0.01546547,-3.093094,12.710174059942604,2.5420348119885205,fixed
272.3260494999922,135,0.8218420817435619,-0.01546984,-3.093968,12.713765509839824,2.5427531019679646,fixed
272.4099284999902,135,0.8218420817435619,-0.01546267,-3.0925339999999997,12.70787290211372,2.5415745804227443,fixed
272.493641999994,135,0.8218420817435619,-0.01546701,-3.093402,12.711439696748489,2.542287939349698,fixed
272.57729689998814,135,0.8218420817435619,-0.01546546,-3.093092,12.710165841521787,2.542033168304357,fixed
272.66090969998913,135,0.8218420817435619,-0.01545579,-3.091158,12.702218628591327,2.5404437257182653,fixed
272.7446504999898,135,0.8218420817435619,-0.01546544,-3.0930880000000003,12.710149404680152,2.5420298809360307,fixed
272.8280837999919,135,0.8218420817435619,-0.01546376,-3.092752,12.708768709982824,2.5417537419965646,fixed
272.9115560999926,135,0.8218420817435619,-0.01546056,-3.0921119999999997,12.706138815321243,2.5412277630642484,fixed
272.99522559998877,135,0.8218420817435619,-0.01545781,-3.091562,12.703878749596448,2.54077574991929,fixed
273.07883999999467,135,0.8218420817435619,-0.01546084,-3.092168,12.70636893110413,2.541273786220826,fixed
273.1625458999915,135,0.8218420817435619,-0.01546048,-3.092096,12.706073067954705,2.541214613590941,fixed
273.2460801999914,135,0.8218420817435619,-0.01546327,-3.092654,12.708366007362766,2.5416732014725536,fixed
273.3297773999948,135,0.8218420817435619,-0.01546569,-3.093138,12.710354865200589,2.5420709730401176,fixed
273.41327379998984,135,0.8218420817435619,-0.01546192,-3.092384,12.707256520552416,2.541451304110483,fixed
273.4970098999911,135,0.8218420817435619,-0.01546465,-3.09293,12.709500149435573,2.5419000298871146,fixed
273.5805429999891,135,0.8218420817435619,-0.01545928,-3.0918560000000004,12.705086857456612,2.5410173714913227,fixed
273.66408629999205,135,0.8218420817435619,-0.01546508,-3.093016,12.709853541530725,2.541970708306145,fixed
273.74762049999117,135,0.8218420817435619,-0.01546476,-3.092952,12.709590552064565,2.541918110412913,fixed
273.8316213999933,135,0.8218420817435619,-0.0154641,-3.09282,12.709048136290615,2.541809627258123,fixed
273.91528479999397,135,0.8218420817435619,-0.01546504,-3.093008,12.709820667847453,2.541964133569491,fixed
273.99897729999066,135,0.8218420817435619,-0.01544793,-3.0895859999999997,12.695758949828823,2.5391517899657643,fixed
274.0827026999905,135,0.8218420817435619,-0.01545191,-3.090382,12.69902988131416,2.539805976262832,fixed
274.1673685999922,136,0.8218420817435619,-0.01545432,-3.0908640000000003,12.701010520731163,2.540202104146233,fixed
274.25144549999095,136,0.8218420817435619,-0.01545522,-3.091044,12.701750178604733,2.5403500357209468,fixed
274.33546289999504,136,0.8218420817435619,-0.01546268,-3.092536,12.70788112053454,2.5415762241069078,fixed
274.4193386999905,136,0.8218420817435619,-0.01546331,-3.092662,12.708398881046037,2.5416797762092074,fixed
274.5028844999906,136,0.8218420817435619,-0.01544619,-3.089238,12.694328944606589,2.5388657889213175,fixed
274.5865627999956,136,0.8218420817435619,-0.01546396,-3.092792,12.708933078399172,2.5417866156798343,fixed
274.67013749999023,136,0.8218420817435619,-0.01546288,-3.092576,12.708045488950887,2.541609097790178,fixed
274.7537058999951,136,0.8218420817435619,-0.0154647,-3.0929399999999996,12.709541241539661,2.541908248307932,fixed
274.8374532999951,136,0.8218420817435619,-0.01546019,-3.092038,12.705834733750999,2.5411669467501996,fixed
274.9211742999905,136,0.8218420817435619,-0.01546146,-3.092292,12.706878473194813,2.5413756946389623,fixed
275.0046719999955,136,0.8218420817435619,-0.01545331,-3.090662,12.700180460228601,2.5400360920457206,fixed
275.0880935999958,136,0.8218420817435619,-0.01545866,-3.091732,12.704577315365931,2.540915463073186,fixed
275.1716554999948,136,0.8218420817435619,-0.01545741,-3.091482,12.70355001276375,2.5407100025527503,fixed
275.2553109999935,136,0.8218420817435619,-0.01546442,-3.0928839999999997,12.709311125756772,2.5418622251513545,fixed
275.3389426999929,136,0.8218420817435619,-0.01546149,-3.092298,12.706903128457265,2.541380625691453,fixed
275.42292699999234,136,0.8218420817435619,-0.01545692,-3.091384,12.703147310143697,2.5406294620287393,fixed
275.5080020999958,136,0.8218420817435619,-0.01545812,-3.0916240000000004,12.70413352064179,2.540826704128358,fixed
275.59165579999535,136,0.8218420817435619,-0.01545473,-3.0909459999999997,12.70134747598468,2.5402694951969353,fixed
275.67533219999314,136,0.8218420817435619,-0.01545797,-3.0915939999999997,12.704010244329528,2.5408020488659053,fixed
275.75886949999403,136,0.8218420817435619,-0.01546086,-3.092172,12.706385367945767,2.5412770735891534,fixed
275.84236459999374,136,0.8218420817435619,-0.01546164,-3.092328,12.707026404769527,2.541405280953905,fixed
275.9258977999925,136,0.8218420817435619,-0.0154634,-3.09268,12.708472846833395,2.5416945693666793,fixed
276.00937809999596,136,0.8218420817435619,-0.01545843,-3.091686,12.70438829168713,2.540877658337426,fixed
276.09290959999635,136,0.8218420817435619,-0.01546181,-3.092362,12.707166117923421,2.5414332235846846,fixed
276.17657399999734,137,0.8218420817435619,-0.01545705,-3.09141,12.703254149614324,2.540650829922865,fixed
276.2599998000005,137,0.8218420817435619,-0.01545377,-3.090754,12.700558507586205,2.5401117015172407,fixed
276.34349849999853,137,0.8218420817435619,-0.01545576,-3.091152,12.702193973328875,2.540438794665775,fixed
276.42709649999597,137,0.8218420817435619,-0.01545767,-3.0915340000000002,12.703763691705005,2.540752738341001,fixed
276.5105256999959,137,0.8218420817435619,-0.01545494,-3.0909880000000003,12.701520062821844,2.540304012564369,fixed
276.5940171999973,137,0.8218420817435619,-0.01545831,-3.091662,12.70428967063732,2.5408579341274637,fixed
276.6775179999968,137,0.8218420817435619,-0.01546017,-3.092034,12.705818296909364,2.5411636593818727,fixed
276.76117610000074,137,0.8218420817435619,-0.01545881,-3.091762,12.704700591678192,2.5409401183356386,fixed
276.8446860999975,137,0.8218420817435619,-0.01545491,-3.090982,12.701495407559392,2.540299081511878,fixed
276.92816659999517,137,0.8218420817435619,-0.01545632,-3.0912640000000002,12.702654204894651,2.5405308409789304,fixed
277.0129111999995,137,0.8218420817435619,-0.01545258,-3.090516,12.699580515508929,2.539916103101786,fixed
277.09651250000024,137,0.8218420817435619,-0.01544764,-3.089528,12.695520615625117,2.539104123125023,fixed
277.18049299999984,137,0.8218420817435619,-0.01544397,-3.088794,12.692504455185118,2.5385008910370237,fixed
277.2638960999975,137,0.8218420817435619,-0.01545199,-3.090398,12.699095628680702,2.53981912573614,fixed
277.34761140000046,137,0.8218420817435619,-0.01544573,-3.089146,12.693950897248985,2.5387901794497973,fixed
277.4312682999953,137,0.8218420817435619,-0.01545146,-3.0902920000000003,12.698660052377377,2.5397320104754755,fixed
277.5148474999951,137,0.8218420817435619,-0.01544839,-3.089678,12.696136997186423,2.539227399437285,fixed
277.59853799999837,137,0.8218420817435619,-0.01544869,-3.0897379999999997,12.696383549810948,2.539276709962189,fixed
277.6821032000007,137,0.8218420817435619,-0.01544902,-3.089804,12.696654757697923,2.5393309515395845,fixed
277.7657196,137,0.8218420817435619,-0.0154463,-3.08926,12.694419347235579,2.538883869447116,fixed
277.8492088999992,137,0.8218420817435619,-0.01544788,-3.089576,12.695717857724736,2.539143571544947,fixed
277.9327443000002,137,0.8218420817435619,-0.0154441,-3.08882,12.692611294655745,2.538522258931149,fixed
278.01623180000024,137,0.8218420817435619,-0.01544343,-3.088686,12.692060660460976,2.538412132092195,fixed
278.09993839999515,137,0.8218420817435619,-0.01543796,-3.087592,12.687565184273838,2.537513036854768,fixed
278.1836245999948,138,0.8218420817435619,-0.01543912,-3.0878240000000003,12.68851852108866,2.5377037042177326,fixed
278.2671728999994,138,0.8218420817435619,-0.01543737,-3.0874740000000003,12.68708029744561,2.5374160594891224,fixed
278.35083329999907,138,0.8218420817435619,-0.01543619,-3.087238,12.686110523789154,2.5372221047578307,fixed
278.434439699995,138,0.8218420817435619,-0.01543364,-3.086728,12.684014826480707,2.536802965296141,fixed
278.5179033999957,138,0.8218420817435619,-0.01542685,-3.08537,12.678434518745668,2.535686903749134,fixed
278.6015561999957,138,0.8218420817435619,-0.01542814,-3.085628,12.679494695031117,2.5358989390062234,fixed
278.6854175999979,138,0.8218420817435619,-0.01542904,-3.085808,12.680234352904687,2.5360468705809374,fixed
278.76917279999907,138,0.8218420817435619,-0.01542969,-3.0859379999999996,12.680768550257818,2.5361537100515634,fixed
278.85269819999667,138,0.8218420817435619,-0.01543482,-3.086964,12.684984600137163,2.5369969200274327,fixed
278.93633599999885,138,0.8218420817435619,-0.01543352,-3.086704,12.683916205430895,2.5367832410861797,fixed
279.020131199999,138,0.8218420817435619,-0.01543062,-3.0861240000000003,12.68153286339384,2.5363065726787686,fixed
279.10406299999886,138,0.8218420817435619,-0.01542601,-3.0852019999999998,12.677744171397004,2.5355488342794006,fixed
279.1911947999979,138,0.8218420817435619,-0.01542797,-3.0855939999999995,12.679354981877221,2.5358709963754436,fixed
279.27486849999696,138,0.8218420817435619,-0.01543273,-3.0865460000000002,12.68326695018632,2.536653390037264,fixed
279.3585494999934,138,0.8218420817435619,-0.01543325,-3.08665,12.683694308068826,2.5367388616137654,fixed
279.4422468999983,138,0.8218420817435619,-0.01543077,-3.086154,12.681656139706103,2.5363312279412207,fixed
279.52601709999726,138,0.8218420817435619,-0.0154311,-3.08622,12.681927347593076,2.5363854695186157,fixed
279.6098373999994,138,0.8218420817435619,-0.01543003,-3.0860060000000002,12.681047976565612,2.5362095953131227,fixed
279.6933179999978,138,0.8218420817435619,-0.01543147,-3.0862939999999996,12.682231429163322,2.5364462858326644,fixed
279.77719879999495,138,0.8218420817435619,-0.0154283,-3.08566,12.679626189764196,2.535925237952839,fixed
279.86141869999847,138,0.8218420817435619,-0.01542929,-3.085858,12.680439813425123,2.5360879626850243,fixed
279.94530680000025,138,0.8218420817435619,-0.01542902,-3.085804,12.68021791606305,2.53604358321261,fixed
280.0291661999945,138,0.8218420817435619,-0.0154192,-3.08384,12.67214742682033,2.5344294853640656,fixed
280.1129583000002,138,0.8218420817435619,-0.01542491,-3.084982,12.676840145107084,2.535368029021417,fixed
280.1968177999952,139,0.8218420817435619,-0.01542835,-3.08567,12.679667281868282,2.5359334563736566,fixed
280.280382799996,139,0.8218420817435619,-0.01542914,-3.085828,12.68031653711286,2.536063307422572,fixed
280.36384369999723,139,0.8218420817435619,-0.01542797,-3.0855939999999995,12.679354981877221,2.5358709963754436,fixed
280.44730609999533,139,0.8218420817435619,-0.01542382,-3.084764,12.675944337237985,2.5351888674475966,fixed
280.5308270999958,139,0.8218420817435619,-0.01542238,-3.0844759999999996,12.674760884640273,2.5349521769280545,fixed
280.6146396999975,139,0.8218420817435619,-0.01542822,-3.085644,12.679560442397657,2.535912088479531,fixed
280.6983192999978,139,0.8218420817435619,-0.0154265,-3.0852999999999997,12.678146874017056,2.535629374803411,fixed
280.7819678999949,139,0.8218420817435619,-0.01542424,-3.084848,12.676289510912317,2.5352579021824635,fixed
280.8657518999971,139,0.8218420817435619,-0.01542691,-3.085382,12.678483829270574,2.5356967658541145,fixed
280.9498195999986,139,0.8218420817435619,-0.01542651,-3.0853019999999995,12.678155092437873,2.5356310184875746,fixed
281.0335583999986,139,0.8218420817435619,-0.01542675,-3.08535,12.678352334537493,2.5356704669074985,fixed
281.117505299997,139,0.8218420817435619,-0.01542179,-3.084358,12.674275997812046,2.534855199562409,fixed
281.20258119999926,139,0.8218420817435619,-0.01542635,-3.08527,12.678023597704795,2.535604719540959,fixed
281.2862860999958,139,0.8218420817435619,-0.01542676,-3.085352,12.67836055295831,2.535672110591662,fixed
281.36992499999906,139,0.8218420817435619,-0.01542615,-3.08523,12.677859229288448,2.5355718458576897,fixed
281.453800700001,139,0.8218420817435619,-0.01541967,-3.083934,12.67253369259875,2.5345067385197497,fixed
281.5378253999952,139,0.8218420817435619,-0.01541946,-3.0838919999999996,12.672361105761581,2.534472221152316,fixed
281.62174129999767,139,0.8218420817435619,-0.0154161,-3.08322,12.669599716366925,2.5339199432733848,fixed
281.7058913000001,139,0.8218420817435619,-0.01540668,-3.0813360000000003,12.661857963956901,2.5323715927913804,fixed
281.78996509999706,139,0.8218420817435619,-0.01541377,-3.082754,12.667684824316462,2.533536964863292,fixed
281.87415340000007,139,0.8218420817435619,-0.01541226,-3.082452,12.66644384277303,2.533288768554606,fixed
281.9582702999978,139,0.8218420817435619,-0.01541076,-3.0821520000000002,12.665211079650414,2.5330422159300827,fixed
282.0420804999958,139,0.8218420817435619,-0.01540823,-3.081646,12.663131819183603,2.532626363836721,fixed
282.12598389999766,139,0.8218420817435619,-0.01540226,-3.080452,12.658225421955592,2.5316450843911187,fixed
282.2099862999967,140,0.8218420817435619,-0.01539609,-3.079218,12.653154656311234,2.5306309312622473,fixed
282.29390659999626,140,0.8218420817435619,-0.01539872,-3.079744,12.655316100986221,2.531063220197244,fixed
282.37746059999336,140,0.8218420817435619,-0.01540095,-3.08019,12.65714880882851,2.531429761765702,fixed
282.46124459999555,140,0.8218420817435619,-0.01539583,-3.079166,12.652940977369981,2.5305881954739964,fixed
282.54540719999204,140,0.8218420817435619,-0.01540022,-3.080044,12.656548864108837,2.5313097728217673,fixed
282.62938949999807,140,0.8218420817435619,-0.01540089,-3.080178,12.657099498303605,2.531419899660721,fixed
282.7135356999934,140,0.8218420817435619,-0.01540165,-3.08033,12.65772409828573,2.531544819657146,fixed
282.79778349999106,140,0.8218420817435619,-0.01540091,-3.0801819999999998,12.657115935145239,2.5314231870290476,fixed
282.8814749999947,140,0.8218420817435619,-0.0153991,-3.0798200000000002,12.655628400977285,2.531125680195457,fixed
282.9649464999966,140,0.8218420817435619,-0.01538993,-3.077986,12.648092109087695,2.5296184218175393,fixed
283.04833739999594,140,0.8218420817435619,-0.01539076,-3.078152,12.648774238015543,2.5297548476031086,fixed
283.13174539999454,140,0.8218420817435619,-0.01538933,-3.0778659999999998,12.647599003838648,2.5295198007677295,fixed
283.21517359999416,140,0.8218420817435619,-0.01538906,-3.0778119999999998,12.64737710647658,2.5294754212953157,fixed
283.29862319999665,140,0.8218420817435619,-0.015389,-3.0778,12.647327795951675,2.5294655591903346,fixed
283.3820538999935,140,0.8218420817435619,-0.01538879,-3.077758,12.647155209114507,2.529431041822902,fixed
283.46591899999476,140,0.8218420817435619,-0.01538767,-3.0775340000000004,12.646234745982955,2.529246949196591,fixed
283.54990089999774,140,0.8218420817435619,-0.01539205,-3.07841,12.649834414300992,2.529966882860198,fixed
283.633946199996,140,0.8218420817435619,-0.01539422,-3.078844,12.651617811618376,2.5303235623236753,fixed
283.71792539999296,140,0.8218420817435619,-0.0153919,-3.07838,12.649711137988731,2.529942227597746,fixed
283.8018297999952,140,0.8218420817435619,-0.01539631,-3.079262,12.653335461569219,2.530667092313844,fixed
283.8856162999946,140,0.8218420817435619,-0.0153949,-3.07898,12.652176664233961,2.530435332846792,fixed
283.97004839999136,140,0.8218420817435619,-0.01538989,-3.077978,12.648059235404425,2.529611847080885,fixed
284.0539035999973,140,0.8218420817435619,-0.0153845,-3.0769,12.643629506583828,2.528725901316766,fixed
284.13796829999774,140,0.8218420817435619,-0.01538511,-3.0770220000000004,12.644130830253692,2.5288261660507385,fixed
284.2224708999929,141,0.8218420817435619,-0.01538435,-3.07687,12.643506230271566,2.5287012460543132,fixed
284.3059196999893,141,0.8218420817435619,-0.01538376,-3.076752,12.643021343443337,2.5286042686886674,fixed
284.3896448999949,141,0.8218420817435619,-0.01538137,-3.076274,12.641057140867971,2.528211428173594,fixed
284.47335189999285,141,0.8218420817435619,-0.01538522,-3.077044,12.644221232882682,2.5288442465765364,fixed
284.55744769999,141,0.8218420817435619,-0.01538558,-3.0771159999999997,12.64451709603211,2.528903419206422,fixed
284.64152269998885,141,0.8218420817435619,-0.0153863,-3.07726,12.645108822330966,2.529021764466193,fixed
284.7256244999953,141,0.8218420817435619,-0.01538541,-3.077082,12.644377382878215,2.5288754765756427,fixed
284.80979339998885,141,0.8218420817435619,-0.01538604,-3.0772079999999997,12.644895143389713,2.5289790286779423,fixed
284.8937706999932,141,0.8218420817435619,-0.01538429,-3.076858,12.643456919746662,2.5286913839493326,fixed
284.9775365999958,141,0.8218420817435619,-0.01538614,-3.077228,12.644977327597886,2.528995465519577,fixed
285.0613075999936,141,0.8218420817435619,-0.01537756,-3.0755120000000002,12.637925922536528,2.5275851845073056,fixed
285.1450091999941,141,0.8218420817435619,-0.01538111,-3.076222,12.640843461926716,2.5281686923853433,fixed
285.22882219999155,141,0.8218420817435619,-0.01537535,-3.0750699999999997,12.636109651535874,2.527221930307175,fixed
285.3126431999917,141,0.8218420817435619,-0.0153765,-3.0753,12.637054769929879,2.5274109539859757,fixed
285.3968177999923,141,0.8218420817435619,-0.01537765,-3.0755299999999997,12.637999888323884,2.5275999776647766,fixed
285.48093569999037,141,0.8218420817435619,-0.01537333,-3.0746659999999997,12.634449530530752,2.5268899061061503,fixed
285.5649380999894,141,0.8218420817435619,-0.01537437,-3.0748740000000003,12.635304246295766,2.5270608492591533,fixed
285.6489425999898,141,0.8218420817435619,-0.01537448,-3.074896,12.635394648924757,2.527078929784951,fixed
285.7331179999892,141,0.8218420817435619,-0.01537032,-3.074064,12.631975785864704,2.526395157172941,fixed
285.819929099991,141,0.8218420817435619,-0.01537226,-3.074452,12.633570159503288,2.5267140319006574,fixed
285.9038848999917,141,0.8218420817435619,-0.01537275,-3.07455,12.63397286212334,2.526794572424668,fixed
285.98804809999274,141,0.8218420817435619,-0.01537376,-3.074752,12.634802922625902,2.5269605845251806,fixed
286.07214899999235,141,0.8218420817435619,-0.01537033,-3.0740659999999997,12.63198400428552,2.5263968008571043,fixed
286.1562904999955,141,0.8218420817435619,-0.015368,-3.0736,12.63006911223506,2.5260138224470117,fixed
286.24073849999695,142,0.8218420817435619,-0.01536364,-3.072728,12.626485880758656,2.5252971761517315,fixed
286.32486939999944,142,0.8218420817435619,-0.0153543,-3.07086,12.618809875715172,2.5237619751430347,fixed
286.4087369999979,142,0.8218420817435619,-0.0153607,-3.07214,12.62406966503833,2.524813933007666,fixed
286.4925221000012,142,0.8218420817435619,-0.01536495,-3.07299,12.627562493885742,2.525512498777148,fixed
286.5765994999965,142,0.8218420817435619,-0.01536566,-3.073132,12.628146001763778,2.525629200352756,fixed
286.6606957999975,142,0.8218420817435619,-0.01537515,-3.0750300000000004,12.635945283119526,2.5271890566239055,fixed
286.74470079999446,142,0.8218420817435619,-0.01537659,-3.075318,12.637128735717237,2.5274257471434476,fixed
286.82873729999847,142,0.8218420817435619,-0.01537486,-3.074972,12.635706948915821,2.527141389783164,fixed
286.91216899999563,142,0.8218420817435619,-0.0153795,-3.0759,12.63952029617511,2.5279040592350217,fixed
286.99567039999965,142,0.8218420817435619,-0.01537847,-3.075694,12.638673798830915,2.5277347597661826,fixed
287.0791781000007,142,0.8218420817435619,-0.01537402,-3.074804,12.635016601567155,2.527003320313431,fixed
287.16287829999783,142,0.8218420817435619,-0.01537712,-3.075424,12.63756431202056,2.527512862404112,fixed
287.24675469999784,142,0.8218420817435619,-0.01537716,-3.075432,12.63759718570383,2.527519437140766,fixed
287.3309055999998,142,0.8218420817435619,-0.01538046,-3.076092,12.640309264573585,2.5280618529147167,fixed
287.4148305999988,142,0.8218420817435619,-0.01537726,-3.075452,12.637679369912004,2.5275358739824005,fixed
287.4984936999972,142,0.8218420817435619,-0.01537891,-3.0757820000000002,12.639035409346883,2.5278070818693763,fixed
287.5826459999953,142,0.8218420817435619,-0.01537565,-3.07513,12.636356204160396,2.5272712408320794,fixed
287.6666942000011,142,0.8218420817435619,-0.0153831,-3.07662,12.642478927669385,2.5284957855338774,fixed
287.75050519999786,142,0.8218420817435619,-0.01537932,-3.075864,12.639372364600396,2.5278744729200793,fixed
287.8340143999958,142,0.8218420817435619,-0.01537244,-3.0744879999999997,12.633718091078,2.5267436182156,fixed
287.91760899999645,142,0.8218420817435619,-0.01537526,-3.0750520000000003,12.636035685748517,2.527207137149704,fixed
288.0012717999998,142,0.8218420817435619,-0.01537247,-3.074494,12.633742746340452,2.5267485492680906,fixed
288.0851282000003,142,0.8218420817435619,-0.01537665,-3.07533,12.637178046242141,2.5274356092484282,fixed
288.169038,142,0.8218420817435619,-0.01537609,-3.075218,12.636717814676365,2.5273435629352727,fixed
288.2529493999973,143,0.8218420817435619,-0.01537566,-3.075132,12.636364422581213,2.527272884516243,fixed
288.3367098999952,143,0.8218420817435619,-0.01537704,-3.075408,12.63749856465402,2.527499712930804,fixed
288.4206772999969,143,0.8218420817435619,-0.01537329,-3.074658,12.634416656847481,2.5268833313694965,fixed
288.504374199998,143,0.8218420817435619,-0.01536921,-3.073842,12.631063541153969,2.5262127082307937,fixed
288.58804309999687,143,0.8218420817435619,-0.0153737,-3.0747400000000003,12.634753612100997,2.5269507224201995,fixed
288.67198479999934,143,0.8218420817435619,-0.01537272,-3.074544,12.633948206860888,2.5267896413721775,fixed
288.75594799999817,143,0.8218420817435619,-0.0153729,-3.07458,12.634096138435602,2.5268192276871204,fixed
288.8401023999977,143,0.8218420817435619,-0.01537015,-3.07403,12.631836072710808,2.5263672145421614,fixed
288.9242726999946,143,0.8218420817435619,-0.01537043,-3.074086,12.632066188493695,2.526413237698739,fixed
289.00826449999295,143,0.8218420817435619,-0.01537131,-3.074262,12.632789409525628,2.526557881905126,fixed
289.0920802999972,143,0.8218420817435619,-0.01536774,-3.0735479999999997,12.629855433293805,2.525971086658761,fixed
289.17575119999674,143,0.8218420817435619,-0.01536806,-3.073612,12.630118422759963,2.5260236845519923,fixed
289.2593793999986,143,0.8218420817435619,-0.01537035,-3.07407,12.632000441127156,2.526400088225431,fixed
289.34319769999274,143,0.8218420817435619,-0.01536714,-3.073428,12.62936232804476,2.525872465608952,fixed
289.42735519999405,143,0.8218420817435619,-0.01537079,-3.074158,12.632362051643124,2.526472410328625,fixed
289.51157849999436,143,0.8218420817435619,-0.01537242,-3.074484,12.633701654236365,2.526740330847273,fixed
289.59574079999584,143,0.8218420817435619,-0.0153708,-3.07416,12.632370270063943,2.5264740540127884,fixed
289.6798900999929,143,0.8218420817435619,-0.01536648,-3.073296,12.628819912270808,2.5257639824541616,fixed
289.7639405999944,143,0.8218420817435619,-0.01537252,-3.074504,12.63378383844454,2.5267567676889082,fixed
289.84811039999477,143,0.8218420817435619,-0.01537175,-3.07435,12.633151020041597,2.5266302040083195,fixed
289.9326069999952,143,0.8218420817435619,-0.01536893,-3.0737859999999997,12.63083342537108,2.526166685074216,fixed
290.01662249999936,143,0.8218420817435619,-0.01536421,-3.072842,12.62695433074525,2.52539086614905,fixed
290.1005456999992,143,0.8218420817435619,-0.01535994,-3.071988,12.623445065056206,2.5246890130112414,fixed
290.18464759999915,143,0.8218420817435619,-0.01536164,-3.0723279999999997,12.62484219659517,2.524968439319034,fixed
290.2694641999915,144,0.8218420817435619,-0.01536062,-3.072124,12.624003917671791,2.524800783534358,fixed
290.353603699994,144,0.8218420817435619,-0.01535841,-3.071682,12.622187646671138,2.524437529334228,fixed
290.43747629999416,144,0.8218420817435619,-0.01535579,-3.0711579999999996,12.62003442041697,2.5240068840833936,fixed
290.5210417999915,144,0.8218420817435619,-0.01535459,-3.070918,12.619048209918878,2.5238096419837754,fixed
290.60491109999566,144,0.8218420817435619,-0.0153474,-3.06948,12.613139165351141,2.5226278330702283,fixed
290.68905869999435,144,0.8218420817435619,-0.01535716,-3.071432,12.621160344068958,2.524232068813792,fixed
290.77311889998964,144,0.8218420817435619,-0.01535722,-3.071444,12.621209654593864,2.5242419309187727,fixed
290.85730439999315,144,0.8218420817435619,-0.015355,-3.071,12.619385165172394,2.523877033034479,fixed
290.9415636999911,144,0.8218420817435619,-0.01535345,-3.07069,12.61811130994569,2.523622261989138,fixed
291.0255413999912,144,0.8218420817435619,-0.01534464,-3.068928,12.610870881205528,2.522174176241106,fixed
291.10963989999436,144,0.8218420817435619,-0.01534221,-3.068442,12.608873804946894,2.521774760989379,fixed
291.19376689999626,144,0.8218420817435619,-0.01534004,-3.068008,12.607090407629508,2.5214180815259017,fixed
291.2775243999931,144,0.8218420817435619,-0.0153418,-3.0683599999999998,12.608536849693376,2.5217073699386754,fixed
291.3613070999927,144,0.8218420817435619,-0.01534826,-3.0696520000000005,12.613845949541442,2.5227691899082885,fixed
291.4451243999938,144,0.8218420817435619,-0.01534895,-3.0697900000000002,12.614413020577844,2.522882604115569,fixed
291.5289600999895,144,0.8218420817435619,-0.01535283,-3.070566,12.61760176785501,2.523520353571002,fixed
291.6127507999918,144,0.8218420817435619,-0.01534909,-3.0698179999999997,12.614528078469288,2.5229056156938574,fixed
291.69655309999507,144,0.8218420817435619,-0.01534715,-3.06943,12.612933704830706,2.5225867409661413,fixed
291.7807213999913,144,0.8218420817435619,-0.01534637,-3.069274,12.612292668006946,2.522458533601389,fixed
291.86487239999406,144,0.8218420817435619,-0.01534649,-3.0692980000000003,12.612391289056754,2.5224782578113514,fixed
291.9488368999955,144,0.8218420817435619,-0.01534113,-3.068226,12.607986215498608,2.521597243099722,fixed
292.0327876999945,144,0.8218420817435619,-0.01534454,-3.068908,12.610788696997355,2.522157739399471,fixed
292.11687849999,144,0.8218420817435619,-0.01534525,-3.06905,12.611372204875392,2.5222744409750786,fixed
292.2011313999901,144,0.8218420817435619,-0.0153446,-3.06892,12.61083800752226,2.5221676015044516,fixed
292.28574079999817,145,0.8218420817435619,-0.01534558,-3.069116,12.611643412762367,2.522328682552474,fixed
292.36971970000013,145,0.8218420817435619,-0.01533391,-3.066782,12.60205251566842,2.520410503133684,fixed
292.4535795999982,145,0.8218420817435619,-0.01533176,-3.0663519999999997,12.600285555192672,2.5200571110385344,fixed
292.5373036000019,145,0.8218420817435619,-0.01533532,-3.067064,12.603211313003678,2.520642262600736,fixed
292.62118080000073,145,0.8218420817435619,-0.01533524,-3.067048,12.603145565637139,2.5206291131274283,fixed
292.7052268000043,145,0.8218420817435619,-0.01533385,-3.06677,12.602003205143516,2.5204006410287034,fixed
292.79065390000324,145,0.8218420817435619,-0.01533309,-3.066618,12.601378605161392,2.520275721032278,fixed
292.87614649999887,145,0.8218420817435619,-0.01533397,-3.0667940000000002,12.602101826193326,2.520420365238665,fixed
292.960133200002,145,0.8218420817435619,-0.01533315,-3.06663,12.601427915686296,2.5202855831372593,fixed
293.04389359999914,145,0.8218420817435619,-0.01533504,-3.067008,12.60298119722079,2.520596239444158,fixed
293.1275786000042,145,0.8218420817435619,-0.0153331,-3.06662,12.601386823582208,2.5202773647164416,fixed
293.21178460000374,145,0.8218420817435619,-0.01532972,-3.065944,12.598608997345915,2.519721799469183,fixed
293.2957639000015,145,0.8218420817435619,-0.01533112,-3.066224,12.599759576260356,2.5199519152520713,fixed
293.3795164000039,145,0.8218420817435619,-0.01532699,-3.065398,12.596365368462756,2.5192730736925513,fixed
293.4633673999997,145,0.8218420817435619,-0.01533126,-3.0662519999999995,12.5998746341518,2.5199749268303595,fixed
293.5473867000037,145,0.8218420817435619,-0.01532871,-3.065742,12.597778936843355,2.519555787368671,fixed
293.6315190000023,145,0.8218420817435619,-0.01533377,-3.066754,12.601937457776977,2.5203874915553954,fixed
293.71529510000255,145,0.8218420817435619,-0.01532976,-3.0659520000000002,12.598641871029185,2.519728374205837,fixed
293.7990176000021,145,0.8218420817435619,-0.01532706,-3.065412,12.596422897408477,2.5192845794816954,fixed
293.8827683999989,145,0.8218420817435619,-0.01533396,-3.0667920000000004,12.60209360777251,2.5204187215545018,fixed
293.96692020000046,145,0.8218420817435619,-0.01533214,-3.0664279999999997,12.600597855183734,2.5201195710367466,fixed
294.0508101000014,145,0.8218420817435619,-0.01533086,-3.066172,12.599545897319103,2.5199091794638204,fixed
294.1348350000044,145,0.8218420817435619,-0.01533381,-3.0667619999999998,12.601970331460247,2.520394066292049,fixed
294.2189212000012,145,0.8218420817435619,-0.01533294,-3.066588,12.60125532884913,2.520251065769826,fixed
294.30367690000276,146,0.8218420817435619,-0.01533138,-3.0662760000000002,12.59997325520161,2.519994651040322,fixed
294.3876053999993,146,0.8218420817435619,-0.01533069,-3.0661379999999996,12.599406184165206,2.519881236833041,fixed
294.4713625000004,146,0.8218420817435619,-0.01533226,-3.066452,12.600696476233544,2.5201392952467088,fixed
294.5552530999994,146,0.8218420817435619,-0.01533595,-3.0671899999999996,12.603729073515177,2.520745814703035,fixed
294.6392746999991,146,0.8218420817435619,-0.01533284,-3.066568,12.601173144640956,2.520234628928191,fixed
294.72305459999916,146,0.8218420817435619,-0.01533582,-3.067164,12.60362223404455,2.5207244468089103,fixed
294.8067691999968,146,0.8218420817435619,-0.01533679,-3.0673579999999996,12.604419420863842,2.5208838841727683,fixed
294.89046979999694,146,0.8218420817435619,-0.01533399,-3.066798,12.60211826303496,2.520423652606992,fixed
294.97412610000174,146,0.8218420817435619,-0.01533687,-3.067374,12.604485168230383,2.5208970336460763,fixed
295.0581311999995,146,0.8218420817435619,-0.01533673,-3.0673459999999997,12.604370110338937,2.520874022067787,fixed
295.1422192999962,146,0.8218420817435619,-0.01533338,-3.066676,12.601616939365098,2.5203233878730193,fixed
295.22608639999817,146,0.8218420817435619,-0.01533584,-3.0671679999999997,12.603638670886186,2.5207277341772367,fixed
295.310118100002,146,0.8218420817435619,-0.01533822,-3.067644,12.605594655040735,2.521118931008147,fixed
295.39380430000165,146,0.8218420817435619,-0.01533512,-3.067024,12.603046944587332,2.520609388917466,fixed
295.47794859999703,146,0.8218420817435619,-0.01533701,-3.067402,12.604600226121827,2.520920045224365,fixed
295.5621616999997,146,0.8218420817435619,-0.01533757,-3.067514,12.605060457687603,2.5210120915375205,fixed
295.64609159999964,146,0.8218420817435619,-0.01533952,-3.067904,12.606663049747002,2.5213326099494004,fixed
295.72998099999677,146,0.8218420817435619,-0.01533976,-3.0679519999999996,12.60686029184662,2.521372058369324,fixed
295.8138534999962,146,0.8218420817435619,-0.01534125,-3.06825,12.60808483654842,2.5216169673096838,fixed
295.89767559999746,146,0.8218420817435619,-0.01534437,-3.068874,12.610648983843458,2.522129796768692,fixed
295.98138550000294,146,0.8218420817435619,-0.01534713,-3.069426,12.612917267989072,2.522583453597814,fixed
296.0651300000027,146,0.8218420817435619,-0.01534458,-3.068916,12.610821570680626,2.522164314136125,fixed
296.14908119999745,146,0.8218420817435619,-0.01534349,-3.068698,12.609925762811523,2.521985152562305,fixed
296.2332725000015,146,0.8218420817435619,-0.01534654,-3.0693080000000004,12.612432381160842,2.5224864762321686,fixed
296.3180750999891,147,0.8218420817435619,-0.01534875,-3.06975,12.614248652161494,2.522849730432299,fixed
296.4018206999899,147,0.8218420817435619,-0.01535062,-3.0701240000000003,12.615785496854357,2.5231570993708714,fixed
296.4852708999897,147,0.8218420817435619,-0.01534982,-3.0699639999999997,12.61512802318896,2.523025604637792,fixed
296.5691797999898,147,0.8218420817435619,-0.01535193,-3.070386,12.61686210998144,2.523372421996288,fixed
296.65317919999507,147,0.8218420817435619,-0.01535168,-3.070336,12.616656649461005,2.523331329892201,fixed
296.73770469999,147,0.8218420817435619,-0.01535128,-3.070256,12.616327912628307,2.5232655825256614,fixed
296.8216077999896,147,0.8218420817435619,-0.01535249,-3.0704979999999997,12.617322341547217,2.523464468309443,fixed
296.90546179999365,147,0.8218420817435619,-0.01535051,-3.070102,12.615695094225364,2.5231390188450726,fixed
296.98950469999545,147,0.8218420817435619,-0.01535596,-3.071192,12.620174133570865,2.5240348267141735,fixed
297.07346519999555,147,0.8218420817435619,-0.01535802,-3.071604,12.621867128259257,2.5243734256518513,fixed
297.15749209999194,147,0.8218420817435619,-0.01535859,-3.0717179999999997,12.622335578245853,2.5244671156491703,fixed
297.24266279999574,147,0.8218420817435619,-0.0153599,-3.07198,12.623412191372935,2.524682438274587,fixed
297.3264227999898,147,0.8218420817435619,-0.01536343,-3.072686,12.626313293921491,2.5252626587842983,fixed
297.41022839998914,147,0.8218420817435619,-0.01535464,-3.070928,12.619089302022964,2.523817860404593,fixed
297.49557969999296,147,0.8218420817435619,-0.01535992,-3.071984,12.62342862821457,2.524685725642914,fixed
297.5792586999887,147,0.8218420817435619,-0.01536241,-3.072482,12.625475014998113,2.5250950029996226,fixed
297.66296589999547,147,0.8218420817435619,-0.01536079,-3.072158,12.624143630825687,2.5248287261651376,fixed
297.74676379999437,147,0.8218420817435619,-0.01536261,-3.072522,12.62563938341446,2.5251278766828924,fixed
297.83091229999263,147,0.8218420817435619,-0.01536359,-3.072718,12.626444788654569,2.525288957730914,fixed
297.91516079999565,147,0.8218420817435619,-0.01535959,-3.0719179999999997,12.623157420327596,2.524631484065519,fixed
297.99914459999127,147,0.8218420817435619,-0.01536294,-3.072588,12.625910591301437,2.5251821182602874,fixed
298.0829284999927,147,0.8218420817435619,-0.01536109,-3.0722180000000003,12.624390183450211,2.5248780366900423,fixed
298.16701129999274,147,0.8218420817435619,-0.01536426,-3.072852,12.626995422849337,2.5253990845698677,fixed
298.2511636999916,147,0.8218420817435619,-0.01535385,-3.0707700000000004,12.618440046778389,2.523688009355678,fixed
298.33727829999407,148,0.8218420817435619,-0.01535983,-3.071966,12.623354662427214,2.524670932485443,fixed
298.43068419999327,148,0.8218420817435619,-0.01535969,-3.0719380000000003,12.62323960453577,2.5246479209071544,fixed
298.51446429999487,148,0.8218420817435619,-0.0153598,-3.07196,12.623330007164762,2.5246660014329523,fixed
298.5982326999947,148,0.8218420817435619,-0.01535995,-3.0719900000000004,12.623453283477025,2.524690656695405,fixed
298.6824735999908,148,0.8218420817435619,-0.01536314,-3.0726280000000004,12.626074959717785,2.525214991943557,fixed
298.7663360999941,148,0.8218420817435619,-0.01535593,-3.071186,12.620149478308415,2.5240298956616827,fixed
298.85017039999366,148,0.8218420817435619,-0.01535968,-3.071936,12.623231386114952,2.5246462772229905,fixed
298.93439729999227,148,0.8218420817435619,-0.01536155,-3.07231,12.624768230807813,2.5249536461615625,fixed
299.0178631999952,148,0.8218420817435619,-0.01535482,-3.070964,12.61923723359768,2.523847446719536,fixed
299.10172499999317,148,0.8218420817435619,-0.01535949,-3.071898,12.623075236119423,2.524615047223884,fixed
299.18563139999605,148,0.8218420817435619,-0.01535341,-3.070682,12.61807843626242,2.523615687252484,fixed
299.2697357999932,148,0.8218420817435619,-0.0153566,-3.07132,12.620700112503183,2.5241400225006365,fixed
299.3538334999903,148,0.8218420817435619,-0.0153629,-3.07258,12.625877717618167,2.525175543523633,fixed
299.43782379999175,148,0.8218420817435619,-0.01535726,-3.071452,12.621242528277133,2.5242485056554265,fixed
299.52171159999125,148,0.8218420817435619,-0.01535173,-3.070346,12.61669774156509,2.523339548313018,fixed
299.60586829999374,148,0.8218420817435619,-0.01535149,-3.070298,12.616500499465474,2.5233000998930946,fixed
299.689990999992,148,0.8218420817435619,-0.01535183,-3.070366,12.616779925773265,2.523355985154653,fixed
299.7737209999905,148,0.8218420817435619,-0.01534947,-3.069894,12.614840378460352,2.52296807569207,fixed
299.85761689999345,148,0.8218420817435619,-0.01534147,-3.068294,12.608265641806401,2.5216531283612804,fixed
299.94176219999645,148,0.8218420817435619,-0.01534575,-3.06915,12.611783125916265,2.522356625183253,fixed
300.02586199999496,148,0.8218420817435619,-0.01534407,-3.068814,12.610402431218935,2.5220804862437873,fixed
300.10980749999,148,0.8218420817435619,-0.01534265,-3.06853,12.609235415462859,2.521847083092572,fixed
300.19369809999625,148,0.8218420817435619,-0.01534238,-3.0684759999999995,12.609013518100788,2.5218027036201573,fixed
300.2778604999912,148,0.8218420817435619,-0.01534616,-3.069232,12.61212008116978,2.522424016233956,fixed
